hospital_id,date,total_beds,occupied_beds,staffed_beds,closed_beds,occupancy_rate
HHN-BIR-01,2024-01-01,42,1.0833333333333333,15.630208333333334,0.0,0.07089359234938503
HHN-BIR-01,2024-01-02,42,3.921875,15.578125,0.0,0.26930978766916264
HHN-BIR-01,2024-01-03,42,6.864583333333333,15.671875,0.0,0.44316829004329
HHN-BIR-01,2024-01-04,42,8.807291666666666,15.578125,0.0,0.5769527208405885
HHN-BIR-01,2024-01-05,42,10.3125,15.661458333333334,0.0,0.6848491479925304
HHN-BIR-01,2024-01-06,42,10.911458333333334,15.526041666666666,0.0,0.6999473270643212
HHN-BIR-01,2024-01-07,42,11.520833333333334,15.546875,0.0,0.7600867850795289
HHN-BIR-01,2024-01-08,42,12.088541666666666,15.59375,0.0,0.7871638481219073
HHN-BIR-01,2024-01-09,42,13.026041666666666,15.645833333333334,0.0,0.8110099493371553
HHN-BIR-01,2024-01-10,42,12.916666666666666,15.536458333333334,0.0,0.8203985292660531
HHN-BIR-01,2024-01-11,42,12.630208333333334,15.619791666666666,0.0,0.7901396703993772
HHN-BIR-01,2024-01-12,42,12.020833333333334,15.614583333333334,0.0,0.789325912278914
HHN-BIR-01,2024-01-13,42,11.359375,15.567708333333334,0.0,0.7711092229359693
HHN-BIR-01,2024-01-14,42,10.942708333333334,15.541666666666666,0.0,0.7592139211164947
HHN-BIR-01,2024-01-15,42,12.197916666666666,15.661458333333334,0.0,0.8138952295661855
HHN-BIR-01,2024-01-16,42,12.744791666666666,15.635416666666666,0.0,0.8076524188172796
HHN-BIR-01,2024-01-17,42,13.276041666666666,15.598958333333334,0.0,0.8480463281522685
HHN-BIR-01,2024-01-18,42,13.1875,15.645833333333334,0.0,0.8453621031746031
HHN-BIR-01,2024-01-19,42,13.755208333333334,15.604166666666666,0.0,0.8645114035739035
HHN-BIR-01,2024-01-20,42,13.197916666666666,15.59375,0.0,0.8393119464637052
HHN-BIR-01,2024-01-21,42,12.510416666666666,15.546875,0.0,0.8150365831075245
HHN-BIR-01,2024-01-22,42,13.020833333333334,15.65625,0.0,0.8205923127798128
HHN-BIR-01,2024-01-23,42,13.572916666666666,15.598958333333334,0.0,0.8698938894251395
HHN-BIR-01,2024-01-24,42,14.067708333333334,15.645833333333334,0.0,0.8601425085800085
HHN-BIR-01,2024-01-25,42,13.765625,15.59375,0.0,0.856961935597981
HHN-BIR-01,2024-01-26,42,13.328125,15.59375,0.0,0.8613720415692595
HHN-BIR-01,2024-01-27,42,12.3125,15.588541666666666,0.0,0.7857553003009418
HHN-BIR-01,2024-01-28,42,11.385416666666666,15.578125,0.0,0.7410499372011321
HHN-BIR-01,2024-01-29,42,11.395833333333334,15.520833333333334,0.125,0.7702518651815863
HHN-BIR-01,2024-01-30,42,12.635416666666666,15.635416666666666,0.25,0.8178273344851325
HHN-BIR-01,2024-01-31,42,13.276041666666666,15.625,0.21875,0.8385422600060758
HHN-BIR-01,2024-02-01,42,13.161458333333334,15.65625,0.0,0.8326719576719577
HHN-BIR-01,2024-02-02,42,12.046875,15.598958333333334,0.0,0.7919989326239326
HHN-BIR-01,2024-02-03,42,11.90625,15.526041666666666,0.0,0.7931602294216623
HHN-BIR-01,2024-02-04,42,12.322916666666666,15.520833333333334,0.0,0.8335034048639232
HHN-BIR-01,2024-02-05,42,12.453125,15.625,0.0,0.8356384294486765
HHN-BIR-01,2024-02-06,42,12.677083333333334,15.59375,0.0,0.8287167843421471
HHN-BIR-01,2024-02-07,42,13.0625,15.609375,0.0,0.8535014826030451
HHN-BIR-01,2024-02-08,42,13.135416666666666,15.625,0.005208333333333333,0.8445594336219336
HHN-BIR-01,2024-02-09,42,12.786458333333334,15.552083333333334,0.125,0.8153893627502621
HHN-BIR-01,2024-02-10,42,12.583333333333334,15.546875,0.125,0.7950054762554762
HHN-BIR-01,2024-02-11,42,12.9375,15.578125,0.125,0.8173290138610261
HHN-BIR-01,2024-02-12,42,13.71875,15.677083333333334,0.125,0.8337333962333963
HHN-BIR-01,2024-02-13,42,14.53125,15.619791666666666,0.125,0.8552943521111845
HHN-BIR-01,2024-02-14,42,14.307291666666666,15.583333333333334,0.125,0.8518425451061443
HHN-BIR-01,2024-02-15,42,13.192708333333334,15.604166666666666,0.10416666666666667,0.8346304130291867
HHN-BIR-01,2024-02-16,42,12.322916666666666,15.557291666666666,0.0,0.7954019128766371
HHN-BIR-01,2024-02-17,42,11.75,15.567708333333334,0.0,0.7750315675582945
HHN-BIR-01,2024-02-18,42,12.130208333333334,15.630208333333334,0.0,0.7653877118297738
HHN-BIR-01,2024-02-19,42,12.421875,15.614583333333334,0.0,0.8074288220058037
HHN-BIR-01,2024-02-20,42,11.703125,15.65625,0.0,0.745623904680237
HHN-BIR-01,2024-02-21,42,12.020833333333334,15.5625,0.0,0.7722944523532423
HHN-BIR-01,2024-02-22,42,12.145833333333334,15.625,0.0,0.781928960901903
HHN-BIR-01,2024-02-23,42,12.046875,15.583333333333334,0.0,0.7799541926380161
HHN-BIR-01,2024-02-24,42,11.145833333333334,15.541666666666666,0.0,0.7299003224784474
HHN-BIR-01,2024-02-25,42,9.921875,15.567708333333334,0.0,0.6499411586739857
HHN-BIR-01,2024-02-26,42,10.5,15.65625,0.0,0.6975032558672264
HHN-BIR-01,2024-02-27,42,10.619791666666666,15.546875,0.0,0.693658421002171
HHN-BIR-01,2024-02-28,42,11.354166666666666,15.65625,0.0,0.74238354195845
HHN-BIR-01,2024-02-29,42,12.619791666666666,15.583333333333334,0.0,0.7714565404012482
HHN-BIR-01,2024-03-01,42,13.640625,15.645833333333334,0.0,0.8157448743386243
HHN-BIR-01,2024-03-02,42,12.96875,15.640625,0.0,0.7656779381697145
HHN-BIR-01,2024-03-03,42,12.802083333333334,15.578125,0.0,0.7800939803920889
HHN-BIR-01,2024-03-04,42,11.927083333333334,15.625,0.0,0.7705414755621557
HHN-BIR-01,2024-03-05,42,11.572916666666666,15.697916666666666,0.0,0.7400389685545936
HHN-BIR-01,2024-03-06,42,12.104166666666666,15.640625,0.0,0.7687045907929405
HHN-BIR-01,2024-03-07,42,12.677083333333334,15.682291666666666,0.0,0.8113092419733045
HHN-BIR-01,2024-03-08,42,12.010416666666666,15.640625,0.0,0.7317570596158518
HHN-BIR-01,2024-03-09,42,11.041666666666666,15.640625,0.0,0.717697148303766
HHN-BIR-01,2024-03-10,42,10.104166666666666,15.59375,0.0,0.6621357280641017
HHN-BIR-01,2024-03-11,42,11.369791666666666,15.703125,0.0,0.7334634328877749
HHN-BIR-01,2024-03-12,42,12.109375,15.645833333333334,0.0,0.7733444940476191
HHN-BIR-01,2024-03-13,42,12.609375,15.666666666666666,0.0,0.7927827380952381
HHN-BIR-01,2024-03-14,42,12.53125,15.630208333333334,0.0,0.808212144149644
HHN-BIR-01,2024-03-15,42,12.385416666666666,15.65625,0.0,0.7879695586285419
HHN-BIR-01,2024-03-16,42,12.25,15.619791666666666,0.0,0.8042872255905792
HHN-BIR-01,2024-03-17,42,11.276041666666666,15.614583333333334,0.0,0.7314979797401673
HHN-BIR-01,2024-03-18,42,11.307291666666666,15.703125,0.0,0.7171403394059643
HHN-BIR-01,2024-03-19,42,10.911458333333334,15.682291666666666,0.0,0.7154991230443533
HHN-BIR-01,2024-03-20,42,10.770833333333334,15.651041666666666,0.0,0.7239325262762762
HHN-BIR-01,2024-03-21,42,11.838541666666666,15.682291666666666,0.0,0.7549269668410293
HHN-BIR-01,2024-03-22,42,12.989583333333334,15.682291666666666,0.0,0.7703508297258298
HHN-BIR-01,2024-03-23,42,12.6875,15.609375,0.0,0.7746098085941836
HHN-BIR-01,2024-03-24,42,12.630208333333334,15.640625,0.0,0.8046803303615423
HHN-BIR-01,2024-03-25,42,12.484375,15.682291666666666,0.0,0.8026937626547003
HHN-BIR-01,2024-03-26,42,12.0625,15.65625,0.0,0.8008408064431913
HHN-BIR-01,2024-03-27,42,12.848958333333334,15.604166666666666,0.0,0.8029658377774186
HHN-BIR-01,2024-03-28,42,13.567708333333334,15.697916666666666,0.0,0.8284650823713324
HHN-BIR-01,2024-03-29,42,12.734375,15.713541666666666,0.0,0.8050001589389143
HHN-BIR-01,2024-03-30,42,10.1875,15.609375,0.0,0.6876849290682011
HHN-BIR-01,2024-03-31,42,10.401041666666666,15.661458333333334,0.0,0.7151019273921024
HHN-BIR-01,2024-04-01,42,10.833333333333334,15.6875,0.0,0.7282398952320827
HHN-BIR-01,2024-04-02,42,11.359375,15.703125,0.0,0.7780441130050505
HHN-BIR-01,2024-04-03,42,12.385416666666666,15.671875,0.0,0.7957727993343803
HHN-BIR-01,2024-04-04,42,12.973958333333334,15.71875,0.0,0.8146661931818181
HHN-BIR-01,2024-04-05,42,13.03125,15.666666666666666,0.0,0.8125249027592778
HHN-BIR-01,2024-04-06,42,13.505208333333334,15.567708333333334,0.0,0.8444274221713246
HHN-BIR-01,2024-04-07,42,12.958333333333334,15.5625,0.0,0.8329805002883469
HHN-BIR-01,2024-04-08,42,12.838541666666666,15.614583333333334,0.0,0.8429853238446988
HHN-BIR-01,2024-04-09,42,12.4375,15.692708333333334,0.0,0.8179118190836941
HHN-BIR-01,2024-04-10,42,11.770833333333334,15.677083333333334,0.0,0.7934492807539683
HHN-BIR-01,2024-04-11,42,11.151041666666666,15.697916666666666,0.0,0.7427342622655123
HHN-BIR-01,2024-04-12,42,11.015625,15.671875,0.0,0.740039698438136
HHN-BIR-01,2024-04-13,42,11.078125,15.619791666666666,0.0,0.713444554747404
HHN-BIR-01,2024-04-14,42,9.84375,15.614583333333334,0.0,0.6497268173280678
HHN-BIR-01,2024-04-15,42,10.255208333333334,15.651041666666666,0.0,0.6733880847162097
HHN-BIR-01,2024-04-16,42,11.244791666666666,15.697916666666666,0.0,0.716745205026455
HHN-BIR-01,2024-04-17,42,11.072916666666666,15.65625,0.0,0.7255172000691302
HHN-BIR-01,2024-04-18,42,12.21875,15.6875,0.0,0.7669168753629502
HHN-BIR-01,2024-04-19,42,12.255208333333334,15.713541666666666,0.0,0.7577455169252044
HHN-BIR-01,2024-04-20,42,11.864583333333334,15.630208333333334,0.0,0.7238162139127212
HHN-BIR-01,2024-04-21,42,10.489583333333334,15.578125,0.0,0.6602831143846769
HHN-BIR-01,2024-04-22,42,10.182291666666666,15.671875,0.0,0.6798208480877066
HHN-BIR-01,2024-04-23,42,10.208333333333334,15.671875,0.0,0.7167462384259259
HHN-BIR-01,2024-04-24,42,11.442708333333334,15.682291666666666,0.0,0.7766726983235528
HHN-BIR-01,2024-04-25,42,11.364583333333334,15.651041666666666,0.0,0.7145109953703703
HHN-BIR-01,2024-04-26,42,12.614583333333334,15.703125,0.0,0.7935216187169312
HHN-BIR-01,2024-04-27,42,12.619791666666666,15.604166666666666,0.0,0.789310692307072
HHN-BIR-01,2024-04-28,42,12.213541666666666,15.661458333333334,0.0,0.8039257906445406
HHN-BIR-01,2024-04-29,42,12.130208333333334,15.666666666666666,0.0,0.7852723467443862
HHN-BIR-01,2024-04-30,42,12.5625,15.640625,0.0,0.8105134996582365
HHN-BIR-01,2024-05-01,42,12.916666666666666,15.666666666666666,0.0,0.7988416812841156
HHN-BIR-01,2024-05-02,42,13.708333333333334,15.661458333333334,0.0,0.8261586644725673
HHN-BIR-01,2024-05-03,42,13.328125,15.619791666666666,0.0,0.8058411070819159
HHN-BIR-01,2024-05-04,42,12.135416666666666,15.598958333333334,0.0,0.7709205460747403
HHN-BIR-01,2024-05-05,42,11.317708333333334,15.520833333333334,0.0,0.7369900019256637
HHN-BIR-01,2024-05-06,42,11.109375,15.682291666666666,0.0,0.7378625850592763
HHN-BIR-01,2024-05-07,42,11.463541666666666,15.666666666666666,0.0,0.755031439659197
HHN-BIR-01,2024-05-08,42,11.671875,15.723958333333334,0.0,0.766215286484913
HHN-BIR-01,2024-05-09,42,12.0625,15.71875,0.0,0.7929063039357157
HHN-BIR-01,2024-05-10,42,11.21875,15.708333333333334,0.0,0.7460471530784031
HHN-BIR-01,2024-05-11,42,10.166666666666666,15.6875,0.0,0.6767909531236738
HHN-BIR-01,2024-05-12,42,9.234375,15.604166666666666,0.0,0.6405793038490649
HHN-BIR-01,2024-05-13,42,9.885416666666666,15.651041666666666,0.0,0.6721559196168571
HHN-BIR-01,2024-05-14,42,11.015625,15.729166666666666,0.0,0.713034455417268
HHN-BIR-01,2024-05-15,42,11.484375,15.682291666666666,0.0,0.7572230441902598
HHN-BIR-01,2024-05-16,42,11.760416666666666,15.645833333333334,0.0,0.759907416249328
HHN-BIR-01,2024-05-17,42,11.755208333333334,15.703125,0.0,0.7518227895640579
HHN-BIR-01,2024-05-18,42,11.489583333333334,15.630208333333334,0.0,0.7403397853305941
HHN-BIR-01,2024-05-19,42,11.161458333333334,15.614583333333334,0.0,0.7331470653839075
HHN-BIR-01,2024-05-20,42,10.411458333333334,15.671875,0.0,0.6720443854548163
HHN-BIR-01,2024-05-21,42,11.197916666666666,15.697916666666666,0.0,0.667011689461138
HHN-BIR-01,2024-05-22,42,11.677083333333334,15.65625,0.0,0.7026443753006254
HHN-BIR-01,2024-05-23,42,11.75,15.635416666666666,0.0,0.7449718047803032
HHN-BIR-01,2024-05-24,42,11.557291666666666,15.666666666666666,0.16666666666666666,0.7010233473124098
HHN-BIR-01,2024-05-25,42,12.401041666666666,15.588541666666666,0.25,0.7607446732446732
HHN-BIR-01,2024-05-26,42,12.21875,15.640625,0.14583333333333334,0.753864503083253
HHN-BIR-01,2024-05-27,42,11.994791666666666,15.692708333333334,0.0,0.7618971982815589
HHN-BIR-01,2024-05-28,42,11.473958333333334,15.677083333333334,0.0,0.763067770190932
HHN-BIR-01,2024-05-29,42,11.53125,15.625,0.0,0.7542855281856103
HHN-BIR-01,2024-05-30,42,11.755208333333334,15.6875,0.0,0.7747085813492064
HHN-BIR-01,2024-05-31,42,11.744791666666666,15.708333333333334,0.0,0.7458147321428572
HHN-BIR-01,2024-06-01,42,11.598958333333334,15.614583333333334,0.0,0.7247438177506775
HHN-BIR-01,2024-06-02,42,11.880208333333334,15.651041666666666,0.0,0.7452215608465608
HHN-BIR-01,2024-06-03,42,11.630208333333334,15.625,0.0,0.7509280722171346
HHN-BIR-01,2024-06-04,42,11.765625,15.661458333333334,0.0,0.7724176978905598
HHN-BIR-01,2024-06-05,42,12.520833333333334,15.713541666666666,0.0,0.776726810515873
HHN-BIR-01,2024-06-06,42,11.71875,15.708333333333334,0.0,0.7308569026318645
HHN-BIR-01,2024-06-07,42,12.109375,15.583333333333334,0.0,0.7500993002946128
HHN-BIR-01,2024-06-08,42,11.8125,15.625,0.0,0.766868083582117
HHN-BIR-01,2024-06-09,42,11.552083333333334,15.567708333333334,0.0,0.7632805766537384
HHN-BIR-01,2024-06-10,42,11.625,15.671875,0.0,0.8004229938972586
HHN-BIR-01,2024-06-11,42,12.807291666666666,15.609375,0.0,0.826809402981278
HHN-BIR-01,2024-06-12,42,13.916666666666666,15.682291666666666,0.0,0.8965403961292119
HHN-BIR-01,2024-06-13,42,13.708333333333334,15.635416666666666,0.0,0.853432953042328
HHN-BIR-01,2024-06-14,42,13.510416666666666,15.703125,0.0,0.7986524470899471
HHN-BIR-01,2024-06-15,42,12.541666666666666,15.640625,0.0,0.7661302485521236
HHN-BIR-01,2024-06-16,42,10.25,15.619791666666666,0.0,0.6825450823539437
HHN-BIR-01,2024-06-17,42,8.984375,15.703125,0.0,0.6146669447450698
HHN-BIR-01,2024-06-18,42,8.932291666666666,15.651041666666666,0.0,0.5950800871412084
HHN-BIR-01,2024-06-19,42,9.34375,15.682291666666666,0.0,0.5829309608261813
HHN-BIR-01,2024-06-20,42,9.421875,15.671875,0.0,0.5835253081785595
HHN-BIR-01,2024-06-21,42,9.776041666666666,15.583333333333334,0.005208333333333333,0.5754265668031874
HHN-BIR-01,2024-06-22,42,9.932291666666666,15.635416666666666,0.125,0.5941384533526078
HHN-BIR-01,2024-06-23,42,9.473958333333334,15.666666666666666,0.125,0.5858336903258778
HHN-BIR-01,2024-06-24,42,8.583333333333334,15.723958333333334,0.125,0.5451003712722463
HHN-BIR-01,2024-06-25,42,10.333333333333334,15.703125,0.125,0.6439546130952382
HHN-BIR-01,2024-06-26,42,10.21875,15.692708333333334,0.125,0.6176503690175565
HHN-BIR-01,2024-06-27,42,10.307291666666666,15.682291666666666,0.125,0.6461456622538037
HHN-BIR-01,2024-06-28,42,11.322916666666666,15.703125,0.125,0.7293192450591347
HHN-BIR-01,2024-06-29,42,12.041666666666666,15.557291666666666,0.10416666666666667,0.7882573526260432
HHN-BIR-01,2024-06-30,42,11.859375,15.567708333333334,0.0,0.7746550434969554
HHN-BIR-01,2024-07-01,42,10.911458333333334,15.703125,0.0,0.7391071848562657
HHN-BIR-01,2024-07-02,42,10.484375,15.692708333333334,0.0,0.7302853067001314
HHN-BIR-01,2024-07-03,42,10.598958333333334,15.6875,0.0,0.7101146321849447
HHN-BIR-01,2024-07-04,42,10.46875,15.614583333333334,0.0,0.6810046200004279
HHN-BIR-01,2024-07-05,42,10.375,15.661458333333334,0.0,0.6696910511363637
HHN-BIR-01,2024-07-06,42,9.046875,15.5,0.0,0.5624118966482473
HHN-BIR-01,2024-07-07,42,10.09375,15.640625,0.0,0.6388904808826684
HHN-BIR-01,2024-07-08,42,9.041666666666666,15.661458333333334,0.0,0.5918138699531611
HHN-BIR-01,2024-07-09,42,9.192708333333334,15.619791666666666,0.0,0.6104714257862236
HHN-BIR-01,2024-07-10,42,9.088541666666666,15.692708333333334,0.0,0.6050967312686063
HHN-BIR-01,2024-07-11,42,9.380208333333334,15.734375,0.0,0.6043575637325637
HHN-BIR-01,2024-07-12,42,10.161458333333334,15.708333333333334,0.0,0.6369480707371332
HHN-BIR-01,2024-07-13,42,9.9375,15.557291666666666,0.0,0.575081186728481
HHN-BIR-01,2024-07-14,42,8.848958333333334,15.619791666666666,0.0,0.5327347349949798
HHN-BIR-01,2024-07-15,42,8.46875,15.59375,0.0,0.5318490238412114
HHN-BIR-01,2024-07-16,42,10.041666666666666,15.71875,0.0,0.6148981443903319
HHN-BIR-01,2024-07-17,42,10.619791666666666,15.677083333333334,0.0,0.677237094033969
HHN-BIR-01,2024-07-18,42,10.322916666666666,15.6875,0.0,0.6476957954899131
HHN-BIR-01,2024-07-19,42,8.765625,15.651041666666666,0.0,0.5515770336082836
HHN-BIR-01,2024-07-20,42,8.442708333333334,15.666666666666666,0.0,0.548267760629893
HHN-BIR-01,2024-07-21,42,8.703125,15.604166666666666,0.0,0.5606836737006774
HHN-BIR-01,2024-07-22,42,10.197916666666666,15.708333333333334,0.0,0.6570491548892284
HHN-BIR-01,2024-07-23,42,12.088541666666666,15.682291666666666,0.0,0.7654263752028845
HHN-BIR-01,2024-07-24,42,12.59375,15.703125,0.0,0.7460054413179412
HHN-BIR-01,2024-07-25,42,12.333333333333334,15.614583333333334,0.0,0.7647467560725834
HHN-BIR-01,2024-07-26,42,11.229166666666666,15.666666666666666,0.0,0.6932512982266271
HHN-BIR-01,2024-07-27,42,11.364583333333334,15.651041666666666,0.0,0.7329196088157485
HHN-BIR-01,2024-07-28,42,11.015625,15.578125,0.0,0.7034232144641153
HHN-BIR-01,2024-07-29,42,11.083333333333334,15.682291666666666,0.0,0.719461769082633
HHN-BIR-01,2024-07-30,42,11.776041666666666,15.651041666666666,0.0,0.7708460159632035
HHN-BIR-01,2024-07-31,42,10.713541666666666,15.65625,0.0,0.6920451050076872
HHN-BIR-01,2024-08-01,42,10.479166666666666,15.635416666666666,0.0,0.6405607362638613
HHN-BIR-01,2024-08-02,42,10.244791666666666,15.677083333333334,0.0,0.5971470658970659
HHN-BIR-01,2024-08-03,42,9.817708333333334,15.588541666666666,0.0,0.6142204260643453
HHN-BIR-01,2024-08-04,42,9.088541666666666,15.572916666666666,0.0,0.5698330661221286
HHN-BIR-01,2024-08-05,42,8.380208333333334,15.692708333333334,0.0,0.5629288172447472
HHN-BIR-01,2024-08-06,42,8.354166666666666,15.677083333333334,0.0,0.5517126247594998
HHN-BIR-01,2024-08-07,42,8.927083333333334,15.692708333333334,0.0,0.5839643756808278
HHN-BIR-01,2024-08-08,42,8.552083333333334,15.71875,0.0,0.5748492176226551
HHN-BIR-01,2024-08-09,42,8.729166666666666,15.697916666666666,0.0,0.5771319031084656
HHN-BIR-01,2024-08-10,42,9.703125,15.635416666666666,0.0,0.6496478131243756
HHN-BIR-01,2024-08-11,42,9.848958333333334,15.552083333333334,0.0,0.6268041855927466
HHN-BIR-01,2024-08-12,42,10.369791666666666,15.682291666666666,0.0,0.6558624751984127
HHN-BIR-01,2024-08-13,42,10.208333333333334,15.65625,0.020833333333333332,0.6848301792423362
HHN-BIR-01,2024-08-14,42,9.286458333333334,15.713541666666666,0.125,0.6379340277777777
HHN-BIR-01,2024-08-15,42,8.421875,15.682291666666666,0.125,0.5469639662999038
HHN-BIR-01,2024-08-16,42,8.036458333333334,15.729166666666666,0.125,0.49527539156445405
HHN-BIR-01,2024-08-17,42,8.489583333333334,15.697916666666666,0.125,0.5341492602407124
HHN-BIR-01,2024-08-18,42,8.75,15.583333333333334,0.109375,0.5620611781687149
HHN-BIR-01,2024-08-19,42,8.494791666666666,15.645833333333334,0.0,0.5507449870731121
HHN-BIR-01,2024-08-20,42,7.90625,15.71875,0.0,0.5365894590159296
HHN-BIR-01,2024-08-21,42,7.619791666666667,15.682291666666666,0.0,0.48734889157683275
HHN-BIR-01,2024-08-22,42,6.625,15.65625,0.0,0.4106498723226664
HHN-BIR-01,2024-08-23,42,7.328125,15.682291666666666,0.0,0.4662000317457298
HHN-BIR-01,2024-08-24,42,8.0,15.578125,0.0,0.4938773823194779
HHN-BIR-01,2024-08-25,42,7.442708333333333,15.651041666666666,0.0,0.45453761719846275
HHN-BIR-01,2024-08-26,42,7.703125,15.671875,0.0,0.4853502472643098
HHN-BIR-01,2024-08-27,42,9.192708333333334,15.697916666666666,0.0,0.6090165043290043
HHN-BIR-01,2024-08-28,42,10.203125,15.640625,0.0,0.6775335476507353
HHN-BIR-01,2024-08-29,42,9.713541666666666,15.645833333333334,0.0,0.6565220190026692
HHN-BIR-01,2024-08-30,42,9.723958333333334,15.713541666666666,0.0,0.6375769527446357
HHN-BIR-01,2024-08-31,42,8.921875,15.625,0.0,0.5874822970192635
HHN-BIR-01,2024-09-01,42,8.802083333333334,15.640625,0.0,0.5923996261771997
HHN-BIR-01,2024-09-02,42,10.380208333333334,15.666666666666666,0.0,0.6584504138986047
HHN-BIR-01,2024-09-03,42,11.484375,15.609375,0.0,0.7058424528311331
HHN-BIR-01,2024-09-04,42,12.182291666666666,15.671875,0.0,0.7835777286949162
HHN-BIR-01,2024-09-05,42,11.489583333333334,15.661458333333334,0.0,0.785516270767515
HHN-BIR-01,2024-09-06,42,10.536458333333334,15.713541666666666,0.0,0.7160770652958153
HHN-BIR-01,2024-09-07,42,9.833333333333334,15.625,0.0,0.6693345946333079
HHN-BIR-01,2024-09-08,42,10.473958333333334,15.666666666666666,0.0,0.7035819069212743
HHN-BIR-01,2024-09-09,42,10.473958333333334,15.6875,0.0,0.7114835849690024
HHN-BIR-01,2024-09-10,42,10.34375,15.671875,0.0,0.7186673714017463
HHN-BIR-01,2024-09-11,42,10.333333333333334,15.71875,0.0,0.6961605596371222
HHN-BIR-01,2024-09-12,42,10.046875,15.671875,0.0,0.6655240086880712
HHN-BIR-01,2024-09-13,42,9.880208333333334,15.703125,0.0,0.6486130014759969
HHN-BIR-01,2024-09-14,42,10.348958333333334,15.619791666666666,0.0,0.6717762414078097
HHN-BIR-01,2024-09-15,42,9.916666666666666,15.541666666666666,0.0,0.6385960393772894
HHN-BIR-01,2024-09-16,42,10.536458333333334,15.682291666666666,0.0,0.6955595941924066
HHN-BIR-01,2024-09-17,42,11.697916666666666,15.723958333333334,0.0,0.7736332730616268
HHN-BIR-01,2024-09-18,42,11.244791666666666,15.734375,0.0,0.7389699748270521
HHN-BIR-01,2024-09-19,42,12.088541666666666,15.666666666666666,0.0,0.7876759019337145
HHN-BIR-01,2024-09-20,42,11.572916666666666,15.703125,0.0,0.7440797709065173
HHN-BIR-01,2024-09-21,42,11.213541666666666,15.625,0.0,0.7073886238523187
HHN-BIR-01,2024-09-22,42,10.338541666666666,15.640625,0.0,0.6667465091293217
HHN-BIR-01,2024-09-23,42,9.78125,15.671875,0.0,0.6326566495152022
HHN-BIR-01,2024-09-24,42,9.697916666666666,15.651041666666666,0.0,0.6398687674078299
HHN-BIR-01,2024-09-25,42,10.109375,15.692708333333334,0.0,0.6853582366674189
HHN-BIR-01,2024-09-26,42,11.21875,15.71875,0.0,0.7221896176399852
HHN-BIR-01,2024-09-27,42,10.286458333333334,15.6875,0.041666666666666664,0.6770832104816479
HHN-BIR-01,2024-09-28,42,10.401041666666666,15.619791666666666,0.125,0.6679473015410515
HHN-BIR-01,2024-09-29,42,11.302083333333334,15.703125,0.125,0.7312677556818182
HHN-BIR-01,2024-09-30,42,11.057291666666666,15.6875,0.125,0.7307097110716977
HHN-BIR-01,2024-10-01,42,10.640625,15.6875,0.125,0.7188345508658008
HHN-BIR-01,2024-10-02,42,10.026041666666666,15.6875,0.005208333333333333,0.6592945827320827
HHN-BIR-01,2024-10-03,42,10.005208333333334,15.682291666666666,0.0,0.684990486943612
HHN-BIR-01,2024-10-04,42,11.03125,15.666666666666666,0.0,0.7062260898760754
HHN-BIR-01,2024-10-05,42,11.807291666666666,15.567708333333334,0.0,0.7540060254485299
HHN-BIR-01,2024-10-06,42,12.526041666666666,15.630208333333334,0.0,0.8005361555999895
HHN-BIR-01,2024-10-07,42,12.4375,15.692708333333334,0.0,0.8137643946467475
HHN-BIR-01,2024-10-08,42,12.286458333333334,15.703125,0.0,0.7953492234885147
HHN-BIR-01,2024-10-09,42,12.203125,15.625,0.0,0.7755275693672394
HHN-BIR-01,2024-10-10,42,12.927083333333334,15.666666666666666,0.0,0.8329512275777519
HHN-BIR-01,2024-10-11,42,12.901041666666666,15.65625,0.0,0.8240710346638656
HHN-BIR-01,2024-10-12,42,13.088541666666666,15.578125,0.0,0.8137778335092335
HHN-BIR-01,2024-10-13,42,12.072916666666666,15.609375,0.0,0.7802969696786389
HHN-BIR-01,2024-10-14,42,12.40625,15.6875,0.0,0.8183828613516114
HHN-BIR-01,2024-10-15,42,12.645833333333334,15.65625,0.0,0.790902633107669
HHN-BIR-01,2024-10-16,42,12.541666666666666,15.671875,0.0,0.7895740006591759
HHN-BIR-01,2024-10-17,42,12.463541666666666,15.682291666666666,0.0,0.766583877970672
HHN-BIR-01,2024-10-18,42,12.442708333333334,15.71875,0.0,0.7723665223665224
HHN-BIR-01,2024-10-19,42,11.770833333333334,15.65625,0.0,0.7611300938997204
HHN-BIR-01,2024-10-20,42,10.536458333333334,15.630208333333334,0.0,0.7140482037196191
HHN-BIR-01,2024-10-21,42,10.635416666666666,15.677083333333334,0.1875,0.7143508382303613
HHN-BIR-01,2024-10-22,42,10.510416666666666,15.651041666666666,0.375,0.7374787755647131
HHN-BIR-01,2024-10-23,42,11.010416666666666,15.682291666666666,0.375,0.7491511535169623
HHN-BIR-01,2024-10-24,42,11.796875,15.703125,0.375,0.7649314010642135
HHN-BIR-01,2024-10-25,42,11.776041666666666,15.723958333333334,0.375,0.7674541170634921
HHN-BIR-01,2024-10-26,42,11.854166666666666,15.645833333333334,0.03125,0.8035448131955484
HHN-BIR-01,2024-10-27,42,12.052083333333334,15.651041666666666,0.0,0.7888665409345555
HHN-BIR-01,2024-10-28,42,12.036458333333334,15.677083333333334,0.0,0.776763182349344
HHN-BIR-01,2024-10-29,42,12.338541666666666,15.692708333333334,0.0,0.7955561795508341
HHN-BIR-01,2024-10-30,42,12.515625,15.71875,0.0,0.7930018187830687
HHN-BIR-01,2024-10-31,42,11.75,15.65625,0.0,0.7427439040309106
HHN-BIR-01,2024-11-01,42,11.557291666666666,15.645833333333334,0.0,0.7169953129032778
HHN-BIR-01,2024-11-02,42,11.359375,15.614583333333334,0.0,0.6882385715124443
HHN-BIR-01,2024-11-03,42,11.307291666666666,15.541666666666666,0.0,0.706366595195083
HHN-BIR-01,2024-11-04,42,10.848958333333334,15.708333333333334,0.0,0.6930424971440597
HHN-BIR-01,2024-11-05,42,11.880208333333334,15.6875,0.0,0.7547452764249639
HHN-BIR-01,2024-11-06,42,12.713541666666666,15.635416666666666,0.0,0.7894213714526215
HHN-BIR-01,2024-11-07,42,12.598958333333334,15.6875,0.0,0.8345138966089803
HHN-BIR-01,2024-11-08,42,12.010416666666666,15.703125,0.0,0.8045106297059422
HHN-BIR-01,2024-11-09,42,11.088541666666666,15.619791666666666,0.0,0.7591920630887857
HHN-BIR-01,2024-11-10,42,10.838541666666666,15.578125,0.0,0.7571887114505148
HHN-BIR-01,2024-11-11,42,11.515625,15.703125,0.0,0.7706658179219156
HHN-BIR-01,2024-11-12,42,11.885416666666666,15.651041666666666,0.0,0.7845307912714543
HHN-BIR-01,2024-11-13,42,11.614583333333334,15.723958333333334,0.0,0.7868994070165946
HHN-BIR-01,2024-11-14,42,11.020833333333334,15.713541666666666,0.0,0.7567363668259247
HHN-BIR-01,2024-11-15,42,9.75,15.671875,0.0,0.6917950257588416
HHN-BIR-01,2024-11-16,42,9.229166666666666,15.557291666666666,0.0,0.6552080167129007
HHN-BIR-01,2024-11-17,42,9.296875,15.645833333333334,0.0,0.6613192888964464
HHN-BIR-01,2024-11-18,42,10.34375,15.692708333333334,0.0,0.7126322751322752
HHN-BIR-01,2024-11-19,42,11.15625,15.692708333333334,0.0,0.7168205066502457
HHN-BIR-01,2024-11-20,42,11.385416666666666,15.697916666666666,0.0,0.7241681907927312
HHN-BIR-01,2024-11-21,42,11.848958333333334,15.625,0.0,0.7532129081779576
HHN-BIR-01,2024-11-22,42,11.963541666666666,15.666666666666666,0.0,0.7640970748852182
HHN-BIR-01,2024-11-23,42,11.447916666666666,15.53125,0.19791666666666666,0.7356800203555477
HHN-BIR-01,2024-11-24,42,10.333333333333334,15.609375,0.25,0.6624525129664932
HHN-BIR-01,2024-11-25,42,9.791666666666666,15.651041666666666,0.25,0.6513464026101894
HHN-BIR-01,2024-11-26,42,9.677083333333334,15.651041666666666,0.25,0.6458849960803086
HHN-BIR-01,2024-11-27,42,10.317708333333334,15.645833333333334,0.25,0.6620307119637396
HHN-BIR-01,2024-11-28,42,11.0,15.625,0.052083333333333336,0.7161451077811373
HHN-BIR-01,2024-11-29,42,11.671875,15.635416666666666,0.0,0.7497654978123728
HHN-BIR-01,2024-11-30,42,11.15625,15.625,0.0,0.6968400472306722
HHN-BIR-01,2024-12-01,42,10.807291666666666,15.526041666666666,0.0,0.6929989295870681
HHN-BIR-01,2024-12-02,42,11.072916666666666,15.640625,0.0,0.7150015141249897
HHN-BIR-01,2024-12-03,42,11.510416666666666,15.583333333333334,0.0,0.7081088496389564
HHN-BIR-01,2024-12-04,42,11.572916666666666,15.567708333333334,0.0,0.7352611721855142
HHN-BIR-01,2024-12-05,42,12.119791666666666,15.625,0.0,0.794810539670737
HHN-BIR-01,2024-12-06,42,12.4375,15.625,0.0,0.8084245640457531
HHN-BIR-01,2024-12-07,42,12.53125,15.5625,0.0,0.7911743927368927
HHN-BIR-01,2024-12-08,42,12.302083333333334,15.494791666666666,0.0,0.7798326406702648
HHN-BIR-01,2024-12-09,42,11.989583333333334,15.604166666666666,0.0,0.7556723663655746
HHN-BIR-01,2024-12-10,42,12.333333333333334,15.625,0.0,0.7753120866402116
HHN-BIR-01,2024-12-11,42,12.619791666666666,15.708333333333334,0.0,0.8096961993446369
HHN-BIR-01,2024-12-12,42,13.307291666666666,15.598958333333334,0.0,0.8563374038394597
HHN-BIR-01,2024-12-13,42,13.390625,15.557291666666666,0.0,0.8391997563872563
HHN-BIR-01,2024-12-14,42,12.692708333333334,15.567708333333334,0.0,0.8060066546183032
HHN-BIR-01,2024-12-15,42,11.927083333333334,15.572916666666666,0.0,0.7760968189162124
HHN-BIR-01,2024-12-16,42,12.71875,15.651041666666666,0.0,0.8184353602552132
HHN-BIR-01,2024-12-17,42,13.239583333333334,15.609375,0.0,0.8551985192610192
HHN-BIR-01,2024-12-18,42,13.338541666666666,15.640625,0.0,0.838425925925926
HHN-BIR-01,2024-12-19,42,13.203125,15.640625,0.0,0.8709840859231104
HHN-BIR-01,2024-12-20,42,12.817708333333334,15.619791666666666,0.0,0.821973720043573
HHN-BIR-01,2024-12-21,42,11.916666666666666,15.567708333333334,0.0,0.8018535291681954
HHN-BIR-01,2024-12-22,42,11.005208333333334,15.59375,0.0,0.7236367403531926
HHN-BIR-01,2024-12-23,42,11.15625,15.598958333333334,0.0,0.7255680494589435
HHN-BIR-01,2024-12-24,42,11.286458333333334,15.578125,0.0,0.7362756248712509
HHN-BIR-01,2024-12-25,42,10.614583333333334,15.651041666666666,0.0,0.711847394418626
HHN-BIR-01,2024-12-26,42,10.614583333333334,15.567708333333334,0.0,0.7037072519494395
HHN-BIR-01,2024-12-27,42,10.5625,15.604166666666666,0.0,0.700270916447387
HHN-BIR-01,2024-12-28,42,11.098958333333334,15.494791666666666,0.0,0.7787669580475066
HHN-BIR-01,2024-12-29,42,11.057291666666666,15.588541666666666,0.0,0.7643371963684463
HHN-BIR-01,2024-12-30,42,10.791666666666666,15.645833333333334,0.0,0.7543153750185
HHN-BIR-01,2024-12-31,42,11.21875,15.635416666666666,0.0,0.7708464423308173
HHN-BIR-01,2025-01-01,42,10.828125,15.578125,0.0,0.7563111971429985
HHN-BIR-01,2025-01-02,42,11.145833333333334,15.661458333333334,0.0,0.7772302708230682
HHN-BIR-01,2025-01-03,42,10.505208333333334,15.630208333333334,0.0,0.7030542591089466
HHN-BIR-01,2025-01-04,42,10.838541666666666,15.609375,0.0,0.7234566946504827
HHN-BIR-01,2025-01-05,42,11.229166666666666,15.578125,0.0,0.7562376830324844
HHN-BIR-01,2025-01-06,42,12.380208333333334,15.59375,0.0,0.80692051004551
HHN-BIR-01,2025-01-07,42,13.348958333333334,15.609375,0.0,0.8620805902055902
HHN-BIR-01,2025-01-08,42,13.28125,15.552083333333334,0.0,0.8488535951015392
HHN-BIR-01,2025-01-09,42,11.833333333333334,15.614583333333334,0.0,0.7825784654139434
HHN-BIR-01,2025-01-10,42,10.46875,15.609375,0.0,0.6669916310541311
HHN-BIR-01,2025-01-11,42,10.302083333333334,15.583333333333334,0.0,0.6895861128773387
HHN-BIR-01,2025-01-12,42,11.510416666666666,15.557291666666666,0.0,0.7667233897439242
HHN-BIR-01,2025-01-13,42,11.911458333333334,15.625,0.0,0.7944921300586204
HHN-BIR-01,2025-01-14,42,12.713541666666666,15.552083333333334,0.0,0.797195661468591
HHN-BIR-01,2025-01-15,42,13.192708333333334,15.635416666666666,0.0,0.8032876469947735
HHN-BIR-01,2025-01-16,42,12.739583333333334,15.609375,0.0,0.7896338904151404
HHN-BIR-01,2025-01-17,42,12.604166666666666,15.59375,0.0,0.8063700507726804
HHN-BIR-01,2025-01-18,42,12.260416666666666,15.625,0.0,0.7877761896059594
HHN-BIR-01,2025-01-19,42,12.416666666666666,15.520833333333334,0.0,0.8188986505392756
HHN-BIR-01,2025-01-20,42,12.6875,15.614583333333334,0.0,0.8329597589654053
HHN-BIR-01,2025-01-21,42,12.307291666666666,15.671875,0.0,0.7992621527777778
HHN-BIR-01,2025-01-22,42,12.291666666666666,15.604166666666666,0.0,0.8031791119911524
HHN-BIR-01,2025-01-23,42,13.322916666666666,15.625,0.0,0.8340701471560846
HHN-BIR-01,2025-01-24,42,13.161458333333334,15.541666666666666,0.0,0.834184169275733
HHN-BIR-01,2025-01-25,42,13.479166666666666,15.442708333333334,0.0,0.8496222034256573
HHN-BIR-01,2025-01-26,42,13.145833333333334,15.619791666666666,0.0,0.8227583439343308
HHN-BIR-01,2025-01-27,42,12.921875,15.614583333333334,0.0,0.8450596447928764
HHN-BIR-01,2025-01-28,42,12.385416666666666,15.572916666666666,0.0,0.7899516268228158
HHN-BIR-01,2025-01-29,42,12.322916666666666,15.604166666666666,0.0,0.8070976396949318
HHN-BIR-01,2025-01-30,42,12.817708333333334,15.583333333333334,0.0,0.8563301282051282
HHN-BIR-01,2025-01-31,42,13.317708333333334,15.598958333333334,0.0,0.8519011845492108
HHN-BIR-01,2025-02-01,42,13.098958333333334,15.661458333333334,0.0,0.8293340773809524
HHN-BIR-01,2025-02-02,42,12.390625,15.614583333333334,0.0,0.7927966028397772
HHN-BIR-01,2025-02-03,42,12.270833333333334,15.640625,0.0,0.777855070124807
HHN-BIR-01,2025-02-04,42,11.932291666666666,15.619791666666666,0.0,0.7775775672464608
HHN-BIR-01,2025-02-05,42,12.625,15.625,0.0,0.8233368730129401
HHN-BIR-01,2025-02-06,42,12.4375,15.515625,0.0,0.8008501100648692
HHN-BIR-01,2025-02-07,42,12.098958333333334,15.609375,0.0,0.794979602996943
HHN-BIR-01,2025-02-08,42,11.796875,15.526041666666666,0.0,0.7596658480837565
HHN-BIR-01,2025-02-09,42,12.28125,15.552083333333334,0.0,0.7979338385993523
HHN-BIR-01,2025-02-10,42,12.661458333333334,15.640625,0.0,0.8168340303414316
HHN-BIR-01,2025-02-11,42,13.442708333333334,15.619791666666666,0.0,0.8721239840363652
HHN-BIR-01,2025-02-12,42,12.588541666666666,15.557291666666666,0.0,0.8317825981888483
HHN-BIR-01,2025-02-13,42,12.921875,15.59375,0.0,0.8449627778188149
HHN-BIR-01,2025-02-14,42,13.505208333333334,15.59375,0.0,0.8435247747747748
HHN-BIR-01,2025-02-15,42,13.166666666666666,15.463541666666666,0.0,0.8385285203396363
HHN-BIR-01,2025-02-16,42,12.703125,15.604166666666666,0.0,0.8183727812634062
HHN-BIR-01,2025-02-17,42,13.010416666666666,15.557291666666666,0.0,0.8481136110961479
HHN-BIR-01,2025-02-18,42,14.416666666666666,15.666666666666666,0.0,0.8701223544973545
HHN-BIR-01,2025-02-19,42,15.057291666666666,15.59375,0.0,0.9095021081349207
HHN-BIR-01,2025-02-20,42,15.265625,15.635416666666666,0.0,0.9153852513227513
HHN-BIR-01,2025-02-21,42,14.765625,15.59375,0.0,0.890317046957672
HHN-BIR-01,2025-02-22,42,14.067708333333334,15.515625,0.0,0.8546169972321406
HHN-BIR-01,2025-02-23,42,12.520833333333334,15.614583333333334,0.0,0.7781282919150566
HHN-BIR-01,2025-02-24,42,12.78125,15.572916666666666,0.0,0.7674721259196017
HHN-BIR-01,2025-02-25,42,13.765625,15.557291666666666,0.0,0.8010336287775313
HHN-BIR-01,2025-02-26,42,13.807291666666666,15.541666666666666,0.0,0.8360041738596977
HHN-BIR-01,2025-02-27,42,13.104166666666666,15.65625,0.0,0.8343150628306879
HHN-BIR-01,2025-02-28,42,13.588541666666666,15.651041666666666,0.0,0.8470682457010582
HHN-BIR-01,2025-03-01,42,14.046875,15.583333333333334,0.0,0.8507503038753038
HHN-BIR-01,2025-03-02,42,13.416666666666666,15.619791666666666,0.0,0.7915591931216931
HHN-BIR-01,2025-03-03,42,13.125,15.661458333333334,0.0,0.7737707223726961
HHN-BIR-01,2025-03-04,42,12.744791666666666,15.651041666666666,0.0,0.778370103565416
HHN-BIR-01,2025-03-05,42,12.229166666666666,15.682291666666666,0.0,0.7493312717408113
HHN-BIR-01,2025-03-06,42,12.083333333333334,15.661458333333334,0.0,0.7705200254028379
HHN-BIR-01,2025-03-07,42,11.989583333333334,15.723958333333334,0.0,0.7853594539141414
HHN-BIR-01,2025-03-08,42,11.911458333333334,15.588541666666666,0.0,0.7641189828689828
HHN-BIR-01,2025-03-09,42,10.640625,15.578125,0.0,0.6727790685281495
HHN-BIR-01,2025-03-10,42,10.932291666666666,15.697916666666666,0.0,0.6806375975263843
HHN-BIR-01,2025-03-11,42,11.010416666666666,15.671875,0.0,0.706461388216903
HHN-BIR-01,2025-03-12,42,11.927083333333334,15.677083333333334,0.0,0.7382332438973064
HHN-BIR-01,2025-03-13,42,12.098958333333334,15.677083333333334,0.0,0.7632962791084652
HHN-BIR-01,2025-03-14,42,12.802083333333334,15.671875,0.0,0.7926130722868416
HHN-BIR-01,2025-03-15,42,12.140625,15.666666666666666,0.0,0.7490895551282701
HHN-BIR-01,2025-03-16,42,10.541666666666666,15.609375,0.0,0.6693413267087802
HHN-BIR-01,2025-03-17,42,10.760416666666666,15.682291666666666,0.0,0.7039298353751479
HHN-BIR-01,2025-03-18,42,10.901041666666666,15.661458333333334,0.0,0.7040946897937236
HHN-BIR-01,2025-03-19,42,12.041666666666666,15.666666666666666,0.0,0.7682793108822278
HHN-BIR-01,2025-03-20,42,12.317708333333334,15.6875,0.0,0.7824985097291841
HHN-BIR-01,2025-03-21,42,12.421875,15.671875,0.0,0.795135234183443
HHN-BIR-01,2025-03-22,42,11.265625,15.557291666666666,0.0,0.7558735706453633
HHN-BIR-01,2025-03-23,42,10.755208333333334,15.598958333333334,0.0,0.7176420180785991
HHN-BIR-01,2025-03-24,42,10.453125,15.677083333333334,0.0,0.7373701963545715
HHN-BIR-01,2025-03-25,42,11.567708333333334,15.666666666666666,0.0,0.7732545882936508
HHN-BIR-01,2025-03-26,42,12.015625,15.697916666666666,0.0,0.8019748263888888
HHN-BIR-01,2025-03-27,42,12.479166666666666,15.697916666666666,0.0,0.8293067301022713
HHN-BIR-01,2025-03-28,42,12.046875,15.697916666666666,0.0,0.791961185515873
HHN-BIR-01,2025-03-29,42,11.65625,15.630208333333334,0.052083333333333336,0.7960805426506646
HHN-BIR-01,2025-03-30,42,11.489583333333334,15.65625,0.125,0.8003697691197691
HHN-BIR-01,2025-03-31,42,11.359375,15.625,0.125,0.8135619385619385
HHN-BIR-01,2025-04-01,42,11.84375,15.677083333333334,0.07291666666666667,0.8017113095238094
HHN-BIR-01,2025-04-02,42,12.848958333333334,15.682291666666666,0.0,0.8482655444505572
HHN-BIR-01,2025-04-03,42,12.395833333333334,15.703125,0.0,0.8244471060782037
HHN-BIR-01,2025-04-04,42,11.734375,15.666666666666666,0.0,0.7941898015008574
HHN-BIR-01,2025-04-05,42,11.364583333333334,15.635416666666666,0.0,0.7715789707977208
HHN-BIR-01,2025-04-06,42,11.234375,15.515625,0.0,0.7771791621092609
HHN-BIR-01,2025-04-07,42,11.984375,15.682291666666666,0.020833333333333332,0.7992334994288118
HHN-BIR-01,2025-04-08,42,12.255208333333334,15.682291666666666,0.25,0.7782149057539683
HHN-BIR-01,2025-04-09,42,11.84375,15.682291666666666,0.25,0.756909053641142
HHN-BIR-01,2025-04-10,42,12.494791666666666,15.661458333333334,0.25,0.7858812543325411
HHN-BIR-01,2025-04-11,42,11.911458333333334,15.65625,0.25,0.7646902744760752
HHN-BIR-01,2025-04-12,42,12.354166666666666,15.614583333333334,0.10416666666666667,0.7833150149556399
HHN-BIR-01,2025-04-13,42,11.484375,15.682291666666666,0.0,0.7591192485247363
HHN-BIR-01,2025-04-14,42,11.328125,15.713541666666666,0.0,0.7513208724146224
HHN-BIR-01,2025-04-15,42,10.963541666666666,15.614583333333334,0.0,0.7489438581235457
HHN-BIR-01,2025-04-16,42,12.104166666666666,15.697916666666666,0.0,0.7913002004696085
HHN-BIR-01,2025-04-17,42,12.630208333333334,15.697916666666666,0.0,0.796341577982203
HHN-BIR-01,2025-04-18,42,12.635416666666666,15.692708333333334,0.0,0.8041754975348726
HHN-BIR-01,2025-04-19,42,11.390625,15.619791666666666,0.0,0.7131177072145296
HHN-BIR-01,2025-04-20,42,10.666666666666666,15.651041666666666,0.0,0.6785772481084981
HHN-BIR-01,2025-04-21,42,9.822916666666666,15.713541666666666,0.0,0.6232471942375435
HHN-BIR-01,2025-04-22,42,10.71875,15.651041666666666,0.0,0.686505226544289
HHN-BIR-01,2025-04-23,42,11.307291666666666,15.651041666666666,0.0,0.7271061223905414
HHN-BIR-01,2025-04-24,42,11.192708333333334,15.65625,0.0,0.7068563236531986
HHN-BIR-01,2025-04-25,42,11.15625,15.661458333333334,0.0,0.6867662044157852
HHN-BIR-01,2025-04-26,42,11.041666666666666,15.666666666666666,0.0,0.6781969477281978
HHN-BIR-01,2025-04-27,42,11.369791666666666,15.614583333333334,0.0,0.7390873114762918
HHN-BIR-01,2025-04-28,42,12.119791666666666,15.661458333333334,0.0,0.773458234438608
HHN-BIR-01,2025-04-29,42,12.541666666666666,15.671875,0.0,0.7781594696038293
HHN-BIR-01,2025-04-30,42,12.151041666666666,15.677083333333334,0.0,0.7459015376984127
HHN-BIR-01,2025-05-01,42,12.640625,15.635416666666666,0.0,0.7610258137601887
HHN-BIR-01,2025-05-02,42,12.432291666666666,15.671875,0.0,0.7668841156711222
HHN-BIR-01,2025-05-03,42,12.541666666666666,15.604166666666666,0.0,0.7581948578042329
HHN-BIR-01,2025-05-04,42,12.067708333333334,15.625,0.0,0.7957382605820106
HHN-BIR-01,2025-05-05,42,12.151041666666666,15.723958333333334,0.0,0.7741037906100786
HHN-BIR-01,2025-05-06,42,13.432291666666666,15.572916666666666,0.0,0.8649875376247328
HHN-BIR-01,2025-05-07,42,12.895833333333334,15.666666666666666,0.0,0.8241169998982499
HHN-BIR-01,2025-05-08,42,11.875,15.666666666666666,0.0,0.7824250839773043
HHN-BIR-01,2025-05-09,42,11.338541666666666,15.703125,0.0,0.7609543093536996
HHN-BIR-01,2025-05-10,42,11.791666666666666,15.619791666666666,0.0,0.7627359619547119
HHN-BIR-01,2025-05-11,42,11.307291666666666,15.625,0.0,0.7489735703200777
HHN-BIR-01,2025-05-12,42,11.114583333333334,15.630208333333334,0.0,0.7603073729657998
HHN-BIR-01,2025-05-13,42,12.364583333333334,15.671875,0.0,0.8120814732142857
HHN-BIR-01,2025-05-14,42,12.15625,15.677083333333334,0.0,0.8153862847222223
HHN-BIR-01,2025-05-15,42,11.130208333333334,15.708333333333334,0.0,0.7329613194127997
HHN-BIR-01,2025-05-16,42,10.994791666666666,15.723958333333334,0.0,0.7234548076344951
HHN-BIR-01,2025-05-17,42,10.291666666666666,15.604166666666666,0.0,0.6645121227152477
HHN-BIR-01,2025-05-18,42,9.416666666666666,15.630208333333334,0.0,0.6398709076771308
HHN-BIR-01,2025-05-19,42,10.515625,15.713541666666666,0.0,0.7136166903630139
HHN-BIR-01,2025-05-20,42,11.1875,15.677083333333334,0.0,0.7316695700741754
HHN-BIR-01,2025-05-21,42,10.9375,15.723958333333334,0.0,0.7047161797876357
HHN-BIR-01,2025-05-22,42,10.640625,15.697916666666666,0.0,0.6640587421837422
HHN-BIR-01,2025-05-23,42,10.453125,15.6875,0.0,0.6749002349228501
HHN-BIR-01,2025-05-24,42,9.697916666666666,15.604166666666666,0.0,0.6213465732422534
HHN-BIR-01,2025-05-25,42,9.041666666666666,15.625,0.0,0.6007264219465506
HHN-BIR-01,2025-05-26,42,8.526041666666666,15.6875,0.0,0.5967801303738803
HHN-BIR-01,2025-05-27,42,8.380208333333334,15.666666666666666,0.0,0.6045114076249186
HHN-BIR-01,2025-05-28,42,9.229166666666666,15.697916666666666,0.0,0.6639377405002405
HHN-BIR-01,2025-05-29,42,9.109375,15.708333333333334,0.0,0.6303656918891294
HHN-BIR-01,2025-05-30,42,8.947916666666666,15.671875,0.0,0.6166243252180752
HHN-BIR-01,2025-05-31,42,9.114583333333334,15.661458333333334,0.0,0.6051990772385509
HHN-BIR-01,2025-06-01,42,9.088541666666666,15.578125,0.0,0.627193743908382
HHN-BIR-01,2025-06-02,42,9.182291666666666,15.71875,0.0,0.6220886318542568
HHN-BIR-01,2025-06-03,42,10.447916666666666,15.697916666666666,0.0,0.6610649031801067
HHN-BIR-01,2025-06-04,42,10.0625,15.671875,0.0,0.6345490046661921
HHN-BIR-01,2025-06-05,42,8.760416666666666,15.671875,0.0,0.5615036800583676
HHN-BIR-01,2025-06-06,42,9.114583333333334,15.713541666666666,0.0,0.5798413573708924
HHN-BIR-01,2025-06-07,42,7.859375,15.619791666666666,0.0,0.5234488673941798
HHN-BIR-01,2025-06-08,42,7.927083333333333,15.6875,0.0,0.531075638269135
HHN-BIR-01,2025-06-09,42,9.447916666666666,15.692708333333334,0.0,0.6194691520863396
HHN-BIR-01,2025-06-10,42,9.682291666666666,15.677083333333334,0.0,0.6128380155723906
HHN-BIR-01,2025-06-11,42,9.463541666666666,15.682291666666666,0.0,0.619107931998557
HHN-BIR-01,2025-06-12,42,10.036458333333334,15.713541666666666,0.0,0.6547247963263588
HHN-BIR-01,2025-06-13,42,10.114583333333334,15.677083333333334,0.0,0.6774151485088985
HHN-BIR-01,2025-06-14,42,10.546875,15.630208333333334,0.0,0.6919743378727753
HHN-BIR-01,2025-06-15,42,9.953125,15.666666666666666,0.0,0.6376172702229688
HHN-BIR-01,2025-06-16,42,9.770833333333334,15.682291666666666,0.0,0.6370997925685425
HHN-BIR-01,2025-06-17,42,9.78125,15.65625,0.0,0.6508433448135967
HHN-BIR-01,2025-06-18,42,10.630208333333334,15.697916666666666,0.0,0.6881571481180856
HHN-BIR-01,2025-06-19,42,11.619791666666666,15.697916666666666,0.0,0.750600322199587
HHN-BIR-01,2025-06-20,42,11.578125,15.697916666666666,0.0,0.7491990008424841
HHN-BIR-01,2025-06-21,42,11.208333333333334,15.598958333333334,0.0,0.722184145389226
HHN-BIR-01,2025-06-22,42,10.734375,15.645833333333334,0.0,0.6970791433682059
HHN-BIR-01,2025-06-23,42,10.604166666666666,15.723958333333334,0.0,0.7062702922077921
HHN-BIR-01,2025-06-24,42,10.942708333333334,15.666666666666666,0.0,0.6809490928631554
HHN-BIR-01,2025-06-25,42,11.3125,15.703125,0.0,0.7210299610690236
HHN-BIR-01,2025-06-26,42,12.083333333333334,15.703125,0.0,0.7701461226851851
HHN-BIR-01,2025-06-27,42,11.036458333333334,15.666666666666666,0.0,0.6980738373316498
HHN-BIR-01,2025-06-28,42,10.151041666666666,15.671875,0.0,0.6533171183561809
HHN-BIR-01,2025-06-29,42,10.026041666666666,15.598958333333334,0.0,0.6307698450276575
HHN-BIR-01,2025-06-30,42,10.765625,15.65625,0.0,0.699235334120052
HHN-BIR-01,2025-07-01,42,10.838541666666666,15.635416666666666,0.0,0.69731599751131
HHN-BIR-01,2025-07-02,42,11.276041666666666,15.71875,0.0,0.6785897020986579
HHN-BIR-01,2025-07-03,42,11.229166666666666,15.651041666666666,0.0,0.7093337868728494
HHN-BIR-01,2025-07-04,42,11.677083333333334,15.625,0.0,0.6982036953577934
HHN-BIR-01,2025-07-05,42,11.484375,15.5625,0.0,0.6853775119209571
HHN-BIR-01,2025-07-06,42,11.15625,15.572916666666666,0.0,0.706353259179546
HHN-BIR-01,2025-07-07,42,11.90625,15.635416666666666,0.0,0.773539165531353
HHN-BIR-01,2025-07-08,42,11.25,15.708333333333334,0.0,0.6925777492183741
HHN-BIR-01,2025-07-09,42,10.822916666666666,15.71875,0.0,0.6704048483345358
HHN-BIR-01,2025-07-10,42,10.958333333333334,15.677083333333334,0.0,0.6876190577362452
HHN-BIR-01,2025-07-11,42,10.671875,15.697916666666666,0.0,0.6789918589877472
HHN-BIR-01,2025-07-12,42,10.640625,15.619791666666666,0.0,0.6857595674001925
HHN-BIR-01,2025-07-13,42,9.15625,15.609375,0.0,0.5917948082010582
HHN-BIR-01,2025-07-14,42,9.052083333333334,15.677083333333334,0.0,0.596613455988456
HHN-BIR-01,2025-07-15,42,9.380208333333334,15.677083333333334,0.0,0.6128056983525734
HHN-BIR-01,2025-07-16,42,10.557291666666666,15.635416666666666,0.0,0.652590635413415
HHN-BIR-01,2025-07-17,42,10.942708333333334,15.6875,0.0,0.6592744784151034
HHN-BIR-01,2025-07-18,42,10.755208333333334,15.697916666666666,0.0,0.6646266330002991
HHN-BIR-01,2025-07-19,42,9.890625,15.598958333333334,0.0,0.6296204532732202
HHN-BIR-01,2025-07-20,42,9.5625,15.640625,0.0,0.6293761287901912
HHN-BIR-01,2025-07-21,42,10.40625,15.682291666666666,0.0,0.6936934448653198
HHN-BIR-01,2025-07-22,42,11.052083333333334,15.635416666666666,0.0,0.7319809083909693
HHN-BIR-01,2025-07-23,42,10.140625,15.697916666666666,0.0,0.6570118972462723
HHN-BIR-01,2025-07-24,42,10.052083333333334,15.692708333333334,0.0,0.6664197959119834
HHN-BIR-01,2025-07-25,42,9.171875,15.651041666666666,0.0,0.6267210798460798
HHN-BIR-01,2025-07-26,42,8.739583333333334,15.625,0.0,0.5927694047215769
HHN-BIR-01,2025-07-27,42,9.354166666666666,15.671875,0.0,0.6383309008194119
HHN-BIR-01,2025-07-28,42,10.734375,15.697916666666666,0.0,0.7056449048636549
HHN-BIR-01,2025-07-29,42,12.322916666666666,15.71875,0.0,0.7926891020212286
HHN-BIR-01,2025-07-30,42,12.234375,15.713541666666666,0.0,0.7875279017857143
HHN-BIR-01,2025-07-31,42,12.703125,15.640625,0.0,0.8329613095238094
HHN-BIR-01,2025-08-01,42,12.442708333333334,15.708333333333334,0.0,0.7786479609204794
HHN-BIR-01,2025-08-02,42,12.083333333333334,15.572916666666666,0.0,0.7742152178853998
HHN-BIR-01,2025-08-03,42,10.770833333333334,15.583333333333334,0.0,0.72156806165308
HHN-BIR-01,2025-08-04,42,10.166666666666666,15.703125,0.0,0.7209031485184306
HHN-BIR-01,2025-08-05,42,9.989583333333334,15.65625,0.0,0.6959176815457758
HHN-BIR-01,2025-08-06,42,10.411458333333334,15.703125,0.0,0.7163358848905723
HHN-BIR-01,2025-08-07,42,10.640625,15.635416666666666,0.0,0.6857603576468466
HHN-BIR-01,2025-08-08,42,10.40625,15.677083333333334,0.0,0.6618681544664552
HHN-BIR-01,2025-08-09,42,10.385416666666666,15.614583333333334,0.0,0.6782379223785474
HHN-BIR-01,2025-08-10,42,11.171875,15.65625,0.0,0.7120588415367379
HHN-BIR-01,2025-08-11,42,10.463541666666666,15.666666666666666,0.0,0.6999470984560543
HHN-BIR-01,2025-08-12,42,9.567708333333334,15.708333333333334,0.0,0.651398821897107
HHN-BIR-01,2025-08-13,42,10.5625,15.635416666666666,0.0,0.7144983226294904
HHN-BIR-01,2025-08-14,42,10.6875,15.651041666666666,0.0,0.7018253421419539
HHN-BIR-01,2025-08-15,42,10.442708333333334,15.708333333333334,0.0,0.6812282511666591
HHN-BIR-01,2025-08-16,42,9.208333333333334,15.619791666666666,0.0,0.6220502243135515
HHN-BIR-01,2025-08-17,42,9.005208333333334,15.614583333333334,0.0,0.6057610252118524
HHN-BIR-01,2025-08-18,42,9.145833333333334,15.640625,0.0,0.6343563099422475
HHN-BIR-01,2025-08-19,42,9.140625,15.6875,0.0,0.6208581128158334
HHN-BIR-01,2025-08-20,42,10.192708333333334,15.671875,0.0,0.6772617378167393
HHN-BIR-01,2025-08-21,42,10.661458333333334,15.614583333333334,0.0,0.6897000100699548
HHN-BIR-01,2025-08-22,42,10.989583333333334,15.677083333333334,0.0,0.6970529270736071
HHN-BIR-01,2025-08-23,42,10.869791666666666,15.588541666666666,0.0,0.6788454639212911
HHN-BIR-01,2025-08-24,42,10.53125,15.635416666666666,0.0,0.6828924475408851
HHN-BIR-01,2025-08-25,42,10.786458333333334,15.697916666666666,0.0,0.6894681562650313
HHN-BIR-01,2025-08-26,42,10.135416666666666,15.6875,0.0,0.6843456673534799
HHN-BIR-01,2025-08-27,42,9.802083333333334,15.6875,0.0,0.6613252126924002
HHN-BIR-01,2025-08-28,42,9.552083333333334,15.671875,0.0,0.6166578005157969
HHN-BIR-01,2025-08-29,42,8.979166666666666,15.666666666666666,0.0,0.5487538141835017
HHN-BIR-01,2025-08-30,42,8.833333333333334,15.5625,0.0,0.5501529930540187
HHN-BIR-01,2025-08-31,42,9.03125,15.619791666666666,0.0,0.5857331198553625
HHN-BIR-01,2025-09-01,42,9.34375,15.682291666666666,0.0,0.6398668012360447
HHN-BIR-01,2025-09-02,42,9.875,15.635416666666666,0.0,0.6620248283125457
HHN-BIR-01,2025-09-03,42,10.119791666666666,15.677083333333334,0.0,0.6441441893992446
HHN-BIR-01,2025-09-04,42,11.052083333333334,15.625,0.0,0.7194937735463567
HHN-BIR-01,2025-09-05,42,10.520833333333334,15.640625,0.0,0.6868659624519
HHN-BIR-01,2025-09-06,42,11.255208333333334,15.59375,0.0,0.6900808191461008
HHN-BIR-01,2025-09-07,42,11.166666666666666,15.578125,0.0,0.6923017374723583
HHN-BIR-01,2025-09-08,42,10.963541666666666,15.692708333333334,0.0,0.718583043597556
HHN-BIR-01,2025-09-09,42,11.734375,15.682291666666666,0.0,0.7369532487868885
HHN-BIR-01,2025-09-10,42,11.260416666666666,15.666666666666666,0.0,0.7152627431120079
HHN-BIR-01,2025-09-11,42,11.546875,15.6875,0.0,0.7579847958754208
HHN-BIR-01,2025-09-12,42,11.78125,15.723958333333334,0.0,0.7854371467652718
HHN-BIR-01,2025-09-13,42,10.895833333333334,15.635416666666666,0.0,0.725235297110297
HHN-BIR-01,2025-09-14,42,10.447916666666666,15.526041666666666,0.0,0.7418140842144325
HHN-BIR-01,2025-09-15,42,10.734375,15.71875,0.0,0.6980524177789803
HHN-BIR-01,2025-09-16,42,10.973958333333334,15.697916666666666,0.0,0.7125513881373257
HHN-BIR-01,2025-09-17,42,12.036458333333334,15.661458333333334,0.0,0.7599121798340548
HHN-BIR-01,2025-09-18,42,13.104166666666666,15.682291666666666,0.0,0.7979755704365079
HHN-BIR-01,2025-09-19,42,12.75,15.677083333333334,0.0,0.8011574074074074
HHN-BIR-01,2025-09-20,42,11.734375,15.666666666666666,0.0,0.7500859360551008
HHN-BIR-01,2025-09-21,42,11.614583333333334,15.630208333333334,0.0,0.7536378756047873
HHN-BIR-01,2025-09-22,42,11.453125,15.708333333333334,0.0,0.7331842861829075
HHN-BIR-01,2025-09-23,42,11.484375,15.666666666666666,0.0,0.7072880344364719
HHN-BIR-01,2025-09-24,42,11.583333333333334,15.661458333333334,0.0,0.7280844407654622
HHN-BIR-01,2025-09-25,42,12.046875,15.677083333333334,0.0,0.7895817666682757
HHN-BIR-01,2025-09-26,42,12.786458333333334,15.651041666666666,0.0,0.7746716509154831
HHN-BIR-01,2025-09-27,42,12.973958333333334,15.583333333333334,0.0,0.7921405516183477
HHN-BIR-01,2025-09-28,42,12.145833333333334,15.630208333333334,0.0,0.7750387274703776
HHN-BIR-01,2025-09-29,42,10.34375,15.6875,0.0,0.6969688625134397
HHN-BIR-01,2025-09-30,42,10.546875,15.6875,0.0,0.7098935981978262
HHN-BIR-01,2025-10-01,42,11.505208333333334,15.609375,0.0,0.7354535897504647
HHN-BIR-01,2025-10-02,42,11.171875,15.640625,0.0,0.7277591765873016
HHN-BIR-01,2025-10-03,42,11.286458333333334,15.692708333333334,0.052083333333333336,0.7495437919408956
HHN-BIR-01,2025-10-04,42,10.46875,15.625,0.125,0.6575840628061023
HHN-BIR-01,2025-10-05,42,9.708333333333334,15.5625,0.125,0.6393184961544337
HHN-BIR-01,2025-10-06,42,10.973958333333334,15.682291666666666,0.22395833333333334,0.7267527670790539
HHN-BIR-01,2025-10-07,42,10.651041666666666,15.713541666666666,0.234375,0.712890625
HHN-BIR-01,2025-10-08,42,11.078125,15.692708333333334,0.057291666666666664,0.7131737764550264
HHN-BIR-01,2025-10-09,42,12.052083333333334,15.677083333333334,0.0,0.7289703207671958
HHN-BIR-01,2025-10-10,42,11.588541666666666,15.703125,0.0,0.6972220343314093
HHN-BIR-01,2025-10-11,42,9.911458333333334,15.635416666666666,0.0,0.6022400044837164
HHN-BIR-01,2025-10-12,42,9.364583333333334,15.619791666666666,0.0,0.5976588970499815
HHN-BIR-01,2025-10-13,42,10.302083333333334,15.682291666666666,0.0,0.7130508019179894
HHN-BIR-01,2025-10-14,42,12.25,15.671875,0.0,0.8200629963349094
HHN-BIR-01,2025-10-15,42,13.65625,15.630208333333334,0.0,0.8443640777625152
HHN-BIR-01,2025-10-16,42,12.833333333333334,15.635416666666666,0.0,0.8007817400395525
HHN-BIR-01,2025-10-17,42,12.963541666666666,15.651041666666666,0.0,0.8060432464729339
HHN-BIR-01,2025-10-18,42,11.9375,15.520833333333334,0.0,0.7640968771828147
HHN-BIR-01,2025-10-19,42,11.822916666666666,15.625,0.0,0.7571320609308986
HHN-BIR-01,2025-10-20,42,12.052083333333334,15.677083333333334,0.0,0.7968705464942126
HHN-BIR-01,2025-10-21,42,11.927083333333334,15.6875,0.0,0.8071118551587301
HHN-BIR-01,2025-10-22,42,11.958333333333334,15.640625,0.0,0.8006470168476748
HHN-BIR-01,2025-10-23,42,12.3125,15.692708333333334,0.0,0.7610315393518517
HHN-BIR-01,2025-10-24,42,11.994791666666666,15.635416666666666,0.07291666666666667,0.7436483510702261
HHN-BIR-01,2025-10-25,42,11.677083333333334,15.609375,0.125,0.7444851180464748
HHN-BIR-01,2025-10-26,42,11.119791666666666,15.630208333333334,0.005208333333333333,0.7355467928846022
HHN-BIR-01,2025-10-27,42,10.557291666666666,15.713541666666666,0.0,0.7134866809728941
HHN-BIR-01,2025-10-28,42,11.234375,15.713541666666666,0.0,0.7548200136090761
HHN-BIR-01,2025-10-29,42,12.166666666666666,15.692708333333334,0.0,0.8008870214752567
HHN-BIR-01,2025-10-30,42,12.682291666666666,15.666666666666666,0.0,0.8012446480785297
HHN-BIR-01,2025-10-31,42,13.078125,15.625,0.0,0.8071235079736918
HHN-BIR-01,2025-11-01,42,11.552083333333334,15.583333333333334,0.0,0.71213354872592
HHN-BIR-01,2025-11-02,42,9.265625,15.651041666666666,0.0,0.6036565707406699
HHN-BIR-01,2025-11-03,42,9.854166666666666,15.682291666666666,0.0,0.6566912615740741
HHN-BIR-01,2025-11-04,42,10.619791666666666,15.682291666666666,0.057291666666666664,0.6749685552562839
HHN-BIR-01,2025-11-05,42,11.421875,15.703125,0.125,0.7287331086159211
HHN-BIR-01,2025-11-06,42,11.072916666666666,15.671875,0.036458333333333336,0.6846330015823155
HHN-BIR-01,2025-11-07,42,9.984375,15.65625,0.0,0.6834183425157931
HHN-BIR-01,2025-11-08,42,10.494791666666666,15.588541666666666,0.0,0.7277382824717383
HHN-BIR-01,2025-11-09,42,10.604166666666666,15.645833333333334,0.0,0.7166953200156324
HHN-BIR-01,2025-11-10,42,11.0625,15.703125,0.0,0.7441190562399203
HHN-BIR-01,2025-11-11,42,11.192708333333334,15.609375,0.0,0.7181151496753518
HHN-BIR-01,2025-11-12,42,11.671875,15.645833333333334,0.0,0.7803347432253682
HHN-BIR-01,2025-11-13,42,11.854166666666666,15.666666666666666,0.0,0.7918754133597884
HHN-BIR-01,2025-11-14,42,12.052083333333334,15.677083333333334,0.0,0.784266886579193
HHN-BIR-01,2025-11-15,42,12.010416666666666,15.640625,0.0,0.7831768925518925
HHN-BIR-01,2025-11-16,42,11.78125,15.619791666666666,0.0,0.7818326277310653
HHN-BIR-01,2025-11-17,42,11.796875,15.671875,0.0,0.7876645974302224
HHN-BIR-01,2025-11-18,42,12.182291666666666,15.6875,0.0,0.7894460625159154
HHN-BIR-01,2025-11-19,42,12.208333333333334,15.682291666666666,0.0,0.8186391456152485
HHN-BIR-01,2025-11-20,42,11.953125,15.692708333333334,0.0,0.7853418644434269
HHN-BIR-01,2025-11-21,42,12.479166666666666,15.682291666666666,0.0,0.8061689612470863
HHN-BIR-01,2025-11-22,42,12.270833333333334,15.59375,0.0,0.8005729705663014
HHN-BIR-01,2025-11-23,42,12.041666666666666,15.588541666666666,0.0,0.8086569141256641
HHN-BIR-01,2025-11-24,42,12.208333333333334,15.604166666666666,0.0,0.8418945555047529
HHN-BIR-01,2025-11-25,42,12.427083333333334,15.703125,0.0,0.8063568376068376
HHN-BIR-01,2025-11-26,42,12.875,15.692708333333334,0.0,0.8488343253968255
HHN-BIR-01,2025-11-27,42,12.911458333333334,15.6875,0.0,0.8352764240721559
HHN-BIR-01,2025-11-28,42,12.307291666666666,15.625,0.0,0.7891168030759023
HHN-BIR-01,2025-11-29,42,11.067708333333334,15.536458333333334,0.015625,0.7448145477224667
HHN-BIR-01,2025-11-30,42,10.75,15.614583333333334,0.125,0.7312926802997913
HHN-BIR-01,2025-12-01,42,11.328125,15.640625,0.125,0.7632548605061943
HHN-BIR-01,2025-12-02,42,11.604166666666666,15.552083333333334,0.3802083333333333,0.7803940521656515
HHN-BIR-01,2025-12-03,42,12.135416666666666,15.640625,0.9322916666666666,0.7962296042231256
HHN-BIR-01,2025-12-04,42,12.229166666666666,15.671875,0.875,0.7784330325345951
HHN-BIR-01,2025-12-05,42,11.588541666666666,15.59375,0.6927083333333334,0.7373143232518232
HHN-BIR-01,2025-12-06,42,11.5625,15.640625,0.0,0.7249633447128851
HHN-BIR-01,2025-12-07,42,11.171875,15.5625,0.0,0.7332930728381096
HHN-BIR-01,2025-12-08,42,11.052083333333334,15.5625,0.0,0.7209987380368815
HHN-BIR-01,2025-12-09,42,11.291666666666666,15.677083333333334,0.4166666666666667,0.7420965608465608
HHN-BIR-01,2025-12-10,42,11.125,15.604166666666666,0.625,0.758873417823326
HHN-BIR-01,2025-12-11,42,11.010416666666666,15.630208333333334,0.625,0.7332189381477066
HHN-BIR-01,2025-12-12,42,11.151041666666666,15.526041666666666,0.4947916666666667,0.7452432295033398
HHN-BIR-01,2025-12-13,42,11.385416666666666,15.578125,0.0,0.7540483728213507
HHN-BIR-01,2025-12-14,42,11.244791666666666,15.598958333333334,0.0,0.7342829512751389
HHN-BIR-01,2025-12-15,42,11.265625,15.635416666666666,0.0,0.7502898107414113
HHN-BIR-01,2025-12-16,42,11.760416666666666,15.583333333333334,0.0,0.7685600239713292
HHN-BIR-01,2025-12-17,42,13.239583333333334,15.552083333333334,0.0,0.8403725137295909
HHN-BIR-01,2025-12-18,42,14.4375,15.552083333333334,0.0,0.8739355985449735
HHN-BIR-01,2025-12-19,42,14.046875,15.666666666666666,0.0,0.8554679634449371
HHN-BIR-01,2025-12-20,42,12.239583333333334,15.453125,0.0,0.7990767543036313
HHN-BIR-01,2025-12-21,42,11.614583333333334,15.526041666666666,0.0,0.785079563342431
HHN-BIR-01,2025-12-22,42,11.104166666666666,15.572916666666666,0.0,0.7352877348856209
HHN-BIR-01,2025-12-23,42,11.416666666666666,15.598958333333334,0.0,0.7490923191490384
HHN-BIR-01,2025-12-24,42,12.140625,15.598958333333334,0.0,0.7873427934893927
HHN-BIR-01,2025-12-25,42,11.828125,15.666666666666666,0.0,0.7640998091309695
HHN-BIR-01,2025-12-26,42,11.46875,15.609375,0.0,0.7294761133492268
HHN-BIR-01,2025-12-27,42,10.838541666666666,15.598958333333334,0.0,0.7180566778223029
HHN-BIR-01,2025-12-28,42,11.223958333333334,15.546875,0.0,0.7491634272080044
HHN-BIR-01,2025-12-29,42,10.958333333333334,15.619791666666666,0.0,0.730697461237667
HHN-BIR-01,2025-12-30,42,10.776041666666666,15.578125,0.0,0.7316034280587783
HHN-BIR-01,2025-12-31,42,10.8125,15.598958333333334,0.0,0.7434041572368778
HHN-EDI-01,2024-01-01,16,0.8645833333333334,11.619791666666666,0.0,0.0649812575938495
HHN-EDI-01,2024-01-02,16,3.9895833333333335,11.671875,0.09375,0.3074466999673801
HHN-EDI-01,2024-01-03,16,6.479166666666667,11.671875,0.125,0.5194445426407742
HHN-EDI-01,2024-01-04,16,6.5625,11.6875,0.125,0.5057670330418492
HHN-EDI-01,2024-01-05,16,7.895833333333333,11.65625,0.125,0.5979252003953291
HHN-EDI-01,2024-01-06,16,8.6875,11.651041666666666,0.125,0.6563271449071081
HHN-EDI-01,2024-01-07,16,9.510416666666666,11.59375,0.08854166666666667,0.7254472515501927
HHN-EDI-01,2024-01-08,16,9.421875,11.651041666666666,0.0,0.715920033210934
HHN-EDI-01,2024-01-09,16,10.807291666666666,11.661458333333334,0.0,0.8430843691643325
HHN-EDI-01,2024-01-10,16,10.276041666666666,11.619791666666666,0.0,0.7838629201680672
HHN-EDI-01,2024-01-11,16,10.463541666666666,11.635416666666666,0.0,0.8115276318860878
HHN-EDI-01,2024-01-12,16,9.979166666666666,11.661458333333334,0.0,0.7867797626529245
HHN-EDI-01,2024-01-13,16,9.395833333333334,11.567708333333334,0.0,0.7413365539859106
HHN-EDI-01,2024-01-14,16,9.026041666666666,11.630208333333334,0.0,0.7148988895771984
HHN-EDI-01,2024-01-15,16,10.083333333333334,11.677083333333334,0.0,0.7817492301407744
HHN-EDI-01,2024-01-16,16,10.09375,11.583333333333334,0.0,0.7925631991578683
HHN-EDI-01,2024-01-17,16,10.088541666666666,11.661458333333334,0.0,0.7898592603440949
HHN-EDI-01,2024-01-18,16,9.864583333333334,11.661458333333334,0.0,0.7781815049737845
HHN-EDI-01,2024-01-19,16,9.536458333333334,11.651041666666666,0.0,0.7382428832911369
HHN-EDI-01,2024-01-20,16,9.78125,11.609375,0.0,0.7853328631131941
HHN-EDI-01,2024-01-21,16,9.6875,11.552083333333334,0.0,0.7646815156351002
HHN-EDI-01,2024-01-22,16,10.651041666666666,11.640625,0.0,0.8721654834476525
HHN-EDI-01,2024-01-23,16,11.21875,11.666666666666666,0.0,0.8753806089743589
HHN-EDI-01,2024-01-24,16,11.125,11.630208333333334,0.0,0.863681891025641
HHN-EDI-01,2024-01-25,16,10.421875,11.666666666666666,0.0,0.8100710155857215
HHN-EDI-01,2024-01-26,16,9.734375,11.666666666666666,0.0,0.7613567843002585
HHN-EDI-01,2024-01-27,16,9.791666666666666,11.619791666666666,0.0,0.7736597182943691
HHN-EDI-01,2024-01-28,16,9.822916666666666,11.609375,0.0,0.7816534887192056
HHN-EDI-01,2024-01-29,16,10.088541666666666,11.677083333333334,0.0,0.8093278657616892
HHN-EDI-01,2024-01-30,16,10.552083333333334,11.666666666666666,0.0,0.8427690186651584
HHN-EDI-01,2024-01-31,16,9.510416666666666,11.614583333333334,0.0,0.761550343294369
HHN-EDI-01,2024-02-01,16,8.895833333333334,11.614583333333334,0.0,0.7074167126786612
HHN-EDI-01,2024-02-02,16,10.479166666666666,11.625,0.0,0.8323504582121309
HHN-EDI-01,2024-02-03,16,9.479166666666666,11.598958333333334,0.0,0.7488488116934807
HHN-EDI-01,2024-02-04,16,9.302083333333334,11.578125,0.0,0.7315055302302546
HHN-EDI-01,2024-02-05,16,9.380208333333334,11.651041666666666,0.0,0.7342050876173118
HHN-EDI-01,2024-02-06,16,10.083333333333334,11.614583333333334,0.0,0.797580213308614
HHN-EDI-01,2024-02-07,16,10.239583333333334,11.671875,0.0,0.8068516816448802
HHN-EDI-01,2024-02-08,16,10.041666666666666,11.65625,0.0,0.787544193024432
HHN-EDI-01,2024-02-09,16,10.239583333333334,11.661458333333334,0.0,0.822674121732026
HHN-EDI-01,2024-02-10,16,10.536458333333334,11.614583333333334,0.0,0.8297726034858388
HHN-EDI-01,2024-02-11,16,10.708333333333334,11.625,0.0,0.8373812806372549
HHN-EDI-01,2024-02-12,16,10.947916666666666,11.682291666666666,0.0,0.852828839869281
HHN-EDI-01,2024-02-13,16,11.166666666666666,11.651041666666666,0.0,0.8736723856209151
HHN-EDI-01,2024-02-14,16,10.9375,11.666666666666666,0.0,0.8611494076797386
HHN-EDI-01,2024-02-15,16,10.567708333333334,11.677083333333334,0.0,0.8379353043300654
HHN-EDI-01,2024-02-16,16,10.973958333333334,11.59375,0.0,0.8783828635620915
HHN-EDI-01,2024-02-17,16,10.541666666666666,11.609375,0.0,0.8384982638888889
HHN-EDI-01,2024-02-18,16,10.744791666666666,11.604166666666666,0.0,0.8580629988373555
HHN-EDI-01,2024-02-19,16,10.729166666666666,11.661458333333334,0.0,0.8381091118338361
HHN-EDI-01,2024-02-20,16,10.885416666666666,11.666666666666666,0.0,0.8550003535067874
HHN-EDI-01,2024-02-21,16,11.046875,11.598958333333334,0.0,0.8642012186819171
HHN-EDI-01,2024-02-22,16,10.854166666666666,11.666666666666666,0.0,0.8710605596405229
HHN-EDI-01,2024-02-23,16,10.505208333333334,11.609375,0.0,0.8259646807440926
HHN-EDI-01,2024-02-24,16,10.5625,11.583333333333334,0.0,0.8274185756033182
HHN-EDI-01,2024-02-25,16,11.229166666666666,11.609375,0.0,0.8765625
HHN-EDI-01,2024-02-26,16,11.171875,11.651041666666666,0.0,0.8788845486111111
HHN-EDI-01,2024-02-27,16,11.026041666666666,11.651041666666666,0.0,0.8601902913943356
HHN-EDI-01,2024-02-28,16,10.921875,11.666666666666666,0.0,0.8621451184640523
HHN-EDI-01,2024-02-29,16,9.833333333333334,11.671875,0.0,0.7932340905112044
HHN-EDI-01,2024-03-01,16,9.526041666666666,11.6875,0.0,0.7687116426431685
HHN-EDI-01,2024-03-02,16,10.21875,11.640625,0.22916666666666666,0.801634837962963
HHN-EDI-01,2024-03-03,16,10.473958333333334,11.671875,0.25,0.8139756944444444
HHN-EDI-01,2024-03-04,16,10.40625,11.713541666666666,0.25,0.7959228743580766
HHN-EDI-01,2024-03-05,16,9.973958333333334,11.703125,0.328125,0.7692882935759774
HHN-EDI-01,2024-03-06,16,8.963541666666666,11.6875,0.2916666666666667,0.6722646851208433
HHN-EDI-01,2024-03-07,16,9.682291666666666,11.734375,0.0,0.7546399729763701
HHN-EDI-01,2024-03-08,16,10.197916666666666,11.682291666666666,0.0,0.7656286753483444
HHN-EDI-01,2024-03-09,16,9.958333333333334,11.6875,0.0,0.7516872514230051
HHN-EDI-01,2024-03-10,16,9.713541666666666,11.65625,0.0,0.7371327737825899
HHN-EDI-01,2024-03-11,16,9.1875,11.6875,0.0,0.689553144975939
HHN-EDI-01,2024-03-12,16,8.526041666666666,11.677083333333334,0.0,0.6477933601325145
HHN-EDI-01,2024-03-13,16,8.921875,11.671875,0.0,0.6635383841036414
HHN-EDI-01,2024-03-14,16,8.770833333333334,11.703125,0.0,0.6900135174262013
HHN-EDI-01,2024-03-15,16,8.119791666666666,11.723958333333334,0.0,0.5996321892806268
HHN-EDI-01,2024-03-16,16,7.807291666666667,11.619791666666666,0.0,0.5799071698658096
HHN-EDI-01,2024-03-17,16,8.5625,11.65625,0.0,0.6458845918174962
HHN-EDI-01,2024-03-18,16,8.583333333333334,11.6875,0.0,0.672848705454404
HHN-EDI-01,2024-03-19,16,8.859375,11.666666666666666,0.0,0.6748067683269889
HHN-EDI-01,2024-03-20,16,9.192708333333334,11.677083333333334,0.0,0.7051202418734589
HHN-EDI-01,2024-03-21,16,8.541666666666666,11.65625,0.0,0.6719869017318466
HHN-EDI-01,2024-03-22,16,7.369791666666667,11.671875,0.0,0.6114265551305992
HHN-EDI-01,2024-03-23,16,6.963541666666667,11.640625,0.0,0.5762906598269649
HHN-EDI-01,2024-03-24,16,7.052083333333333,11.65625,0.0,0.5829417591021452
HHN-EDI-01,2024-03-25,16,8.177083333333334,11.697916666666666,0.0,0.6792034201501114
HHN-EDI-01,2024-03-26,16,8.473958333333334,11.666666666666666,0.0,0.6825500913506427
HHN-EDI-01,2024-03-27,16,8.229166666666666,11.713541666666666,0.0,0.6464517738185017
HHN-EDI-01,2024-03-28,16,7.984375,11.708333333333334,0.0,0.6287231559290383
HHN-EDI-01,2024-03-29,16,8.161458333333334,11.65625,0.0,0.6392732293237808
HHN-EDI-01,2024-03-30,16,7.09375,11.65625,0.0,0.5498341417229285
HHN-EDI-01,2024-03-31,16,6.296875,11.635416666666666,0.0,0.49045418982229644
HHN-EDI-01,2024-04-01,16,7.213541666666667,11.65625,0.0,0.5512433011399004
HHN-EDI-01,2024-04-02,16,8.755208333333334,11.6875,0.0,0.7020565304113098
HHN-EDI-01,2024-04-03,16,9.75,11.692708333333334,0.0,0.7680570659086284
HHN-EDI-01,2024-04-04,16,8.901041666666666,11.661458333333334,0.0,0.7198637147166559
HHN-EDI-01,2024-04-05,16,9.546875,11.692708333333334,0.0,0.7372886487661304
HHN-EDI-01,2024-04-06,16,9.291666666666666,11.651041666666666,0.0,0.7422187451369436
HHN-EDI-01,2024-04-07,16,8.947916666666666,11.630208333333334,0.0,0.7273118361928105
HHN-EDI-01,2024-04-08,16,8.572916666666666,11.6875,0.0,0.690202643557423
HHN-EDI-01,2024-04-09,16,9.072916666666666,11.697916666666666,0.0,0.7299717456427016
HHN-EDI-01,2024-04-10,16,9.15625,11.697916666666666,0.0,0.7531058517156862
HHN-EDI-01,2024-04-11,16,8.442708333333334,11.692708333333334,0.0,0.697781352124183
HHN-EDI-01,2024-04-12,16,8.375,11.666666666666666,0.0,0.6860007945485886
HHN-EDI-01,2024-04-13,16,8.609375,11.609375,0.0,0.6905154596560846
HHN-EDI-01,2024-04-14,16,8.0625,11.661458333333334,0.0,0.6501165964516148
HHN-EDI-01,2024-04-15,16,8.338541666666666,11.692708333333334,0.0,0.655540293040293
HHN-EDI-01,2024-04-16,16,9.135416666666666,11.677083333333334,0.0,0.7216634570494865
HHN-EDI-01,2024-04-17,16,8.53125,11.713541666666666,0.0,0.6698767467724269
HHN-EDI-01,2024-04-18,16,8.822916666666666,11.6875,0.0,0.6860336061507937
HHN-EDI-01,2024-04-19,16,9.515625,11.6875,0.010416666666666666,0.7356816424486462
HHN-EDI-01,2024-04-20,16,9.041666666666666,11.640625,0.125,0.6758070849867726
HHN-EDI-01,2024-04-21,16,8.453125,11.625,0.036458333333333336,0.6672305380485528
HHN-EDI-01,2024-04-22,16,8.416666666666666,11.692708333333334,0.0,0.6779569626996098
HHN-EDI-01,2024-04-23,16,10.046875,11.708333333333334,0.0,0.7800412873482726
HHN-EDI-01,2024-04-24,16,10.130208333333334,11.6875,0.0,0.7749906386165577
HHN-EDI-01,2024-04-25,16,9.453125,11.708333333333334,0.0,0.7299606821895425
HHN-EDI-01,2024-04-26,16,9.182291666666666,11.661458333333334,0.0,0.7200836324112978
HHN-EDI-01,2024-04-27,16,8.526041666666666,11.651041666666666,0.0,0.6603311376633987
HHN-EDI-01,2024-04-28,16,8.828125,11.630208333333334,0.0,0.7025545447880006
HHN-EDI-01,2024-04-29,16,9.21875,11.692708333333334,0.0,0.7227949032176973
HHN-EDI-01,2024-04-30,16,8.6875,11.6875,0.0,0.7061440181040365
HHN-EDI-01,2024-05-01,16,8.854166666666666,11.692708333333334,0.0,0.6889545822335345
HHN-EDI-01,2024-05-02,16,9.536458333333334,11.692708333333334,0.0,0.7497858057485814
HHN-EDI-01,2024-05-03,16,9.213541666666666,11.703125,0.0,0.7240384475104144
HHN-EDI-01,2024-05-04,16,7.994791666666667,11.651041666666666,0.0,0.6460791888870933
HHN-EDI-01,2024-05-05,16,7.875,11.630208333333334,0.0,0.6361490148944193
HHN-EDI-01,2024-05-06,16,7.453125,11.713541666666666,0.0,0.6096435248778999
HHN-EDI-01,2024-05-07,16,7.25,11.703125,0.0,0.5764814412677465
HHN-EDI-01,2024-05-08,16,8.3125,11.677083333333334,0.0,0.6782354147588522
HHN-EDI-01,2024-05-09,16,8.3125,11.708333333333334,0.0,0.6887490573152338
HHN-EDI-01,2024-05-10,16,9.067708333333334,11.697916666666666,0.0,0.7362786667818838
HHN-EDI-01,2024-05-11,16,8.828125,11.645833333333334,0.0,0.7132912800536881
HHN-EDI-01,2024-05-12,16,8.192708333333334,11.619791666666666,0.0,0.6575332389900405
HHN-EDI-01,2024-05-13,16,8.666666666666666,11.666666666666666,0.0,0.6947185104009552
HHN-EDI-01,2024-05-14,16,8.244791666666666,11.666666666666666,0.0,0.6880051873847829
HHN-EDI-01,2024-05-15,16,8.234375,11.703125,0.0,0.7037229174522373
HHN-EDI-01,2024-05-16,16,8.692708333333334,11.682291666666666,0.0,0.721003409376571
HHN-EDI-01,2024-05-17,16,9.401041666666666,11.723958333333334,0.0,0.7796402675653594
HHN-EDI-01,2024-05-18,16,9.177083333333334,11.65625,0.0,0.7268946981837607
HHN-EDI-01,2024-05-19,16,9.286458333333334,11.635416666666666,0.0,0.7375055644586895
HHN-EDI-01,2024-05-20,16,9.28125,11.692708333333334,0.0,0.7515855434053963
HHN-EDI-01,2024-05-21,16,9.270833333333334,11.71875,0.0,0.7351459393853695
HHN-EDI-01,2024-05-22,16,9.411458333333334,11.697916666666666,0.0,0.7545448207327804
HHN-EDI-01,2024-05-23,16,9.708333333333334,11.703125,0.0,0.7724722721620699
HHN-EDI-01,2024-05-24,16,10.34375,11.677083333333334,0.0,0.8285881920877326
HHN-EDI-01,2024-05-25,16,9.541666666666666,11.640625,0.0,0.7470499016914459
HHN-EDI-01,2024-05-26,16,7.880208333333333,11.640625,0.0,0.624380535467392
HHN-EDI-01,2024-05-27,16,7.28125,11.71875,0.203125,0.5721375910139698
HHN-EDI-01,2024-05-28,16,7.229166666666667,11.6875,0.375,0.5775174406033782
HHN-EDI-01,2024-05-29,16,7.9375,11.677083333333334,0.375,0.641184349674699
HHN-EDI-01,2024-05-30,16,8.302083333333334,11.661458333333334,0.375,0.6579854284128182
HHN-EDI-01,2024-05-31,16,8.072916666666666,11.692708333333334,0.375,0.6568097471360339
HHN-EDI-01,2024-06-01,16,8.015625,11.625,0.375,0.6379418133439273
HHN-EDI-01,2024-06-02,16,7.567708333333333,11.583333333333334,0.328125,0.6116410767031172
HHN-EDI-01,2024-06-03,16,7.213541666666667,11.692708333333334,0.0,0.5923290570234504
HHN-EDI-01,2024-06-04,16,7.463541666666667,11.671875,0.0,0.5864579452240298
HHN-EDI-01,2024-06-05,16,8.135416666666666,11.65625,0.0,0.6437439165035672
HHN-EDI-01,2024-06-06,16,7.932291666666667,11.692708333333334,0.0,0.6231440659864372
HHN-EDI-01,2024-06-07,16,7.869791666666667,11.697916666666666,0.0,0.6087265535220499
HHN-EDI-01,2024-06-08,16,7.6875,11.651041666666666,0.0,0.6006612494089516
HHN-EDI-01,2024-06-09,16,6.817708333333333,11.614583333333334,0.0,0.5468973092709306
HHN-EDI-01,2024-06-10,16,6.666666666666667,11.6875,0.0,0.553739526660023
HHN-EDI-01,2024-06-11,16,6.223958333333333,11.697916666666666,0.0,0.5210783705843448
HHN-EDI-01,2024-06-12,16,6.369791666666667,11.703125,0.0,0.5207227315338528
HHN-EDI-01,2024-06-13,16,6.958333333333333,11.703125,0.0,0.583377563765891
HHN-EDI-01,2024-06-14,16,6.671875,11.697916666666666,0.0,0.5421516583396179
HHN-EDI-01,2024-06-15,16,6.572916666666667,11.614583333333334,0.0,0.5511349952641312
HHN-EDI-01,2024-06-16,16,7.875,11.65625,0.0,0.6277189862323135
HHN-EDI-01,2024-06-17,16,8.270833333333334,11.682291666666666,0.0,0.6756183142327443
HHN-EDI-01,2024-06-18,16,8.739583333333334,11.671875,0.0,0.6994540097021714
HHN-EDI-01,2024-06-19,16,9.020833333333334,11.734375,0.0,0.7184004210658622
HHN-EDI-01,2024-06-20,16,8.536458333333334,11.708333333333334,0.0,0.675166120133951
HHN-EDI-01,2024-06-21,16,8.208333333333334,11.682291666666666,0.1875,0.6643155753220091
HHN-EDI-01,2024-06-22,16,8.510416666666666,11.645833333333334,0.25,0.6519769960601762
HHN-EDI-01,2024-06-23,16,7.588541666666667,11.625,0.22916666666666666,0.59961613651871
HHN-EDI-01,2024-06-24,16,6.979166666666667,11.729166666666666,0.0,0.556501218943774
HHN-EDI-01,2024-06-25,16,7.786458333333333,11.692708333333334,0.0,0.6186078537985708
HHN-EDI-01,2024-06-26,16,7.223958333333333,11.671875,0.0,0.5607635615677895
HHN-EDI-01,2024-06-27,16,8.052083333333334,11.713541666666666,0.0,0.6305513518174364
HHN-EDI-01,2024-06-28,16,7.713541666666667,11.682291666666666,0.0,0.5914353020855778
HHN-EDI-01,2024-06-29,16,7.989583333333333,11.614583333333334,0.0,0.5993190598889128
HHN-EDI-01,2024-06-30,16,7.151041666666667,11.635416666666666,0.0,0.5290352332172185
HHN-EDI-01,2024-07-01,16,6.640625,11.682291666666666,0.0,0.5128913638104814
HHN-EDI-01,2024-07-02,16,6.489583333333333,11.697916666666666,0.0,0.518847672616055
HHN-EDI-01,2024-07-03,16,6.65625,11.645833333333334,0.0,0.5409782916906078
HHN-EDI-01,2024-07-04,16,7.28125,11.703125,0.0,0.5814521114268357
HHN-EDI-01,2024-07-05,16,6.786458333333333,11.6875,0.0,0.5496067704592521
HHN-EDI-01,2024-07-06,16,6.65625,11.692708333333334,0.0,0.529120547123764
HHN-EDI-01,2024-07-07,16,6.078125,11.609375,0.0,0.4758829720456559
HHN-EDI-01,2024-07-08,16,5.463541666666667,11.713541666666666,0.0,0.42513422970683995
HHN-EDI-01,2024-07-09,16,6.052083333333333,11.6875,0.0,0.46985182360871697
HHN-EDI-01,2024-07-10,16,7.401041666666667,11.71875,0.0,0.5912398680091695
HHN-EDI-01,2024-07-11,16,7.864583333333333,11.692708333333334,0.0,0.614603515017118
HHN-EDI-01,2024-07-12,16,7.713541666666667,11.661458333333334,0.0,0.6189392944677871
HHN-EDI-01,2024-07-13,16,6.947916666666667,11.630208333333334,0.0,0.5534568100744571
HHN-EDI-01,2024-07-14,16,6.442708333333333,11.651041666666666,0.0,0.49619500912010106
HHN-EDI-01,2024-07-15,16,7.578125,11.677083333333334,0.0,0.5735640516890517
HHN-EDI-01,2024-07-16,16,8.151041666666666,11.708333333333334,0.0,0.6290875204248366
HHN-EDI-01,2024-07-17,16,7.942708333333333,11.677083333333334,0.0,0.6241850125466853
HHN-EDI-01,2024-07-18,16,8.109375,11.682291666666666,0.0,0.6434128078314659
HHN-EDI-01,2024-07-19,16,7.265625,11.6875,0.0,0.5803854093720822
HHN-EDI-01,2024-07-20,16,7.526041666666667,11.598958333333334,0.0,0.6068025039877062
HHN-EDI-01,2024-07-21,16,7.619791666666667,11.640625,0.0,0.6138479176392779
HHN-EDI-01,2024-07-22,16,9.458333333333334,11.703125,0.0,0.7508101851851853
HHN-EDI-01,2024-07-23,16,9.567708333333334,11.713541666666666,0.0,0.7623417075163399
HHN-EDI-01,2024-07-24,16,9.130208333333334,11.677083333333334,0.0,0.707270390795207
HHN-EDI-01,2024-07-25,16,8.885416666666666,11.677083333333334,0.0,0.6963391005440638
HHN-EDI-01,2024-07-26,16,9.208333333333334,11.677083333333334,0.0,0.725778949400273
HHN-EDI-01,2024-07-27,16,8.661458333333334,11.619791666666666,0.0,0.6622120836849698
HHN-EDI-01,2024-07-28,16,7.776041666666667,11.666666666666666,0.0,0.5918369765106898
HHN-EDI-01,2024-07-29,16,6.739583333333333,11.682291666666666,0.0,0.528160112201932
HHN-EDI-01,2024-07-30,16,6.369791666666667,11.6875,0.0,0.5161914946266969
HHN-EDI-01,2024-07-31,16,6.260416666666667,11.708333333333334,0.0,0.528900694893342
HHN-EDI-01,2024-08-01,16,5.723958333333333,11.697916666666666,0.0,0.48230388041968925
HHN-EDI-01,2024-08-02,16,6.197916666666667,11.6875,0.0,0.5186184496501592
HHN-EDI-01,2024-08-03,16,6.015625,11.625,0.0,0.49147235951004337
HHN-EDI-01,2024-08-04,16,5.869791666666667,11.666666666666666,0.0,0.463816326477172
HHN-EDI-01,2024-08-05,16,6.463541666666667,11.713541666666666,0.0,0.4935428431522182
HHN-EDI-01,2024-08-06,16,8.348958333333334,11.671875,0.0,0.6495275447251551
HHN-EDI-01,2024-08-07,16,8.5,11.697916666666666,0.07291666666666667,0.6573874080882353
HHN-EDI-01,2024-08-08,16,8.135416666666666,11.713541666666666,0.125,0.6227873701563958
HHN-EDI-01,2024-08-09,16,7.916666666666667,11.729166666666666,0.125,0.6059078839869281
HHN-EDI-01,2024-08-10,16,7.75,11.635416666666666,0.125,0.5923198031883693
HHN-EDI-01,2024-08-11,16,8.046875,11.640625,0.125,0.6175626380359837
HHN-EDI-01,2024-08-12,16,8.401041666666666,11.6875,0.125,0.6396691896577007
HHN-EDI-01,2024-08-13,16,7.640625,11.692708333333334,0.005208333333333333,0.6071954763475903
HHN-EDI-01,2024-08-14,16,7.901041666666667,11.6875,0.0,0.6080538899587613
HHN-EDI-01,2024-08-15,16,7.572916666666667,11.6875,0.0,0.592633381477591
HHN-EDI-01,2024-08-16,16,7.791666666666667,11.6875,0.0,0.6289538471638655
HHN-EDI-01,2024-08-17,16,7.734375,11.614583333333334,0.0,0.6141739855664489
HHN-EDI-01,2024-08-18,16,8.567708333333334,11.630208333333334,0.0,0.6922919949229692
HHN-EDI-01,2024-08-19,16,8.026041666666666,11.713541666666666,0.0,0.6275673103108764
HHN-EDI-01,2024-08-20,16,7.78125,11.697916666666666,0.0,0.6383589934371184
HHN-EDI-01,2024-08-21,16,7.6875,11.703125,0.0,0.6325656998910675
HHN-EDI-01,2024-08-22,16,7.817708333333333,11.651041666666666,0.0,0.6378985227905264
HHN-EDI-01,2024-08-23,16,8.135416666666666,11.671875,0.0,0.6586020966880343
HHN-EDI-01,2024-08-24,16,7.0,11.619791666666666,0.0,0.5820691537833081
HHN-EDI-01,2024-08-25,16,5.151041666666667,11.661458333333334,0.0,0.4514250999545117
HHN-EDI-01,2024-08-26,16,4.130208333333333,11.682291666666666,0.0,0.36390792027280994
HHN-EDI-01,2024-08-27,16,4.583333333333333,11.703125,0.0,0.40664242526604655
HHN-EDI-01,2024-08-28,16,5.255208333333333,11.723958333333334,0.0,0.46100083663273
HHN-EDI-01,2024-08-29,16,5.927083333333333,11.71875,0.0,0.489455743568795
HHN-EDI-01,2024-08-30,16,5.708333333333333,11.682291666666666,0.0,0.4541659185041538
HHN-EDI-01,2024-08-31,16,5.984375,11.635416666666666,0.0,0.47689352917983435
HHN-EDI-01,2024-09-01,16,5.760416666666667,11.588541666666666,0.0,0.46959123860548496
HHN-EDI-01,2024-09-02,16,6.244791666666667,11.65625,0.0,0.48547199796050894
HHN-EDI-01,2024-09-03,16,8.15625,11.723958333333334,0.0,0.6436803226899734
HHN-EDI-01,2024-09-04,16,9.125,11.71875,0.0,0.7157797013035984
HHN-EDI-01,2024-09-05,16,9.984375,11.723958333333334,0.0,0.7800998357409203
HHN-EDI-01,2024-09-06,16,8.864583333333334,11.713541666666666,0.0,0.6901733529950441
HHN-EDI-01,2024-09-07,16,8.40625,11.677083333333334,0.0,0.6575646244074552
HHN-EDI-01,2024-09-08,16,8.979166666666666,11.588541666666666,0.0,0.7037915660388087
HHN-EDI-01,2024-09-09,16,9.53125,11.703125,0.0,0.7462257258672701
HHN-EDI-01,2024-09-10,16,9.5625,11.692708333333334,0.0,0.7657696011096746
HHN-EDI-01,2024-09-11,16,9.307291666666666,11.703125,0.0,0.7654794730392157
HHN-EDI-01,2024-09-12,16,8.838541666666666,11.713541666666666,0.0,0.7275372388538749
HHN-EDI-01,2024-09-13,16,7.859375,11.703125,0.0,0.6388927185457517
HHN-EDI-01,2024-09-14,16,7.755208333333333,11.635416666666666,0.0,0.6534424967903828
HHN-EDI-01,2024-09-15,16,8.213541666666666,11.651041666666666,0.0,0.6877572089198928
HHN-EDI-01,2024-09-16,16,8.869791666666666,11.703125,0.0,0.7295918567747611
HHN-EDI-01,2024-09-17,16,9.265625,11.682291666666666,0.0,0.7575954299989226
HHN-EDI-01,2024-09-18,16,8.333333333333334,11.6875,0.0,0.6828366562971343
HHN-EDI-01,2024-09-19,16,7.385416666666667,11.671875,0.0,0.6006368172268908
HHN-EDI-01,2024-09-20,16,7.604166666666667,11.6875,0.0,0.6205854998249299
HHN-EDI-01,2024-09-21,16,7.8125,11.645833333333334,0.0,0.614823811469032
HHN-EDI-01,2024-09-22,16,7.536458333333333,11.625,0.0,0.5826405301704015
HHN-EDI-01,2024-09-23,16,8.546875,11.713541666666666,0.0,0.6634206560562259
HHN-EDI-01,2024-09-24,16,8.255208333333334,11.697916666666666,0.0,0.6401021700079604
HHN-EDI-01,2024-09-25,16,8.34375,11.677083333333334,0.0,0.647909582502873
HHN-EDI-01,2024-09-26,16,8.598958333333334,11.677083333333334,0.0,0.689104869378307
HHN-EDI-01,2024-09-27,16,7.901041666666667,11.723958333333334,0.0,0.6577797351579521
HHN-EDI-01,2024-09-28,16,8.114583333333334,11.625,0.0,0.6482257138966697
HHN-EDI-01,2024-09-29,16,8.072916666666666,11.625,0.0,0.6318926622465225
HHN-EDI-01,2024-09-30,16,8.046875,11.71875,0.0,0.656296937845651
HHN-EDI-01,2024-10-01,16,7.395833333333333,11.703125,0.0,0.6227196520969499
HHN-EDI-01,2024-10-02,16,6.984375,11.677083333333334,0.0,0.5760026686956834
HHN-EDI-01,2024-10-03,16,7.572916666666667,11.703125,0.0,0.6032223125628456
HHN-EDI-01,2024-10-04,16,8.380208333333334,11.708333333333334,0.0,0.6589749481523378
HHN-EDI-01,2024-10-05,16,8.177083333333334,11.671875,0.0,0.6324234601693242
HHN-EDI-01,2024-10-06,16,6.864583333333333,11.630208333333334,0.11458333333333333,0.5237444289948886
HHN-EDI-01,2024-10-07,16,7.385416666666667,11.697916666666666,0.125,0.5619955327216356
HHN-EDI-01,2024-10-08,16,8.177083333333334,11.723958333333334,0.125,0.6153376120747445
HHN-EDI-01,2024-10-09,16,8.484375,11.71875,0.125,0.651194067370538
HHN-EDI-01,2024-10-10,16,7.984375,11.682291666666666,0.036458333333333336,0.6095192550845124
HHN-EDI-01,2024-10-11,16,8.713541666666666,11.708333333333334,0.0,0.6724739321476454
HHN-EDI-01,2024-10-12,16,8.8125,11.635416666666666,0.11458333333333333,0.6526188867641073
HHN-EDI-01,2024-10-13,16,9.333333333333334,11.703125,0.125,0.6894461951447246
HHN-EDI-01,2024-10-14,16,9.302083333333334,11.6875,0.11458333333333333,0.7078684859360411
HHN-EDI-01,2024-10-15,16,9.567708333333334,11.671875,0.0,0.727530126633987
HHN-EDI-01,2024-10-16,16,8.791666666666666,11.6875,0.0,0.6715339781746031
HHN-EDI-01,2024-10-17,16,9.078125,11.692708333333334,0.0,0.6969729297969187
HHN-EDI-01,2024-10-18,16,8.666666666666666,11.703125,0.0,0.6950644841269842
HHN-EDI-01,2024-10-19,16,9.130208333333334,11.661458333333334,0.0,0.7370248560161244
HHN-EDI-01,2024-10-20,16,8.770833333333334,11.598958333333334,0.0,0.7085243392228686
HHN-EDI-01,2024-10-21,16,9.223958333333334,11.697916666666666,0.0,0.7351457289646627
HHN-EDI-01,2024-10-22,16,9.671875,11.71875,0.0,0.7656004509175465
HHN-EDI-01,2024-10-23,16,9.125,11.671875,0.0,0.7232138087606838
HHN-EDI-01,2024-10-24,16,10.208333333333334,11.692708333333334,0.0,0.7949831495098039
HHN-EDI-01,2024-10-25,16,9.911458333333334,11.651041666666666,0.0,0.7855766939521535
HHN-EDI-01,2024-10-26,16,8.916666666666666,11.666666666666666,0.0,0.6965903007837752
HHN-EDI-01,2024-10-27,16,8.697916666666666,11.661458333333334,0.0,0.7075460933572146
HHN-EDI-01,2024-10-28,16,9.114583333333334,11.703125,0.0,0.7363798464097178
HHN-EDI-01,2024-10-29,16,8.651041666666666,11.697916666666666,0.0,0.6866941681854365
HHN-EDI-01,2024-10-30,16,8.489583333333334,11.692708333333334,0.0,0.702303096719457
HHN-EDI-01,2024-10-31,16,9.380208333333334,11.682291666666666,0.0,0.7536113243374273
HHN-EDI-01,2024-11-01,16,9.244791666666666,11.703125,0.0,0.7377695348972922
HHN-EDI-01,2024-11-02,16,8.84375,11.640625,0.0,0.7270246119281046
HHN-EDI-01,2024-11-03,16,8.223958333333334,11.625,0.0,0.6883943721719458
HHN-EDI-01,2024-11-04,16,7.848958333333333,11.671875,0.0,0.6861408645990448
HHN-EDI-01,2024-11-05,16,8.760416666666666,11.682291666666666,0.0,0.7170784038775766
HHN-EDI-01,2024-11-06,16,9.401041666666666,11.682291666666666,0.0,0.7522920285902823
HHN-EDI-01,2024-11-07,16,8.6875,11.697916666666666,0.0,0.6906721856744835
HHN-EDI-01,2024-11-08,16,9.005208333333334,11.71875,0.0,0.7042749912464986
HHN-EDI-01,2024-11-09,16,8.395833333333334,11.65625,0.0,0.6540484943977591
HHN-EDI-01,2024-11-10,16,8.447916666666666,11.651041666666666,0.0,0.6492435515873016
HHN-EDI-01,2024-11-11,16,8.916666666666666,11.708333333333334,0.0,0.7214920623698197
HHN-EDI-01,2024-11-12,16,8.302083333333334,11.666666666666666,0.0,0.663835456057423
HHN-EDI-01,2024-11-13,16,8.15625,11.697916666666666,0.0,0.629062718837535
HHN-EDI-01,2024-11-14,16,8.348958333333334,11.703125,0.0,0.6499574482570806
HHN-EDI-01,2024-11-15,16,8.390625,11.723958333333334,0.0,0.6559966955532213
HHN-EDI-01,2024-11-16,16,8.302083333333334,11.661458333333334,0.0,0.6573561629512916
HHN-EDI-01,2024-11-17,16,8.953125,11.666666666666666,0.0,0.7116650740157174
HHN-EDI-01,2024-11-18,16,10.416666666666666,11.677083333333334,0.0,0.8169662309368192
HHN-EDI-01,2024-11-19,16,10.927083333333334,11.671875,0.0,0.8661611519607844
HHN-EDI-01,2024-11-20,16,11.067708333333334,11.692708333333334,0.0,0.8745327818627451
HHN-EDI-01,2024-11-21,16,10.8125,11.697916666666666,0.0,0.8430380485527543
HHN-EDI-01,2024-11-22,16,10.9375,11.703125,0.0,0.8639029309640524
HHN-EDI-01,2024-11-23,16,10.755208333333334,11.666666666666666,0.0,0.8253929349517585
HHN-EDI-01,2024-11-24,16,10.25,11.666666666666666,0.0,0.7953583950941487
HHN-EDI-01,2024-11-25,16,9.921875,11.682291666666666,0.036458333333333336,0.7555073645376954
HHN-EDI-01,2024-11-26,16,9.546875,11.677083333333334,0.125,0.7354290721363332
HHN-EDI-01,2024-11-27,16,9.90625,11.708333333333334,0.125,0.7647286218173166
HHN-EDI-01,2024-11-28,16,9.192708333333334,11.677083333333334,0.125,0.7317648153011205
HHN-EDI-01,2024-11-29,16,9.5,11.677083333333334,0.125,0.7433405633888172
HHN-EDI-01,2024-11-30,16,10.057291666666666,11.640625,0.0625,0.7680635281623333
HHN-EDI-01,2024-12-01,16,10.09375,11.5625,0.0,0.7770543560640069
HHN-EDI-01,2024-12-02,16,10.401041666666666,11.661458333333334,0.0,0.795734206476394
HHN-EDI-01,2024-12-03,16,10.026041666666666,11.619791666666666,0.0,0.782766371105066
HHN-EDI-01,2024-12-04,16,10.463541666666666,11.598958333333334,0.0,0.8179242810906414
HHN-EDI-01,2024-12-05,16,10.651041666666666,11.666666666666666,0.0,0.804016636702758
HHN-EDI-01,2024-12-06,16,10.510416666666666,11.609375,0.0,0.8104451248982499
HHN-EDI-01,2024-12-07,16,10.21875,11.572916666666666,0.0,0.7816171607531901
HHN-EDI-01,2024-12-08,16,9.3125,11.5625,0.0,0.7217029319740716
HHN-EDI-01,2024-12-09,16,8.895833333333334,11.682291666666666,0.0,0.6979071462986904
HHN-EDI-01,2024-12-10,16,8.21875,11.677083333333334,0.109375,0.6409693979087362
HHN-EDI-01,2024-12-11,16,8.723958333333334,11.661458333333334,0.125,0.702689260800474
HHN-EDI-01,2024-12-12,16,9.661458333333334,11.645833333333334,0.125,0.7692570437630181
HHN-EDI-01,2024-12-13,16,9.947916666666666,11.630208333333334,0.125,0.769070049894958
HHN-EDI-01,2024-12-14,16,10.104166666666666,11.588541666666666,0.005208333333333333,0.7932356756805286
HHN-EDI-01,2024-12-15,16,9.921875,11.604166666666666,0.0,0.7999595431121166
HHN-EDI-01,2024-12-16,16,8.9375,11.635416666666666,0.0,0.726716111791939
HHN-EDI-01,2024-12-17,16,8.739583333333334,11.630208333333334,0.0,0.6892197590841893
HHN-EDI-01,2024-12-18,16,9.635416666666666,11.640625,0.0,0.7609387157640835
HHN-EDI-01,2024-12-19,16,10.020833333333334,11.65625,0.0,0.7716415078317652
HHN-EDI-01,2024-12-20,16,10.333333333333334,11.640625,0.0,0.8012137393686106
HHN-EDI-01,2024-12-21,16,10.197916666666666,11.609375,0.0,0.7972862789613709
HHN-EDI-01,2024-12-22,16,9.864583333333334,11.598958333333334,0.0,0.771313349725574
HHN-EDI-01,2024-12-23,16,9.96875,11.630208333333334,0.0,0.7825960098248701
HHN-EDI-01,2024-12-24,16,10.015625,11.614583333333334,0.0,0.7913515219121837
HHN-EDI-01,2024-12-25,16,10.078125,11.630208333333334,0.0,0.790271853265879
HHN-EDI-01,2024-12-26,16,11.0,11.651041666666666,0.0,0.868421631473102
HHN-EDI-01,2024-12-27,16,10.572916666666666,11.614583333333334,0.0,0.8398488562091503
HHN-EDI-01,2024-12-28,16,9.619791666666666,11.598958333333334,0.0,0.7765287859267639
HHN-EDI-01,2024-12-29,16,9.34375,11.572916666666666,0.0,0.7446022459464555
HHN-EDI-01,2024-12-30,16,10.088541666666666,11.619791666666666,0.0,0.7964626174989227
HHN-EDI-01,2024-12-31,16,9.645833333333334,11.666666666666666,0.0,0.7580535065254734
HHN-EDI-01,2025-01-01,16,9.828125,11.661458333333334,0.0,0.7798635332872466
HHN-EDI-01,2025-01-02,16,10.583333333333334,11.651041666666666,0.0,0.836333885851349
HHN-EDI-01,2025-01-03,16,10.270833333333334,11.671875,0.0,0.7853691443190525
HHN-EDI-01,2025-01-04,16,10.130208333333334,11.645833333333334,0.0,0.7620628346156839
HHN-EDI-01,2025-01-05,16,9.583333333333334,11.536458333333334,0.0,0.7322188330460389
HHN-EDI-01,2025-01-06,16,9.296875,11.640625,0.0,0.7081302025350739
HHN-EDI-01,2025-01-07,16,9.510416666666666,11.598958333333334,0.0,0.7332280388116784
HHN-EDI-01,2025-01-08,16,9.854166666666666,11.671875,0.0,0.7307751131969882
HHN-EDI-01,2025-01-09,16,9.723958333333334,11.645833333333334,0.0,0.7578622855392156
HHN-EDI-01,2025-01-10,16,9.848958333333334,11.614583333333334,0.0,0.7725234885620914
HHN-EDI-01,2025-01-11,16,10.453125,11.630208333333334,0.0,0.8187960400506357
HHN-EDI-01,2025-01-12,16,9.880208333333334,11.578125,0.0,0.7827629529375852
HHN-EDI-01,2025-01-13,16,8.989583333333334,11.651041666666666,0.0,0.725900320063923
HHN-EDI-01,2025-01-14,16,8.755208333333334,11.651041666666666,0.0,0.717544106985743
HHN-EDI-01,2025-01-15,16,9.4375,11.614583333333334,0.0,0.7486120369622208
HHN-EDI-01,2025-01-16,16,10.307291666666666,11.661458333333334,0.0,0.8040280789131892
HHN-EDI-01,2025-01-17,16,10.640625,11.65625,0.0,0.853488719205631
HHN-EDI-01,2025-01-18,16,9.84375,11.5625,0.0,0.786941557472348
HHN-EDI-01,2025-01-19,16,9.130208333333334,11.552083333333334,0.0,0.7416938249658838
HHN-EDI-01,2025-01-20,16,9.557291666666666,11.651041666666666,0.0,0.7798063175590749
HHN-EDI-01,2025-01-21,16,10.552083333333334,11.651041666666666,0.0,0.8414560355392157
HHN-EDI-01,2025-01-22,16,10.651041666666666,11.625,0.0,0.8518462546610525
HHN-EDI-01,2025-01-23,16,10.307291666666666,11.671875,0.0,0.8162825226244345
HHN-EDI-01,2025-01-24,16,9.21875,11.640625,0.0,0.7375043720746847
HHN-EDI-01,2025-01-25,16,8.473958333333334,11.59375,0.0,0.6786636068690296
HHN-EDI-01,2025-01-26,16,8.510416666666666,11.598958333333334,0.0,0.6892250476579521
HHN-EDI-01,2025-01-27,16,8.901041666666666,11.651041666666666,0.0,0.7278216247770476
HHN-EDI-01,2025-01-28,16,9.114583333333334,11.604166666666666,0.0,0.7336178081008043
HHN-EDI-01,2025-01-29,16,9.5,11.645833333333334,0.0,0.7916894482151835
HHN-EDI-01,2025-01-30,16,9.5,11.65625,0.0,0.753506450657186
HHN-EDI-01,2025-01-31,16,9.203125,11.619791666666666,0.0,0.7246310156006848
HHN-EDI-01,2025-02-01,16,9.666666666666666,11.552083333333334,0.0,0.7564260239352151
HHN-EDI-01,2025-02-02,16,10.755208333333334,11.604166666666666,0.0,0.8531906512605042
HHN-EDI-01,2025-02-03,16,10.880208333333334,11.635416666666666,0.0,0.8597625248015873
HHN-EDI-01,2025-02-04,16,10.890625,11.651041666666666,0.0,0.8339234652194211
HHN-EDI-01,2025-02-05,16,10.510416666666666,11.645833333333334,0.0,0.8078569969654529
HHN-EDI-01,2025-02-06,16,10.255208333333334,11.65625,0.0,0.7784543504901961
HHN-EDI-01,2025-02-07,16,9.661458333333334,11.640625,0.0,0.7374669779770883
HHN-EDI-01,2025-02-08,16,8.984375,11.609375,0.0,0.6910758380542389
HHN-EDI-01,2025-02-09,16,8.010416666666666,11.604166666666666,0.0,0.6186012232083004
HHN-EDI-01,2025-02-10,16,8.208333333333334,11.630208333333334,0.0,0.5993565475068233
HHN-EDI-01,2025-02-11,16,9.229166666666666,11.635416666666666,0.0,0.6869617204520697
HHN-EDI-01,2025-02-12,16,10.161458333333334,11.635416666666666,0.0,0.7527062908496732
HHN-EDI-01,2025-02-13,16,9.78125,11.625,0.0,0.7323968302598818
HHN-EDI-01,2025-02-14,16,10.166666666666666,11.645833333333334,0.0,0.7693723496342981
HHN-EDI-01,2025-02-15,16,10.635416666666666,11.625,0.0,0.8331073835784314
HHN-EDI-01,2025-02-16,16,10.510416666666666,11.557291666666666,0.0,0.8342665070836026
HHN-EDI-01,2025-02-17,16,9.453125,11.640625,0.0,0.7608500865624027
HHN-EDI-01,2025-02-18,16,7.729166666666667,11.661458333333334,0.0,0.6547296262254901
HHN-EDI-01,2025-02-19,16,8.020833333333334,11.640625,0.026041666666666668,0.6648279450669157
HHN-EDI-01,2025-02-20,16,9.0,11.677083333333334,0.125,0.7362911049836601
HHN-EDI-01,2025-02-21,16,9.739583333333334,11.661458333333334,0.125,0.796665827789449
HHN-EDI-01,2025-02-22,16,8.75,11.630208333333334,0.125,0.7103898590686275
HHN-EDI-01,2025-02-23,16,9.40625,11.578125,0.020833333333333332,0.7684660582983193
HHN-EDI-01,2025-02-24,16,9.942708333333334,11.640625,0.0,0.8076335956391104
HHN-EDI-01,2025-02-25,16,9.822916666666666,11.635416666666666,0.0,0.7786083877995642
HHN-EDI-01,2025-02-26,16,9.864583333333334,11.630208333333334,0.0,0.7641297083737341
HHN-EDI-01,2025-02-27,16,10.260416666666666,11.666666666666666,0.0,0.8103266860964471
HHN-EDI-01,2025-02-28,16,10.005208333333334,11.609375,0.0,0.8010141810463501
HHN-EDI-01,2025-03-01,16,8.90625,11.677083333333334,0.0,0.7284714319755681
HHN-EDI-01,2025-03-02,16,9.234375,11.666666666666666,0.0,0.7521661970076492
HHN-EDI-01,2025-03-03,16,9.916666666666666,11.682291666666666,0.0,0.7968831502953746
HHN-EDI-01,2025-03-04,16,10.90625,11.682291666666666,0.0,0.8655088337418301
HHN-EDI-01,2025-03-05,16,11.130208333333334,11.71875,0.0,0.8898207720588235
HHN-EDI-01,2025-03-06,16,10.286458333333334,11.708333333333334,0.0,0.7946793300653594
HHN-EDI-01,2025-03-07,16,9.697916666666666,11.697916666666666,0.0,0.7595312864729226
HHN-EDI-01,2025-03-08,16,9.875,11.635416666666666,0.0,0.7845715890522875
HHN-EDI-01,2025-03-09,16,9.864583333333334,11.651041666666666,0.0,0.7827309830182072
HHN-EDI-01,2025-03-10,16,10.0,11.697916666666666,0.0,0.7882014163838612
HHN-EDI-01,2025-03-11,16,10.192708333333334,11.666666666666666,0.0,0.8061704937049606
HHN-EDI-01,2025-03-12,16,10.380208333333334,11.703125,0.0,0.8146501395697169
HHN-EDI-01,2025-03-13,16,9.765625,11.666666666666666,0.0,0.7585673071311857
HHN-EDI-01,2025-03-14,16,10.5625,11.677083333333334,0.03125,0.8529428177521008
HHN-EDI-01,2025-03-15,16,10.109375,11.677083333333334,0.25,0.7903896888616558
HHN-EDI-01,2025-03-16,16,9.921875,11.651041666666666,0.08333333333333333,0.7886456144957984
HHN-EDI-01,2025-03-17,16,10.09375,11.703125,0.0,0.7888377145730087
HHN-EDI-01,2025-03-18,16,10.46875,11.692708333333334,0.0,0.8156059919961574
HHN-EDI-01,2025-03-19,16,10.322916666666666,11.703125,0.0,0.832092412285427
HHN-EDI-01,2025-03-20,16,9.994791666666666,11.6875,0.0,0.8081872171945701
HHN-EDI-01,2025-03-21,16,8.953125,11.697916666666666,0.0,0.7203190510980032
HHN-EDI-01,2025-03-22,16,8.098958333333334,11.661458333333334,0.0,0.6622240402571286
HHN-EDI-01,2025-03-23,16,7.916666666666667,11.640625,0.09375,0.6356653231538342
HHN-EDI-01,2025-03-24,16,9.755208333333334,11.703125,0.25,0.79210460826959
HHN-EDI-01,2025-03-25,16,9.59375,11.703125,0.25,0.754667467948718
HHN-EDI-01,2025-03-26,16,8.625,11.708333333333334,0.25,0.6728501269631785
HHN-EDI-01,2025-03-27,16,8.411458333333334,11.708333333333334,0.25,0.6638964172741746
HHN-EDI-01,2025-03-28,16,8.026041666666666,11.677083333333334,0.25,0.6471665776353276
HHN-EDI-01,2025-03-29,16,7.786458333333333,11.598958333333334,0.08333333333333333,0.6359193336789845
HHN-EDI-01,2025-03-30,16,7.5,11.651041666666666,0.0,0.6057960523953171
HHN-EDI-01,2025-03-31,16,8.145833333333334,11.677083333333334,0.0,0.6671152976414926
HHN-EDI-01,2025-04-01,16,9.0,11.703125,0.0,0.7357104700854701
HHN-EDI-01,2025-04-02,16,9.380208333333334,11.677083333333334,0.0,0.7450661254084968
HHN-EDI-01,2025-04-03,16,8.661458333333334,11.697916666666666,0.0,0.6986754250311237
HHN-EDI-01,2025-04-04,16,8.015625,11.697916666666666,0.0,0.6314105837313558
HHN-EDI-01,2025-04-05,16,7.953125,11.598958333333334,0.0,0.6371084397968589
HHN-EDI-01,2025-04-06,16,8.307291666666666,11.619791666666666,0.0,0.6664571811630635
HHN-EDI-01,2025-04-07,16,8.546875,11.692708333333334,0.0,0.6869278754503938
HHN-EDI-01,2025-04-08,16,8.463541666666666,11.666666666666666,0.0,0.7084141816448802
HHN-EDI-01,2025-04-09,16,8.34375,11.692708333333334,0.0,0.6715967536854485
HHN-EDI-01,2025-04-10,16,8.78125,11.677083333333334,0.0,0.707250816993464
HHN-EDI-01,2025-04-11,16,9.03125,11.661458333333334,0.0,0.7276429916250687
HHN-EDI-01,2025-04-12,16,9.421875,11.640625,0.0,0.7638556985294117
HHN-EDI-01,2025-04-13,16,8.541666666666666,11.640625,0.0,0.6775080511638416
HHN-EDI-01,2025-04-14,16,8.744791666666666,11.677083333333334,0.0,0.6962787892934951
HHN-EDI-01,2025-04-15,16,9.932291666666666,11.6875,0.0,0.7871094030560942
HHN-EDI-01,2025-04-16,16,10.244791666666666,11.703125,0.0,0.7775713690925089
HHN-EDI-01,2025-04-17,16,9.557291666666666,11.692708333333334,0.0,0.7461083391690009
HHN-EDI-01,2025-04-18,16,8.645833333333334,11.677083333333334,0.0,0.6857237686741363
HHN-EDI-01,2025-04-19,16,8.578125,11.614583333333334,0.0,0.7039651958539827
HHN-EDI-01,2025-04-20,16,8.859375,11.619791666666666,0.0,0.7210246197838109
HHN-EDI-01,2025-04-21,16,8.760416666666666,11.723958333333334,0.0,0.7002244768099547
HHN-EDI-01,2025-04-22,16,8.869791666666666,11.671875,0.0,0.6956430335221695
HHN-EDI-01,2025-04-23,16,9.208333333333334,11.713541666666666,0.0,0.7269116721207713
HHN-EDI-01,2025-04-24,16,9.135416666666666,11.6875,0.0,0.7299510308931265
HHN-EDI-01,2025-04-25,16,8.46875,11.682291666666666,0.0,0.6856668709150328
HHN-EDI-01,2025-04-26,16,8.015625,11.609375,0.0,0.6416984542214322
HHN-EDI-01,2025-04-27,16,7.411458333333333,11.640625,0.0,0.5915277188599799
HHN-EDI-01,2025-04-28,16,7.28125,11.723958333333334,0.0,0.5833291108911514
HHN-EDI-01,2025-04-29,16,8.765625,11.6875,0.0,0.7261975369741913
HHN-EDI-01,2025-04-30,16,8.895833333333334,11.697916666666666,0.0,0.6933302106900453
HHN-EDI-01,2025-05-01,16,8.765625,11.6875,0.0,0.6741387480472958
HHN-EDI-01,2025-05-02,16,8.619791666666666,11.682291666666666,0.0,0.679204233776844
HHN-EDI-01,2025-05-03,16,8.583333333333334,11.666666666666666,0.0,0.646935844316359
HHN-EDI-01,2025-05-04,16,7.1875,11.671875,0.0,0.5372360061813187
HHN-EDI-01,2025-05-05,16,5.916666666666667,11.65625,0.0,0.45059473308554193
HHN-EDI-01,2025-05-06,16,5.526041666666667,11.6875,0.0,0.41804841527957337
HHN-EDI-01,2025-05-07,16,7.041666666666667,11.697916666666666,0.0,0.568097438628229
HHN-EDI-01,2025-05-08,16,8.984375,11.703125,0.0,0.6864846546257392
HHN-EDI-01,2025-05-09,16,9.057291666666666,11.65625,0.0,0.7174685238678805
HHN-EDI-01,2025-05-10,16,8.40625,11.677083333333334,0.0,0.6670195421918766
HHN-EDI-01,2025-05-11,16,8.421875,11.651041666666666,0.0,0.6778224711358902
HHN-EDI-01,2025-05-12,16,8.192708333333334,11.723958333333334,0.0,0.6511093239379085
HHN-EDI-01,2025-05-13,16,8.244791666666666,11.692708333333334,0.0,0.6488670668587948
HHN-EDI-01,2025-05-14,16,7.630208333333333,11.71875,0.0,0.6200340292366947
HHN-EDI-01,2025-05-15,16,7.479166666666667,11.697916666666666,0.0,0.6029411764705882
HHN-EDI-01,2025-05-16,16,7.291666666666667,11.677083333333334,0.0,0.5757382680636357
HHN-EDI-01,2025-05-17,16,6.916666666666667,11.625,0.0,0.5358907071108358
HHN-EDI-01,2025-05-18,16,6.359375,11.645833333333334,0.0,0.5134196927969906
HHN-EDI-01,2025-05-19,16,6.729166666666667,11.65625,0.0,0.5656072872525079
HHN-EDI-01,2025-05-20,16,7.625,11.6875,0.0,0.6291498423621585
HHN-EDI-01,2025-05-21,16,7.869791666666667,11.697916666666666,0.0,0.6379489021837367
HHN-EDI-01,2025-05-22,16,7.572916666666667,11.697916666666666,0.0,0.6137459524408054
HHN-EDI-01,2025-05-23,16,7.838541666666667,11.65625,0.0,0.6323054515609663
HHN-EDI-01,2025-05-24,16,7.46875,11.630208333333334,0.0,0.581765680364026
HHN-EDI-01,2025-05-25,16,7.651041666666667,11.625,0.09375,0.6008351925171779
HHN-EDI-01,2025-05-26,16,7.994791666666667,11.71875,0.25,0.6149190665849673
HHN-EDI-01,2025-05-27,16,7.453125,11.6875,0.15625,0.5846101100696689
HHN-EDI-01,2025-05-28,16,7.171875,11.677083333333334,0.0,0.549691172542735
HHN-EDI-01,2025-05-29,16,7.255208333333333,11.703125,0.0,0.5711263558575139
HHN-EDI-01,2025-05-30,16,7.5,11.6875,0.0,0.5792732938527975
HHN-EDI-01,2025-05-31,16,7.015625,11.65625,0.0,0.5568857885034356
HHN-EDI-01,2025-06-01,16,6.536458333333333,11.630208333333334,0.0,0.519786710090019
HHN-EDI-01,2025-06-02,16,5.661458333333333,11.708333333333334,0.0,0.4510928409825468
HHN-EDI-01,2025-06-03,16,6.15625,11.6875,0.0,0.4810484683991118
HHN-EDI-01,2025-06-04,16,6.677083333333333,11.677083333333334,0.0,0.5234515140190692
HHN-EDI-01,2025-06-05,16,7.708333333333333,11.703125,0.0,0.6239793473479135
HHN-EDI-01,2025-06-06,16,9.109375,11.692708333333334,0.0,0.7279865104428523
HHN-EDI-01,2025-06-07,16,9.473958333333334,11.635416666666666,0.0,0.7629250919117646
HHN-EDI-01,2025-06-08,16,9.098958333333334,11.625,0.0,0.7386760693860878
HHN-EDI-01,2025-06-09,16,9.578125,11.723958333333334,0.0,0.7649219002504849
HHN-EDI-01,2025-06-10,16,8.697916666666666,11.703125,0.0,0.7004267331932773
HHN-EDI-01,2025-06-11,16,8.197916666666666,11.692708333333334,0.0,0.6614929826097106
HHN-EDI-01,2025-06-12,16,8.510416666666666,11.713541666666666,0.0,0.6705355927093058
HHN-EDI-01,2025-06-13,16,8.96875,11.697916666666666,0.0,0.7068600096288514
HHN-EDI-01,2025-06-14,16,8.083333333333334,11.651041666666666,0.0,0.6330931451106083
HHN-EDI-01,2025-06-15,16,7.869791666666667,11.625,0.0,0.6119624873186454
HHN-EDI-01,2025-06-16,16,8.421875,11.697916666666666,0.0,0.6313465831043956
HHN-EDI-01,2025-06-17,16,8.041666666666666,11.734375,0.0,0.6143938705289808
HHN-EDI-01,2025-06-18,16,8.46875,11.692708333333334,0.0,0.6328540230194643
HHN-EDI-01,2025-06-19,16,8.729166666666666,11.692708333333334,0.0,0.6611621919066771
HHN-EDI-01,2025-06-20,16,8.755208333333334,11.697916666666666,0.0,0.6718637495062127
HHN-EDI-01,2025-06-21,16,8.947916666666666,11.661458333333334,0.0,0.6802141736769495
HHN-EDI-01,2025-06-22,16,7.682291666666667,11.635416666666666,0.0,0.575308906949532
HHN-EDI-01,2025-06-23,16,7.489583333333333,11.65625,0.0,0.5894135097949437
HHN-EDI-01,2025-06-24,16,7.890625,11.677083333333334,0.0,0.6360125266719936
HHN-EDI-01,2025-06-25,16,7.692708333333333,11.666666666666666,0.0,0.588927063881108
HHN-EDI-01,2025-06-26,16,7.307291666666667,11.661458333333334,0.0,0.582659902903469
HHN-EDI-01,2025-06-27,16,7.333333333333333,11.651041666666666,0.0,0.594222993016651
HHN-EDI-01,2025-06-28,16,6.901041666666667,11.645833333333334,0.0,0.5414131190670712
HHN-EDI-01,2025-06-29,16,6.140625,11.65625,0.09375,0.48079106308655944
HHN-EDI-01,2025-06-30,16,6.588541666666667,11.6875,0.25,0.5082373253788695
HHN-EDI-01,2025-07-01,16,7.682291666666667,11.71875,0.25,0.6040037589555053
HHN-EDI-01,2025-07-02,16,7.760416666666667,11.729166666666666,0.25,0.5983918527346836
HHN-EDI-01,2025-07-03,16,7.609375,11.708333333333334,0.010416666666666666,0.5944444725005387
HHN-EDI-01,2025-07-04,16,7.135416666666667,11.729166666666666,0.0,0.5698260353821015
HHN-EDI-01,2025-07-05,16,6.322916666666667,11.630208333333334,0.0,0.4976302700567406
HHN-EDI-01,2025-07-06,16,5.942708333333333,11.635416666666666,0.0,0.4678413426000742
HHN-EDI-01,2025-07-07,16,6.307291666666667,11.71875,0.0,0.5026548640289449
HHN-EDI-01,2025-07-08,16,7.234375,11.713541666666666,0.0,0.5708347221099979
HHN-EDI-01,2025-07-09,16,6.942708333333333,11.677083333333334,0.0,0.5403152186355311
HHN-EDI-01,2025-07-10,16,7.651041666666667,11.666666666666666,0.0,0.627855619411226
HHN-EDI-01,2025-07-11,16,8.265625,11.703125,0.0,0.6530957655498096
HHN-EDI-01,2025-07-12,16,8.005208333333334,11.635416666666666,0.0,0.6416898784086283
HHN-EDI-01,2025-07-13,16,7.546875,11.645833333333334,0.0,0.5935286982047092
HHN-EDI-01,2025-07-14,16,7.671875,11.708333333333334,0.0,0.6056403831564677
HHN-EDI-01,2025-07-15,16,6.5625,11.692708333333334,0.0,0.4988138631520984
HHN-EDI-01,2025-07-16,16,7.213541666666667,11.703125,0.0,0.5658190640038067
HHN-EDI-01,2025-07-17,16,8.151041666666666,11.703125,0.0,0.6067053036492375
HHN-EDI-01,2025-07-18,16,8.276041666666666,11.6875,0.0,0.6185977302245684
HHN-EDI-01,2025-07-19,16,8.078125,11.6875,0.0,0.5947495357651608
HHN-EDI-01,2025-07-20,16,7.130208333333333,11.625,0.0,0.5281873593454476
HHN-EDI-01,2025-07-21,16,6.057291666666667,11.708333333333334,0.109375,0.44976148111488184
HHN-EDI-01,2025-07-22,16,6.927083333333333,11.713541666666666,0.125,0.526422570230015
HHN-EDI-01,2025-07-23,16,6.583333333333333,11.713541666666666,0.125,0.5059279487703201
HHN-EDI-01,2025-07-24,16,7.21875,11.713541666666666,0.125,0.578222957853013
HHN-EDI-01,2025-07-25,16,7.182291666666667,11.6875,0.09895833333333333,0.5716182727097249
HHN-EDI-01,2025-07-26,16,6.578125,11.677083333333334,0.0,0.5258040970127368
HHN-EDI-01,2025-07-27,16,6.09375,11.619791666666666,0.0,0.49691869269075156
HHN-EDI-01,2025-07-28,16,6.973958333333333,11.671875,0.0,0.5871834477647897
HHN-EDI-01,2025-07-29,16,6.984375,11.692708333333334,0.0,0.5584846538775766
HHN-EDI-01,2025-07-30,16,6.875,11.713541666666666,0.0,0.540094510694235
HHN-EDI-01,2025-07-31,16,7.098958333333333,11.708333333333334,0.0,0.5589053830666882
HHN-EDI-01,2025-08-01,16,6.755208333333333,11.671875,0.0,0.5476809627430032
HHN-EDI-01,2025-08-02,16,7.28125,11.630208333333334,0.0,0.5830232620558907
HHN-EDI-01,2025-08-03,16,7.786458333333333,11.640625,0.0,0.6133384096159832
HHN-EDI-01,2025-08-04,16,8.083333333333334,11.697916666666666,0.0,0.6491731869029663
HHN-EDI-01,2025-08-05,16,7.15625,11.682291666666666,0.0,0.5847464346315449
HHN-EDI-01,2025-08-06,16,6.520833333333333,11.666666666666666,0.109375,0.5181147913225119
HHN-EDI-01,2025-08-07,16,6.182291666666667,11.723958333333334,0.125,0.5066058634992459
HHN-EDI-01,2025-08-08,16,6.661458333333333,11.682291666666666,0.125,0.5266969027194212
HHN-EDI-01,2025-08-09,16,6.145833333333333,11.557291666666666,0.11979166666666667,0.4989916499452345
HHN-EDI-01,2025-08-10,16,5.666666666666667,11.661458333333334,0.0,0.4548088706636501
HHN-EDI-01,2025-08-11,16,5.515625,11.697916666666666,0.0,0.4358860404471618
HHN-EDI-01,2025-08-12,16,7.239583333333333,11.703125,0.0,0.5510322538470517
HHN-EDI-01,2025-08-13,16,8.338541666666666,11.645833333333334,0.0,0.6576001574508008
HHN-EDI-01,2025-08-14,16,7.78125,11.723958333333334,0.0,0.5873895618610693
HHN-EDI-01,2025-08-15,16,7.510416666666667,11.682291666666666,0.0,0.6012237553942518
HHN-EDI-01,2025-08-16,16,8.453125,11.625,0.0,0.6718430628127319
HHN-EDI-01,2025-08-17,16,8.640625,11.651041666666666,0.0,0.6941302208650554
HHN-EDI-01,2025-08-18,16,7.895833333333333,11.661458333333334,0.0,0.6287434732172784
HHN-EDI-01,2025-08-19,16,6.223958333333333,11.708333333333334,0.0,0.49712680812175297
HHN-EDI-01,2025-08-20,16,6.895833333333333,11.697916666666666,0.0,0.540572156346513
HHN-EDI-01,2025-08-21,16,7.28125,11.697916666666666,0.0,0.5506682353764155
HHN-EDI-01,2025-08-22,16,6.838541666666667,11.677083333333334,0.0,0.501744065013826
HHN-EDI-01,2025-08-23,16,6.6875,11.619791666666666,0.0,0.5111547897738155
HHN-EDI-01,2025-08-24,16,7.208333333333333,11.65625,0.0,0.545768794964567
HHN-EDI-01,2025-08-25,16,7.072916666666667,11.708333333333334,0.0,0.5377420539529915
HHN-EDI-01,2025-08-26,16,6.453125,11.6875,0.0,0.5130312281162465
HHN-EDI-01,2025-08-27,16,6.067708333333333,11.708333333333334,0.0,0.5074315216204003
HHN-EDI-01,2025-08-28,16,6.583333333333333,11.697916666666666,0.06770833333333333,0.5610758586287079
HHN-EDI-01,2025-08-29,16,6.916666666666667,11.713541666666666,0.125,0.5777529668384448
HHN-EDI-01,2025-08-30,16,7.0,11.65625,0.125,0.5813824247647777
HHN-EDI-01,2025-08-31,16,6.796875,11.651041666666666,0.125,0.5531431008567956
HHN-EDI-01,2025-09-01,16,6.994791666666667,11.703125,0.16666666666666666,0.573690514533805
HHN-EDI-01,2025-09-02,16,6.625,11.661458333333334,0.375,0.5127610993649597
HHN-EDI-01,2025-09-03,16,5.458333333333333,11.697916666666666,0.3489583333333333,0.44384174810415616
HHN-EDI-01,2025-09-04,16,5.90625,11.6875,0.25,0.48266158626912303
HHN-EDI-01,2025-09-05,16,7.0625,11.6875,0.25,0.5787200697586727
HHN-EDI-01,2025-09-06,16,7.036458333333333,11.697916666666666,0.03125,0.572001182283811
HHN-EDI-01,2025-09-07,16,6.885416666666667,11.671875,0.0,0.5803446625712251
HHN-EDI-01,2025-09-08,16,6.348958333333333,11.703125,0.0,0.5580443836188321
HHN-EDI-01,2025-09-09,16,5.8125,11.71875,0.0,0.5001026151646556
HHN-EDI-01,2025-09-10,16,6.239583333333333,11.692708333333334,0.0,0.5295276223470157
HHN-EDI-01,2025-09-11,16,6.791666666666667,11.682291666666666,0.0,0.5856788041071129
HHN-EDI-01,2025-09-12,16,7.791666666666667,11.666666666666666,0.0,0.6395063894949006
HHN-EDI-01,2025-09-13,16,8.09375,11.666666666666666,0.0,0.6566491026164739
HHN-EDI-01,2025-09-14,16,7.765625,11.645833333333334,0.0,0.6083367234447198
HHN-EDI-01,2025-09-15,16,7.557291666666667,11.671875,0.0,0.5987929940940051
HHN-EDI-01,2025-09-16,16,7.270833333333333,11.661458333333334,0.0625,0.6190611093529292
HHN-EDI-01,2025-09-17,16,7.421875,11.692708333333334,0.375,0.602508616961742
HHN-EDI-01,2025-09-18,16,8.458333333333334,11.692708333333334,0.3125,0.6848397492009625
HHN-EDI-01,2025-09-19,16,9.036458333333334,11.692708333333334,0.0,0.718254781880701
HHN-EDI-01,2025-09-20,16,8.901041666666666,11.661458333333334,0.0,0.7038284130425674
HHN-EDI-01,2025-09-21,16,9.963541666666666,11.625,0.0,0.7892998732612703
HHN-EDI-01,2025-09-22,16,8.614583333333334,11.713541666666666,0.0,0.6917043740573153
HHN-EDI-01,2025-09-23,16,9.0,11.713541666666666,0.0,0.7144120462020278
HHN-EDI-01,2025-09-24,16,9.328125,11.703125,0.0,0.7376859511165578
HHN-EDI-01,2025-09-25,16,9.354166666666666,11.671875,0.0,0.7389004760558069
HHN-EDI-01,2025-09-26,16,8.682291666666666,11.697916666666666,0.0,0.71029873287456
HHN-EDI-01,2025-09-27,16,8.442708333333334,11.635416666666666,0.0,0.6767896281108597
HHN-EDI-01,2025-09-28,16,9.515625,11.697916666666666,0.0,0.7437052224736048
HHN-EDI-01,2025-09-29,16,9.135416666666666,11.65625,0.0,0.7291989124709713
HHN-EDI-01,2025-09-30,16,8.708333333333334,11.682291666666666,0.0,0.7099023142911011
HHN-EDI-01,2025-10-01,16,7.776041666666667,11.65625,0.0,0.6471822142318465
HHN-EDI-01,2025-10-02,16,7.703125,11.703125,0.0,0.664939627026024
HHN-EDI-01,2025-10-03,16,7.666666666666667,11.640625,0.0,0.6618585114334196
HHN-EDI-01,2025-10-04,16,7.151041666666667,11.65625,0.0,0.5758409393404798
HHN-EDI-01,2025-10-05,16,7.229166666666667,11.6875,0.0,0.5861099327551533
HHN-EDI-01,2025-10-06,16,8.317708333333334,11.65625,0.0,0.6593168911528287
HHN-EDI-01,2025-10-07,16,9.848958333333334,11.713541666666666,0.0,0.7819836668641815
HHN-EDI-01,2025-10-08,16,9.723958333333334,11.692708333333334,0.0,0.7863605297888386
HHN-EDI-01,2025-10-09,16,8.729166666666666,11.713541666666666,0.0,0.7218516713576456
HHN-EDI-01,2025-10-10,16,8.96875,11.713541666666666,0.0,0.7362318224565466
HHN-EDI-01,2025-10-11,16,9.703125,11.677083333333334,0.0,0.7655930861928105
HHN-EDI-01,2025-10-12,16,9.411458333333334,11.640625,0.0,0.7484235982053078
HHN-EDI-01,2025-10-13,16,8.578125,11.692708333333334,0.0,0.7005659054487179
HHN-EDI-01,2025-10-14,16,8.010416666666666,11.703125,0.0,0.6818909274446958
HHN-EDI-01,2025-10-15,16,7.546875,11.697916666666666,0.0,0.6317315548014077
HHN-EDI-01,2025-10-16,16,7.739583333333333,11.692708333333334,0.125,0.6309651792073667
HHN-EDI-01,2025-10-17,16,8.53125,11.697916666666666,0.125,0.6896913492961287
HHN-EDI-01,2025-10-18,16,8.125,11.65625,0.125,0.6428206418785464
HHN-EDI-01,2025-10-19,16,8.098958333333334,11.640625,0.11979166666666667,0.6398001180974527
HHN-EDI-01,2025-10-20,16,9.088541666666666,11.71875,0.0,0.7169578889248007
HHN-EDI-01,2025-10-21,16,9.260416666666666,11.6875,0.0,0.719765055461287
HHN-EDI-01,2025-10-22,16,8.729166666666666,11.645833333333334,0.0,0.6975248025225048
HHN-EDI-01,2025-10-23,16,7.984375,11.703125,0.0,0.6316485461706051
HHN-EDI-01,2025-10-24,16,8.354166666666666,11.708333333333334,0.0,0.6603993934646508
HHN-EDI-01,2025-10-25,16,8.96875,11.666666666666666,0.0,0.6989460681441381
HHN-EDI-01,2025-10-26,16,9.536458333333334,11.666666666666666,0.0,0.7304551661743757
HHN-EDI-01,2025-10-27,16,9.802083333333334,11.671875,0.0,0.7685173401625608
HHN-EDI-01,2025-10-28,16,9.067708333333334,11.671875,0.0,0.7293170052476118
HHN-EDI-01,2025-10-29,16,8.828125,11.697916666666666,0.0,0.7223354098583878
HHN-EDI-01,2025-10-30,16,8.458333333333334,11.682291666666666,0.0,0.7005319575746966
HHN-EDI-01,2025-10-31,16,8.401041666666666,11.630208333333334,0.0,0.7119507738993033
HHN-EDI-01,2025-11-01,16,8.645833333333334,11.666666666666666,0.0,0.683188521802952
HHN-EDI-01,2025-11-02,16,9.09375,11.619791666666666,0.0,0.7091387256024205
HHN-EDI-01,2025-11-03,16,8.869791666666666,11.671875,0.0,0.7065107439877661
HHN-EDI-01,2025-11-04,16,9.604166666666666,11.713541666666666,0.0,0.7506459027254064
HHN-EDI-01,2025-11-05,16,9.005208333333334,11.682291666666666,0.0,0.7278599681058321
HHN-EDI-01,2025-11-06,16,9.541666666666666,11.697916666666666,0.0,0.7529860521933132
HHN-EDI-01,2025-11-07,16,9.994791666666666,11.71875,0.0,0.7790852619092509
HHN-EDI-01,2025-11-08,16,9.953125,11.609375,0.0,0.7824908088235295
HHN-EDI-01,2025-11-09,16,9.432291666666666,11.666666666666666,0.0,0.7469121182126698
HHN-EDI-01,2025-11-10,16,9.796875,11.703125,0.0,0.7847974406108597
HHN-EDI-01,2025-11-11,16,9.979166666666666,11.703125,0.0,0.7936966653648638
HHN-EDI-01,2025-11-12,16,9.65625,11.671875,0.0,0.7526820924683976
HHN-EDI-01,2025-11-13,16,9.807291666666666,11.661458333333334,0.0,0.7621014772094735
HHN-EDI-01,2025-11-14,16,9.036458333333334,11.713541666666666,0.0,0.689648582456487
HHN-EDI-01,2025-11-15,16,8.880208333333334,11.65625,0.0,0.6785652889628073
HHN-EDI-01,2025-11-16,16,8.833333333333334,11.697916666666666,0.0,0.6873327716503268
HHN-EDI-01,2025-11-17,16,10.348958333333334,11.723958333333334,0.0,0.791616881127451
HHN-EDI-01,2025-11-18,16,10.760416666666666,11.703125,0.0,0.8219774889122315
HHN-EDI-01,2025-11-19,16,9.6875,11.71875,0.0,0.7779656133286648
HHN-EDI-01,2025-11-20,16,9.458333333333334,11.703125,0.0,0.7488447201797386
HHN-EDI-01,2025-11-21,16,9.807291666666666,11.692708333333334,0.0,0.7780358237044819
HHN-EDI-01,2025-11-22,16,10.078125,11.588541666666666,0.0,0.8062985089869281
HHN-EDI-01,2025-11-23,16,9.208333333333334,11.625,0.0,0.7412946428571429
HHN-EDI-01,2025-11-24,16,8.640625,11.692708333333334,0.0,0.6958656726579521
HHN-EDI-01,2025-11-25,16,9.375,11.6875,0.0,0.7554959223272643
HHN-EDI-01,2025-11-26,16,10.161458333333334,11.703125,0.0,0.7965358626089324
HHN-EDI-01,2025-11-27,16,9.71875,11.6875,0.0,0.7623910675381264
HHN-EDI-01,2025-11-28,16,9.177083333333334,11.703125,0.0,0.7318731398809524
HHN-EDI-01,2025-11-29,16,8.489583333333334,11.635416666666666,0.0,0.6761340647370059
HHN-EDI-01,2025-11-30,16,9.0,11.661458333333334,0.0,0.6970732303338002
HHN-EDI-01,2025-12-01,16,9.692708333333334,11.661458333333334,0.0,0.7437514589169001
HHN-EDI-01,2025-12-02,16,9.619791666666666,11.651041666666666,0.0,0.763188356271996
HHN-EDI-01,2025-12-03,16,10.182291666666666,11.635416666666666,0.0,0.8048394097222222
HHN-EDI-01,2025-12-04,16,10.53125,11.604166666666666,0.0,0.8345060593681918
HHN-EDI-01,2025-12-05,16,10.708333333333334,11.661458333333334,0.0,0.845141441993464
HHN-EDI-01,2025-12-06,16,10.005208333333334,11.640625,0.0,0.776166160908808
HHN-EDI-01,2025-12-07,16,9.958333333333334,11.604166666666666,0.0,0.7708375277194212
HHN-EDI-01,2025-12-08,16,9.802083333333334,11.666666666666666,0.010416666666666666,0.7899654152526395
HHN-EDI-01,2025-12-09,16,9.65625,11.666666666666666,0.125,0.7749173186902967
HHN-EDI-01,2025-12-10,16,9.026041666666666,11.614583333333334,0.057291666666666664,0.7337263805094687
HHN-EDI-01,2025-12-11,16,8.916666666666666,11.640625,0.0,0.7126697487221384
HHN-EDI-01,2025-12-12,16,9.661458333333334,11.625,0.0,0.7877719757774905
HHN-EDI-01,2025-12-13,16,9.635416666666666,11.59375,0.0,0.7714879100678732
HHN-EDI-01,2025-12-14,16,9.192708333333334,11.598958333333334,0.0,0.7346811808323758
HHN-EDI-01,2025-12-15,16,10.041666666666666,11.635416666666666,0.0,0.791461632730015
HHN-EDI-01,2025-12-16,16,9.885416666666666,11.651041666666666,0.0,0.7846960038021619
HHN-EDI-01,2025-12-17,16,10.338541666666666,11.661458333333334,0.0,0.8238011210093011
HHN-EDI-01,2025-12-18,16,10.8125,11.666666666666666,0.0,0.8452441553544494
HHN-EDI-01,2025-12-19,16,10.572916666666666,11.645833333333334,0.0,0.8264566303284134
HHN-EDI-01,2025-12-20,16,9.828125,11.567708333333334,0.0,0.7830318144886159
HHN-EDI-01,2025-12-21,16,9.380208333333334,11.588541666666666,0.0,0.7429454213576455
HHN-EDI-01,2025-12-22,16,10.34375,11.692708333333334,0.0,0.8136144020909647
HHN-EDI-01,2025-12-23,16,10.671875,11.666666666666666,0.0,0.8153692733770859
HHN-EDI-01,2025-12-24,16,10.927083333333334,11.671875,0.0,0.8428484594959779
HHN-EDI-01,2025-12-25,16,10.515625,11.666666666666666,0.0,0.8138678468182144
HHN-EDI-01,2025-12-26,16,10.75,11.671875,0.0,0.8543288308913309
HHN-EDI-01,2025-12-27,16,10.494791666666666,11.635416666666666,0.0,0.8213913129354306
HHN-EDI-01,2025-12-28,16,10.729166666666666,11.59375,0.0,0.8535761139391654
HHN-EDI-01,2025-12-29,16,10.854166666666666,11.635416666666666,0.0,0.8749376453305682
HHN-EDI-01,2025-12-30,16,11.239583333333334,11.598958333333334,0.0,0.8932692307692308
HHN-EDI-01,2025-12-31,16,11.005208333333334,11.640625,0.0,0.8687027675653595
HHN-LON-01,2024-01-01,38,2.9010416666666665,27.744791666666668,0.0,0.09865573789974345
HHN-LON-01,2024-01-02,38,10.395833333333334,27.713541666666668,0.0,0.3458661402177767
HHN-LON-01,2024-01-03,38,16.213541666666668,27.927083333333332,0.0,0.5380796475205579
HHN-LON-01,2024-01-04,38,21.0625,27.822916666666668,0.0,0.6870045195316093
HHN-LON-01,2024-01-05,38,22.244791666666668,27.75,0.0,0.7325447678074419
HHN-LON-01,2024-01-06,38,21.989583333333332,27.729166666666668,0.0,0.7114477522148955
HHN-LON-01,2024-01-07,38,22.046875,27.6875,0.0,0.7135605432347013
HHN-LON-01,2024-01-08,38,21.90625,27.895833333333332,0.0,0.7176105410133934
HHN-LON-01,2024-01-09,38,21.489583333333332,27.838541666666668,0.0,0.7052421136583288
HHN-LON-01,2024-01-10,38,22.390625,27.796875,0.0,0.7447586459728001
HHN-LON-01,2024-01-11,38,23.3125,27.828125,0.0,0.7684523166189189
HHN-LON-01,2024-01-12,38,24.104166666666668,27.796875,0.0,0.7946485976453465
HHN-LON-01,2024-01-13,38,25.598958333333332,27.609375,0.0,0.8444595840726281
HHN-LON-01,2024-01-14,38,26.8125,27.677083333333332,0.0,0.8741676062810931
HHN-LON-01,2024-01-15,38,27.192708333333332,27.802083333333332,0.0,0.8904761904761904
HHN-LON-01,2024-01-16,38,26.578125,27.760416666666668,0.0,0.8589139656573868
HHN-LON-01,2024-01-17,38,25.838541666666668,27.645833333333332,0.0,0.8716786557002187
HHN-LON-01,2024-01-18,38,25.703125,27.776041666666668,0.0,0.8564294851712614
HHN-LON-01,2024-01-19,38,25.255208333333332,27.854166666666668,0.0,0.8369491436925647
HHN-LON-01,2024-01-20,38,23.572916666666668,27.802083333333332,0.0,0.7725629101040284
HHN-LON-01,2024-01-21,38,21.838541666666668,27.765625,0.0,0.7197042263418995
HHN-LON-01,2024-01-22,38,22.161458333333332,27.770833333333332,0.0,0.742349356278826
HHN-LON-01,2024-01-23,38,23.59375,27.78125,0.0,0.7883326131941005
HHN-LON-01,2024-01-24,38,24.385416666666668,27.833333333333332,0.0,0.8088425592206069
HHN-LON-01,2024-01-25,38,24.447916666666668,27.723958333333332,0.0,0.8221172804846978
HHN-LON-01,2024-01-26,38,25.583333333333332,27.755208333333332,0.0,0.8446573791248956
HHN-LON-01,2024-01-27,38,25.416666666666668,27.505208333333332,0.0,0.8654587498932819
HHN-LON-01,2024-01-28,38,24.078125,27.71875,0.0,0.8146012268793084
HHN-LON-01,2024-01-29,38,24.651041666666668,27.8125,0.0,0.8128218158628989
HHN-LON-01,2024-01-30,38,25.692708333333332,27.817708333333332,0.0,0.8442989878700019
HHN-LON-01,2024-01-31,38,26.057291666666668,27.75,0.0,0.86708480096638
HHN-LON-01,2024-02-01,38,27.197916666666668,27.791666666666668,0.0,0.8969161184210526
HHN-LON-01,2024-02-02,38,27.34375,27.666666666666668,0.0,0.9157986111111112
HHN-LON-01,2024-02-03,38,26.625,27.59375,0.0,0.8812723828566514
HHN-LON-01,2024-02-04,38,25.432291666666668,27.630208333333332,0.265625,0.8328424121592417
HHN-LON-01,2024-02-05,38,24.604166666666668,27.760416666666668,0.375,0.8237805533625967
HHN-LON-01,2024-02-06,38,25.598958333333332,27.723958333333332,0.078125,0.8326495683181054
HHN-LON-01,2024-02-07,38,25.989583333333332,27.760416666666668,0.0,0.8624755567431651
HHN-LON-01,2024-02-08,38,26.005208333333332,27.765625,0.0,0.8655124451491517
HHN-LON-01,2024-02-09,38,25.177083333333332,27.828125,0.0,0.8016788853435849
HHN-LON-01,2024-02-10,38,24.90625,27.729166666666668,0.0,0.7930717936557558
HHN-LON-01,2024-02-11,38,24.802083333333332,27.713541666666668,0.0,0.8141481905719159
HHN-LON-01,2024-02-12,38,24.8125,27.791666666666668,0.0,0.8387058199727511
HHN-LON-01,2024-02-13,38,25.421875,27.739583333333332,0.0,0.8639300592271398
HHN-LON-01,2024-02-14,38,25.880208333333332,27.890625,0.0,0.8694036820270373
HHN-LON-01,2024-02-15,38,25.880208333333332,27.796875,0.0,0.8587791092314118
HHN-LON-01,2024-02-16,38,26.901041666666668,27.770833333333332,0.0,0.8962945381942092
HHN-LON-01,2024-02-17,38,26.8125,27.640625,0.0,0.8900166907979408
HHN-LON-01,2024-02-18,38,26.552083333333332,27.739583333333332,0.0,0.8721433686825683
HHN-LON-01,2024-02-19,38,26.604166666666668,27.864583333333332,0.0,0.8718214807852966
HHN-LON-01,2024-02-20,38,26.578125,27.770833333333332,0.0,0.8838386475447879
HHN-LON-01,2024-02-21,38,26.151041666666668,27.739583333333332,0.0,0.8838074022139425
HHN-LON-01,2024-02-22,38,25.796875,27.807291666666668,0.0,0.8453651509723733
HHN-LON-01,2024-02-23,38,25.828125,27.692708333333332,0.0,0.8343364026897309
HHN-LON-01,2024-02-24,38,24.354166666666668,27.671875,0.0,0.7826531005311481
HHN-LON-01,2024-02-25,38,24.817708333333332,27.71875,0.0,0.7908463639204496
HHN-LON-01,2024-02-26,38,25.682291666666668,27.890625,0.0,0.859525332428293
HHN-LON-01,2024-02-27,38,24.526041666666668,27.697916666666668,0.0,0.8293585726925511
HHN-LON-01,2024-02-28,38,24.927083333333332,27.760416666666668,0.0,0.8501601564246689
HHN-LON-01,2024-02-29,38,26.807291666666668,27.739583333333332,0.0,0.8874084279511911
HHN-LON-01,2024-03-01,38,25.5625,27.911458333333332,0.0,0.8402621136173768
HHN-LON-01,2024-03-02,38,23.510416666666668,27.8125,0.0,0.7579130023784629
HHN-LON-01,2024-03-03,38,21.703125,27.791666666666668,0.0,0.6964599082971864
HHN-LON-01,2024-03-04,38,22.875,27.848958333333332,0.0,0.7429752701618026
HHN-LON-01,2024-03-05,38,24.552083333333332,27.864583333333332,0.0,0.7930071670785761
HHN-LON-01,2024-03-06,38,25.385416666666668,27.901041666666668,0.0,0.8009930425020886
HHN-LON-01,2024-03-07,38,25.90625,27.864583333333332,0.0,0.8508442873677248
HHN-LON-01,2024-03-08,38,26.067708333333332,27.875,0.0,0.8290024777272019
HHN-LON-01,2024-03-09,38,26.578125,27.739583333333332,0.0,0.8496586134453782
HHN-LON-01,2024-03-10,38,27.239583333333332,27.802083333333332,0.0,0.8870418233082707
HHN-LON-01,2024-03-11,38,27.026041666666668,27.890625,0.0,0.9133558487999277
HHN-LON-01,2024-03-12,38,26.96875,27.880208333333332,0.0,0.8781702520189363
HHN-LON-01,2024-03-13,38,26.223958333333332,27.828125,0.0,0.8779089651211361
HHN-LON-01,2024-03-14,38,25.838541666666668,27.875,0.0,0.8642413918318524
HHN-LON-01,2024-03-15,38,24.65625,27.947916666666668,0.0,0.7982091038834459
HHN-LON-01,2024-03-16,38,22.416666666666668,27.760416666666668,0.0,0.7275012002798693
HHN-LON-01,2024-03-17,38,22.791666666666668,27.583333333333332,0.0,0.7524129287990227
HHN-LON-01,2024-03-18,38,23.09375,27.848958333333332,0.0,0.7809915121093792
HHN-LON-01,2024-03-19,38,22.1875,27.921875,0.0,0.7335320569308572
HHN-LON-01,2024-03-20,38,21.557291666666668,27.84375,0.0,0.7072212657227008
HHN-LON-01,2024-03-21,38,23.583333333333332,27.880208333333332,0.0,0.7850929304770561
HHN-LON-01,2024-03-22,38,23.442708333333332,27.932291666666668,0.0,0.8024878429826346
HHN-LON-01,2024-03-23,38,22.5625,27.796875,0.0,0.7442892100536902
HHN-LON-01,2024-03-24,38,21.739583333333332,27.645833333333332,0.0,0.7176284305100458
HHN-LON-01,2024-03-25,38,22.541666666666668,27.916666666666668,0.11979166666666667,0.754936796819488
HHN-LON-01,2024-03-26,38,22.760416666666668,27.911458333333332,0.125,0.760195728582919
HHN-LON-01,2024-03-27,38,23.057291666666668,27.848958333333332,0.057291666666666664,0.7720457853321752
HHN-LON-01,2024-03-28,38,21.822916666666668,27.911458333333332,0.0,0.7229895777150128
HHN-LON-01,2024-03-29,38,20.302083333333332,27.833333333333332,0.0,0.6668996361956373
HHN-LON-01,2024-03-30,38,19.713541666666668,27.682291666666668,0.0,0.6642497395026269
HHN-LON-01,2024-03-31,38,20.739583333333332,27.838541666666668,0.0,0.668327075509093
HHN-LON-01,2024-04-01,38,21.421875,27.869791666666668,0.0,0.720094456602777
HHN-LON-01,2024-04-02,38,22.291666666666668,27.869791666666668,0.0,0.7457563847584164
HHN-LON-01,2024-04-03,38,22.723958333333332,27.864583333333332,0.0,0.7619824346634473
HHN-LON-01,2024-04-04,38,22.703125,27.916666666666668,0.0,0.7765234636364667
HHN-LON-01,2024-04-05,38,22.135416666666668,27.953125,0.0,0.7590088067390699
HHN-LON-01,2024-04-06,38,22.947916666666668,27.8125,0.0,0.7794696737465149
HHN-LON-01,2024-04-07,38,23.026041666666668,27.796875,0.0,0.7614274627698583
HHN-LON-01,2024-04-08,38,24.520833333333332,27.963541666666668,0.0,0.8403754793968611
HHN-LON-01,2024-04-09,38,25.401041666666668,27.859375,0.0,0.8233673791486291
HHN-LON-01,2024-04-10,38,27.03125,27.828125,0.0,0.8870222431077694
HHN-LON-01,2024-04-11,38,27.005208333333332,27.9375,0.0,0.8917639149958229
HHN-LON-01,2024-04-12,38,26.401041666666668,27.817708333333332,0.0,0.8700278991397412
HHN-LON-01,2024-04-13,38,24.880208333333332,27.791666666666668,0.0,0.8094800175851841
HHN-LON-01,2024-04-14,38,22.697916666666668,27.739583333333332,0.0,0.7484405029469811
HHN-LON-01,2024-04-15,38,19.864583333333332,27.890625,0.0,0.6702445082200619
HHN-LON-01,2024-04-16,38,20.807291666666668,27.890625,0.0,0.7041531662258994
HHN-LON-01,2024-04-17,38,22.291666666666668,27.947916666666668,0.0,0.7537983413394597
HHN-LON-01,2024-04-18,38,22.098958333333332,27.890625,0.0,0.7542212041486422
HHN-LON-01,2024-04-19,38,23.151041666666668,27.901041666666668,0.0,0.7687925880713538
HHN-LON-01,2024-04-20,38,22.119791666666668,27.765625,0.0,0.7400732646795577
HHN-LON-01,2024-04-21,38,23.848958333333332,27.921875,0.0,0.8153497835241256
HHN-LON-01,2024-04-22,38,23.9375,27.817708333333332,0.0,0.8063109451870417
HHN-LON-01,2024-04-23,38,22.53125,27.921875,0.0,0.7564394528370558
HHN-LON-01,2024-04-24,38,22.838541666666668,27.854166666666668,0.0,0.7618750182029735
HHN-LON-01,2024-04-25,38,23.067708333333332,27.880208333333332,0.0,0.7699170695324914
HHN-LON-01,2024-04-26,38,22.083333333333332,27.916666666666668,0.0,0.73846519020587
HHN-LON-01,2024-04-27,38,22.677083333333332,27.729166666666668,0.0,0.7324098347968196
HHN-LON-01,2024-04-28,38,23.34375,27.875,0.0,0.7668198849349682
HHN-LON-01,2024-04-29,38,21.578125,27.921875,0.0,0.735173882254172
HHN-LON-01,2024-04-30,38,21.208333333333332,27.901041666666668,0.0,0.6987020806830412
HHN-LON-01,2024-05-01,38,21.854166666666668,27.890625,0.0,0.7532103055223097
HHN-LON-01,2024-05-02,38,20.4375,27.890625,0.0,0.6867368020818945
HHN-LON-01,2024-05-03,38,19.598958333333332,27.90625,0.0,0.6545973197951115
HHN-LON-01,2024-05-04,38,17.671875,27.770833333333332,0.3125,0.5816391418883179
HHN-LON-01,2024-05-05,38,16.182291666666668,27.75,0.625,0.5256658947029175
HHN-LON-01,2024-05-06,38,15.744791666666666,27.833333333333332,0.625,0.5188428198044467
HHN-LON-01,2024-05-07,38,17.921875,27.817708333333332,0.3645833333333333,0.5944420215292691
HHN-LON-01,2024-05-08,38,19.447916666666668,27.942708333333332,0.0,0.6312317022583325
HHN-LON-01,2024-05-09,38,20.046875,27.921875,0.0,0.660749346536183
HHN-LON-01,2024-05-10,38,21.473958333333332,27.932291666666668,0.0,0.7137772751533716
HHN-LON-01,2024-05-11,38,21.036458333333332,27.8125,0.0,0.6783831316155635
HHN-LON-01,2024-05-12,38,17.21875,27.880208333333332,0.10416666666666667,0.5770465846448657
HHN-LON-01,2024-05-13,38,16.807291666666668,27.822916666666668,0.5,0.5637893160278122
HHN-LON-01,2024-05-14,38,17.59375,27.854166666666668,0.765625,0.563212996560943
HHN-LON-01,2024-05-15,38,17.692708333333332,27.911458333333332,0.875,0.5849336385511527
HHN-LON-01,2024-05-16,38,18.166666666666668,27.963541666666668,0.875,0.6026375400306322
HHN-LON-01,2024-05-17,38,19.96875,27.895833333333332,0.875,0.6758871964294154
HHN-LON-01,2024-05-18,38,18.890625,27.760416666666668,0.6875,0.6065253885753837
HHN-LON-01,2024-05-19,38,18.109375,27.770833333333332,0.0625,0.5914663501214754
HHN-LON-01,2024-05-20,38,18.901041666666668,27.947916666666668,0.0,0.6165795237444086
HHN-LON-01,2024-05-21,38,19.786458333333332,27.916666666666668,0.0,0.6541079996508837
HHN-LON-01,2024-05-22,38,21.473958333333332,27.895833333333332,0.0,0.6816332136803805
HHN-LON-01,2024-05-23,38,21.078125,27.932291666666668,0.0,0.6601525941164099
HHN-LON-01,2024-05-24,38,20.276041666666668,27.880208333333332,0.0,0.6469071495276023
HHN-LON-01,2024-05-25,38,19.317708333333332,27.8125,0.0,0.6134102513930905
HHN-LON-01,2024-05-26,38,17.739583333333332,27.822916666666668,0.0,0.5669103784212541
HHN-LON-01,2024-05-27,38,14.932291666666666,27.838541666666668,0.0,0.474007789505377
HHN-LON-01,2024-05-28,38,15.880208333333334,27.901041666666668,0.0,0.5368567970583983
HHN-LON-01,2024-05-29,38,19.322916666666668,27.911458333333332,0.0,0.6533855802201874
HHN-LON-01,2024-05-30,38,20.270833333333332,27.880208333333332,0.0,0.6699276891025794
HHN-LON-01,2024-05-31,38,20.109375,27.869791666666668,0.0,0.6856399018713986
HHN-LON-01,2024-06-01,38,19.541666666666668,27.744791666666668,0.0,0.6413705434742344
HHN-LON-01,2024-06-02,38,17.5,27.708333333333332,0.0,0.590360674739061
HHN-LON-01,2024-06-03,38,16.6875,27.921875,0.0,0.5647739724050677
HHN-LON-01,2024-06-04,38,17.947916666666668,27.84375,0.0,0.6007294853407095
HHN-LON-01,2024-06-05,38,19.666666666666668,27.927083333333332,0.0,0.6814986334564009
HHN-LON-01,2024-06-06,38,21.572916666666668,27.916666666666668,0.0,0.7400533461282905
HHN-LON-01,2024-06-07,38,21.625,27.859375,0.0,0.7109890947881344
HHN-LON-01,2024-06-08,38,20.078125,27.713541666666668,0.265625,0.6406936472215555
HHN-LON-01,2024-06-09,38,16.942708333333332,27.807291666666668,0.1875,0.5357598892895351
HHN-LON-01,2024-06-10,38,16.411458333333332,27.911458333333332,0.0,0.5674892503162626
HHN-LON-01,2024-06-11,38,18.333333333333332,27.833333333333332,0.0,0.6286715103043349
HHN-LON-01,2024-06-12,38,21.234375,27.916666666666668,0.0,0.7056013922971566
HHN-LON-01,2024-06-13,38,20.557291666666668,27.911458333333332,0.0,0.6721741419521025
HHN-LON-01,2024-06-14,38,21.203125,27.932291666666668,0.0,0.7020902919636312
HHN-LON-01,2024-06-15,38,19.994791666666668,27.729166666666668,0.0,0.6378695715726482
HHN-LON-01,2024-06-16,38,22.510416666666668,27.796875,0.375,0.7124772491356922
HHN-LON-01,2024-06-17,38,21.151041666666668,27.869791666666668,0.5,0.7032552717999527
HHN-LON-01,2024-06-18,38,22.28125,27.921875,0.041666666666666664,0.7255346210578529
HHN-LON-01,2024-06-19,38,22.984375,27.911458333333332,0.0,0.7422341047370892
HHN-LON-01,2024-06-20,38,21.828125,27.869791666666668,0.0,0.7298902237164137
HHN-LON-01,2024-06-21,38,23.010416666666668,27.802083333333332,0.0,0.7704581719226841
HHN-LON-01,2024-06-22,38,21.239583333333332,27.817708333333332,0.0,0.6842733737339565
HHN-LON-01,2024-06-23,38,19.588541666666668,27.703125,0.0,0.6485528648464339
HHN-LON-01,2024-06-24,38,19.572916666666668,27.885416666666668,0.0,0.6524501741486068
HHN-LON-01,2024-06-25,38,21.598958333333332,27.921875,0.0,0.7076067270623332
HHN-LON-01,2024-06-26,38,20.463541666666668,27.921875,0.0,0.679494090269233
HHN-LON-01,2024-06-27,38,20.385416666666668,27.916666666666668,0.4375,0.6818347953216374
HHN-LON-01,2024-06-28,38,20.0,27.854166666666668,0.75,0.6758360425676119
HHN-LON-01,2024-06-29,38,18.442708333333332,27.828125,0.53125,0.5969824863349843
HHN-LON-01,2024-06-30,38,16.354166666666668,27.776041666666668,0.0,0.5298777486971663
HHN-LON-01,2024-07-01,38,16.703125,27.885416666666668,0.0,0.5716733395701323
HHN-LON-01,2024-07-02,38,16.984375,27.8125,0.0,0.5483924772327596
HHN-LON-01,2024-07-03,38,17.401041666666668,27.942708333333332,0.0,0.5656647665754576
HHN-LON-01,2024-07-04,38,17.416666666666668,27.901041666666668,0.0,0.5759823955645832
HHN-LON-01,2024-07-05,38,17.734375,27.890625,0.0,0.5785426902172379
HHN-LON-01,2024-07-06,38,17.302083333333332,27.739583333333332,0.0,0.5602689131982008
HHN-LON-01,2024-07-07,38,16.166666666666668,27.833333333333332,0.0,0.5123831622256066
HHN-LON-01,2024-07-08,38,15.708333333333334,27.90625,0.0,0.5629528298088181
HHN-LON-01,2024-07-09,38,17.369791666666668,27.916666666666668,0.0,0.5873053311084424
HHN-LON-01,2024-07-10,38,18.359375,27.848958333333332,0.0,0.6404283783599461
HHN-LON-01,2024-07-11,38,19.354166666666668,27.927083333333332,0.0,0.6534516737206365
HHN-LON-01,2024-07-12,38,19.526041666666668,27.890625,0.0,0.6480425600367332
HHN-LON-01,2024-07-13,38,19.328125,27.802083333333332,0.0,0.6327309092878696
HHN-LON-01,2024-07-14,38,17.072916666666668,27.65625,0.0,0.5529379667105337
HHN-LON-01,2024-07-15,38,16.385416666666668,27.921875,0.0,0.5498713312388835
HHN-LON-01,2024-07-16,38,16.171875,27.963541666666668,0.0,0.5633718173911431
HHN-LON-01,2024-07-17,38,17.296875,27.890625,0.0,0.5929138935663059
HHN-LON-01,2024-07-18,38,18.921875,27.864583333333332,0.0,0.6483075086203715
HHN-LON-01,2024-07-19,38,18.671875,27.916666666666668,0.0,0.6391366920031901
HHN-LON-01,2024-07-20,38,18.197916666666668,27.786458333333332,0.0,0.6038855103154034
HHN-LON-01,2024-07-21,38,16.03125,27.703125,0.0,0.5340348776977358
HHN-LON-01,2024-07-22,38,16.71875,27.864583333333332,0.0,0.5946873477095517
HHN-LON-01,2024-07-23,38,17.401041666666668,27.953125,0.0,0.6064420680701157
HHN-LON-01,2024-07-24,38,21.302083333333332,27.875,0.0,0.7176215168708033
HHN-LON-01,2024-07-25,38,23.114583333333332,27.932291666666668,0.0,0.7760466052283487
HHN-LON-01,2024-07-26,38,23.375,27.869791666666668,0.0,0.7653061542350194
HHN-LON-01,2024-07-27,38,21.208333333333332,27.71875,0.0,0.6926877857550958
HHN-LON-01,2024-07-28,38,18.536458333333332,27.729166666666668,0.0,0.6077912562447836
HHN-LON-01,2024-07-29,38,17.151041666666668,27.822916666666668,0.4166666666666667,0.5794120065719948
HHN-LON-01,2024-07-30,38,17.578125,27.890625,0.625,0.5818426271121686
HHN-LON-01,2024-07-31,38,17.161458333333332,27.84375,0.625,0.5884714426160839
HHN-LON-01,2024-08-01,38,15.713541666666666,27.828125,0.625,0.5288522054472374
HHN-LON-01,2024-08-02,38,14.5,27.875,0.5208333333333334,0.47466677470628066
HHN-LON-01,2024-08-03,38,12.760416666666666,27.760416666666668,0.0,0.4147191218403486
HHN-LON-01,2024-08-04,38,12.359375,27.807291666666668,0.0,0.3994514662668445
HHN-LON-01,2024-08-05,38,12.515625,27.84375,0.0,0.4305815688350034
HHN-LON-01,2024-08-06,38,11.677083333333334,27.895833333333332,0.0,0.4106180183982849
HHN-LON-01,2024-08-07,38,13.546875,27.890625,0.0,0.4384561451286167
HHN-LON-01,2024-08-08,38,15.036458333333334,27.885416666666668,0.0,0.4770845044515348
HHN-LON-01,2024-08-09,38,14.817708333333334,27.932291666666668,0.0,0.4619322535358316
HHN-LON-01,2024-08-10,38,14.572916666666666,27.8125,0.0,0.44970567735999234
HHN-LON-01,2024-08-11,38,13.635416666666666,27.838541666666668,0.0,0.42896487207294093
HHN-LON-01,2024-08-12,38,14.994791666666666,27.921875,0.0,0.4828981449908307
HHN-LON-01,2024-08-13,38,16.9375,27.880208333333332,0.0,0.5490002204585538
HHN-LON-01,2024-08-14,38,17.109375,27.885416666666668,0.0,0.5318274374664661
HHN-LON-01,2024-08-15,38,17.276041666666668,27.927083333333332,0.0,0.5423780938722648
HHN-LON-01,2024-08-16,38,18.671875,27.90625,0.0,0.5959142568612523
HHN-LON-01,2024-08-17,38,17.380208333333332,27.859375,0.0,0.5615201480759361
HHN-LON-01,2024-08-18,38,17.005208333333332,27.807291666666668,0.0,0.5576789607737266
HHN-LON-01,2024-08-19,38,15.942708333333334,27.911458333333332,0.0,0.5290497677559081
HHN-LON-01,2024-08-20,38,16.375,27.84375,0.0,0.5440458364155878
HHN-LON-01,2024-08-21,38,16.994791666666668,27.864583333333332,0.0,0.5528804738714278
HHN-LON-01,2024-08-22,38,16.182291666666668,27.875,0.0,0.5314558014253489
HHN-LON-01,2024-08-23,38,14.958333333333334,27.875,0.0,0.48723880596738584
HHN-LON-01,2024-08-24,38,14.885416666666666,27.760416666666668,0.0,0.47925673799615015
HHN-LON-01,2024-08-25,38,14.302083333333334,27.828125,0.0,0.45578502924675685
HHN-LON-01,2024-08-26,38,12.828125,27.932291666666668,0.0,0.39544352405710764
HHN-LON-01,2024-08-27,38,13.671875,27.875,0.0,0.43039307827390355
HHN-LON-01,2024-08-28,38,13.635416666666666,27.75,0.0,0.445711423660539
HHN-LON-01,2024-08-29,38,14.71875,27.833333333333332,0.0,0.4717968715347162
HHN-LON-01,2024-08-30,38,14.421875,27.958333333333332,0.0,0.445084065654241
HHN-LON-01,2024-08-31,38,16.291666666666668,27.677083333333332,0.0,0.505844055699335
HHN-LON-01,2024-09-01,38,16.291666666666668,27.802083333333332,0.0,0.5088895460853907
HHN-LON-01,2024-09-02,38,15.526041666666666,27.859375,0.0,0.5037116473280124
HHN-LON-01,2024-09-03,38,18.130208333333332,27.890625,0.21875,0.6095852841103059
HHN-LON-01,2024-09-04,38,19.333333333333332,27.869791666666668,0.75,0.636765021788423
HHN-LON-01,2024-09-05,38,20.859375,27.890625,0.75,0.6656961873311088
HHN-LON-01,2024-09-06,38,19.203125,27.880208333333332,0.75,0.6411036496409886
HHN-LON-01,2024-09-07,38,18.182291666666668,27.697916666666668,0.75,0.625958836310906
HHN-LON-01,2024-09-08,38,18.838541666666668,27.75,0.75,0.644684097521452
HHN-LON-01,2024-09-09,38,17.921875,27.947916666666668,0.03125,0.6233018223279809
HHN-LON-01,2024-09-10,38,18.682291666666668,27.901041666666668,0.0,0.6378857184321097
HHN-LON-01,2024-09-11,38,17.791666666666668,27.833333333333332,0.0,0.6037261936938243
HHN-LON-01,2024-09-12,38,16.427083333333332,27.864583333333332,0.0,0.547057919104805
HHN-LON-01,2024-09-13,38,17.708333333333332,27.854166666666668,0.0,0.5906712798828244
HHN-LON-01,2024-09-14,38,18.260416666666668,27.677083333333332,0.0,0.6091627802201517
HHN-LON-01,2024-09-15,38,18.552083333333332,27.729166666666668,0.0,0.6074644199197904
HHN-LON-01,2024-09-16,38,19.875,27.927083333333332,0.0,0.6379018375839468
HHN-LON-01,2024-09-17,38,20.536458333333332,27.953125,0.0,0.6614032528215965
HHN-LON-01,2024-09-18,38,20.723958333333332,27.864583333333332,0.0,0.6762615396371201
HHN-LON-01,2024-09-19,38,21.666666666666668,27.838541666666668,0.0,0.7017627150153434
HHN-LON-01,2024-09-20,38,21.411458333333332,27.859375,0.0,0.6964207329496125
HHN-LON-01,2024-09-21,38,21.78125,27.755208333333332,0.0,0.7118311426889572
HHN-LON-01,2024-09-22,38,22.036458333333332,27.838541666666668,0.0,0.7243610261006981
HHN-LON-01,2024-09-23,38,20.1875,27.916666666666668,0.0,0.6762266487979208
HHN-LON-01,2024-09-24,38,21.276041666666668,27.833333333333332,0.0,0.7169061331997951
HHN-LON-01,2024-09-25,38,22.807291666666668,27.880208333333332,0.0,0.7623763122475148
HHN-LON-01,2024-09-26,38,23.020833333333332,27.854166666666668,0.052083333333333336,0.76957850664484
HHN-LON-01,2024-09-27,38,21.510416666666668,27.802083333333332,0.25,0.6921914262199431
HHN-LON-01,2024-09-28,38,20.328125,27.776041666666668,0.25,0.6522799157460492
HHN-LON-01,2024-09-29,38,20.197916666666668,27.739583333333332,0.25,0.6678153201186995
HHN-LON-01,2024-09-30,38,22.265625,27.854166666666668,0.25,0.7616056947689107
HHN-LON-01,2024-10-01,38,22.098958333333332,27.880208333333332,0.25,0.7432651248478415
HHN-LON-01,2024-10-02,38,19.859375,27.84375,0.6666666666666666,0.6779415323241161
HHN-LON-01,2024-10-03,38,20.505208333333332,27.979166666666668,0.625,0.7017866880603916
HHN-LON-01,2024-10-04,38,21.432291666666668,27.916666666666668,0.625,0.7375366154403017
HHN-LON-01,2024-10-05,38,20.932291666666668,27.78125,0.625,0.6779781051605056
HHN-LON-01,2024-10-06,38,19.520833333333332,27.609375,0.625,0.6442545613987876
HHN-LON-01,2024-10-07,38,20.421875,27.911458333333332,0.13020833333333334,0.6630040498749784
HHN-LON-01,2024-10-08,38,20.911458333333332,27.921875,0.0,0.7005485174119075
HHN-LON-01,2024-10-09,38,21.895833333333332,27.885416666666668,0.0,0.7296582805645184
HHN-LON-01,2024-10-10,38,23.458333333333332,27.84375,0.0,0.7796749487268375
HHN-LON-01,2024-10-11,38,23.895833333333332,27.838541666666668,0.0,0.7965901568117125
HHN-LON-01,2024-10-12,38,22.723958333333332,27.661458333333332,0.0,0.7494974979353932
HHN-LON-01,2024-10-13,38,20.505208333333332,27.744791666666668,0.0,0.659987468363714
HHN-LON-01,2024-10-14,38,20.390625,27.822916666666668,0.0,0.6791503952709125
HHN-LON-01,2024-10-15,38,20.635416666666668,27.942708333333332,0.0,0.702219971025514
HHN-LON-01,2024-10-16,38,19.645833333333332,27.90625,0.0,0.6673231972811172
HHN-LON-01,2024-10-17,38,21.661458333333332,27.927083333333332,0.0,0.7196399430562206
HHN-LON-01,2024-10-18,38,22.401041666666668,27.875,0.0,0.7448439607911358
HHN-LON-01,2024-10-19,38,19.942708333333332,27.734375,0.0,0.6742554002403521
HHN-LON-01,2024-10-20,38,19.609375,27.755208333333332,0.0,0.6521717818587175
HHN-LON-01,2024-10-21,38,19.989583333333332,27.953125,0.0,0.6689103796422876
HHN-LON-01,2024-10-22,38,22.119791666666668,27.911458333333332,0.0,0.7528506594383142
HHN-LON-01,2024-10-23,38,22.317708333333332,27.942708333333332,0.0,0.7157904656981637
HHN-LON-01,2024-10-24,38,20.755208333333332,27.854166666666668,0.0,0.6830238521511741
HHN-LON-01,2024-10-25,38,19.994791666666668,27.875,0.0,0.6733720049195933
HHN-LON-01,2024-10-26,38,22.119791666666668,27.78125,0.0,0.7311931325114642
HHN-LON-01,2024-10-27,38,21.84375,27.838541666666668,0.0,0.7169634635409596
HHN-LON-01,2024-10-28,38,21.484375,27.921875,0.0,0.706322499961635
HHN-LON-01,2024-10-29,38,24.411458333333332,27.791666666666668,0.0,0.8343601858109807
HHN-LON-01,2024-10-30,38,24.223958333333332,27.822916666666668,0.0,0.7970720737582314
HHN-LON-01,2024-10-31,38,22.708333333333332,27.875,0.0,0.7610769545391256
HHN-LON-01,2024-11-01,38,23.536458333333332,27.833333333333332,0.0,0.7844405373729265
HHN-LON-01,2024-11-02,38,23.65625,27.692708333333332,0.0,0.766039702887734
HHN-LON-01,2024-11-03,38,24.645833333333332,27.786458333333332,0.0,0.8039900109562778
HHN-LON-01,2024-11-04,38,26.526041666666668,27.776041666666668,0.0,0.8515947465262158
HHN-LON-01,2024-11-05,38,27.260416666666668,27.932291666666668,0.0,0.8896701388888889
HHN-LON-01,2024-11-06,38,26.848958333333332,27.770833333333332,0.0,0.8870424759816208
HHN-LON-01,2024-11-07,38,26.46875,27.854166666666668,0.0,0.8698332927225471
HHN-LON-01,2024-11-08,38,26.140625,27.9375,0.0,0.8524244639376218
HHN-LON-01,2024-11-09,38,25.546875,27.854166666666668,0.0,0.814074363816769
HHN-LON-01,2024-11-10,38,24.661458333333332,27.796875,0.0,0.7933853325719941
HHN-LON-01,2024-11-11,38,24.651041666666668,27.875,0.0,0.8138347660003361
HHN-LON-01,2024-11-12,38,22.229166666666668,27.848958333333332,0.0,0.7387511701136411
HHN-LON-01,2024-11-13,38,21.78125,27.921875,0.0,0.706388582301895
HHN-LON-01,2024-11-14,38,22.739583333333332,27.828125,0.0,0.7510437991386456
HHN-LON-01,2024-11-15,38,21.713541666666668,27.807291666666668,0.0,0.7187505077330297
HHN-LON-01,2024-11-16,38,21.380208333333332,27.802083333333332,0.0,0.6932641477729543
HHN-LON-01,2024-11-17,38,22.338541666666668,27.682291666666668,0.0,0.7271975197187239
HHN-LON-01,2024-11-18,38,21.526041666666668,27.854166666666668,0.0,0.7301369351222614
HHN-LON-01,2024-11-19,38,21.822916666666668,27.895833333333332,0.0,0.7303164425137059
HHN-LON-01,2024-11-20,38,22.661458333333332,27.953125,0.0,0.724929315377748
HHN-LON-01,2024-11-21,38,22.604166666666668,27.864583333333332,0.0,0.73785786103051
HHN-LON-01,2024-11-22,38,23.760416666666668,27.911458333333332,0.0,0.770688094316674
HHN-LON-01,2024-11-23,38,24.59375,27.802083333333332,0.0,0.7819503385734278
HHN-LON-01,2024-11-24,38,22.578125,27.786458333333332,0.0,0.7214760865645315
HHN-LON-01,2024-11-25,38,23.807291666666668,27.854166666666668,0.0,0.7863560011906809
HHN-LON-01,2024-11-26,38,25.0,27.854166666666668,0.0,0.8165352264858844
HHN-LON-01,2024-11-27,38,25.994791666666668,27.854166666666668,0.0,0.8317335413697643
HHN-LON-01,2024-11-28,38,25.78125,27.838541666666668,0.0625,0.8394734922477763
HHN-LON-01,2024-11-29,38,24.791666666666668,27.953125,0.75,0.7932815302268347
HHN-LON-01,2024-11-30,38,25.03125,27.822916666666668,0.75,0.8015717783450103
HHN-LON-01,2024-12-01,38,23.947916666666668,27.807291666666668,0.75,0.7776959681982176
HHN-LON-01,2024-12-02,38,22.505208333333332,27.677083333333332,0.5,0.7641318265028406
HHN-LON-01,2024-12-03,38,22.828125,27.765625,0.0,0.7595526116004702
HHN-LON-01,2024-12-04,38,23.041666666666668,27.854166666666668,0.0,0.7601001672320481
HHN-LON-01,2024-12-05,38,23.640625,27.890625,0.0,0.7435810671195492
HHN-LON-01,2024-12-06,38,23.713541666666668,27.765625,0.0,0.7540673538653899
HHN-LON-01,2024-12-07,38,23.885416666666668,27.697916666666668,0.0,0.7671124465002053
HHN-LON-01,2024-12-08,38,22.140625,27.708333333333332,0.0,0.7109880770455096
HHN-LON-01,2024-12-09,38,22.104166666666668,27.822916666666668,0.0,0.7324973557651545
HHN-LON-01,2024-12-10,38,23.427083333333332,27.755208333333332,0.0,0.7766441879311946
HHN-LON-01,2024-12-11,38,22.541666666666668,27.817708333333332,0.0,0.7650646950448744
HHN-LON-01,2024-12-12,38,22.192708333333332,27.859375,0.0,0.7504373405894788
HHN-LON-01,2024-12-13,38,23.713541666666668,27.8125,0.0,0.7748000262904617
HHN-LON-01,2024-12-14,38,24.651041666666668,27.65625,0.0,0.7993301014833764
HHN-LON-01,2024-12-15,38,24.328125,27.791666666666668,0.0,0.7825850081443396
HHN-LON-01,2024-12-16,38,24.760416666666668,27.791666666666668,0.0,0.8465409016311204
HHN-LON-01,2024-12-17,38,24.182291666666668,27.6875,0.0,0.7974650310571686
HHN-LON-01,2024-12-18,38,23.604166666666668,27.75,0.0,0.7571227968490368
HHN-LON-01,2024-12-19,38,22.557291666666668,27.807291666666668,0.0,0.7146126654339858
HHN-LON-01,2024-12-20,38,22.8125,27.723958333333332,0.0,0.7504050144382478
HHN-LON-01,2024-12-21,38,23.317708333333332,27.630208333333332,0.0,0.7667087926988806
HHN-LON-01,2024-12-22,38,23.307291666666668,27.682291666666668,0.0,0.7651121230225035
HHN-LON-01,2024-12-23,38,22.739583333333332,27.739583333333332,0.0,0.7651207153316286
HHN-LON-01,2024-12-24,38,22.5625,27.770833333333332,0.0,0.7476660318088336
HHN-LON-01,2024-12-25,38,23.421875,27.838541666666668,0.0,0.7536765917522495
HHN-LON-01,2024-12-26,38,23.317708333333332,27.822916666666668,0.0,0.7481730458489682
HHN-LON-01,2024-12-27,38,22.661458333333332,27.786458333333332,0.0,0.743618754040742
HHN-LON-01,2024-12-28,38,21.807291666666668,27.661458333333332,0.0,0.7032415162740402
HHN-LON-01,2024-12-29,38,22.161458333333332,27.651041666666668,0.0,0.7187159119917199
HHN-LON-01,2024-12-30,38,22.046875,27.708333333333332,0.0,0.7137021714972566
HHN-LON-01,2024-12-31,38,22.890625,27.75,0.0,0.7408157948289528
HHN-LON-01,2025-01-01,38,22.234375,27.802083333333332,0.0,0.7166475745765767
HHN-LON-01,2025-01-02,38,21.734375,27.739583333333332,0.0,0.7121041556476767
HHN-LON-01,2025-01-03,38,21.255208333333332,27.822916666666668,0.0,0.7065770997754276
HHN-LON-01,2025-01-04,38,21.572916666666668,27.802083333333332,0.0,0.712036197442786
HHN-LON-01,2025-01-05,38,19.354166666666668,27.651041666666668,0.0,0.6504469574390441
HHN-LON-01,2025-01-06,38,19.578125,27.807291666666668,0.0,0.6746001584992127
HHN-LON-01,2025-01-07,38,20.604166666666668,27.635416666666668,0.0,0.6723656088756829
HHN-LON-01,2025-01-08,38,23.776041666666668,27.822916666666668,0.0,0.7773092508943545
HHN-LON-01,2025-01-09,38,24.026041666666668,27.729166666666668,0.0,0.777760351046973
HHN-LON-01,2025-01-10,38,25.072916666666668,27.677083333333332,0.0,0.827272185302371
HHN-LON-01,2025-01-11,38,25.203125,27.635416666666668,0.0,0.8107098168453303
HHN-LON-01,2025-01-12,38,25.046875,27.645833333333332,0.0,0.7944491529872723
HHN-LON-01,2025-01-13,38,24.557291666666668,27.833333333333332,0.0,0.7791373891479106
HHN-LON-01,2025-01-14,38,23.864583333333332,27.765625,0.0,0.7880627754714684
HHN-LON-01,2025-01-15,38,24.046875,27.75,0.0,0.7991062101521109
HHN-LON-01,2025-01-16,38,25.640625,27.755208333333332,0.0,0.841595099754083
HHN-LON-01,2025-01-17,38,26.1875,27.760416666666668,0.0,0.8647358413394598
HHN-LON-01,2025-01-18,38,25.916666666666668,27.645833333333332,0.0,0.8508478987750466
HHN-LON-01,2025-01-19,38,25.604166666666668,27.708333333333332,0.0,0.8308205597292284
HHN-LON-01,2025-01-20,38,24.203125,27.734375,0.0,0.7904284929099896
HHN-LON-01,2025-01-21,38,24.921875,27.796875,0.0,0.8041491234862703
HHN-LON-01,2025-01-22,38,24.59375,27.75,0.0,0.7838196645617311
HHN-LON-01,2025-01-23,38,22.71875,27.880208333333332,0.0,0.7419189894716371
HHN-LON-01,2025-01-24,38,22.197916666666668,27.833333333333332,0.0,0.72917472628776
HHN-LON-01,2025-01-25,38,22.84375,27.645833333333332,0.0,0.7605229159753005
HHN-LON-01,2025-01-26,38,24.8125,27.588541666666668,0.0,0.8079479161261283
HHN-LON-01,2025-01-27,38,24.901041666666668,27.682291666666668,0.0,0.8311900756797651
HHN-LON-01,2025-01-28,38,25.416666666666668,27.848958333333332,0.0,0.840463354566973
HHN-LON-01,2025-01-29,38,26.567708333333332,27.869791666666668,0.0,0.8619769910888332
HHN-LON-01,2025-01-30,38,26.489583333333332,27.817708333333332,0.0,0.853078166503331
HHN-LON-01,2025-01-31,38,26.588541666666668,27.875,0.0,0.8670645149336133
HHN-LON-01,2025-02-01,38,26.552083333333332,27.703125,0.0,0.8610108183675892
HHN-LON-01,2025-02-02,38,26.604166666666668,27.578125,0.0,0.8765848214285715
HHN-LON-01,2025-02-03,38,27.375,27.833333333333332,0.0,0.8854166666666666
HHN-LON-01,2025-02-04,38,27.333333333333332,27.744791666666668,0.0,0.8979910714285714
HHN-LON-01,2025-02-05,38,27.041666666666668,27.838541666666668,0.0,0.8884193991924255
HHN-LON-01,2025-02-06,38,26.911458333333332,27.848958333333332,0.0,0.878413252303055
HHN-LON-01,2025-02-07,38,26.625,27.854166666666668,0.0,0.863014959273183
HHN-LON-01,2025-02-08,38,27.40625,27.776041666666668,0.0,0.9194231237816765
HHN-LON-01,2025-02-09,38,27.1875,27.635416666666668,0.0,0.8871756213450293
HHN-LON-01,2025-02-10,38,27.098958333333332,27.697916666666668,0.0,0.8830713937621831
HHN-LON-01,2025-02-11,38,27.369791666666668,27.828125,0.0,0.8972428902116403
HHN-LON-01,2025-02-12,38,27.041666666666668,27.828125,0.0,0.8793402777777778
HHN-LON-01,2025-02-13,38,26.734375,27.75,0.0,0.8733198140367259
HHN-LON-01,2025-02-14,38,25.802083333333332,27.802083333333332,0.0,0.833530013042155
HHN-LON-01,2025-02-15,38,24.458333333333332,27.609375,0.0,0.8049036155189406
HHN-LON-01,2025-02-16,38,23.328125,27.723958333333332,0.06770833333333333,0.7425093823325731
HHN-LON-01,2025-02-17,38,22.338541666666668,27.8125,0.08854166666666667,0.7396333705607724
HHN-LON-01,2025-02-18,38,23.447916666666668,27.786458333333332,0.0,0.7678207555316688
HHN-LON-01,2025-02-19,38,25.255208333333332,27.8125,0.0,0.8291050309795472
HHN-LON-01,2025-02-20,38,26.083333333333332,27.8125,0.0,0.8334862583252112
HHN-LON-01,2025-02-21,38,26.479166666666668,27.666666666666668,0.0,0.8400833789712466
HHN-LON-01,2025-02-22,38,26.661458333333332,27.723958333333332,0.0,0.8658442566536849
HHN-LON-01,2025-02-23,38,26.78125,27.651041666666668,0.0,0.8693561101044653
HHN-LON-01,2025-02-24,38,26.494791666666668,27.864583333333332,0.0,0.8676980845977557
HHN-LON-01,2025-02-25,38,25.6875,27.869791666666668,0.0,0.8360068741744439
HHN-LON-01,2025-02-26,38,25.114583333333332,27.729166666666668,0.0,0.8354852229634543
HHN-LON-01,2025-02-27,38,24.796875,27.901041666666668,0.0,0.8019220601539679
HHN-LON-01,2025-02-28,38,24.625,27.885416666666668,0.0,0.809717719435373
HHN-LON-01,2025-03-01,38,24.78125,27.791666666666668,0.0,0.8040967665411357
HHN-LON-01,2025-03-02,38,24.510416666666668,27.848958333333332,0.0,0.8048092932887784
HHN-LON-01,2025-03-03,38,25.515625,27.932291666666668,0.0,0.8518503216954424
HHN-LON-01,2025-03-04,38,25.84375,27.833333333333332,0.0,0.8738819705513784
HHN-LON-01,2025-03-05,38,25.458333333333332,27.838541666666668,0.015625,0.8319098824238628
HHN-LON-01,2025-03-06,38,26.203125,27.848958333333332,0.375,0.8606996005639097
HHN-LON-01,2025-03-07,38,25.947916666666668,27.895833333333332,0.3854166666666667,0.8511689948696528
HHN-LON-01,2025-03-08,38,24.953125,27.84375,0.25,0.81956575588602
HHN-LON-01,2025-03-09,38,25.005208333333332,27.869791666666668,0.25,0.8066421924332786
HHN-LON-01,2025-03-10,38,24.953125,27.916666666666668,0.0625,0.8275059410369966
HHN-LON-01,2025-03-11,38,24.697916666666668,27.901041666666668,0.0,0.8236439118264776
HHN-LON-01,2025-03-12,38,25.421875,27.890625,0.0,0.8268918552892649
HHN-LON-01,2025-03-13,38,25.166666666666668,27.9375,0.0,0.8324009894527986
HHN-LON-01,2025-03-14,38,23.052083333333332,27.927083333333332,0.0,0.7580970893141946
HHN-LON-01,2025-03-15,38,21.739583333333332,27.765625,0.0,0.7300351793182097
HHN-LON-01,2025-03-16,38,21.354166666666668,27.828125,0.0,0.7037999494002783
HHN-LON-01,2025-03-17,38,20.833333333333332,27.90625,0.0,0.6901134277059442
HHN-LON-01,2025-03-18,38,20.838541666666668,27.776041666666668,0.15625,0.6718516895359364
HHN-LON-01,2025-03-19,38,21.796875,27.885416666666668,0.375,0.7118307634640114
HHN-LON-01,2025-03-20,38,21.635416666666668,27.864583333333332,0.375,0.7380014661622633
HHN-LON-01,2025-03-21,38,22.348958333333332,27.932291666666668,0.375,0.7323791040996076
HHN-LON-01,2025-03-22,38,22.932291666666668,27.723958333333332,0.375,0.7398436521443214
HHN-LON-01,2025-03-23,38,24.21875,27.880208333333332,0.375,0.7917726531155928
HHN-LON-01,2025-03-24,38,23.369791666666668,27.770833333333332,0.375,0.7817791953582223
HHN-LON-01,2025-03-25,38,23.09375,27.921875,0.171875,0.747213795576315
HHN-LON-01,2025-03-26,38,23.041666666666668,27.927083333333332,0.0,0.7605003233059904
HHN-LON-01,2025-03-27,38,24.0,27.875,0.0,0.786073142333422
HHN-LON-01,2025-03-28,38,23.119791666666668,27.9375,0.0,0.7686868058626959
HHN-LON-01,2025-03-29,38,22.5625,27.75,0.0,0.7259292078537425
HHN-LON-01,2025-03-30,38,22.776041666666668,27.723958333333332,0.0,0.7277649712989787
HHN-LON-01,2025-03-31,38,22.026041666666668,27.921875,0.0,0.7230636464809904
HHN-LON-01,2025-04-01,38,20.6875,27.859375,0.0,0.6798003886352256
HHN-LON-01,2025-04-02,38,21.619791666666668,27.854166666666668,0.0,0.6877599949884924
HHN-LON-01,2025-04-03,38,21.4375,27.880208333333332,0.0,0.7117975285746637
HHN-LON-01,2025-04-04,38,20.942708333333332,27.875,0.0,0.6841601134402425
HHN-LON-01,2025-04-05,38,20.385416666666668,27.838541666666668,0.0,0.6515221133255189
HHN-LON-01,2025-04-06,38,19.307291666666668,27.901041666666668,0.0,0.6111731564283637
HHN-LON-01,2025-04-07,38,21.260416666666668,27.796875,0.0,0.6808924858509852
HHN-LON-01,2025-04-08,38,24.708333333333332,27.901041666666668,0.0,0.808393553560446
HHN-LON-01,2025-04-09,38,23.744791666666668,27.942708333333332,0.0,0.782885819559472
HHN-LON-01,2025-04-10,38,22.390625,27.8125,0.0,0.7502893668307634
HHN-LON-01,2025-04-11,38,23.505208333333332,27.78125,0.0,0.7474015917457529
HHN-LON-01,2025-04-12,38,23.354166666666668,27.791666666666668,0.0,0.7314813873585804
HHN-LON-01,2025-04-13,38,23.036458333333332,27.640625,0.0,0.7316093575166235
HHN-LON-01,2025-04-14,38,23.119791666666668,27.875,0.0,0.7383480546777116
HHN-LON-01,2025-04-15,38,23.854166666666668,27.84375,0.0,0.7739556718600434
HHN-LON-01,2025-04-16,38,24.84375,27.817708333333332,0.0,0.8099833555498223
HHN-LON-01,2025-04-17,38,25.203125,27.854166666666668,0.0,0.8048693031214679
HHN-LON-01,2025-04-18,38,23.552083333333332,27.838541666666668,0.0,0.7586408409160609
HHN-LON-01,2025-04-19,38,22.635416666666668,27.786458333333332,0.0,0.7275042980606478
HHN-LON-01,2025-04-20,38,21.588541666666668,27.864583333333332,0.0,0.689583720336242
HHN-LON-01,2025-04-21,38,22.15625,27.953125,0.0,0.7130736437307426
HHN-LON-01,2025-04-22,38,22.026041666666668,27.895833333333332,0.0,0.7198365543143503
HHN-LON-01,2025-04-23,38,22.453125,27.927083333333332,0.0,0.7112336200087749
HHN-LON-01,2025-04-24,38,23.026041666666668,27.911458333333332,0.0,0.7318448362532147
HHN-LON-01,2025-04-25,38,21.859375,27.817708333333332,0.0,0.677059348113715
HHN-LON-01,2025-04-26,38,19.885416666666668,27.75,0.0,0.6327170291888918
HHN-LON-01,2025-04-27,38,19.083333333333332,27.864583333333332,0.0,0.6012267935174432
HHN-LON-01,2025-04-28,38,20.661458333333332,27.885416666666668,0.0,0.6658323863171
HHN-LON-01,2025-04-29,38,21.869791666666668,27.901041666666668,0.0,0.6914520938109608
HHN-LON-01,2025-04-30,38,21.239583333333332,27.901041666666668,0.0,0.6698396394107985
HHN-LON-01,2025-05-01,38,20.921875,27.859375,0.0,0.6740184269280195
HHN-LON-01,2025-05-02,38,21.515625,27.880208333333332,0.0,0.7073264055256606
HHN-LON-01,2025-05-03,38,19.026041666666668,27.833333333333332,0.0,0.6189590815167519
HHN-LON-01,2025-05-04,38,18.911458333333332,27.697916666666668,0.0,0.6325207458912678
HHN-LON-01,2025-05-05,38,21.8125,27.854166666666668,0.0,0.7119402693418874
HHN-LON-01,2025-05-06,38,22.588541666666668,27.895833333333332,0.0,0.7455183164048943
HHN-LON-01,2025-05-07,38,24.729166666666668,27.791666666666668,0.0,0.8045343867059231
HHN-LON-01,2025-05-08,38,24.6875,27.8125,0.0,0.786914332120408
HHN-LON-01,2025-05-09,38,23.3125,27.8125,0.0,0.7507534421596921
HHN-LON-01,2025-05-10,38,23.197916666666668,27.744791666666668,0.0,0.7564961219859754
HHN-LON-01,2025-05-11,38,23.03125,27.776041666666668,0.0,0.7517347262050241
HHN-LON-01,2025-05-12,38,22.708333333333332,27.859375,0.0,0.7667076846764346
HHN-LON-01,2025-05-13,38,22.5,27.864583333333332,0.125,0.7512598995809415
HHN-LON-01,2025-05-14,38,23.057291666666668,27.859375,0.14583333333333334,0.7613124533074536
HHN-LON-01,2025-05-15,38,23.119791666666668,27.895833333333332,0.0,0.7636465846049864
HHN-LON-01,2025-05-16,38,20.505208333333332,27.848958333333332,0.0,0.6833335302798829
HHN-LON-01,2025-05-17,38,17.291666666666668,27.729166666666668,0.0,0.5719035541688612
HHN-LON-01,2025-05-18,38,15.130208333333334,27.765625,0.0,0.5064466284861574
HHN-LON-01,2025-05-19,38,17.614583333333332,27.911458333333332,0.0,0.5837776256109767
HHN-LON-01,2025-05-20,38,19.651041666666668,27.833333333333332,0.0,0.6563990750051606
HHN-LON-01,2025-05-21,38,22.005208333333332,27.921875,0.0,0.7164408463915043
HHN-LON-01,2025-05-22,38,22.151041666666668,27.973958333333332,0.0,0.7328690778211869
HHN-LON-01,2025-05-23,38,22.833333333333332,27.885416666666668,0.0,0.7571794175838605
HHN-LON-01,2025-05-24,38,23.427083333333332,27.729166666666668,0.0,0.7462688531289193
HHN-LON-01,2025-05-25,38,21.682291666666668,27.78125,0.0,0.691007746871891
HHN-LON-01,2025-05-26,38,19.8125,27.890625,0.0,0.645220929260028
HHN-LON-01,2025-05-27,38,19.651041666666668,27.911458333333332,0.0,0.6443166264157622
HHN-LON-01,2025-05-28,38,22.520833333333332,27.96875,0.0,0.7389423681113527
HHN-LON-01,2025-05-29,38,22.786458333333332,27.822916666666668,0.0,0.7763978885679736
HHN-LON-01,2025-05-30,38,22.59375,27.9375,0.0,0.7222012587658146
HHN-LON-01,2025-05-31,38,21.713541666666668,27.921875,0.0,0.6829425633768466
HHN-LON-01,2025-06-01,38,20.114583333333332,27.78125,0.0,0.6328751859595513
HHN-LON-01,2025-06-02,38,21.536458333333332,27.859375,0.0,0.6984922053744617
HHN-LON-01,2025-06-03,38,22.260416666666668,27.875,0.0,0.750065597475137
HHN-LON-01,2025-06-04,38,21.630208333333332,27.807291666666668,0.0,0.7208813072483334
HHN-LON-01,2025-06-05,38,21.9375,27.927083333333332,0.0,0.735482072680215
HHN-LON-01,2025-06-06,38,19.348958333333332,27.822916666666668,0.0,0.6447363302754452
HHN-LON-01,2025-06-07,38,18.130208333333332,27.8125,0.0,0.603393805078975
HHN-LON-01,2025-06-08,38,18.109375,27.838541666666668,0.0,0.5873379977143522
HHN-LON-01,2025-06-09,38,18.0,27.880208333333332,0.0,0.6105216169650549
HHN-LON-01,2025-06-10,38,18.776041666666668,27.84375,0.0,0.6365261463103149
HHN-LON-01,2025-06-11,38,19.5625,27.953125,0.0,0.667263993316625
HHN-LON-01,2025-06-12,38,20.578125,27.895833333333332,0.0,0.6992015042342
HHN-LON-01,2025-06-13,38,20.286458333333332,27.927083333333332,0.0,0.6761612641135667
HHN-LON-01,2025-06-14,38,19.0625,27.890625,0.0,0.6239668419001172
HHN-LON-01,2025-06-15,38,17.895833333333332,27.765625,0.0,0.5896363044653002
HHN-LON-01,2025-06-16,38,16.296875,27.916666666666668,0.0,0.5313587180002637
HHN-LON-01,2025-06-17,38,16.807291666666668,27.875,0.0,0.5801001791026282
HHN-LON-01,2025-06-18,38,17.229166666666668,27.890625,0.0,0.5826892425669484
HHN-LON-01,2025-06-19,38,18.28125,27.90625,0.0,0.6144823248191734
HHN-LON-01,2025-06-20,38,20.572916666666668,27.890625,0.0,0.6876537963767989
HHN-LON-01,2025-06-21,38,19.53125,27.822916666666668,0.0,0.6457149381668861
HHN-LON-01,2025-06-22,38,17.8125,27.765625,0.0,0.5947972128082307
HHN-LON-01,2025-06-23,38,19.052083333333332,27.885416666666668,0.0,0.6273291104768063
HHN-LON-01,2025-06-24,38,21.911458333333332,27.932291666666668,0.0,0.7321786355092277
HHN-LON-01,2025-06-25,38,23.567708333333332,27.979166666666668,0.0,0.7859274527860055
HHN-LON-01,2025-06-26,38,22.90625,27.927083333333332,0.0,0.753314848832941
HHN-LON-01,2025-06-27,38,21.036458333333332,27.90625,0.0,0.7114489169130636
HHN-LON-01,2025-06-28,38,18.739583333333332,27.692708333333332,0.0,0.6259915833653861
HHN-LON-01,2025-06-29,38,16.822916666666668,27.833333333333332,0.0,0.5636240341763747
HHN-LON-01,2025-06-30,38,15.239583333333334,27.859375,0.34375,0.5178176376972337
HHN-LON-01,2025-07-01,38,18.317708333333332,27.916666666666668,0.75,0.6088517733235225
HHN-LON-01,2025-07-02,38,19.989583333333332,27.859375,0.75,0.696328142700957
HHN-LON-01,2025-07-03,38,20.270833333333332,27.963541666666668,0.75,0.6869627458530928
HHN-LON-01,2025-07-04,38,20.59375,27.90625,0.75,0.6844987053538475
HHN-LON-01,2025-07-05,38,19.661458333333332,27.817708333333332,0.75,0.6409210975129578
HHN-LON-01,2025-07-06,38,17.645833333333332,27.796875,0.75,0.5954286375987189
HHN-LON-01,2025-07-07,38,16.8125,27.916666666666668,0.125,0.576601133726815
HHN-LON-01,2025-07-08,38,19.552083333333332,27.869791666666668,0.0,0.6584513610152155
HHN-LON-01,2025-07-09,38,21.1875,27.895833333333332,0.0,0.7027976059301645
HHN-LON-01,2025-07-10,38,20.963541666666668,27.963541666666668,0.0,0.698750192544536
HHN-LON-01,2025-07-11,38,20.364583333333332,27.942708333333332,0.0,0.6553973910470621
HHN-LON-01,2025-07-12,38,18.776041666666668,27.765625,0.0,0.6146118892660712
HHN-LON-01,2025-07-13,38,17.875,27.776041666666668,0.0,0.5954050879478995
HHN-LON-01,2025-07-14,38,19.0625,27.901041666666668,0.0,0.6611892233639041
HHN-LON-01,2025-07-15,38,20.125,27.770833333333332,0.0,0.661001987636991
HHN-LON-01,2025-07-16,38,20.994791666666668,27.869791666666668,0.0,0.6971847580738834
HHN-LON-01,2025-07-17,38,20.229166666666668,27.927083333333332,0.0,0.67858940181103
HHN-LON-01,2025-07-18,38,19.744791666666668,27.817708333333332,0.0,0.6601482414664691
HHN-LON-01,2025-07-19,38,19.390625,27.802083333333332,0.5989583333333334,0.6218968690945278
HHN-LON-01,2025-07-20,38,20.739583333333332,27.71875,0.625,0.6536990098440317
HHN-LON-01,2025-07-21,38,20.489583333333332,27.911458333333332,0.625,0.6637271073199503
HHN-LON-01,2025-07-22,38,19.739583333333332,27.84375,0.625,0.639857040338555
HHN-LON-01,2025-07-23,38,20.166666666666668,27.9375,0.625,0.6898305272672371
HHN-LON-01,2025-07-24,38,21.322916666666668,27.885416666666668,0.3385416666666667,0.7131865368211634
HHN-LON-01,2025-07-25,38,22.713541666666668,27.880208333333332,0.0,0.7581901122306642
HHN-LON-01,2025-07-26,38,22.473958333333332,27.822916666666668,0.0,0.7189779919099771
HHN-LON-01,2025-07-27,38,21.625,27.75,0.0,0.684236457213189
HHN-LON-01,2025-07-28,38,22.098958333333332,27.895833333333332,0.0,0.7270750352080171
HHN-LON-01,2025-07-29,38,20.791666666666668,27.921875,0.0,0.6784847602446287
HHN-LON-01,2025-07-30,38,21.119791666666668,27.932291666666668,0.0,0.6788655994878582
HHN-LON-01,2025-07-31,38,22.973958333333332,27.901041666666668,0.0,0.7492493055698519
HHN-LON-01,2025-08-01,38,21.625,27.890625,0.0,0.6924711056803985
HHN-LON-01,2025-08-02,38,20.005208333333332,27.78125,0.0,0.6346054622652597
HHN-LON-01,2025-08-03,38,18.953125,27.734375,0.0,0.6015828530556585
HHN-LON-01,2025-08-04,38,19.9375,27.84375,0.0,0.6404721144204907
HHN-LON-01,2025-08-05,38,17.875,27.911458333333332,0.0,0.5900631543411554
HHN-LON-01,2025-08-06,38,15.744791666666666,27.947916666666668,0.08854166666666667,0.49860586412927743
HHN-LON-01,2025-08-07,38,15.505208333333334,27.8125,0.09375,0.5069836486711768
HHN-LON-01,2025-08-08,38,15.53125,27.895833333333332,0.0,0.5058501312772322
HHN-LON-01,2025-08-09,38,13.78125,27.723958333333332,0.0,0.4347212296667881
HHN-LON-01,2025-08-10,38,12.369791666666666,27.84375,0.0,0.40293408726161967
HHN-LON-01,2025-08-11,38,13.364583333333334,27.869791666666668,0.0,0.4437704072806304
HHN-LON-01,2025-08-12,38,15.729166666666666,27.9375,0.0,0.5372704739903326
HHN-LON-01,2025-08-13,38,18.276041666666668,27.927083333333332,0.0,0.6082288632271701
HHN-LON-01,2025-08-14,38,19.755208333333332,27.90625,0.625,0.6543324788085018
HHN-LON-01,2025-08-15,38,19.494791666666668,27.901041666666668,0.078125,0.642698447956466
HHN-LON-01,2025-08-16,38,18.927083333333332,27.776041666666668,0.0,0.6339048780231414
HHN-LON-01,2025-08-17,38,18.411458333333332,27.8125,0.046875,0.6061905802769451
HHN-LON-01,2025-08-18,38,17.942708333333332,27.890625,0.125,0.6174644213126218
HHN-LON-01,2025-08-19,38,16.59375,27.833333333333332,0.125,0.5841833548312522
HHN-LON-01,2025-08-20,38,15.802083333333334,27.875,0.125,0.556968197456136
HHN-LON-01,2025-08-21,38,16.067708333333332,27.84375,0.125,0.5393417830949664
HHN-LON-01,2025-08-22,38,18.177083333333332,27.901041666666668,0.10416666666666667,0.5823956173519189
HHN-LON-01,2025-08-23,38,18.635416666666668,27.791666666666668,0.0,0.6188568673842642
HHN-LON-01,2025-08-24,38,19.104166666666668,27.723958333333332,0.0,0.6354487467331941
HHN-LON-01,2025-08-25,38,17.973958333333332,27.822916666666668,0.0,0.6127503008114463
HHN-LON-01,2025-08-26,38,16.78125,27.828125,0.0,0.5818373321713023
HHN-LON-01,2025-08-27,38,17.421875,27.84375,0.0,0.5740519986172318
HHN-LON-01,2025-08-28,38,16.380208333333332,27.869791666666668,0.0,0.5503194858378432
HHN-LON-01,2025-08-29,38,15.822916666666666,27.880208333333332,0.0,0.5065649928281144
HHN-LON-01,2025-08-30,38,19.083333333333332,27.802083333333332,0.0,0.6197393036444198
HHN-LON-01,2025-08-31,38,19.583333333333332,27.817708333333332,0.0,0.656759546965918
HHN-LON-01,2025-09-01,38,19.552083333333332,27.807291666666668,0.0,0.6719644317610971
HHN-LON-01,2025-09-02,38,19.203125,27.901041666666668,0.0,0.6362008172954138
HHN-LON-01,2025-09-03,38,20.057291666666668,27.875,0.0,0.63561917808973
HHN-LON-01,2025-09-04,38,21.947916666666668,27.817708333333332,0.0,0.7405182355803501
HHN-LON-01,2025-09-05,38,22.166666666666668,27.911458333333332,0.0,0.7108465450957712
HHN-LON-01,2025-09-06,38,20.322916666666668,27.911458333333332,0.0,0.6408433403783395
HHN-LON-01,2025-09-07,38,17.421875,27.854166666666668,0.0,0.544900578914281
HHN-LON-01,2025-09-08,38,18.822916666666668,27.911458333333332,0.0,0.6162283517208053
HHN-LON-01,2025-09-09,38,20.796875,27.932291666666668,0.0,0.6857694112217138
HHN-LON-01,2025-09-10,38,20.166666666666668,27.848958333333332,0.0,0.6547050576834826
HHN-LON-01,2025-09-11,38,21.125,27.927083333333332,0.0,0.6722022923605397
HHN-LON-01,2025-09-12,38,21.302083333333332,27.901041666666668,0.0,0.682918941599766
HHN-LON-01,2025-09-13,38,19.604166666666668,27.682291666666668,0.0,0.6221039221475198
HHN-LON-01,2025-09-14,38,17.260416666666668,27.791666666666668,0.0,0.5423165807794573
HHN-LON-01,2025-09-15,38,18.21875,27.90625,0.0,0.6235927388263206
HHN-LON-01,2025-09-16,38,18.729166666666668,27.822916666666668,0.0,0.6458682629977134
HHN-LON-01,2025-09-17,38,19.317708333333332,27.875,0.03125,0.6403898454687768
HHN-LON-01,2025-09-18,38,19.328125,27.916666666666668,0.125,0.6211971117028683
HHN-LON-01,2025-09-19,38,18.786458333333332,27.90625,0.125,0.6151251499857069
HHN-LON-01,2025-09-20,38,18.932291666666668,27.822916666666668,0.125,0.5968676848231318
HHN-LON-01,2025-09-21,38,18.677083333333332,27.739583333333332,0.125,0.5978008513425492
HHN-LON-01,2025-09-22,38,18.671875,27.8125,0.125,0.5981747551172792
HHN-LON-01,2025-09-23,38,20.078125,27.916666666666668,0.125,0.6361730122731719
HHN-LON-01,2025-09-24,38,20.364583333333332,27.838541666666668,0.020833333333333332,0.6354251623193731
HHN-LON-01,2025-09-25,38,20.557291666666668,27.901041666666668,0.0,0.6443329350057049
HHN-LON-01,2025-09-26,38,20.895833333333332,27.927083333333332,0.0,0.6544509916785821
HHN-LON-01,2025-09-27,38,20.572916666666668,27.802083333333332,0.0,0.6463728010978721
HHN-LON-01,2025-09-28,38,18.989583333333332,27.713541666666668,0.0,0.6082368472044322
HHN-LON-01,2025-09-29,38,16.776041666666668,27.859375,0.0,0.5435462844510249
HHN-LON-01,2025-09-30,38,17.828125,27.875,0.0,0.5574480408025783
HHN-LON-01,2025-10-01,38,19.46875,27.869791666666668,0.0,0.6247967696240411
HHN-LON-01,2025-10-02,38,21.135416666666668,27.927083333333332,0.20833333333333334,0.6794100673919995
HHN-LON-01,2025-10-03,38,20.9375,27.895833333333332,0.5,0.674939188127304
HHN-LON-01,2025-10-04,38,20.03125,27.838541666666668,0.5,0.6365986823271436
HHN-LON-01,2025-10-05,38,18.4375,27.791666666666668,0.5,0.6012303541888883
HHN-LON-01,2025-10-06,38,18.494791666666668,27.947916666666668,0.5,0.6012900133360982
HHN-LON-01,2025-10-07,38,20.989583333333332,27.869791666666668,0.5,0.6828070156069382
HHN-LON-01,2025-10-08,38,21.692708333333332,27.869791666666668,0.020833333333333332,0.7015713746392925
HHN-LON-01,2025-10-09,38,21.692708333333332,27.921875,0.0,0.6851053579916214
HHN-LON-01,2025-10-10,38,22.432291666666668,27.911458333333332,0.0,0.7123820840941222
HHN-LON-01,2025-10-11,38,23.661458333333332,27.8125,0.0,0.7757863534348636
HHN-LON-01,2025-10-12,38,23.463541666666668,27.822916666666668,0.0,0.7636999708995645
HHN-LON-01,2025-10-13,38,22.0,27.932291666666668,0.0,0.6962292958489504
HHN-LON-01,2025-10-14,38,21.484375,27.859375,0.0,0.6880400781322519
HHN-LON-01,2025-10-15,38,20.9375,27.901041666666668,0.0,0.6812376781169109
HHN-LON-01,2025-10-16,38,21.213541666666668,27.875,0.0,0.6956030633500964
HHN-LON-01,2025-10-17,38,23.802083333333332,27.90625,0.0,0.7816577938796399
HHN-LON-01,2025-10-18,38,26.286458333333332,27.802083333333332,0.0,0.8655602681918472
HHN-LON-01,2025-10-19,38,25.770833333333332,27.765625,0.0,0.8405468744421595
HHN-LON-01,2025-10-20,38,25.796875,27.859375,0.0,0.8511910926041958
HHN-LON-01,2025-10-21,38,25.994791666666668,27.947916666666668,0.0,0.8310433201058202
HHN-LON-01,2025-10-22,38,25.296875,27.838541666666668,0.0,0.8344858008993071
HHN-LON-01,2025-10-23,38,23.458333333333332,27.864583333333332,0.0,0.7757080086487013
HHN-LON-01,2025-10-24,38,21.619791666666668,27.963541666666668,0.0,0.7162476503759398
HHN-LON-01,2025-10-25,38,20.734375,27.739583333333332,0.0,0.6812794271100192
HHN-LON-01,2025-10-26,38,20.765625,27.828125,0.0,0.6808110198269594
HHN-LON-01,2025-10-27,38,21.041666666666668,27.932291666666668,0.0,0.6881917631167824
HHN-LON-01,2025-10-28,38,24.166666666666668,27.807291666666668,0.0,0.7990072490029968
HHN-LON-01,2025-10-29,38,24.744791666666668,27.90625,0.0,0.8028130221386801
HHN-LON-01,2025-10-30,38,23.817708333333332,27.890625,0.0,0.7751540197127827
HHN-LON-01,2025-10-31,38,22.505208333333332,27.942708333333332,0.0,0.7345697537720564
HHN-LON-01,2025-11-01,38,20.026041666666668,27.729166666666668,0.0,0.6734891275898903
HHN-LON-01,2025-11-02,38,19.682291666666668,27.848958333333332,0.0,0.6395375351222028
HHN-LON-01,2025-11-03,38,19.484375,27.859375,0.0,0.6505285267737699
HHN-LON-01,2025-11-04,38,21.671875,27.885416666666668,0.0,0.718883511143456
HHN-LON-01,2025-11-05,38,22.005208333333332,27.807291666666668,0.0,0.7454805211566168
HHN-LON-01,2025-11-06,38,22.260416666666668,27.895833333333332,0.0,0.7217831429155925
HHN-LON-01,2025-11-07,38,25.953125,27.869791666666668,0.0,0.8565611625384507
HHN-LON-01,2025-11-08,38,25.015625,27.838541666666668,0.0,0.8101162193678642
HHN-LON-01,2025-11-09,38,23.302083333333332,27.78125,0.0,0.7749381452391563
HHN-LON-01,2025-11-10,38,22.6875,27.90625,0.0,0.7674148418279291
HHN-LON-01,2025-11-11,38,22.359375,27.895833333333332,0.0,0.7458937592693399
HHN-LON-01,2025-11-12,38,22.109375,27.921875,0.0,0.7184545130186577
HHN-LON-01,2025-11-13,38,22.770833333333332,27.854166666666668,0.0,0.7349999578695243
HHN-LON-01,2025-11-14,38,22.375,27.833333333333332,0.0,0.7284164720063052
HHN-LON-01,2025-11-15,38,22.21875,27.864583333333332,0.0,0.7032670805470365
HHN-LON-01,2025-11-16,38,22.223958333333332,27.848958333333332,0.0,0.7183390944179289
HHN-LON-01,2025-11-17,38,22.291666666666668,27.885416666666668,0.0,0.7307293034353909
HHN-LON-01,2025-11-18,38,24.369791666666668,27.864583333333332,0.0,0.774852369282597
HHN-LON-01,2025-11-19,38,24.78125,27.901041666666668,0.0,0.82181098362225
HHN-LON-01,2025-11-20,38,23.973958333333332,27.901041666666668,0.0,0.7869294505293682
HHN-LON-01,2025-11-21,38,22.973958333333332,27.869791666666668,0.0,0.7292180758423341
HHN-LON-01,2025-11-22,38,22.348958333333332,27.796875,0.0,0.7218781513419903
HHN-LON-01,2025-11-23,38,21.208333333333332,27.78125,0.0,0.6977936131146594
HHN-LON-01,2025-11-24,38,20.09375,27.885416666666668,0.0,0.6674710025399181
HHN-LON-01,2025-11-25,38,21.84375,27.963541666666668,0.0,0.7353483970342523
HHN-LON-01,2025-11-26,38,24.6875,27.942708333333332,0.0,0.8199998182752634
HHN-LON-01,2025-11-27,38,25.114583333333332,27.864583333333332,0.0,0.8187466168019574
HHN-LON-01,2025-11-28,38,25.255208333333332,27.895833333333332,0.0,0.8228629800998223
HHN-LON-01,2025-11-29,38,23.979166666666668,27.880208333333332,0.0,0.7780540713203252
HHN-LON-01,2025-11-30,38,21.760416666666668,27.734375,0.0,0.7101353069385512
HHN-LON-01,2025-12-01,38,21.572916666666668,27.859375,0.0,0.7174201820111746
HHN-LON-01,2025-12-02,38,21.713541666666668,27.729166666666668,0.0,0.7521507204957646
HHN-LON-01,2025-12-03,38,21.75,27.791666666666668,0.0,0.7427928174942559
HHN-LON-01,2025-12-04,38,22.880208333333332,27.848958333333332,0.0,0.7556205962678688
HHN-LON-01,2025-12-05,38,23.552083333333332,27.822916666666668,0.0,0.7940112300783272
HHN-LON-01,2025-12-06,38,23.552083333333332,27.630208333333332,0.0,0.7854892168278204
HHN-LON-01,2025-12-07,38,24.135416666666668,27.682291666666668,0.0,0.8114086054165025
HHN-LON-01,2025-12-08,38,23.09375,27.817708333333332,0.0,0.7631953013815577
HHN-LON-01,2025-12-09,38,24.296875,27.817708333333332,0.0,0.8163953036269175
HHN-LON-01,2025-12-10,38,26.598958333333332,27.796875,0.0,0.8837618587121739
HHN-LON-01,2025-12-11,38,26.953125,27.833333333333332,0.0,0.8834862764550264
HHN-LON-01,2025-12-12,38,27.203125,27.755208333333332,0.0,0.927545371675717
HHN-LON-01,2025-12-13,38,25.458333333333332,27.708333333333332,0.0,0.8308920272584892
HHN-LON-01,2025-12-14,38,21.364583333333332,27.744791666666668,0.0,0.6864265851156136
HHN-LON-01,2025-12-15,38,20.75,27.71875,0.0,0.6835336171838042
HHN-LON-01,2025-12-16,38,22.510416666666668,27.859375,0.0,0.7516801084598105
HHN-LON-01,2025-12-17,38,24.317708333333332,27.8125,0.0,0.8129452930826769
HHN-LON-01,2025-12-18,38,23.171875,27.734375,0.0,0.7571774980591859
HHN-LON-01,2025-12-19,38,24.791666666666668,27.802083333333332,0.0,0.807157402350659
HHN-LON-01,2025-12-20,38,23.723958333333332,27.651041666666668,0.0,0.7726580512184227
HHN-LON-01,2025-12-21,38,21.223958333333332,27.520833333333332,0.0,0.6993397912645677
HHN-LON-01,2025-12-22,38,22.84375,27.90625,0.0,0.757648975969087
HHN-LON-01,2025-12-23,38,23.734375,27.739583333333332,0.0,0.7948410734639086
HHN-LON-01,2025-12-24,38,23.182291666666668,27.697916666666668,0.0,0.7637373347406241
HHN-LON-01,2025-12-25,38,22.567708333333332,27.703125,0.0,0.7570555122191901
HHN-LON-01,2025-12-26,38,22.713541666666668,27.8125,0.0,0.7393823724196532
HHN-LON-01,2025-12-27,38,21.390625,27.619791666666668,0.0,0.7061617777365125
HHN-LON-01,2025-12-28,38,23.869791666666668,27.708333333333332,0.0,0.7891080325603076
HHN-LON-01,2025-12-29,38,24.932291666666668,27.776041666666668,0.0,0.8231023132229689
HHN-LON-01,2025-12-30,38,25.140625,27.729166666666668,0.0,0.842584613470655
HHN-LON-01,2025-12-31,38,25.083333333333332,27.776041666666668,0.0,0.8240200025973051
HHN-LON-02,2024-01-01,18,1.984375,18.880208333333332,0.0,0.12665570299000825
HHN-LON-02,2024-01-02,18,6.979166666666667,18.864583333333332,0.0,0.46167645589235345
HHN-LON-02,2024-01-03,18,8.984375,18.661458333333332,0.0,0.5895309158643515
HHN-LON-02,2024-01-04,18,9.739583333333334,18.776041666666668,0.0,0.6165169000430631
HHN-LON-02,2024-01-05,18,11.734375,18.828125,0.0,0.7350046398319382
HHN-LON-02,2024-01-06,18,12.9375,18.78125,0.0,0.7671387927050537
HHN-LON-02,2024-01-07,18,12.901041666666666,18.770833333333332,0.17708333333333334,0.773917231144773
HHN-LON-02,2024-01-08,18,13.354166666666666,18.833333333333332,0.25,0.803285569070222
HHN-LON-02,2024-01-09,18,13.276041666666666,18.895833333333332,0.25,0.7661046695125219
HHN-LON-02,2024-01-10,18,14.041666666666666,18.875,0.25,0.7931760278471138
HHN-LON-02,2024-01-11,18,13.625,18.90625,0.25,0.7868863451750432
HHN-LON-02,2024-01-12,18,12.838541666666666,18.90625,0.25,0.713291885267909
HHN-LON-02,2024-01-13,18,12.869791666666666,18.791666666666668,0.2708333333333333,0.730202396843603
HHN-LON-02,2024-01-14,18,13.557291666666666,18.817708333333332,0.17708333333333334,0.7812949807020164
HHN-LON-02,2024-01-15,18,13.84375,18.833333333333332,0.09895833333333333,0.759309420332015
HHN-LON-02,2024-01-16,18,13.796875,18.880208333333332,0.0,0.7486706947941576
HHN-LON-02,2024-01-17,18,14.114583333333334,18.848958333333332,0.0,0.7882865991860667
HHN-LON-02,2024-01-18,18,14.0625,18.78125,0.0,0.76077194188237
HHN-LON-02,2024-01-19,18,14.5,18.859375,0.0,0.7605893312910967
HHN-LON-02,2024-01-20,18,13.619791666666666,18.817708333333332,0.0,0.7216157961989196
HHN-LON-02,2024-01-21,18,13.395833333333334,18.760416666666668,0.0,0.7186332605630324
HHN-LON-02,2024-01-22,18,13.640625,18.869791666666668,0.0,0.7451503129005558
HHN-LON-02,2024-01-23,18,14.979166666666666,18.869791666666668,0.0,0.8191389321683085
HHN-LON-02,2024-01-24,18,15.125,18.875,0.0,0.8087189241553466
HHN-LON-02,2024-01-25,18,14.96875,18.729166666666668,0.0,0.7982362643940313
HHN-LON-02,2024-01-26,18,14.682291666666666,18.885416666666668,0.0,0.7566517082712569
HHN-LON-02,2024-01-27,18,14.619791666666666,18.817708333333332,0.0,0.7815944318577662
HHN-LON-02,2024-01-28,18,14.6875,18.84375,0.0,0.8024903627638795
HHN-LON-02,2024-01-29,18,14.328125,18.838541666666668,0.0,0.792853705271736
HHN-LON-02,2024-01-30,18,14.921875,18.880208333333332,0.0,0.8400054786369441
HHN-LON-02,2024-01-31,18,14.979166666666666,18.864583333333332,0.0,0.8179260531880286
HHN-LON-02,2024-02-01,18,15.0625,18.833333333333332,0.0,0.8233706624979594
HHN-LON-02,2024-02-02,18,14.880208333333334,18.859375,0.0,0.7966793991847871
HHN-LON-02,2024-02-03,18,14.708333333333334,18.807291666666668,0.0,0.7987281948134375
HHN-LON-02,2024-02-04,18,14.541666666666666,18.84375,0.0,0.7939304140543365
HHN-LON-02,2024-02-05,18,15.114583333333334,18.875,0.0,0.833107638888889
HHN-LON-02,2024-02-06,18,15.770833333333334,18.927083333333332,0.0,0.851677505545473
HHN-LON-02,2024-02-07,18,15.880208333333334,18.848958333333332,0.0,0.8640284224874742
HHN-LON-02,2024-02-08,18,15.895833333333334,18.796875,0.0,0.8949658872722387
HHN-LON-02,2024-02-09,18,16.265625,18.869791666666668,0.0,0.8427031142548383
HHN-LON-02,2024-02-10,18,16.557291666666668,18.71875,0.0,0.8492456296239673
HHN-LON-02,2024-02-11,18,16.15625,18.770833333333332,0.0,0.8481385133832723
HHN-LON-02,2024-02-12,18,15.979166666666666,18.802083333333332,0.0,0.8586409655042387
HHN-LON-02,2024-02-13,18,16.135416666666668,18.838541666666668,0.0,0.8630640237994763
HHN-LON-02,2024-02-14,18,15.588541666666666,18.848958333333332,0.0,0.8461183740873274
HHN-LON-02,2024-02-15,18,15.96875,18.760416666666668,0.0,0.8532710738885122
HHN-LON-02,2024-02-16,18,16.614583333333332,18.911458333333332,0.0,0.8670803715466828
HHN-LON-02,2024-02-17,18,15.505208333333334,18.791666666666668,0.0,0.8230183005452402
HHN-LON-02,2024-02-18,18,14.46875,18.78125,0.0,0.7578068036688727
HHN-LON-02,2024-02-19,18,15.046875,18.786458333333332,0.0,0.8247521091217211
HHN-LON-02,2024-02-20,18,15.015625,18.942708333333332,0.0,0.814241099936143
HHN-LON-02,2024-02-21,18,15.125,18.869791666666668,0.21875,0.8193871247885256
HHN-LON-02,2024-02-22,18,15.125,18.921875,0.25,0.82069346482062
HHN-LON-02,2024-02-23,18,15.296875,18.833333333333332,0.25,0.8149101408285913
HHN-LON-02,2024-02-24,18,15.119791666666666,18.645833333333332,0.25,0.8379165023992611
HHN-LON-02,2024-02-25,18,14.651041666666666,18.734375,0.25,0.8092671825187572
HHN-LON-02,2024-02-26,18,13.9375,18.755208333333332,0.25,0.7941935813333793
HHN-LON-02,2024-02-27,18,14.208333333333334,18.802083333333332,0.07291666666666667,0.8013890534566118
HHN-LON-02,2024-02-28,18,14.682291666666666,18.911458333333332,0.0,0.7980207668156662
HHN-LON-02,2024-02-29,18,14.786458333333334,18.901041666666668,0.0,0.7915003724989357
HHN-LON-02,2024-03-01,18,14.864583333333334,18.958333333333332,0.0,0.8236309757053292
HHN-LON-02,2024-03-02,18,14.989583333333334,18.890625,0.0,0.8126074865029606
HHN-LON-02,2024-03-03,18,14.859375,18.791666666666668,0.0,0.7958162333867848
HHN-LON-02,2024-03-04,18,14.640625,18.921875,0.0,0.8254797435562522
HHN-LON-02,2024-03-05,18,14.625,18.901041666666668,0.0,0.8277593903940886
HHN-LON-02,2024-03-06,18,13.671875,18.927083333333332,0.0,0.7792946889875769
HHN-LON-02,2024-03-07,18,12.375,18.817708333333332,0.0,0.7148397315503469
HHN-LON-02,2024-03-08,18,12.854166666666666,18.885416666666668,0.0,0.7581167986261166
HHN-LON-02,2024-03-09,18,12.760416666666666,18.859375,0.0,0.7146108719142917
HHN-LON-02,2024-03-10,18,13.020833333333334,18.854166666666668,0.0,0.7567975213307564
HHN-LON-02,2024-03-11,18,13.609375,18.901041666666668,0.0,0.7837489744896565
HHN-LON-02,2024-03-12,18,13.75,18.901041666666668,0.0,0.795445003192848
HHN-LON-02,2024-03-13,18,13.947916666666666,18.932291666666668,0.0,0.8014048531289911
HHN-LON-02,2024-03-14,18,14.4375,18.96875,0.0,0.8304921974776501
HHN-LON-02,2024-03-15,18,14.526041666666666,18.9375,0.0,0.8065741829211657
HHN-LON-02,2024-03-16,18,14.8125,18.791666666666668,0.0,0.8266990151147939
HHN-LON-02,2024-03-17,18,14.703125,18.885416666666668,0.0,0.8122887085868831
HHN-LON-02,2024-03-18,18,14.276041666666666,18.947916666666668,0.0,0.8041928186126235
HHN-LON-02,2024-03-19,18,15.265625,18.96875,0.0,0.8378719169061303
HHN-LON-02,2024-03-20,18,15.807291666666666,18.947916666666668,0.0,0.8573467131738114
HHN-LON-02,2024-03-21,18,15.765625,18.911458333333332,0.0,0.8515009711579395
HHN-LON-02,2024-03-22,18,15.958333333333334,18.895833333333332,0.0,0.8562302634611839
HHN-LON-02,2024-03-23,18,15.067708333333334,18.838541666666668,0.010416666666666666,0.8179826430583118
HHN-LON-02,2024-03-24,18,13.588541666666666,18.869791666666668,0.125,0.7703309677232091
HHN-LON-02,2024-03-25,18,13.625,18.921875,0.041666666666666664,0.788433606772777
HHN-LON-02,2024-03-26,18,13.833333333333334,18.942708333333332,0.0,0.8020004269383948
HHN-LON-02,2024-03-27,18,13.645833333333334,18.958333333333332,0.0,0.8002803132747353
HHN-LON-02,2024-03-28,18,13.776041666666666,18.953125,0.0,0.8056004549808429
HHN-LON-02,2024-03-29,18,13.666666666666666,18.885416666666668,0.052083333333333336,0.7907292645812795
HHN-LON-02,2024-03-30,18,13.364583333333334,18.859375,0.17708333333333334,0.7846193538217366
HHN-LON-02,2024-03-31,18,12.583333333333334,18.901041666666668,0.1875,0.7356052722649927
HHN-LON-02,2024-04-01,18,12.197916666666666,18.880208333333332,0.036458333333333336,0.7301796311427239
HHN-LON-02,2024-04-02,18,12.703125,18.942708333333332,0.0,0.7629862953138815
HHN-LON-02,2024-04-03,18,13.161458333333334,18.911458333333332,0.0,0.7822228208812261
HHN-LON-02,2024-04-04,18,13.604166666666666,18.916666666666668,0.0,0.7962630095141505
HHN-LON-02,2024-04-05,18,14.197916666666666,18.96875,0.0,0.8012751436781609
HHN-LON-02,2024-04-06,18,14.020833333333334,18.822916666666668,0.0,0.812673629252293
HHN-LON-02,2024-04-07,18,14.28125,18.880208333333332,0.0,0.8258011219289277
HHN-LON-02,2024-04-08,18,13.84375,18.932291666666668,0.0,0.7840187331027848
HHN-LON-02,2024-04-09,18,13.109375,18.942708333333332,0.0,0.7429199502205969
HHN-LON-02,2024-04-10,18,13.848958333333334,18.84375,0.0,0.7653046455796413
HHN-LON-02,2024-04-11,18,12.895833333333334,18.921875,0.0,0.7054211133904973
HHN-LON-02,2024-04-12,18,12.385416666666666,18.979166666666668,0.0,0.6872324175664692
HHN-LON-02,2024-04-13,18,12.807291666666666,18.916666666666668,0.0,0.7270910660121328
HHN-LON-02,2024-04-14,18,12.192708333333334,18.875,0.0,0.7300603927435212
HHN-LON-02,2024-04-15,18,12.807291666666666,18.875,0.0,0.7579302098593268
HHN-LON-02,2024-04-16,18,13.166666666666666,18.932291666666668,0.0,0.7465533088235294
HHN-LON-02,2024-04-17,18,13.90625,18.921875,0.0,0.7781651787162532
HHN-LON-02,2024-04-18,18,13.260416666666666,18.916666666666668,0.1875,0.7121937183621071
HHN-LON-02,2024-04-19,18,12.848958333333334,18.901041666666668,0.375,0.6911956318696251
HHN-LON-02,2024-04-20,18,12.619791666666666,18.78125,0.1875,0.6872967826654418
HHN-LON-02,2024-04-21,18,11.572916666666666,18.96875,0.0,0.6477882057560049
HHN-LON-02,2024-04-22,18,10.979166666666666,18.911458333333332,0.015625,0.6316163251284129
HHN-LON-02,2024-04-23,18,11.005208333333334,18.916666666666668,0.375,0.6160965346714269
HHN-LON-02,2024-04-24,18,11.59375,18.880208333333332,0.328125,0.6457510571024242
HHN-LON-02,2024-04-25,18,12.520833333333334,18.875,0.0,0.7223699839276242
HHN-LON-02,2024-04-26,18,13.041666666666666,18.90625,0.0,0.7589779155606995
HHN-LON-02,2024-04-27,18,12.09375,18.828125,0.0,0.7014178219192956
HHN-LON-02,2024-04-28,18,12.130208333333334,18.864583333333332,0.0,0.7103403680427949
HHN-LON-02,2024-04-29,18,12.65625,18.916666666666668,0.0,0.7441553102867758
HHN-LON-02,2024-04-30,18,13.015625,18.947916666666668,0.0,0.7620985356437943
HHN-LON-02,2024-05-01,18,12.802083333333334,18.921875,0.0,0.7196214698629101
HHN-LON-02,2024-05-02,18,12.348958333333334,18.932291666666668,0.0,0.6892525515572391
HHN-LON-02,2024-05-03,18,12.286458333333334,18.932291666666668,0.0,0.6733270010142317
HHN-LON-02,2024-05-04,18,11.765625,18.859375,0.0,0.638404896417463
HHN-LON-02,2024-05-05,18,12.041666666666666,18.890625,0.0,0.6704769195789311
HHN-LON-02,2024-05-06,18,11.34375,18.963541666666668,0.0,0.631127410963079
HHN-LON-02,2024-05-07,18,11.046875,18.916666666666668,0.0,0.6219583240493166
HHN-LON-02,2024-05-08,18,12.036458333333334,18.921875,0.0,0.6678644312265002
HHN-LON-02,2024-05-09,18,13.0,18.963541666666668,0.0,0.722408622866597
HHN-LON-02,2024-05-10,18,12.984375,18.890625,0.0,0.7221607907696649
HHN-LON-02,2024-05-11,18,12.520833333333334,18.864583333333332,0.0,0.7144989163667325
HHN-LON-02,2024-05-12,18,12.557291666666666,18.895833333333332,0.0,0.7442858300437324
HHN-LON-02,2024-05-13,18,12.776041666666666,18.947916666666668,0.0,0.7526059807848601
HHN-LON-02,2024-05-14,18,13.317708333333334,18.895833333333332,0.0,0.7775588741824374
HHN-LON-02,2024-05-15,18,13.463541666666666,18.880208333333332,0.0,0.766254292272103
HHN-LON-02,2024-05-16,18,13.515625,18.916666666666668,0.0,0.7668035899051365
HHN-LON-02,2024-05-17,18,13.479166666666666,18.838541666666668,0.0,0.7498630485732342
HHN-LON-02,2024-05-18,18,13.114583333333334,18.864583333333332,0.0,0.7478740881236718
HHN-LON-02,2024-05-19,18,12.135416666666666,18.84375,0.0,0.6850722110250257
HHN-LON-02,2024-05-20,18,12.552083333333334,18.942708333333332,0.0,0.7275525550040637
HHN-LON-02,2024-05-21,18,13.354166666666666,18.875,0.0,0.7563955225144162
HHN-LON-02,2024-05-22,18,14.203125,18.921875,0.0,0.7887346344189017
HHN-LON-02,2024-05-23,18,13.682291666666666,18.895833333333332,0.0,0.7372526364472992
HHN-LON-02,2024-05-24,18,13.114583333333334,18.911458333333332,0.0,0.7279600713119191
HHN-LON-02,2024-05-25,18,12.46875,18.911458333333332,0.0,0.7274806381756812
HHN-LON-02,2024-05-26,18,12.380208333333334,18.802083333333332,0.0,0.7336393206490189
HHN-LON-02,2024-05-27,18,11.625,18.90625,0.0,0.6946924780100966
HHN-LON-02,2024-05-28,18,11.916666666666666,18.927083333333332,0.0,0.7097790948275863
HHN-LON-02,2024-05-29,18,12.526041666666666,18.921875,0.0,0.7107481468231809
HHN-LON-02,2024-05-30,18,13.307291666666666,18.953125,0.0,0.7636344588122604
HHN-LON-02,2024-05-31,18,14.145833333333334,18.901041666666668,0.0,0.8086502760133092
HHN-LON-02,2024-06-01,18,13.552083333333334,18.859375,0.0,0.7842017970654824
HHN-LON-02,2024-06-02,18,12.322916666666666,18.9375,0.0,0.7296530771072797
HHN-LON-02,2024-06-03,18,13.244791666666666,18.911458333333332,0.0,0.7937351260093611
HHN-LON-02,2024-06-04,18,12.973958333333334,18.953125,0.0,0.7363723441309649
HHN-LON-02,2024-06-05,18,12.328125,18.932291666666668,0.0,0.692590362294343
HHN-LON-02,2024-06-06,18,11.875,18.901041666666668,0.0,0.6701107156473861
HHN-LON-02,2024-06-07,18,12.53125,18.932291666666668,0.010416666666666666,0.6534810687162361
HHN-LON-02,2024-06-08,18,13.786458333333334,18.885416666666668,0.25,0.7221495367420016
HHN-LON-02,2024-06-09,18,12.723958333333334,18.822916666666668,0.25,0.6654640821134318
HHN-LON-02,2024-06-10,18,12.182291666666666,18.927083333333332,0.11458333333333333,0.646774133694535
HHN-LON-02,2024-06-11,18,12.71875,18.875,0.0,0.6901944460807079
HHN-LON-02,2024-06-12,18,12.359375,18.9375,0.0,0.6793854493207941
HHN-LON-02,2024-06-13,18,12.354166666666666,18.963541666666668,0.0,0.7062579821200511
HHN-LON-02,2024-06-14,18,11.479166666666666,18.875,0.0,0.6631038439136975
HHN-LON-02,2024-06-15,18,11.380208333333334,18.8125,0.0,0.6473519783336869
HHN-LON-02,2024-06-16,18,10.583333333333334,18.921875,0.0,0.5982761515275302
HHN-LON-02,2024-06-17,18,9.598958333333334,18.953125,0.0,0.5243680292508418
HHN-LON-02,2024-06-18,18,10.484375,18.9375,0.0,0.5835861586130983
HHN-LON-02,2024-06-19,18,11.1875,18.9375,0.0,0.6153940196661526
HHN-LON-02,2024-06-20,18,12.15625,18.942708333333332,0.0,0.6618429645020669
HHN-LON-02,2024-06-21,18,12.713541666666666,18.911458333333332,0.0,0.703163825218395
HHN-LON-02,2024-06-22,18,12.197916666666666,18.880208333333332,0.0,0.684856267644205
HHN-LON-02,2024-06-23,18,10.989583333333334,18.796875,0.0,0.6353138920689313
HHN-LON-02,2024-06-24,18,11.3125,18.895833333333332,0.0,0.7009403438970502
HHN-LON-02,2024-06-25,18,12.927083333333334,18.932291666666668,0.0,0.7573506269768747
HHN-LON-02,2024-06-26,18,13.776041666666666,18.942708333333332,0.0,0.7878243386615011
HHN-LON-02,2024-06-27,18,13.520833333333334,18.901041666666668,0.0,0.7539740957630473
HHN-LON-02,2024-06-28,18,13.635416666666666,18.942708333333332,0.0,0.7540736024033438
HHN-LON-02,2024-06-29,18,12.317708333333334,18.848958333333332,0.0,0.6914852241673838
HHN-LON-02,2024-06-30,18,11.677083333333334,18.911458333333332,0.0,0.6592493776507468
HHN-LON-02,2024-07-01,18,11.963541666666666,18.921875,0.0,0.6877978904177718
HHN-LON-02,2024-07-02,18,13.166666666666666,18.947916666666668,0.0,0.7704476064524556
HHN-LON-02,2024-07-03,18,12.963541666666666,18.885416666666668,0.0,0.7633114043539161
HHN-LON-02,2024-07-04,18,11.96875,18.921875,0.0,0.6935014295402372
HHN-LON-02,2024-07-05,18,12.255208333333334,18.901041666666668,0.0,0.7274096249909986
HHN-LON-02,2024-07-06,18,12.0,18.755208333333332,0.0,0.6753339255923549
HHN-LON-02,2024-07-07,18,11.609375,18.911458333333332,0.0,0.6638540698247689
HHN-LON-02,2024-07-08,18,11.270833333333334,18.973958333333332,0.0,0.6530925873103073
HHN-LON-02,2024-07-09,18,12.4375,18.916666666666668,0.0,0.7279514250070792
HHN-LON-02,2024-07-10,18,12.5,18.927083333333332,0.0,0.715325825231695
HHN-LON-02,2024-07-11,18,12.223958333333334,18.973958333333332,0.0,0.6918783742598397
HHN-LON-02,2024-07-12,18,11.765625,18.864583333333332,0.0,0.647542841939878
HHN-LON-02,2024-07-13,18,12.510416666666666,18.84375,0.0,0.6695601528836991
HHN-LON-02,2024-07-14,18,12.703125,18.880208333333332,0.0,0.6889023615355084
HHN-LON-02,2024-07-15,18,13.395833333333334,18.890625,0.0,0.7256891067505292
HHN-LON-02,2024-07-16,18,13.484375,18.901041666666668,0.0,0.7248096082955997
HHN-LON-02,2024-07-17,18,13.140625,18.958333333333332,0.0,0.7391897337130603
HHN-LON-02,2024-07-18,18,13.890625,18.895833333333332,0.0,0.7665286976424147
HHN-LON-02,2024-07-19,18,13.8125,18.890625,0.0,0.7515539218125425
HHN-LON-02,2024-07-20,18,13.213541666666666,18.875,0.0,0.7098076791943266
HHN-LON-02,2024-07-21,18,12.609375,18.838541666666668,0.0,0.7028389946564556
HHN-LON-02,2024-07-22,18,12.890625,18.895833333333332,0.0,0.7486722449195001
HHN-LON-02,2024-07-23,18,12.755208333333334,18.916666666666668,0.0,0.7565471162777198
HHN-LON-02,2024-07-24,18,12.848958333333334,18.942708333333332,0.0,0.7281873576450782
HHN-LON-02,2024-07-25,18,12.78125,18.9375,0.0,0.7036052611135015
HHN-LON-02,2024-07-26,18,12.291666666666666,18.927083333333332,0.0,0.672040417966429
HHN-LON-02,2024-07-27,18,11.734375,18.8125,0.0,0.6632269502410856
HHN-LON-02,2024-07-28,18,10.75,18.864583333333332,0.0,0.6175799713372608
HHN-LON-02,2024-07-29,18,10.786458333333334,18.963541666666668,0.03125,0.6200620983328894
HHN-LON-02,2024-07-30,18,11.588541666666666,18.921875,0.375,0.6333950186875517
HHN-LON-02,2024-07-31,18,12.666666666666666,18.885416666666668,0.375,0.6777834136429791
HHN-LON-02,2024-08-01,18,12.453125,18.895833333333332,0.375,0.6391658287041305
HHN-LON-02,2024-08-02,18,9.916666666666666,18.921875,0.28125,0.5173766023746549
HHN-LON-02,2024-08-03,18,8.901041666666666,18.890625,0.0,0.4960492013931574
HHN-LON-02,2024-08-04,18,8.9375,18.838541666666668,0.0,0.5377431553287004
HHN-LON-02,2024-08-05,18,10.609375,18.958333333333332,0.0,0.6440889319688603
HHN-LON-02,2024-08-06,18,12.166666666666666,18.895833333333332,0.0,0.75037514054642
HHN-LON-02,2024-08-07,18,12.359375,18.916666666666668,0.0,0.7548929078110316
HHN-LON-02,2024-08-08,18,12.338541666666666,18.916666666666668,0.0,0.7060071135842878
HHN-LON-02,2024-08-09,18,12.453125,18.921875,0.0,0.6840792139934062
HHN-LON-02,2024-08-10,18,12.958333333333334,18.90625,0.0,0.7015098278786001
HHN-LON-02,2024-08-11,18,11.432291666666666,18.828125,0.0,0.6432976871885783
HHN-LON-02,2024-08-12,18,11.588541666666666,18.96875,0.0,0.660847569092292
HHN-LON-02,2024-08-13,18,10.78125,18.885416666666668,0.0,0.6088520239283116
HHN-LON-02,2024-08-14,18,10.286458333333334,18.963541666666668,0.0,0.5852741330009015
HHN-LON-02,2024-08-15,18,10.609375,18.916666666666668,0.0,0.6207861529211999
HHN-LON-02,2024-08-16,18,11.28125,18.895833333333332,0.0,0.6521985575839532
HHN-LON-02,2024-08-17,18,10.973958333333334,18.828125,0.0,0.6040532404510915
HHN-LON-02,2024-08-18,18,10.34375,18.802083333333332,0.0,0.570911001488219
HHN-LON-02,2024-08-19,18,10.401041666666666,18.932291666666668,0.0,0.5954736752546718
HHN-LON-02,2024-08-20,18,9.96875,18.927083333333332,0.0,0.5757488646203683
HHN-LON-02,2024-08-21,18,10.338541666666666,18.979166666666668,0.0,0.603737741096308
HHN-LON-02,2024-08-22,18,10.333333333333334,18.947916666666668,0.0,0.611102847535958
HHN-LON-02,2024-08-23,18,10.192708333333334,18.869791666666668,0.0,0.6176331608106932
HHN-LON-02,2024-08-24,18,11.0625,18.8125,0.0,0.6778153499783137
HHN-LON-02,2024-08-25,18,10.791666666666666,18.885416666666668,0.0,0.6432300270388981
HHN-LON-02,2024-08-26,18,11.213541666666666,18.875,0.0,0.6883063982134564
HHN-LON-02,2024-08-27,18,11.703125,18.895833333333332,0.0,0.730204987113695
HHN-LON-02,2024-08-28,18,11.963541666666666,18.96875,0.0,0.7363918192233355
HHN-LON-02,2024-08-29,18,13.046875,18.947916666666668,0.0,0.7786022944966909
HHN-LON-02,2024-08-30,18,13.442708333333334,18.90625,0.0,0.7715863342491159
HHN-LON-02,2024-08-31,18,13.645833333333334,18.833333333333332,0.0,0.7818396525834242
HHN-LON-02,2024-09-01,18,13.744791666666666,18.911458333333332,0.0,0.7906307518218015
HHN-LON-02,2024-09-02,18,14.583333333333334,18.90625,0.0,0.8226668053034886
HHN-LON-02,2024-09-03,18,15.328125,18.921875,0.0,0.8265911201014989
HHN-LON-02,2024-09-04,18,14.942708333333334,18.953125,0.0,0.7996437978927203
HHN-LON-02,2024-09-05,18,14.895833333333334,18.932291666666668,0.0,0.788602772214482
HHN-LON-02,2024-09-06,18,14.151041666666666,18.875,0.0,0.7376828952098348
HHN-LON-02,2024-09-07,18,12.510416666666666,18.854166666666668,0.0,0.6605046007104514
HHN-LON-02,2024-09-08,18,11.828125,18.802083333333332,0.0,0.6383963723398625
HHN-LON-02,2024-09-09,18,12.651041666666666,18.947916666666668,0.0,0.7136244358092418
HHN-LON-02,2024-09-10,18,13.479166666666666,18.921875,0.0,0.7752768414136949
HHN-LON-02,2024-09-11,18,14.078125,18.958333333333332,0.0,0.8022443363230001
HHN-LON-02,2024-09-12,18,13.65625,18.932291666666668,0.0,0.7403415996352803
HHN-LON-02,2024-09-13,18,13.979166666666666,18.890625,0.0,0.7360950108121443
HHN-LON-02,2024-09-14,18,14.453125,18.8125,0.0,0.7629315335472467
HHN-LON-02,2024-09-15,18,14.125,18.807291666666668,0.0,0.7889962278059853
HHN-LON-02,2024-09-16,18,14.515625,18.885416666666668,0.0,0.7971265939766621
HHN-LON-02,2024-09-17,18,14.135416666666666,18.875,0.0,0.7985446641097184
HHN-LON-02,2024-09-18,18,13.359375,18.932291666666668,0.0,0.7494148401697843
HHN-LON-02,2024-09-19,18,12.479166666666666,18.9375,0.0,0.7091402024171738
HHN-LON-02,2024-09-20,18,11.864583333333334,18.958333333333332,0.0,0.6797126642203817
HHN-LON-02,2024-09-21,18,12.776041666666666,18.875,0.0,0.7419870666178349
HHN-LON-02,2024-09-22,18,13.239583333333334,18.880208333333332,0.0,0.7775146172573435
HHN-LON-02,2024-09-23,18,13.583333333333334,18.973958333333332,0.0,0.7886622201562618
HHN-LON-02,2024-09-24,18,13.895833333333334,18.911458333333332,0.0,0.7846189268658526
HHN-LON-02,2024-09-25,18,14.041666666666666,18.932291666666668,0.0,0.7528660799808429
HHN-LON-02,2024-09-26,18,13.713541666666666,18.984375,0.0,0.703351072544868
HHN-LON-02,2024-09-27,18,13.359375,18.927083333333332,0.0,0.6885696521076211
HHN-LON-02,2024-09-28,18,13.213541666666666,18.90625,0.0,0.6582616695266991
HHN-LON-02,2024-09-29,18,13.348958333333334,18.880208333333332,0.0,0.6970528543223327
HHN-LON-02,2024-09-30,18,14.140625,18.802083333333332,0.0,0.7648091626386396
HHN-LON-02,2024-10-01,18,14.786458333333334,18.916666666666668,0.0,0.8187617429266135
HHN-LON-02,2024-10-02,18,14.713541666666666,18.973958333333332,0.0,0.8161368534482758
HHN-LON-02,2024-10-03,18,15.276041666666666,18.927083333333332,0.0,0.839634219348659
HHN-LON-02,2024-10-04,18,15.651041666666666,18.921875,0.020833333333333332,0.8425993386151055
HHN-LON-02,2024-10-05,18,15.083333333333334,18.807291666666668,0.125,0.8050708691751257
HHN-LON-02,2024-10-06,18,14.46875,18.84375,0.125,0.7918920262715092
HHN-LON-02,2024-10-07,18,14.994791666666666,18.947916666666668,0.0625,0.81726478143504
HHN-LON-02,2024-10-08,18,15.192708333333334,18.927083333333332,0.0,0.8260841312943284
HHN-LON-02,2024-10-09,18,15.791666666666666,18.901041666666668,0.0,0.8491696247464503
HHN-LON-02,2024-10-10,18,15.234375,18.90625,0.0,0.8502471131332482
HHN-LON-02,2024-10-11,18,14.333333333333334,18.84375,0.0,0.80074561395349
HHN-LON-02,2024-10-12,18,13.6875,18.78125,0.0,0.7871921848499372
HHN-LON-02,2024-10-13,18,12.8125,18.90625,0.0,0.7684041912782035
HHN-LON-02,2024-10-14,18,12.739583333333334,18.953125,0.0,0.767191069925445
HHN-LON-02,2024-10-15,18,13.723958333333334,18.958333333333332,0.0,0.8085089399744572
HHN-LON-02,2024-10-16,18,14.208333333333334,18.947916666666668,0.0,0.7838554795153593
HHN-LON-02,2024-10-17,18,14.052083333333334,18.901041666666668,0.0,0.7584057700056687
HHN-LON-02,2024-10-18,18,13.427083333333334,18.942708333333332,0.0,0.7256980393330704
HHN-LON-02,2024-10-19,18,12.21875,18.854166666666668,0.0,0.6878613896849667
HHN-LON-02,2024-10-20,18,11.947916666666666,18.84375,0.0,0.6745064504707315
HHN-LON-02,2024-10-21,18,12.645833333333334,18.921875,0.0,0.7372884738186462
HHN-LON-02,2024-10-22,18,12.979166666666666,18.848958333333332,0.0,0.750366487395202
HHN-LON-02,2024-10-23,18,12.859375,18.927083333333332,0.0,0.742639396841983
HHN-LON-02,2024-10-24,18,14.59375,18.916666666666668,0.0,0.7971746229622116
HHN-LON-02,2024-10-25,18,14.796875,18.9375,0.0,0.7990747154944353
HHN-LON-02,2024-10-26,18,14.90625,18.890625,0.0,0.7963940536071218
HHN-LON-02,2024-10-27,18,14.010416666666666,18.927083333333332,0.0,0.77039551534433
HHN-LON-02,2024-10-28,18,13.932291666666666,18.947916666666668,0.0,0.7947665411296877
HHN-LON-02,2024-10-29,18,14.822916666666666,18.880208333333332,0.0,0.8292641520672994
HHN-LON-02,2024-10-30,18,15.479166666666666,18.942708333333332,0.0,0.834146965343086
HHN-LON-02,2024-10-31,18,15.333333333333334,18.916666666666668,0.0,0.7853508141762452
HHN-LON-02,2024-11-01,18,15.197916666666666,18.927083333333332,0.020833333333333332,0.8112550613897597
HHN-LON-02,2024-11-02,18,13.833333333333334,18.885416666666668,0.25,0.7287396819359927
HHN-LON-02,2024-11-03,18,12.166666666666666,18.833333333333332,0.25,0.6691993803647831
HHN-LON-02,2024-11-04,18,11.223958333333334,18.979166666666668,0.25,0.6568012651660281
HHN-LON-02,2024-11-05,18,11.671875,18.895833333333332,0.25,0.648608666752955
HHN-LON-02,2024-11-06,18,13.177083333333334,18.942708333333332,0.25,0.7164550871288955
HHN-LON-02,2024-11-07,18,14.114583333333334,18.953125,0.16666666666666666,0.7404970010034665
HHN-LON-02,2024-11-08,18,15.109375,18.973958333333332,0.0,0.7858719196273075
HHN-LON-02,2024-11-09,18,15.005208333333334,18.765625,0.0,0.8076552159526297
HHN-LON-02,2024-11-10,18,14.161458333333334,18.838541666666668,0.0,0.7783308738311591
HHN-LON-02,2024-11-11,18,13.307291666666666,18.958333333333332,0.0,0.7724374139894551
HHN-LON-02,2024-11-12,18,13.822916666666666,18.927083333333332,0.0,0.7645324473180076
HHN-LON-02,2024-11-13,18,14.932291666666666,18.911458333333332,0.0,0.8248753561253562
HHN-LON-02,2024-11-14,18,14.557291666666666,18.9375,0.0,0.8363223925576521
HHN-LON-02,2024-11-15,18,14.708333333333334,18.927083333333332,0.0,0.8496894315224464
HHN-LON-02,2024-11-16,18,14.067708333333334,18.880208333333332,0.0,0.7774145006095438
HHN-LON-02,2024-11-17,18,13.229166666666666,18.833333333333332,0.0,0.7378308467819962
HHN-LON-02,2024-11-18,18,13.057291666666666,18.90625,0.0,0.7392867850346775
HHN-LON-02,2024-11-19,18,13.416666666666666,18.963541666666668,0.0,0.769748197193367
HHN-LON-02,2024-11-20,18,14.833333333333334,18.963541666666668,0.0,0.8320911159003832
HHN-LON-02,2024-11-21,18,15.520833333333334,18.828125,0.0,0.8364926201671891
HHN-LON-02,2024-11-22,18,14.947916666666666,18.953125,0.0,0.823451831533728
HHN-LON-02,2024-11-23,18,13.671875,18.802083333333332,0.0,0.7596834545164287
HHN-LON-02,2024-11-24,18,13.34375,18.807291666666668,0.0,0.752344676267407
HHN-LON-02,2024-11-25,18,14.088541666666666,18.953125,0.0,0.7774461521980238
HHN-LON-02,2024-11-26,18,14.817708333333334,18.927083333333332,0.0,0.7926230740975712
HHN-LON-02,2024-11-27,18,14.21875,18.947916666666668,0.0,0.7421590248233567
HHN-LON-02,2024-11-28,18,15.302083333333334,18.942708333333332,0.0,0.810548748793134
HHN-LON-02,2024-11-29,18,15.807291666666666,18.921875,0.0,0.8227249856425503
HHN-LON-02,2024-11-30,18,14.651041666666666,18.875,0.0,0.7964893140712513
HHN-LON-02,2024-12-01,18,13.453125,18.734375,0.0,0.7537646902786405
HHN-LON-02,2024-12-02,18,13.817708333333334,18.864583333333332,0.0,0.7792077262084446
HHN-LON-02,2024-12-03,18,14.515625,18.770833333333332,0.0,0.8205281380731432
HHN-LON-02,2024-12-04,18,14.885416666666666,18.864583333333332,0.0,0.8223534545775357
HHN-LON-02,2024-12-05,18,14.8125,18.875,0.0,0.8153811825148032
HHN-LON-02,2024-12-06,18,14.765625,18.802083333333332,0.0,0.8136625123852558
HHN-LON-02,2024-12-07,18,14.5,18.760416666666668,0.0,0.7744738586998983
HHN-LON-02,2024-12-08,18,13.802083333333334,18.791666666666668,0.0,0.749391615171137
HHN-LON-02,2024-12-09,18,13.546875,18.90625,0.0,0.7454529127481714
HHN-LON-02,2024-12-10,18,13.90625,18.765625,0.0,0.7692789276443514
HHN-LON-02,2024-12-11,18,14.5,18.869791666666668,0.0,0.7958267823086218
HHN-LON-02,2024-12-12,18,14.802083333333334,18.885416666666668,0.21875,0.7952649104965915
HHN-LON-02,2024-12-13,18,14.734375,18.864583333333332,0.25,0.7965788230630896
HHN-LON-02,2024-12-14,18,14.4375,18.8125,0.19791666666666666,0.8031850206339938
HHN-LON-02,2024-12-15,18,14.083333333333334,18.885416666666668,0.0,0.8068805287919766
HHN-LON-02,2024-12-16,18,13.484375,18.791666666666668,0.0,0.7841552639572978
HHN-LON-02,2024-12-17,18,13.75,18.859375,0.0,0.804872477806576
HHN-LON-02,2024-12-18,18,13.921875,18.859375,0.0,0.8079791011723483
HHN-LON-02,2024-12-19,18,13.984375,18.817708333333332,0.0,0.7885315572903641
HHN-LON-02,2024-12-20,18,13.572916666666666,18.8125,0.0,0.778205618223521
HHN-LON-02,2024-12-21,18,13.390625,18.901041666666668,0.0,0.7659969920497516
HHN-LON-02,2024-12-22,18,13.036458333333334,18.734375,0.0,0.7679186708153302
HHN-LON-02,2024-12-23,18,12.307291666666666,18.864583333333332,0.0,0.7367596794000032
HHN-LON-02,2024-12-24,18,12.3125,18.84375,0.0,0.7300603955517536
HHN-LON-02,2024-12-25,18,12.682291666666666,18.875,0.0,0.7426501001393242
HHN-LON-02,2024-12-26,18,12.354166666666666,18.885416666666668,0.0,0.6978273562325287
HHN-LON-02,2024-12-27,18,12.401041666666666,18.786458333333332,0.0,0.6914139385229437
HHN-LON-02,2024-12-28,18,12.598958333333334,18.765625,0.0,0.7102159229499482
HHN-LON-02,2024-12-29,18,13.385416666666666,18.833333333333332,0.0,0.7741124053243729
HHN-LON-02,2024-12-30,18,13.494791666666666,18.744791666666668,0.0,0.7926215199521699
HHN-LON-02,2024-12-31,18,12.838541666666666,18.864583333333332,0.0,0.7356593956809475
HHN-LON-02,2025-01-01,18,12.03125,18.869791666666668,0.265625,0.7049151210366698
HHN-LON-02,2025-01-02,18,12.338541666666666,18.947916666666668,0.375,0.7255309337031574
HHN-LON-02,2025-01-03,18,12.552083333333334,18.859375,0.375,0.751382935456053
HHN-LON-02,2025-01-04,18,12.901041666666666,18.744791666666668,0.375,0.7615157375533105
HHN-LON-02,2025-01-05,18,13.104166666666666,18.734375,0.375,0.7700071145293376
HHN-LON-02,2025-01-06,18,12.802083333333334,18.890625,0.375,0.7395482559352256
HHN-LON-02,2025-01-07,18,13.177083333333334,18.854166666666668,0.375,0.7528039097604419
HHN-LON-02,2025-01-08,18,14.072916666666666,18.822916666666668,0.03125,0.7923011545048183
HHN-LON-02,2025-01-09,18,13.979166666666666,18.875,0.0,0.7828009529665555
HHN-LON-02,2025-01-10,18,14.083333333333334,18.880208333333332,0.0,0.7610389092070126
HHN-LON-02,2025-01-11,18,14.302083333333334,18.859375,0.0,0.778029486677116
HHN-LON-02,2025-01-12,18,14.104166666666666,18.828125,0.0,0.787302041513135
HHN-LON-02,2025-01-13,18,14.213541666666666,18.765625,0.0,0.8140527229700658
HHN-LON-02,2025-01-14,18,13.963541666666666,18.854166666666668,0.0,0.8118848093994941
HHN-LON-02,2025-01-15,18,13.953125,18.869791666666668,0.0,0.8132368006942644
HHN-LON-02,2025-01-16,18,13.885416666666666,18.854166666666668,0.0,0.803503787878788
HHN-LON-02,2025-01-17,18,14.104166666666666,18.71875,0.0,0.7782182973898237
HHN-LON-02,2025-01-18,18,14.328125,18.890625,0.0,0.80008135842698
HHN-LON-02,2025-01-19,18,13.963541666666666,18.739583333333332,0.0,0.7913469509089438
HHN-LON-02,2025-01-20,18,14.4375,18.828125,0.0,0.8175251436781609
HHN-LON-02,2025-01-21,18,14.770833333333334,18.932291666666668,0.0,0.8332136015325671
HHN-LON-02,2025-01-22,18,14.947916666666666,18.822916666666668,0.0,0.828155915775401
HHN-LON-02,2025-01-23,18,15.28125,18.901041666666668,0.0,0.833480004789272
HHN-LON-02,2025-01-24,18,15.276041666666666,18.864583333333332,0.0,0.8321718041581074
HHN-LON-02,2025-01-25,18,14.671875,18.760416666666668,0.0,0.8253301090405976
HHN-LON-02,2025-01-26,18,14.479166666666666,18.895833333333332,0.0,0.8265984195402298
HHN-LON-02,2025-01-27,18,13.796875,18.848958333333332,0.0,0.8034091653563942
HHN-LON-02,2025-01-28,18,13.942708333333334,18.848958333333332,0.0,0.802225639167196
HHN-LON-02,2025-01-29,18,15.005208333333334,18.822916666666668,0.0,0.841621638957307
HHN-LON-02,2025-01-30,18,14.526041666666666,18.927083333333332,0.0,0.8141463122605365
HHN-LON-02,2025-01-31,18,14.510416666666666,18.890625,0.0,0.8335061056639721
HHN-LON-02,2025-02-01,18,14.0625,18.765625,0.0,0.8043484433282605
HHN-LON-02,2025-02-02,18,13.765625,18.854166666666668,0.0,0.7950939505896403
HHN-LON-02,2025-02-03,18,13.791666666666666,18.848958333333332,0.0,0.8079429077358422
HHN-LON-02,2025-02-04,18,14.572916666666666,18.822916666666668,0.0,0.8473224871392975
HHN-LON-02,2025-02-05,18,14.96875,18.859375,0.0,0.8171396072796936
HHN-LON-02,2025-02-06,18,14.661458333333334,18.84375,0.0,0.8313984674329502
HHN-LON-02,2025-02-07,18,14.15625,18.864583333333332,0.0,0.7961098511882403
HHN-LON-02,2025-02-08,18,13.958333333333334,18.838541666666668,0.0,0.7959406750899102
HHN-LON-02,2025-02-09,18,13.385416666666666,18.817708333333332,0.0,0.7882734674329502
HHN-LON-02,2025-02-10,18,14.385416666666666,18.817708333333332,0.0,0.8300992681156115
HHN-LON-02,2025-02-11,18,13.932291666666666,18.885416666666668,0.0,0.7969002265114823
HHN-LON-02,2025-02-12,18,14.364583333333334,18.875,0.0,0.8337025063856961
HHN-LON-02,2025-02-13,18,14.9375,18.90625,0.0,0.8282596982758621
HHN-LON-02,2025-02-14,18,15.177083333333334,18.890625,0.0,0.8388122093746412
HHN-LON-02,2025-02-15,18,14.838541666666666,18.765625,0.0,0.823235351574084
HHN-LON-02,2025-02-16,18,14.0,18.770833333333332,0.0,0.8163385278268844
HHN-LON-02,2025-02-17,18,13.65625,18.911458333333332,0.0,0.8036548132183908
HHN-LON-02,2025-02-18,18,13.786458333333334,18.895833333333332,0.0,0.8100252493238674
HHN-LON-02,2025-02-19,18,13.875,18.869791666666668,0.0,0.7840448920392347
HHN-LON-02,2025-02-20,18,13.364583333333334,18.927083333333332,0.0,0.7139691182659932
HHN-LON-02,2025-02-21,18,13.041666666666666,18.78125,0.0,0.6797222882437682
HHN-LON-02,2025-02-22,18,13.604166666666666,18.786458333333332,0.0,0.7110047253593437
HHN-LON-02,2025-02-23,18,14.046875,18.802083333333332,0.0,0.768222350384337
HHN-LON-02,2025-02-24,18,13.71875,18.885416666666668,0.0,0.7426914620341344
HHN-LON-02,2025-02-25,18,13.489583333333334,18.864583333333332,0.0,0.7495306652136646
HHN-LON-02,2025-02-26,18,14.276041666666666,18.875,0.0,0.7724205053407639
HHN-LON-02,2025-02-27,18,15.041666666666666,18.833333333333332,0.0,0.7903714651717051
HHN-LON-02,2025-02-28,18,15.098958333333334,18.864583333333332,0.0,0.7919797059596355
HHN-LON-02,2025-03-01,18,14.473958333333334,18.911458333333332,0.0,0.7704616258511416
HHN-LON-02,2025-03-02,18,13.447916666666666,18.822916666666668,0.0,0.7366796641074234
HHN-LON-02,2025-03-03,18,13.604166666666666,18.90625,0.0,0.7711212338906304
HHN-LON-02,2025-03-04,18,13.760416666666666,18.921875,0.0,0.7767681163424699
HHN-LON-02,2025-03-05,18,14.359375,18.927083333333332,0.0,0.7887794975618251
HHN-LON-02,2025-03-06,18,14.729166666666666,18.921875,0.0,0.8186174507564594
HHN-LON-02,2025-03-07,18,14.71875,18.880208333333332,0.0,0.8203676705356472
HHN-LON-02,2025-03-08,18,14.536458333333334,18.796875,0.0,0.8170236730223879
HHN-LON-02,2025-03-09,18,13.739583333333334,18.828125,0.0,0.7906847298415186
HHN-LON-02,2025-03-10,18,13.78125,18.953125,0.0,0.7765455141249152
HHN-LON-02,2025-03-11,18,13.796875,18.973958333333332,0.0,0.7837602860501568
HHN-LON-02,2025-03-12,18,14.739583333333334,18.864583333333332,0.0,0.8359177842565054
HHN-LON-02,2025-03-13,18,15.244791666666666,18.802083333333332,0.0,0.8113023462213382
HHN-LON-02,2025-03-14,18,15.442708333333334,18.895833333333332,0.0,0.8279602098657901
HHN-LON-02,2025-03-15,18,14.442708333333334,18.885416666666668,0.0,0.7852016029548357
HHN-LON-02,2025-03-16,18,12.927083333333334,18.807291666666668,0.0,0.7284638647778862
HHN-LON-02,2025-03-17,18,12.739583333333334,18.875,0.0,0.7701383414520458
HHN-LON-02,2025-03-18,18,13.604166666666666,18.942708333333332,0.0,0.7952901143150574
HHN-LON-02,2025-03-19,18,13.880208333333334,18.932291666666668,0.0,0.7937581816730525
HHN-LON-02,2025-03-20,18,14.447916666666666,18.90625,0.0,0.8128573994252873
HHN-LON-02,2025-03-21,18,14.567708333333334,18.947916666666668,0.0,0.8135775862068965
HHN-LON-02,2025-03-22,18,14.28125,18.854166666666668,0.0,0.787444644423433
HHN-LON-02,2025-03-23,18,14.401041666666666,18.869791666666668,0.0,0.8050146602428171
HHN-LON-02,2025-03-24,18,14.557291666666666,18.942708333333332,0.0,0.8358626676245211
HHN-LON-02,2025-03-25,18,14.598958333333334,18.9375,0.005208333333333333,0.8333005496259807
HHN-LON-02,2025-03-26,18,14.088541666666666,18.921875,0.125,0.7745833011553093
HHN-LON-02,2025-03-27,18,14.244791666666666,18.916666666666668,0.125,0.7939693268895854
HHN-LON-02,2025-03-28,18,13.713541666666666,18.963541666666668,0.125,0.7807490632747353
HHN-LON-02,2025-03-29,18,13.130208333333334,18.916666666666668,0.125,0.7567125641237425
HHN-LON-02,2025-03-30,18,12.286458333333334,18.8125,0.026041666666666668,0.7325392464567516
HHN-LON-02,2025-03-31,18,11.833333333333334,18.885416666666668,0.0,0.7222418416537693
HHN-LON-02,2025-04-01,18,12.572916666666666,18.921875,0.0,0.7767865980204341
HHN-LON-02,2025-04-02,18,12.921875,18.979166666666668,0.0,0.7824777044874027
HHN-LON-02,2025-04-03,18,12.713541666666666,18.942708333333332,0.390625,0.7738067464174367
HHN-LON-02,2025-04-04,18,12.625,18.838541666666668,0.59375,0.7722205298592691
HHN-LON-02,2025-04-05,18,12.947916666666666,18.880208333333332,0.375,0.7795477101880025
HHN-LON-02,2025-04-06,18,12.729166666666666,18.760416666666668,0.375,0.7523386670131663
HHN-LON-02,2025-04-07,18,12.484375,18.916666666666668,0.0,0.7517759955462003
HHN-LON-02,2025-04-08,18,13.911458333333334,18.958333333333332,0.0,0.8084839958492975
HHN-LON-02,2025-04-09,18,14.255208333333334,18.916666666666668,0.0,0.7936440484769225
HHN-LON-02,2025-04-10,18,14.703125,18.947916666666668,0.0,0.8037443186086696
HHN-LON-02,2025-04-11,18,15.203125,18.864583333333332,0.0,0.8216322042398612
HHN-LON-02,2025-04-12,18,14.90625,18.734375,0.0,0.8027113035815073
HHN-LON-02,2025-04-13,18,14.973958333333334,18.802083333333332,0.0,0.8159664801062071
HHN-LON-02,2025-04-14,18,14.40625,18.880208333333332,0.0,0.8266479240347775
HHN-LON-02,2025-04-15,18,14.776041666666666,18.916666666666668,0.0,0.8252183529945554
HHN-LON-02,2025-04-16,18,15.177083333333334,18.927083333333332,0.0,0.8331440205518587
HHN-LON-02,2025-04-17,18,14.59375,18.932291666666668,0.0,0.7692332810867294
HHN-LON-02,2025-04-18,18,13.989583333333334,18.854166666666668,0.0,0.7421826804926662
HHN-LON-02,2025-04-19,18,13.119791666666666,18.854166666666668,0.0,0.710758013692073
HHN-LON-02,2025-04-20,18,12.713541666666666,18.817708333333332,0.0,0.7062036082645093
HHN-LON-02,2025-04-21,18,12.239583333333334,18.911458333333332,0.0,0.6955445573784362
HHN-LON-02,2025-04-22,18,12.911458333333334,18.958333333333332,0.0,0.7372672713122604
HHN-LON-02,2025-04-23,18,13.630208333333334,18.958333333333332,0.0,0.7838795643213746
HHN-LON-02,2025-04-24,18,14.088541666666666,18.927083333333332,0.0,0.7875215399857262
HHN-LON-02,2025-04-25,18,14.026041666666666,18.885416666666668,0.0,0.7811604225210306
HHN-LON-02,2025-04-26,18,13.791666666666666,18.921875,0.0,0.7766776903271713
HHN-LON-02,2025-04-27,18,12.958333333333334,18.854166666666668,0.0,0.7394801372580119
HHN-LON-02,2025-04-28,18,12.760416666666666,18.947916666666668,0.0,0.7224270361662604
HHN-LON-02,2025-04-29,18,14.239583333333334,18.875,0.0,0.7956236044081769
HHN-LON-02,2025-04-30,18,14.875,18.901041666666668,0.0,0.8085834899636136
HHN-LON-02,2025-05-01,18,14.536458333333334,18.963541666666668,0.0,0.8039400566260987
HHN-LON-02,2025-05-02,18,14.447916666666666,18.9375,0.0,0.8027531697980481
HHN-LON-02,2025-05-03,18,13.109375,18.859375,0.0,0.7148861994764526
HHN-LON-02,2025-05-04,18,12.442708333333334,18.885416666666668,0.0,0.6822137396189754
HHN-LON-02,2025-05-05,18,11.765625,18.885416666666668,0.0,0.6652217583415289
HHN-LON-02,2025-05-06,18,12.260416666666666,18.963541666666668,0.0,0.7025725476536836
HHN-LON-02,2025-05-07,18,13.8125,18.885416666666668,0.0,0.7407891150027148
HHN-LON-02,2025-05-08,18,14.25,18.890625,0.0,0.7507470756173108
HHN-LON-02,2025-05-09,18,14.963541666666666,18.911458333333332,0.0,0.8099566295507388
HHN-LON-02,2025-05-10,18,14.541666666666666,18.869791666666668,0.0,0.7655067072833776
HHN-LON-02,2025-05-11,18,14.135416666666666,18.770833333333332,0.0,0.7696581939873264
HHN-LON-02,2025-05-12,18,14.166666666666666,18.921875,0.0,0.7927286527181551
HHN-LON-02,2025-05-13,18,14.223958333333334,18.942708333333332,0.0,0.7766558968516583
HHN-LON-02,2025-05-14,18,14.307291666666666,18.927083333333332,0.0,0.7860393615033231
HHN-LON-02,2025-05-15,18,14.203125,18.942708333333332,0.0,0.7958002283441242
HHN-LON-02,2025-05-16,18,13.6875,18.9375,0.0,0.7578811110172038
HHN-LON-02,2025-05-17,18,13.427083333333334,18.802083333333332,0.0,0.7260850139332486
HHN-LON-02,2025-05-18,18,12.90625,18.822916666666668,0.0,0.7096884365282565
HHN-LON-02,2025-05-19,18,12.994791666666666,18.9375,0.0,0.6954937784282992
HHN-LON-02,2025-05-20,18,13.854166666666666,18.885416666666668,0.0,0.761649055789917
HHN-LON-02,2025-05-21,18,14.177083333333334,18.890625,0.0,0.7458307734488535
HHN-LON-02,2025-05-22,18,14.947916666666666,18.942708333333332,0.0,0.7812241488157436
HHN-LON-02,2025-05-23,18,14.875,18.947916666666668,0.0,0.7479479788802493
HHN-LON-02,2025-05-24,18,13.234375,18.796875,0.0,0.7212288076907657
HHN-LON-02,2025-05-25,18,11.692708333333334,18.864583333333332,0.0,0.6560244386035937
HHN-LON-02,2025-05-26,18,10.989583333333334,18.958333333333332,0.0,0.6393020600242013
HHN-LON-02,2025-05-27,18,11.072916666666666,18.875,0.0,0.6535497178627566
HHN-LON-02,2025-05-28,18,11.552083333333334,18.947916666666668,0.0,0.6921261500289771
HHN-LON-02,2025-05-29,18,11.286458333333334,18.9375,0.0,0.6173999803485506
HHN-LON-02,2025-05-30,18,12.010416666666666,18.90625,0.0,0.661021201990607
HHN-LON-02,2025-05-31,18,13.447916666666666,18.859375,0.0,0.7456107974656719
HHN-LON-02,2025-06-01,18,14.369791666666666,18.864583333333332,0.0,0.8131810199698131
HHN-LON-02,2025-06-02,18,14.510416666666666,18.927083333333332,0.0,0.8295019157088123
HHN-LON-02,2025-06-03,18,14.90625,18.942708333333332,0.0,0.8132637437594333
HHN-LON-02,2025-06-04,18,14.1875,18.895833333333332,0.046875,0.7586733220260413
HHN-LON-02,2025-06-05,18,13.276041666666666,18.901041666666668,0.09375,0.7057064892630619
HHN-LON-02,2025-06-06,18,11.979166666666666,18.942708333333332,0.8333333333333334,0.6391783334124131
HHN-LON-02,2025-06-07,18,12.109375,18.828125,1.0,0.6694291573921994
HHN-LON-02,2025-06-08,18,12.244791666666666,18.822916666666668,1.0,0.6999832102097493
HHN-LON-02,2025-06-09,18,12.510416666666666,18.947916666666668,1.0,0.7528362604130384
HHN-LON-02,2025-06-10,18,12.796875,18.973958333333332,0.875,0.7097850814176244
HHN-LON-02,2025-06-11,18,12.666666666666666,18.911458333333332,0.0,0.7120080873118685
HHN-LON-02,2025-06-12,18,13.197916666666666,18.885416666666668,0.0,0.7294974105002997
HHN-LON-02,2025-06-13,18,13.3125,18.911458333333332,0.0,0.751403220422617
HHN-LON-02,2025-06-14,18,12.984375,18.880208333333332,0.0,0.710160859591778
HHN-LON-02,2025-06-15,18,11.411458333333334,18.744791666666668,0.0,0.6139777944299053
HHN-LON-02,2025-06-16,18,12.088541666666666,18.890625,0.0,0.6690532360473894
HHN-LON-02,2025-06-17,18,12.942708333333334,18.916666666666668,0.0,0.6912403320634177
HHN-LON-02,2025-06-18,18,13.020833333333334,18.921875,0.0,0.7103333314125023
HHN-LON-02,2025-06-19,18,12.760416666666666,18.885416666666668,0.0,0.6935108938864644
HHN-LON-02,2025-06-20,18,13.067708333333334,18.973958333333332,0.0,0.7080935029064307
HHN-LON-02,2025-06-21,18,12.401041666666666,18.84375,0.0,0.6731081503482619
HHN-LON-02,2025-06-22,18,11.734375,18.838541666666668,0.0,0.6672611924156201
HHN-LON-02,2025-06-23,18,12.520833333333334,18.921875,0.0,0.7424852672260127
HHN-LON-02,2025-06-24,18,13.0625,18.921875,0.0,0.7227495040296339
HHN-LON-02,2025-06-25,18,13.729166666666666,18.890625,0.0,0.7728159294837318
HHN-LON-02,2025-06-26,18,13.640625,18.911458333333332,0.0,0.7762433303246881
HHN-LON-02,2025-06-27,18,13.567708333333334,18.96875,0.0,0.7491057531130269
HHN-LON-02,2025-06-28,18,12.010416666666666,18.875,0.0,0.6417794116250967
HHN-LON-02,2025-06-29,18,11.645833333333334,18.828125,0.0,0.6547563572775921
HHN-LON-02,2025-06-30,18,12.53125,18.947916666666668,0.0,0.7259394899481105
HHN-LON-02,2025-07-01,18,12.5625,18.895833333333332,0.0,0.7387799124079709
HHN-LON-02,2025-07-02,18,12.947916666666666,18.885416666666668,0.0,0.7670846354967013
HHN-LON-02,2025-07-03,18,12.40625,18.90625,0.0,0.7472198305208099
HHN-LON-02,2025-07-04,18,12.0625,18.869791666666668,0.0,0.7078436632066878
HHN-LON-02,2025-07-05,18,11.984375,18.848958333333332,0.0,0.6984349359321911
HHN-LON-02,2025-07-06,18,10.807291666666666,18.864583333333332,0.0,0.6427498522423731
HHN-LON-02,2025-07-07,18,12.541666666666666,18.916666666666668,0.0,0.7440730090799818
HHN-LON-02,2025-07-08,18,13.057291666666666,18.875,0.0,0.7706104340263823
HHN-LON-02,2025-07-09,18,12.609375,18.947916666666668,0.0,0.7025640734610931
HHN-LON-02,2025-07-10,18,11.942708333333334,18.895833333333332,0.0,0.6329038592168796
HHN-LON-02,2025-07-11,18,12.114583333333334,18.848958333333332,0.0,0.6666802026816184
HHN-LON-02,2025-07-12,18,12.583333333333334,18.9375,0.0,0.6797267303059328
HHN-LON-02,2025-07-13,18,11.53125,18.880208333333332,0.0,0.638850471315529
HHN-LON-02,2025-07-14,18,10.536458333333334,18.921875,0.0,0.5940024758978392
HHN-LON-02,2025-07-15,18,11.34375,18.953125,0.0,0.6341419084886218
HHN-LON-02,2025-07-16,18,12.442708333333334,18.911458333333332,0.0,0.7001624165829288
HHN-LON-02,2025-07-17,18,14.296875,18.895833333333332,0.0,0.7745965113617196
HHN-LON-02,2025-07-18,18,13.71875,18.942708333333332,0.0,0.7413021836433981
HHN-LON-02,2025-07-19,18,12.546875,18.817708333333332,0.0,0.6483132834281732
HHN-LON-02,2025-07-20,18,12.151041666666666,18.932291666666668,0.0,0.6508500957854406
HHN-LON-02,2025-07-21,18,12.666666666666666,18.921875,0.0,0.7149962493106351
HHN-LON-02,2025-07-22,18,12.447916666666666,18.880208333333332,0.0,0.6959957638612452
HHN-LON-02,2025-07-23,18,11.671875,18.953125,0.10416666666666667,0.6677269787334126
HHN-LON-02,2025-07-24,18,11.40625,18.927083333333332,0.125,0.654724156103281
HHN-LON-02,2025-07-25,18,12.3125,18.932291666666668,0.22916666666666666,0.7161906794022032
HHN-LON-02,2025-07-26,18,12.21875,18.802083333333332,0.19791666666666666,0.7161501688862159
HHN-LON-02,2025-07-27,18,12.026041666666666,18.90625,0.026041666666666668,0.7053445869487641
HHN-LON-02,2025-07-28,18,11.260416666666666,18.932291666666668,0.0,0.6262071942103277
HHN-LON-02,2025-07-29,18,11.270833333333334,18.963541666666668,0.0,0.6285335554240853
HHN-LON-02,2025-07-30,18,12.072916666666666,18.875,0.0,0.6781343680529944
HHN-LON-02,2025-07-31,18,12.859375,18.963541666666668,0.0,0.7024764348433671
HHN-LON-02,2025-08-01,18,12.171875,18.947916666666668,0.0,0.6609889235812315
HHN-LON-02,2025-08-02,18,11.671875,18.817708333333332,0.0,0.6470758842438926
HHN-LON-02,2025-08-03,18,12.588541666666666,18.822916666666668,0.0,0.7295003150651498
HHN-LON-02,2025-08-04,18,12.260416666666666,18.901041666666668,0.0,0.731661168529462
HHN-LON-02,2025-08-05,18,11.5625,18.958333333333332,0.0,0.7228880636251801
HHN-LON-02,2025-08-06,18,11.151041666666666,18.90625,0.0,0.6841603121870617
HHN-LON-02,2025-08-07,18,11.46875,18.90625,0.0,0.707104767673353
HHN-LON-02,2025-08-08,18,11.385416666666666,18.927083333333332,0.0,0.6799404427664918
HHN-LON-02,2025-08-09,18,10.854166666666666,18.869791666666668,0.041666666666666664,0.6219564499051536
HHN-LON-02,2025-08-10,18,9.567708333333334,18.885416666666668,0.25,0.5370530408840183
HHN-LON-02,2025-08-11,18,9.505208333333334,18.932291666666668,0.125,0.5564655831063531
HHN-LON-02,2025-08-12,18,9.088541666666666,18.984375,0.09375,0.5139111118367584
HHN-LON-02,2025-08-13,18,8.869791666666666,18.885416666666668,0.125,0.5037591925309027
HHN-LON-02,2025-08-14,18,10.255208333333334,18.916666666666668,0.125,0.5606470047762867
HHN-LON-02,2025-08-15,18,10.5625,18.947916666666668,0.125,0.5936434205561361
HHN-LON-02,2025-08-16,18,10.869791666666666,18.848958333333332,0.036458333333333336,0.6362984703924528
HHN-LON-02,2025-08-17,18,10.723958333333334,18.786458333333332,0.0,0.6549912023724107
HHN-LON-02,2025-08-18,18,10.161458333333334,18.953125,0.0,0.622632549079367
HHN-LON-02,2025-08-19,18,10.015625,18.885416666666668,0.0,0.5928101280746649
HHN-LON-02,2025-08-20,18,10.03125,18.895833333333332,0.0,0.6099909348971215
HHN-LON-02,2025-08-21,18,9.911458333333334,18.947916666666668,0.0,0.5843019924139979
HHN-LON-02,2025-08-22,18,9.8125,18.979166666666668,0.0,0.5619485881038239
HHN-LON-02,2025-08-23,18,11.244791666666666,18.859375,0.0,0.6449179832718382
HHN-LON-02,2025-08-24,18,10.942708333333334,18.901041666666668,0.0,0.6445432225482243
HHN-LON-02,2025-08-25,18,10.333333333333334,18.875,0.0,0.6270231179628171
HHN-LON-02,2025-08-26,18,10.255208333333334,18.947916666666668,0.0,0.6396421481122926
HHN-LON-02,2025-08-27,18,10.708333333333334,18.932291666666668,0.0,0.660215889135609
HHN-LON-02,2025-08-28,18,11.411458333333334,18.953125,0.0,0.683440670438325
HHN-LON-02,2025-08-29,18,10.619791666666666,18.838541666666668,0.09375,0.640949353178953
HHN-LON-02,2025-08-30,18,9.109375,18.869791666666668,0.125,0.5706708898093227
HHN-LON-02,2025-08-31,18,8.479166666666666,18.770833333333332,0.125,0.5483395818212945
HHN-LON-02,2025-09-01,18,9.963541666666666,18.932291666666668,0.125,0.617248845207057
HHN-LON-02,2025-09-02,18,12.161458333333334,18.875,0.07291666666666667,0.7432857174563887
HHN-LON-02,2025-09-03,18,12.302083333333334,18.838541666666668,0.0,0.7399719265712928
HHN-LON-02,2025-09-04,18,12.739583333333334,18.921875,0.0,0.7408278504278757
HHN-LON-02,2025-09-05,18,12.21875,18.90625,0.0,0.7044805511542961
HHN-LON-02,2025-09-06,18,11.375,18.921875,0.0,0.6506931158696498
HHN-LON-02,2025-09-07,18,11.291666666666666,18.8125,0.0,0.666342183376233
HHN-LON-02,2025-09-08,18,11.421875,18.96875,0.0,0.6687038413632607
HHN-LON-02,2025-09-09,18,12.536458333333334,18.932291666666668,0.0,0.7342545177271811
HHN-LON-02,2025-09-10,18,12.427083333333334,18.885416666666668,0.0,0.7126500300665172
HHN-LON-02,2025-09-11,18,12.609375,18.817708333333332,0.0,0.730380669549768
HHN-LON-02,2025-09-12,18,13.53125,18.9375,0.0,0.7653770864268822
HHN-LON-02,2025-09-13,18,13.885416666666666,18.828125,0.0,0.8043563024272813
HHN-LON-02,2025-09-14,18,13.520833333333334,18.822916666666668,0.0,0.792341489803571
HHN-LON-02,2025-09-15,18,13.34375,18.932291666666668,0.0,0.7902207545663752
HHN-LON-02,2025-09-16,18,12.505208333333334,18.942708333333332,0.0,0.7612677015250545
HHN-LON-02,2025-09-17,18,12.5625,18.9375,0.0,0.7598379629629629
HHN-LON-02,2025-09-18,18,12.177083333333334,18.9375,0.0,0.7077264212852206
HHN-LON-02,2025-09-19,18,11.947916666666666,18.9375,0.0,0.6540039749463874
HHN-LON-02,2025-09-20,18,11.880208333333334,18.942708333333332,0.0,0.6552777460307094
HHN-LON-02,2025-09-21,18,11.5625,18.880208333333332,0.0,0.6620427861910178
HHN-LON-02,2025-09-22,18,11.911458333333334,18.880208333333332,0.0,0.6810929440513144
HHN-LON-02,2025-09-23,18,12.526041666666666,18.927083333333332,0.0,0.7043585603542183
HHN-LON-02,2025-09-24,18,13.609375,18.921875,0.0,0.739446804741794
HHN-LON-02,2025-09-25,18,13.28125,18.901041666666668,0.0,0.7249778048736911
HHN-LON-02,2025-09-26,18,13.296875,18.9375,0.0,0.7250842884665621
HHN-LON-02,2025-09-27,18,13.1875,18.90625,0.0,0.7187940988784375
HHN-LON-02,2025-09-28,18,12.536458333333334,18.895833333333332,0.0,0.6971642833777828
HHN-LON-02,2025-09-29,18,13.697916666666666,18.890625,0.0,0.7711592260608963
HHN-LON-02,2025-09-30,18,14.661458333333334,18.885416666666668,0.0,0.8208165412262908
HHN-LON-02,2025-10-01,18,14.713541666666666,18.869791666666668,0.0,0.8079272359983567
HHN-LON-02,2025-10-02,18,14.109375,18.932291666666668,0.0,0.7840084486353435
HHN-LON-02,2025-10-03,18,13.140625,18.90625,0.109375,0.7167682159342751
HHN-LON-02,2025-10-04,18,12.145833333333334,18.859375,0.125,0.6573781007599254
HHN-LON-02,2025-10-05,18,11.885416666666666,18.796875,0.041666666666666664,0.6624365421161112
HHN-LON-02,2025-10-06,18,12.677083333333334,18.864583333333332,0.109375,0.7138871133534256
HHN-LON-02,2025-10-07,18,13.489583333333334,18.864583333333332,0.375,0.7418096625397271
HHN-LON-02,2025-10-08,18,14.026041666666666,18.947916666666668,0.25,0.7804365547377085
HHN-LON-02,2025-10-09,18,14.729166666666666,18.958333333333332,0.0,0.8005327158075003
HHN-LON-02,2025-10-10,18,14.625,18.947916666666668,0.0,0.8069732889237199
HHN-LON-02,2025-10-11,18,14.510416666666666,18.697916666666668,0.0,0.8108819818267713
HHN-LON-02,2025-10-12,18,14.479166666666666,18.864583333333332,0.0,0.8098600331429845
HHN-LON-02,2025-10-13,18,14.546875,18.921875,0.0,0.8225391789059174
HHN-LON-02,2025-10-14,18,14.390625,18.895833333333332,0.0,0.8333773523777327
HHN-LON-02,2025-10-15,18,14.286458333333334,18.96875,0.0,0.7755396094566352
HHN-LON-02,2025-10-16,18,14.213541666666666,18.927083333333332,0.0,0.7621118089419096
HHN-LON-02,2025-10-17,18,14.479166666666666,18.958333333333332,0.0,0.8132102272727272
HHN-LON-02,2025-10-18,18,13.614583333333334,18.744791666666668,0.0,0.7473832337690504
HHN-LON-02,2025-10-19,18,12.984375,18.901041666666668,0.0,0.7292518824818054
HHN-LON-02,2025-10-20,18,13.067708333333334,18.958333333333332,0.0,0.7669969268837803
HHN-LON-02,2025-10-21,18,12.859375,18.921875,0.0,0.7430628469152176
HHN-LON-02,2025-10-22,18,13.182291666666666,18.947916666666668,0.0,0.7399597285579157
HHN-LON-02,2025-10-23,18,12.96875,18.921875,0.0,0.722559462087942
HHN-LON-02,2025-10-24,18,12.833333333333334,18.921875,0.0,0.6945633015810818
HHN-LON-02,2025-10-25,18,11.880208333333334,18.885416666666668,0.0,0.6492140045183433
HHN-LON-02,2025-10-26,18,10.932291666666666,18.895833333333332,0.0,0.6300153276091146
HHN-LON-02,2025-10-27,18,11.932291666666666,18.864583333333332,0.0,0.711720930225304
HHN-LON-02,2025-10-28,18,13.317708333333334,18.932291666666668,0.0,0.7559153858992221
HHN-LON-02,2025-10-29,18,13.369791666666666,18.942708333333332,0.0,0.7344713483508172
HHN-LON-02,2025-10-30,18,12.520833333333334,18.947916666666668,0.0,0.684922138047138
HHN-LON-02,2025-10-31,18,13.333333333333334,18.947916666666668,0.0,0.7436452951449359
HHN-LON-02,2025-11-01,18,13.260416666666666,18.880208333333332,0.0,0.7343460416937005
HHN-LON-02,2025-11-02,18,12.953125,18.916666666666668,0.0,0.7441204162568894
HHN-LON-02,2025-11-03,18,13.755208333333334,18.963541666666668,0.0,0.792816984691134
HHN-LON-02,2025-11-04,18,12.979166666666666,18.947916666666668,0.0,0.7328875567532555
HHN-LON-02,2025-11-05,18,13.130208333333334,18.921875,0.0,0.7562554587965544
HHN-LON-02,2025-11-06,18,13.713541666666666,18.911458333333332,0.0,0.7667228957374714
HHN-LON-02,2025-11-07,18,13.901041666666666,18.947916666666668,0.0,0.7811747140949726
HHN-LON-02,2025-11-08,18,13.572916666666666,18.817708333333332,0.0,0.7566957003325538
HHN-LON-02,2025-11-09,18,12.817708333333334,18.885416666666668,0.0,0.7254170869881972
HHN-LON-02,2025-11-10,18,12.427083333333334,18.947916666666668,0.0,0.731651428340624
HHN-LON-02,2025-11-11,18,12.166666666666666,18.953125,0.0,0.7119644042798677
HHN-LON-02,2025-11-12,18,12.916666666666666,18.869791666666668,0.0,0.7532567264123373
HHN-LON-02,2025-11-13,18,13.432291666666666,18.953125,0.0,0.7436917041122005
HHN-LON-02,2025-11-14,18,13.90625,18.942708333333332,0.0,0.7353420221820007
HHN-LON-02,2025-11-15,18,14.145833333333334,18.833333333333332,0.0,0.7622687226068153
HHN-LON-02,2025-11-16,18,14.203125,18.848958333333332,0.0,0.7956035363901743
HHN-LON-02,2025-11-17,18,13.901041666666666,18.932291666666668,0.0,0.7834017043546675
HHN-LON-02,2025-11-18,18,13.786458333333334,18.916666666666668,0.0,0.7891469960435478
HHN-LON-02,2025-11-19,18,13.963541666666666,18.953125,0.0,0.8195841315453385
HHN-LON-02,2025-11-20,18,14.46875,18.864583333333332,0.0,0.8171789691091954
HHN-LON-02,2025-11-21,18,14.958333333333334,18.901041666666668,0.0,0.8169073159240186
HHN-LON-02,2025-11-22,18,14.182291666666666,18.895833333333332,0.140625,0.7949763852499813
HHN-LON-02,2025-11-23,18,13.390625,18.822916666666668,0.375,0.7616165424524312
HHN-LON-02,2025-11-24,18,13.411458333333334,18.953125,0.375,0.7992874263536471
HHN-LON-02,2025-11-25,18,13.067708333333334,18.947916666666668,0.375,0.781856973712218
HHN-LON-02,2025-11-26,18,12.682291666666666,18.880208333333332,0.375,0.7401345288697665
HHN-LON-02,2025-11-27,18,13.390625,18.890625,0.328125,0.7602648917075102
HHN-LON-02,2025-11-28,18,14.473958333333334,18.932291666666668,0.375,0.7989118012016719
HHN-LON-02,2025-11-29,18,15.046875,18.875,0.375,0.7784235238200122
HHN-LON-02,2025-11-30,18,14.40625,18.880208333333332,0.375,0.7538587650116502
HHN-LON-02,2025-12-01,18,14.130208333333334,18.760416666666668,0.375,0.7678261902511553
HHN-LON-02,2025-12-02,18,14.25,18.932291666666668,0.375,0.7807243592534542
HHN-LON-02,2025-12-03,18,14.489583333333334,18.838541666666668,0.375,0.7751276724151411
HHN-LON-02,2025-12-04,18,15.0,18.864583333333332,0.03125,0.8107380512954182
HHN-LON-02,2025-12-05,18,15.395833333333334,18.9375,0.19791666666666666,0.8274923262800419
HHN-LON-02,2025-12-06,18,15.020833333333334,18.817708333333332,0.25,0.8067020163789439
HHN-LON-02,2025-12-07,18,14.880208333333334,18.822916666666668,0.25,0.8095495369251892
HHN-LON-02,2025-12-08,18,14.708333333333334,18.895833333333332,0.25,0.806477490421456
HHN-LON-02,2025-12-09,18,14.614583333333334,18.8125,0.0625,0.8061210872077211
HHN-LON-02,2025-12-10,18,14.791666666666666,18.885416666666668,0.0,0.8359823994252874
HHN-LON-02,2025-12-11,18,14.848958333333334,18.890625,0.0,0.8516238543639009
HHN-LON-02,2025-12-12,18,14.552083333333334,18.864583333333332,0.0,0.8133580779054917
HHN-LON-02,2025-12-13,18,14.578125,18.796875,0.0,0.7887438501393244
HHN-LON-02,2025-12-14,18,14.348958333333334,18.833333333333332,0.0,0.8179985868669796
HHN-LON-02,2025-12-15,18,14.744791666666666,18.880208333333332,0.0,0.820652647161268
HHN-LON-02,2025-12-16,18,14.776041666666666,18.807291666666668,0.0,0.8393823859711479
HHN-LON-02,2025-12-17,18,14.557291666666666,18.8125,0.0,0.8144789364132037
HHN-LON-02,2025-12-18,18,14.932291666666666,18.859375,0.0,0.8238882902298851
HHN-LON-02,2025-12-19,18,14.713541666666666,18.880208333333332,0.0,0.8112859195402299
HHN-LON-02,2025-12-20,18,14.265625,18.807291666666668,0.0,0.8178373622116669
HHN-LON-02,2025-12-21,18,13.8125,18.8125,0.0,0.7981541934302457
HHN-LON-02,2025-12-22,18,14.130208333333334,18.802083333333332,0.0,0.8017058334784628
HHN-LON-02,2025-12-23,18,13.994791666666666,18.932291666666668,0.0,0.7822436832404506
HHN-LON-02,2025-12-24,18,14.03125,18.875,0.0,0.7822234832055099
HHN-LON-02,2025-12-25,18,13.869791666666666,18.828125,0.0,0.795736874509951
HHN-LON-02,2025-12-26,18,13.130208333333334,18.828125,0.0,0.7722564546325322
HHN-LON-02,2025-12-27,18,12.354166666666666,18.760416666666668,0.0,0.735932189257916
HHN-LON-02,2025-12-28,18,12.40625,18.859375,0.0,0.7314095237856013
HHN-LON-02,2025-12-29,18,12.65625,18.875,0.0,0.7412065017637968
HHN-LON-02,2025-12-30,18,13.026041666666666,18.848958333333332,0.0,0.7478548959421804
HHN-LON-02,2025-12-31,18,13.713541666666666,18.84375,0.0,0.7960106924810894
HHN-MAN-01,2024-01-01,24,1.671875,20.354166666666668,0.0,0.08082219981377052
HHN-MAN-01,2024-01-02,24,5.760416666666667,20.364583333333332,0.0,0.2672719999184021
HHN-MAN-01,2024-01-03,24,9.203125,20.338541666666668,0.0,0.3908645811226655
HHN-MAN-01,2024-01-04,24,10.625,20.348958333333332,0.0,0.45199622163627384
HHN-MAN-01,2024-01-05,24,12.421875,20.265625,0.0,0.5636544220249955
HHN-MAN-01,2024-01-06,24,13.755208333333334,20.119791666666668,0.0,0.629359808583637
HHN-MAN-01,2024-01-07,24,13.213541666666666,20.359375,0.0,0.6075987933311111
HHN-MAN-01,2024-01-08,24,13.989583333333334,20.317708333333332,0.0,0.6570247893599338
HHN-MAN-01,2024-01-09,24,15.864583333333334,20.317708333333332,0.0,0.7495429810873677
HHN-MAN-01,2024-01-10,24,16.677083333333332,20.3125,0.0,0.7830387484228559
HHN-MAN-01,2024-01-11,24,16.59375,20.208333333333332,0.0,0.7710462100939891
HHN-MAN-01,2024-01-12,24,16.208333333333332,20.369791666666668,0.0,0.7652807516523162
HHN-MAN-01,2024-01-13,24,15.442708333333334,20.255208333333332,0.20833333333333334,0.7252134206995994
HHN-MAN-01,2024-01-14,24,14.942708333333334,20.244791666666668,0.25,0.7055786816510691
HHN-MAN-01,2024-01-15,24,15.494791666666666,20.348958333333332,0.25,0.7153128589703425
HHN-MAN-01,2024-01-16,24,16.041666666666668,20.296875,0.25,0.7612902010472662
HHN-MAN-01,2024-01-17,24,16.645833333333332,20.375,0.25,0.7884756622608965
HHN-MAN-01,2024-01-18,24,16.760416666666668,20.317708333333332,0.25,0.7895006722459224
HHN-MAN-01,2024-01-19,24,17.140625,20.328125,0.25,0.7906368195404796
HHN-MAN-01,2024-01-20,24,17.21875,20.234375,0.010416666666666666,0.8059667022587497
HHN-MAN-01,2024-01-21,24,16.666666666666668,20.21875,0.0,0.7698092655986409
HHN-MAN-01,2024-01-22,24,16.828125,20.354166666666668,0.0,0.7729907220331693
HHN-MAN-01,2024-01-23,24,17.098958333333332,20.348958333333332,0.0,0.7940613553487372
HHN-MAN-01,2024-01-24,24,18.338541666666668,20.338541666666668,0.0,0.8351717509920635
HHN-MAN-01,2024-01-25,24,19.213541666666668,20.348958333333332,0.0,0.8841789150367693
HHN-MAN-01,2024-01-26,24,18.947916666666668,20.286458333333332,0.0,0.8644128224206349
HHN-MAN-01,2024-01-27,24,18.6875,20.208333333333332,0.0,0.8496046297779755
HHN-MAN-01,2024-01-28,24,17.046875,20.276041666666668,0.0,0.7751836408818731
HHN-MAN-01,2024-01-29,24,17.317708333333332,20.276041666666668,0.0,0.8057756479696434
HHN-MAN-01,2024-01-30,24,17.973958333333332,20.359375,0.0,0.8200286574239118
HHN-MAN-01,2024-01-31,24,18.916666666666668,20.302083333333332,0.0,0.8589159033764368
HHN-MAN-01,2024-02-01,24,19.385416666666668,20.260416666666668,0.0,0.8761070846465208
HHN-MAN-01,2024-02-02,24,19.3125,20.291666666666668,0.0,0.8740394279970761
HHN-MAN-01,2024-02-03,24,18.96875,20.34375,0.0,0.8491747638515532
HHN-MAN-01,2024-02-04,24,17.619791666666668,20.234375,0.0,0.8098363950465243
HHN-MAN-01,2024-02-05,24,17.5625,20.255208333333332,0.0,0.8298650855034033
HHN-MAN-01,2024-02-06,24,18.333333333333332,20.296875,0.0,0.8425455729166668
HHN-MAN-01,2024-02-07,24,18.25,20.307291666666668,0.0,0.8258238268628503
HHN-MAN-01,2024-02-08,24,18.15625,20.375,0.0,0.8403340313780082
HHN-MAN-01,2024-02-09,24,18.442708333333332,20.348958333333332,0.0,0.8465832951239913
HHN-MAN-01,2024-02-10,24,17.984375,20.239583333333332,0.0,0.8181321018338278
HHN-MAN-01,2024-02-11,24,17.390625,20.302083333333332,0.0,0.7988170035985752
HHN-MAN-01,2024-02-12,24,16.75,20.317708333333332,0.0,0.817131505271894
HHN-MAN-01,2024-02-13,24,17.078125,20.364583333333332,0.0,0.8047701052867383
HHN-MAN-01,2024-02-14,24,18.098958333333332,20.354166666666668,0.0,0.8606615823412698
HHN-MAN-01,2024-02-15,24,18.885416666666668,20.421875,0.0,0.8702500149664751
HHN-MAN-01,2024-02-16,24,19.15625,20.328125,0.0,0.8653921626846187
HHN-MAN-01,2024-02-17,24,18.609375,20.296875,0.0,0.8374913408251232
HHN-MAN-01,2024-02-18,24,17.677083333333332,20.291666666666668,0.0,0.8091849257662834
HHN-MAN-01,2024-02-19,24,18.026041666666668,20.328125,0.0,0.8321622583845366
HHN-MAN-01,2024-02-20,24,18.734375,20.348958333333332,0.0,0.8785713751197318
HHN-MAN-01,2024-02-21,24,19.15625,20.317708333333332,0.0,0.8724416690254383
HHN-MAN-01,2024-02-22,24,19.322916666666668,20.364583333333332,0.0,0.8754324776785715
HHN-MAN-01,2024-02-23,24,18.8125,20.390625,0.0,0.8653258308531746
HHN-MAN-01,2024-02-24,24,17.234375,20.265625,0.0,0.8005220627223592
HHN-MAN-01,2024-02-25,24,16.234375,20.3125,0.0,0.7813957093253968
HHN-MAN-01,2024-02-26,24,16.703125,20.401041666666668,0.0,0.784875628591954
HHN-MAN-01,2024-02-27,24,17.869791666666668,20.348958333333332,0.0,0.8288512964829748
HHN-MAN-01,2024-02-28,24,18.052083333333332,20.333333333333332,0.0,0.8296750992063492
HHN-MAN-01,2024-02-29,24,17.671875,20.359375,0.0,0.8008504667105713
HHN-MAN-01,2024-03-01,24,17.09375,20.385416666666668,0.0,0.7992978556979734
HHN-MAN-01,2024-03-02,24,16.932291666666668,20.40625,0.0,0.7654296875000001
HHN-MAN-01,2024-03-03,24,16.984375,20.317708333333332,0.0,0.7853803307658515
HHN-MAN-01,2024-03-04,24,16.739583333333332,20.34375,0.0,0.7728402951122205
HHN-MAN-01,2024-03-05,24,16.041666666666668,20.390625,0.0,0.7605746767793139
HHN-MAN-01,2024-03-06,24,16.708333333333332,20.359375,0.0,0.7665722737834169
HHN-MAN-01,2024-03-07,24,18.270833333333332,20.427083333333332,0.0,0.8423213927796641
HHN-MAN-01,2024-03-08,24,17.953125,20.380208333333332,0.0,0.8314217379777373
HHN-MAN-01,2024-03-09,24,17.46875,20.390625,0.0,0.8173118079557091
HHN-MAN-01,2024-03-10,24,17.364583333333332,20.390625,0.0,0.7955729166666666
HHN-MAN-01,2024-03-11,24,17.770833333333332,20.447916666666668,0.0,0.8272677951388889
HHN-MAN-01,2024-03-12,24,18.416666666666668,20.416666666666668,0.0,0.8481352306547619
HHN-MAN-01,2024-03-13,24,19.135416666666668,20.375,0.0,0.8658143259099617
HHN-MAN-01,2024-03-14,24,19.609375,20.427083333333332,0.0,0.8669187327988991
HHN-MAN-01,2024-03-15,24,19.526041666666668,20.447916666666668,0.0,0.8727263544866871
HHN-MAN-01,2024-03-16,24,19.197916666666668,20.354166666666668,0.0,0.8668294270833333
HHN-MAN-01,2024-03-17,24,17.572916666666668,20.380208333333332,0.0,0.795707775297619
HHN-MAN-01,2024-03-18,24,15.947916666666666,20.427083333333332,0.0,0.7373715417786738
HHN-MAN-01,2024-03-19,24,16.609375,20.421875,0.0,0.7899290054563491
HHN-MAN-01,2024-03-20,24,16.822916666666668,20.385416666666668,0.0,0.7945424454533511
HHN-MAN-01,2024-03-21,24,17.796875,20.401041666666668,0.0,0.8126875089862927
HHN-MAN-01,2024-03-22,24,17.895833333333332,20.411458333333332,0.0,0.8131911942364312
HHN-MAN-01,2024-03-23,24,18.15625,20.317708333333332,0.0,0.8457508608137129
HHN-MAN-01,2024-03-24,24,17.640625,20.364583333333332,0.0,0.8257791498655914
HHN-MAN-01,2024-03-25,24,16.875,20.40625,0.0,0.8222231820287772
HHN-MAN-01,2024-03-26,24,16.171875,20.369791666666668,0.09895833333333333,0.7607296607454747
HHN-MAN-01,2024-03-27,24,16.34375,20.411458333333332,0.125,0.7582011051737614
HHN-MAN-01,2024-03-28,24,17.515625,20.416666666666668,0.08854166666666667,0.8184450804851511
HHN-MAN-01,2024-03-29,24,16.145833333333332,20.442708333333332,0.0,0.7572107407977559
HHN-MAN-01,2024-03-30,24,15.270833333333334,20.3125,0.0,0.7212429165642039
HHN-MAN-01,2024-03-31,24,13.994791666666666,20.328125,0.0,0.6736918892018013
HHN-MAN-01,2024-04-01,24,13.135416666666666,20.333333333333332,0.0,0.6416621542181603
HHN-MAN-01,2024-04-02,24,12.15625,20.432291666666668,0.0,0.5847496926736161
HHN-MAN-01,2024-04-03,24,12.953125,20.380208333333332,0.0,0.6130244390336544
HHN-MAN-01,2024-04-04,24,13.958333333333334,20.46875,0.375,0.654662181712963
HHN-MAN-01,2024-04-05,24,14.203125,20.4375,0.5,0.6567165409898998
HHN-MAN-01,2024-04-06,24,14.958333333333334,20.322916666666668,0.5,0.6896275953010055
HHN-MAN-01,2024-04-07,24,14.276041666666666,20.375,0.5,0.6856458128369347
HHN-MAN-01,2024-04-08,24,14.453125,20.46875,0.5,0.6859167776211361
HHN-MAN-01,2024-04-09,24,14.8125,20.447916666666668,0.1875,0.6811530951912811
HHN-MAN-01,2024-04-10,24,15.505208333333334,20.411458333333332,0.0,0.6966492022156084
HHN-MAN-01,2024-04-11,24,16.223958333333332,20.40625,0.0,0.7338848823760787
HHN-MAN-01,2024-04-12,24,16.859375,20.411458333333332,0.0,0.7786412186701788
HHN-MAN-01,2024-04-13,24,15.625,20.270833333333332,0.0,0.7050822669578752
HHN-MAN-01,2024-04-14,24,15.09375,20.28125,0.0,0.6852835872784424
HHN-MAN-01,2024-04-15,24,15.442708333333334,20.463541666666668,0.0,0.7034299695180491
HHN-MAN-01,2024-04-16,24,16.1875,20.401041666666668,0.0,0.7319647560892172
HHN-MAN-01,2024-04-17,24,17.265625,20.463541666666668,0.0,0.7762013268849207
HHN-MAN-01,2024-04-18,24,18.192708333333332,20.411458333333332,0.0,0.8202804125917148
HHN-MAN-01,2024-04-19,24,17.802083333333332,20.395833333333332,0.0,0.7785933005453977
HHN-MAN-01,2024-04-20,24,17.447916666666668,20.359375,0.0,0.7719015120415982
HHN-MAN-01,2024-04-21,24,16.765625,20.369791666666668,0.0,0.764778851018879
HHN-MAN-01,2024-04-22,24,17.328125,20.359375,0.0,0.8092689832935757
HHN-MAN-01,2024-04-23,24,17.859375,20.447916666666668,0.0,0.8234810188771622
HHN-MAN-01,2024-04-24,24,17.489583333333332,20.401041666666668,0.0,0.8293790000461079
HHN-MAN-01,2024-04-25,24,16.958333333333332,20.385416666666668,0.0,0.7928632800837812
HHN-MAN-01,2024-04-26,24,17.026041666666668,20.421875,0.0,0.7972237723214285
HHN-MAN-01,2024-04-27,24,15.583333333333334,20.416666666666668,0.0,0.7286070808531746
HHN-MAN-01,2024-04-28,24,15.0,20.265625,0.0,0.7189519601586517
HHN-MAN-01,2024-04-29,24,15.052083333333334,20.411458333333332,0.0,0.7387281680764411
HHN-MAN-01,2024-04-30,24,15.416666666666666,20.40625,0.0,0.7366002553348822
HHN-MAN-01,2024-05-01,24,15.875,20.385416666666668,0.0,0.7493776208381724
HHN-MAN-01,2024-05-02,24,16.625,20.333333333333332,0.0,0.7775490813967875
HHN-MAN-01,2024-05-03,24,17.072916666666668,20.369791666666668,0.0,0.7976319812054178
HHN-MAN-01,2024-05-04,24,16.088541666666668,20.328125,0.0,0.760078233762583
HHN-MAN-01,2024-05-05,24,14.822916666666666,20.3125,0.0,0.7022287267445447
HHN-MAN-01,2024-05-06,24,14.6875,20.447916666666668,0.0,0.6877267554214379
HHN-MAN-01,2024-05-07,24,15.203125,20.421875,0.0,0.721580641505884
HHN-MAN-01,2024-05-08,24,15.78125,20.364583333333332,0.0,0.7540708052683792
HHN-MAN-01,2024-05-09,24,15.984375,20.4375,0.0,0.7557885336845467
HHN-MAN-01,2024-05-10,24,14.989583333333334,20.395833333333332,0.0,0.7206134400031942
HHN-MAN-01,2024-05-11,24,13.880208333333334,20.338541666666668,0.0,0.6545376132142633
HHN-MAN-01,2024-05-12,24,14.286458333333334,20.208333333333332,0.0,0.6750244106928233
HHN-MAN-01,2024-05-13,24,13.739583333333334,20.390625,0.0,0.6593081057255278
HHN-MAN-01,2024-05-14,24,14.151041666666666,20.458333333333332,0.0,0.6817870133162206
HHN-MAN-01,2024-05-15,24,15.114583333333334,20.421875,0.0,0.7073773367948638
HHN-MAN-01,2024-05-16,24,16.307291666666668,20.411458333333332,0.0,0.7446316801117376
HHN-MAN-01,2024-05-17,24,17.046875,20.395833333333332,0.0,0.7601358546417236
HHN-MAN-01,2024-05-18,24,16.0,20.213541666666668,0.0,0.7219763974154886
HHN-MAN-01,2024-05-19,24,15.65625,20.333333333333332,0.0,0.7151567692631633
HHN-MAN-01,2024-05-20,24,14.755208333333334,20.432291666666668,0.0,0.6910481423643788
HHN-MAN-01,2024-05-21,24,14.020833333333334,20.40625,0.0,0.6948060696899706
HHN-MAN-01,2024-05-22,24,14.078125,20.395833333333332,0.0,0.675984689618601
HHN-MAN-01,2024-05-23,24,14.572916666666666,20.385416666666668,0.0,0.6973467115261913
HHN-MAN-01,2024-05-24,24,14.484375,20.307291666666668,0.0,0.684816586065501
HHN-MAN-01,2024-05-25,24,14.177083333333334,20.338541666666668,0.0,0.6599124476150382
HHN-MAN-01,2024-05-26,24,14.380208333333334,20.34375,0.0,0.6812638518847057
HHN-MAN-01,2024-05-27,24,13.375,20.432291666666668,0.0,0.6371771695687375
HHN-MAN-01,2024-05-28,24,14.296875,20.416666666666668,0.0,0.7048109377395074
HHN-MAN-01,2024-05-29,24,15.255208333333334,20.395833333333332,0.0,0.7158837959282033
HHN-MAN-01,2024-05-30,24,15.3125,20.40625,0.0,0.689379687791273
HHN-MAN-01,2024-05-31,24,16.489583333333332,20.4375,0.0,0.7581296823686371
HHN-MAN-01,2024-06-01,24,15.609375,20.375,0.0,0.7113360360326219
HHN-MAN-01,2024-06-02,24,13.333333333333334,20.291666666666668,0.0,0.6213997502410553
HHN-MAN-01,2024-06-03,24,13.796875,20.447916666666668,0.0,0.6737604773268956
HHN-MAN-01,2024-06-04,24,15.098958333333334,20.46875,0.0,0.7139772445436509
HHN-MAN-01,2024-06-05,24,14.640625,20.364583333333332,0.0,0.7133139672976688
HHN-MAN-01,2024-06-06,24,14.260416666666666,20.401041666666668,0.0,0.6873585141333103
HHN-MAN-01,2024-06-07,24,14.697916666666666,20.385416666666668,0.0,0.7030618752703622
HHN-MAN-01,2024-06-08,24,14.416666666666666,20.270833333333332,0.0,0.686868928791446
HHN-MAN-01,2024-06-09,24,14.307291666666666,20.234375,0.0,0.6911631917890472
HHN-MAN-01,2024-06-10,24,15.0,20.354166666666668,0.0,0.7271759323631195
HHN-MAN-01,2024-06-11,24,15.786458333333334,20.369791666666668,0.0,0.7651897669726725
HHN-MAN-01,2024-06-12,24,15.46875,20.364583333333332,0.0,0.7409831121206277
HHN-MAN-01,2024-06-13,24,15.354166666666666,20.401041666666668,0.0,0.71783393919425
HHN-MAN-01,2024-06-14,24,13.96875,20.364583333333332,0.0,0.6735981336870345
HHN-MAN-01,2024-06-15,24,13.385416666666666,20.385416666666668,0.0,0.6340410242890864
HHN-MAN-01,2024-06-16,24,13.234375,20.296875,0.0,0.6379715848725074
HHN-MAN-01,2024-06-17,24,13.229166666666666,20.395833333333332,0.0,0.6374457465277777
HHN-MAN-01,2024-06-18,24,14.390625,20.385416666666668,0.0,0.6970271815446254
HHN-MAN-01,2024-06-19,24,15.161458333333334,20.411458333333332,0.0,0.7320983473976818
HHN-MAN-01,2024-06-20,24,15.265625,20.411458333333332,0.0,0.7108508322935573
HHN-MAN-01,2024-06-21,24,14.651041666666666,20.4375,0.0,0.6832072585978836
HHN-MAN-01,2024-06-22,24,14.104166666666666,20.291666666666668,0.0,0.6619231794779209
HHN-MAN-01,2024-06-23,24,13.895833333333334,20.395833333333332,0.0,0.6701317313527667
HHN-MAN-01,2024-06-24,24,14.536458333333334,20.390625,0.0,0.6979973187981
HHN-MAN-01,2024-06-25,24,14.328125,20.442708333333332,0.0,0.6975580654553196
HHN-MAN-01,2024-06-26,24,13.770833333333334,20.432291666666668,0.0,0.6638670374903993
HHN-MAN-01,2024-06-27,24,13.546875,20.411458333333332,0.0,0.6467273423042934
HHN-MAN-01,2024-06-28,24,13.552083333333334,20.395833333333332,0.0,0.6618035003515587
HHN-MAN-01,2024-06-29,24,13.270833333333334,20.302083333333332,0.020833333333333332,0.6380647840590654
HHN-MAN-01,2024-06-30,24,12.427083333333334,20.395833333333332,0.25,0.6032936441265574
HHN-MAN-01,2024-07-01,24,12.03125,20.307291666666668,0.25,0.5944253894659202
HHN-MAN-01,2024-07-02,24,12.869791666666666,20.416666666666668,0.25,0.6184915561868687
HHN-MAN-01,2024-07-03,24,14.0,20.395833333333332,0.25,0.6627267191077241
HHN-MAN-01,2024-07-04,24,13.385416666666666,20.322916666666668,0.25,0.6310273024140212
HHN-MAN-01,2024-07-05,24,14.0625,20.359375,0.010416666666666666,0.6715873820803039
HHN-MAN-01,2024-07-06,24,13.286458333333334,20.364583333333332,0.0,0.6235040273227641
HHN-MAN-01,2024-07-07,24,11.802083333333334,20.229166666666668,0.0,0.567053762203528
HHN-MAN-01,2024-07-08,24,11.244791666666666,20.40625,0.0,0.5638031345500365
HHN-MAN-01,2024-07-09,24,12.65625,20.40625,0.0,0.6152276873156164
HHN-MAN-01,2024-07-10,24,13.927083333333334,20.416666666666668,0.0,0.6542803406084656
HHN-MAN-01,2024-07-11,24,14.364583333333334,20.390625,0.0,0.6828247402570606
HHN-MAN-01,2024-07-12,24,14.958333333333334,20.369791666666668,0.0,0.7138907709512646
HHN-MAN-01,2024-07-13,24,14.427083333333334,20.291666666666668,0.0,0.6753440962031146
HHN-MAN-01,2024-07-14,24,13.744791666666666,20.364583333333332,0.0,0.6519263055973549
HHN-MAN-01,2024-07-15,24,15.067708333333334,20.34375,0.0,0.7145582603893347
HHN-MAN-01,2024-07-16,24,15.833333333333334,20.442708333333332,0.0,0.739579401263499
HHN-MAN-01,2024-07-17,24,15.588541666666666,20.395833333333332,0.0,0.7210865293624407
HHN-MAN-01,2024-07-18,24,15.036458333333334,20.380208333333332,0.0,0.6996116566176083
HHN-MAN-01,2024-07-19,24,15.765625,20.4375,0.0,0.7145426173303799
HHN-MAN-01,2024-07-20,24,14.223958333333334,20.302083333333332,0.0,0.6455751053524078
HHN-MAN-01,2024-07-21,24,13.8125,20.401041666666668,0.0,0.63505401472131
HHN-MAN-01,2024-07-22,24,15.088541666666666,20.380208333333332,0.0,0.7037506059555554
HHN-MAN-01,2024-07-23,24,15.791666666666666,20.458333333333332,0.0,0.708767880283094
HHN-MAN-01,2024-07-24,24,16.447916666666668,20.359375,0.0,0.7419992016650151
HHN-MAN-01,2024-07-25,24,15.942708333333334,20.453125,0.0,0.6927691061883133
HHN-MAN-01,2024-07-26,24,15.53125,20.380208333333332,0.0,0.6830301034003018
HHN-MAN-01,2024-07-27,24,14.223958333333334,20.401041666666668,0.0,0.6131071119776962
HHN-MAN-01,2024-07-28,24,13.296875,20.333333333333332,0.0,0.5867787004968609
HHN-MAN-01,2024-07-29,24,13.932291666666666,20.390625,0.0,0.6047846217330323
HHN-MAN-01,2024-07-30,24,13.96875,20.432291666666668,0.0,0.5845243440407772
HHN-MAN-01,2024-07-31,24,13.520833333333334,20.421875,0.0,0.5882526430654879
HHN-MAN-01,2024-08-01,24,14.40625,20.40625,0.0,0.6373268109982838
HHN-MAN-01,2024-08-02,24,13.729166666666666,20.40625,0.0,0.6030168727354818
HHN-MAN-01,2024-08-03,24,11.953125,20.338541666666668,0.0,0.5380795397239005
HHN-MAN-01,2024-08-04,24,12.057291666666666,20.307291666666668,0.0,0.5685547425066408
HHN-MAN-01,2024-08-05,24,13.140625,20.432291666666668,0.0,0.6434887814973819
HHN-MAN-01,2024-08-06,24,13.385416666666666,20.375,0.0,0.6525538375340927
HHN-MAN-01,2024-08-07,24,12.286458333333334,20.40625,0.0,0.5940569403882386
HHN-MAN-01,2024-08-08,24,12.40625,20.453125,0.0,0.57587256987956
HHN-MAN-01,2024-08-09,24,12.65625,20.411458333333332,0.0,0.5813989823418874
HHN-MAN-01,2024-08-10,24,12.005208333333334,20.25,0.0,0.5391257432271817
HHN-MAN-01,2024-08-11,24,11.505208333333334,20.375,0.0,0.5083698509017177
HHN-MAN-01,2024-08-12,24,11.447916666666666,20.395833333333332,0.0,0.5168694759960163
HHN-MAN-01,2024-08-13,24,11.510416666666666,20.463541666666668,0.0,0.5058762499167605
HHN-MAN-01,2024-08-14,24,13.442708333333334,20.338541666666668,0.0,0.6002747241228535
HHN-MAN-01,2024-08-15,24,16.28125,20.416666666666668,0.0,0.74119151671684
HHN-MAN-01,2024-08-16,24,15.34375,20.411458333333332,0.0,0.7145055283538145
HHN-MAN-01,2024-08-17,24,13.932291666666666,20.338541666666668,0.0,0.6653654848597309
HHN-MAN-01,2024-08-18,24,12.9375,20.328125,0.0,0.6313474778054277
HHN-MAN-01,2024-08-19,24,13.161458333333334,20.421875,0.0,0.6440536690718442
HHN-MAN-01,2024-08-20,24,14.666666666666666,20.4375,0.0,0.6930850074404762
HHN-MAN-01,2024-08-21,24,13.953125,20.369791666666668,0.0,0.6658600514069264
HHN-MAN-01,2024-08-22,24,14.348958333333334,20.375,0.0,0.6790751708559123
HHN-MAN-01,2024-08-23,24,13.5,20.354166666666668,0.0,0.6623659454434969
HHN-MAN-01,2024-08-24,24,13.505208333333334,20.359375,0.0,0.6385843784911326
HHN-MAN-01,2024-08-25,24,13.15625,20.395833333333332,0.0,0.6196139719608721
HHN-MAN-01,2024-08-26,24,14.015625,20.416666666666668,0.0,0.6520513950823887
HHN-MAN-01,2024-08-27,24,14.848958333333334,20.385416666666668,0.0,0.68061613439512
HHN-MAN-01,2024-08-28,24,14.651041666666666,20.416666666666668,0.0,0.6654951276773539
HHN-MAN-01,2024-08-29,24,14.057291666666666,20.40625,0.0,0.6413947366194654
HHN-MAN-01,2024-08-30,24,12.322916666666666,20.427083333333332,0.0,0.5849396384054605
HHN-MAN-01,2024-08-31,24,11.453125,20.338541666666668,0.0,0.5758576903890298
HHN-MAN-01,2024-09-01,24,12.432291666666666,20.354166666666668,0.0,0.6250123852754162
HHN-MAN-01,2024-09-02,24,14.458333333333334,20.421875,0.0,0.7067906414068577
HHN-MAN-01,2024-09-03,24,16.421875,20.369791666666668,0.0,0.7698915003699982
HHN-MAN-01,2024-09-04,24,16.916666666666668,20.458333333333332,0.0,0.8068736565806879
HHN-MAN-01,2024-09-05,24,16.59375,20.458333333333332,0.0,0.7660791790674604
HHN-MAN-01,2024-09-06,24,16.229166666666668,20.421875,0.0,0.7451018698530039
HHN-MAN-01,2024-09-07,24,15.666666666666666,20.3125,0.0,0.742394763174099
HHN-MAN-01,2024-09-08,24,15.661458333333334,20.348958333333332,0.0,0.7332076063212872
HHN-MAN-01,2024-09-09,24,15.140625,20.427083333333332,0.0,0.7293783802163339
HHN-MAN-01,2024-09-10,24,15.203125,20.463541666666668,0.0,0.7177889384920636
HHN-MAN-01,2024-09-11,24,16.0,20.442708333333332,0.0,0.7589395824781061
HHN-MAN-01,2024-09-12,24,16.71875,20.411458333333332,0.0,0.7920950107473544
HHN-MAN-01,2024-09-13,24,16.765625,20.416666666666668,0.0,0.7751630788028604
HHN-MAN-01,2024-09-14,24,15.604166666666666,20.286458333333332,0.0,0.7430842976249331
HHN-MAN-01,2024-09-15,24,15.432291666666666,20.34375,0.0,0.7229515913156374
HHN-MAN-01,2024-09-16,24,15.020833333333334,20.442708333333332,0.0,0.7020014273736486
HHN-MAN-01,2024-09-17,24,15.515625,20.416666666666668,0.0,0.7330416474240559
HHN-MAN-01,2024-09-18,24,16.265625,20.427083333333332,0.0,0.7713264252360427
HHN-MAN-01,2024-09-19,24,15.885416666666666,20.453125,0.0,0.7560311512110688
HHN-MAN-01,2024-09-20,24,15.640625,20.432291666666668,0.0,0.7443571221891534
HHN-MAN-01,2024-09-21,24,14.677083333333334,20.354166666666668,0.0,0.7016277673350042
HHN-MAN-01,2024-09-22,24,14.296875,20.28125,0.0,0.6825300243155507
HHN-MAN-01,2024-09-23,24,14.203125,20.416666666666668,0.0,0.6876416641316752
HHN-MAN-01,2024-09-24,24,15.828125,20.421875,0.0,0.7481947634503681
HHN-MAN-01,2024-09-25,24,16.432291666666668,20.395833333333332,0.0,0.760949332671597
HHN-MAN-01,2024-09-26,24,17.203125,20.442708333333332,0.0,0.7948589298170855
HHN-MAN-01,2024-09-27,24,17.651041666666668,20.385416666666668,0.0,0.7918970677759741
HHN-MAN-01,2024-09-28,24,16.390625,20.354166666666668,0.0,0.7499083768197746
HHN-MAN-01,2024-09-29,24,15.46875,20.348958333333332,0.0,0.7272049324200226
HHN-MAN-01,2024-09-30,24,15.744791666666666,20.40625,0.0,0.7663713690594859
HHN-MAN-01,2024-10-01,24,16.260416666666668,20.416666666666668,0.0,0.7711043851634091
HHN-MAN-01,2024-10-02,24,15.427083333333334,20.432291666666668,0.0,0.7315807776915114
HHN-MAN-01,2024-10-03,24,15.963541666666666,20.364583333333332,0.0,0.7643431363652811
HHN-MAN-01,2024-10-04,24,15.375,20.411458333333332,0.0,0.70939818645066
HHN-MAN-01,2024-10-05,24,14.276041666666666,20.317708333333332,0.0,0.6681191272147483
HHN-MAN-01,2024-10-06,24,13.416666666666666,20.338541666666668,0.0,0.6428145401999653
HHN-MAN-01,2024-10-07,24,12.755208333333334,20.473958333333332,0.0,0.6149294054819509
HHN-MAN-01,2024-10-08,24,15.145833333333334,20.432291666666668,0.0,0.7133870567716333
HHN-MAN-01,2024-10-09,24,15.927083333333334,20.375,0.34375,0.7473393170726145
HHN-MAN-01,2024-10-10,24,15.75,20.395833333333332,0.75,0.7455139073546805
HHN-MAN-01,2024-10-11,24,15.864583333333334,20.421875,0.34375,0.733367435515873
HHN-MAN-01,2024-10-12,24,15.5625,20.40625,0.0,0.7237103174603176
HHN-MAN-01,2024-10-13,24,14.145833333333334,20.333333333333332,0.0,0.6654061387454507
HHN-MAN-01,2024-10-14,24,13.723958333333334,20.453125,0.0,0.6677757978143996
HHN-MAN-01,2024-10-15,24,13.828125,20.447916666666668,0.0,0.6686422001183514
HHN-MAN-01,2024-10-16,24,14.494791666666666,20.380208333333332,0.0,0.6773684730430122
HHN-MAN-01,2024-10-17,24,15.692708333333334,20.447916666666668,0.0,0.7349730572411807
HHN-MAN-01,2024-10-18,24,16.776041666666668,20.453125,0.0,0.7337598553675857
HHN-MAN-01,2024-10-19,24,18.072916666666668,20.338541666666668,0.0,0.8097388675403961
HHN-MAN-01,2024-10-20,24,16.645833333333332,20.34375,0.0,0.7518708829549
HHN-MAN-01,2024-10-21,24,15.71875,20.4375,0.0,0.7278258308531745
HHN-MAN-01,2024-10-22,24,16.880208333333332,20.458333333333332,0.0,0.7979667865410053
HHN-MAN-01,2024-10-23,24,17.005208333333332,20.375,0.0,0.763451728376883
HHN-MAN-01,2024-10-24,24,17.354166666666668,20.442708333333332,0.0,0.7684612815220174
HHN-MAN-01,2024-10-25,24,17.338541666666668,20.364583333333332,0.0,0.8001271081349207
HHN-MAN-01,2024-10-26,24,15.8125,20.322916666666668,0.0,0.7391782229235084
HHN-MAN-01,2024-10-27,24,14.692708333333334,20.270833333333332,0.0,0.699929412310457
HHN-MAN-01,2024-10-28,24,15.380208333333334,20.369791666666668,0.0,0.7088915799056917
HHN-MAN-01,2024-10-29,24,16.109375,20.4375,0.0,0.7509706276010624
HHN-MAN-01,2024-10-30,24,16.979166666666668,20.427083333333332,0.0,0.7700021183506774
HHN-MAN-01,2024-10-31,24,17.078125,20.385416666666668,0.0,0.7950532774288942
HHN-MAN-01,2024-11-01,24,17.005208333333332,20.432291666666668,0.0,0.7924748563218391
HHN-MAN-01,2024-11-02,24,16.255208333333332,20.333333333333332,0.0,0.7415114658247219
HHN-MAN-01,2024-11-03,24,16.203125,20.348958333333332,0.0,0.7527773455366756
HHN-MAN-01,2024-11-04,24,16.630208333333332,20.427083333333332,0.0,0.7699999121532984
HHN-MAN-01,2024-11-05,24,17.15625,20.427083333333332,0.0,0.7973564505754788
HHN-MAN-01,2024-11-06,24,17.385416666666668,20.427083333333332,0.0,0.7952110140931373
HHN-MAN-01,2024-11-07,24,17.239583333333332,20.395833333333332,0.0,0.7805328541026625
HHN-MAN-01,2024-11-08,24,16.640625,20.442708333333332,0.0,0.7702287946428572
HHN-MAN-01,2024-11-09,24,14.979166666666666,20.333333333333332,0.0,0.6823642465688887
HHN-MAN-01,2024-11-10,24,15.479166666666666,20.348958333333332,0.0,0.7312550572202139
HHN-MAN-01,2024-11-11,24,16.505208333333332,20.40625,0.0,0.7657222509609035
HHN-MAN-01,2024-11-12,24,18.020833333333332,20.432291666666668,0.0,0.829934821000958
HHN-MAN-01,2024-11-13,24,18.651041666666668,20.432291666666668,0.0,0.8513893165024631
HHN-MAN-01,2024-11-14,24,18.177083333333332,20.385416666666668,0.0,0.8453993055555555
HHN-MAN-01,2024-11-15,24,16.322916666666668,20.411458333333332,0.0,0.7789296460527013
HHN-MAN-01,2024-11-16,24,14.619791666666666,20.322916666666668,0.0,0.691936735432504
HHN-MAN-01,2024-11-17,24,14.166666666666666,20.302083333333332,0.0,0.6809438717121373
HHN-MAN-01,2024-11-18,24,14.010416666666666,20.395833333333332,0.1875,0.6924132753191857
HHN-MAN-01,2024-11-19,24,15.739583333333334,20.442708333333332,0.5,0.7508543564574693
HHN-MAN-01,2024-11-20,24,16.276041666666668,20.380208333333332,0.5,0.7815000372167747
HHN-MAN-01,2024-11-21,24,16.046875,20.364583333333332,0.5,0.7555143524483373
HHN-MAN-01,2024-11-22,24,17.026041666666668,20.369791666666668,0.22916666666666666,0.8060085547669408
HHN-MAN-01,2024-11-23,24,17.083333333333332,20.364583333333332,0.0,0.7909279193868408
HHN-MAN-01,2024-11-24,24,16.244791666666668,20.3125,0.0,0.7624342457917307
HHN-MAN-01,2024-11-25,24,16.526041666666668,20.458333333333332,0.0,0.7742460017441116
HHN-MAN-01,2024-11-26,24,15.640625,20.385416666666668,0.0,0.7448986235119047
HHN-MAN-01,2024-11-27,24,15.895833333333334,20.390625,0.0,0.7429756987205801
HHN-MAN-01,2024-11-28,24,17.015625,20.411458333333332,0.0,0.7989853401754683
HHN-MAN-01,2024-11-29,24,18.401041666666668,20.416666666666668,0.0,0.8467411203790727
HHN-MAN-01,2024-11-30,24,17.958333333333332,20.364583333333332,0.0,0.8216348949781062
HHN-MAN-01,2024-12-01,24,16.802083333333332,20.28125,0.0,0.7774295253955814
HHN-MAN-01,2024-12-02,24,17.036458333333332,20.354166666666668,0.0,0.8023173724497679
HHN-MAN-01,2024-12-03,24,17.953125,20.34375,0.0,0.8343428544762618
HHN-MAN-01,2024-12-04,24,19.041666666666668,20.3125,0.0,0.8807957155718946
HHN-MAN-01,2024-12-05,24,19.78125,20.307291666666668,0.0,0.8903645833333332
HHN-MAN-01,2024-12-06,24,19.8125,20.291666666666668,0.0,0.8809895833333333
HHN-MAN-01,2024-12-07,24,19.692708333333332,20.322916666666668,0.0,0.8698567708333332
HHN-MAN-01,2024-12-08,24,18.739583333333332,20.140625,0.0,0.8423332401053988
HHN-MAN-01,2024-12-09,24,18.135416666666668,20.322916666666668,0.0,0.822400328357857
HHN-MAN-01,2024-12-10,24,18.59375,20.354166666666668,0.0,0.8474206717568483
HHN-MAN-01,2024-12-11,24,18.416666666666668,20.333333333333332,0.0,0.8380394845270097
HHN-MAN-01,2024-12-12,24,18.6875,20.338541666666668,0.0,0.8538462237445265
HHN-MAN-01,2024-12-13,24,19.5,20.286458333333332,0.0,0.901296096743295
HHN-MAN-01,2024-12-14,24,18.932291666666668,20.270833333333332,0.0,0.861785404265873
HHN-MAN-01,2024-12-15,24,17.46875,20.276041666666668,0.0,0.8032459077380952
HHN-MAN-01,2024-12-16,24,17.598958333333332,20.401041666666668,0.0,0.8052859538182857
HHN-MAN-01,2024-12-17,24,16.239583333333332,20.369791666666668,0.0,0.7750758200698757
HHN-MAN-01,2024-12-18,24,16.161458333333332,20.364583333333332,0.0,0.754686777933219
HHN-MAN-01,2024-12-19,24,16.03125,20.322916666666668,0.0,0.7469593999293317
HHN-MAN-01,2024-12-20,24,15.791666666666666,20.416666666666668,0.0,0.7511593227473804
HHN-MAN-01,2024-12-21,24,15.192708333333334,20.302083333333332,0.0,0.7160197724986416
HHN-MAN-01,2024-12-22,24,15.630208333333334,20.255208333333332,0.0,0.7553420185758455
HHN-MAN-01,2024-12-23,24,16.447916666666668,20.390625,0.0,0.7772524777417839
HHN-MAN-01,2024-12-24,24,16.609375,20.322916666666668,0.0,0.7883262028769842
HHN-MAN-01,2024-12-25,24,16.557291666666668,20.385416666666668,0.0,0.7632091295948205
HHN-MAN-01,2024-12-26,24,15.822916666666666,20.385416666666668,0.0,0.7439122393306855
HHN-MAN-01,2024-12-27,24,15.567708333333334,20.390625,0.0,0.7350212565778124
HHN-MAN-01,2024-12-28,24,15.067708333333334,20.34375,0.0,0.7043374130647041
HHN-MAN-01,2024-12-29,24,14.40625,20.244791666666668,0.0,0.6979325284612264
HHN-MAN-01,2024-12-30,24,15.5625,20.348958333333332,0.0,0.7489676314987483
HHN-MAN-01,2024-12-31,24,17.317708333333332,20.317708333333332,0.0,0.7910774479221843
HHN-MAN-01,2025-01-01,24,17.609375,20.364583333333332,0.0,0.7963375688711954
HHN-MAN-01,2025-01-02,24,17.046875,20.322916666666668,0.0,0.7911600347493234
HHN-MAN-01,2025-01-03,24,17.59375,20.354166666666668,0.0,0.8034692823788999
HHN-MAN-01,2025-01-04,24,17.510416666666668,20.265625,0.0,0.8129754597397681
HHN-MAN-01,2025-01-05,24,17.005208333333332,20.302083333333332,0.0,0.7911897326946166
HHN-MAN-01,2025-01-06,24,16.942708333333332,20.385416666666668,0.0,0.8082139756944445
HHN-MAN-01,2025-01-07,24,17.463541666666668,20.333333333333332,0.0,0.8165640753182117
HHN-MAN-01,2025-01-08,24,16.802083333333332,20.385416666666668,0.0,0.7766322544642857
HHN-MAN-01,2025-01-09,24,16.609375,20.322916666666668,0.0,0.7701140732353514
HHN-MAN-01,2025-01-10,24,18.291666666666668,20.260416666666668,0.0,0.8325030319181806
HHN-MAN-01,2025-01-11,24,17.666666666666668,20.333333333333332,0.0,0.8058223140074068
HHN-MAN-01,2025-01-12,24,17.276041666666668,20.208333333333332,0.0,0.804936809059228
HHN-MAN-01,2025-01-13,24,16.786458333333332,20.296875,0.0,0.7948390817701988
HHN-MAN-01,2025-01-14,24,18.182291666666668,20.328125,0.0,0.837696000475065
HHN-MAN-01,2025-01-15,24,18.526041666666668,20.25,0.0,0.8609653086763069
HHN-MAN-01,2025-01-16,24,18.046875,20.3125,0.0,0.8222767032952177
HHN-MAN-01,2025-01-17,24,17.75,20.291666666666668,0.0,0.8268303671434971
HHN-MAN-01,2025-01-18,24,17.104166666666668,20.276041666666668,0.0,0.8076045228963619
HHN-MAN-01,2025-01-19,24,16.020833333333332,20.239583333333332,0.0,0.754838135502741
HHN-MAN-01,2025-01-20,24,17.604166666666668,20.317708333333332,0.0,0.8004327276945724
HHN-MAN-01,2025-01-21,24,16.671875,20.416666666666668,0.0,0.780039356729357
HHN-MAN-01,2025-01-22,24,16.4375,20.28125,0.10416666666666667,0.7537570878825416
HHN-MAN-01,2025-01-23,24,16.760416666666668,20.333333333333332,0.25,0.7933623601630382
HHN-MAN-01,2025-01-24,24,17.291666666666668,20.348958333333332,0.25,0.8079672397634149
HHN-MAN-01,2025-01-25,24,17.84375,20.244791666666668,0.25,0.8251472870398365
HHN-MAN-01,2025-01-26,24,18.135416666666668,20.401041666666668,0.25,0.8366325370383652
HHN-MAN-01,2025-01-27,24,18.203125,20.333333333333332,0.25,0.8232711025439662
HHN-MAN-01,2025-01-28,24,17.942708333333332,20.333333333333332,0.25,0.8306922507884398
HHN-MAN-01,2025-01-29,24,17.114583333333332,20.307291666666668,0.13541666666666666,0.8007798803471249
HHN-MAN-01,2025-01-30,24,17.473958333333332,20.296875,0.0,0.79004301889356
HHN-MAN-01,2025-01-31,24,19.239583333333332,20.265625,0.0,0.8755794508779596
HHN-MAN-01,2025-02-01,24,18.822916666666668,20.3125,0.0,0.8713348706041324
HHN-MAN-01,2025-02-02,24,17.005208333333332,20.244791666666668,0.0,0.7993200530351183
HHN-MAN-01,2025-02-03,24,16.40625,20.3125,0.0,0.7917234597751098
HHN-MAN-01,2025-02-04,24,17.640625,20.3125,0.0,0.8257206393177389
HHN-MAN-01,2025-02-05,24,18.942708333333332,20.333333333333332,0.0,0.8663221222020279
HHN-MAN-01,2025-02-06,24,19.1875,20.364583333333332,0.0,0.8463541666666666
HHN-MAN-01,2025-02-07,24,19.15625,20.302083333333332,0.0,0.8695904098468362
HHN-MAN-01,2025-02-08,24,18.197916666666668,20.338541666666668,0.0,0.8027328024355879
HHN-MAN-01,2025-02-09,24,17.317708333333332,20.28125,0.010416666666666666,0.7612057918833242
HHN-MAN-01,2025-02-10,24,16.963541666666668,20.296875,0.25,0.7757579753404279
HHN-MAN-01,2025-02-11,24,18.333333333333332,20.359375,0.25,0.8403912200955573
HHN-MAN-01,2025-02-12,24,18.729166666666668,20.354166666666668,0.25,0.8487299237523075
HHN-MAN-01,2025-02-13,24,17.369791666666668,20.354166666666668,0.25,0.7984699976938875
HHN-MAN-01,2025-02-14,24,16.114583333333332,20.317708333333332,0.25,0.7433036654170072
HHN-MAN-01,2025-02-15,24,16.015625,20.135416666666668,0.13541666666666666,0.7684800213943702
HHN-MAN-01,2025-02-16,24,16.046875,20.286458333333332,0.0,0.7631383201628353
HHN-MAN-01,2025-02-17,24,16.734375,20.421875,0.0,0.8157632588485663
HHN-MAN-01,2025-02-18,24,16.208333333333332,20.421875,0.0,0.7633506837541052
HHN-MAN-01,2025-02-19,24,16.984375,20.380208333333332,0.0,0.7882541982686893
HHN-MAN-01,2025-02-20,24,17.932291666666668,20.369791666666668,0.0,0.8187298814710348
HHN-MAN-01,2025-02-21,24,18.458333333333332,20.375,0.0,0.8412789918554787
HHN-MAN-01,2025-02-22,24,17.666666666666668,20.171875,0.0,0.819665686190123
HHN-MAN-01,2025-02-23,24,16.401041666666668,20.21875,0.0,0.7738344254032258
HHN-MAN-01,2025-02-24,24,15.463541666666666,20.34375,0.0,0.7331469566993464
HHN-MAN-01,2025-02-25,24,16.026041666666668,20.317708333333332,0.0,0.7538034671061054
HHN-MAN-01,2025-02-26,24,16.510416666666668,20.322916666666668,0.0,0.7547767495573865
HHN-MAN-01,2025-02-27,24,17.286458333333332,20.333333333333332,0.0,0.8109668650372571
HHN-MAN-01,2025-02-28,24,18.973958333333332,20.375,0.0,0.8666467601294904
HHN-MAN-01,2025-03-01,24,19.526041666666668,20.291666666666668,0.0,0.8704199735449736
HHN-MAN-01,2025-03-02,24,19.5,20.223958333333332,0.0,0.8827577026333194
HHN-MAN-01,2025-03-03,24,18.96875,20.40625,0.0,0.8376506043755221
HHN-MAN-01,2025-03-04,24,18.15625,20.447916666666668,0.0,0.8072117615527393
HHN-MAN-01,2025-03-05,24,18.401041666666668,20.401041666666668,0.0,0.8289537319862155
HHN-MAN-01,2025-03-06,24,17.5625,20.359375,0.0,0.7962813120039683
HHN-MAN-01,2025-03-07,24,16.411458333333332,20.442708333333332,0.0,0.750492236675561
HHN-MAN-01,2025-03-08,24,15.9375,20.369791666666668,0.0,0.7394216200851348
HHN-MAN-01,2025-03-09,24,15.682291666666666,20.229166666666668,0.0,0.7571362600781768
HHN-MAN-01,2025-03-10,24,15.390625,20.333333333333332,0.0,0.7564453587684649
HHN-MAN-01,2025-03-11,24,16.244791666666668,20.369791666666668,0.0,0.7786294443534042
HHN-MAN-01,2025-03-12,24,17.65625,20.401041666666668,0.0,0.8227863491059529
HHN-MAN-01,2025-03-13,24,18.395833333333332,20.453125,0.0,0.8369649461913388
HHN-MAN-01,2025-03-14,24,17.9375,20.421875,0.0,0.8221139599395341
HHN-MAN-01,2025-03-15,24,16.838541666666668,20.213541666666668,0.0,0.7662545856076638
HHN-MAN-01,2025-03-16,24,16.015625,20.364583333333332,0.0,0.7134109863217004
HHN-MAN-01,2025-03-17,24,16.994791666666668,20.473958333333332,0.0,0.762619357638889
HHN-MAN-01,2025-03-18,24,18.760416666666668,20.380208333333332,0.0,0.849604081317551
HHN-MAN-01,2025-03-19,24,19.401041666666668,20.395833333333332,0.0,0.8775820790461624
HHN-MAN-01,2025-03-20,24,19.359375,20.395833333333332,0.0,0.8770073784722222
HHN-MAN-01,2025-03-21,24,19.010416666666668,20.34375,0.0,0.8532088053635433
HHN-MAN-01,2025-03-22,24,16.890625,20.364583333333332,0.0,0.7797497959932133
HHN-MAN-01,2025-03-23,24,15.333333333333334,20.385416666666668,0.0,0.7156245662261084
HHN-MAN-01,2025-03-24,24,16.739583333333332,20.375,0.0,0.7770921479706967
HHN-MAN-01,2025-03-25,24,18.536458333333332,20.411458333333332,0.0,0.8407415021929824
HHN-MAN-01,2025-03-26,24,18.614583333333332,20.380208333333332,0.0,0.839802966355364
HHN-MAN-01,2025-03-27,24,18.255208333333332,20.416666666666668,0.0,0.8216645003211239
HHN-MAN-01,2025-03-28,24,18.713541666666668,20.453125,0.0,0.8486569640456989
HHN-MAN-01,2025-03-29,24,17.197916666666668,20.3125,0.0,0.7778356951208513
HHN-MAN-01,2025-03-30,24,15.578125,20.328125,0.0,0.6980566372939522
HHN-MAN-01,2025-03-31,24,14.5625,20.385416666666668,0.0,0.6806934258487588
HHN-MAN-01,2025-04-01,24,15.640625,20.447916666666668,0.0,0.7118634259259259
HHN-MAN-01,2025-04-02,24,16.760416666666668,20.416666666666668,0.0,0.7744184408503898
HHN-MAN-01,2025-04-03,24,17.171875,20.395833333333332,0.0,0.7733475942460317
HHN-MAN-01,2025-04-04,24,17.744791666666668,20.442708333333332,0.0,0.8127733674955198
HHN-MAN-01,2025-04-05,24,16.895833333333332,20.34375,0.0,0.7830814901402702
HHN-MAN-01,2025-04-06,24,16.40625,20.322916666666668,0.0,0.7504263916046322
HHN-MAN-01,2025-04-07,24,15.34375,20.442708333333332,0.0,0.7054050777431574
HHN-MAN-01,2025-04-08,24,15.770833333333334,20.442708333333332,0.0,0.7486612900801409
HHN-MAN-01,2025-04-09,24,16.286458333333332,20.380208333333332,0.0,0.7620630323788998
HHN-MAN-01,2025-04-10,24,15.083333333333334,20.40625,0.0,0.7021929490904236
HHN-MAN-01,2025-04-11,24,15.307291666666666,20.390625,0.0,0.7160776040065288
HHN-MAN-01,2025-04-12,24,15.661458333333334,20.354166666666668,0.0,0.7378490170739349
HHN-MAN-01,2025-04-13,24,15.125,20.34375,0.0,0.7221998052702959
HHN-MAN-01,2025-04-14,24,15.182291666666666,20.46875,0.0,0.7454830109126984
HHN-MAN-01,2025-04-15,24,15.765625,20.390625,0.0,0.7497142650462963
HHN-MAN-01,2025-04-16,24,15.71875,20.411458333333332,0.0625,0.7386469665093048
HHN-MAN-01,2025-04-17,24,14.828125,20.40625,0.25,0.696047489620318
HHN-MAN-01,2025-04-18,24,14.453125,20.432291666666668,0.25,0.6682976767379416
HHN-MAN-01,2025-04-19,24,13.515625,20.390625,0.010416666666666666,0.6381225979472421
HHN-MAN-01,2025-04-20,24,12.953125,20.322916666666668,0.0,0.6259731156600649
HHN-MAN-01,2025-04-21,24,13.28125,20.458333333333332,0.0,0.639294443791771
HHN-MAN-01,2025-04-22,24,14.0625,20.447916666666668,0.0,0.6706351338064583
HHN-MAN-01,2025-04-23,24,15.15625,20.364583333333332,0.0,0.7118271575430435
HHN-MAN-01,2025-04-24,24,16.052083333333332,20.421875,0.0,0.7651950471280466
HHN-MAN-01,2025-04-25,24,16.921875,20.442708333333332,0.0,0.7631771554503137
HHN-MAN-01,2025-04-26,24,16.671875,20.40625,0.0,0.7611231855680868
HHN-MAN-01,2025-04-27,24,15.921875,20.328125,0.0,0.7278292013955681
HHN-MAN-01,2025-04-28,24,14.807291666666666,20.416666666666668,0.0,0.6876285783528536
HHN-MAN-01,2025-04-29,24,14.942708333333334,20.380208333333332,0.0,0.6940142981016243
HHN-MAN-01,2025-04-30,24,15.822916666666666,20.385416666666668,0.0,0.723381108459907
HHN-MAN-01,2025-05-01,24,15.197916666666666,20.4375,0.0,0.6823009091242126
HHN-MAN-01,2025-05-02,24,16.234375,20.40625,0.0,0.7351175703315187
HHN-MAN-01,2025-05-03,24,16.276041666666668,20.380208333333332,0.0,0.7327426294775798
HHN-MAN-01,2025-05-04,24,15.552083333333334,20.364583333333332,0.0,0.6960324379143179
HHN-MAN-01,2025-05-05,24,14.651041666666666,20.432291666666668,0.0,0.6640986970534536
HHN-MAN-01,2025-05-06,24,12.828125,20.416666666666668,0.0,0.6051982309626437
HHN-MAN-01,2025-05-07,24,12.630208333333334,20.411458333333332,0.0,0.634453326851999
HHN-MAN-01,2025-05-08,24,13.380208333333334,20.40625,0.0,0.6537808840818443
HHN-MAN-01,2025-05-09,24,15.098958333333334,20.390625,0.0,0.7125896645485997
HHN-MAN-01,2025-05-10,24,15.453125,20.296875,0.0,0.7343049123927959
HHN-MAN-01,2025-05-11,24,14.817708333333334,20.291666666666668,0.0,0.717598096486492
HHN-MAN-01,2025-05-12,24,15.510416666666666,20.40625,0.0,0.7491396949404762
HHN-MAN-01,2025-05-13,24,16.473958333333332,20.463541666666668,0.0,0.7512323288690476
HHN-MAN-01,2025-05-14,24,16.708333333333332,20.354166666666668,0.0,0.7716682122646775
HHN-MAN-01,2025-05-15,24,16.21875,20.432291666666668,0.0,0.7335565476190476
HHN-MAN-01,2025-05-16,24,16.067708333333332,20.447916666666668,0.0,0.7554814850255679
HHN-MAN-01,2025-05-17,24,15.546875,20.34375,0.0,0.7337142826936306
HHN-MAN-01,2025-05-18,24,14.734375,20.328125,0.0,0.6691025851486315
HHN-MAN-01,2025-05-19,24,14.010416666666666,20.359375,0.0,0.6609433990522873
HHN-MAN-01,2025-05-20,24,15.166666666666666,20.364583333333332,0.0,0.6828010738301287
HHN-MAN-01,2025-05-21,24,17.338541666666668,20.380208333333332,0.0,0.7880350768038991
HHN-MAN-01,2025-05-22,24,16.744791666666668,20.395833333333332,0.0,0.7583191006042568
HHN-MAN-01,2025-05-23,24,17.265625,20.359375,0.0,0.7887886491402116
HHN-MAN-01,2025-05-24,24,16.385416666666668,20.369791666666668,0.0,0.7364750332579638
HHN-MAN-01,2025-05-25,24,16.90625,20.328125,0.0,0.7659632883171189
HHN-MAN-01,2025-05-26,24,15.541666666666666,20.432291666666668,0.0,0.6960642024567832
HHN-MAN-01,2025-05-27,24,15.223958333333334,20.416666666666668,0.0,0.6831708208685522
HHN-MAN-01,2025-05-28,24,16.166666666666668,20.432291666666668,0.4791666666666667,0.7371171254960318
HHN-MAN-01,2025-05-29,24,17.265625,20.4375,0.5,0.7750170865626477
HHN-MAN-01,2025-05-30,24,17.09375,20.4375,0.5,0.7398520875269471
HHN-MAN-01,2025-05-31,24,15.1875,20.369791666666668,0.6875,0.6689040879909878
HHN-MAN-01,2025-06-01,24,13.802083333333334,20.260416666666668,0.75,0.6374360371224762
HHN-MAN-01,2025-06-02,24,14.166666666666666,20.416666666666668,0.75,0.6435034275970792
HHN-MAN-01,2025-06-03,24,16.692708333333332,20.385416666666668,0.6875,0.7467909577791926
HHN-MAN-01,2025-06-04,24,17.640625,20.427083333333332,0.25,0.807195199966482
HHN-MAN-01,2025-06-05,24,18.078125,20.307291666666668,0.25,0.8122867858703272
HHN-MAN-01,2025-06-06,24,17.25,20.427083333333332,0.15625,0.7667901745711725
HHN-MAN-01,2025-06-07,24,17.375,20.28125,0.0,0.790305848358324
HHN-MAN-01,2025-06-08,24,17.208333333333332,20.380208333333332,0.0,0.7838037186104049
HHN-MAN-01,2025-06-09,24,17.317708333333332,20.453125,0.0,0.8204046329080005
HHN-MAN-01,2025-06-10,24,16.723958333333332,20.328125,0.0,0.7923344113786128
HHN-MAN-01,2025-06-11,24,16.348958333333332,20.416666666666668,0.0,0.7486668907273136
HHN-MAN-01,2025-06-12,24,15.322916666666666,20.354166666666668,0.0,0.7176319854390267
HHN-MAN-01,2025-06-13,24,14.296875,20.395833333333332,0.0,0.6791992583059606
HHN-MAN-01,2025-06-14,24,13.848958333333334,20.333333333333332,0.3958333333333333,0.6540647218889591
HHN-MAN-01,2025-06-15,24,13.458333333333334,20.34375,0.5,0.6379885105414238
HHN-MAN-01,2025-06-16,24,13.473958333333334,20.411458333333332,0.5,0.6480169834922672
HHN-MAN-01,2025-06-17,24,13.270833333333334,20.375,0.5,0.6457641582164707
HHN-MAN-01,2025-06-18,24,13.807291666666666,20.447916666666668,0.5,0.6720136697444289
HHN-MAN-01,2025-06-19,24,14.296875,20.46875,0.5,0.6691421750992063
HHN-MAN-01,2025-06-20,24,14.744791666666666,20.375,0.2708333333333333,0.6773339055103036
HHN-MAN-01,2025-06-21,24,14.828125,20.317708333333332,0.0,0.704868106295645
HHN-MAN-01,2025-06-22,24,14.328125,20.291666666666668,0.0,0.6994551288600176
HHN-MAN-01,2025-06-23,24,13.625,20.380208333333332,0.0,0.6708899110922409
HHN-MAN-01,2025-06-24,24,13.473958333333334,20.453125,0.0,0.6531498652277382
HHN-MAN-01,2025-06-25,24,12.84375,20.380208333333332,0.0,0.6176597635582011
HHN-MAN-01,2025-06-26,24,12.796875,20.390625,0.0,0.5995072174321674
HHN-MAN-01,2025-06-27,24,13.791666666666666,20.4375,0.0,0.6509274760251323
HHN-MAN-01,2025-06-28,24,13.979166666666666,20.333333333333332,0.0,0.6552302268397809
HHN-MAN-01,2025-06-29,24,14.130208333333334,20.34375,0.0,0.659069208892769
HHN-MAN-01,2025-06-30,24,14.708333333333334,20.40625,0.0,0.6898867213527073
HHN-MAN-01,2025-07-01,24,14.411458333333334,20.348958333333332,0.0,0.6491642435561767
HHN-MAN-01,2025-07-02,24,14.1875,20.390625,0.0,0.6241595470882066
HHN-MAN-01,2025-07-03,24,15.244791666666666,20.322916666666668,0.0,0.6497465991641292
HHN-MAN-01,2025-07-04,24,16.901041666666668,20.432291666666668,0.0,0.7167587515456062
HHN-MAN-01,2025-07-05,24,16.447916666666668,20.3125,0.0,0.714004742063148
HHN-MAN-01,2025-07-06,24,13.927083333333334,20.322916666666668,0.0,0.6400742944339882
HHN-MAN-01,2025-07-07,24,13.822916666666666,20.369791666666668,0.0,0.6090360449735449
HHN-MAN-01,2025-07-08,24,13.692708333333334,20.411458333333332,0.0,0.6096957072978251
HHN-MAN-01,2025-07-09,24,13.140625,20.40625,0.0,0.5799145791998066
HHN-MAN-01,2025-07-10,24,14.203125,20.447916666666668,0.0,0.6123041979949875
HHN-MAN-01,2025-07-11,24,12.96875,20.4375,0.0,0.5614806058114035
HHN-MAN-01,2025-07-12,24,12.130208333333334,20.359375,0.0,0.5098470348025906
HHN-MAN-01,2025-07-13,24,11.989583333333334,20.203125,0.0,0.5401668982403578
HHN-MAN-01,2025-07-14,24,13.34375,20.390625,0.0,0.6223736982994089
HHN-MAN-01,2025-07-15,24,12.84375,20.458333333333332,0.0,0.5927312040953078
HHN-MAN-01,2025-07-16,24,12.692708333333334,20.385416666666668,0.0,0.5674237589802239
HHN-MAN-01,2025-07-17,24,14.182291666666666,20.421875,0.0,0.6239980742825512
HHN-MAN-01,2025-07-18,24,15.552083333333334,20.369791666666668,0.0,0.6714435482764177
HHN-MAN-01,2025-07-19,24,13.875,20.359375,0.0,0.5963047781102615
HHN-MAN-01,2025-07-20,24,13.083333333333334,20.25,0.0,0.5635449177659323
HHN-MAN-01,2025-07-21,24,13.395833333333334,20.463541666666668,0.0,0.5896832167373655
HHN-MAN-01,2025-07-22,24,13.213541666666666,20.427083333333332,0.0,0.5917960048293666
HHN-MAN-01,2025-07-23,24,14.182291666666666,20.421875,0.0,0.6599402151211362
HHN-MAN-01,2025-07-24,24,14.5625,20.40625,0.0,0.658428273620038
HHN-MAN-01,2025-07-25,24,14.390625,20.432291666666668,0.0,0.6295366587369637
HHN-MAN-01,2025-07-26,24,12.677083333333334,20.354166666666668,0.0,0.531742241745719
HHN-MAN-01,2025-07-27,24,12.046875,20.286458333333332,0.0,0.5602491882674158
HHN-MAN-01,2025-07-28,24,13.119791666666666,20.390625,0.0,0.6361442538411209
HHN-MAN-01,2025-07-29,24,12.59375,20.442708333333332,0.0,0.6037083339008754
HHN-MAN-01,2025-07-30,24,13.203125,20.401041666666668,0.0,0.6047907950166781
HHN-MAN-01,2025-07-31,24,13.739583333333334,20.395833333333332,0.0,0.6351983746258006
HHN-MAN-01,2025-08-01,24,12.942708333333334,20.458333333333332,0.0,0.5793391909266101
HHN-MAN-01,2025-08-02,24,13.3125,20.34375,0.0,0.601907286040413
HHN-MAN-01,2025-08-03,24,12.786458333333334,20.369791666666668,0.0,0.6114601839465575
HHN-MAN-01,2025-08-04,24,12.572916666666666,20.432291666666668,0.0,0.615210715591061
HHN-MAN-01,2025-08-05,24,12.135416666666666,20.411458333333332,0.0,0.5953309383075406
HHN-MAN-01,2025-08-06,24,12.171875,20.4375,0.0,0.5766062234879584
HHN-MAN-01,2025-08-07,24,14.098958333333334,20.40625,0.0,0.6804597498192453
HHN-MAN-01,2025-08-08,24,14.770833333333334,20.411458333333332,0.0,0.7142153369929618
HHN-MAN-01,2025-08-09,24,14.973958333333334,20.255208333333332,0.0,0.6895778703559258
HHN-MAN-01,2025-08-10,24,14.666666666666666,20.338541666666668,0.0,0.6857112031516054
HHN-MAN-01,2025-08-11,24,15.057291666666666,20.421875,0.0,0.7206252937030074
HHN-MAN-01,2025-08-12,24,14.958333333333334,20.40625,0.0,0.6978299237587987
HHN-MAN-01,2025-08-13,24,13.661458333333334,20.395833333333332,0.0,0.6592937917582969
HHN-MAN-01,2025-08-14,24,12.661458333333334,20.401041666666668,0.0,0.6046475502996856
HHN-MAN-01,2025-08-15,24,10.65625,20.458333333333332,0.0,0.5069614955357143
HHN-MAN-01,2025-08-16,24,9.78125,20.270833333333332,0.13541666666666666,0.4939123781175474
HHN-MAN-01,2025-08-17,24,9.296875,20.322916666666668,0.25,0.4898401469489672
HHN-MAN-01,2025-08-18,24,10.463541666666666,20.473958333333332,0.25,0.5103219106022786
HHN-MAN-01,2025-08-19,24,11.28125,20.427083333333332,0.25,0.5529762346122117
HHN-MAN-01,2025-08-20,24,12.072916666666666,20.338541666666668,0.25,0.570120237494104
HHN-MAN-01,2025-08-21,24,11.786458333333334,20.411458333333332,0.25,0.5592507876893573
HHN-MAN-01,2025-08-22,24,10.416666666666666,20.427083333333332,0.07291666666666667,0.5081833994951435
HHN-MAN-01,2025-08-23,24,10.463541666666666,20.3125,0.0,0.5129709775376728
HHN-MAN-01,2025-08-24,24,10.213541666666666,20.302083333333332,0.0,0.502261904616418
HHN-MAN-01,2025-08-25,24,9.005208333333334,20.442708333333332,0.0,0.4474841521436319
HHN-MAN-01,2025-08-26,24,9.322916666666666,20.390625,0.0,0.4671726590980292
HHN-MAN-01,2025-08-27,24,11.03125,20.390625,0.0,0.5342101727843915
HHN-MAN-01,2025-08-28,24,11.817708333333334,20.453125,0.0,0.5570085152116402
HHN-MAN-01,2025-08-29,24,12.322916666666666,20.401041666666668,0.0,0.5838027051499685
HHN-MAN-01,2025-08-30,24,12.005208333333334,20.369791666666668,0.0,0.5589981211325904
HHN-MAN-01,2025-08-31,24,10.104166666666666,20.401041666666668,0.0,0.47300256863216616
HHN-MAN-01,2025-09-01,24,10.369791666666666,20.416666666666668,0.0,0.5089240229230575
HHN-MAN-01,2025-09-02,24,11.229166666666666,20.40625,0.0,0.5380737720169192
HHN-MAN-01,2025-09-03,24,11.583333333333334,20.432291666666668,0.0,0.5334414069167094
HHN-MAN-01,2025-09-04,24,11.875,20.432291666666668,0.0,0.5459990035853522
HHN-MAN-01,2025-09-05,24,12.057291666666666,20.354166666666668,0.0,0.5526202451394747
HHN-MAN-01,2025-09-06,24,12.78125,20.28125,0.0,0.614629570761053
HHN-MAN-01,2025-09-07,24,12.390625,20.432291666666668,0.0,0.5928566261574074
HHN-MAN-01,2025-09-08,24,13.375,20.390625,0.0,0.6560009636745003
HHN-MAN-01,2025-09-09,24,15.369791666666666,20.442708333333332,0.0,0.729322359964371
HHN-MAN-01,2025-09-10,24,17.192708333333332,20.40625,0.0,0.8080241773813445
HHN-MAN-01,2025-09-11,24,17.973958333333332,20.447916666666668,0.0,0.802752926187276
HHN-MAN-01,2025-09-12,24,17.130208333333332,20.411458333333332,0.0,0.7700903191137566
HHN-MAN-01,2025-09-13,24,16.192708333333332,20.317708333333332,0.0,0.7234153474648398
HHN-MAN-01,2025-09-14,24,15.583333333333334,20.364583333333332,0.0,0.6940589656458344
HHN-MAN-01,2025-09-15,24,15.401041666666666,20.411458333333332,0.0,0.6848545737961712
HHN-MAN-01,2025-09-16,24,15.796875,20.442708333333332,0.0,0.706525417626728
HHN-MAN-01,2025-09-17,24,15.338541666666666,20.416666666666668,0.0,0.7278092710571654
HHN-MAN-01,2025-09-18,24,14.921875,20.442708333333332,0.14583333333333334,0.7248427000961456
HHN-MAN-01,2025-09-19,24,14.369791666666666,20.401041666666668,0.5,0.6842518719443659
HHN-MAN-01,2025-09-20,24,14.421875,20.369791666666668,0.5,0.6742626150880674
HHN-MAN-01,2025-09-21,24,14.442708333333334,20.34375,0.5,0.6843502696816275
HHN-MAN-01,2025-09-22,24,15.572916666666666,20.458333333333332,0.5,0.7316360080378478
HHN-MAN-01,2025-09-23,24,16.807291666666668,20.354166666666668,0.2708333333333333,0.7866342128291856
HHN-MAN-01,2025-09-24,24,17.104166666666668,20.421875,0.0,0.7851174975198413
HHN-MAN-01,2025-09-25,24,17.708333333333332,20.416666666666668,0.0,0.8251472594246031
HHN-MAN-01,2025-09-26,24,17.848958333333332,20.463541666666668,0.0,0.846331716954023
HHN-MAN-01,2025-09-27,24,16.734375,20.322916666666668,0.0,0.7726463028116558
HHN-MAN-01,2025-09-28,24,16.578125,20.375,0.0,0.7645554315476191
HHN-MAN-01,2025-09-29,24,16.40625,20.4375,0.0,0.766913082437276
HHN-MAN-01,2025-09-30,24,15.6875,20.364583333333332,0.0,0.7277763610204387
HHN-MAN-01,2025-10-01,24,15.869791666666666,20.40625,0.0,0.7341110455471064
HHN-MAN-01,2025-10-02,24,15.411458333333334,20.416666666666668,0.0,0.6954607740690927
HHN-MAN-01,2025-10-03,24,15.661458333333334,20.442708333333332,0.0,0.7272977758455329
HHN-MAN-01,2025-10-04,24,15.421875,20.208333333333332,0.0,0.7250156893943759
HHN-MAN-01,2025-10-05,24,13.692708333333334,20.333333333333332,0.0,0.6380941338983818
HHN-MAN-01,2025-10-06,24,14.015625,20.458333333333332,0.0,0.6685546702575172
HHN-MAN-01,2025-10-07,24,15.104166666666666,20.375,0.0,0.7173241354153518
HHN-MAN-01,2025-10-08,24,16.354166666666668,20.390625,0.0,0.7464896431037538
HHN-MAN-01,2025-10-09,24,16.34375,20.4375,0.0,0.7527273140217816
HHN-MAN-01,2025-10-10,24,16.166666666666668,20.484375,0.0,0.7447854662698412
HHN-MAN-01,2025-10-11,24,15.71875,20.354166666666668,0.0,0.7414905804959661
HHN-MAN-01,2025-10-12,24,15.052083333333334,20.380208333333332,0.0,0.702751049324308
HHN-MAN-01,2025-10-13,24,15.322916666666666,20.401041666666668,0.1875,0.7250175619935328
HHN-MAN-01,2025-10-14,24,15.578125,20.421875,0.5,0.7249560261330409
HHN-MAN-01,2025-10-15,24,17.098958333333332,20.390625,0.5,0.7928154104379842
HHN-MAN-01,2025-10-16,24,17.59375,20.401041666666668,0.5,0.7975590560602895
HHN-MAN-01,2025-10-17,24,17.4375,20.416666666666668,0.5,0.7811837957629288
HHN-MAN-01,2025-10-18,24,15.635416666666666,20.380208333333332,0.25,0.7129292511562846
HHN-MAN-01,2025-10-19,24,14.260416666666666,20.328125,0.0,0.6729373737390457
HHN-MAN-01,2025-10-20,24,14.911458333333334,20.401041666666668,0.0,0.712777542982494
HHN-MAN-01,2025-10-21,24,16.635416666666668,20.411458333333332,0.0,0.7976270428675857
HHN-MAN-01,2025-10-22,24,15.984375,20.369791666666668,0.0,0.7647546016305422
HHN-MAN-01,2025-10-23,24,15.854166666666666,20.432291666666668,0.0,0.745335833072264
HHN-MAN-01,2025-10-24,24,15.729166666666666,20.411458333333332,0.0,0.7082965116785017
HHN-MAN-01,2025-10-25,24,14.171875,20.333333333333332,0.0,0.6477908390484818
HHN-MAN-01,2025-10-26,24,13.8125,20.375,0.0,0.6400811774760602
HHN-MAN-01,2025-10-27,24,14.427083333333334,20.46875,0.0,0.6746806795634921
HHN-MAN-01,2025-10-28,24,15.463541666666666,20.416666666666668,0.0,0.7148392120284104
HHN-MAN-01,2025-10-29,24,16.255208333333332,20.364583333333332,0.0,0.7611152085086778
HHN-MAN-01,2025-10-30,24,17.25,20.432291666666668,0.0,0.7729357845568784
HHN-MAN-01,2025-10-31,24,16.630208333333332,20.369791666666668,0.0,0.7511997767857143
HHN-MAN-01,2025-11-01,24,16.239583333333332,20.291666666666668,0.0,0.7426873210222582
HHN-MAN-01,2025-11-02,24,16.598958333333332,20.416666666666668,0.0,0.7619473383138625
HHN-MAN-01,2025-11-03,24,17.572916666666668,20.411458333333332,0.0,0.8153234824270132
HHN-MAN-01,2025-11-04,24,18.635416666666668,20.427083333333332,0.0,0.8447606646825396
HHN-MAN-01,2025-11-05,24,18.947916666666668,20.375,0.0,0.8593929954045795
HHN-MAN-01,2025-11-06,24,18.229166666666668,20.453125,0.0,0.8431297103014592
HHN-MAN-01,2025-11-07,24,18.494791666666668,20.416666666666668,0.0,0.832203257560208
HHN-MAN-01,2025-11-08,24,18.432291666666668,20.333333333333332,0.0,0.8372550843253969
HHN-MAN-01,2025-11-09,24,17.546875,20.359375,0.0,0.8037836816293086
HHN-MAN-01,2025-11-10,24,16.270833333333332,20.411458333333332,0.0,0.7537532129329004
HHN-MAN-01,2025-11-11,24,16.567708333333332,20.375,0.0,0.7589506016786328
HHN-MAN-01,2025-11-12,24,17.666666666666668,20.416666666666668,0.0,0.8064498169072752
HHN-MAN-01,2025-11-13,24,17.317708333333332,20.385416666666668,0.0,0.7922561054888231
HHN-MAN-01,2025-11-14,24,17.052083333333332,20.364583333333332,0.0,0.7954874108430904
HHN-MAN-01,2025-11-15,24,16.328125,20.354166666666668,0.0,0.759456232526127
HHN-MAN-01,2025-11-16,24,14.901041666666666,20.260416666666668,0.0,0.7141443167305236
HHN-MAN-01,2025-11-17,24,16.197916666666668,20.442708333333332,0.0,0.7732766443963168
HHN-MAN-01,2025-11-18,24,16.489583333333332,20.421875,0.0,0.763564781464045
HHN-MAN-01,2025-11-19,24,17.34375,20.385416666666668,0.0,0.7961451032866104
HHN-MAN-01,2025-11-20,24,18.817708333333332,20.395833333333332,0.0,0.8555061971334587
HHN-MAN-01,2025-11-21,24,18.630208333333332,20.416666666666668,0.0,0.8674138144841269
HHN-MAN-01,2025-11-22,24,17.53125,20.3125,0.0,0.7806991110919942
HHN-MAN-01,2025-11-23,24,16.479166666666668,20.317708333333332,0.0,0.7263490678511914
HHN-MAN-01,2025-11-24,24,15.697916666666666,20.447916666666668,0.1875,0.7200164310515874
HHN-MAN-01,2025-11-25,24,15.614583333333334,20.427083333333332,0.4583333333333333,0.7211978024085384
HHN-MAN-01,2025-11-26,24,15.760416666666666,20.375,0.0,0.7573694567027003
HHN-MAN-01,2025-11-27,24,16.3125,20.411458333333332,0.0,0.743727298547107
HHN-MAN-01,2025-11-28,24,15.78125,20.380208333333332,0.0,0.7214329914765719
HHN-MAN-01,2025-11-29,24,15.0625,20.3125,0.0,0.7086085183750974
HHN-MAN-01,2025-11-30,24,15.984375,20.307291666666668,0.0,0.7442597251113231
HHN-MAN-01,2025-12-01,24,17.677083333333332,20.317708333333332,0.0,0.807883561379497
HHN-MAN-01,2025-12-02,24,17.432291666666668,20.25,0.0,0.8201460200799179
HHN-MAN-01,2025-12-03,24,18.171875,20.265625,0.0,0.8220404948021937
HHN-MAN-01,2025-12-04,24,18.630208333333332,20.395833333333332,0.0,0.8505527853782642
HHN-MAN-01,2025-12-05,24,18.354166666666668,20.28125,0.0,0.8370112627922041
HHN-MAN-01,2025-12-06,24,17.505208333333332,20.229166666666668,0.0,0.8218411650759442
HHN-MAN-01,2025-12-07,24,17.005208333333332,20.234375,0.0,0.7974376860119047
HHN-MAN-01,2025-12-08,24,16.78125,20.354166666666668,0.0,0.8038683225351609
HHN-MAN-01,2025-12-09,24,16.854166666666668,20.317708333333332,0.0,0.7971640667761357
HHN-MAN-01,2025-12-10,24,17.088541666666668,20.322916666666668,0.0,0.8068326845522721
HHN-MAN-01,2025-12-11,24,18.401041666666668,20.34375,0.0,0.85033692156298
HHN-MAN-01,2025-12-12,24,19.515625,20.25,0.0,0.9028057795698925
HHN-MAN-01,2025-12-13,24,19.208333333333332,20.213541666666668,0.0,0.8458383336533538
HHN-MAN-01,2025-12-14,24,18.109375,20.302083333333332,0.0,0.8091287330894925
HHN-MAN-01,2025-12-15,24,16.619791666666668,20.291666666666668,0.0,0.739522826012589
HHN-MAN-01,2025-12-16,24,16.5625,20.380208333333332,0.0,0.7492988384589947
HHN-MAN-01,2025-12-17,24,16.859375,20.369791666666668,0.0,0.7526894001917878
HHN-MAN-01,2025-12-18,24,15.484375,20.375,0.0,0.6595788056932922
HHN-MAN-01,2025-12-19,24,14.8125,20.255208333333332,0.0,0.6481155069786535
HHN-MAN-01,2025-12-20,24,15.286458333333334,20.234375,0.0,0.6969986722828422
HHN-MAN-01,2025-12-21,24,15.713541666666666,20.171875,0.0,0.7220708113825033
HHN-MAN-01,2025-12-22,24,15.661458333333334,20.4375,0.0,0.7249417041638034
HHN-MAN-01,2025-12-23,24,15.390625,20.380208333333332,0.0,0.7273466033310391
HHN-MAN-01,2025-12-24,24,16.65625,20.3125,0.0,0.767811258795336
HHN-MAN-01,2025-12-25,24,16.885416666666668,20.317708333333332,0.0,0.7775714217931576
HHN-MAN-01,2025-12-26,24,15.927083333333334,20.296875,0.0,0.7373232953472489
HHN-MAN-01,2025-12-27,24,16.505208333333332,20.364583333333332,0.0,0.788101933079071
HHN-MAN-01,2025-12-28,24,15.947916666666666,20.291666666666668,0.0,0.7617248116099636
HHN-MAN-01,2025-12-29,24,16.291666666666668,20.286458333333332,0.0,0.7620658222126216
HHN-MAN-01,2025-12-30,24,16.786458333333332,20.322916666666668,0.0,0.790119867671531
HHN-MAN-01,2025-12-31,24,16.307291666666668,20.34375,0.0,0.7796427123509817
