hospital_id,date,arrivals,avg_time_to_admission,bed_requests
HHN-BIR-01,2024-01-01,80,30.55,22
HHN-BIR-01,2024-01-02,83,43.83132530120482,31
HHN-BIR-01,2024-01-03,72,49.94444444444444,28
HHN-BIR-01,2024-01-04,95,58.43157894736842,29
HHN-BIR-01,2024-01-05,80,56.0,26
HHN-BIR-01,2024-01-06,98,72.89795918367346,39
HHN-BIR-01,2024-01-07,69,38.608695652173914,18
HHN-BIR-01,2024-01-08,119,45.294117647058826,36
HHN-BIR-01,2024-01-09,80,40.1875,21
HHN-BIR-01,2024-01-10,92,37.641304347826086,22
HHN-BIR-01,2024-01-11,82,45.46341463414634,23
HHN-BIR-01,2024-01-12,114,43.175438596491226,33
HHN-BIR-01,2024-01-13,72,41.111111111111114,18
HHN-BIR-01,2024-01-14,111,77.01801801801801,45
HHN-BIR-01,2024-01-15,88,45.48863636363637,25
HHN-BIR-01,2024-01-16,97,50.95876288659794,30
HHN-BIR-01,2024-01-17,128,42.21875,35
HHN-BIR-01,2024-01-18,121,57.68595041322314,42
HHN-BIR-01,2024-01-19,72,61.22222222222222,25
HHN-BIR-01,2024-01-20,101,54.148514851485146,27
HHN-BIR-01,2024-01-21,122,65.30327868852459,48
HHN-BIR-01,2024-01-22,97,45.54639175257732,28
HHN-BIR-01,2024-01-23,107,52.55140186915888,36
HHN-BIR-01,2024-01-24,101,28.544554455445546,22
HHN-BIR-01,2024-01-25,98,41.326530612244895,23
HHN-BIR-01,2024-01-26,62,66.03225806451613,21
HHN-BIR-01,2024-01-27,87,42.94252873563219,25
HHN-BIR-01,2024-01-28,97,52.72164948453608,34
HHN-BIR-01,2024-01-29,84,39.833333333333336,24
HHN-BIR-01,2024-01-30,141,47.702127659574465,47
HHN-BIR-01,2024-01-31,137,35.722627737226276,33
HHN-BIR-01,2024-02-01,55,55.2,20
HHN-BIR-01,2024-02-02,88,44.60227272727273,25
HHN-BIR-01,2024-02-03,164,52.6890243902439,55
HHN-BIR-01,2024-02-04,94,43.9468085106383,29
HHN-BIR-01,2024-02-05,86,33.69767441860465,19
HHN-BIR-01,2024-02-06,59,45.49152542372882,19
HHN-BIR-01,2024-02-07,104,42.75,31
HHN-BIR-01,2024-02-08,116,49.12931034482759,38
HHN-BIR-01,2024-02-09,70,59.714285714285715,25
HHN-BIR-01,2024-02-10,167,50.34730538922156,50
HHN-BIR-01,2024-02-11,114,53.14912280701754,40
HHN-BIR-01,2024-02-12,99,39.06060606060606,28
HHN-BIR-01,2024-02-13,97,38.29896907216495,28
HHN-BIR-01,2024-02-14,134,45.201492537313435,39
HHN-BIR-01,2024-02-15,141,48.340425531914896,45
HHN-BIR-01,2024-02-16,71,60.971830985915496,23
HHN-BIR-01,2024-02-17,124,41.91129032258065,36
HHN-BIR-01,2024-02-18,128,43.34375,38
HHN-BIR-01,2024-02-19,84,28.714285714285715,16
HHN-BIR-01,2024-02-20,117,57.324786324786324,42
HHN-BIR-01,2024-02-21,109,42.95412844036697,32
HHN-BIR-01,2024-02-22,68,45.23529411764706,20
HHN-BIR-01,2024-02-23,81,61.51851851851852,26
HHN-BIR-01,2024-02-24,51,76.90196078431373,19
HHN-BIR-01,2024-02-25,96,58.145833333333336,29
HHN-BIR-01,2024-02-26,89,44.71910112359551,25
HHN-BIR-01,2024-02-27,81,49.95061728395062,25
HHN-BIR-01,2024-02-28,128,53.4296875,44
HHN-BIR-01,2024-02-29,139,41.56115107913669,41
HHN-BIR-01,2024-03-01,79,56.45569620253165,25
HHN-BIR-01,2024-03-02,87,47.39080459770115,28
HHN-BIR-01,2024-03-03,47,37.38297872340426,12
HHN-BIR-01,2024-03-04,63,56.904761904761905,18
HHN-BIR-01,2024-03-05,44,39.13636363636363,11
HHN-BIR-01,2024-03-06,162,45.68518518518518,49
HHN-BIR-01,2024-03-07,78,55.35897435897436,21
HHN-BIR-01,2024-03-08,99,54.18181818181818,31
HHN-BIR-01,2024-03-09,41,64.41463414634147,15
HHN-BIR-01,2024-03-10,86,46.04651162790697,27
HHN-BIR-01,2024-03-11,115,41.69565217391305,34
HHN-BIR-01,2024-03-12,85,46.90588235294118,27
HHN-BIR-01,2024-03-13,87,49.7816091954023,27
HHN-BIR-01,2024-03-14,75,35.89333333333333,22
HHN-BIR-01,2024-03-15,77,48.8051948051948,23
HHN-BIR-01,2024-03-16,149,47.41610738255034,37
HHN-BIR-01,2024-03-17,89,42.01123595505618,24
HHN-BIR-01,2024-03-18,36,40.22222222222222,12
HHN-BIR-01,2024-03-19,56,47.30357142857143,16
HHN-BIR-01,2024-03-20,93,50.32258064516129,28
HHN-BIR-01,2024-03-21,131,56.30534351145038,45
HHN-BIR-01,2024-03-22,69,30.81159420289855,15
HHN-BIR-01,2024-03-23,125,46.184,34
HHN-BIR-01,2024-03-24,86,45.83720930232558,24
HHN-BIR-01,2024-03-25,87,44.45977011494253,24
HHN-BIR-01,2024-03-26,77,70.14285714285714,32
HHN-BIR-01,2024-03-27,78,39.217948717948715,20
HHN-BIR-01,2024-03-28,124,46.983870967741936,41
HHN-BIR-01,2024-03-29,51,44.94117647058823,13
HHN-BIR-01,2024-03-30,77,26.428571428571427,16
HHN-BIR-01,2024-03-31,101,50.306930693069305,31
HHN-BIR-01,2024-04-01,128,44.125,35
HHN-BIR-01,2024-04-02,91,52.84615384615385,27
HHN-BIR-01,2024-04-03,53,37.56603773584906,14
HHN-BIR-01,2024-04-04,83,42.506024096385545,22
HHN-BIR-01,2024-04-05,84,71.69047619047619,39
HHN-BIR-01,2024-04-06,159,43.57232704402516,49
HHN-BIR-01,2024-04-07,92,33.83695652173913,21
HHN-BIR-01,2024-04-08,94,68.24468085106383,40
HHN-BIR-01,2024-04-09,70,54.01428571428571,22
HHN-BIR-01,2024-04-10,51,42.03921568627451,14
HHN-BIR-01,2024-04-11,54,37.7962962962963,13
HHN-BIR-01,2024-04-12,98,60.94897959183673,31
HHN-BIR-01,2024-04-13,78,35.06410256410256,21
HHN-BIR-01,2024-04-14,52,34.78846153846154,13
HHN-BIR-01,2024-04-15,80,56.95,29
HHN-BIR-01,2024-04-16,58,33.172413793103445,11
HHN-BIR-01,2024-04-17,83,38.34939759036145,18
HHN-BIR-01,2024-04-18,86,50.25581395348837,27
HHN-BIR-01,2024-04-19,102,37.76470588235294,27
HHN-BIR-01,2024-04-20,61,34.295081967213115,15
HHN-BIR-01,2024-04-21,58,42.775862068965516,16
HHN-BIR-01,2024-04-22,83,42.13253012048193,22
HHN-BIR-01,2024-04-23,54,46.72222222222222,18
HHN-BIR-01,2024-04-24,104,42.63461538461539,25
HHN-BIR-01,2024-04-25,75,47.12,25
HHN-BIR-01,2024-04-26,62,87.53225806451613,29
HHN-BIR-01,2024-04-27,136,41.38235294117647,37
HHN-BIR-01,2024-04-28,72,55.80555555555556,22
HHN-BIR-01,2024-04-29,118,56.347457627118644,39
HHN-BIR-01,2024-04-30,86,50.848837209302324,29
HHN-BIR-01,2024-05-01,72,41.111111111111114,21
HHN-BIR-01,2024-05-02,73,56.397260273972606,28
HHN-BIR-01,2024-05-03,76,42.43421052631579,20
HHN-BIR-01,2024-05-04,66,30.954545454545453,19
HHN-BIR-01,2024-05-05,69,64.30434782608695,29
HHN-BIR-01,2024-05-06,120,56.19166666666667,38
HHN-BIR-01,2024-05-07,76,46.44736842105263,25
HHN-BIR-01,2024-05-08,67,57.37313432835821,23
HHN-BIR-01,2024-05-09,62,49.0,18
HHN-BIR-01,2024-05-10,62,62.61290322580645,21
HHN-BIR-01,2024-05-11,73,33.47945205479452,18
HHN-BIR-01,2024-05-12,45,46.333333333333336,12
HHN-BIR-01,2024-05-13,87,49.229885057471265,26
HHN-BIR-01,2024-05-14,51,73.09803921568627,21
HHN-BIR-01,2024-05-15,70,53.8,20
HHN-BIR-01,2024-05-16,69,35.94202898550725,19
HHN-BIR-01,2024-05-17,118,39.75423728813559,31
HHN-BIR-01,2024-05-18,96,50.239583333333336,28
HHN-BIR-01,2024-05-19,61,20.65573770491803,11
HHN-BIR-01,2024-05-20,49,48.61224489795919,13
HHN-BIR-01,2024-05-21,78,67.62820512820512,31
HHN-BIR-01,2024-05-22,74,33.5,17
HHN-BIR-01,2024-05-23,74,35.513513513513516,15
HHN-BIR-01,2024-05-24,70,38.22857142857143,21
HHN-BIR-01,2024-05-25,95,61.6,38
HHN-BIR-01,2024-05-26,81,48.666666666666664,25
HHN-BIR-01,2024-05-27,76,31.486842105263158,18
HHN-BIR-01,2024-05-28,67,57.28358208955224,24
HHN-BIR-01,2024-05-29,64,40.84375,20
HHN-BIR-01,2024-05-30,72,49.56944444444444,25
HHN-BIR-01,2024-05-31,68,62.794117647058826,23
HHN-BIR-01,2024-06-01,71,54.87323943661972,22
HHN-BIR-01,2024-06-02,81,34.32098765432099,22
HHN-BIR-01,2024-06-03,73,45.082191780821915,22
HHN-BIR-01,2024-06-04,68,51.51470588235294,20
HHN-BIR-01,2024-06-05,69,32.608695652173914,16
HHN-BIR-01,2024-06-06,64,49.59375,19
HHN-BIR-01,2024-06-07,73,43.58904109589041,23
HHN-BIR-01,2024-06-08,89,60.21348314606742,29
HHN-BIR-01,2024-06-09,63,70.46031746031746,27
HHN-BIR-01,2024-06-10,79,59.164556962025316,31
HHN-BIR-01,2024-06-11,110,52.1,38
HHN-BIR-01,2024-06-12,82,60.292682926829265,29
HHN-BIR-01,2024-06-13,66,52.57575757575758,23
HHN-BIR-01,2024-06-14,93,40.956989247311824,30
HHN-BIR-01,2024-06-15,41,55.97560975609756,15
HHN-BIR-01,2024-06-16,74,55.310810810810814,22
HHN-BIR-01,2024-06-17,87,20.06896551724138,13
HHN-BIR-01,2024-06-18,68,43.60294117647059,13
HHN-BIR-01,2024-06-19,42,53.476190476190474,13
HHN-BIR-01,2024-06-20,61,49.032786885245905,18
HHN-BIR-01,2024-06-21,57,67.56140350877193,19
HHN-BIR-01,2024-06-22,77,41.23376623376623,23
HHN-BIR-01,2024-06-23,56,44.642857142857146,16
HHN-BIR-01,2024-06-24,76,43.10526315789474,21
HHN-BIR-01,2024-06-25,58,34.327586206896555,15
HHN-BIR-01,2024-06-26,81,32.01234567901235,19
HHN-BIR-01,2024-06-27,67,68.46268656716418,29
HHN-BIR-01,2024-06-28,72,59.638888888888886,24
HHN-BIR-01,2024-06-29,123,57.016260162601625,44
HHN-BIR-01,2024-06-30,52,56.30769230769231,12
HHN-BIR-01,2024-07-01,69,53.0,23
HHN-BIR-01,2024-07-02,64,66.59375,22
HHN-BIR-01,2024-07-03,53,59.509433962264154,17
HHN-BIR-01,2024-07-04,40,37.8,9
HHN-BIR-01,2024-07-05,38,42.05263157894737,12
HHN-BIR-01,2024-07-06,86,67.94186046511628,34
HHN-BIR-01,2024-07-07,50,32.54,12
HHN-BIR-01,2024-07-08,77,33.79220779220779,20
HHN-BIR-01,2024-07-09,44,58.18181818181818,15
HHN-BIR-01,2024-07-10,35,56.6,12
HHN-BIR-01,2024-07-11,36,40.361111111111114,9
HHN-BIR-01,2024-07-12,38,66.89473684210526,16
HHN-BIR-01,2024-07-13,69,33.971014492753625,16
HHN-BIR-01,2024-07-14,56,27.125,10
HHN-BIR-01,2024-07-15,71,40.33802816901409,19
HHN-BIR-01,2024-07-16,54,52.31481481481482,20
HHN-BIR-01,2024-07-17,54,17.11111111111111,7
HHN-BIR-01,2024-07-18,49,42.42857142857143,14
HHN-BIR-01,2024-07-19,43,39.74418604651163,10
HHN-BIR-01,2024-07-20,71,44.901408450704224,19
HHN-BIR-01,2024-07-21,69,43.6231884057971,21
HHN-BIR-01,2024-07-22,117,50.82905982905983,35
HHN-BIR-01,2024-07-23,63,54.888888888888886,20
HHN-BIR-01,2024-07-24,63,56.317460317460316,23
HHN-BIR-01,2024-07-25,59,42.13559322033898,19
HHN-BIR-01,2024-07-26,58,52.62068965517241,20
HHN-BIR-01,2024-07-27,77,45.688311688311686,26
HHN-BIR-01,2024-07-28,60,49.56666666666667,18
HHN-BIR-01,2024-07-29,104,46.22115384615385,28
HHN-BIR-01,2024-07-30,53,44.18867924528302,15
HHN-BIR-01,2024-07-31,48,64.91666666666667,19
HHN-BIR-01,2024-08-01,41,43.146341463414636,12
HHN-BIR-01,2024-08-02,47,59.48936170212766,18
HHN-BIR-01,2024-08-03,52,46.98076923076923,17
HHN-BIR-01,2024-08-04,60,56.15,20
HHN-BIR-01,2024-08-05,54,43.129629629629626,15
HHN-BIR-01,2024-08-06,62,50.58064516129032,19
HHN-BIR-01,2024-08-07,84,43.25,23
HHN-BIR-01,2024-08-08,41,29.4390243902439,8
HHN-BIR-01,2024-08-09,73,65.04109589041096,28
HHN-BIR-01,2024-08-10,55,57.92727272727273,19
HHN-BIR-01,2024-08-11,76,47.98684210526316,28
HHN-BIR-01,2024-08-12,52,65.9423076923077,21
HHN-BIR-01,2024-08-13,48,47.270833333333336,15
HHN-BIR-01,2024-08-14,64,44.546875,18
HHN-BIR-01,2024-08-15,55,39.345454545454544,13
HHN-BIR-01,2024-08-16,48,41.895833333333336,16
HHN-BIR-01,2024-08-17,50,66.2,17
HHN-BIR-01,2024-08-18,73,51.397260273972606,21
HHN-BIR-01,2024-08-19,55,30.636363636363637,12
HHN-BIR-01,2024-08-20,48,63.270833333333336,16
HHN-BIR-01,2024-08-21,26,33.30769230769231,5
HHN-BIR-01,2024-08-22,48,42.208333333333336,11
HHN-BIR-01,2024-08-23,99,48.09090909090909,34
HHN-BIR-01,2024-08-24,31,14.387096774193548,6
HHN-BIR-01,2024-08-25,74,52.41891891891892,23
HHN-BIR-01,2024-08-26,63,62.34920634920635,25
HHN-BIR-01,2024-08-27,68,60.0735294117647,20
HHN-BIR-01,2024-08-28,78,58.23076923076923,31
HHN-BIR-01,2024-08-29,73,35.42465753424658,21
HHN-BIR-01,2024-08-30,72,41.513888888888886,17
HHN-BIR-01,2024-08-31,71,57.33802816901409,20
HHN-BIR-01,2024-09-01,65,56.261538461538464,23
HHN-BIR-01,2024-09-02,97,44.845360824742265,25
HHN-BIR-01,2024-09-03,44,52.09090909090909,16
HHN-BIR-01,2024-09-04,100,50.54,32
HHN-BIR-01,2024-09-05,59,55.66101694915254,18
HHN-BIR-01,2024-09-06,66,38.13636363636363,16
HHN-BIR-01,2024-09-07,87,46.160919540229884,28
HHN-BIR-01,2024-09-08,33,62.696969696969695,12
HHN-BIR-01,2024-09-09,73,50.78082191780822,24
HHN-BIR-01,2024-09-10,61,40.81967213114754,13
HHN-BIR-01,2024-09-11,64,53.90625,15
HHN-BIR-01,2024-09-12,56,37.285714285714285,15
HHN-BIR-01,2024-09-13,93,51.913978494623656,32
HHN-BIR-01,2024-09-14,69,60.26086956521739,21
HHN-BIR-01,2024-09-15,95,36.21052631578947,23
HHN-BIR-01,2024-09-16,137,50.5985401459854,37
HHN-BIR-01,2024-09-17,45,51.2,15
HHN-BIR-01,2024-09-18,76,56.776315789473685,31
HHN-BIR-01,2024-09-19,45,44.77777777777778,13
HHN-BIR-01,2024-09-20,52,52.38461538461539,18
HHN-BIR-01,2024-09-21,55,43.29090909090909,17
HHN-BIR-01,2024-09-22,48,50.645833333333336,15
HHN-BIR-01,2024-09-23,75,40.08,20
HHN-BIR-01,2024-09-24,55,36.8,15
HHN-BIR-01,2024-09-25,104,40.78846153846154,31
HHN-BIR-01,2024-09-26,87,25.448275862068964,21
HHN-BIR-01,2024-09-27,50,47.82,16
HHN-BIR-01,2024-09-28,91,58.065934065934066,34
HHN-BIR-01,2024-09-29,98,43.07142857142857,25
HHN-BIR-01,2024-09-30,66,37.333333333333336,18
HHN-BIR-01,2024-10-01,40,29.375,7
HHN-BIR-01,2024-10-02,61,41.81967213114754,16
HHN-BIR-01,2024-10-03,81,42.160493827160494,23
HHN-BIR-01,2024-10-04,74,51.027027027027025,27
HHN-BIR-01,2024-10-05,131,51.50381679389313,43
HHN-BIR-01,2024-10-06,94,50.41489361702128,28
HHN-BIR-01,2024-10-07,87,55.367816091954026,34
HHN-BIR-01,2024-10-08,59,38.016949152542374,16
HHN-BIR-01,2024-10-09,114,44.37719298245614,30
HHN-BIR-01,2024-10-10,51,53.84313725490196,18
HHN-BIR-01,2024-10-11,132,42.59848484848485,38
HHN-BIR-01,2024-10-12,70,39.18571428571428,19
HHN-BIR-01,2024-10-13,62,43.016129032258064,15
HHN-BIR-01,2024-10-14,65,51.0,15
HHN-BIR-01,2024-10-15,64,53.03125,24
HHN-BIR-01,2024-10-16,95,49.17894736842105,28
HHN-BIR-01,2024-10-17,62,46.564516129032256,20
HHN-BIR-01,2024-10-18,73,66.9041095890411,29
HHN-BIR-01,2024-10-19,76,29.223684210526315,19
HHN-BIR-01,2024-10-20,73,43.58904109589041,19
HHN-BIR-01,2024-10-21,64,57.78125,24
HHN-BIR-01,2024-10-22,55,75.85454545454546,22
HHN-BIR-01,2024-10-23,76,41.328947368421055,21
HHN-BIR-01,2024-10-24,128,43.859375,34
HHN-BIR-01,2024-10-25,76,53.14473684210526,22
HHN-BIR-01,2024-10-26,154,60.83766233766234,54
HHN-BIR-01,2024-10-27,73,48.15068493150685,25
HHN-BIR-01,2024-10-28,47,48.93617021276596,15
HHN-BIR-01,2024-10-29,77,56.857142857142854,28
HHN-BIR-01,2024-10-30,57,59.78947368421053,19
HHN-BIR-01,2024-10-31,81,43.333333333333336,20
HHN-BIR-01,2024-11-01,91,43.64835164835165,28
HHN-BIR-01,2024-11-02,53,52.0188679245283,18
HHN-BIR-01,2024-11-03,57,43.50877192982456,15
HHN-BIR-01,2024-11-04,61,39.09836065573771,20
HHN-BIR-01,2024-11-05,107,46.55140186915888,32
HHN-BIR-01,2024-11-06,104,45.75961538461539,35
HHN-BIR-01,2024-11-07,127,34.53543307086614,33
HHN-BIR-01,2024-11-08,109,40.669724770642205,27
HHN-BIR-01,2024-11-09,51,69.11764705882354,18
HHN-BIR-01,2024-11-10,125,55.664,40
HHN-BIR-01,2024-11-11,121,34.05785123966942,31
HHN-BIR-01,2024-11-12,57,32.63157894736842,10
HHN-BIR-01,2024-11-13,50,58.36,19
HHN-BIR-01,2024-11-14,55,43.163636363636364,14
HHN-BIR-01,2024-11-15,75,35.21333333333333,18
HHN-BIR-01,2024-11-16,46,43.02173913043478,12
HHN-BIR-01,2024-11-17,69,55.55072463768116,23
HHN-BIR-01,2024-11-18,103,48.077669902912625,31
HHN-BIR-01,2024-11-19,75,44.413333333333334,21
HHN-BIR-01,2024-11-20,81,71.32098765432099,30
HHN-BIR-01,2024-11-21,66,51.77272727272727,22
HHN-BIR-01,2024-11-22,119,45.7563025210084,36
HHN-BIR-01,2024-11-23,62,37.306451612903224,14
HHN-BIR-01,2024-11-24,82,38.25609756097561,23
HHN-BIR-01,2024-11-25,74,53.0,25
HHN-BIR-01,2024-11-26,80,29.3125,15
HHN-BIR-01,2024-11-27,90,34.53333333333333,24
HHN-BIR-01,2024-11-28,86,53.69767441860465,30
HHN-BIR-01,2024-11-29,84,47.32142857142857,25
HHN-BIR-01,2024-11-30,126,49.801587301587304,39
HHN-BIR-01,2024-12-01,97,46.8041237113402,27
HHN-BIR-01,2024-12-02,99,47.96969696969697,30
HHN-BIR-01,2024-12-03,100,39.62,27
HHN-BIR-01,2024-12-04,96,37.052083333333336,25
HHN-BIR-01,2024-12-05,59,68.84745762711864,22
HHN-BIR-01,2024-12-06,134,59.850746268656714,52
HHN-BIR-01,2024-12-07,114,46.39473684210526,36
HHN-BIR-01,2024-12-08,102,41.31372549019608,27
HHN-BIR-01,2024-12-09,94,54.6063829787234,29
HHN-BIR-01,2024-12-10,86,39.348837209302324,29
HHN-BIR-01,2024-12-11,91,57.79120879120879,31
HHN-BIR-01,2024-12-12,144,47.93055555555556,49
HHN-BIR-01,2024-12-13,124,42.5,38
HHN-BIR-01,2024-12-14,91,46.51648351648352,26
HHN-BIR-01,2024-12-15,121,56.14876033057851,41
HHN-BIR-01,2024-12-16,114,30.00877192982456,26
HHN-BIR-01,2024-12-17,146,42.636986301369866,43
HHN-BIR-01,2024-12-18,68,38.19117647058823,19
HHN-BIR-01,2024-12-19,89,57.53932584269663,30
HHN-BIR-01,2024-12-20,79,55.0126582278481,25
HHN-BIR-01,2024-12-21,126,43.70634920634921,39
HHN-BIR-01,2024-12-22,103,48.33009708737864,33
HHN-BIR-01,2024-12-23,82,39.23170731707317,21
HHN-BIR-01,2024-12-24,64,53.421875,17
HHN-BIR-01,2024-12-25,115,54.14782608695652,33
HHN-BIR-01,2024-12-26,91,44.53846153846154,23
HHN-BIR-01,2024-12-27,78,50.43589743589744,21
HHN-BIR-01,2024-12-28,117,52.61538461538461,37
HHN-BIR-01,2024-12-29,119,46.7563025210084,33
HHN-BIR-01,2024-12-30,127,50.55905511811024,40
HHN-BIR-01,2024-12-31,129,53.04651162790697,41
HHN-BIR-01,2025-01-01,63,41.492063492063494,19
HHN-BIR-01,2025-01-02,99,34.82828282828283,25
HHN-BIR-01,2025-01-03,93,52.70967741935484,35
HHN-BIR-01,2025-01-04,76,70.85526315789474,30
HHN-BIR-01,2025-01-05,133,54.11278195488722,45
HHN-BIR-01,2025-01-06,222,44.21621621621622,63
HHN-BIR-01,2025-01-07,113,37.39823008849557,35
HHN-BIR-01,2025-01-08,62,42.08064516129032,16
HHN-BIR-01,2025-01-09,66,34.09090909090909,15
HHN-BIR-01,2025-01-10,70,34.142857142857146,13
HHN-BIR-01,2025-01-11,152,54.151315789473685,54
HHN-BIR-01,2025-01-12,132,33.666666666666664,28
HHN-BIR-01,2025-01-13,143,41.95804195804196,39
HHN-BIR-01,2025-01-14,91,56.142857142857146,33
HHN-BIR-01,2025-01-15,45,35.15555555555556,12
HHN-BIR-01,2025-01-16,69,52.08695652173913,22
HHN-BIR-01,2025-01-17,66,41.54545454545455,18
HHN-BIR-01,2025-01-18,92,59.44565217391305,36
HHN-BIR-01,2025-01-19,123,44.34146341463415,35
HHN-BIR-01,2025-01-20,159,37.522012578616355,40
HHN-BIR-01,2025-01-21,50,48.02,17
HHN-BIR-01,2025-01-22,132,43.52272727272727,36
HHN-BIR-01,2025-01-23,109,42.981651376146786,29
HHN-BIR-01,2025-01-24,83,48.63855421686747,30
HHN-BIR-01,2025-01-25,135,61.162962962962965,50
HHN-BIR-01,2025-01-26,120,55.94166666666667,39
HHN-BIR-01,2025-01-27,96,63.302083333333336,33
HHN-BIR-01,2025-01-28,122,41.450819672131146,29
HHN-BIR-01,2025-01-29,78,64.7948717948718,27
HHN-BIR-01,2025-01-30,108,36.46296296296296,27
HHN-BIR-01,2025-01-31,95,59.357894736842105,33
HHN-BIR-01,2025-02-01,88,51.39772727272727,29
HHN-BIR-01,2025-02-02,81,49.24691358024691,24
HHN-BIR-01,2025-02-03,62,53.016129032258064,19
HHN-BIR-01,2025-02-04,87,49.01149425287356,29
HHN-BIR-01,2025-02-05,94,59.191489361702125,31
HHN-BIR-01,2025-02-06,75,47.413333333333334,23
HHN-BIR-01,2025-02-07,79,39.9873417721519,20
HHN-BIR-01,2025-02-08,153,54.65359477124183,51
HHN-BIR-01,2025-02-09,139,64.4820143884892,55
HHN-BIR-01,2025-02-10,139,39.007194244604314,36
HHN-BIR-01,2025-02-11,111,58.909909909909906,35
HHN-BIR-01,2025-02-12,90,42.333333333333336,27
HHN-BIR-01,2025-02-13,125,54.472,46
HHN-BIR-01,2025-02-14,89,56.89887640449438,32
HHN-BIR-01,2025-02-15,105,56.40952380952381,34
HHN-BIR-01,2025-02-16,88,47.03409090909091,28
HHN-BIR-01,2025-02-17,128,57.90625,47
HHN-BIR-01,2025-02-18,97,35.22680412371134,24
HHN-BIR-01,2025-02-19,117,53.38461538461539,42
HHN-BIR-01,2025-02-20,104,53.77884615384615,34
HHN-BIR-01,2025-02-21,116,59.025862068965516,35
HHN-BIR-01,2025-02-22,99,51.26262626262626,29
HHN-BIR-01,2025-02-23,110,53.945454545454545,36
HHN-BIR-01,2025-02-24,90,58.144444444444446,33
HHN-BIR-01,2025-02-25,91,60.20879120879121,31
HHN-BIR-01,2025-02-26,121,34.6198347107438,29
HHN-BIR-01,2025-02-27,112,47.625,30
HHN-BIR-01,2025-02-28,115,61.06956521739131,41
HHN-BIR-01,2025-03-01,89,39.08988764044944,23
HHN-BIR-01,2025-03-02,113,57.61946902654867,41
HHN-BIR-01,2025-03-03,95,22.778947368421054,19
HHN-BIR-01,2025-03-04,97,22.567010309278352,16
HHN-BIR-01,2025-03-05,62,28.516129032258064,15
HHN-BIR-01,2025-03-06,65,37.04615384615385,17
HHN-BIR-01,2025-03-07,77,50.35064935064935,29
HHN-BIR-01,2025-03-08,112,58.464285714285715,32
HHN-BIR-01,2025-03-09,77,42.96103896103896,20
HHN-BIR-01,2025-03-10,106,42.4622641509434,29
HHN-BIR-01,2025-03-11,77,64.40259740259741,28
HHN-BIR-01,2025-03-12,58,51.5,18
HHN-BIR-01,2025-03-13,85,42.23529411764706,24
HHN-BIR-01,2025-03-14,62,31.43548387096774,12
HHN-BIR-01,2025-03-15,60,51.233333333333334,21
HHN-BIR-01,2025-03-16,70,43.785714285714285,20
HHN-BIR-01,2025-03-17,45,18.155555555555555,10
HHN-BIR-01,2025-03-18,107,63.345794392523366,38
HHN-BIR-01,2025-03-19,79,56.0126582278481,24
HHN-BIR-01,2025-03-20,116,60.6551724137931,41
HHN-BIR-01,2025-03-21,61,56.540983606557376,16
HHN-BIR-01,2025-03-22,99,41.82828282828283,27
HHN-BIR-01,2025-03-23,69,34.0,18
HHN-BIR-01,2025-03-24,120,43.333333333333336,35
HHN-BIR-01,2025-03-25,118,31.889830508474578,28
HHN-BIR-01,2025-03-26,88,42.02272727272727,22
HHN-BIR-01,2025-03-27,69,44.666666666666664,19
HHN-BIR-01,2025-03-28,62,69.74193548387096,26
HHN-BIR-01,2025-03-29,118,48.720338983050844,39
HHN-BIR-01,2025-03-30,74,55.432432432432435,25
HHN-BIR-01,2025-03-31,68,43.01470588235294,18
HHN-BIR-01,2025-04-01,70,55.98571428571429,26
HHN-BIR-01,2025-04-02,77,67.92207792207792,27
HHN-BIR-01,2025-04-03,76,31.57894736842105,14
HHN-BIR-01,2025-04-04,80,38.975,22
HHN-BIR-01,2025-04-05,97,40.4639175257732,27
HHN-BIR-01,2025-04-06,56,74.83928571428571,28
HHN-BIR-01,2025-04-07,107,56.39252336448598,38
HHN-BIR-01,2025-04-08,64,43.109375,20
HHN-BIR-01,2025-04-09,91,48.8021978021978,29
HHN-BIR-01,2025-04-10,68,43.48529411764706,16
HHN-BIR-01,2025-04-11,65,43.276923076923076,17
HHN-BIR-01,2025-04-12,64,55.390625,24
HHN-BIR-01,2025-04-13,72,31.22222222222222,17
HHN-BIR-01,2025-04-14,76,29.539473684210527,16
HHN-BIR-01,2025-04-15,86,47.55813953488372,25
HHN-BIR-01,2025-04-16,116,47.60344827586207,34
HHN-BIR-01,2025-04-17,43,33.23255813953488,10
HHN-BIR-01,2025-04-18,79,50.88607594936709,27
HHN-BIR-01,2025-04-19,88,50.59090909090909,30
HHN-BIR-01,2025-04-20,69,44.21739130434783,20
HHN-BIR-01,2025-04-21,97,55.51546391752577,29
HHN-BIR-01,2025-04-22,95,47.252631578947366,26
HHN-BIR-01,2025-04-23,64,55.515625,24
HHN-BIR-01,2025-04-24,57,30.05263157894737,15
HHN-BIR-01,2025-04-25,60,55.35,21
HHN-BIR-01,2025-04-26,93,73.38709677419355,32
HHN-BIR-01,2025-04-27,94,45.819148936170215,26
HHN-BIR-01,2025-04-28,89,60.449438202247194,33
HHN-BIR-01,2025-04-29,48,73.22916666666667,20
HHN-BIR-01,2025-04-30,111,51.77477477477478,33
HHN-BIR-01,2025-05-01,101,32.584158415841586,22
HHN-BIR-01,2025-05-02,80,62.825,30
HHN-BIR-01,2025-05-03,95,46.27368421052632,27
HHN-BIR-01,2025-05-04,75,55.78666666666667,26
HHN-BIR-01,2025-05-05,124,52.54032258064516,38
HHN-BIR-01,2025-05-06,70,63.15714285714286,25
HHN-BIR-01,2025-05-07,60,33.5,15
HHN-BIR-01,2025-05-08,45,39.644444444444446,11
HHN-BIR-01,2025-05-09,71,45.521126760563384,25
HHN-BIR-01,2025-05-10,84,58.845238095238095,28
HHN-BIR-01,2025-05-11,80,43.325,23
HHN-BIR-01,2025-05-12,113,55.35398230088496,43
HHN-BIR-01,2025-05-13,68,36.205882352941174,16
HHN-BIR-01,2025-05-14,69,28.565217391304348,10
HHN-BIR-01,2025-05-15,45,48.333333333333336,12
HHN-BIR-01,2025-05-16,69,48.10144927536232,20
HHN-BIR-01,2025-05-17,67,52.56716417910448,23
HHN-BIR-01,2025-05-18,97,48.123711340206185,31
HHN-BIR-01,2025-05-19,71,57.76056338028169,24
HHN-BIR-01,2025-05-20,66,50.95454545454545,21
HHN-BIR-01,2025-05-21,47,34.297872340425535,10
HHN-BIR-01,2025-05-22,62,69.45161290322581,23
HHN-BIR-01,2025-05-23,51,54.588235294117645,16
HHN-BIR-01,2025-05-24,80,59.2125,27
HHN-BIR-01,2025-05-25,62,57.935483870967744,18
HHN-BIR-01,2025-05-26,64,51.578125,18
HHN-BIR-01,2025-05-27,55,63.836363636363636,21
HHN-BIR-01,2025-05-28,46,49.30434782608695,14
HHN-BIR-01,2025-05-29,75,35.56,16
HHN-BIR-01,2025-05-30,56,51.5,20
HHN-BIR-01,2025-05-31,80,44.275,27
HHN-BIR-01,2025-06-01,47,40.851063829787236,10
HHN-BIR-01,2025-06-02,57,57.14035087719298,20
HHN-BIR-01,2025-06-03,48,51.8125,15
HHN-BIR-01,2025-06-04,42,23.714285714285715,8
HHN-BIR-01,2025-06-05,59,60.91525423728814,23
HHN-BIR-01,2025-06-06,67,31.074626865671643,15
HHN-BIR-01,2025-06-07,60,38.733333333333334,16
HHN-BIR-01,2025-06-08,65,65.53846153846153,25
HHN-BIR-01,2025-06-09,48,57.1875,16
HHN-BIR-01,2025-06-10,52,32.80769230769231,11
HHN-BIR-01,2025-06-11,84,35.86904761904762,17
HHN-BIR-01,2025-06-12,61,64.22950819672131,20
HHN-BIR-01,2025-06-13,69,51.89855072463768,23
HHN-BIR-01,2025-06-14,77,35.05194805194805,20
HHN-BIR-01,2025-06-15,51,46.23529411764706,12
HHN-BIR-01,2025-06-16,63,60.15873015873016,21
HHN-BIR-01,2025-06-17,57,45.85964912280702,19
HHN-BIR-01,2025-06-18,52,44.32692307692308,15
HHN-BIR-01,2025-06-19,89,50.01123595505618,27
HHN-BIR-01,2025-06-20,81,43.06172839506173,22
HHN-BIR-01,2025-06-21,122,44.68852459016394,37
HHN-BIR-01,2025-06-22,49,36.326530612244895,12
HHN-BIR-01,2025-06-23,55,42.58181818181818,16
HHN-BIR-01,2025-06-24,47,38.42553191489362,12
HHN-BIR-01,2025-06-25,88,51.11363636363637,26
HHN-BIR-01,2025-06-26,40,27.35,7
HHN-BIR-01,2025-06-27,71,63.774647887323944,24
HHN-BIR-01,2025-06-28,57,48.40350877192982,20
HHN-BIR-01,2025-06-29,93,49.193548387096776,27
HHN-BIR-01,2025-06-30,74,42.16216216216216,19
HHN-BIR-01,2025-07-01,57,68.21052631578948,22
HHN-BIR-01,2025-07-02,52,33.11538461538461,14
HHN-BIR-01,2025-07-03,73,53.83561643835616,24
HHN-BIR-01,2025-07-04,75,71.86666666666666,34
HHN-BIR-01,2025-07-05,70,50.628571428571426,20
HHN-BIR-01,2025-07-06,64,38.25,21
HHN-BIR-01,2025-07-07,77,40.77922077922078,23
HHN-BIR-01,2025-07-08,39,76.82051282051282,15
HHN-BIR-01,2025-07-09,90,41.84444444444444,24
HHN-BIR-01,2025-07-10,45,47.0,12
HHN-BIR-01,2025-07-11,56,51.82142857142857,19
HHN-BIR-01,2025-07-12,51,31.54901960784314,11
HHN-BIR-01,2025-07-13,65,48.2,19
HHN-BIR-01,2025-07-14,44,33.59090909090909,11
HHN-BIR-01,2025-07-15,88,49.78409090909091,25
HHN-BIR-01,2025-07-16,44,33.25,11
HHN-BIR-01,2025-07-17,59,44.016949152542374,16
HHN-BIR-01,2025-07-18,42,61.095238095238095,15
HHN-BIR-01,2025-07-19,61,51.39344262295082,21
HHN-BIR-01,2025-07-20,55,60.32727272727273,24
HHN-BIR-01,2025-07-21,78,49.833333333333336,25
HHN-BIR-01,2025-07-22,63,58.65079365079365,20
HHN-BIR-01,2025-07-23,47,64.57446808510639,16
HHN-BIR-01,2025-07-24,64,67.65625,23
HHN-BIR-01,2025-07-25,54,51.81481481481482,14
HHN-BIR-01,2025-07-26,60,62.28333333333333,21
HHN-BIR-01,2025-07-27,110,42.25454545454546,32
HHN-BIR-01,2025-07-28,98,59.10204081632653,30
HHN-BIR-01,2025-07-29,101,39.386138613861384,23
HHN-BIR-01,2025-07-30,51,34.6078431372549,11
HHN-BIR-01,2025-07-31,101,50.59405940594059,32
HHN-BIR-01,2025-08-01,50,43.06,12
HHN-BIR-01,2025-08-02,77,51.532467532467535,26
HHN-BIR-01,2025-08-03,65,32.47692307692308,16
HHN-BIR-01,2025-08-04,51,35.98039215686274,14
HHN-BIR-01,2025-08-05,54,53.77777777777778,22
HHN-BIR-01,2025-08-06,76,35.776315789473685,21
HHN-BIR-01,2025-08-07,73,38.89041095890411,22
HHN-BIR-01,2025-08-08,40,39.75,13
HHN-BIR-01,2025-08-09,124,54.233870967741936,45
HHN-BIR-01,2025-08-10,64,59.1875,21
HHN-BIR-01,2025-08-11,52,29.03846153846154,13
HHN-BIR-01,2025-08-12,89,46.764044943820224,29
HHN-BIR-01,2025-08-13,63,43.142857142857146,21
HHN-BIR-01,2025-08-14,56,59.482142857142854,18
HHN-BIR-01,2025-08-15,44,62.09090909090909,16
HHN-BIR-01,2025-08-16,70,39.98571428571429,19
HHN-BIR-01,2025-08-17,56,47.625,19
HHN-BIR-01,2025-08-18,62,43.483870967741936,19
HHN-BIR-01,2025-08-19,61,46.34426229508197,18
HHN-BIR-01,2025-08-20,84,52.773809523809526,28
HHN-BIR-01,2025-08-21,50,55.38,17
HHN-BIR-01,2025-08-22,65,60.06153846153846,23
HHN-BIR-01,2025-08-23,67,50.208955223880594,20
HHN-BIR-01,2025-08-24,94,48.819148936170215,28
HHN-BIR-01,2025-08-25,51,54.470588235294116,18
HHN-BIR-01,2025-08-26,50,41.04,14
HHN-BIR-01,2025-08-27,67,36.32835820895522,18
HHN-BIR-01,2025-08-28,47,46.702127659574465,14
HHN-BIR-01,2025-08-29,46,49.30434782608695,14
HHN-BIR-01,2025-08-30,64,49.296875,20
HHN-BIR-01,2025-08-31,85,31.176470588235293,18
HHN-BIR-01,2025-09-01,76,39.69736842105263,17
HHN-BIR-01,2025-09-02,30,45.46666666666667,9
HHN-BIR-01,2025-09-03,66,61.63636363636363,26
HHN-BIR-01,2025-09-04,44,56.72727272727273,14
HHN-BIR-01,2025-09-05,51,54.666666666666664,19
HHN-BIR-01,2025-09-06,104,54.85576923076923,37
HHN-BIR-01,2025-09-07,67,32.417910447761194,14
HHN-BIR-01,2025-09-08,79,61.037974683544306,28
HHN-BIR-01,2025-09-09,46,57.21739130434783,18
HHN-BIR-01,2025-09-10,63,56.333333333333336,23
HHN-BIR-01,2025-09-11,108,52.592592592592595,36
HHN-BIR-01,2025-09-12,37,45.08108108108108,9
HHN-BIR-01,2025-09-13,51,58.80392156862745,15
HHN-BIR-01,2025-09-14,59,66.32203389830508,22
HHN-BIR-01,2025-09-15,50,43.7,16
HHN-BIR-01,2025-09-16,98,46.54081632653061,27
HHN-BIR-01,2025-09-17,72,42.65277777777778,20
HHN-BIR-01,2025-09-18,76,51.03947368421053,25
HHN-BIR-01,2025-09-19,55,38.527272727272724,10
HHN-BIR-01,2025-09-20,113,53.50442477876106,35
HHN-BIR-01,2025-09-21,61,45.49180327868852,19
HHN-BIR-01,2025-09-22,55,33.527272727272724,14
HHN-BIR-01,2025-09-23,82,54.21951219512195,28
HHN-BIR-01,2025-09-24,76,55.03947368421053,28
HHN-BIR-01,2025-09-25,115,56.08695652173913,34
HHN-BIR-01,2025-09-26,86,51.7906976744186,29
HHN-BIR-01,2025-09-27,100,53.23,34
HHN-BIR-01,2025-09-28,70,41.01428571428571,21
HHN-BIR-01,2025-09-29,52,53.26923076923077,17
HHN-BIR-01,2025-09-30,78,59.8974358974359,26
HHN-BIR-01,2025-10-01,47,38.95744680851064,15
HHN-BIR-01,2025-10-02,74,64.37837837837837,31
HHN-BIR-01,2025-10-03,68,54.955882352941174,25
HHN-BIR-01,2025-10-04,39,53.48717948717949,13
HHN-BIR-01,2025-10-05,85,53.023529411764706,29
HHN-BIR-01,2025-10-06,88,52.29545454545455,33
HHN-BIR-01,2025-10-07,65,47.95384615384615,18
HHN-BIR-01,2025-10-08,96,43.25,24
HHN-BIR-01,2025-10-09,66,43.28787878787879,19
HHN-BIR-01,2025-10-10,73,41.16438356164384,20
HHN-BIR-01,2025-10-11,52,41.11538461538461,14
HHN-BIR-01,2025-10-12,89,45.235955056179776,26
HHN-BIR-01,2025-10-13,129,50.25581395348837,37
HHN-BIR-01,2025-10-14,99,49.282828282828284,35
HHN-BIR-01,2025-10-15,73,33.178082191780824,17
HHN-BIR-01,2025-10-16,87,47.86206896551724,27
HHN-BIR-01,2025-10-17,64,59.828125,23
HHN-BIR-01,2025-10-18,64,50.671875,19
HHN-BIR-01,2025-10-19,100,45.38,30
HHN-BIR-01,2025-10-20,63,53.74603174603175,18
HHN-BIR-01,2025-10-21,98,52.39795918367347,27
HHN-BIR-01,2025-10-22,75,48.49333333333333,21
HHN-BIR-01,2025-10-23,50,40.42,12
HHN-BIR-01,2025-10-24,118,43.03389830508475,37
HHN-BIR-01,2025-10-25,94,41.95744680851064,27
HHN-BIR-01,2025-10-26,133,32.18045112781955,32
HHN-BIR-01,2025-10-27,103,46.22330097087379,33
HHN-BIR-01,2025-10-28,83,54.3855421686747,27
HHN-BIR-01,2025-10-29,66,49.63636363636363,24
HHN-BIR-01,2025-10-30,75,37.026666666666664,21
HHN-BIR-01,2025-10-31,75,43.14666666666667,21
HHN-BIR-01,2025-11-01,46,50.23913043478261,16
HHN-BIR-01,2025-11-02,65,52.98461538461538,21
HHN-BIR-01,2025-11-03,70,38.18571428571428,18
HHN-BIR-01,2025-11-04,60,62.71666666666667,21
HHN-BIR-01,2025-11-05,97,42.83505154639175,28
HHN-BIR-01,2025-11-06,24,36.375,5
HHN-BIR-01,2025-11-07,103,55.262135922330096,35
HHN-BIR-01,2025-11-08,87,36.14942528735632,24
HHN-BIR-01,2025-11-09,122,48.82786885245902,33
HHN-BIR-01,2025-11-10,79,42.21518987341772,24
HHN-BIR-01,2025-11-11,119,47.08403361344538,32
HHN-BIR-01,2025-11-12,99,45.505050505050505,25
HHN-BIR-01,2025-11-13,96,44.604166666666664,29
HHN-BIR-01,2025-11-14,81,46.41975308641975,22
HHN-BIR-01,2025-11-15,83,56.21686746987952,28
HHN-BIR-01,2025-11-16,92,65.54347826086956,34
HHN-BIR-01,2025-11-17,107,65.16822429906541,38
HHN-BIR-01,2025-11-18,59,37.152542372881356,17
HHN-BIR-01,2025-11-19,51,46.568627450980394,12
HHN-BIR-01,2025-11-20,97,41.103092783505154,28
HHN-BIR-01,2025-11-21,81,43.55555555555556,28
HHN-BIR-01,2025-11-22,115,52.6,37
HHN-BIR-01,2025-11-23,114,45.719298245614034,35
HHN-BIR-01,2025-11-24,117,50.00854700854701,36
HHN-BIR-01,2025-11-25,117,50.495726495726494,34
HHN-BIR-01,2025-11-26,125,44.096,34
HHN-BIR-01,2025-11-27,84,36.63095238095238,22
HHN-BIR-01,2025-11-28,74,39.54054054054054,21
HHN-BIR-01,2025-11-29,118,43.6271186440678,34
HHN-BIR-01,2025-11-30,109,57.60550458715596,34
HHN-BIR-01,2025-12-01,100,54.62,41
HHN-BIR-01,2025-12-02,93,33.58064516129032,23
HHN-BIR-01,2025-12-03,104,77.38461538461539,42
HHN-BIR-01,2025-12-04,65,38.784615384615385,18
HHN-BIR-01,2025-12-05,89,40.640449438202246,23
HHN-BIR-01,2025-12-06,70,41.34285714285714,17
HHN-BIR-01,2025-12-07,73,46.178082191780824,24
HHN-BIR-01,2025-12-08,74,58.74324324324324,24
HHN-BIR-01,2025-12-09,82,53.76829268292683,26
HHN-BIR-01,2025-12-10,99,56.07070707070707,31
HHN-BIR-01,2025-12-11,70,49.02857142857143,21
HHN-BIR-01,2025-12-12,120,39.975,37
HHN-BIR-01,2025-12-13,102,41.27450980392157,30
HHN-BIR-01,2025-12-14,61,62.01639344262295,26
HHN-BIR-01,2025-12-15,114,44.74561403508772,29
HHN-BIR-01,2025-12-16,92,44.26086956521739,31
HHN-BIR-01,2025-12-17,134,59.93283582089552,53
HHN-BIR-01,2025-12-18,162,38.58024691358025,41
HHN-BIR-01,2025-12-19,116,46.439655172413794,35
HHN-BIR-01,2025-12-20,86,43.02325581395349,22
HHN-BIR-01,2025-12-21,124,50.92741935483871,42
HHN-BIR-01,2025-12-22,108,52.0462962962963,34
HHN-BIR-01,2025-12-23,138,45.28260869565217,40
HHN-BIR-01,2025-12-24,120,42.65,33
HHN-BIR-01,2025-12-25,78,50.65384615384615,25
HHN-BIR-01,2025-12-26,93,31.322580645161292,19
HHN-BIR-01,2025-12-27,134,56.19402985074627,43
HHN-BIR-01,2025-12-28,201,51.38308457711443,57
HHN-BIR-01,2025-12-29,143,45.87412587412587,36
HHN-BIR-01,2025-12-30,147,60.1156462585034,50
HHN-BIR-01,2025-12-31,84,34.904761904761905,20
HHN-EDI-01,2024-01-01,70,38.75714285714286,21
HHN-EDI-01,2024-01-02,84,66.88095238095238,30
HHN-EDI-01,2024-01-03,33,21.393939393939394,6
HHN-EDI-01,2024-01-04,55,72.36363636363636,23
HHN-EDI-01,2024-01-05,72,61.291666666666664,27
HHN-EDI-01,2024-01-06,79,55.037974683544306,31
HHN-EDI-01,2024-01-07,52,37.75,17
HHN-EDI-01,2024-01-08,103,59.51456310679612,37
HHN-EDI-01,2024-01-09,90,39.9,26
HHN-EDI-01,2024-01-10,104,35.30769230769231,28
HHN-EDI-01,2024-01-11,49,34.795918367346935,14
HHN-EDI-01,2024-01-12,76,60.03947368421053,25
HHN-EDI-01,2024-01-13,55,43.63636363636363,15
HHN-EDI-01,2024-01-14,96,72.30208333333333,41
HHN-EDI-01,2024-01-15,115,46.78260869565217,36
HHN-EDI-01,2024-01-16,66,29.833333333333332,13
HHN-EDI-01,2024-01-17,68,51.35294117647059,20
HHN-EDI-01,2024-01-18,67,46.76119402985075,18
HHN-EDI-01,2024-01-19,97,35.52577319587629,24
HHN-EDI-01,2024-01-20,70,50.81428571428572,21
HHN-EDI-01,2024-01-21,90,46.733333333333334,26
HHN-EDI-01,2024-01-22,102,60.81372549019608,36
HHN-EDI-01,2024-01-23,69,63.333333333333336,28
HHN-EDI-01,2024-01-24,75,55.81333333333333,25
HHN-EDI-01,2024-01-25,56,52.392857142857146,20
HHN-EDI-01,2024-01-26,86,45.616279069767444,28
HHN-EDI-01,2024-01-27,86,30.651162790697676,17
HHN-EDI-01,2024-01-28,85,48.2,21
HHN-EDI-01,2024-01-29,116,42.01724137931034,32
HHN-EDI-01,2024-01-30,78,26.166666666666668,17
HHN-EDI-01,2024-01-31,30,40.4,7
HHN-EDI-01,2024-02-01,111,37.83783783783784,28
HHN-EDI-01,2024-02-02,86,45.104651162790695,23
HHN-EDI-01,2024-02-03,56,39.42857142857143,16
HHN-EDI-01,2024-02-04,93,46.38709677419355,28
HHN-EDI-01,2024-02-05,80,37.275,19
HHN-EDI-01,2024-02-06,79,55.65822784810127,23
HHN-EDI-01,2024-02-07,72,63.44444444444444,25
HHN-EDI-01,2024-02-08,60,61.93333333333333,20
HHN-EDI-01,2024-02-09,94,55.41489361702128,34
HHN-EDI-01,2024-02-10,60,59.06666666666667,21
HHN-EDI-01,2024-02-11,91,44.604395604395606,27
HHN-EDI-01,2024-02-12,101,48.64356435643565,34
HHN-EDI-01,2024-02-13,73,85.52054794520548,30
HHN-EDI-01,2024-02-14,59,60.86440677966102,18
HHN-EDI-01,2024-02-15,83,76.91566265060241,34
HHN-EDI-01,2024-02-16,59,58.898305084745765,23
HHN-EDI-01,2024-02-17,118,47.932203389830505,37
HHN-EDI-01,2024-02-18,72,41.56944444444444,18
HHN-EDI-01,2024-02-19,93,51.935483870967744,39
HHN-EDI-01,2024-02-20,79,56.11392405063291,28
HHN-EDI-01,2024-02-21,95,58.31578947368421,29
HHN-EDI-01,2024-02-22,86,34.44186046511628,21
HHN-EDI-01,2024-02-23,39,61.1025641025641,15
HHN-EDI-01,2024-02-24,105,78.45714285714286,46
HHN-EDI-01,2024-02-25,57,44.91228070175438,19
HHN-EDI-01,2024-02-26,86,41.883720930232556,23
HHN-EDI-01,2024-02-27,67,66.68656716417911,24
HHN-EDI-01,2024-02-28,19,68.15789473684211,7
HHN-EDI-01,2024-02-29,76,50.26315789473684,21
HHN-EDI-01,2024-03-01,78,37.98717948717949,20
HHN-EDI-01,2024-03-02,113,40.389380530973455,24
HHN-EDI-01,2024-03-03,96,48.916666666666664,26
HHN-EDI-01,2024-03-04,68,41.30882352941177,16
HHN-EDI-01,2024-03-05,45,48.17777777777778,12
HHN-EDI-01,2024-03-06,46,56.5,18
HHN-EDI-01,2024-03-07,65,41.43076923076923,22
HHN-EDI-01,2024-03-08,59,44.67796610169491,19
HHN-EDI-01,2024-03-09,75,66.56,29
HHN-EDI-01,2024-03-10,61,48.9344262295082,18
HHN-EDI-01,2024-03-11,59,38.101694915254235,14
HHN-EDI-01,2024-03-12,67,56.492537313432834,25
HHN-EDI-01,2024-03-13,54,28.25925925925926,11
HHN-EDI-01,2024-03-14,75,76.34666666666666,33
HHN-EDI-01,2024-03-15,67,40.83582089552239,19
HHN-EDI-01,2024-03-16,100,48.27,28
HHN-EDI-01,2024-03-17,64,48.40625,21
HHN-EDI-01,2024-03-18,98,33.89795918367347,23
HHN-EDI-01,2024-03-19,62,42.75806451612903,17
HHN-EDI-01,2024-03-20,52,46.19230769230769,20
HHN-EDI-01,2024-03-21,35,50.4,10
HHN-EDI-01,2024-03-22,56,36.107142857142854,14
HHN-EDI-01,2024-03-23,53,39.886792452830186,14
HHN-EDI-01,2024-03-24,61,54.131147540983605,24
HHN-EDI-01,2024-03-25,56,77.71428571428571,22
HHN-EDI-01,2024-03-26,63,46.12698412698413,16
HHN-EDI-01,2024-03-27,52,44.21153846153846,15
HHN-EDI-01,2024-03-28,81,27.88888888888889,16
HHN-EDI-01,2024-03-29,43,32.348837209302324,12
HHN-EDI-01,2024-03-30,22,65.68181818181819,9
HHN-EDI-01,2024-03-31,62,77.20967741935483,25
HHN-EDI-01,2024-04-01,61,52.73770491803279,20
HHN-EDI-01,2024-04-02,81,54.19753086419753,29
HHN-EDI-01,2024-04-03,53,30.245283018867923,11
HHN-EDI-01,2024-04-04,63,70.33333333333333,25
HHN-EDI-01,2024-04-05,65,47.56923076923077,19
HHN-EDI-01,2024-04-06,61,50.19672131147541,20
HHN-EDI-01,2024-04-07,45,57.75555555555555,17
HHN-EDI-01,2024-04-08,78,44.57692307692308,22
HHN-EDI-01,2024-04-09,67,47.1044776119403,20
HHN-EDI-01,2024-04-10,35,37.8,10
HHN-EDI-01,2024-04-11,31,53.483870967741936,10
HHN-EDI-01,2024-04-12,66,31.5,15
HHN-EDI-01,2024-04-13,41,69.78048780487805,15
HHN-EDI-01,2024-04-14,62,67.70967741935483,23
HHN-EDI-01,2024-04-15,97,44.24742268041237,28
HHN-EDI-01,2024-04-16,51,28.764705882352942,11
HHN-EDI-01,2024-04-17,60,37.7,15
HHN-EDI-01,2024-04-18,57,60.92982456140351,19
HHN-EDI-01,2024-04-19,67,41.582089552238806,17
HHN-EDI-01,2024-04-20,65,41.33846153846154,18
HHN-EDI-01,2024-04-21,64,37.171875,21
HHN-EDI-01,2024-04-22,80,53.1875,22
HHN-EDI-01,2024-04-23,46,59.80434782608695,19
HHN-EDI-01,2024-04-24,49,44.06122448979592,13
HHN-EDI-01,2024-04-25,46,52.69565217391305,16
HHN-EDI-01,2024-04-26,37,55.13513513513514,13
HHN-EDI-01,2024-04-27,91,47.15384615384615,25
HHN-EDI-01,2024-04-28,58,37.56896551724138,15
HHN-EDI-01,2024-04-29,62,61.596774193548384,20
HHN-EDI-01,2024-04-30,48,74.91666666666667,19
HHN-EDI-01,2024-05-01,59,67.54237288135593,24
HHN-EDI-01,2024-05-02,67,38.28358208955224,17
HHN-EDI-01,2024-05-03,50,34.96,10
HHN-EDI-01,2024-05-04,59,45.389830508474574,15
HHN-EDI-01,2024-05-05,50,35.22,13
HHN-EDI-01,2024-05-06,51,31.84313725490196,13
HHN-EDI-01,2024-05-07,56,40.839285714285715,20
HHN-EDI-01,2024-05-08,49,54.244897959183675,20
HHN-EDI-01,2024-05-09,49,43.46938775510204,17
HHN-EDI-01,2024-05-10,46,42.47826086956522,13
HHN-EDI-01,2024-05-11,48,42.3125,14
HHN-EDI-01,2024-05-12,68,39.98529411764706,20
HHN-EDI-01,2024-05-13,61,39.14754098360656,17
HHN-EDI-01,2024-05-14,64,32.90625,14
HHN-EDI-01,2024-05-15,59,48.186440677966104,19
HHN-EDI-01,2024-05-16,45,44.75555555555555,15
HHN-EDI-01,2024-05-17,62,62.12903225806452,26
HHN-EDI-01,2024-05-18,63,56.0,20
HHN-EDI-01,2024-05-19,74,59.567567567567565,24
HHN-EDI-01,2024-05-20,48,42.625,14
HHN-EDI-01,2024-05-21,52,38.26923076923077,13
HHN-EDI-01,2024-05-22,73,36.89041095890411,16
HHN-EDI-01,2024-05-23,61,61.68852459016394,27
HHN-EDI-01,2024-05-24,66,53.515151515151516,19
HHN-EDI-01,2024-05-25,32,47.46875,8
HHN-EDI-01,2024-05-26,57,71.36842105263158,21
HHN-EDI-01,2024-05-27,46,44.84782608695652,15
HHN-EDI-01,2024-05-28,43,47.95348837209303,14
HHN-EDI-01,2024-05-29,33,63.24242424242424,14
HHN-EDI-01,2024-05-30,36,34.166666666666664,10
HHN-EDI-01,2024-05-31,49,49.38775510204081,14
HHN-EDI-01,2024-06-01,45,51.86666666666667,18
HHN-EDI-01,2024-06-02,42,42.11904761904762,11
HHN-EDI-01,2024-06-03,40,47.1,11
HHN-EDI-01,2024-06-04,73,67.79452054794521,26
HHN-EDI-01,2024-06-05,32,45.625,8
HHN-EDI-01,2024-06-06,42,58.976190476190474,13
HHN-EDI-01,2024-06-07,63,45.19047619047619,20
HHN-EDI-01,2024-06-08,38,41.60526315789474,8
HHN-EDI-01,2024-06-09,35,37.142857142857146,9
HHN-EDI-01,2024-06-10,37,56.13513513513514,13
HHN-EDI-01,2024-06-11,50,33.28,12
HHN-EDI-01,2024-06-12,58,39.258620689655174,16
HHN-EDI-01,2024-06-13,57,46.333333333333336,18
HHN-EDI-01,2024-06-14,41,34.829268292682926,9
HHN-EDI-01,2024-06-15,95,52.17894736842105,33
HHN-EDI-01,2024-06-16,80,39.0625,20
HHN-EDI-01,2024-06-17,25,94.4,10
HHN-EDI-01,2024-06-18,72,64.23611111111111,25
HHN-EDI-01,2024-06-19,37,42.810810810810814,11
HHN-EDI-01,2024-06-20,38,25.210526315789473,9
HHN-EDI-01,2024-06-21,62,58.75806451612903,21
HHN-EDI-01,2024-06-22,39,66.2051282051282,15
HHN-EDI-01,2024-06-23,53,31.18867924528302,9
HHN-EDI-01,2024-06-24,72,48.638888888888886,23
HHN-EDI-01,2024-06-25,52,38.61538461538461,13
HHN-EDI-01,2024-06-26,48,40.8125,15
HHN-EDI-01,2024-06-27,46,43.17391304347826,13
HHN-EDI-01,2024-06-28,61,35.77049180327869,17
HHN-EDI-01,2024-06-29,45,37.55555555555556,13
HHN-EDI-01,2024-06-30,36,38.77777777777778,9
HHN-EDI-01,2024-07-01,45,45.62222222222222,12
HHN-EDI-01,2024-07-02,19,25.105263157894736,4
HHN-EDI-01,2024-07-03,53,41.35849056603774,13
HHN-EDI-01,2024-07-04,31,35.67741935483871,8
HHN-EDI-01,2024-07-05,37,33.37837837837838,11
HHN-EDI-01,2024-07-06,57,53.80701754385965,18
HHN-EDI-01,2024-07-07,36,57.611111111111114,9
HHN-EDI-01,2024-07-08,29,48.37931034482759,8
HHN-EDI-01,2024-07-09,53,67.45283018867924,19
HHN-EDI-01,2024-07-10,46,33.78260869565217,12
HHN-EDI-01,2024-07-11,26,50.07692307692308,8
HHN-EDI-01,2024-07-12,47,34.40425531914894,12
HHN-EDI-01,2024-07-13,78,39.705128205128204,19
HHN-EDI-01,2024-07-14,60,45.78333333333333,17
HHN-EDI-01,2024-07-15,67,56.223880597014926,26
HHN-EDI-01,2024-07-16,50,35.18,12
HHN-EDI-01,2024-07-17,44,58.88636363636363,13
HHN-EDI-01,2024-07-18,27,61.77777777777778,7
HHN-EDI-01,2024-07-19,64,50.3125,20
HHN-EDI-01,2024-07-20,54,55.51851851851852,18
HHN-EDI-01,2024-07-21,84,48.29761904761905,28
HHN-EDI-01,2024-07-22,76,60.61842105263158,22
HHN-EDI-01,2024-07-23,44,35.27272727272727,10
HHN-EDI-01,2024-07-24,40,42.35,16
HHN-EDI-01,2024-07-25,64,64.65625,24
HHN-EDI-01,2024-07-26,50,69.18,15
HHN-EDI-01,2024-07-27,51,47.6078431372549,15
HHN-EDI-01,2024-07-28,39,29.53846153846154,7
HHN-EDI-01,2024-07-29,49,35.795918367346935,15
HHN-EDI-01,2024-07-30,45,39.71111111111111,11
HHN-EDI-01,2024-07-31,36,28.583333333333332,6
HHN-EDI-01,2024-08-01,50,37.76,11
HHN-EDI-01,2024-08-02,64,43.3125,19
HHN-EDI-01,2024-08-03,26,70.76923076923077,12
HHN-EDI-01,2024-08-04,54,48.01851851851852,17
HHN-EDI-01,2024-08-05,75,48.92,21
HHN-EDI-01,2024-08-06,57,51.40350877192982,20
HHN-EDI-01,2024-08-07,49,52.857142857142854,17
HHN-EDI-01,2024-08-08,44,41.40909090909091,13
HHN-EDI-01,2024-08-09,47,59.191489361702125,17
HHN-EDI-01,2024-08-10,52,41.51923076923077,14
HHN-EDI-01,2024-08-11,49,42.795918367346935,13
HHN-EDI-01,2024-08-12,37,55.16216216216216,14
HHN-EDI-01,2024-08-13,57,62.31578947368421,20
HHN-EDI-01,2024-08-14,48,53.520833333333336,18
HHN-EDI-01,2024-08-15,46,32.69565217391305,11
HHN-EDI-01,2024-08-16,70,53.885714285714286,26
HHN-EDI-01,2024-08-17,50,61.76,17
HHN-EDI-01,2024-08-18,71,49.971830985915496,21
HHN-EDI-01,2024-08-19,40,40.4,13
HHN-EDI-01,2024-08-20,68,34.61764705882353,19
HHN-EDI-01,2024-08-21,32,32.53125,8
HHN-EDI-01,2024-08-22,46,70.93478260869566,16
HHN-EDI-01,2024-08-23,46,31.32608695652174,11
HHN-EDI-01,2024-08-24,34,17.764705882352942,5
HHN-EDI-01,2024-08-25,39,39.15384615384615,8
HHN-EDI-01,2024-08-26,30,30.766666666666666,8
HHN-EDI-01,2024-08-27,45,50.666666666666664,14
HHN-EDI-01,2024-08-28,63,17.11111111111111,12
HHN-EDI-01,2024-08-29,53,51.9811320754717,17
HHN-EDI-01,2024-08-30,60,36.86666666666667,11
HHN-EDI-01,2024-08-31,71,42.436619718309856,17
HHN-EDI-01,2024-09-01,34,40.0,10
HHN-EDI-01,2024-09-02,83,68.34939759036145,28
HHN-EDI-01,2024-09-03,77,51.98701298701299,20
HHN-EDI-01,2024-09-04,62,51.354838709677416,22
HHN-EDI-01,2024-09-05,42,57.333333333333336,15
HHN-EDI-01,2024-09-06,57,55.08771929824562,16
HHN-EDI-01,2024-09-07,66,55.74242424242424,21
HHN-EDI-01,2024-09-08,68,53.25,23
HHN-EDI-01,2024-09-09,99,46.72727272727273,27
HHN-EDI-01,2024-09-10,65,46.2,18
HHN-EDI-01,2024-09-11,40,71.1,15
HHN-EDI-01,2024-09-12,50,56.52,17
HHN-EDI-01,2024-09-13,48,35.791666666666664,15
HHN-EDI-01,2024-09-14,73,38.47945205479452,21
HHN-EDI-01,2024-09-15,64,43.53125,18
HHN-EDI-01,2024-09-16,58,68.8103448275862,22
HHN-EDI-01,2024-09-17,31,69.58064516129032,13
HHN-EDI-01,2024-09-18,33,32.666666666666664,6
HHN-EDI-01,2024-09-19,41,41.48780487804878,10
HHN-EDI-01,2024-09-20,52,64.1923076923077,18
HHN-EDI-01,2024-09-21,38,53.89473684210526,12
HHN-EDI-01,2024-09-22,56,39.142857142857146,13
HHN-EDI-01,2024-09-23,81,46.629629629629626,27
HHN-EDI-01,2024-09-24,40,36.45,11
HHN-EDI-01,2024-09-25,40,63.55,13
HHN-EDI-01,2024-09-26,41,39.21951219512195,12
HHN-EDI-01,2024-09-27,72,41.958333333333336,18
HHN-EDI-01,2024-09-28,56,41.839285714285715,16
HHN-EDI-01,2024-09-29,40,51.825,17
HHN-EDI-01,2024-09-30,57,29.05263157894737,16
HHN-EDI-01,2024-10-01,64,36.0625,14
HHN-EDI-01,2024-10-02,41,37.80487804878049,10
HHN-EDI-01,2024-10-03,54,43.629629629629626,16
HHN-EDI-01,2024-10-04,55,47.90909090909091,17
HHN-EDI-01,2024-10-05,54,28.62962962962963,10
HHN-EDI-01,2024-10-06,46,44.06521739130435,10
HHN-EDI-01,2024-10-07,29,56.241379310344826,11
HHN-EDI-01,2024-10-08,73,39.04109589041096,19
HHN-EDI-01,2024-10-09,45,37.48888888888889,10
HHN-EDI-01,2024-10-10,67,61.656716417910445,24
HHN-EDI-01,2024-10-11,61,45.14754098360656,19
HHN-EDI-01,2024-10-12,106,51.45283018867924,31
HHN-EDI-01,2024-10-13,80,44.175,21
HHN-EDI-01,2024-10-14,67,58.985074626865675,24
HHN-EDI-01,2024-10-15,65,29.06153846153846,13
HHN-EDI-01,2024-10-16,87,45.18390804597701,26
HHN-EDI-01,2024-10-17,47,27.659574468085108,11
HHN-EDI-01,2024-10-18,81,46.51851851851852,24
HHN-EDI-01,2024-10-19,67,35.74626865671642,16
HHN-EDI-01,2024-10-20,73,36.45205479452055,19
HHN-EDI-01,2024-10-21,101,38.08910891089109,24
HHN-EDI-01,2024-10-22,59,31.796610169491526,16
HHN-EDI-01,2024-10-23,69,41.768115942028984,22
HHN-EDI-01,2024-10-24,59,47.20338983050848,19
HHN-EDI-01,2024-10-25,45,36.977777777777774,10
HHN-EDI-01,2024-10-26,78,29.05128205128205,18
HHN-EDI-01,2024-10-27,96,50.583333333333336,27
HHN-EDI-01,2024-10-28,49,37.775510204081634,11
HHN-EDI-01,2024-10-29,48,52.208333333333336,14
HHN-EDI-01,2024-10-30,58,72.01724137931035,18
HHN-EDI-01,2024-10-31,92,42.16304347826087,30
HHN-EDI-01,2024-11-01,60,63.36666666666667,23
HHN-EDI-01,2024-11-02,41,47.5609756097561,12
HHN-EDI-01,2024-11-03,59,34.932203389830505,14
HHN-EDI-01,2024-11-04,57,50.63157894736842,16
HHN-EDI-01,2024-11-05,94,42.43617021276596,26
HHN-EDI-01,2024-11-06,48,52.354166666666664,15
HHN-EDI-01,2024-11-07,88,47.5,25
HHN-EDI-01,2024-11-08,71,39.929577464788736,17
HHN-EDI-01,2024-11-09,51,44.705882352941174,16
HHN-EDI-01,2024-11-10,80,40.55,20
HHN-EDI-01,2024-11-11,72,32.361111111111114,16
HHN-EDI-01,2024-11-12,60,52.916666666666664,17
HHN-EDI-01,2024-11-13,43,57.116279069767444,13
HHN-EDI-01,2024-11-14,48,28.5,10
HHN-EDI-01,2024-11-15,50,53.46,16
HHN-EDI-01,2024-11-16,85,42.976470588235294,23
HHN-EDI-01,2024-11-17,82,60.03658536585366,26
HHN-EDI-01,2024-11-18,101,44.0990099009901,28
HHN-EDI-01,2024-11-19,76,50.078947368421055,25
HHN-EDI-01,2024-11-20,68,47.9264705882353,23
HHN-EDI-01,2024-11-21,42,59.714285714285715,14
HHN-EDI-01,2024-11-22,108,48.648148148148145,35
HHN-EDI-01,2024-11-23,57,45.666666666666664,19
HHN-EDI-01,2024-11-24,54,61.425925925925924,19
HHN-EDI-01,2024-11-25,48,44.166666666666664,12
HHN-EDI-01,2024-11-26,70,58.714285714285715,22
HHN-EDI-01,2024-11-27,59,27.593220338983052,11
HHN-EDI-01,2024-11-28,70,49.67142857142857,25
HHN-EDI-01,2024-11-29,74,47.932432432432435,22
HHN-EDI-01,2024-11-30,97,43.06185567010309,30
HHN-EDI-01,2024-12-01,109,48.46788990825688,31
HHN-EDI-01,2024-12-02,89,29.730337078651687,17
HHN-EDI-01,2024-12-03,49,35.857142857142854,16
HHN-EDI-01,2024-12-04,105,45.838095238095235,31
HHN-EDI-01,2024-12-05,86,54.58139534883721,30
HHN-EDI-01,2024-12-06,85,52.45882352941177,27
HHN-EDI-01,2024-12-07,44,47.04545454545455,12
HHN-EDI-01,2024-12-08,87,51.05747126436781,23
HHN-EDI-01,2024-12-09,47,38.06382978723404,11
HHN-EDI-01,2024-12-10,58,32.6551724137931,14
HHN-EDI-01,2024-12-11,85,50.741176470588236,27
HHN-EDI-01,2024-12-12,66,46.803030303030305,19
HHN-EDI-01,2024-12-13,70,62.52857142857143,25
HHN-EDI-01,2024-12-14,93,38.54838709677419,26
HHN-EDI-01,2024-12-15,66,33.833333333333336,15
HHN-EDI-01,2024-12-16,32,41.1875,9
HHN-EDI-01,2024-12-17,124,42.12903225806452,34
HHN-EDI-01,2024-12-18,69,56.492753623188406,22
HHN-EDI-01,2024-12-19,73,40.31506849315068,20
HHN-EDI-01,2024-12-20,80,54.8625,27
HHN-EDI-01,2024-12-21,64,71.4375,24
HHN-EDI-01,2024-12-22,70,38.68571428571428,16
HHN-EDI-01,2024-12-23,144,40.80555555555556,37
HHN-EDI-01,2024-12-24,47,39.4468085106383,13
HHN-EDI-01,2024-12-25,157,50.46496815286624,50
HHN-EDI-01,2024-12-26,57,58.0,22
HHN-EDI-01,2024-12-27,48,59.854166666666664,16
HHN-EDI-01,2024-12-28,43,42.04651162790697,11
HHN-EDI-01,2024-12-29,125,47.296,34
HHN-EDI-01,2024-12-30,76,40.03947368421053,21
HHN-EDI-01,2024-12-31,83,46.18072289156626,26
HHN-EDI-01,2025-01-01,102,46.31372549019608,30
HHN-EDI-01,2025-01-02,99,36.464646464646464,19
HHN-EDI-01,2025-01-03,77,64.7012987012987,26
HHN-EDI-01,2025-01-04,99,55.696969696969695,33
HHN-EDI-01,2025-01-05,75,38.06666666666667,19
HHN-EDI-01,2025-01-06,73,42.83561643835616,20
HHN-EDI-01,2025-01-07,85,52.77647058823529,29
HHN-EDI-01,2025-01-08,56,43.410714285714285,15
HHN-EDI-01,2025-01-09,102,41.69607843137255,26
HHN-EDI-01,2025-01-10,85,45.576470588235296,23
HHN-EDI-01,2025-01-11,111,49.432432432432435,32
HHN-EDI-01,2025-01-12,42,19.452380952380953,7
HHN-EDI-01,2025-01-13,45,58.62222222222222,17
HHN-EDI-01,2025-01-14,52,59.30769230769231,20
HHN-EDI-01,2025-01-15,101,35.87128712871287,26
HHN-EDI-01,2025-01-16,82,41.90243902439025,23
HHN-EDI-01,2025-01-17,85,30.68235294117647,21
HHN-EDI-01,2025-01-18,66,57.03030303030303,23
HHN-EDI-01,2025-01-19,43,38.883720930232556,9
HHN-EDI-01,2025-01-20,92,54.23913043478261,31
HHN-EDI-01,2025-01-21,50,40.74,18
HHN-EDI-01,2025-01-22,84,54.595238095238095,28
HHN-EDI-01,2025-01-23,68,23.529411764705884,12
HHN-EDI-01,2025-01-24,44,67.52272727272727,19
HHN-EDI-01,2025-01-25,71,40.49295774647887,22
HHN-EDI-01,2025-01-26,66,45.015151515151516,20
HHN-EDI-01,2025-01-27,70,55.214285714285715,25
HHN-EDI-01,2025-01-28,51,57.31372549019608,17
HHN-EDI-01,2025-01-29,57,53.19298245614035,18
HHN-EDI-01,2025-01-30,61,33.73770491803279,16
HHN-EDI-01,2025-01-31,55,39.54545454545455,16
HHN-EDI-01,2025-02-01,113,51.50442477876106,42
HHN-EDI-01,2025-02-02,120,52.65833333333333,38
HHN-EDI-01,2025-02-03,121,45.82644628099174,33
HHN-EDI-01,2025-02-04,48,40.604166666666664,14
HHN-EDI-01,2025-02-05,61,64.50819672131148,23
HHN-EDI-01,2025-02-06,47,40.191489361702125,11
HHN-EDI-01,2025-02-07,64,58.90625,19
HHN-EDI-01,2025-02-08,76,52.8421052631579,24
HHN-EDI-01,2025-02-09,58,57.53448275862069,16
HHN-EDI-01,2025-02-10,95,45.63157894736842,28
HHN-EDI-01,2025-02-11,78,47.333333333333336,28
HHN-EDI-01,2025-02-12,73,60.64383561643836,25
HHN-EDI-01,2025-02-13,64,54.421875,23
HHN-EDI-01,2025-02-14,45,41.17777777777778,16
HHN-EDI-01,2025-02-15,73,49.013698630136986,26
HHN-EDI-01,2025-02-16,95,36.8,25
HHN-EDI-01,2025-02-17,82,24.646341463414632,14
HHN-EDI-01,2025-02-18,48,78.3125,21
HHN-EDI-01,2025-02-19,88,42.48863636363637,27
HHN-EDI-01,2025-02-20,85,47.49411764705882,29
HHN-EDI-01,2025-02-21,63,31.77777777777778,11
HHN-EDI-01,2025-02-22,99,29.78787878787879,20
HHN-EDI-01,2025-02-23,104,42.77884615384615,27
HHN-EDI-01,2025-02-24,83,65.46987951807229,28
HHN-EDI-01,2025-02-25,84,34.345238095238095,18
HHN-EDI-01,2025-02-26,72,35.47222222222222,19
HHN-EDI-01,2025-02-27,83,53.93975903614458,26
HHN-EDI-01,2025-02-28,39,34.69230769230769,11
HHN-EDI-01,2025-03-01,78,64.82051282051282,28
HHN-EDI-01,2025-03-02,80,29.5125,17
HHN-EDI-01,2025-03-03,100,35.51,26
HHN-EDI-01,2025-03-04,83,42.36144578313253,21
HHN-EDI-01,2025-03-05,67,64.67164179104478,24
HHN-EDI-01,2025-03-06,42,52.76190476190476,13
HHN-EDI-01,2025-03-07,81,46.06172839506173,27
HHN-EDI-01,2025-03-08,60,64.28333333333333,21
HHN-EDI-01,2025-03-09,86,28.91860465116279,22
HHN-EDI-01,2025-03-10,59,55.932203389830505,20
HHN-EDI-01,2025-03-11,62,46.064516129032256,19
HHN-EDI-01,2025-03-12,65,50.43076923076923,17
HHN-EDI-01,2025-03-13,102,64.44117647058823,41
HHN-EDI-01,2025-03-14,83,50.325301204819276,26
HHN-EDI-01,2025-03-15,67,44.37313432835821,21
HHN-EDI-01,2025-03-16,62,67.69354838709677,23
HHN-EDI-01,2025-03-17,97,47.83505154639175,27
HHN-EDI-01,2025-03-18,70,50.31428571428572,21
HHN-EDI-01,2025-03-19,53,71.24528301886792,22
HHN-EDI-01,2025-03-20,53,60.22641509433962,20
HHN-EDI-01,2025-03-21,62,40.37096774193548,17
HHN-EDI-01,2025-03-22,59,37.96610169491525,13
HHN-EDI-01,2025-03-23,88,46.52272727272727,27
HHN-EDI-01,2025-03-24,69,57.36231884057971,24
HHN-EDI-01,2025-03-25,36,28.694444444444443,9
HHN-EDI-01,2025-03-26,71,67.88732394366197,24
HHN-EDI-01,2025-03-27,68,40.529411764705884,16
HHN-EDI-01,2025-03-28,72,49.93055555555556,20
HHN-EDI-01,2025-03-29,87,32.264367816091955,18
HHN-EDI-01,2025-03-30,65,63.56923076923077,23
HHN-EDI-01,2025-03-31,59,49.32203389830509,19
HHN-EDI-01,2025-04-01,73,34.76712328767123,20
HHN-EDI-01,2025-04-02,46,55.17391304347826,14
HHN-EDI-01,2025-04-03,49,28.73469387755102,11
HHN-EDI-01,2025-04-04,41,62.58536585365854,18
HHN-EDI-01,2025-04-05,58,50.43103448275862,19
HHN-EDI-01,2025-04-06,66,55.84848484848485,24
HHN-EDI-01,2025-04-07,52,50.30769230769231,14
HHN-EDI-01,2025-04-08,64,42.15625,19
HHN-EDI-01,2025-04-09,48,42.791666666666664,9
HHN-EDI-01,2025-04-10,55,42.2,16
HHN-EDI-01,2025-04-11,55,33.527272727272724,15
HHN-EDI-01,2025-04-12,79,24.468354430379748,18
HHN-EDI-01,2025-04-13,49,39.40816326530612,10
HHN-EDI-01,2025-04-14,71,65.07042253521126,28
HHN-EDI-01,2025-04-15,78,55.07692307692308,29
HHN-EDI-01,2025-04-16,51,47.88235294117647,13
HHN-EDI-01,2025-04-17,47,47.53191489361702,13
HHN-EDI-01,2025-04-18,54,69.74074074074075,20
HHN-EDI-01,2025-04-19,91,56.120879120879124,30
HHN-EDI-01,2025-04-20,41,56.073170731707314,16
HHN-EDI-01,2025-04-21,53,59.0188679245283,22
HHN-EDI-01,2025-04-22,55,53.29090909090909,18
HHN-EDI-01,2025-04-23,62,48.193548387096776,20
HHN-EDI-01,2025-04-24,56,44.214285714285715,16
HHN-EDI-01,2025-04-25,42,44.88095238095238,12
HHN-EDI-01,2025-04-26,62,34.12903225806452,12
HHN-EDI-01,2025-04-27,40,47.725,16
HHN-EDI-01,2025-04-28,70,49.22857142857143,25
HHN-EDI-01,2025-04-29,55,41.981818181818184,14
HHN-EDI-01,2025-04-30,62,50.32258064516129,19
HHN-EDI-01,2025-05-01,58,33.60344827586207,12
HHN-EDI-01,2025-05-02,44,41.04545454545455,11
HHN-EDI-01,2025-05-03,47,59.59574468085106,20
HHN-EDI-01,2025-05-04,36,27.916666666666668,7
HHN-EDI-01,2025-05-05,28,68.60714285714286,8
HHN-EDI-01,2025-05-06,51,36.627450980392155,12
HHN-EDI-01,2025-05-07,75,59.38666666666666,27
HHN-EDI-01,2025-05-08,64,55.25,22
HHN-EDI-01,2025-05-09,30,50.93333333333333,8
HHN-EDI-01,2025-05-10,51,55.35294117647059,20
HHN-EDI-01,2025-05-11,53,38.41509433962264,13
HHN-EDI-01,2025-05-12,75,34.74666666666667,18
HHN-EDI-01,2025-05-13,67,50.8955223880597,17
HHN-EDI-01,2025-05-14,54,39.7037037037037,14
HHN-EDI-01,2025-05-15,55,51.78181818181818,15
HHN-EDI-01,2025-05-16,34,36.205882352941174,9
HHN-EDI-01,2025-05-17,46,34.97826086956522,9
HHN-EDI-01,2025-05-18,38,33.8421052631579,14
HHN-EDI-01,2025-05-19,66,50.46969696969697,21
HHN-EDI-01,2025-05-20,44,67.25,14
HHN-EDI-01,2025-05-21,40,64.225,14
HHN-EDI-01,2025-05-22,54,63.2962962962963,19
HHN-EDI-01,2025-05-23,46,30.934782608695652,11
HHN-EDI-01,2025-05-24,63,49.76190476190476,18
HHN-EDI-01,2025-05-25,61,43.63934426229508,18
HHN-EDI-01,2025-05-26,53,54.62264150943396,17
HHN-EDI-01,2025-05-27,34,43.44117647058823,11
HHN-EDI-01,2025-05-28,38,31.07894736842105,8
HHN-EDI-01,2025-05-29,46,42.608695652173914,14
HHN-EDI-01,2025-05-30,36,36.05555555555556,10
HHN-EDI-01,2025-05-31,64,51.140625,20
HHN-EDI-01,2025-06-01,63,28.07936507936508,12
HHN-EDI-01,2025-06-02,35,23.571428571428573,7
HHN-EDI-01,2025-06-03,39,31.615384615384617,8
HHN-EDI-01,2025-06-04,49,46.69387755102041,13
HHN-EDI-01,2025-06-05,82,48.97560975609756,23
HHN-EDI-01,2025-06-06,78,38.11538461538461,23
HHN-EDI-01,2025-06-07,45,73.13333333333334,20
HHN-EDI-01,2025-06-08,61,58.39344262295082,20
HHN-EDI-01,2025-06-09,35,89.4,17
HHN-EDI-01,2025-06-10,40,45.725,9
HHN-EDI-01,2025-06-11,69,32.85507246376812,15
HHN-EDI-01,2025-06-12,38,54.526315789473685,12
HHN-EDI-01,2025-06-13,46,49.80434782608695,15
HHN-EDI-01,2025-06-14,57,41.70175438596491,14
HHN-EDI-01,2025-06-15,50,64.16,19
HHN-EDI-01,2025-06-16,43,49.27906976744186,13
HHN-EDI-01,2025-06-17,51,50.3921568627451,17
HHN-EDI-01,2025-06-18,54,44.574074074074076,14
HHN-EDI-01,2025-06-19,51,39.431372549019606,14
HHN-EDI-01,2025-06-20,68,45.838235294117645,24
HHN-EDI-01,2025-06-21,49,32.244897959183675,9
HHN-EDI-01,2025-06-22,33,35.27272727272727,9
HHN-EDI-01,2025-06-23,51,62.19607843137255,18
HHN-EDI-01,2025-06-24,37,38.08108108108108,9
HHN-EDI-01,2025-06-25,33,81.24242424242425,14
HHN-EDI-01,2025-06-26,40,89.825,18
HHN-EDI-01,2025-06-27,36,53.75,11
HHN-EDI-01,2025-06-28,61,33.39344262295082,13
HHN-EDI-01,2025-06-29,77,25.103896103896105,14
HHN-EDI-01,2025-06-30,68,77.32352941176471,27
HHN-EDI-01,2025-07-01,38,36.921052631578945,9
HHN-EDI-01,2025-07-02,40,40.825,13
HHN-EDI-01,2025-07-03,54,23.25925925925926,10
HHN-EDI-01,2025-07-04,47,25.872340425531913,6
HHN-EDI-01,2025-07-05,55,22.145454545454545,12
HHN-EDI-01,2025-07-06,40,25.625,7
HHN-EDI-01,2025-07-07,67,48.26865671641791,18
HHN-EDI-01,2025-07-08,30,31.5,7
HHN-EDI-01,2025-07-09,50,51.68,14
HHN-EDI-01,2025-07-10,61,49.59016393442623,21
HHN-EDI-01,2025-07-11,42,49.30952380952381,13
HHN-EDI-01,2025-07-12,76,40.85526315789474,21
HHN-EDI-01,2025-07-13,41,51.21951219512195,11
HHN-EDI-01,2025-07-14,34,43.970588235294116,9
HHN-EDI-01,2025-07-15,23,36.91304347826087,6
HHN-EDI-01,2025-07-16,63,47.65079365079365,18
HHN-EDI-01,2025-07-17,24,61.208333333333336,9
HHN-EDI-01,2025-07-18,63,75.85714285714286,26
HHN-EDI-01,2025-07-19,64,34.203125,14
HHN-EDI-01,2025-07-20,35,23.142857142857142,5
HHN-EDI-01,2025-07-21,48,31.520833333333332,11
HHN-EDI-01,2025-07-22,68,36.205882352941174,16
HHN-EDI-01,2025-07-23,34,75.17647058823529,14
HHN-EDI-01,2025-07-24,52,47.36538461538461,16
HHN-EDI-01,2025-07-25,47,38.4468085106383,11
HHN-EDI-01,2025-07-26,34,29.41176470588235,8
HHN-EDI-01,2025-07-27,49,37.06122448979592,13
HHN-EDI-01,2025-07-28,62,28.903225806451612,14
HHN-EDI-01,2025-07-29,38,20.44736842105263,6
HHN-EDI-01,2025-07-30,72,47.486111111111114,25
HHN-EDI-01,2025-07-31,41,53.63414634146341,11
HHN-EDI-01,2025-08-01,54,43.388888888888886,18
HHN-EDI-01,2025-08-02,60,46.61666666666667,18
HHN-EDI-01,2025-08-03,60,48.4,20
HHN-EDI-01,2025-08-04,49,37.04081632653061,12
HHN-EDI-01,2025-08-05,34,45.14705882352941,10
HHN-EDI-01,2025-08-06,26,54.84615384615385,9
HHN-EDI-01,2025-08-07,42,77.28571428571429,16
HHN-EDI-01,2025-08-08,39,43.666666666666664,11
HHN-EDI-01,2025-08-09,47,30.93617021276596,10
HHN-EDI-01,2025-08-10,23,52.43478260869565,9
HHN-EDI-01,2025-08-11,78,41.0,19
HHN-EDI-01,2025-08-12,71,52.87323943661972,22
HHN-EDI-01,2025-08-13,57,62.50877192982456,21
HHN-EDI-01,2025-08-14,31,61.354838709677416,13
HHN-EDI-01,2025-08-15,53,49.264150943396224,21
HHN-EDI-01,2025-08-16,63,59.01587301587302,20
HHN-EDI-01,2025-08-17,45,60.75555555555555,18
HHN-EDI-01,2025-08-18,44,17.522727272727273,7
HHN-EDI-01,2025-08-19,25,62.24,8
HHN-EDI-01,2025-08-20,64,50.1875,20
HHN-EDI-01,2025-08-21,57,54.70175438596491,19
HHN-EDI-01,2025-08-22,37,22.62162162162162,8
HHN-EDI-01,2025-08-23,65,55.92307692307692,22
HHN-EDI-01,2025-08-24,39,39.30769230769231,13
HHN-EDI-01,2025-08-25,25,38.48,6
HHN-EDI-01,2025-08-26,42,38.023809523809526,12
HHN-EDI-01,2025-08-27,35,57.142857142857146,10
HHN-EDI-01,2025-08-28,71,30.732394366197184,16
HHN-EDI-01,2025-08-29,44,37.70454545454545,11
HHN-EDI-01,2025-08-30,50,38.58,12
HHN-EDI-01,2025-08-31,41,38.63414634146341,14
HHN-EDI-01,2025-09-01,51,47.64705882352941,14
HHN-EDI-01,2025-09-02,44,40.77272727272727,8
HHN-EDI-01,2025-09-03,57,47.56140350877193,15
HHN-EDI-01,2025-09-04,43,51.53488372093023,12
HHN-EDI-01,2025-09-05,73,53.082191780821915,23
HHN-EDI-01,2025-09-06,36,30.694444444444443,10
HHN-EDI-01,2025-09-07,51,40.07843137254902,12
HHN-EDI-01,2025-09-08,30,52.666666666666664,7
HHN-EDI-01,2025-09-09,33,63.03030303030303,14
HHN-EDI-01,2025-09-10,29,39.44827586206897,6
HHN-EDI-01,2025-09-11,52,57.40384615384615,19
HHN-EDI-01,2025-09-12,42,48.714285714285715,13
HHN-EDI-01,2025-09-13,75,50.38666666666666,24
HHN-EDI-01,2025-09-14,52,33.05769230769231,13
HHN-EDI-01,2025-09-15,46,65.82608695652173,16
HHN-EDI-01,2025-09-16,45,51.55555555555556,13
HHN-EDI-01,2025-09-17,44,56.02272727272727,17
HHN-EDI-01,2025-09-18,76,49.11842105263158,22
HHN-EDI-01,2025-09-19,27,46.22222222222222,7
HHN-EDI-01,2025-09-20,84,68.11904761904762,32
HHN-EDI-01,2025-09-21,45,49.91111111111111,15
HHN-EDI-01,2025-09-22,58,36.06896551724138,15
HHN-EDI-01,2025-09-23,49,64.77551020408163,20
HHN-EDI-01,2025-09-24,52,39.26923076923077,16
HHN-EDI-01,2025-09-25,41,56.1219512195122,15
HHN-EDI-01,2025-09-26,49,46.51020408163265,17
HHN-EDI-01,2025-09-27,88,46.28409090909091,26
HHN-EDI-01,2025-09-28,52,84.09615384615384,23
HHN-EDI-01,2025-09-29,45,53.422222222222224,15
HHN-EDI-01,2025-09-30,44,39.43181818181818,13
HHN-EDI-01,2025-10-01,38,41.473684210526315,11
HHN-EDI-01,2025-10-02,74,55.33783783783784,26
HHN-EDI-01,2025-10-03,43,24.209302325581394,9
HHN-EDI-01,2025-10-04,44,55.0,15
HHN-EDI-01,2025-10-05,47,49.38297872340426,16
HHN-EDI-01,2025-10-06,83,48.65060240963855,26
HHN-EDI-01,2025-10-07,74,52.472972972972975,25
HHN-EDI-01,2025-10-08,47,56.8936170212766,15
HHN-EDI-01,2025-10-09,46,48.69565217391305,12
HHN-EDI-01,2025-10-10,66,54.5,18
HHN-EDI-01,2025-10-11,86,56.52325581395349,34
HHN-EDI-01,2025-10-12,34,35.5,10
HHN-EDI-01,2025-10-13,45,29.244444444444444,11
HHN-EDI-01,2025-10-14,28,36.464285714285715,7
HHN-EDI-01,2025-10-15,66,42.015151515151516,14
HHN-EDI-01,2025-10-16,49,59.36734693877551,15
HHN-EDI-01,2025-10-17,60,47.35,20
HHN-EDI-01,2025-10-18,64,26.546875,14
HHN-EDI-01,2025-10-19,76,50.078947368421055,22
HHN-EDI-01,2025-10-20,73,48.054794520547944,22
HHN-EDI-01,2025-10-21,61,41.80327868852459,17
HHN-EDI-01,2025-10-22,60,21.383333333333333,10
HHN-EDI-01,2025-10-23,88,33.80681818181818,24
HHN-EDI-01,2025-10-24,51,42.568627450980394,11
HHN-EDI-01,2025-10-25,78,43.756410256410255,28
HHN-EDI-01,2025-10-26,78,36.717948717948715,21
HHN-EDI-01,2025-10-27,82,41.30487804878049,21
HHN-EDI-01,2025-10-28,47,58.08510638297872,13
HHN-EDI-01,2025-10-29,58,67.62068965517241,24
HHN-EDI-01,2025-10-30,59,48.50847457627118,19
HHN-EDI-01,2025-10-31,57,53.03508771929825,20
HHN-EDI-01,2025-11-01,52,46.51923076923077,16
HHN-EDI-01,2025-11-02,78,44.17948717948718,26
HHN-EDI-01,2025-11-03,81,59.53086419753087,26
HHN-EDI-01,2025-11-04,79,40.151898734177216,23
HHN-EDI-01,2025-11-05,99,43.06060606060606,27
HHN-EDI-01,2025-11-06,54,48.666666666666664,19
HHN-EDI-01,2025-11-07,62,29.096774193548388,19
HHN-EDI-01,2025-11-08,69,48.768115942028984,21
HHN-EDI-01,2025-11-09,72,50.90277777777778,23
HHN-EDI-01,2025-11-10,74,60.472972972972975,29
HHN-EDI-01,2025-11-11,22,51.45454545454545,7
HHN-EDI-01,2025-11-12,91,38.64835164835165,23
HHN-EDI-01,2025-11-13,48,38.145833333333336,16
HHN-EDI-01,2025-11-14,70,58.92857142857143,25
HHN-EDI-01,2025-11-15,49,42.3469387755102,12
HHN-EDI-01,2025-11-16,71,51.774647887323944,25
HHN-EDI-01,2025-11-17,107,47.74766355140187,28
HHN-EDI-01,2025-11-18,50,27.5,12
HHN-EDI-01,2025-11-19,42,41.523809523809526,10
HHN-EDI-01,2025-11-20,87,44.45977011494253,24
HHN-EDI-01,2025-11-21,76,55.223684210526315,25
HHN-EDI-01,2025-11-22,38,21.42105263157895,7
HHN-EDI-01,2025-11-23,65,48.76923076923077,19
HHN-EDI-01,2025-11-24,66,47.86363636363637,17
HHN-EDI-01,2025-11-25,91,50.72527472527472,29
HHN-EDI-01,2025-11-26,40,70.025,14
HHN-EDI-01,2025-11-27,51,51.35294117647059,19
HHN-EDI-01,2025-11-28,59,44.88135593220339,17
HHN-EDI-01,2025-11-29,92,48.92391304347826,27
HHN-EDI-01,2025-11-30,84,61.5,25
HHN-EDI-01,2025-12-01,35,57.25714285714286,15
HHN-EDI-01,2025-12-02,107,53.22429906542056,32
HHN-EDI-01,2025-12-03,50,49.08,15
HHN-EDI-01,2025-12-04,74,58.58108108108108,26
HHN-EDI-01,2025-12-05,51,54.1764705882353,16
HHN-EDI-01,2025-12-06,90,37.22222222222222,27
HHN-EDI-01,2025-12-07,45,37.37777777777778,16
HHN-EDI-01,2025-12-08,90,37.955555555555556,25
HHN-EDI-01,2025-12-09,53,42.24528301886792,13
HHN-EDI-01,2025-12-10,97,40.154639175257735,27
HHN-EDI-01,2025-12-11,71,33.84507042253521,16
HHN-EDI-01,2025-12-12,94,48.638297872340424,33
HHN-EDI-01,2025-12-13,66,53.25757575757576,16
HHN-EDI-01,2025-12-14,95,53.55789473684211,35
HHN-EDI-01,2025-12-15,63,38.36507936507937,16
HHN-EDI-01,2025-12-16,115,44.791304347826085,33
HHN-EDI-01,2025-12-17,67,78.71641791044776,30
HHN-EDI-01,2025-12-18,57,48.421052631578945,16
HHN-EDI-01,2025-12-19,82,54.90243902439025,30
HHN-EDI-01,2025-12-20,64,64.328125,22
HHN-EDI-01,2025-12-21,106,58.4622641509434,34
HHN-EDI-01,2025-12-22,103,59.23300970873787,33
HHN-EDI-01,2025-12-23,86,44.04651162790697,24
HHN-EDI-01,2025-12-24,64,47.390625,18
HHN-EDI-01,2025-12-25,108,41.25,32
HHN-EDI-01,2025-12-26,81,60.77777777777778,31
HHN-EDI-01,2025-12-27,82,52.207317073170735,24
HHN-EDI-01,2025-12-28,106,39.72641509433962,24
HHN-EDI-01,2025-12-29,112,56.00892857142857,40
HHN-EDI-01,2025-12-30,64,60.953125,24
HHN-EDI-01,2025-12-31,53,42.9811320754717,14
HHN-LON-01,2024-01-01,225,49.95111111111111,71
HHN-LON-01,2024-01-02,197,45.46700507614213,60
HHN-LON-01,2024-01-03,209,61.32535885167464,72
HHN-LON-01,2024-01-04,171,54.865497076023395,59
HHN-LON-01,2024-01-05,161,46.975155279503106,48
HHN-LON-01,2024-01-06,223,48.12107623318386,59
HHN-LON-01,2024-01-07,184,45.80978260869565,55
HHN-LON-01,2024-01-08,129,44.434108527131784,37
HHN-LON-01,2024-01-09,185,43.11891891891892,55
HHN-LON-01,2024-01-10,146,62.67123287671233,50
HHN-LON-01,2024-01-11,186,39.666666666666664,51
HHN-LON-01,2024-01-12,216,40.77777777777778,61
HHN-LON-01,2024-01-13,242,59.14049586776859,87
HHN-LON-01,2024-01-14,231,48.683982683982684,73
HHN-LON-01,2024-01-15,193,53.16062176165803,58
HHN-LON-01,2024-01-16,212,43.905660377358494,67
HHN-LON-01,2024-01-17,183,51.076502732240435,61
HHN-LON-01,2024-01-18,172,36.30232558139535,50
HHN-LON-01,2024-01-19,123,44.422764227642276,32
HHN-LON-01,2024-01-20,174,45.275862068965516,47
HHN-LON-01,2024-01-21,182,41.175824175824175,47
HHN-LON-01,2024-01-22,190,46.742105263157896,59
HHN-LON-01,2024-01-23,146,51.78082191780822,38
HHN-LON-01,2024-01-24,122,57.74590163934426,41
HHN-LON-01,2024-01-25,194,54.81443298969072,66
HHN-LON-01,2024-01-26,186,62.844086021505376,64
HHN-LON-01,2024-01-27,229,37.1528384279476,53
HHN-LON-01,2024-01-28,246,46.52845528455285,69
HHN-LON-01,2024-01-29,233,46.12017167381974,63
HHN-LON-01,2024-01-30,191,48.97905759162304,58
HHN-LON-01,2024-01-31,238,53.588235294117645,79
HHN-LON-01,2024-02-01,221,52.94570135746606,67
HHN-LON-01,2024-02-02,171,53.01754385964912,54
HHN-LON-01,2024-02-03,154,46.04545454545455,49
HHN-LON-01,2024-02-04,134,58.1865671641791,42
HHN-LON-01,2024-02-05,175,51.14857142857143,54
HHN-LON-01,2024-02-06,201,52.13930348258707,64
HHN-LON-01,2024-02-07,176,49.55681818181818,53
HHN-LON-01,2024-02-08,159,39.77987421383648,42
HHN-LON-01,2024-02-09,163,60.3680981595092,57
HHN-LON-01,2024-02-10,188,39.48936170212766,49
HHN-LON-01,2024-02-11,135,46.80740740740741,38
HHN-LON-01,2024-02-12,212,47.68396226415094,65
HHN-LON-01,2024-02-13,251,44.90438247011952,73
HHN-LON-01,2024-02-14,185,37.924324324324324,46
HHN-LON-01,2024-02-15,149,60.65771812080537,59
HHN-LON-01,2024-02-16,194,47.28350515463917,53
HHN-LON-01,2024-02-17,314,48.94904458598726,99
HHN-LON-01,2024-02-18,227,51.98237885462555,68
HHN-LON-01,2024-02-19,211,47.48815165876777,64
HHN-LON-01,2024-02-20,136,46.970588235294116,40
HHN-LON-01,2024-02-21,169,42.562130177514796,47
HHN-LON-01,2024-02-22,175,58.542857142857144,61
HHN-LON-01,2024-02-23,155,36.26451612903226,42
HHN-LON-01,2024-02-24,136,44.25,38
HHN-LON-01,2024-02-25,276,51.05072463768116,87
HHN-LON-01,2024-02-26,159,33.62893081761006,42
HHN-LON-01,2024-02-27,153,46.44444444444444,44
HHN-LON-01,2024-02-28,233,48.201716738197426,73
HHN-LON-01,2024-02-29,123,49.073170731707314,39
HHN-LON-01,2024-03-01,120,52.28333333333333,38
HHN-LON-01,2024-03-02,142,55.37323943661972,44
HHN-LON-01,2024-03-03,204,51.779411764705884,59
HHN-LON-01,2024-03-04,196,43.27040816326531,52
HHN-LON-01,2024-03-05,182,44.956043956043956,58
HHN-LON-01,2024-03-06,177,45.655367231638415,44
HHN-LON-01,2024-03-07,243,47.732510288065846,72
HHN-LON-01,2024-03-08,136,58.220588235294116,48
HHN-LON-01,2024-03-09,239,46.05020920502092,69
HHN-LON-01,2024-03-10,180,55.22222222222222,61
HHN-LON-01,2024-03-11,198,45.13131313131313,56
HHN-LON-01,2024-03-12,244,37.11065573770492,68
HHN-LON-01,2024-03-13,149,45.58389261744966,45
HHN-LON-01,2024-03-14,139,44.13669064748201,39
HHN-LON-01,2024-03-15,134,34.04477611940298,35
HHN-LON-01,2024-03-16,144,48.298611111111114,45
HHN-LON-01,2024-03-17,185,53.51891891891892,56
HHN-LON-01,2024-03-18,153,40.888888888888886,35
HHN-LON-01,2024-03-19,91,51.010989010989015,27
HHN-LON-01,2024-03-20,184,49.84782608695652,63
HHN-LON-01,2024-03-21,109,45.63302752293578,33
HHN-LON-01,2024-03-22,180,47.205555555555556,53
HHN-LON-01,2024-03-23,104,46.26923076923077,30
HHN-LON-01,2024-03-24,184,46.505434782608695,57
HHN-LON-01,2024-03-25,160,58.59375,55
HHN-LON-01,2024-03-26,213,35.901408450704224,51
HHN-LON-01,2024-03-27,99,60.80808080808081,34
HHN-LON-01,2024-03-28,94,36.96808510638298,21
HHN-LON-01,2024-03-29,128,54.0390625,42
HHN-LON-01,2024-03-30,161,49.900621118012424,53
HHN-LON-01,2024-03-31,154,55.95454545454545,52
HHN-LON-01,2024-04-01,148,54.78378378378378,48
HHN-LON-01,2024-04-02,177,53.90395480225989,60
HHN-LON-01,2024-04-03,97,48.628865979381445,30
HHN-LON-01,2024-04-04,97,50.18556701030928,30
HHN-LON-01,2024-04-05,159,54.18867924528302,45
HHN-LON-01,2024-04-06,205,49.49756097560976,59
HHN-LON-01,2024-04-07,112,59.723214285714285,40
HHN-LON-01,2024-04-08,294,47.523809523809526,91
HHN-LON-01,2024-04-09,188,55.398936170212764,55
HHN-LON-01,2024-04-10,236,52.16525423728814,71
HHN-LON-01,2024-04-11,136,50.89705882352941,43
HHN-LON-01,2024-04-12,130,56.784615384615385,42
HHN-LON-01,2024-04-13,118,50.11864406779661,39
HHN-LON-01,2024-04-14,84,28.63095238095238,19
HHN-LON-01,2024-04-15,130,30.0,32
HHN-LON-01,2024-04-16,142,54.2887323943662,47
HHN-LON-01,2024-04-17,112,52.642857142857146,35
HHN-LON-01,2024-04-18,144,44.541666666666664,42
HHN-LON-01,2024-04-19,116,32.672413793103445,31
HHN-LON-01,2024-04-20,213,53.291079812206576,69
HHN-LON-01,2024-04-21,160,44.79375,46
HHN-LON-01,2024-04-22,106,45.60377358490566,33
HHN-LON-01,2024-04-23,126,51.17460317460318,45
HHN-LON-01,2024-04-24,129,39.30232558139535,35
HHN-LON-01,2024-04-25,111,53.0990990990991,38
HHN-LON-01,2024-04-26,130,52.05384615384615,40
HHN-LON-01,2024-04-27,191,58.00523560209424,71
HHN-LON-01,2024-04-28,140,29.685714285714287,30
HHN-LON-01,2024-04-29,103,48.51456310679612,34
HHN-LON-01,2024-04-30,101,40.24752475247525,28
HHN-LON-01,2024-05-01,129,42.01550387596899,34
HHN-LON-01,2024-05-02,103,38.271844660194176,27
HHN-LON-01,2024-05-03,112,48.910714285714285,34
HHN-LON-01,2024-05-04,139,42.0863309352518,36
HHN-LON-01,2024-05-05,120,45.266666666666666,36
HHN-LON-01,2024-05-06,139,53.388489208633096,45
HHN-LON-01,2024-05-07,144,34.30555555555556,39
HHN-LON-01,2024-05-08,87,34.28735632183908,23
HHN-LON-01,2024-05-09,116,52.01724137931034,32
HHN-LON-01,2024-05-10,139,55.39568345323741,46
HHN-LON-01,2024-05-11,84,41.476190476190474,22
HHN-LON-01,2024-05-12,139,39.83453237410072,33
HHN-LON-01,2024-05-13,142,44.00704225352113,44
HHN-LON-01,2024-05-14,153,34.43790849673203,35
HHN-LON-01,2024-05-15,91,57.75824175824176,32
HHN-LON-01,2024-05-16,135,49.45185185185185,42
HHN-LON-01,2024-05-17,149,41.986577181208055,42
HHN-LON-01,2024-05-18,123,46.235772357723576,35
HHN-LON-01,2024-05-19,134,57.93283582089552,44
HHN-LON-01,2024-05-20,105,47.50476190476191,32
HHN-LON-01,2024-05-21,132,68.17424242424242,53
HHN-LON-01,2024-05-22,79,34.075949367088604,16
HHN-LON-01,2024-05-23,119,38.0672268907563,33
HHN-LON-01,2024-05-24,93,40.8494623655914,27
HHN-LON-01,2024-05-25,149,52.41610738255034,54
HHN-LON-01,2024-05-26,73,36.054794520547944,19
HHN-LON-01,2024-05-27,135,45.925925925925924,39
HHN-LON-01,2024-05-28,125,52.768,45
HHN-LON-01,2024-05-29,150,63.54666666666667,56
HHN-LON-01,2024-05-30,101,44.495049504950494,25
HHN-LON-01,2024-05-31,79,63.36708860759494,32
HHN-LON-01,2024-06-01,106,48.028301886792455,29
HHN-LON-01,2024-06-02,116,41.275862068965516,31
HHN-LON-01,2024-06-03,138,39.710144927536234,38
HHN-LON-01,2024-06-04,80,56.425,28
HHN-LON-01,2024-06-05,149,48.241610738255034,43
HHN-LON-01,2024-06-06,124,54.38709677419355,44
HHN-LON-01,2024-06-07,99,50.525252525252526,27
HHN-LON-01,2024-06-08,64,42.453125,16
HHN-LON-01,2024-06-09,62,48.11290322580645,22
HHN-LON-01,2024-06-10,83,68.8433734939759,29
HHN-LON-01,2024-06-11,209,54.07177033492823,67
HHN-LON-01,2024-06-12,94,47.97872340425532,30
HHN-LON-01,2024-06-13,138,41.731884057971016,35
HHN-LON-01,2024-06-14,97,40.0,24
HHN-LON-01,2024-06-15,185,60.189189189189186,64
HHN-LON-01,2024-06-16,131,42.87022900763359,33
HHN-LON-01,2024-06-17,153,38.509803921568626,36
HHN-LON-01,2024-06-18,164,54.823170731707314,58
HHN-LON-01,2024-06-19,96,43.135416666666664,25
HHN-LON-01,2024-06-20,131,60.83206106870229,48
HHN-LON-01,2024-06-21,97,40.577319587628864,25
HHN-LON-01,2024-06-22,117,41.1025641025641,30
HHN-LON-01,2024-06-23,114,34.36842105263158,28
HHN-LON-01,2024-06-24,116,56.525862068965516,42
HHN-LON-01,2024-06-25,105,37.857142857142854,27
HHN-LON-01,2024-06-26,112,41.330357142857146,32
HHN-LON-01,2024-06-27,71,51.25352112676056,25
HHN-LON-01,2024-06-28,73,35.68493150684932,21
HHN-LON-01,2024-06-29,67,50.791044776119406,22
HHN-LON-01,2024-06-30,90,36.67777777777778,24
HHN-LON-01,2024-07-01,145,46.0,40
HHN-LON-01,2024-07-02,68,38.86764705882353,20
HHN-LON-01,2024-07-03,72,62.43055555555556,24
HHN-LON-01,2024-07-04,85,54.917647058823526,27
HHN-LON-01,2024-07-05,105,52.43809523809524,33
HHN-LON-01,2024-07-06,113,45.61946902654867,34
HHN-LON-01,2024-07-07,75,49.053333333333335,23
HHN-LON-01,2024-07-08,156,39.506410256410255,36
HHN-LON-01,2024-07-09,114,45.62280701754386,33
HHN-LON-01,2024-07-10,114,47.333333333333336,29
HHN-LON-01,2024-07-11,135,42.11851851851852,37
HHN-LON-01,2024-07-12,138,48.47826086956522,46
HHN-LON-01,2024-07-13,104,46.13461538461539,33
HHN-LON-01,2024-07-14,102,49.51960784313726,31
HHN-LON-01,2024-07-15,94,50.287234042553195,27
HHN-LON-01,2024-07-16,54,52.0,20
HHN-LON-01,2024-07-17,164,39.59756097560975,48
HHN-LON-01,2024-07-18,92,48.47826086956522,23
HHN-LON-01,2024-07-19,113,31.398230088495577,28
HHN-LON-01,2024-07-20,75,48.93333333333333,24
HHN-LON-01,2024-07-21,124,42.766129032258064,38
HHN-LON-01,2024-07-22,98,55.816326530612244,31
HHN-LON-01,2024-07-23,166,54.59036144578313,57
HHN-LON-01,2024-07-24,116,53.23275862068966,38
HHN-LON-01,2024-07-25,192,61.239583333333336,71
HHN-LON-01,2024-07-26,117,50.8034188034188,33
HHN-LON-01,2024-07-27,101,57.04950495049505,36
HHN-LON-01,2024-07-28,112,29.053571428571427,27
HHN-LON-01,2024-07-29,121,28.735537190082646,27
HHN-LON-01,2024-07-30,101,35.613861386138616,23
HHN-LON-01,2024-07-31,79,50.63291139240506,21
HHN-LON-01,2024-08-01,69,30.63768115942029,17
HHN-LON-01,2024-08-02,82,44.5,24
HHN-LON-01,2024-08-03,72,54.27777777777778,22
HHN-LON-01,2024-08-04,116,40.88793103448276,31
HHN-LON-01,2024-08-05,106,37.54716981132076,23
HHN-LON-01,2024-08-06,126,58.857142857142854,38
HHN-LON-01,2024-08-07,115,45.25217391304348,35
HHN-LON-01,2024-08-08,90,45.82222222222222,25
HHN-LON-01,2024-08-09,94,45.223404255319146,32
HHN-LON-01,2024-08-10,61,60.32786885245902,20
HHN-LON-01,2024-08-11,96,52.052083333333336,29
HHN-LON-01,2024-08-12,139,40.201438848920866,40
HHN-LON-01,2024-08-13,94,43.9468085106383,27
HHN-LON-01,2024-08-14,104,40.56730769230769,28
HHN-LON-01,2024-08-15,126,61.80952380952381,47
HHN-LON-01,2024-08-16,139,36.381294964028775,33
HHN-LON-01,2024-08-17,115,50.43478260869565,37
HHN-LON-01,2024-08-18,107,39.495327102803735,31
HHN-LON-01,2024-08-19,117,41.034188034188034,30
HHN-LON-01,2024-08-20,113,53.51327433628319,35
HHN-LON-01,2024-08-21,89,46.01123595505618,24
HHN-LON-01,2024-08-22,110,40.945454545454545,33
HHN-LON-01,2024-08-23,77,42.23376623376623,21
HHN-LON-01,2024-08-24,136,43.97794117647059,41
HHN-LON-01,2024-08-25,74,39.054054054054056,21
HHN-LON-01,2024-08-26,124,46.774193548387096,35
HHN-LON-01,2024-08-27,105,35.076190476190476,23
HHN-LON-01,2024-08-28,106,51.575471698113205,35
HHN-LON-01,2024-08-29,73,51.50684931506849,26
HHN-LON-01,2024-08-30,116,59.6551724137931,41
HHN-LON-01,2024-08-31,162,45.04938271604938,47
HHN-LON-01,2024-09-01,87,47.44827586206897,25
HHN-LON-01,2024-09-02,89,42.235955056179776,21
HHN-LON-01,2024-09-03,163,50.38036809815951,54
HHN-LON-01,2024-09-04,161,56.6583850931677,49
HHN-LON-01,2024-09-05,90,54.53333333333333,22
HHN-LON-01,2024-09-06,85,53.34117647058824,27
HHN-LON-01,2024-09-07,157,47.318471337579616,57
HHN-LON-01,2024-09-08,85,43.258823529411764,24
HHN-LON-01,2024-09-09,105,38.60952380952381,28
HHN-LON-01,2024-09-10,157,30.356687898089174,33
HHN-LON-01,2024-09-11,81,55.93827160493827,27
HHN-LON-01,2024-09-12,117,42.12820512820513,33
HHN-LON-01,2024-09-13,131,39.99236641221374,39
HHN-LON-01,2024-09-14,157,45.40127388535032,52
HHN-LON-01,2024-09-15,163,34.3680981595092,40
HHN-LON-01,2024-09-16,157,44.382165605095544,41
HHN-LON-01,2024-09-17,86,72.70930232558139,35
HHN-LON-01,2024-09-18,133,55.090225563909776,43
HHN-LON-01,2024-09-19,150,47.86666666666667,47
HHN-LON-01,2024-09-20,127,38.05511811023622,30
HHN-LON-01,2024-09-21,182,41.23626373626374,55
HHN-LON-01,2024-09-22,124,45.556451612903224,41
HHN-LON-01,2024-09-23,104,47.23076923076923,31
HHN-LON-01,2024-09-24,114,52.25438596491228,39
HHN-LON-01,2024-09-25,132,40.04545454545455,35
HHN-LON-01,2024-09-26,145,46.33793103448276,47
HHN-LON-01,2024-09-27,122,41.18852459016394,35
HHN-LON-01,2024-09-28,106,52.632075471698116,35
HHN-LON-01,2024-09-29,166,64.83734939759036,64
HHN-LON-01,2024-09-30,134,48.02238805970149,42
HHN-LON-01,2024-10-01,86,43.97674418604651,26
HHN-LON-01,2024-10-02,120,28.65,26
HHN-LON-01,2024-10-03,114,51.63157894736842,41
HHN-LON-01,2024-10-04,169,44.485207100591715,44
HHN-LON-01,2024-10-05,150,39.99333333333333,42
HHN-LON-01,2024-10-06,129,47.666666666666664,41
HHN-LON-01,2024-10-07,143,37.23076923076923,31
HHN-LON-01,2024-10-08,130,32.684615384615384,31
HHN-LON-01,2024-10-09,167,43.16167664670659,43
HHN-LON-01,2024-10-10,186,59.994623655913976,64
HHN-LON-01,2024-10-11,175,54.23428571428571,55
HHN-LON-01,2024-10-12,162,39.617283950617285,43
HHN-LON-01,2024-10-13,93,42.376344086021504,26
HHN-LON-01,2024-10-14,166,53.05421686746988,52
HHN-LON-01,2024-10-15,107,33.429906542056074,28
HHN-LON-01,2024-10-16,145,38.69655172413793,41
HHN-LON-01,2024-10-17,102,58.911764705882355,37
HHN-LON-01,2024-10-18,114,27.29824561403509,29
HHN-LON-01,2024-10-19,156,44.532051282051285,49
HHN-LON-01,2024-10-20,113,46.88495575221239,36
HHN-LON-01,2024-10-21,148,48.945945945945944,49
HHN-LON-01,2024-10-22,159,40.937106918238996,42
HHN-LON-01,2024-10-23,133,35.954887218045116,29
HHN-LON-01,2024-10-24,107,42.91588785046729,32
HHN-LON-01,2024-10-25,179,45.977653631284916,55
HHN-LON-01,2024-10-26,171,46.824561403508774,49
HHN-LON-01,2024-10-27,103,38.42718446601942,25
HHN-LON-01,2024-10-28,228,51.18859649122807,72
HHN-LON-01,2024-10-29,142,44.38732394366197,43
HHN-LON-01,2024-10-30,82,28.73170731707317,17
HHN-LON-01,2024-10-31,158,55.14556962025316,52
HHN-LON-01,2024-11-01,126,52.285714285714285,41
HHN-LON-01,2024-11-02,184,47.483695652173914,54
HHN-LON-01,2024-11-03,213,46.737089201877936,62
HHN-LON-01,2024-11-04,193,36.92746113989637,53
HHN-LON-01,2024-11-05,173,52.73988439306358,59
HHN-LON-01,2024-11-06,130,46.784615384615385,43
HHN-LON-01,2024-11-07,134,57.53731343283582,48
HHN-LON-01,2024-11-08,206,42.81553398058252,58
HHN-LON-01,2024-11-09,182,52.76923076923077,54
HHN-LON-01,2024-11-10,191,41.13089005235602,52
HHN-LON-01,2024-11-11,138,37.52173913043478,31
HHN-LON-01,2024-11-12,99,41.37373737373738,23
HHN-LON-01,2024-11-13,170,60.88823529411765,62
HHN-LON-01,2024-11-14,87,52.6551724137931,32
HHN-LON-01,2024-11-15,152,40.63815789473684,38
HHN-LON-01,2024-11-16,211,61.73933649289099,76
HHN-LON-01,2024-11-17,130,47.315384615384616,37
HHN-LON-01,2024-11-18,157,44.13375796178344,40
HHN-LON-01,2024-11-19,196,43.22959183673469,52
HHN-LON-01,2024-11-20,158,44.37341772151899,44
HHN-LON-01,2024-11-21,131,49.603053435114504,44
HHN-LON-01,2024-11-22,189,46.666666666666664,60
HHN-LON-01,2024-11-23,177,37.355932203389834,44
HHN-LON-01,2024-11-24,159,56.63522012578616,54
HHN-LON-01,2024-11-25,219,54.36986301369863,72
HHN-LON-01,2024-11-26,179,54.513966480446925,64
HHN-LON-01,2024-11-27,150,43.12,41
HHN-LON-01,2024-11-28,147,38.863945578231295,38
HHN-LON-01,2024-11-29,155,58.0,54
HHN-LON-01,2024-11-30,146,57.80821917808219,46
HHN-LON-01,2024-12-01,95,58.32631578947368,35
HHN-LON-01,2024-12-02,158,50.860759493670884,44
HHN-LON-01,2024-12-03,177,38.559322033898304,49
HHN-LON-01,2024-12-04,124,73.36290322580645,47
HHN-LON-01,2024-12-05,144,43.736111111111114,43
HHN-LON-01,2024-12-06,231,51.97402597402598,75
HHN-LON-01,2024-12-07,119,55.84033613445378,38
HHN-LON-01,2024-12-08,140,42.785714285714285,43
HHN-LON-01,2024-12-09,188,46.5531914893617,54
HHN-LON-01,2024-12-10,152,46.71052631578947,48
HHN-LON-01,2024-12-11,138,54.492753623188406,46
HHN-LON-01,2024-12-12,197,43.77157360406091,53
HHN-LON-01,2024-12-13,218,58.27064220183486,70
HHN-LON-01,2024-12-14,143,52.82517482517483,44
HHN-LON-01,2024-12-15,215,38.70232558139535,56
HHN-LON-01,2024-12-16,131,53.16793893129771,42
HHN-LON-01,2024-12-17,144,45.09722222222222,43
HHN-LON-01,2024-12-18,128,46.0625,37
HHN-LON-01,2024-12-19,195,39.235897435897435,54
HHN-LON-01,2024-12-20,186,50.94086021505376,67
HHN-LON-01,2024-12-21,175,63.628571428571426,58
HHN-LON-01,2024-12-22,135,43.71111111111111,41
HHN-LON-01,2024-12-23,204,47.11764705882353,56
HHN-LON-01,2024-12-24,262,41.16030534351145,74
HHN-LON-01,2024-12-25,191,50.518324607329845,64
HHN-LON-01,2024-12-26,187,49.213903743315505,60
HHN-LON-01,2024-12-27,121,60.11570247933884,40
HHN-LON-01,2024-12-28,198,43.378787878787875,62
HHN-LON-01,2024-12-29,177,51.50847457627118,54
HHN-LON-01,2024-12-30,163,55.012269938650306,56
HHN-LON-01,2024-12-31,148,51.07432432432432,42
HHN-LON-01,2025-01-01,179,51.06703910614525,54
HHN-LON-01,2025-01-02,175,37.45142857142857,41
HHN-LON-01,2025-01-03,215,49.72093023255814,68
HHN-LON-01,2025-01-04,198,43.101010101010104,48
HHN-LON-01,2025-01-05,93,69.65591397849462,36
HHN-LON-01,2025-01-06,161,35.79503105590062,42
HHN-LON-01,2025-01-07,178,45.061797752808985,51
HHN-LON-01,2025-01-08,184,61.83152173913044,68
HHN-LON-01,2025-01-09,210,54.147619047619045,62
HHN-LON-01,2025-01-10,229,42.93449781659389,58
HHN-LON-01,2025-01-11,218,53.39908256880734,69
HHN-LON-01,2025-01-12,201,41.51243781094527,59
HHN-LON-01,2025-01-13,123,42.203252032520325,39
HHN-LON-01,2025-01-14,114,56.921052631578945,43
HHN-LON-01,2025-01-15,221,57.977375565610856,76
HHN-LON-01,2025-01-16,160,38.41875,42
HHN-LON-01,2025-01-17,198,49.67171717171717,62
HHN-LON-01,2025-01-18,226,57.163716814159294,78
HHN-LON-01,2025-01-19,127,44.039370078740156,41
HHN-LON-01,2025-01-20,195,52.723076923076924,63
HHN-LON-01,2025-01-21,161,52.27329192546584,54
HHN-LON-01,2025-01-22,119,44.78991596638655,34
HHN-LON-01,2025-01-23,147,46.42176870748299,41
HHN-LON-01,2025-01-24,216,38.94444444444444,49
HHN-LON-01,2025-01-25,241,53.004149377593365,87
HHN-LON-01,2025-01-26,172,45.73837209302326,47
HHN-LON-01,2025-01-27,184,51.06521739130435,59
HHN-LON-01,2025-01-28,289,50.71280276816609,88
HHN-LON-01,2025-01-29,168,48.476190476190474,50
HHN-LON-01,2025-01-30,125,58.936,39
HHN-LON-01,2025-01-31,291,43.59106529209622,82
HHN-LON-01,2025-02-01,223,47.44394618834081,70
HHN-LON-01,2025-02-02,315,50.403174603174605,103
HHN-LON-01,2025-02-03,188,54.73936170212766,73
HHN-LON-01,2025-02-04,172,39.127906976744185,45
HHN-LON-01,2025-02-05,205,42.04390243902439,56
HHN-LON-01,2025-02-06,182,43.620879120879124,53
HHN-LON-01,2025-02-07,255,60.27058823529412,86
HHN-LON-01,2025-02-08,329,45.20060790273556,97
HHN-LON-01,2025-02-09,133,52.54887218045113,47
HHN-LON-01,2025-02-10,184,48.76086956521739,55
HHN-LON-01,2025-02-11,257,60.92217898832685,88
HHN-LON-01,2025-02-12,138,54.57971014492754,47
HHN-LON-01,2025-02-13,141,57.297872340425535,47
HHN-LON-01,2025-02-14,159,42.119496855345915,42
HHN-LON-01,2025-02-15,183,57.78142076502732,70
HHN-LON-01,2025-02-16,146,39.15068493150685,40
HHN-LON-01,2025-02-17,144,51.90277777777778,49
HHN-LON-01,2025-02-18,186,55.19892473118279,64
HHN-LON-01,2025-02-19,277,48.79061371841155,85
HHN-LON-01,2025-02-20,144,49.958333333333336,40
HHN-LON-01,2025-02-21,186,41.06989247311828,53
HHN-LON-01,2025-02-22,278,49.611510791366904,86
HHN-LON-01,2025-02-23,202,61.896039603960396,72
HHN-LON-01,2025-02-24,152,58.08552631578947,54
HHN-LON-01,2025-02-25,152,41.13815789473684,37
HHN-LON-01,2025-02-26,205,49.04390243902439,66
HHN-LON-01,2025-02-27,148,30.493243243243242,28
HHN-LON-01,2025-02-28,226,49.69469026548673,75
HHN-LON-01,2025-03-01,144,43.833333333333336,42
HHN-LON-01,2025-03-02,247,45.607287449392715,78
HHN-LON-01,2025-03-03,190,43.51052631578948,57
HHN-LON-01,2025-03-04,146,49.60958904109589,41
HHN-LON-01,2025-03-05,188,46.3563829787234,51
HHN-LON-01,2025-03-06,181,43.3646408839779,52
HHN-LON-01,2025-03-07,109,52.55045871559633,36
HHN-LON-01,2025-03-08,160,57.33125,58
HHN-LON-01,2025-03-09,162,37.53703703703704,42
HHN-LON-01,2025-03-10,179,40.30167597765363,39
HHN-LON-01,2025-03-11,162,51.03703703703704,56
HHN-LON-01,2025-03-12,145,51.289655172413795,45
HHN-LON-01,2025-03-13,114,44.85964912280702,34
HHN-LON-01,2025-03-14,144,41.548611111111114,41
HHN-LON-01,2025-03-15,167,43.8502994011976,46
HHN-LON-01,2025-03-16,178,45.89887640449438,53
HHN-LON-01,2025-03-17,141,42.184397163120565,37
HHN-LON-01,2025-03-18,209,45.80861244019139,60
HHN-LON-01,2025-03-19,126,40.32539682539682,32
HHN-LON-01,2025-03-20,95,64.03157894736842,35
HHN-LON-01,2025-03-21,178,41.050561797752806,54
HHN-LON-01,2025-03-22,225,45.55555555555556,63
HHN-LON-01,2025-03-23,152,45.71052631578947,55
HHN-LON-01,2025-03-24,112,34.142857142857146,33
HHN-LON-01,2025-03-25,159,40.57861635220126,44
HHN-LON-01,2025-03-26,135,43.58518518518518,40
HHN-LON-01,2025-03-27,177,39.0225988700565,50
HHN-LON-01,2025-03-28,158,48.03164556962025,48
HHN-LON-01,2025-03-29,193,42.067357512953365,55
HHN-LON-01,2025-03-30,162,44.74074074074074,49
HHN-LON-01,2025-03-31,122,53.877049180327866,30
HHN-LON-01,2025-04-01,145,40.73103448275862,36
HHN-LON-01,2025-04-02,138,50.34057971014493,42
HHN-LON-01,2025-04-03,115,46.87826086956522,32
HHN-LON-01,2025-04-04,162,47.91975308641975,52
HHN-LON-01,2025-04-05,113,51.83185840707964,30
HHN-LON-01,2025-04-06,166,39.6144578313253,45
HHN-LON-01,2025-04-07,200,47.41,67
HHN-LON-01,2025-04-08,149,33.43624161073826,37
HHN-LON-01,2025-04-09,88,53.14772727272727,28
HHN-LON-01,2025-04-10,185,50.45945945945946,57
HHN-LON-01,2025-04-11,124,35.596774193548384,30
HHN-LON-01,2025-04-12,196,43.22959183673469,62
HHN-LON-01,2025-04-13,155,53.83870967741935,49
HHN-LON-01,2025-04-14,164,51.103658536585364,44
HHN-LON-01,2025-04-15,119,47.79831932773109,36
HHN-LON-01,2025-04-16,198,40.611111111111114,56
HHN-LON-01,2025-04-17,89,37.764044943820224,22
HHN-LON-01,2025-04-18,170,54.73529411764706,54
HHN-LON-01,2025-04-19,120,34.3,26
HHN-LON-01,2025-04-20,143,65.18881118881119,55
HHN-LON-01,2025-04-21,140,52.06428571428572,51
HHN-LON-01,2025-04-22,96,58.760416666666664,37
HHN-LON-01,2025-04-23,136,43.63235294117647,37
HHN-LON-01,2025-04-24,131,53.45038167938932,36
HHN-LON-01,2025-04-25,84,57.23809523809524,28
HHN-LON-01,2025-04-26,157,42.15923566878981,45
HHN-LON-01,2025-04-27,170,44.14705882352941,51
HHN-LON-01,2025-04-28,124,67.46774193548387,49
HHN-LON-01,2025-04-29,161,42.099378881987576,43
HHN-LON-01,2025-04-30,103,52.83495145631068,30
HHN-LON-01,2025-05-01,120,51.791666666666664,37
HHN-LON-01,2025-05-02,142,44.58450704225352,39
HHN-LON-01,2025-05-03,117,48.1025641025641,32
HHN-LON-01,2025-05-04,253,51.27272727272727,80
HHN-LON-01,2025-05-05,105,44.8,26
HHN-LON-01,2025-05-06,194,66.18041237113403,74
HHN-LON-01,2025-05-07,115,63.278260869565216,42
HHN-LON-01,2025-05-08,105,48.10476190476191,35
HHN-LON-01,2025-05-09,138,48.007246376811594,40
HHN-LON-01,2025-05-10,211,38.54976303317535,56
HHN-LON-01,2025-05-11,140,44.892857142857146,47
HHN-LON-01,2025-05-12,165,41.26060606060606,37
HHN-LON-01,2025-05-13,107,41.86915887850467,31
HHN-LON-01,2025-05-14,134,47.649253731343286,40
HHN-LON-01,2025-05-15,91,48.824175824175825,30
HHN-LON-01,2025-05-16,70,36.357142857142854,21
HHN-LON-01,2025-05-17,71,37.521126760563384,15
HHN-LON-01,2025-05-18,140,59.1,51
HHN-LON-01,2025-05-19,114,50.26315789473684,39
HHN-LON-01,2025-05-20,210,48.128571428571426,59
HHN-LON-01,2025-05-21,89,42.752808988764045,25
HHN-LON-01,2025-05-22,114,34.14912280701754,30
HHN-LON-01,2025-05-23,167,62.532934131736525,57
HHN-LON-01,2025-05-24,130,54.83076923076923,45
HHN-LON-01,2025-05-25,130,52.65384615384615,42
HHN-LON-01,2025-05-26,125,36.144,35
HHN-LON-01,2025-05-27,149,59.53691275167785,59
HHN-LON-01,2025-05-28,143,39.52447552447553,43
HHN-LON-01,2025-05-29,95,49.72631578947368,33
HHN-LON-01,2025-05-30,147,58.61224489795919,51
HHN-LON-01,2025-05-31,104,48.01923076923077,34
HHN-LON-01,2025-06-01,175,55.14857142857143,55
HHN-LON-01,2025-06-02,126,58.58730158730159,46
HHN-LON-01,2025-06-03,86,43.5,23
HHN-LON-01,2025-06-04,139,47.15827338129496,40
HHN-LON-01,2025-06-05,90,43.87777777777778,30
HHN-LON-01,2025-06-06,100,41.16,23
HHN-LON-01,2025-06-07,131,60.3206106870229,50
HHN-LON-01,2025-06-08,101,39.87128712871287,27
HHN-LON-01,2025-06-09,122,41.50819672131148,32
HHN-LON-01,2025-06-10,84,60.654761904761905,27
HHN-LON-01,2025-06-11,132,42.45454545454545,35
HHN-LON-01,2025-06-12,120,57.96666666666667,38
HHN-LON-01,2025-06-13,92,44.380434782608695,24
HHN-LON-01,2025-06-14,120,46.05,37
HHN-LON-01,2025-06-15,71,25.464788732394368,14
HHN-LON-01,2025-06-16,92,40.09782608695652,28
HHN-LON-01,2025-06-17,97,43.381443298969074,31
HHN-LON-01,2025-06-18,113,47.83185840707964,36
HHN-LON-01,2025-06-19,158,52.28481012658228,48
HHN-LON-01,2025-06-20,130,50.40769230769231,42
HHN-LON-01,2025-06-21,87,49.94252873563219,30
HHN-LON-01,2025-06-22,144,38.361111111111114,35
HHN-LON-01,2025-06-23,119,55.6890756302521,38
HHN-LON-01,2025-06-24,163,43.39877300613497,48
HHN-LON-01,2025-06-25,100,41.97,27
HHN-LON-01,2025-06-26,87,50.95402298850575,29
HHN-LON-01,2025-06-27,68,72.44117647058823,27
HHN-LON-01,2025-06-28,108,42.00925925925926,31
HHN-LON-01,2025-06-29,111,35.153153153153156,25
HHN-LON-01,2025-06-30,158,50.151898734177216,48
HHN-LON-01,2025-07-01,118,49.32203389830509,38
HHN-LON-01,2025-07-02,142,42.63380281690141,38
HHN-LON-01,2025-07-03,94,43.57446808510638,26
HHN-LON-01,2025-07-04,90,50.36666666666667,26
HHN-LON-01,2025-07-05,96,50.020833333333336,31
HHN-LON-01,2025-07-06,91,56.20879120879121,29
HHN-LON-01,2025-07-07,167,36.790419161676645,39
HHN-LON-01,2025-07-08,148,57.810810810810814,53
HHN-LON-01,2025-07-09,87,32.13793103448276,19
HHN-LON-01,2025-07-10,141,40.297872340425535,37
HHN-LON-01,2025-07-11,103,39.932038834951456,31
HHN-LON-01,2025-07-12,134,40.52985074626866,32
HHN-LON-01,2025-07-13,115,34.28695652173913,33
HHN-LON-01,2025-07-14,177,42.85310734463277,49
HHN-LON-01,2025-07-15,100,46.7,30
HHN-LON-01,2025-07-16,81,45.2962962962963,24
HHN-LON-01,2025-07-17,123,49.3089430894309,34
HHN-LON-01,2025-07-18,79,42.265822784810126,21
HHN-LON-01,2025-07-19,183,60.94535519125683,70
HHN-LON-01,2025-07-20,126,35.51587301587302,37
HHN-LON-01,2025-07-21,102,59.85294117647059,35
HHN-LON-01,2025-07-22,93,42.473118279569896,26
HHN-LON-01,2025-07-23,159,49.9559748427673,48
HHN-LON-01,2025-07-24,129,50.25581395348837,43
HHN-LON-01,2025-07-25,151,52.22516556291391,49
HHN-LON-01,2025-07-26,125,53.712,46
HHN-LON-01,2025-07-27,148,46.45945945945946,49
HHN-LON-01,2025-07-28,114,58.45614035087719,44
HHN-LON-01,2025-07-29,95,38.1578947368421,21
HHN-LON-01,2025-07-30,159,54.44025157232704,55
HHN-LON-01,2025-07-31,89,48.146067415730336,28
HHN-LON-01,2025-08-01,122,54.778688524590166,40
HHN-LON-01,2025-08-02,108,47.0462962962963,33
HHN-LON-01,2025-08-03,185,42.086486486486486,50
HHN-LON-01,2025-08-04,64,45.21875,18
HHN-LON-01,2025-08-05,73,46.178082191780824,23
HHN-LON-01,2025-08-06,62,52.79032258064516,19
HHN-LON-01,2025-08-07,113,51.123893805309734,34
HHN-LON-01,2025-08-08,72,43.083333333333336,19
HHN-LON-01,2025-08-09,140,42.392857142857146,34
HHN-LON-01,2025-08-10,100,44.11,33
HHN-LON-01,2025-08-11,117,45.15384615384615,34
HHN-LON-01,2025-08-12,163,55.54601226993865,60
HHN-LON-01,2025-08-13,129,57.65891472868217,41
HHN-LON-01,2025-08-14,105,47.72380952380952,40
HHN-LON-01,2025-08-15,99,40.78787878787879,32
HHN-LON-01,2025-08-16,231,44.78354978354978,65
HHN-LON-01,2025-08-17,118,42.101694915254235,34
HHN-LON-01,2025-08-18,72,53.77777777777778,21
HHN-LON-01,2025-08-19,84,32.04761904761905,20
HHN-LON-01,2025-08-20,87,38.03448275862069,22
HHN-LON-01,2025-08-21,91,60.7032967032967,36
HHN-LON-01,2025-08-22,137,53.306569343065696,49
HHN-LON-01,2025-08-23,184,47.05978260869565,55
HHN-LON-01,2025-08-24,114,64.0,38
HHN-LON-01,2025-08-25,115,41.834782608695654,26
HHN-LON-01,2025-08-26,87,45.28735632183908,27
HHN-LON-01,2025-08-27,133,45.6015037593985,37
HHN-LON-01,2025-08-28,75,34.026666666666664,16
HHN-LON-01,2025-08-29,142,65.33098591549296,56
HHN-LON-01,2025-08-30,146,43.76027397260274,44
HHN-LON-01,2025-08-31,115,46.3304347826087,37
HHN-LON-01,2025-09-01,104,46.78846153846154,34
HHN-LON-01,2025-09-02,110,41.28181818181818,32
HHN-LON-01,2025-09-03,164,33.52439024390244,39
HHN-LON-01,2025-09-04,139,51.64028776978417,43
HHN-LON-01,2025-09-05,128,49.328125,39
HHN-LON-01,2025-09-06,110,33.14545454545455,28
HHN-LON-01,2025-09-07,135,52.666666666666664,44
HHN-LON-01,2025-09-08,164,45.96341463414634,50
HHN-LON-01,2025-09-09,70,27.1,13
HHN-LON-01,2025-09-10,147,57.224489795918366,51
HHN-LON-01,2025-09-11,108,45.51851851851852,34
HHN-LON-01,2025-09-12,122,49.057377049180324,34
HHN-LON-01,2025-09-13,89,34.53932584269663,22
HHN-LON-01,2025-09-14,171,34.88304093567251,38
HHN-LON-01,2025-09-15,167,56.0059880239521,53
HHN-LON-01,2025-09-16,111,32.18018018018018,25
HHN-LON-01,2025-09-17,94,60.276595744680854,29
HHN-LON-01,2025-09-18,86,33.91860465116279,25
HHN-LON-01,2025-09-19,160,44.49375,47
HHN-LON-01,2025-09-20,119,36.554621848739494,30
HHN-LON-01,2025-09-21,145,41.641379310344824,41
HHN-LON-01,2025-09-22,156,38.794871794871796,44
HHN-LON-01,2025-09-23,143,37.86713286713287,41
HHN-LON-01,2025-09-24,94,48.5531914893617,23
HHN-LON-01,2025-09-25,120,42.416666666666664,39
HHN-LON-01,2025-09-26,106,51.990566037735846,36
HHN-LON-01,2025-09-27,145,41.52413793103448,40
HHN-LON-01,2025-09-28,78,47.205128205128204,27
HHN-LON-01,2025-09-29,149,42.241610738255034,41
HHN-LON-01,2025-09-30,81,70.06172839506173,32
HHN-LON-01,2025-10-01,186,53.56989247311828,57
HHN-LON-01,2025-10-02,112,41.24107142857143,26
HHN-LON-01,2025-10-03,134,53.23880597014925,40
HHN-LON-01,2025-10-04,142,39.0,33
HHN-LON-01,2025-10-05,121,62.47107438016529,41
HHN-LON-01,2025-10-06,179,41.93296089385475,53
HHN-LON-01,2025-10-07,132,38.11363636363637,38
HHN-LON-01,2025-10-08,88,45.86363636363637,26
HHN-LON-01,2025-10-09,137,44.57664233576642,34
HHN-LON-01,2025-10-10,204,45.627450980392155,59
HHN-LON-01,2025-10-11,194,51.42783505154639,57
HHN-LON-01,2025-10-12,160,45.45,47
HHN-LON-01,2025-10-13,144,40.5,42
HHN-LON-01,2025-10-14,141,41.53191489361702,40
HHN-LON-01,2025-10-15,104,35.0,22
HHN-LON-01,2025-10-16,124,64.44354838709677,50
HHN-LON-01,2025-10-17,258,50.298449612403104,82
HHN-LON-01,2025-10-18,203,52.51231527093596,62
HHN-LON-01,2025-10-19,172,37.51162790697674,43
HHN-LON-01,2025-10-20,270,46.95925925925926,75
HHN-LON-01,2025-10-21,144,51.270833333333336,45
HHN-LON-01,2025-10-22,82,46.890243902439025,24
HHN-LON-01,2025-10-23,77,62.81818181818182,27
HHN-LON-01,2025-10-24,141,37.758865248226954,34
HHN-LON-01,2025-10-25,165,52.872727272727275,58
HHN-LON-01,2025-10-26,118,38.1271186440678,28
HHN-LON-01,2025-10-27,176,46.88636363636363,53
HHN-LON-01,2025-10-28,108,47.25925925925926,38
HHN-LON-01,2025-10-29,96,49.25,31
HHN-LON-01,2025-10-30,110,59.29090909090909,34
HHN-LON-01,2025-10-31,116,54.741379310344826,39
HHN-LON-01,2025-11-01,175,44.66285714285714,44
HHN-LON-01,2025-11-02,140,39.7,33
HHN-LON-01,2025-11-03,144,51.11805555555556,46
HHN-LON-01,2025-11-04,161,40.590062111801245,44
HHN-LON-01,2025-11-05,96,46.354166666666664,30
HHN-LON-01,2025-11-06,202,56.78217821782178,76
HHN-LON-01,2025-11-07,146,47.00684931506849,44
HHN-LON-01,2025-11-08,178,39.938202247191015,47
HHN-LON-01,2025-11-09,179,33.70949720670391,36
HHN-LON-01,2025-11-10,166,50.66867469879518,52
HHN-LON-01,2025-11-11,124,45.604838709677416,32
HHN-LON-01,2025-11-12,110,46.0,33
HHN-LON-01,2025-11-13,186,36.11290322580645,46
HHN-LON-01,2025-11-14,142,59.767605633802816,45
HHN-LON-01,2025-11-15,171,57.58479532163743,63
HHN-LON-01,2025-11-16,127,50.669291338582674,39
HHN-LON-01,2025-11-17,159,55.742138364779876,55
HHN-LON-01,2025-11-18,198,53.94444444444444,69
HHN-LON-01,2025-11-19,137,32.43795620437956,34
HHN-LON-01,2025-11-20,115,41.62608695652174,32
HHN-LON-01,2025-11-21,120,59.06666666666667,38
HHN-LON-01,2025-11-22,128,37.84375,33
HHN-LON-01,2025-11-23,155,48.774193548387096,42
HHN-LON-01,2025-11-24,212,37.155660377358494,54
HHN-LON-01,2025-11-25,215,52.627906976744185,67
HHN-LON-01,2025-11-26,146,53.657534246575345,46
HHN-LON-01,2025-11-27,165,46.03636363636364,51
HHN-LON-01,2025-11-28,154,45.311688311688314,44
HHN-LON-01,2025-11-29,125,47.248,36
HHN-LON-01,2025-11-30,136,43.77205882352941,41
HHN-LON-01,2025-12-01,167,43.383233532934135,44
HHN-LON-01,2025-12-02,154,47.41558441558441,44
HHN-LON-01,2025-12-03,159,55.59119496855346,51
HHN-LON-01,2025-12-04,139,38.64748201438849,41
HHN-LON-01,2025-12-05,186,49.91935483870968,60
HHN-LON-01,2025-12-06,208,45.59615384615385,63
HHN-LON-01,2025-12-07,156,46.6025641025641,48
HHN-LON-01,2025-12-08,124,52.04838709677419,41
HHN-LON-01,2025-12-09,234,49.65811965811966,78
HHN-LON-01,2025-12-10,188,57.670212765957444,65
HHN-LON-01,2025-12-11,179,52.69832402234637,56
HHN-LON-01,2025-12-12,162,49.629629629629626,49
HHN-LON-01,2025-12-13,123,39.47154471544715,33
HHN-LON-01,2025-12-14,120,40.36666666666667,34
HHN-LON-01,2025-12-15,193,47.50777202072539,58
HHN-LON-01,2025-12-16,198,56.823232323232325,68
HHN-LON-01,2025-12-17,103,39.50485436893204,30
HHN-LON-01,2025-12-18,165,51.121212121212125,61
HHN-LON-01,2025-12-19,141,50.198581560283685,45
HHN-LON-01,2025-12-20,148,39.817567567567565,42
HHN-LON-01,2025-12-21,148,41.7972972972973,43
HHN-LON-01,2025-12-22,219,50.47488584474886,68
HHN-LON-01,2025-12-23,184,45.39673913043478,49
HHN-LON-01,2025-12-24,160,47.3625,48
HHN-LON-01,2025-12-25,210,47.77619047619048,61
HHN-LON-01,2025-12-26,126,55.93650793650794,46
HHN-LON-01,2025-12-27,224,57.308035714285715,71
HHN-LON-01,2025-12-28,284,40.985915492957744,82
HHN-LON-01,2025-12-29,180,46.68333333333333,50
HHN-LON-01,2025-12-30,199,44.8391959798995,56
HHN-LON-01,2025-12-31,162,40.141975308641975,52
HHN-LON-02,2024-01-01,165,39.52121212121212,46
HHN-LON-02,2024-01-02,148,42.08108108108108,47
HHN-LON-02,2024-01-03,94,44.723404255319146,20
HHN-LON-02,2024-01-04,115,50.095652173913045,34
HHN-LON-02,2024-01-05,134,58.649253731343286,42
HHN-LON-02,2024-01-06,83,57.51807228915663,27
HHN-LON-02,2024-01-07,136,43.580882352941174,36
HHN-LON-02,2024-01-08,160,48.1125,43
HHN-LON-02,2024-01-09,109,54.80733944954128,36
HHN-LON-02,2024-01-10,132,45.28030303030303,43
HHN-LON-02,2024-01-11,71,42.605633802816904,21
HHN-LON-02,2024-01-12,86,55.127906976744185,25
HHN-LON-02,2024-01-13,106,56.81132075471698,37
HHN-LON-02,2024-01-14,197,43.47715736040609,56
HHN-LON-02,2024-01-15,59,55.220338983050844,18
HHN-LON-02,2024-01-16,149,46.87919463087248,43
HHN-LON-02,2024-01-17,124,35.08870967741935,26
HHN-LON-02,2024-01-18,120,39.525,31
HHN-LON-02,2024-01-19,95,41.410526315789475,26
HHN-LON-02,2024-01-20,152,37.13157894736842,38
HHN-LON-02,2024-01-21,87,48.14942528735632,22
HHN-LON-02,2024-01-22,154,55.40909090909091,53
HHN-LON-02,2024-01-23,145,48.97931034482759,47
HHN-LON-02,2024-01-24,103,42.601941747572816,24
HHN-LON-02,2024-01-25,102,45.431372549019606,28
HHN-LON-02,2024-01-26,107,38.47663551401869,32
HHN-LON-02,2024-01-27,130,40.723076923076924,37
HHN-LON-02,2024-01-28,145,40.282758620689656,34
HHN-LON-02,2024-01-29,198,37.40909090909091,44
HHN-LON-02,2024-01-30,129,45.08527131782946,40
HHN-LON-02,2024-01-31,139,45.53237410071942,36
HHN-LON-02,2024-02-01,102,51.470588235294116,29
HHN-LON-02,2024-02-02,101,56.148514851485146,35
HHN-LON-02,2024-02-03,166,44.48795180722892,43
HHN-LON-02,2024-02-04,126,49.86507936507937,39
HHN-LON-02,2024-02-05,131,44.786259541984734,38
HHN-LON-02,2024-02-06,104,51.17307692307692,36
HHN-LON-02,2024-02-07,121,61.99173553719008,42
HHN-LON-02,2024-02-08,120,57.7,41
HHN-LON-02,2024-02-09,210,50.13809523809524,69
HHN-LON-02,2024-02-10,154,48.74025974025974,44
HHN-LON-02,2024-02-11,89,47.39325842696629,26
HHN-LON-02,2024-02-12,157,49.095541401273884,52
HHN-LON-02,2024-02-13,158,46.98101265822785,43
HHN-LON-02,2024-02-14,143,56.87412587412587,51
HHN-LON-02,2024-02-15,160,55.6125,44
HHN-LON-02,2024-02-16,127,44.05511811023622,35
HHN-LON-02,2024-02-17,91,32.2967032967033,20
HHN-LON-02,2024-02-18,116,61.36206896551724,43
HHN-LON-02,2024-02-19,95,37.77894736842105,26
HHN-LON-02,2024-02-20,113,48.8141592920354,36
HHN-LON-02,2024-02-21,112,28.785714285714285,25
HHN-LON-02,2024-02-22,181,55.13812154696133,59
HHN-LON-02,2024-02-23,164,43.23170731707317,46
HHN-LON-02,2024-02-24,126,52.63492063492063,40
HHN-LON-02,2024-02-25,104,30.278846153846153,21
HHN-LON-02,2024-02-26,142,48.82394366197183,38
HHN-LON-02,2024-02-27,123,27.1869918699187,26
HHN-LON-02,2024-02-28,79,38.69620253164557,20
HHN-LON-02,2024-02-29,141,47.99290780141844,47
HHN-LON-02,2024-03-01,146,46.342465753424655,45
HHN-LON-02,2024-03-02,166,53.8855421686747,53
HHN-LON-02,2024-03-03,114,44.14912280701754,35
HHN-LON-02,2024-03-04,94,48.648936170212764,34
HHN-LON-02,2024-03-05,93,52.24731182795699,26
HHN-LON-02,2024-03-06,70,36.58571428571429,15
HHN-LON-02,2024-03-07,104,52.72115384615385,36
HHN-LON-02,2024-03-08,152,44.26973684210526,41
HHN-LON-02,2024-03-09,146,58.04794520547945,46
HHN-LON-02,2024-03-10,85,53.1764705882353,28
HHN-LON-02,2024-03-11,122,55.057377049180324,39
HHN-LON-02,2024-03-12,36,68.0,11
HHN-LON-02,2024-03-13,90,37.55555555555556,22
HHN-LON-02,2024-03-14,128,48.3984375,38
HHN-LON-02,2024-03-15,168,52.279761904761905,45
HHN-LON-02,2024-03-16,150,55.1,47
HHN-LON-02,2024-03-17,68,59.161764705882355,27
HHN-LON-02,2024-03-18,108,38.25,25
HHN-LON-02,2024-03-19,99,47.54545454545455,30
HHN-LON-02,2024-03-20,70,57.27142857142857,26
HHN-LON-02,2024-03-21,147,63.01360544217687,53
HHN-LON-02,2024-03-22,104,44.29807692307692,32
HHN-LON-02,2024-03-23,93,52.32258064516129,32
HHN-LON-02,2024-03-24,84,60.904761904761905,26
HHN-LON-02,2024-03-25,159,43.515723270440255,48
HHN-LON-02,2024-03-26,85,43.96470588235294,26
HHN-LON-02,2024-03-27,178,39.88202247191011,46
HHN-LON-02,2024-03-28,91,43.69230769230769,26
HHN-LON-02,2024-03-29,85,41.23529411764706,22
HHN-LON-02,2024-03-30,94,36.9468085106383,22
HHN-LON-02,2024-03-31,125,43.776,31
HHN-LON-02,2024-04-01,123,42.040650406504064,36
HHN-LON-02,2024-04-02,97,62.577319587628864,34
HHN-LON-02,2024-04-03,134,33.78358208955224,38
HHN-LON-02,2024-04-04,128,43.515625,33
HHN-LON-02,2024-04-05,68,56.26470588235294,30
HHN-LON-02,2024-04-06,142,55.140845070422536,53
HHN-LON-02,2024-04-07,71,40.76056338028169,19
HHN-LON-02,2024-04-08,64,55.25,22
HHN-LON-02,2024-04-09,90,43.86666666666667,25
HHN-LON-02,2024-04-10,66,33.59090909090909,17
HHN-LON-02,2024-04-11,58,28.586206896551722,10
HHN-LON-02,2024-04-12,125,37.216,33
HHN-LON-02,2024-04-13,83,29.289156626506024,20
HHN-LON-02,2024-04-14,128,45.3125,36
HHN-LON-02,2024-04-15,75,34.906666666666666,19
HHN-LON-02,2024-04-16,102,45.15686274509804,28
HHN-LON-02,2024-04-17,79,57.88607594936709,29
HHN-LON-02,2024-04-18,90,36.044444444444444,23
HHN-LON-02,2024-04-19,86,54.69767441860465,27
HHN-LON-02,2024-04-20,78,61.01282051282051,24
HHN-LON-02,2024-04-21,81,49.41975308641975,22
HHN-LON-02,2024-04-22,58,34.89655172413793,14
HHN-LON-02,2024-04-23,103,39.689320388349515,29
HHN-LON-02,2024-04-24,76,41.526315789473685,22
HHN-LON-02,2024-04-25,113,50.743362831858406,39
HHN-LON-02,2024-04-26,123,42.1869918699187,31
HHN-LON-02,2024-04-27,75,42.76,22
HHN-LON-02,2024-04-28,97,52.45360824742268,33
HHN-LON-02,2024-04-29,112,49.24107142857143,34
HHN-LON-02,2024-04-30,78,39.51282051282051,21
HHN-LON-02,2024-05-01,85,42.38823529411765,24
HHN-LON-02,2024-05-02,92,39.28260869565217,23
HHN-LON-02,2024-05-03,59,41.23728813559322,16
HHN-LON-02,2024-05-04,83,48.734939759036145,26
HHN-LON-02,2024-05-05,86,38.883720930232556,20
HHN-LON-02,2024-05-06,56,61.892857142857146,19
HHN-LON-02,2024-05-07,85,45.62352941176471,23
HHN-LON-02,2024-05-08,106,30.141509433962263,23
HHN-LON-02,2024-05-09,81,58.80246913580247,31
HHN-LON-02,2024-05-10,31,42.83870967741935,7
HHN-LON-02,2024-05-11,118,53.279661016949156,36
HHN-LON-02,2024-05-12,120,49.083333333333336,36
HHN-LON-02,2024-05-13,85,41.694117647058825,24
HHN-LON-02,2024-05-14,92,51.0,29
HHN-LON-02,2024-05-15,81,53.5679012345679,27
HHN-LON-02,2024-05-16,55,41.527272727272724,14
HHN-LON-02,2024-05-17,62,55.38709677419355,21
HHN-LON-02,2024-05-18,92,37.97826086956522,22
HHN-LON-02,2024-05-19,130,44.184615384615384,34
HHN-LON-02,2024-05-20,54,59.18518518518518,20
HHN-LON-02,2024-05-21,82,59.75609756097561,31
HHN-LON-02,2024-05-22,91,48.26373626373626,27
HHN-LON-02,2024-05-23,53,53.660377358490564,21
HHN-LON-02,2024-05-24,78,56.97435897435897,30
HHN-LON-02,2024-05-25,98,48.83673469387755,24
HHN-LON-02,2024-05-26,107,41.532710280373834,27
HHN-LON-02,2024-05-27,77,69.16883116883118,25
HHN-LON-02,2024-05-28,107,28.85981308411215,25
HHN-LON-02,2024-05-29,115,44.2,31
HHN-LON-02,2024-05-30,119,48.0672268907563,36
HHN-LON-02,2024-05-31,66,40.31818181818182,16
HHN-LON-02,2024-06-01,88,41.38636363636363,24
HHN-LON-02,2024-06-02,81,51.67901234567901,29
HHN-LON-02,2024-06-03,76,65.17105263157895,28
HHN-LON-02,2024-06-04,45,35.91111111111111,13
HHN-LON-02,2024-06-05,64,41.765625,15
HHN-LON-02,2024-06-06,50,42.04,15
HHN-LON-02,2024-06-07,111,49.0990990990991,34
HHN-LON-02,2024-06-08,86,37.674418604651166,22
HHN-LON-02,2024-06-09,48,36.125,12
HHN-LON-02,2024-06-10,84,41.73809523809524,25
HHN-LON-02,2024-06-11,77,31.025974025974026,15
HHN-LON-02,2024-06-12,81,55.80246913580247,25
HHN-LON-02,2024-06-13,72,35.236111111111114,18
HHN-LON-02,2024-06-14,102,32.294117647058826,24
HHN-LON-02,2024-06-15,83,57.674698795180724,27
HHN-LON-02,2024-06-16,48,42.979166666666664,11
HHN-LON-02,2024-06-17,53,52.490566037735846,16
HHN-LON-02,2024-06-18,59,51.559322033898304,17
HHN-LON-02,2024-06-19,91,44.8021978021978,25
HHN-LON-02,2024-06-20,120,52.71666666666667,33
HHN-LON-02,2024-06-21,65,51.76923076923077,21
HHN-LON-02,2024-06-22,72,45.09722222222222,23
HHN-LON-02,2024-06-23,67,36.53731343283582,15
HHN-LON-02,2024-06-24,111,52.054054054054056,35
HHN-LON-02,2024-06-25,92,48.95652173913044,29
HHN-LON-02,2024-06-26,86,51.52325581395349,29
HHN-LON-02,2024-06-27,89,76.58426966292134,40
HHN-LON-02,2024-06-28,88,34.86363636363637,21
HHN-LON-02,2024-06-29,98,36.03061224489796,24
HHN-LON-02,2024-06-30,55,54.18181818181818,18
HHN-LON-02,2024-07-01,90,57.55555555555556,35
HHN-LON-02,2024-07-02,69,49.7536231884058,22
HHN-LON-02,2024-07-03,89,43.71910112359551,24
HHN-LON-02,2024-07-04,67,44.940298507462686,20
HHN-LON-02,2024-07-05,92,54.141304347826086,31
HHN-LON-02,2024-07-06,50,55.7,15
HHN-LON-02,2024-07-07,77,47.246753246753244,23
HHN-LON-02,2024-07-08,102,40.6078431372549,29
HHN-LON-02,2024-07-09,88,63.15909090909091,31
HHN-LON-02,2024-07-10,81,52.58024691358025,25
HHN-LON-02,2024-07-11,28,45.107142857142854,7
HHN-LON-02,2024-07-12,77,48.311688311688314,23
HHN-LON-02,2024-07-13,104,58.66346153846154,40
HHN-LON-02,2024-07-14,76,49.8421052631579,25
HHN-LON-02,2024-07-15,131,41.30534351145038,32
HHN-LON-02,2024-07-16,34,42.205882352941174,9
HHN-LON-02,2024-07-17,101,52.42574257425743,38
HHN-LON-02,2024-07-18,91,56.68131868131868,31
HHN-LON-02,2024-07-19,100,52.56,32
HHN-LON-02,2024-07-20,84,49.285714285714285,23
HHN-LON-02,2024-07-21,116,47.63793103448276,37
HHN-LON-02,2024-07-22,89,61.92134831460674,34
HHN-LON-02,2024-07-23,92,40.66304347826087,26
HHN-LON-02,2024-07-24,64,56.671875,20
HHN-LON-02,2024-07-25,64,54.921875,20
HHN-LON-02,2024-07-26,86,39.02325581395349,20
HHN-LON-02,2024-07-27,63,45.6031746031746,17
HHN-LON-02,2024-07-28,44,68.86363636363636,18
HHN-LON-02,2024-07-29,77,53.01298701298701,24
HHN-LON-02,2024-07-30,58,44.56896551724138,17
HHN-LON-02,2024-07-31,73,43.06849315068493,21
HHN-LON-02,2024-08-01,62,23.483870967741936,9
HHN-LON-02,2024-08-02,41,46.97560975609756,14
HHN-LON-02,2024-08-03,89,53.98876404494382,27
HHN-LON-02,2024-08-04,90,45.0,27
HHN-LON-02,2024-08-05,76,74.9342105263158,36
HHN-LON-02,2024-08-06,77,45.142857142857146,26
HHN-LON-02,2024-08-07,79,40.949367088607595,22
HHN-LON-02,2024-08-08,90,40.077777777777776,26
HHN-LON-02,2024-08-09,75,68.93333333333334,29
HHN-LON-02,2024-08-10,58,35.03448275862069,14
HHN-LON-02,2024-08-11,77,43.1948051948052,20
HHN-LON-02,2024-08-12,56,54.964285714285715,19
HHN-LON-02,2024-08-13,49,43.48979591836735,10
HHN-LON-02,2024-08-14,84,45.69047619047619,22
HHN-LON-02,2024-08-15,88,43.625,25
HHN-LON-02,2024-08-16,79,42.32911392405063,24
HHN-LON-02,2024-08-17,26,76.6923076923077,9
HHN-LON-02,2024-08-18,68,40.911764705882355,19
HHN-LON-02,2024-08-19,66,46.696969696969695,19
HHN-LON-02,2024-08-20,66,33.10606060606061,15
HHN-LON-02,2024-08-21,55,55.836363636363636,17
HHN-LON-02,2024-08-22,64,23.546875,14
HHN-LON-02,2024-08-23,77,60.90909090909091,30
HHN-LON-02,2024-08-24,113,32.7787610619469,23
HHN-LON-02,2024-08-25,78,72.34615384615384,34
HHN-LON-02,2024-08-26,106,38.471698113207545,33
HHN-LON-02,2024-08-27,73,33.49315068493151,19
HHN-LON-02,2024-08-28,99,59.525252525252526,29
HHN-LON-02,2024-08-29,90,38.62222222222222,25
HHN-LON-02,2024-08-30,91,53.1978021978022,32
HHN-LON-02,2024-08-31,120,44.6,32
HHN-LON-02,2024-09-01,107,43.80373831775701,30
HHN-LON-02,2024-09-02,88,46.97727272727273,27
HHN-LON-02,2024-09-03,77,61.61038961038961,32
HHN-LON-02,2024-09-04,67,49.26865671641791,23
HHN-LON-02,2024-09-05,65,50.323076923076925,22
HHN-LON-02,2024-09-06,76,32.3421052631579,17
HHN-LON-02,2024-09-07,70,29.714285714285715,17
HHN-LON-02,2024-09-08,92,63.79347826086956,32
HHN-LON-02,2024-09-09,90,54.37777777777778,30
HHN-LON-02,2024-09-10,123,51.48780487804878,42
HHN-LON-02,2024-09-11,90,49.06666666666667,30
HHN-LON-02,2024-09-12,64,35.484375,15
HHN-LON-02,2024-09-13,80,47.075,26
HHN-LON-02,2024-09-14,107,49.21495327102804,32
HHN-LON-02,2024-09-15,134,49.298507462686565,43
HHN-LON-02,2024-09-16,109,49.11009174311926,36
HHN-LON-02,2024-09-17,92,61.30434782608695,31
HHN-LON-02,2024-09-18,52,32.05769230769231,12
HHN-LON-02,2024-09-19,104,41.02884615384615,20
HHN-LON-02,2024-09-20,95,42.589473684210525,24
HHN-LON-02,2024-09-21,131,51.06870229007634,45
HHN-LON-02,2024-09-22,64,42.578125,19
HHN-LON-02,2024-09-23,49,48.51020408163265,17
HHN-LON-02,2024-09-24,96,45.958333333333336,28
HHN-LON-02,2024-09-25,66,37.78787878787879,14
HHN-LON-02,2024-09-26,99,57.21212121212121,30
HHN-LON-02,2024-09-27,69,57.44927536231884,22
HHN-LON-02,2024-09-28,102,43.63725490196079,28
HHN-LON-02,2024-09-29,130,46.33076923076923,38
HHN-LON-02,2024-09-30,164,59.359756097560975,56
HHN-LON-02,2024-10-01,164,43.34756097560975,47
HHN-LON-02,2024-10-02,91,51.89010989010989,27
HHN-LON-02,2024-10-03,96,56.104166666666664,34
HHN-LON-02,2024-10-04,73,41.64383561643836,22
HHN-LON-02,2024-10-05,111,47.62162162162162,31
HHN-LON-02,2024-10-06,89,45.87640449438202,34
HHN-LON-02,2024-10-07,96,57.177083333333336,33
HHN-LON-02,2024-10-08,134,57.507462686567166,46
HHN-LON-02,2024-10-09,79,52.0,30
HHN-LON-02,2024-10-10,108,49.0,32
HHN-LON-02,2024-10-11,96,46.510416666666664,30
HHN-LON-02,2024-10-12,124,43.274193548387096,34
HHN-LON-02,2024-10-13,60,46.666666666666664,20
HHN-LON-02,2024-10-14,150,46.25333333333333,49
HHN-LON-02,2024-10-15,54,31.425925925925927,11
HHN-LON-02,2024-10-16,64,48.421875,21
HHN-LON-02,2024-10-17,58,33.87931034482759,13
HHN-LON-02,2024-10-18,76,35.14473684210526,22
HHN-LON-02,2024-10-19,104,41.72115384615385,24
HHN-LON-02,2024-10-20,132,41.65151515151515,35
HHN-LON-02,2024-10-21,82,54.170731707317074,26
HHN-LON-02,2024-10-22,68,39.955882352941174,19
HHN-LON-02,2024-10-23,124,50.685483870967744,33
HHN-LON-02,2024-10-24,105,38.647619047619045,26
HHN-LON-02,2024-10-25,129,51.27906976744186,42
HHN-LON-02,2024-10-26,126,43.25396825396825,36
HHN-LON-02,2024-10-27,125,48.536,34
HHN-LON-02,2024-10-28,174,45.666666666666664,58
HHN-LON-02,2024-10-29,98,43.8469387755102,28
HHN-LON-02,2024-10-30,111,59.68468468468468,41
HHN-LON-02,2024-10-31,86,74.33720930232558,32
HHN-LON-02,2024-11-01,66,55.54545454545455,23
HHN-LON-02,2024-11-02,129,37.093023255813954,26
HHN-LON-02,2024-11-03,88,40.70454545454545,25
HHN-LON-02,2024-11-04,80,50.6375,24
HHN-LON-02,2024-11-05,107,55.96261682242991,35
HHN-LON-02,2024-11-06,135,45.355555555555554,41
HHN-LON-02,2024-11-07,119,55.12605042016807,33
HHN-LON-02,2024-11-08,125,48.48,41
HHN-LON-02,2024-11-09,94,48.648936170212764,31
HHN-LON-02,2024-11-10,105,49.48571428571429,34
HHN-LON-02,2024-11-11,79,56.29113924050633,26
HHN-LON-02,2024-11-12,166,60.16867469879518,54
HHN-LON-02,2024-11-13,65,50.92307692307692,21
HHN-LON-02,2024-11-14,133,46.225563909774436,43
HHN-LON-02,2024-11-15,93,51.69892473118279,26
HHN-LON-02,2024-11-16,76,51.06578947368421,25
HHN-LON-02,2024-11-17,84,52.464285714285715,25
HHN-LON-02,2024-11-18,136,40.161764705882355,38
HHN-LON-02,2024-11-19,105,63.84761904761905,40
HHN-LON-02,2024-11-20,111,80.85585585585585,48
HHN-LON-02,2024-11-21,95,51.92631578947368,28
HHN-LON-02,2024-11-22,101,49.78217821782178,31
HHN-LON-02,2024-11-23,131,33.88549618320611,30
HHN-LON-02,2024-11-24,122,47.64754098360656,34
HHN-LON-02,2024-11-25,96,36.09375,27
HHN-LON-02,2024-11-26,64,37.75,16
HHN-LON-02,2024-11-27,81,47.098765432098766,25
HHN-LON-02,2024-11-28,138,47.56521739130435,43
HHN-LON-02,2024-11-29,90,61.977777777777774,33
HHN-LON-02,2024-11-30,90,46.611111111111114,24
HHN-LON-02,2024-12-01,117,39.794871794871796,29
HHN-LON-02,2024-12-02,125,59.136,43
HHN-LON-02,2024-12-03,99,58.80808080808081,38
HHN-LON-02,2024-12-04,117,43.9059829059829,34
HHN-LON-02,2024-12-05,134,46.28358208955224,39
HHN-LON-02,2024-12-06,72,48.513888888888886,25
HHN-LON-02,2024-12-07,137,46.74452554744526,41
HHN-LON-02,2024-12-08,147,42.673469387755105,42
HHN-LON-02,2024-12-09,131,56.50381679389313,46
HHN-LON-02,2024-12-10,90,30.58888888888889,19
HHN-LON-02,2024-12-11,153,46.09803921568628,50
HHN-LON-02,2024-12-12,117,52.957264957264954,33
HHN-LON-02,2024-12-13,106,55.990566037735846,38
HHN-LON-02,2024-12-14,123,40.32520325203252,35
HHN-LON-02,2024-12-15,66,43.484848484848484,17
HHN-LON-02,2024-12-16,179,40.29608938547486,43
HHN-LON-02,2024-12-17,98,40.47959183673469,25
HHN-LON-02,2024-12-18,134,35.23134328358209,31
HHN-LON-02,2024-12-19,98,61.44897959183673,36
HHN-LON-02,2024-12-20,89,47.61797752808989,27
HHN-LON-02,2024-12-21,141,45.765957446808514,40
HHN-LON-02,2024-12-22,82,46.84146341463415,24
HHN-LON-02,2024-12-23,110,48.75454545454546,34
HHN-LON-02,2024-12-24,186,35.225806451612904,47
HHN-LON-02,2024-12-25,74,52.33783783783784,23
HHN-LON-02,2024-12-26,85,52.247058823529414,30
HHN-LON-02,2024-12-27,111,52.11711711711712,34
HHN-LON-02,2024-12-28,161,42.22360248447205,51
HHN-LON-02,2024-12-29,144,39.81944444444444,42
HHN-LON-02,2024-12-30,76,58.86842105263158,24
HHN-LON-02,2024-12-31,142,28.570422535211268,29
HHN-LON-02,2025-01-01,73,56.726027397260275,25
HHN-LON-02,2025-01-02,132,39.871212121212125,39
HHN-LON-02,2025-01-03,186,29.93548387096774,39
HHN-LON-02,2025-01-04,111,69.01801801801801,36
HHN-LON-02,2025-01-05,89,66.82022471910112,33
HHN-LON-02,2025-01-06,105,45.41904761904762,33
HHN-LON-02,2025-01-07,130,62.08461538461538,49
HHN-LON-02,2025-01-08,77,55.57142857142857,25
HHN-LON-02,2025-01-09,92,49.119565217391305,27
HHN-LON-02,2025-01-10,210,41.11904761904762,54
HHN-LON-02,2025-01-11,179,35.21787709497207,43
HHN-LON-02,2025-01-12,87,56.62068965517241,29
HHN-LON-02,2025-01-13,116,39.63793103448276,36
HHN-LON-02,2025-01-14,111,47.027027027027025,34
HHN-LON-02,2025-01-15,132,45.11363636363637,34
HHN-LON-02,2025-01-16,91,47.53846153846154,26
HHN-LON-02,2025-01-17,106,39.33018867924528,26
HHN-LON-02,2025-01-18,147,48.93197278911565,42
HHN-LON-02,2025-01-19,150,38.06,39
HHN-LON-02,2025-01-20,164,52.3109756097561,48
HHN-LON-02,2025-01-21,107,51.23364485981308,30
HHN-LON-02,2025-01-22,97,44.350515463917525,29
HHN-LON-02,2025-01-23,172,59.49418604651163,69
HHN-LON-02,2025-01-24,133,42.00751879699248,38
HHN-LON-02,2025-01-25,171,40.68421052631579,47
HHN-LON-02,2025-01-26,172,38.75,38
HHN-LON-02,2025-01-27,91,42.91208791208791,26
HHN-LON-02,2025-01-28,184,48.54891304347826,61
HHN-LON-02,2025-01-29,133,40.87218045112782,36
HHN-LON-02,2025-01-30,111,52.34234234234234,40
HHN-LON-02,2025-01-31,164,51.55487804878049,49
HHN-LON-02,2025-02-01,124,46.24193548387097,39
HHN-LON-02,2025-02-02,123,51.68292682926829,42
HHN-LON-02,2025-02-03,156,49.19230769230769,47
HHN-LON-02,2025-02-04,151,43.450331125827816,42
HHN-LON-02,2025-02-05,74,46.13513513513514,18
HHN-LON-02,2025-02-06,85,25.305882352941175,20
HHN-LON-02,2025-02-07,84,72.97619047619048,38
HHN-LON-02,2025-02-08,132,42.46969696969697,39
HHN-LON-02,2025-02-09,121,57.53719008264463,42
HHN-LON-02,2025-02-10,136,44.029411764705884,36
HHN-LON-02,2025-02-11,138,45.608695652173914,42
HHN-LON-02,2025-02-12,133,53.62406015037594,44
HHN-LON-02,2025-02-13,130,35.06153846153846,30
HHN-LON-02,2025-02-14,189,39.492063492063494,52
HHN-LON-02,2025-02-15,134,60.56716417910448,51
HHN-LON-02,2025-02-16,120,51.2,37
HHN-LON-02,2025-02-17,111,53.63963963963964,35
HHN-LON-02,2025-02-18,108,43.98148148148148,29
HHN-LON-02,2025-02-19,99,51.84848484848485,32
HHN-LON-02,2025-02-20,37,33.2972972972973,9
HHN-LON-02,2025-02-21,135,34.85925925925926,38
HHN-LON-02,2025-02-22,108,48.2037037037037,32
HHN-LON-02,2025-02-23,126,46.46825396825397,39
HHN-LON-02,2025-02-24,142,37.84507042253521,34
HHN-LON-02,2025-02-25,110,36.49090909090909,28
HHN-LON-02,2025-02-26,93,36.70967741935484,23
HHN-LON-02,2025-02-27,88,35.60227272727273,22
HHN-LON-02,2025-02-28,142,40.30281690140845,35
HHN-LON-02,2025-03-01,77,45.81818181818182,24
HHN-LON-02,2025-03-02,121,51.28099173553719,33
HHN-LON-02,2025-03-03,124,58.95161290322581,44
HHN-LON-02,2025-03-04,137,54.02189781021898,44
HHN-LON-02,2025-03-05,110,36.481818181818184,24
HHN-LON-02,2025-03-06,131,39.458015267175576,35
HHN-LON-02,2025-03-07,115,69.24347826086957,48
HHN-LON-02,2025-03-08,138,41.10144927536232,36
HHN-LON-02,2025-03-09,114,44.578947368421055,29
HHN-LON-02,2025-03-10,90,41.05555555555556,26
HHN-LON-02,2025-03-11,96,36.520833333333336,23
HHN-LON-02,2025-03-12,106,37.34905660377358,25
HHN-LON-02,2025-03-13,99,47.01010101010101,31
HHN-LON-02,2025-03-14,62,53.45161290322581,20
HHN-LON-02,2025-03-15,93,51.354838709677416,27
HHN-LON-02,2025-03-16,63,45.666666666666664,20
HHN-LON-02,2025-03-17,153,58.12418300653595,53
HHN-LON-02,2025-03-18,119,39.90756302521008,35
HHN-LON-02,2025-03-19,113,48.743362831858406,39
HHN-LON-02,2025-03-20,105,56.44761904761905,38
HHN-LON-02,2025-03-21,84,35.57142857142857,16
HHN-LON-02,2025-03-22,101,58.04950495049505,38
HHN-LON-02,2025-03-23,150,37.473333333333336,35
HHN-LON-02,2025-03-24,116,39.525862068965516,34
HHN-LON-02,2025-03-25,130,59.315384615384616,47
HHN-LON-02,2025-03-26,126,37.07936507936508,30
HHN-LON-02,2025-03-27,101,51.415841584158414,33
HHN-LON-02,2025-03-28,106,22.79245283018868,13
HHN-LON-02,2025-03-29,88,45.23863636363637,22
HHN-LON-02,2025-03-30,88,40.94318181818182,23
HHN-LON-02,2025-03-31,100,46.87,29
HHN-LON-02,2025-04-01,105,49.10476190476191,33
HHN-LON-02,2025-04-02,89,44.651685393258425,25
HHN-LON-02,2025-04-03,137,55.934306569343065,45
HHN-LON-02,2025-04-04,75,50.733333333333334,24
HHN-LON-02,2025-04-05,166,50.31927710843374,55
HHN-LON-02,2025-04-06,58,49.189655172413794,16
HHN-LON-02,2025-04-07,119,38.49579831932773,34
HHN-LON-02,2025-04-08,70,57.55714285714286,28
HHN-LON-02,2025-04-09,85,42.811764705882354,22
HHN-LON-02,2025-04-10,100,53.05,31
HHN-LON-02,2025-04-11,150,41.913333333333334,44
HHN-LON-02,2025-04-12,76,61.23684210526316,28
HHN-LON-02,2025-04-13,101,55.633663366336634,34
HHN-LON-02,2025-04-14,142,47.54929577464789,43
HHN-LON-02,2025-04-15,78,53.53846153846154,24
HHN-LON-02,2025-04-16,93,45.956989247311824,27
HHN-LON-02,2025-04-17,92,37.43478260869565,22
HHN-LON-02,2025-04-18,72,46.541666666666664,20
HHN-LON-02,2025-04-19,127,45.503937007874015,36
HHN-LON-02,2025-04-20,78,42.0,21
HHN-LON-02,2025-04-21,89,54.168539325842694,28
HHN-LON-02,2025-04-22,60,40.983333333333334,19
HHN-LON-02,2025-04-23,68,63.411764705882355,27
HHN-LON-02,2025-04-24,96,34.458333333333336,24
HHN-LON-02,2025-04-25,77,35.72727272727273,18
HHN-LON-02,2025-04-26,85,59.51764705882353,30
HHN-LON-02,2025-04-27,78,41.07692307692308,18
HHN-LON-02,2025-04-28,104,65.28846153846153,41
HHN-LON-02,2025-04-29,102,48.8235294117647,32
HHN-LON-02,2025-04-30,86,35.58139534883721,27
HHN-LON-02,2025-05-01,68,52.044117647058826,19
HHN-LON-02,2025-05-02,89,49.62921348314607,27
HHN-LON-02,2025-05-03,69,61.710144927536234,23
HHN-LON-02,2025-05-04,92,50.02173913043478,25
HHN-LON-02,2025-05-05,78,48.743589743589745,21
HHN-LON-02,2025-05-06,83,69.67469879518072,32
HHN-LON-02,2025-05-07,66,35.25757575757576,16
HHN-LON-02,2025-05-08,104,52.26923076923077,35
HHN-LON-02,2025-05-09,124,57.145161290322584,45
HHN-LON-02,2025-05-10,81,40.51851851851852,22
HHN-LON-02,2025-05-11,107,41.467289719626166,33
HHN-LON-02,2025-05-12,101,59.04950495049505,35
HHN-LON-02,2025-05-13,64,43.6875,19
HHN-LON-02,2025-05-14,59,31.11864406779661,14
HHN-LON-02,2025-05-15,98,38.86734693877551,24
HHN-LON-02,2025-05-16,93,58.32258064516129,33
HHN-LON-02,2025-05-17,77,33.42857142857143,17
HHN-LON-02,2025-05-18,99,27.656565656565657,19
HHN-LON-02,2025-05-19,112,41.839285714285715,34
HHN-LON-02,2025-05-20,79,35.41772151898734,17
HHN-LON-02,2025-05-21,78,66.75641025641026,27
HHN-LON-02,2025-05-22,96,43.989583333333336,28
HHN-LON-02,2025-05-23,70,35.614285714285714,17
HHN-LON-02,2025-05-24,91,35.417582417582416,19
HHN-LON-02,2025-05-25,65,57.01538461538462,22
HHN-LON-02,2025-05-26,77,43.103896103896105,22
HHN-LON-02,2025-05-27,88,37.84090909090909,21
HHN-LON-02,2025-05-28,63,49.06349206349206,17
HHN-LON-02,2025-05-29,92,56.19565217391305,30
HHN-LON-02,2025-05-30,103,54.15533980582524,35
HHN-LON-02,2025-05-31,145,66.88275862068966,57
HHN-LON-02,2025-06-01,113,44.389380530973455,33
HHN-LON-02,2025-06-02,110,65.18181818181819,44
HHN-LON-02,2025-06-03,63,43.23809523809524,15
HHN-LON-02,2025-06-04,59,46.76271186440678,15
HHN-LON-02,2025-06-05,78,50.64102564102564,21
HHN-LON-02,2025-06-06,85,53.77647058823529,27
HHN-LON-02,2025-06-07,107,55.177570093457945,39
HHN-LON-02,2025-06-08,76,41.85526315789474,23
HHN-LON-02,2025-06-09,111,53.909909909909906,33
HHN-LON-02,2025-06-10,63,50.904761904761905,18
HHN-LON-02,2025-06-11,68,72.91176470588235,26
HHN-LON-02,2025-06-12,95,64.05263157894737,37
HHN-LON-02,2025-06-13,106,38.716981132075475,27
HHN-LON-02,2025-06-14,75,41.693333333333335,18
HHN-LON-02,2025-06-15,59,33.52542372881356,11
HHN-LON-02,2025-06-16,126,56.53174603174603,48
HHN-LON-02,2025-06-17,50,73.36,16
HHN-LON-02,2025-06-18,98,42.173469387755105,31
HHN-LON-02,2025-06-19,109,50.44954128440367,38
HHN-LON-02,2025-06-20,64,44.78125,19
HHN-LON-02,2025-06-21,67,34.223880597014926,16
HHN-LON-02,2025-06-22,72,50.09722222222222,24
HHN-LON-02,2025-06-23,95,62.38947368421053,35
HHN-LON-02,2025-06-24,89,57.60674157303371,31
HHN-LON-02,2025-06-25,97,44.628865979381445,28
HHN-LON-02,2025-06-26,108,49.2962962962963,32
HHN-LON-02,2025-06-27,53,44.924528301886795,15
HHN-LON-02,2025-06-28,104,42.53846153846154,29
HHN-LON-02,2025-06-29,110,39.63636363636363,29
HHN-LON-02,2025-06-30,95,44.49473684210526,27
HHN-LON-02,2025-07-01,79,53.379746835443036,26
HHN-LON-02,2025-07-02,47,65.42553191489361,20
HHN-LON-02,2025-07-03,70,19.914285714285715,12
HHN-LON-02,2025-07-04,67,50.61194029850746,26
HHN-LON-02,2025-07-05,66,43.45454545454545,24
HHN-LON-02,2025-07-06,67,56.67164179104478,24
HHN-LON-02,2025-07-07,90,53.9,31
HHN-LON-02,2025-07-08,74,56.810810810810814,22
HHN-LON-02,2025-07-09,24,44.958333333333336,10
HHN-LON-02,2025-07-10,61,66.85245901639344,26
HHN-LON-02,2025-07-11,76,66.17105263157895,25
HHN-LON-02,2025-07-12,77,48.883116883116884,23
HHN-LON-02,2025-07-13,71,36.36619718309859,16
HHN-LON-02,2025-07-14,61,60.36065573770492,22
HHN-LON-02,2025-07-15,98,55.673469387755105,29
HHN-LON-02,2025-07-16,94,58.41489361702128,28
HHN-LON-02,2025-07-17,80,51.8375,32
HHN-LON-02,2025-07-18,72,50.44444444444444,22
HHN-LON-02,2025-07-19,75,53.626666666666665,25
HHN-LON-02,2025-07-20,121,62.30578512396694,42
HHN-LON-02,2025-07-21,63,35.15873015873016,19
HHN-LON-02,2025-07-22,63,44.79365079365079,17
HHN-LON-02,2025-07-23,54,33.53703703703704,12
HHN-LON-02,2025-07-24,67,68.32835820895522,28
HHN-LON-02,2025-07-25,86,40.883720930232556,28
HHN-LON-02,2025-07-26,76,32.11842105263158,15
HHN-LON-02,2025-07-27,69,45.608695652173914,21
HHN-LON-02,2025-07-28,73,48.87671232876713,20
HHN-LON-02,2025-07-29,83,54.0722891566265,30
HHN-LON-02,2025-07-30,49,45.40816326530612,16
HHN-LON-02,2025-07-31,78,29.44871794871795,17
HHN-LON-02,2025-08-01,58,30.96551724137931,14
HHN-LON-02,2025-08-02,109,44.15596330275229,32
HHN-LON-02,2025-08-03,88,58.51136363636363,28
HHN-LON-02,2025-08-04,79,68.58227848101266,32
HHN-LON-02,2025-08-05,66,48.74242424242424,17
HHN-LON-02,2025-08-06,59,60.28813559322034,22
HHN-LON-02,2025-08-07,67,54.43283582089552,23
HHN-LON-02,2025-08-08,69,42.42028985507246,19
HHN-LON-02,2025-08-09,78,38.65384615384615,22
HHN-LON-02,2025-08-10,76,32.81578947368421,18
HHN-LON-02,2025-08-11,60,76.26666666666667,23
HHN-LON-02,2025-08-12,31,30.129032258064516,5
HHN-LON-02,2025-08-13,82,40.76829268292683,26
HHN-LON-02,2025-08-14,84,33.92857142857143,22
HHN-LON-02,2025-08-15,101,54.35643564356435,32
HHN-LON-02,2025-08-16,90,69.2,32
HHN-LON-02,2025-08-17,66,24.545454545454547,13
HHN-LON-02,2025-08-18,55,42.74545454545454,16
HHN-LON-02,2025-08-19,83,46.08433734939759,25
HHN-LON-02,2025-08-20,60,50.53333333333333,18
HHN-LON-02,2025-08-21,54,45.44444444444444,18
HHN-LON-02,2025-08-22,117,55.52991452991453,37
HHN-LON-02,2025-08-23,79,63.11392405063291,30
HHN-LON-02,2025-08-24,69,50.81159420289855,25
HHN-LON-02,2025-08-25,65,52.07692307692308,26
HHN-LON-02,2025-08-26,75,61.17333333333333,28
HHN-LON-02,2025-08-27,62,40.016129032258064,17
HHN-LON-02,2025-08-28,79,46.063291139240505,25
HHN-LON-02,2025-08-29,63,29.333333333333332,11
HHN-LON-02,2025-08-30,68,45.25,22
HHN-LON-02,2025-08-31,49,57.265306122448976,14
HHN-LON-02,2025-09-01,105,55.476190476190474,41
HHN-LON-02,2025-09-02,51,68.66666666666667,18
HHN-LON-02,2025-09-03,54,53.77777777777778,18
HHN-LON-02,2025-09-04,79,37.10126582278481,22
HHN-LON-02,2025-09-05,70,34.97142857142857,13
HHN-LON-02,2025-09-06,104,48.06730769230769,29
HHN-LON-02,2025-09-07,123,36.0,33
HHN-LON-02,2025-09-08,94,56.648936170212764,28
HHN-LON-02,2025-09-09,103,60.14563106796116,38
HHN-LON-02,2025-09-10,81,44.03703703703704,22
HHN-LON-02,2025-09-11,124,53.79032258064516,44
HHN-LON-02,2025-09-12,121,44.36363636363637,40
HHN-LON-02,2025-09-13,120,39.083333333333336,38
HHN-LON-02,2025-09-14,101,45.663366336633665,28
HHN-LON-02,2025-09-15,47,52.148936170212764,16
HHN-LON-02,2025-09-16,91,39.30769230769231,27
HHN-LON-02,2025-09-17,92,47.69565217391305,27
HHN-LON-02,2025-09-18,52,43.32692307692308,11
HHN-LON-02,2025-09-19,100,42.76,26
HHN-LON-02,2025-09-20,78,55.38461538461539,26
HHN-LON-02,2025-09-21,97,38.608247422680414,24
HHN-LON-02,2025-09-22,59,59.45762711864407,23
HHN-LON-02,2025-09-23,85,59.23529411764706,30
HHN-LON-02,2025-09-24,63,30.6984126984127,12
HHN-LON-02,2025-09-25,61,49.967213114754095,17
HHN-LON-02,2025-09-26,122,48.31967213114754,38
HHN-LON-02,2025-09-27,103,50.601941747572816,30
HHN-LON-02,2025-09-28,94,49.40425531914894,29
HHN-LON-02,2025-09-29,134,64.66417910447761,49
HHN-LON-02,2025-09-30,77,49.87012987012987,25
HHN-LON-02,2025-10-01,61,59.49180327868852,21
HHN-LON-02,2025-10-02,77,41.33766233766234,16
HHN-LON-02,2025-10-03,80,50.7875,25
HHN-LON-02,2025-10-04,128,40.8125,35
HHN-LON-02,2025-10-05,116,46.689655172413794,33
HHN-LON-02,2025-10-06,112,57.473214285714285,37
HHN-LON-02,2025-10-07,69,27.63768115942029,16
HHN-LON-02,2025-10-08,119,39.32773109243698,33
HHN-LON-02,2025-10-09,107,66.4766355140187,41
HHN-LON-02,2025-10-10,134,55.74626865671642,46
HHN-LON-02,2025-10-11,90,60.48888888888889,31
HHN-LON-02,2025-10-12,99,45.25252525252525,28
HHN-LON-02,2025-10-13,166,46.13253012048193,49
HHN-LON-02,2025-10-14,82,52.609756097560975,26
HHN-LON-02,2025-10-15,73,52.082191780821915,23
HHN-LON-02,2025-10-16,110,53.28181818181818,34
HHN-LON-02,2025-10-17,96,51.864583333333336,33
HHN-LON-02,2025-10-18,84,56.69047619047619,31
HHN-LON-02,2025-10-19,74,33.37837837837838,20
HHN-LON-02,2025-10-20,97,29.082474226804123,23
HHN-LON-02,2025-10-21,103,43.43689320388349,28
HHN-LON-02,2025-10-22,98,48.01020408163265,27
HHN-LON-02,2025-10-23,86,43.325581395348834,27
HHN-LON-02,2025-10-24,66,39.515151515151516,16
HHN-LON-02,2025-10-25,73,51.50684931506849,24
HHN-LON-02,2025-10-26,102,47.3235294117647,32
HHN-LON-02,2025-10-27,92,61.25,31
HHN-LON-02,2025-10-28,119,41.84033613445378,31
HHN-LON-02,2025-10-29,105,44.06666666666667,28
HHN-LON-02,2025-10-30,78,52.256410256410255,25
HHN-LON-02,2025-10-31,96,48.5,27
HHN-LON-02,2025-11-01,65,45.13846153846154,24
HHN-LON-02,2025-11-02,174,48.55172413793103,55
HHN-LON-02,2025-11-03,83,45.493975903614455,23
HHN-LON-02,2025-11-04,108,45.592592592592595,30
HHN-LON-02,2025-11-05,126,48.595238095238095,33
HHN-LON-02,2025-11-06,69,60.94202898550725,26
HHN-LON-02,2025-11-07,96,58.291666666666664,33
HHN-LON-02,2025-11-08,105,47.542857142857144,33
HHN-LON-02,2025-11-09,79,37.25316455696203,20
HHN-LON-02,2025-11-10,113,38.16814159292036,25
HHN-LON-02,2025-11-11,84,49.142857142857146,28
HHN-LON-02,2025-11-12,63,49.95238095238095,18
HHN-LON-02,2025-11-13,94,41.98936170212766,30
HHN-LON-02,2025-11-14,89,42.02247191011236,22
HHN-LON-02,2025-11-15,109,47.76146788990825,35
HHN-LON-02,2025-11-16,90,41.24444444444445,21
HHN-LON-02,2025-11-17,84,47.916666666666664,24
HHN-LON-02,2025-11-18,79,65.35443037974683,27
HHN-LON-02,2025-11-19,112,59.982142857142854,39
HHN-LON-02,2025-11-20,120,43.925,30
HHN-LON-02,2025-11-21,116,36.41379310344828,30
HHN-LON-02,2025-11-22,105,53.68571428571428,33
HHN-LON-02,2025-11-23,71,45.859154929577464,20
HHN-LON-02,2025-11-24,139,46.68345323741007,42
HHN-LON-02,2025-11-25,141,35.86524822695036,37
HHN-LON-02,2025-11-26,90,35.766666666666666,22
HHN-LON-02,2025-11-27,142,54.19718309859155,43
HHN-LON-02,2025-11-28,109,52.981651376146786,31
HHN-LON-02,2025-11-29,63,44.82539682539682,16
HHN-LON-02,2025-11-30,135,41.34814814814815,35
HHN-LON-02,2025-12-01,137,49.24817518248175,42
HHN-LON-02,2025-12-02,143,48.54545454545455,43
HHN-LON-02,2025-12-03,155,51.63870967741936,48
HHN-LON-02,2025-12-04,155,41.57419354838709,45
HHN-LON-02,2025-12-05,87,36.88505747126437,22
HHN-LON-02,2025-12-06,123,60.59349593495935,46
HHN-LON-02,2025-12-07,118,47.1271186440678,36
HHN-LON-02,2025-12-08,135,51.266666666666666,46
HHN-LON-02,2025-12-09,190,45.05263157894737,65
HHN-LON-02,2025-12-10,115,54.11304347826087,34
HHN-LON-02,2025-12-11,103,45.81553398058252,29
HHN-LON-02,2025-12-12,119,41.747899159663866,32
HHN-LON-02,2025-12-13,107,62.14018691588785,40
HHN-LON-02,2025-12-14,198,44.015151515151516,57
HHN-LON-02,2025-12-15,173,44.10982658959538,42
HHN-LON-02,2025-12-16,73,31.78082191780822,18
HHN-LON-02,2025-12-17,110,60.5,42
HHN-LON-02,2025-12-18,143,37.31468531468531,36
HHN-LON-02,2025-12-19,120,37.641666666666666,34
HHN-LON-02,2025-12-20,151,41.17880794701987,44
HHN-LON-02,2025-12-21,106,53.179245283018865,34
HHN-LON-02,2025-12-22,106,62.35849056603774,42
HHN-LON-02,2025-12-23,123,61.666666666666664,41
HHN-LON-02,2025-12-24,102,39.8921568627451,22
HHN-LON-02,2025-12-25,133,47.56390977443609,44
HHN-LON-02,2025-12-26,112,29.1875,27
HHN-LON-02,2025-12-27,154,51.68181818181818,46
HHN-LON-02,2025-12-28,143,54.23076923076923,47
HHN-LON-02,2025-12-29,111,46.24324324324324,31
HHN-LON-02,2025-12-30,147,48.44897959183673,43
HHN-LON-02,2025-12-31,125,32.936,28
HHN-MAN-01,2024-01-01,140,42.72142857142857,38
HHN-MAN-01,2024-01-02,130,37.83076923076923,31
HHN-MAN-01,2024-01-03,95,39.97894736842105,23
HHN-MAN-01,2024-01-04,106,30.150943396226417,20
HHN-MAN-01,2024-01-05,177,39.92090395480226,49
HHN-MAN-01,2024-01-06,144,38.75694444444444,40
HHN-MAN-01,2024-01-07,132,46.11363636363637,37
HHN-MAN-01,2024-01-08,178,45.00561797752809,56
HHN-MAN-01,2024-01-09,136,39.125,34
HHN-MAN-01,2024-01-10,149,46.70469798657718,43
HHN-MAN-01,2024-01-11,93,52.225806451612904,29
HHN-MAN-01,2024-01-12,160,48.95,43
HHN-MAN-01,2024-01-13,148,50.91216216216216,42
HHN-MAN-01,2024-01-14,179,45.01675977653631,49
HHN-MAN-01,2024-01-15,120,36.96666666666667,28
HHN-MAN-01,2024-01-16,112,43.705357142857146,31
HHN-MAN-01,2024-01-17,72,37.05555555555556,16
HHN-MAN-01,2024-01-18,175,43.605714285714285,52
HHN-MAN-01,2024-01-19,130,51.7,42
HHN-MAN-01,2024-01-20,115,48.391304347826086,35
HHN-MAN-01,2024-01-21,132,52.628787878787875,42
HHN-MAN-01,2024-01-22,139,39.0,35
HHN-MAN-01,2024-01-23,187,44.24598930481283,53
HHN-MAN-01,2024-01-24,71,88.66197183098592,31
HHN-MAN-01,2024-01-25,135,53.785185185185185,50
HHN-MAN-01,2024-01-26,106,59.22641509433962,42
HHN-MAN-01,2024-01-27,101,59.75247524752475,37
HHN-MAN-01,2024-01-28,77,51.54545454545455,31
HHN-MAN-01,2024-01-29,156,41.333333333333336,44
HHN-MAN-01,2024-01-30,168,53.29761904761905,54
HHN-MAN-01,2024-01-31,123,40.34146341463415,39
HHN-MAN-01,2024-02-01,182,47.05494505494506,54
HHN-MAN-01,2024-02-02,159,54.40880503144654,56
HHN-MAN-01,2024-02-03,103,47.41747572815534,32
HHN-MAN-01,2024-02-04,160,51.73125,54
HHN-MAN-01,2024-02-05,148,51.28378378378378,48
HHN-MAN-01,2024-02-06,139,56.172661870503596,47
HHN-MAN-01,2024-02-07,127,49.04724409448819,40
HHN-MAN-01,2024-02-08,110,53.77272727272727,32
HHN-MAN-01,2024-02-09,89,58.561797752808985,32
HHN-MAN-01,2024-02-10,126,52.45238095238095,42
HHN-MAN-01,2024-02-11,202,46.23762376237624,58
HHN-MAN-01,2024-02-12,154,35.95454545454545,43
HHN-MAN-01,2024-02-13,140,58.364285714285714,52
HHN-MAN-01,2024-02-14,169,56.0414201183432,60
HHN-MAN-01,2024-02-15,174,53.333333333333336,51
HHN-MAN-01,2024-02-16,96,30.239583333333332,23
HHN-MAN-01,2024-02-17,96,50.78125,33
HHN-MAN-01,2024-02-18,141,44.93617021276596,45
HHN-MAN-01,2024-02-19,139,46.07913669064748,44
HHN-MAN-01,2024-02-20,182,45.61538461538461,52
HHN-MAN-01,2024-02-21,140,45.40714285714286,44
HHN-MAN-01,2024-02-22,109,59.34862385321101,38
HHN-MAN-01,2024-02-23,124,49.20967741935484,36
HHN-MAN-01,2024-02-24,117,55.38461538461539,42
HHN-MAN-01,2024-02-25,215,39.42790697674418,56
HHN-MAN-01,2024-02-26,110,52.35454545454545,34
HHN-MAN-01,2024-02-27,115,41.13913043478261,34
HHN-MAN-01,2024-02-28,148,45.37837837837838,45
HHN-MAN-01,2024-02-29,90,36.25555555555555,23
HHN-MAN-01,2024-03-01,133,50.50375939849624,39
HHN-MAN-01,2024-03-02,162,48.91358024691358,46
HHN-MAN-01,2024-03-03,130,56.42307692307692,45
HHN-MAN-01,2024-03-04,84,32.04761904761905,16
HHN-MAN-01,2024-03-05,123,56.41463414634146,39
HHN-MAN-01,2024-03-06,135,45.525925925925925,40
HHN-MAN-01,2024-03-07,100,57.65,33
HHN-MAN-01,2024-03-08,103,67.12621359223301,37
HHN-MAN-01,2024-03-09,180,53.43333333333333,60
HHN-MAN-01,2024-03-10,175,42.48571428571429,48
HHN-MAN-01,2024-03-11,132,44.40151515151515,37
HHN-MAN-01,2024-03-12,76,51.3421052631579,25
HHN-MAN-01,2024-03-13,130,37.16153846153846,33
HHN-MAN-01,2024-03-14,98,47.6530612244898,29
HHN-MAN-01,2024-03-15,170,36.94705882352941,46
HHN-MAN-01,2024-03-16,126,43.51587301587302,34
HHN-MAN-01,2024-03-17,144,35.78472222222222,35
HHN-MAN-01,2024-03-18,153,48.90196078431372,48
HHN-MAN-01,2024-03-19,104,49.18269230769231,30
HHN-MAN-01,2024-03-20,120,56.38333333333333,44
HHN-MAN-01,2024-03-21,125,45.568,35
HHN-MAN-01,2024-03-22,133,47.58646616541353,40
HHN-MAN-01,2024-03-23,175,52.04571428571428,58
HHN-MAN-01,2024-03-24,113,56.43362831858407,41
HHN-MAN-01,2024-03-25,138,39.89855072463768,36
HHN-MAN-01,2024-03-26,55,60.36363636363637,17
HHN-MAN-01,2024-03-27,141,45.4822695035461,41
HHN-MAN-01,2024-03-28,80,41.475,25
HHN-MAN-01,2024-03-29,90,50.28888888888889,28
HHN-MAN-01,2024-03-30,87,56.770114942528735,33
HHN-MAN-01,2024-03-31,122,33.15573770491803,29
HHN-MAN-01,2024-04-01,97,41.92783505154639,23
HHN-MAN-01,2024-04-02,71,41.521126760563384,17
HHN-MAN-01,2024-04-03,80,52.75,29
HHN-MAN-01,2024-04-04,115,45.59130434782609,32
HHN-MAN-01,2024-04-05,151,47.27814569536424,47
HHN-MAN-01,2024-04-06,67,42.47761194029851,18
HHN-MAN-01,2024-04-07,126,54.8968253968254,43
HHN-MAN-01,2024-04-08,96,50.395833333333336,28
HHN-MAN-01,2024-04-09,132,46.93939393939394,38
HHN-MAN-01,2024-04-10,83,39.506024096385545,23
HHN-MAN-01,2024-04-11,158,50.037974683544306,49
HHN-MAN-01,2024-04-12,91,44.27472527472528,27
HHN-MAN-01,2024-04-13,105,40.17142857142857,29
HHN-MAN-01,2024-04-14,102,60.6764705882353,38
HHN-MAN-01,2024-04-15,150,41.766666666666666,46
HHN-MAN-01,2024-04-16,88,50.75,30
HHN-MAN-01,2024-04-17,108,42.00925925925926,31
HHN-MAN-01,2024-04-18,89,46.831460674157306,27
HHN-MAN-01,2024-04-19,109,28.724770642201836,23
HHN-MAN-01,2024-04-20,125,42.144,37
HHN-MAN-01,2024-04-21,117,50.1965811965812,41
HHN-MAN-01,2024-04-22,121,51.02479338842975,34
HHN-MAN-01,2024-04-23,136,45.10294117647059,38
HHN-MAN-01,2024-04-24,108,35.00925925925926,26
HHN-MAN-01,2024-04-25,120,64.53333333333333,48
HHN-MAN-01,2024-04-26,98,51.43877551020408,25
HHN-MAN-01,2024-04-27,78,48.61538461538461,23
HHN-MAN-01,2024-04-28,122,63.19672131147541,48
HHN-MAN-01,2024-04-29,153,50.333333333333336,46
HHN-MAN-01,2024-04-30,126,43.611111111111114,33
HHN-MAN-01,2024-05-01,80,42.975,24
HHN-MAN-01,2024-05-02,117,47.21367521367522,34
HHN-MAN-01,2024-05-03,78,52.92307692307692,22
HHN-MAN-01,2024-05-04,87,47.52873563218391,22
HHN-MAN-01,2024-05-05,124,44.71774193548387,35
HHN-MAN-01,2024-05-06,59,61.08474576271186,20
HHN-MAN-01,2024-05-07,126,48.476190476190474,38
HHN-MAN-01,2024-05-08,125,33.96,31
HHN-MAN-01,2024-05-09,87,43.172413793103445,24
HHN-MAN-01,2024-05-10,61,39.557377049180324,15
HHN-MAN-01,2024-05-11,105,61.266666666666666,34
HHN-MAN-01,2024-05-12,108,52.629629629629626,37
HHN-MAN-01,2024-05-13,71,36.87323943661972,17
HHN-MAN-01,2024-05-14,87,38.41379310344828,24
HHN-MAN-01,2024-05-15,104,35.59615384615385,29
HHN-MAN-01,2024-05-16,104,44.63461538461539,32
HHN-MAN-01,2024-05-17,101,52.693069306930695,35
HHN-MAN-01,2024-05-18,124,47.475806451612904,37
HHN-MAN-01,2024-05-19,124,39.78225806451613,32
HHN-MAN-01,2024-05-20,115,43.47826086956522,33
HHN-MAN-01,2024-05-21,111,43.03603603603604,31
HHN-MAN-01,2024-05-22,117,41.34188034188034,32
HHN-MAN-01,2024-05-23,64,51.09375,17
HHN-MAN-01,2024-05-24,61,35.22950819672131,17
HHN-MAN-01,2024-05-25,128,49.75,46
HHN-MAN-01,2024-05-26,90,52.31111111111111,27
HHN-MAN-01,2024-05-27,100,64.59,37
HHN-MAN-01,2024-05-28,85,51.96470588235294,24
HHN-MAN-01,2024-05-29,74,43.4054054054054,20
HHN-MAN-01,2024-05-30,77,61.48051948051948,26
HHN-MAN-01,2024-05-31,95,44.49473684210526,32
HHN-MAN-01,2024-06-01,54,28.074074074074073,15
HHN-MAN-01,2024-06-02,87,53.37931034482759,29
HHN-MAN-01,2024-06-03,139,56.63309352517986,50
HHN-MAN-01,2024-06-04,61,51.0655737704918,21
HHN-MAN-01,2024-06-05,60,61.28333333333333,22
HHN-MAN-01,2024-06-06,97,53.90721649484536,29
HHN-MAN-01,2024-06-07,75,46.026666666666664,23
HHN-MAN-01,2024-06-08,111,64.23423423423424,40
HHN-MAN-01,2024-06-09,99,62.343434343434346,37
HHN-MAN-01,2024-06-10,81,62.864197530864196,23
HHN-MAN-01,2024-06-11,77,30.064935064935064,17
HHN-MAN-01,2024-06-12,68,60.470588235294116,25
HHN-MAN-01,2024-06-13,47,51.191489361702125,16
HHN-MAN-01,2024-06-14,75,41.986666666666665,22
HHN-MAN-01,2024-06-15,103,41.74757281553398,34
HHN-MAN-01,2024-06-16,76,52.56578947368421,26
HHN-MAN-01,2024-06-17,125,36.144,32
HHN-MAN-01,2024-06-18,90,51.022222222222226,25
HHN-MAN-01,2024-06-19,59,62.30508474576271,21
HHN-MAN-01,2024-06-20,69,32.65217391304348,13
HHN-MAN-01,2024-06-21,79,36.70886075949367,24
HHN-MAN-01,2024-06-22,94,53.12765957446808,27
HHN-MAN-01,2024-06-23,88,68.64772727272727,36
HHN-MAN-01,2024-06-24,73,52.58904109589041,20
HHN-MAN-01,2024-06-25,72,42.93055555555556,19
HHN-MAN-01,2024-06-26,65,35.184615384615384,17
HHN-MAN-01,2024-06-27,84,41.82142857142857,22
HHN-MAN-01,2024-06-28,101,54.34653465346535,34
HHN-MAN-01,2024-06-29,78,56.5,22
HHN-MAN-01,2024-06-30,60,50.88333333333333,20
HHN-MAN-01,2024-07-01,86,51.872093023255815,28
HHN-MAN-01,2024-07-02,86,54.83720930232558,26
HHN-MAN-01,2024-07-03,79,41.64556962025316,24
HHN-MAN-01,2024-07-04,80,51.5625,23
HHN-MAN-01,2024-07-05,80,46.8,23
HHN-MAN-01,2024-07-06,61,46.295081967213115,19
HHN-MAN-01,2024-07-07,77,36.45454545454545,19
HHN-MAN-01,2024-07-08,59,43.23728813559322,15
HHN-MAN-01,2024-07-09,82,50.34146341463415,30
HHN-MAN-01,2024-07-10,92,48.84782608695652,27
HHN-MAN-01,2024-07-11,92,46.46739130434783,28
HHN-MAN-01,2024-07-12,81,56.44444444444444,26
HHN-MAN-01,2024-07-13,80,50.8,28
HHN-MAN-01,2024-07-14,107,57.0,36
HHN-MAN-01,2024-07-15,94,64.88297872340425,37
HHN-MAN-01,2024-07-16,95,37.16842105263158,23
HHN-MAN-01,2024-07-17,69,41.88405797101449,19
HHN-MAN-01,2024-07-18,110,45.518181818181816,30
HHN-MAN-01,2024-07-19,45,59.93333333333333,14
HHN-MAN-01,2024-07-20,111,50.549549549549546,35
HHN-MAN-01,2024-07-21,106,47.4622641509434,33
HHN-MAN-01,2024-07-22,80,55.875,27
HHN-MAN-01,2024-07-23,83,54.28915662650602,29
HHN-MAN-01,2024-07-24,72,40.791666666666664,21
HHN-MAN-01,2024-07-25,60,55.733333333333334,20
HHN-MAN-01,2024-07-26,56,53.392857142857146,16
HHN-MAN-01,2024-07-27,82,46.109756097560975,21
HHN-MAN-01,2024-07-28,104,57.44230769230769,36
HHN-MAN-01,2024-07-29,90,40.25555555555555,23
HHN-MAN-01,2024-07-30,47,44.319148936170215,12
HHN-MAN-01,2024-07-31,86,57.2906976744186,26
HHN-MAN-01,2024-08-01,83,46.036144578313255,24
HHN-MAN-01,2024-08-02,53,27.9811320754717,10
HHN-MAN-01,2024-08-03,93,54.193548387096776,32
HHN-MAN-01,2024-08-04,122,58.040983606557376,40
HHN-MAN-01,2024-08-05,94,42.12765957446808,27
HHN-MAN-01,2024-08-06,45,53.24444444444445,13
HHN-MAN-01,2024-08-07,71,47.098591549295776,23
HHN-MAN-01,2024-08-08,85,66.6470588235294,32
HHN-MAN-01,2024-08-09,102,35.69607843137255,24
HHN-MAN-01,2024-08-10,81,44.925925925925924,27
HHN-MAN-01,2024-08-11,62,47.54838709677419,17
HHN-MAN-01,2024-08-12,81,29.876543209876544,19
HHN-MAN-01,2024-08-13,64,58.5,25
HHN-MAN-01,2024-08-14,98,45.53061224489796,30
HHN-MAN-01,2024-08-15,100,32.59,26
HHN-MAN-01,2024-08-16,74,32.58108108108108,20
HHN-MAN-01,2024-08-17,96,43.59375,26
HHN-MAN-01,2024-08-18,110,46.981818181818184,30
HHN-MAN-01,2024-08-19,111,50.32432432432432,36
HHN-MAN-01,2024-08-20,81,27.97530864197531,22
HHN-MAN-01,2024-08-21,105,41.838095238095235,29
HHN-MAN-01,2024-08-22,54,53.148148148148145,17
HHN-MAN-01,2024-08-23,71,55.66197183098591,23
HHN-MAN-01,2024-08-24,84,39.69047619047619,22
HHN-MAN-01,2024-08-25,108,51.361111111111114,34
HHN-MAN-01,2024-08-26,90,63.67777777777778,36
HHN-MAN-01,2024-08-27,95,41.07368421052632,23
HHN-MAN-01,2024-08-28,82,36.13414634146341,23
HHN-MAN-01,2024-08-29,51,38.254901960784316,13
HHN-MAN-01,2024-08-30,87,50.71264367816092,27
HHN-MAN-01,2024-08-31,100,54.62,30
HHN-MAN-01,2024-09-01,127,53.968503937007874,42
HHN-MAN-01,2024-09-02,96,40.229166666666664,30
HHN-MAN-01,2024-09-03,127,60.89763779527559,41
HHN-MAN-01,2024-09-04,83,52.325301204819276,31
HHN-MAN-01,2024-09-05,84,31.75,19
HHN-MAN-01,2024-09-06,114,34.39473684210526,29
HHN-MAN-01,2024-09-07,125,58.656,48
HHN-MAN-01,2024-09-08,84,38.404761904761905,21
HHN-MAN-01,2024-09-09,80,61.6875,28
HHN-MAN-01,2024-09-10,111,51.83783783783784,32
HHN-MAN-01,2024-09-11,105,38.27619047619048,30
HHN-MAN-01,2024-09-12,94,59.54255319148936,34
HHN-MAN-01,2024-09-13,100,49.59,32
HHN-MAN-01,2024-09-14,139,68.0431654676259,54
HHN-MAN-01,2024-09-15,101,61.366336633663366,31
HHN-MAN-01,2024-09-16,82,37.926829268292686,22
HHN-MAN-01,2024-09-17,93,40.69892473118279,29
HHN-MAN-01,2024-09-18,91,49.45054945054945,30
HHN-MAN-01,2024-09-19,108,39.851851851851855,29
HHN-MAN-01,2024-09-20,121,25.85123966942149,22
HHN-MAN-01,2024-09-21,77,80.41558441558442,32
HHN-MAN-01,2024-09-22,51,54.509803921568626,20
HHN-MAN-01,2024-09-23,176,44.85795454545455,51
HHN-MAN-01,2024-09-24,83,34.48192771084337,19
HHN-MAN-01,2024-09-25,88,43.13636363636363,23
HHN-MAN-01,2024-09-26,96,44.864583333333336,27
HHN-MAN-01,2024-09-27,81,43.864197530864196,27
HHN-MAN-01,2024-09-28,89,54.40449438202247,25
HHN-MAN-01,2024-09-29,124,44.29032258064516,34
HHN-MAN-01,2024-09-30,114,58.60526315789474,44
HHN-MAN-01,2024-10-01,83,46.674698795180724,23
HHN-MAN-01,2024-10-02,113,42.902654867256636,30
HHN-MAN-01,2024-10-03,75,51.053333333333335,25
HHN-MAN-01,2024-10-04,48,49.958333333333336,14
HHN-MAN-01,2024-10-05,107,48.35514018691589,33
HHN-MAN-01,2024-10-06,96,34.989583333333336,22
HHN-MAN-01,2024-10-07,117,50.77777777777778,33
HHN-MAN-01,2024-10-08,84,64.04761904761905,33
HHN-MAN-01,2024-10-09,84,31.238095238095237,21
HHN-MAN-01,2024-10-10,109,38.403669724770644,25
HHN-MAN-01,2024-10-11,113,47.230088495575224,39
HHN-MAN-01,2024-10-12,91,57.714285714285715,28
HHN-MAN-01,2024-10-13,73,61.19178082191781,26
HHN-MAN-01,2024-10-14,111,40.792792792792795,26
HHN-MAN-01,2024-10-15,70,38.22857142857143,24
HHN-MAN-01,2024-10-16,96,45.666666666666664,28
HHN-MAN-01,2024-10-17,81,36.901234567901234,20
HHN-MAN-01,2024-10-18,140,55.52857142857143,55
HHN-MAN-01,2024-10-19,101,50.584158415841586,34
HHN-MAN-01,2024-10-20,88,42.90909090909091,25
HHN-MAN-01,2024-10-21,166,43.1566265060241,44
HHN-MAN-01,2024-10-22,116,43.724137931034484,28
HHN-MAN-01,2024-10-23,78,70.37179487179488,30
HHN-MAN-01,2024-10-24,91,35.64835164835165,22
HHN-MAN-01,2024-10-25,88,51.22727272727273,30
HHN-MAN-01,2024-10-26,99,54.888888888888886,26
HHN-MAN-01,2024-10-27,85,48.188235294117646,24
HHN-MAN-01,2024-10-28,114,47.98245614035088,34
HHN-MAN-01,2024-10-29,117,46.136752136752136,30
HHN-MAN-01,2024-10-30,96,50.552083333333336,27
HHN-MAN-01,2024-10-31,127,48.32283464566929,38
HHN-MAN-01,2024-11-01,102,41.30392156862745,27
HHN-MAN-01,2024-11-02,136,44.213235294117645,36
HHN-MAN-01,2024-11-03,167,53.47305389221557,56
HHN-MAN-01,2024-11-04,113,41.48672566371681,33
HHN-MAN-01,2024-11-05,121,53.768595041322314,44
HHN-MAN-01,2024-11-06,121,59.21487603305785,36
HHN-MAN-01,2024-11-07,81,39.925925925925924,22
HHN-MAN-01,2024-11-08,78,39.02564102564103,20
HHN-MAN-01,2024-11-09,150,51.06666666666667,48
HHN-MAN-01,2024-11-10,140,53.121428571428574,47
HHN-MAN-01,2024-11-11,118,58.28813559322034,40
HHN-MAN-01,2024-11-12,132,44.46969696969697,34
HHN-MAN-01,2024-11-13,120,34.75,32
HHN-MAN-01,2024-11-14,89,32.39325842696629,20
HHN-MAN-01,2024-11-15,63,51.19047619047619,20
HHN-MAN-01,2024-11-16,93,58.16129032258065,35
HHN-MAN-01,2024-11-17,100,40.98,27
HHN-MAN-01,2024-11-18,139,59.302158273381295,49
HHN-MAN-01,2024-11-19,121,50.84297520661157,36
HHN-MAN-01,2024-11-20,112,39.82142857142857,32
HHN-MAN-01,2024-11-21,135,52.577777777777776,42
HHN-MAN-01,2024-11-22,142,56.690140845070424,42
HHN-MAN-01,2024-11-23,118,47.75423728813559,42
HHN-MAN-01,2024-11-24,126,31.285714285714285,28
HHN-MAN-01,2024-11-25,103,26.038834951456312,22
HHN-MAN-01,2024-11-26,110,41.70909090909091,29
HHN-MAN-01,2024-11-27,138,53.63768115942029,49
HHN-MAN-01,2024-11-28,217,54.40552995391705,70
HHN-MAN-01,2024-11-29,101,34.415841584158414,26
HHN-MAN-01,2024-11-30,155,43.94193548387097,46
HHN-MAN-01,2024-12-01,114,50.09649122807018,38
HHN-MAN-01,2024-12-02,167,49.93413173652694,48
HHN-MAN-01,2024-12-03,147,49.72789115646258,43
HHN-MAN-01,2024-12-04,200,45.16,54
HHN-MAN-01,2024-12-05,119,65.99159663865547,42
HHN-MAN-01,2024-12-06,158,43.677215189873415,47
HHN-MAN-01,2024-12-07,154,40.72077922077922,46
HHN-MAN-01,2024-12-08,79,56.721518987341774,27
HHN-MAN-01,2024-12-09,142,49.04929577464789,46
HHN-MAN-01,2024-12-10,165,52.27878787878788,57
HHN-MAN-01,2024-12-11,152,55.6578947368421,51
HHN-MAN-01,2024-12-12,179,64.93854748603351,72
HHN-MAN-01,2024-12-13,101,51.9009900990099,33
HHN-MAN-01,2024-12-14,134,54.6865671641791,43
HHN-MAN-01,2024-12-15,129,50.85271317829457,41
HHN-MAN-01,2024-12-16,105,30.304761904761904,22
HHN-MAN-01,2024-12-17,138,37.44927536231884,33
HHN-MAN-01,2024-12-18,118,41.771186440677965,30
HHN-MAN-01,2024-12-19,111,51.13513513513514,35
HHN-MAN-01,2024-12-20,114,48.69298245614035,32
HHN-MAN-01,2024-12-21,130,52.58461538461538,42
HHN-MAN-01,2024-12-22,174,48.747126436781606,49
HHN-MAN-01,2024-12-23,113,43.2212389380531,30
HHN-MAN-01,2024-12-24,94,58.819148936170215,32
HHN-MAN-01,2024-12-25,106,49.0,36
HHN-MAN-01,2024-12-26,163,46.938650306748464,48
HHN-MAN-01,2024-12-27,114,37.54385964912281,26
HHN-MAN-01,2024-12-28,103,42.79611650485437,32
HHN-MAN-01,2024-12-29,171,37.80701754385965,44
HHN-MAN-01,2024-12-30,200,46.715,60
HHN-MAN-01,2024-12-31,156,48.41025641025641,48
HHN-MAN-01,2025-01-01,146,48.4041095890411,37
HHN-MAN-01,2025-01-02,180,49.37777777777778,55
HHN-MAN-01,2025-01-03,177,48.51412429378531,50
HHN-MAN-01,2025-01-04,123,56.46341463414634,44
HHN-MAN-01,2025-01-05,189,48.10582010582011,58
HHN-MAN-01,2025-01-06,143,47.6013986013986,43
HHN-MAN-01,2025-01-07,105,40.333333333333336,31
HHN-MAN-01,2025-01-08,128,35.7890625,29
HHN-MAN-01,2025-01-09,152,42.48026315789474,46
HHN-MAN-01,2025-01-10,120,52.641666666666666,39
HHN-MAN-01,2025-01-11,161,45.4472049689441,41
HHN-MAN-01,2025-01-12,162,41.28395061728395,47
HHN-MAN-01,2025-01-13,159,58.63522012578616,60
HHN-MAN-01,2025-01-14,191,49.989528795811516,59
HHN-MAN-01,2025-01-15,66,59.07575757575758,24
HHN-MAN-01,2025-01-16,96,39.71875,28
HHN-MAN-01,2025-01-17,110,36.11818181818182,28
HHN-MAN-01,2025-01-18,128,51.921875,40
HHN-MAN-01,2025-01-19,130,47.215384615384615,39
HHN-MAN-01,2025-01-20,114,35.3421052631579,24
HHN-MAN-01,2025-01-21,93,28.827956989247312,19
HHN-MAN-01,2025-01-22,114,41.41228070175438,34
HHN-MAN-01,2025-01-23,137,34.64233576642336,32
HHN-MAN-01,2025-01-24,182,47.69230769230769,55
HHN-MAN-01,2025-01-25,160,54.5,56
HHN-MAN-01,2025-01-26,142,50.140845070422536,43
HHN-MAN-01,2025-01-27,79,37.08860759493671,21
HHN-MAN-01,2025-01-28,134,45.365671641791046,38
HHN-MAN-01,2025-01-29,118,35.44915254237288,31
HHN-MAN-01,2025-01-30,123,63.300813008130085,47
HHN-MAN-01,2025-01-31,187,54.99465240641711,61
HHN-MAN-01,2025-02-01,47,43.95744680851064,15
HHN-MAN-01,2025-02-02,137,44.70802919708029,38
HHN-MAN-01,2025-02-03,128,41.6171875,32
HHN-MAN-01,2025-02-04,145,53.86206896551724,46
HHN-MAN-01,2025-02-05,130,46.40769230769231,37
HHN-MAN-01,2025-02-06,137,45.89051094890511,37
HHN-MAN-01,2025-02-07,140,46.72142857142857,37
HHN-MAN-01,2025-02-08,152,46.921052631578945,44
HHN-MAN-01,2025-02-09,127,55.724409448818896,43
HHN-MAN-01,2025-02-10,200,51.52,64
HHN-MAN-01,2025-02-11,144,41.56944444444444,40
HHN-MAN-01,2025-02-12,78,21.307692307692307,16
HHN-MAN-01,2025-02-13,109,41.24770642201835,31
HHN-MAN-01,2025-02-14,130,38.3,34
HHN-MAN-01,2025-02-15,186,45.01075268817204,60
HHN-MAN-01,2025-02-16,176,43.79545454545455,51
HHN-MAN-01,2025-02-17,108,41.25,32
HHN-MAN-01,2025-02-18,156,44.26923076923077,47
HHN-MAN-01,2025-02-19,128,66.2109375,48
HHN-MAN-01,2025-02-20,118,42.186440677966104,32
HHN-MAN-01,2025-02-21,135,34.12592592592593,30
HHN-MAN-01,2025-02-22,130,35.87692307692308,38
HHN-MAN-01,2025-02-23,114,29.903508771929825,26
HHN-MAN-01,2025-02-24,146,55.47945205479452,52
HHN-MAN-01,2025-02-25,82,49.1219512195122,25
HHN-MAN-01,2025-02-26,103,51.33009708737864,33
HHN-MAN-01,2025-02-27,173,46.38150289017341,56
HHN-MAN-01,2025-02-28,187,61.95187165775401,61
HHN-MAN-01,2025-03-01,168,50.267857142857146,58
HHN-MAN-01,2025-03-02,137,43.35766423357664,37
HHN-MAN-01,2025-03-03,80,53.45,26
HHN-MAN-01,2025-03-04,131,41.152671755725194,32
HHN-MAN-01,2025-03-05,103,42.00970873786408,31
HHN-MAN-01,2025-03-06,90,32.94444444444444,22
HHN-MAN-01,2025-03-07,120,59.00833333333333,38
HHN-MAN-01,2025-03-08,146,47.06849315068493,47
HHN-MAN-01,2025-03-09,87,41.91954022988506,21
HHN-MAN-01,2025-03-10,112,54.6875,34
HHN-MAN-01,2025-03-11,121,43.71900826446281,37
HHN-MAN-01,2025-03-12,169,39.65680473372781,51
HHN-MAN-01,2025-03-13,119,47.773109243697476,32
HHN-MAN-01,2025-03-14,69,34.84057971014493,17
HHN-MAN-01,2025-03-15,111,56.01801801801802,34
HHN-MAN-01,2025-03-16,211,39.91469194312796,54
HHN-MAN-01,2025-03-17,159,44.9622641509434,47
HHN-MAN-01,2025-03-18,190,49.2,55
HHN-MAN-01,2025-03-19,128,57.7265625,41
HHN-MAN-01,2025-03-20,62,36.79032258064516,18
HHN-MAN-01,2025-03-21,102,33.85294117647059,25
HHN-MAN-01,2025-03-22,122,38.91803278688525,32
HHN-MAN-01,2025-03-23,170,51.27058823529412,50
HHN-MAN-01,2025-03-24,105,51.628571428571426,34
HHN-MAN-01,2025-03-25,128,45.1640625,38
HHN-MAN-01,2025-03-26,75,53.96,22
HHN-MAN-01,2025-03-27,117,65.7008547008547,41
HHN-MAN-01,2025-03-28,115,65.52173913043478,45
HHN-MAN-01,2025-03-29,62,45.983870967741936,17
HHN-MAN-01,2025-03-30,92,49.54347826086956,30
HHN-MAN-01,2025-03-31,81,52.27160493827161,31
HHN-MAN-01,2025-04-01,100,46.54,28
HHN-MAN-01,2025-04-02,110,62.663636363636364,40
HHN-MAN-01,2025-04-03,121,41.47107438016529,34
HHN-MAN-01,2025-04-04,144,36.46527777777778,38
HHN-MAN-01,2025-04-05,142,46.056338028169016,45
HHN-MAN-01,2025-04-06,62,51.20967741935484,17
HHN-MAN-01,2025-04-07,92,42.65217391304348,21
HHN-MAN-01,2025-04-08,76,61.828947368421055,27
HHN-MAN-01,2025-04-09,91,45.395604395604394,25
HHN-MAN-01,2025-04-10,76,51.6578947368421,23
HHN-MAN-01,2025-04-11,130,56.48461538461538,44
HHN-MAN-01,2025-04-12,93,51.29032258064516,32
HHN-MAN-01,2025-04-13,93,47.10752688172043,33
HHN-MAN-01,2025-04-14,105,49.38095238095238,34
HHN-MAN-01,2025-04-15,112,47.11607142857143,34
HHN-MAN-01,2025-04-16,69,38.56521739130435,17
HHN-MAN-01,2025-04-17,58,54.86206896551724,19
HHN-MAN-01,2025-04-18,93,60.68817204301075,33
HHN-MAN-01,2025-04-19,63,45.285714285714285,18
HHN-MAN-01,2025-04-20,105,66.98095238095237,39
HHN-MAN-01,2025-04-21,80,46.9125,25
HHN-MAN-01,2025-04-22,108,44.324074074074076,26
HHN-MAN-01,2025-04-23,80,42.275,20
HHN-MAN-01,2025-04-24,105,47.67619047619048,28
HHN-MAN-01,2025-04-25,134,48.656716417910445,42
HHN-MAN-01,2025-04-26,113,52.92920353982301,36
HHN-MAN-01,2025-04-27,81,42.148148148148145,24
HHN-MAN-01,2025-04-28,72,52.47222222222222,25
HHN-MAN-01,2025-04-29,90,68.58888888888889,38
HHN-MAN-01,2025-04-30,69,34.73913043478261,17
HHN-MAN-01,2025-05-01,108,47.842592592592595,33
HHN-MAN-01,2025-05-02,113,53.35398230088496,34
HHN-MAN-01,2025-05-03,137,34.839416058394164,31
HHN-MAN-01,2025-05-04,73,49.38356164383562,22
HHN-MAN-01,2025-05-05,67,33.791044776119406,17
HHN-MAN-01,2025-05-06,123,40.68292682926829,29
HHN-MAN-01,2025-05-07,70,53.871428571428574,21
HHN-MAN-01,2025-05-08,115,56.59130434782609,40
HHN-MAN-01,2025-05-09,121,38.49586776859504,34
HHN-MAN-01,2025-05-10,109,33.93577981651376,29
HHN-MAN-01,2025-05-11,108,48.2037037037037,36
HHN-MAN-01,2025-05-12,109,67.6697247706422,40
HHN-MAN-01,2025-05-13,108,51.43518518518518,37
HHN-MAN-01,2025-05-14,67,64.16417910447761,26
HHN-MAN-01,2025-05-15,111,43.171171171171174,30
HHN-MAN-01,2025-05-16,79,62.91139240506329,28
HHN-MAN-01,2025-05-17,117,52.1025641025641,39
HHN-MAN-01,2025-05-18,70,37.42857142857143,18
HHN-MAN-01,2025-05-19,92,44.92391304347826,28
HHN-MAN-01,2025-05-20,132,48.02272727272727,40
HHN-MAN-01,2025-05-21,83,26.89156626506024,16
HHN-MAN-01,2025-05-22,85,48.8,29
HHN-MAN-01,2025-05-23,110,39.32727272727273,26
HHN-MAN-01,2025-05-24,183,41.79234972677595,50
HHN-MAN-01,2025-05-25,101,41.65346534653465,30
HHN-MAN-01,2025-05-26,51,61.05882352941177,18
HHN-MAN-01,2025-05-27,109,53.07339449541284,37
HHN-MAN-01,2025-05-28,109,70.03669724770643,42
HHN-MAN-01,2025-05-29,48,56.083333333333336,16
HHN-MAN-01,2025-05-30,110,39.2,25
HHN-MAN-01,2025-05-31,61,27.21311475409836,14
HHN-MAN-01,2025-06-01,85,50.72941176470588,28
HHN-MAN-01,2025-06-02,134,52.8134328358209,43
HHN-MAN-01,2025-06-03,98,54.56122448979592,26
HHN-MAN-01,2025-06-04,142,37.528169014084504,37
HHN-MAN-01,2025-06-05,75,47.17333333333333,23
HHN-MAN-01,2025-06-06,144,55.354166666666664,48
HHN-MAN-01,2025-06-07,118,52.813559322033896,38
HHN-MAN-01,2025-06-08,107,37.89719626168224,25
HHN-MAN-01,2025-06-09,102,54.254901960784316,36
HHN-MAN-01,2025-06-10,58,52.87931034482759,19
HHN-MAN-01,2025-06-11,91,40.84615384615385,27
HHN-MAN-01,2025-06-12,56,47.55357142857143,17
HHN-MAN-01,2025-06-13,49,58.63265306122449,19
HHN-MAN-01,2025-06-14,116,49.43103448275862,33
HHN-MAN-01,2025-06-15,84,43.88095238095238,24
HHN-MAN-01,2025-06-16,64,41.28125,17
HHN-MAN-01,2025-06-17,91,30.67032967032967,20
HHN-MAN-01,2025-06-18,71,58.04225352112676,22
HHN-MAN-01,2025-06-19,82,65.53658536585365,32
HHN-MAN-01,2025-06-20,71,56.91549295774648,25
HHN-MAN-01,2025-06-21,162,52.10493827160494,49
HHN-MAN-01,2025-06-22,99,55.898989898989896,32
HHN-MAN-01,2025-06-23,88,47.84090909090909,25
HHN-MAN-01,2025-06-24,53,31.69811320754717,9
HHN-MAN-01,2025-06-25,50,45.48,15
HHN-MAN-01,2025-06-26,92,45.09782608695652,26
HHN-MAN-01,2025-06-27,77,51.96103896103896,26
HHN-MAN-01,2025-06-28,93,45.73118279569893,29
HHN-MAN-01,2025-06-29,110,44.89090909090909,34
HHN-MAN-01,2025-06-30,69,46.53623188405797,22
HHN-MAN-01,2025-07-01,108,31.166666666666668,20
HHN-MAN-01,2025-07-02,69,58.65217391304348,25
HHN-MAN-01,2025-07-03,107,50.45794392523364,32
HHN-MAN-01,2025-07-04,86,50.7093023255814,29
HHN-MAN-01,2025-07-05,87,43.39080459770115,24
HHN-MAN-01,2025-07-06,80,46.65,22
HHN-MAN-01,2025-07-07,84,41.107142857142854,24
HHN-MAN-01,2025-07-08,62,27.016129032258064,11
HHN-MAN-01,2025-07-09,96,54.354166666666664,30
HHN-MAN-01,2025-07-10,27,22.444444444444443,6
HHN-MAN-01,2025-07-11,46,75.19565217391305,19
HHN-MAN-01,2025-07-12,63,68.06349206349206,23
HHN-MAN-01,2025-07-13,106,52.54716981132076,33
HHN-MAN-01,2025-07-14,84,55.273809523809526,29
HHN-MAN-01,2025-07-15,54,38.574074074074076,12
HHN-MAN-01,2025-07-16,86,44.674418604651166,24
HHN-MAN-01,2025-07-17,107,48.504672897196265,34
HHN-MAN-01,2025-07-18,88,55.93181818181818,30
HHN-MAN-01,2025-07-19,76,39.35526315789474,18
HHN-MAN-01,2025-07-20,78,57.94871794871795,29
HHN-MAN-01,2025-07-21,66,40.45454545454545,17
HHN-MAN-01,2025-07-22,66,67.77272727272727,24
HHN-MAN-01,2025-07-23,58,43.5,18
HHN-MAN-01,2025-07-24,57,55.80701754385965,19
HHN-MAN-01,2025-07-25,73,29.972602739726028,14
HHN-MAN-01,2025-07-26,79,49.265822784810126,24
HHN-MAN-01,2025-07-27,109,37.96330275229358,33
HHN-MAN-01,2025-07-28,75,35.06666666666667,22
HHN-MAN-01,2025-07-29,63,24.984126984126984,15
HHN-MAN-01,2025-07-30,75,65.93333333333334,26
HHN-MAN-01,2025-07-31,38,27.57894736842105,9
HHN-MAN-01,2025-08-01,88,50.25,28
HHN-MAN-01,2025-08-02,95,47.48421052631579,30
HHN-MAN-01,2025-08-03,80,44.525,21
HHN-MAN-01,2025-08-04,80,55.4625,27
HHN-MAN-01,2025-08-05,58,47.44827586206897,16
HHN-MAN-01,2025-08-06,95,67.45263157894736,36
HHN-MAN-01,2025-08-07,91,48.637362637362635,29
HHN-MAN-01,2025-08-08,97,58.2680412371134,33
HHN-MAN-01,2025-08-09,68,60.955882352941174,27
HHN-MAN-01,2025-08-10,103,39.22330097087379,33
HHN-MAN-01,2025-08-11,91,45.23076923076923,27
HHN-MAN-01,2025-08-12,77,38.116883116883116,22
HHN-MAN-01,2025-08-13,78,46.833333333333336,24
HHN-MAN-01,2025-08-14,55,35.018181818181816,16
HHN-MAN-01,2025-08-15,77,30.337662337662337,17
HHN-MAN-01,2025-08-16,102,47.71568627450981,29
HHN-MAN-01,2025-08-17,110,44.75454545454546,30
HHN-MAN-01,2025-08-18,66,40.34848484848485,17
HHN-MAN-01,2025-08-19,91,40.527472527472526,27
HHN-MAN-01,2025-08-20,100,39.04,24
HHN-MAN-01,2025-08-21,46,34.608695652173914,12
HHN-MAN-01,2025-08-22,80,59.1,26
HHN-MAN-01,2025-08-23,60,38.233333333333334,17
HHN-MAN-01,2025-08-24,40,43.525,13
HHN-MAN-01,2025-08-25,59,56.83050847457627,19
HHN-MAN-01,2025-08-26,108,36.833333333333336,28
HHN-MAN-01,2025-08-27,74,57.9054054054054,29
HHN-MAN-01,2025-08-28,76,54.31578947368421,21
HHN-MAN-01,2025-08-29,99,61.56565656565657,32
HHN-MAN-01,2025-08-30,49,29.877551020408163,9
HHN-MAN-01,2025-08-31,85,38.76470588235294,22
HHN-MAN-01,2025-09-01,100,34.8,25
HHN-MAN-01,2025-09-02,69,34.405797101449274,16
HHN-MAN-01,2025-09-03,72,51.958333333333336,21
HHN-MAN-01,2025-09-04,97,44.47422680412371,25
HHN-MAN-01,2025-09-05,89,48.168539325842694,29
HHN-MAN-01,2025-09-06,119,51.84033613445378,36
HHN-MAN-01,2025-09-07,86,49.093023255813954,27
HHN-MAN-01,2025-09-08,97,50.83505154639175,29
HHN-MAN-01,2025-09-09,90,51.24444444444445,26
HHN-MAN-01,2025-09-10,140,47.58571428571429,44
HHN-MAN-01,2025-09-11,82,49.0609756097561,26
HHN-MAN-01,2025-09-12,113,50.743362831858406,34
HHN-MAN-01,2025-09-13,111,34.01801801801802,23
HHN-MAN-01,2025-09-14,107,47.467289719626166,33
HHN-MAN-01,2025-09-15,92,47.92391304347826,26
HHN-MAN-01,2025-09-16,94,43.744680851063826,28
HHN-MAN-01,2025-09-17,69,51.869565217391305,23
HHN-MAN-01,2025-09-18,88,48.57954545454545,26
HHN-MAN-01,2025-09-19,102,45.53921568627451,30
HHN-MAN-01,2025-09-20,131,48.83969465648855,45
HHN-MAN-01,2025-09-21,139,60.17985611510792,46
HHN-MAN-01,2025-09-22,133,60.669172932330824,46
HHN-MAN-01,2025-09-23,108,50.611111111111114,37
HHN-MAN-01,2025-09-24,114,43.48245614035088,30
HHN-MAN-01,2025-09-25,148,44.817567567567565,40
HHN-MAN-01,2025-09-26,56,60.482142857142854,21
HHN-MAN-01,2025-09-27,132,45.303030303030305,39
HHN-MAN-01,2025-09-28,107,41.74766355140187,36
HHN-MAN-01,2025-09-29,57,49.35087719298246,16
HHN-MAN-01,2025-09-30,90,44.62222222222222,27
HHN-MAN-01,2025-10-01,71,40.859154929577464,21
HHN-MAN-01,2025-10-02,54,42.111111111111114,18
HHN-MAN-01,2025-10-03,114,47.13157894736842,36
HHN-MAN-01,2025-10-04,96,57.145833333333336,30
HHN-MAN-01,2025-10-05,84,56.416666666666664,29
HHN-MAN-01,2025-10-06,93,42.935483870967744,26
HHN-MAN-01,2025-10-07,102,40.78431372549019,29
HHN-MAN-01,2025-10-08,98,59.90816326530612,36
HHN-MAN-01,2025-10-09,154,28.07792207792208,34
HHN-MAN-01,2025-10-10,81,41.93827160493827,22
HHN-MAN-01,2025-10-11,141,45.312056737588655,43
HHN-MAN-01,2025-10-12,130,43.23076923076923,42
HHN-MAN-01,2025-10-13,116,39.060344827586206,30
HHN-MAN-01,2025-10-14,124,44.274193548387096,38
HHN-MAN-01,2025-10-15,95,53.589473684210525,33
HHN-MAN-01,2025-10-16,96,36.40625,26
HHN-MAN-01,2025-10-17,106,46.443396226415096,34
HHN-MAN-01,2025-10-18,81,39.53086419753087,23
HHN-MAN-01,2025-10-19,127,42.32283464566929,33
HHN-MAN-01,2025-10-20,125,44.28,35
HHN-MAN-01,2025-10-21,115,52.869565217391305,37
HHN-MAN-01,2025-10-22,104,44.74038461538461,26
HHN-MAN-01,2025-10-23,78,53.282051282051285,28
HHN-MAN-01,2025-10-24,73,34.54794520547945,16
HHN-MAN-01,2025-10-25,101,34.12871287128713,22
HHN-MAN-01,2025-10-26,110,51.74545454545454,37
HHN-MAN-01,2025-10-27,135,38.87407407407407,40
HHN-MAN-01,2025-10-28,119,20.915966386554622,24
HHN-MAN-01,2025-10-29,116,52.258620689655174,33
HHN-MAN-01,2025-10-30,107,52.308411214953274,31
HHN-MAN-01,2025-10-31,105,60.36190476190476,32
HHN-MAN-01,2025-11-01,128,44.9765625,33
HHN-MAN-01,2025-11-02,116,58.689655172413794,44
HHN-MAN-01,2025-11-03,113,59.0,38
HHN-MAN-01,2025-11-04,133,44.41353383458647,41
HHN-MAN-01,2025-11-05,84,36.107142857142854,23
HHN-MAN-01,2025-11-06,162,35.17283950617284,35
HHN-MAN-01,2025-11-07,181,51.03867403314917,60
HHN-MAN-01,2025-11-08,149,34.65771812080537,34
HHN-MAN-01,2025-11-09,85,44.6,25
HHN-MAN-01,2025-11-10,108,51.620370370370374,35
HHN-MAN-01,2025-11-11,163,41.67484662576687,50
HHN-MAN-01,2025-11-12,129,50.12403100775194,45
HHN-MAN-01,2025-11-13,75,48.8,25
HHN-MAN-01,2025-11-14,127,50.52755905511811,39
HHN-MAN-01,2025-11-15,117,41.58119658119658,32
HHN-MAN-01,2025-11-16,112,41.848214285714285,26
HHN-MAN-01,2025-11-17,163,49.65030674846626,52
HHN-MAN-01,2025-11-18,131,46.14503816793893,37
HHN-MAN-01,2025-11-19,130,50.59230769230769,42
HHN-MAN-01,2025-11-20,133,46.87218045112782,36
HHN-MAN-01,2025-11-21,155,34.593548387096774,30
HHN-MAN-01,2025-11-22,126,63.095238095238095,41
HHN-MAN-01,2025-11-23,124,37.596774193548384,28
HHN-MAN-01,2025-11-24,122,48.122950819672134,39
HHN-MAN-01,2025-11-25,161,39.142857142857146,38
HHN-MAN-01,2025-11-26,121,43.8099173553719,30
HHN-MAN-01,2025-11-27,74,34.2027027027027,17
HHN-MAN-01,2025-11-28,117,40.957264957264954,28
HHN-MAN-01,2025-11-29,185,48.729729729729726,52
HHN-MAN-01,2025-11-30,159,41.911949685534594,44
HHN-MAN-01,2025-12-01,144,35.75,37
HHN-MAN-01,2025-12-02,111,52.990990990990994,37
HHN-MAN-01,2025-12-03,94,49.52127659574468,31
HHN-MAN-01,2025-12-04,133,39.473684210526315,35
HHN-MAN-01,2025-12-05,126,47.48412698412698,37
HHN-MAN-01,2025-12-06,163,53.533742331288344,52
HHN-MAN-01,2025-12-07,118,40.220338983050844,30
HHN-MAN-01,2025-12-08,118,45.07627118644068,34
HHN-MAN-01,2025-12-09,141,35.4113475177305,36
HHN-MAN-01,2025-12-10,200,45.56,54
HHN-MAN-01,2025-12-11,124,41.99193548387097,33
HHN-MAN-01,2025-12-12,89,53.68539325842696,26
HHN-MAN-01,2025-12-13,80,31.4875,15
HHN-MAN-01,2025-12-14,138,44.42028985507246,38
HHN-MAN-01,2025-12-15,94,55.861702127659576,33
HHN-MAN-01,2025-12-16,87,40.7816091954023,27
HHN-MAN-01,2025-12-17,88,39.04545454545455,25
HHN-MAN-01,2025-12-18,127,39.275590551181104,29
HHN-MAN-01,2025-12-19,117,71.03418803418803,46
HHN-MAN-01,2025-12-20,146,53.95205479452055,48
HHN-MAN-01,2025-12-21,90,43.46666666666667,24
HHN-MAN-01,2025-12-22,89,41.79775280898876,21
HHN-MAN-01,2025-12-23,164,36.298780487804876,45
HHN-MAN-01,2025-12-24,153,51.66013071895425,52
HHN-MAN-01,2025-12-25,77,45.311688311688314,22
HHN-MAN-01,2025-12-26,133,58.56390977443609,48
HHN-MAN-01,2025-12-27,107,55.41121495327103,36
HHN-MAN-01,2025-12-28,170,49.94117647058823,50
HHN-MAN-01,2025-12-29,134,44.05223880597015,40
HHN-MAN-01,2025-12-30,98,37.795918367346935,25
HHN-MAN-01,2025-12-31,139,53.8705035971223,44
