hospital_name,hospital_id,unit,date,actual,predicted,model,ward,total_beds,baseline_forecast,stress_10,stress_20,stress_30,baseline_occupancy_pct,stress_10_pct,stress_20_pct,stress_30_pct,baseline_breach,stress_10_breach,stress_20_breach,stress_30_breach
Horizon Birmingham,HHN-BIR-01,HHN-BIR-01_Cardiology Ward,2025-12-25,21.20833333333333,22.28165367795529,SARIMA,Cardiology Ward,42,22.28165367795529,24.50981904575082,26.737984413546346,28.96614978134188,53.05155637608403,58.35671201369242,63.66186765130083,68.96702328890923,False,False,False,False
Horizon Birmingham,HHN-BIR-01,HHN-BIR-01_Cardiology Ward,2025-12-26,23.375,21.692058144606413,SARIMA,Cardiology Ward,42,21.692058144606413,23.861263959067056,26.030469773527695,28.199675587988338,51.64775748715813,56.81253323587394,61.977308984589754,67.14208473330557,False,False,False,False
Horizon Birmingham,HHN-BIR-01,HHN-BIR-01_Cardiology Ward,2025-12-27,19.0,19.730130548308445,SARIMA,Cardiology Ward,42,19.730130548308445,21.703143603139292,23.676156657970132,25.64916971280098,46.9765013054963,51.67415143604593,56.37180156659556,61.0694516971452,False,False,False,False
Horizon Birmingham,HHN-BIR-01,HHN-BIR-01_Cardiology Ward,2025-12-28,18.875,17.138077758943286,SARIMA,Cardiology Ward,42,17.138077758943286,18.851885534837617,20.56569331073194,22.279501086626272,40.80494704510306,44.88544174961338,48.96593645412367,53.04643115863398,False,False,False,False
Horizon Birmingham,HHN-BIR-01,HHN-BIR-01_Cardiology Ward,2025-12-29,16.916666666666668,16.98828894967998,SARIMA,Cardiology Ward,42,16.98828894967998,18.68711784464798,20.385946739615974,22.084775634583973,40.44830702304757,44.493137725352334,48.53796842765708,52.58279912996184,False,False,False,False
Horizon Birmingham,HHN-BIR-01,HHN-BIR-01_Cardiology Ward,2025-12-30,14.958333333333334,18.73030633063691,SARIMA,Cardiology Ward,42,18.73030633063691,20.603336963700603,22.47636759676429,24.349398229827983,44.59596745389741,49.05556419928715,53.515160944676886,57.974757690066625,False,False,False,False
Horizon Birmingham,HHN-BIR-01,HHN-BIR-01_Cardiology Ward,2025-12-31,14.333333333333334,20.31161930781439,SARIMA,Cardiology Ward,42,20.31161930781439,22.34278123859583,24.373943169377267,26.405105100158707,48.360998351939024,53.19709818713293,58.03319802232683,62.869297857520735,False,False,False,False
Horizon London Central,HHN-LON-01,HHN-LON-01_Day Case Unit,2025-12-25,0.625,0.6728900607083949,SARIMA,Day Case Unit,4,0.6728900607083949,0.7401790667792344,0.8074680728500738,0.8747570789209134,16.822251517709873,18.50447666948086,20.186701821251845,21.868926973022834,False,False,False,False
Horizon London Central,HHN-LON-01,HHN-LON-01_Day Case Unit,2025-12-26,0.0,0.6200650980772515,SARIMA,Day Case Unit,4,0.6200650980772515,0.6820716078849767,0.7440781176927018,0.806084627500427,15.501627451931288,17.05179019712442,18.601952942317546,20.152115687510673,False,False,False,False
Horizon London Central,HHN-LON-01,HHN-LON-01_Day Case Unit,2025-12-27,0.2083333333333333,0.3160162066828611,SARIMA,Day Case Unit,4,0.3160162066828611,0.34761782735114727,0.37921944801943336,0.41082106868771945,7.900405167071528,8.690445683778682,9.480486200485833,10.270526717192986,False,False,False,False
Horizon London Central,HHN-LON-01,HHN-LON-01_Day Case Unit,2025-12-28,0.5,0.2633675321599077,SARIMA,Day Case Unit,4,0.2633675321599077,0.2897042853758985,0.31604103859188926,0.34237779180788,6.584188303997693,7.2426071343974625,7.901025964797231,8.559444795197,False,False,False,False
Horizon London Central,HHN-LON-01,HHN-LON-01_Day Case Unit,2025-12-29,0.4583333333333333,0.7477917422556347,SARIMA,Day Case Unit,4,0.7477917422556347,0.8225709164811983,0.8973500907067616,0.9721292649323252,18.694793556390866,20.564272912029956,22.433752267669043,24.30323162330813,False,False,False,False
Horizon London Central,HHN-LON-01,HHN-LON-01_Day Case Unit,2025-12-30,0.875,0.8252216408719585,SARIMA,Day Case Unit,4,0.8252216408719585,0.9077438049591544,0.9902659690463501,1.072788133133546,20.63054102179896,22.69359512397886,24.756649226158753,26.81970332833865,False,False,False,False
Horizon London Central,HHN-LON-01,HHN-LON-01_Day Case Unit,2025-12-31,0.3333333333333333,0.7577943460457006,SARIMA,Day Case Unit,4,0.7577943460457006,0.8335737806502708,0.9093532152548407,0.9851326498594108,18.944858651142514,20.83934451625677,22.733830381371018,24.62831624648527,False,False,False,False
Horizon London Central,HHN-LON-01,HHN-LON-01_General Medicine Ward B,2025-12-25,31.041666666666668,32.90595214107309,SARIMA,General Medicine Ward B,35,32.90595214107309,36.1965473551804,39.487142569287705,42.77773778339501,94.01700611735167,103.41870672908686,112.82040734082202,122.22210795255717,False,True,True,True
Horizon London Central,HHN-LON-01,HHN-LON-01_General Medicine Ward B,2025-12-26,33.25,32.33387630372016,SARIMA,General Medicine Ward B,35,32.33387630372016,35.56726393409218,38.80065156446419,42.03403919483621,92.38250372491474,101.62075409740623,110.8590044698977,120.09725484238918,False,True,True,True
Horizon London Central,HHN-LON-01,HHN-LON-01_General Medicine Ward B,2025-12-27,29.041666666666668,33.072700100690746,SARIMA,General Medicine Ward B,35,33.072700100690746,36.37997011075982,39.687240120828896,42.99451013089797,94.4934288591164,103.94277174502807,113.3921146309397,122.84145751685134,False,True,True,True
Horizon London Central,HHN-LON-01,HHN-LON-01_General Medicine Ward B,2025-12-28,30.375,33.626777813683304,SARIMA,General Medicine Ward B,35,33.626777813683304,36.98945559505164,40.352133376419964,43.7148111577883,96.07650803909516,105.68415884300468,115.29180964691419,124.8994604508237,False,True,True,True
Horizon London Central,HHN-LON-01,HHN-LON-01_General Medicine Ward B,2025-12-29,29.0,33.13786888246103,SARIMA,General Medicine Ward B,35,33.13786888246103,36.451655770707134,39.76544265895323,43.07922954719934,94.67962537846007,104.1475879163061,113.6155504541521,123.0835129919981,False,True,True,True
Horizon London Central,HHN-LON-01,HHN-LON-01_General Medicine Ward B,2025-12-30,31.70833333333333,33.58509890553767,SARIMA,General Medicine Ward B,35,33.58509890553767,36.94360879609144,40.3021186866452,43.66062857719897,95.95742544439334,105.55316798883267,115.14891053327202,124.74465307771135,False,True,True,True
Horizon London Central,HHN-LON-01,HHN-LON-01_General Medicine Ward B,2025-12-31,34.75,33.608260988567615,SARIMA,General Medicine Ward B,35,33.608260988567615,36.96908708742438,40.32991318628114,43.6907392851379,96.0236028244789,105.6259631069268,115.22832338937468,124.83068367182257,False,True,True,True
Horizon Manchester,HHN-MAN-01,HHN-MAN-01_Orthopaedics Ward B,2025-12-25,21.875,21.796868571498155,SARIMA,Orthopaedics Ward B,32,21.796868571498155,23.976555428647973,26.156242285797784,28.335929142947602,68.11521428593174,74.92673571452492,81.73825714311808,88.54977857171126,False,False,False,False
Horizon Manchester,HHN-MAN-01,HHN-MAN-01_Orthopaedics Ward B,2025-12-26,21.166666666666668,21.935801275031903,SARIMA,Orthopaedics Ward B,32,21.935801275031903,24.129381402535095,26.32296153003828,28.516541657541474,68.5493789844747,75.40431688292217,82.25925478136963,89.11419267981711,False,False,False,False
Horizon Manchester,HHN-MAN-01,HHN-MAN-01_Orthopaedics Ward B,2025-12-27,18.541666666666668,20.22267213811126,SARIMA,Orthopaedics Ward B,32,20.22267213811126,22.244939351922387,24.267206565733513,26.28947377954464,63.19585043159769,69.51543547475745,75.83502051791723,82.154605561077,False,False,False,False
Horizon Manchester,HHN-MAN-01,HHN-MAN-01_Orthopaedics Ward B,2025-12-28,16.083333333333332,18.11842697493239,SARIMA,Orthopaedics Ward B,32,18.11842697493239,19.93026967242563,21.742112369918868,23.553955067412108,56.62008429666372,62.2820927263301,67.94410115599646,73.60610958566284,False,False,False,False
Horizon Manchester,HHN-MAN-01,HHN-MAN-01_Orthopaedics Ward B,2025-12-29,17.833333333333332,17.92642114040141,SARIMA,Orthopaedics Ward B,32,17.92642114040141,19.71906325444155,21.51170536848169,23.304347482521834,56.020066063754406,61.622072670129846,67.22407927650528,72.82608588288073,False,False,False,False
Horizon Manchester,HHN-MAN-01,HHN-MAN-01_Orthopaedics Ward B,2025-12-30,22.625,19.63595991056171,SARIMA,Orthopaedics Ward B,32,19.63595991056171,21.599555901617883,23.56315189267405,25.526747883730224,61.36237472050534,67.49861219255588,73.6348496646064,79.77108713665694,False,False,False,False
Horizon Manchester,HHN-MAN-01,HHN-MAN-01_Orthopaedics Ward B,2025-12-31,20.875,21.68502912489502,SARIMA,Orthopaedics Ward B,32,21.68502912489502,23.853532037384525,26.022034949874023,28.190537862363527,67.76571601529695,74.54228761682664,81.31885921835632,88.09543081988602,False,False,False,False
Horizon Birmingham,HHN-BIR-01,HHN-BIR-01_ICU,2025-12-25,9.0,8.829255070732128,Holt-Winters,ICU,9,8.829255070732128,9.712180577805341,10.595106084878553,11.478031591951765,98.10283411924587,107.91311753117046,117.72340094309503,127.53368435501962,False,True,True,True
Horizon Birmingham,HHN-BIR-01,HHN-BIR-01_ICU,2025-12-26,9.0,8.647889612407408,Holt-Winters,ICU,9,8.647889612407408,9.512678573648149,10.377467534888888,11.242256496129631,96.0876623600823,105.69642859609054,115.30519483209875,124.91396106810701,False,True,True,True
Horizon Birmingham,HHN-BIR-01,HHN-BIR-01_ICU,2025-12-27,8.5,8.643811498725062,Holt-Winters,ICU,9,8.643811498725062,9.50819264859757,10.372573798470075,11.236954948342582,96.04234998583404,105.64658498441743,115.25081998300084,124.85505498158425,False,True,True,True
Horizon Birmingham,HHN-BIR-01,HHN-BIR-01_ICU,2025-12-28,7.541666666666667,8.75940848869814,Holt-Winters,ICU,9,8.75940848869814,9.635349337567956,10.511290186437767,11.387231035307583,97.32676098553489,107.0594370840884,116.79211318264187,126.52478928119537,False,True,True,True
Horizon Birmingham,HHN-BIR-01,HHN-BIR-01_ICU,2025-12-29,8.791666666666666,8.875401021642483,Holt-Winters,ICU,9,8.875401021642483,9.762941123806733,10.65048122597098,11.53802132813523,98.61556690713871,108.4771235978526,118.33868028856645,128.20023697928033,False,True,True,True
Horizon Birmingham,HHN-BIR-01,HHN-BIR-01_ICU,2025-12-30,8.958333333333334,8.936492473589661,Holt-Winters,ICU,9,8.936492473589661,9.830141720948628,10.723790968307593,11.61744021566656,99.29436081766289,109.2237968994292,119.15323298119549,129.08266906296177,False,True,True,True
Horizon Birmingham,HHN-BIR-01,HHN-BIR-01_ICU,2025-12-31,8.916666666666666,8.91628676742611,Holt-Winters,ICU,9,8.91628676742611,9.80791544416872,10.699544120911332,11.591172797653943,99.06985297140122,108.97683826854134,118.88382356568145,128.7908088628216,False,True,True,True
Horizon Edinburgh,HHN-EDI-01,HHN-EDI-01_ICU,2025-12-25,6.333333333333333,7.100481531587418,Holt-Winters,ICU,8,7.100481531587418,7.81052968474616,8.5205778379049,9.230625991063643,88.75601914484272,97.631621059327,106.50722297381125,115.38282488829554,False,False,True,True
Horizon Edinburgh,HHN-EDI-01,HHN-EDI-01_ICU,2025-12-26,7.791666666666667,7.107012427672848,Holt-Winters,ICU,8,7.107012427672848,7.817713670440134,8.528414913207417,9.239116155974703,88.8376553459106,97.72142088050167,106.60518641509272,115.48895194968378,False,False,True,True
Horizon Edinburgh,HHN-EDI-01,HHN-EDI-01_ICU,2025-12-27,7.916666666666667,7.254880749738465,Holt-Winters,ICU,8,7.254880749738465,7.980368824712312,8.705856899686157,9.431344974660005,90.68600937173082,99.7546103089039,108.82321124607697,117.89181218325007,False,False,True,True
Horizon Edinburgh,HHN-EDI-01,HHN-EDI-01_ICU,2025-12-28,7.791666666666667,7.3251317177529,Holt-Winters,ICU,8,7.3251317177529,8.05764488952819,8.79015806130348,9.52267123307877,91.56414647191124,100.72056111910237,109.8769757662935,119.03339041348463,False,True,True,True
Horizon Edinburgh,HHN-EDI-01,HHN-EDI-01_ICU,2025-12-29,7.958333333333333,7.370881939942925,Holt-Winters,ICU,8,7.370881939942925,8.107970133937219,8.84505832793151,9.582146521925804,92.13602424928656,101.34962667421523,110.56322909914387,119.77683152407255,False,True,True,True
Horizon Edinburgh,HHN-EDI-01,HHN-EDI-01_ICU,2025-12-30,7.916666666666667,7.241046553303171,Holt-Winters,ICU,8,7.241046553303171,7.965151208633489,8.689255863963805,9.413360519294123,90.51308191628964,99.56439010791861,108.61569829954756,117.66700649117654,False,False,True,True
Horizon Edinburgh,HHN-EDI-01,HHN-EDI-01_ICU,2025-12-31,7.916666666666667,7.153675482902055,Holt-Winters,ICU,8,7.153675482902055,7.869043031192261,8.584410579482466,9.299778127772672,89.42094353627569,98.36303788990325,107.30513224353082,116.2472265971584,False,False,True,True
Horizon London Central,HHN-LON-01,HHN-LON-01_ICU,2025-12-25,17.75,16.42078843162028,Holt-Winters,ICU,18,16.42078843162028,18.06286727478231,19.704946117944335,21.347024961106367,91.22660239789045,100.34926263767949,109.47192287746851,118.59458311725759,False,True,True,True
Horizon London Central,HHN-LON-01,HHN-LON-01_ICU,2025-12-26,17.958333333333332,16.604238218523605,Holt-Winters,ICU,18,16.604238218523605,18.264662040375967,19.925085862228325,21.585509684080687,92.24576788068669,101.47034466875537,110.69492145682402,119.9194982448927,False,True,True,True
Horizon London Central,HHN-LON-01,HHN-LON-01_ICU,2025-12-27,17.708333333333332,16.62421068910054,Holt-Winters,ICU,18,16.62421068910054,18.286631758010596,19.949052826920646,21.611473895830702,92.35672605055856,101.59239865561443,110.82807126067024,120.06374386572611,False,True,True,True
Horizon London Central,HHN-LON-01,HHN-LON-01_ICU,2025-12-28,17.833333333333332,16.999262924462354,Holt-Winters,ICU,18,16.999262924462354,18.69918921690859,20.399115509354825,22.09904180180106,94.4403495803464,103.88438453838104,113.3284194964157,122.77245445445033,False,True,True,True
Horizon London Central,HHN-LON-01,HHN-LON-01_ICU,2025-12-29,17.958333333333332,17.172120405853615,Holt-Winters,ICU,18,17.172120405853615,18.889332446438978,20.606544487024337,22.3237565276097,95.40066892140896,104.94073581354988,114.48080270569076,124.02086959783168,False,True,True,True
Horizon London Central,HHN-LON-01,HHN-LON-01_ICU,2025-12-30,17.916666666666668,17.087987576686917,Holt-Winters,ICU,18,17.087987576686917,18.79678633435561,20.5055850920243,22.214383849692993,94.93326431492731,104.42659074642005,113.9199171779128,123.41324360940551,False,True,True,True
Horizon London Central,HHN-LON-01,HHN-LON-01_ICU,2025-12-31,17.666666666666668,17.0503855918133,Holt-Winters,ICU,18,17.0503855918133,18.75542415099463,20.460462710175957,22.16550126935729,94.72436439896276,104.19680083885908,113.6692372787553,123.14167371865162,False,True,True,True
Horizon Manchester,HHN-MAN-01,HHN-MAN-01_ICU,2025-12-25,9.875,9.86724302739844,Holt-Winters,ICU,10,9.86724302739844,10.853967330138284,11.840691632878126,12.82741593561797,98.67243027398439,108.53967330138283,118.40691632878126,128.27415935617972,False,True,True,True
Horizon Manchester,HHN-MAN-01,HHN-MAN-01_ICU,2025-12-26,9.916666666666666,9.810057673256932,Holt-Winters,ICU,10,9.810057673256932,10.791063440582626,11.772069207908318,12.75307497523401,98.10057673256931,107.91063440582627,117.72069207908318,127.53074975234011,False,True,True,True
Horizon Manchester,HHN-MAN-01,HHN-MAN-01_ICU,2025-12-27,9.833333333333334,9.745120851458902,Holt-Winters,ICU,10,9.745120851458902,10.719632936604793,11.694145021750682,12.668657106896573,97.45120851458901,107.19632936604793,116.94145021750681,126.68657106896572,False,True,True,True
Horizon Manchester,HHN-MAN-01,HHN-MAN-01_ICU,2025-12-28,9.791666666666666,9.785162396457244,Holt-Winters,ICU,10,9.785162396457244,10.763678636102968,11.742194875748693,12.720711115394417,97.85162396457243,107.63678636102969,117.42194875748693,127.20711115394417,False,True,True,True
Horizon Manchester,HHN-MAN-01,HHN-MAN-01_ICU,2025-12-29,9.791666666666666,9.932228089590271,Holt-Winters,ICU,10,9.932228089590271,10.925450898549299,11.918673707508326,12.911896516467353,99.32228089590271,109.25450898549298,119.18673707508324,129.11896516467354,False,True,True,True
Horizon Manchester,HHN-MAN-01,HHN-MAN-01_ICU,2025-12-30,9.791666666666666,9.955278964848478,Holt-Winters,ICU,10,9.955278964848478,10.950806861333326,11.946334757818173,12.941862654303023,99.55278964848479,109.50806861333326,119.46334757818174,129.41862654303023,False,True,True,True
Horizon Manchester,HHN-MAN-01,HHN-MAN-01_ICU,2025-12-31,9.041666666666666,9.958333333333334,Holt-Winters,ICU,10,9.958333333333334,10.954166666666667,11.950000000000001,12.945833333333335,99.58333333333333,109.54166666666667,119.5,129.45833333333334,False,True,True,True
Horizon Edinburgh,HHN-EDI-01,HHN-EDI-01_Cardiology Ward,2025-12-25,12.083333333333334,14.742630708464173,Holt-Winters,Cardiology Ward,16,14.742630708464173,16.216893779310592,17.691156850157007,19.165419921003426,92.14144192790108,101.3555861206912,110.5697303134813,119.78387450627142,False,True,True,True
Horizon Edinburgh,HHN-EDI-01,HHN-EDI-01_Cardiology Ward,2025-12-26,12.458333333333334,14.468939515455476,Holt-Winters,Cardiology Ward,16,14.468939515455476,15.915833467001026,17.36272741854657,18.80962137009212,90.43087197159673,99.47395916875641,108.51704636591606,117.56013356307575,False,False,True,True
Horizon Edinburgh,HHN-EDI-01,HHN-EDI-01_Cardiology Ward,2025-12-27,12.708333333333334,13.86557867665249,Holt-Winters,Cardiology Ward,16,13.86557867665249,15.25213654431774,16.638694411982986,18.02525227964824,86.65986672907806,95.32585340198587,103.99184007489366,112.6578267478015,False,False,True,True
Horizon Edinburgh,HHN-EDI-01,HHN-EDI-01_Cardiology Ward,2025-12-28,15.125,13.303116201124016,Holt-Winters,Cardiology Ward,16,13.303116201124016,14.633427821236419,15.96373944134882,17.29405106146122,83.1444762570251,91.45892388272762,99.77337150843012,108.08781913413263,False,False,False,True
Horizon Edinburgh,HHN-EDI-01,HHN-EDI-01_Cardiology Ward,2025-12-29,15.916666666666666,13.720237604585025,Holt-Winters,Cardiology Ward,16,13.720237604585025,15.092261365043528,16.46428512550203,17.836308885960534,85.7514850286564,94.32663353152205,102.9017820343877,111.47693053725334,False,False,True,True
Horizon Edinburgh,HHN-EDI-01,HHN-EDI-01_Cardiology Ward,2025-12-30,15.833333333333334,14.341570365599264,Holt-Winters,Cardiology Ward,16,14.341570365599264,15.775727402159191,17.209884438719115,18.644041475279042,89.6348147849954,98.59829626349494,107.56177774199446,116.52525922049402,False,False,True,True
Horizon Edinburgh,HHN-EDI-01,HHN-EDI-01_Cardiology Ward,2025-12-31,14.791666666666666,14.728203405335986,Holt-Winters,Cardiology Ward,16,14.728203405335986,16.201023745869584,17.673844086403182,19.14666442693678,92.0512712833499,101.2563984116849,110.46152554001989,119.66665266835489,False,True,True,True
Horizon Manchester,HHN-MAN-01,HHN-MAN-01_Cardiology Ward,2025-12-25,23.875,23.875,Holt-Winters,Cardiology Ward,24,23.875,26.262500000000003,28.65,31.0375,99.47916666666666,109.42708333333336,119.37499999999999,129.32291666666666,False,True,True,True
Horizon Manchester,HHN-MAN-01,HHN-MAN-01_Cardiology Ward,2025-12-26,23.625,23.875,Holt-Winters,Cardiology Ward,24,23.875,26.262500000000003,28.65,31.0375,99.47916666666666,109.42708333333336,119.37499999999999,129.32291666666666,False,True,True,True
Horizon Manchester,HHN-MAN-01,HHN-MAN-01_Cardiology Ward,2025-12-27,23.58333333333333,23.42686703459669,Holt-Winters,Cardiology Ward,24,23.42686703459669,25.76955373805636,28.112240441516025,30.4549271449757,97.6119459774862,107.37314057523484,117.13433517298344,126.89552977073208,False,True,True,True
Horizon Manchester,HHN-MAN-01,HHN-MAN-01_Cardiology Ward,2025-12-28,23.58333333333333,22.645885961352867,Holt-Winters,Cardiology Ward,24,22.645885961352867,24.910474557488158,27.17506315362344,29.439651749758728,94.35785817230361,103.79364398953399,113.22942980676433,122.66521562399471,False,True,True,True
Horizon Manchester,HHN-MAN-01,HHN-MAN-01_Cardiology Ward,2025-12-29,22.0,22.95224784585499,Holt-Winters,Cardiology Ward,24,22.95224784585499,25.24747263044049,27.542697415025987,29.83792219961149,95.6343660243958,105.19780262683538,114.76123922927495,124.32467583171454,False,True,True,True
Horizon Manchester,HHN-MAN-01,HHN-MAN-01_Cardiology Ward,2025-12-30,21.45833333333333,23.580843854034068,Holt-Winters,Cardiology Ward,24,23.580843854034068,25.938928239437477,28.29701262484088,30.65509701024429,98.25351605847528,108.07886766432281,117.90421927017034,127.72957087601789,False,True,True,True
Horizon Manchester,HHN-MAN-01,HHN-MAN-01_Cardiology Ward,2025-12-31,23.5,23.875,Holt-Winters,Cardiology Ward,24,23.875,26.262500000000003,28.65,31.0375,99.47916666666666,109.42708333333336,119.37499999999999,129.32291666666666,False,True,True,True
Horizon Birmingham,HHN-BIR-01,HHN-BIR-01_Oncology Ward,2025-12-25,11.083333333333334,12.90766988465294,Holt-Winters,Oncology Ward,18,12.90766988465294,14.198436873118235,15.489203861583526,16.779970850048823,71.70927713696078,78.88020485065685,86.05113256435293,93.22206027804901,False,False,False,False
Horizon Birmingham,HHN-BIR-01,HHN-BIR-01_Oncology Ward,2025-12-26,11.458333333333334,12.891741757640183,Holt-Winters,Oncology Ward,18,12.891741757640183,14.180915933404203,15.470090109168218,16.75926428493224,71.62078754244547,78.78286629669002,85.94494505093455,93.10702380517911,False,False,False,False
Horizon Birmingham,HHN-BIR-01,HHN-BIR-01_Oncology Ward,2025-12-27,11.083333333333334,12.26918291921301,Holt-Winters,Oncology Ward,18,12.26918291921301,13.496101211134313,14.723019503055612,15.949937794976915,68.16212732896116,74.9783400618573,81.7945527947534,88.61076552764953,False,False,False,False
Horizon Birmingham,HHN-BIR-01,HHN-BIR-01_Oncology Ward,2025-12-28,10.083333333333334,11.455447353157233,Holt-Winters,Oncology Ward,18,11.455447353157233,12.600992088472957,13.746536823788679,14.892081559104403,63.641374184206846,70.00551160262754,76.36964902104822,82.7337864394689,False,False,False,False
Horizon Birmingham,HHN-BIR-01,HHN-BIR-01_Oncology Ward,2025-12-29,10.458333333333334,11.508147122155904,Holt-Winters,Oncology Ward,18,11.508147122155904,12.658961834371496,13.809776546587084,14.960591258802676,63.93415067864391,70.32756574650831,76.72098081437268,83.11439588223709,False,False,False,False
Horizon Birmingham,HHN-BIR-01,HHN-BIR-01_Oncology Ward,2025-12-30,9.791666666666666,12.148117467079746,Holt-Winters,Oncology Ward,18,12.148117467079746,13.362929213787723,14.577740960495696,15.79255270720367,67.48954148377638,74.23849563215401,80.98744978053163,87.73640392890928,False,False,False,False
Horizon Birmingham,HHN-BIR-01,HHN-BIR-01_Oncology Ward,2025-12-31,9.625,12.542923165587156,Holt-Winters,Oncology Ward,18,12.542923165587156,13.797215482145873,15.051507798704588,16.305800115263303,69.6829064754842,76.65119712303263,83.61948777058105,90.58777841812946,False,False,False,False
Horizon Edinburgh,HHN-EDI-01,HHN-EDI-01_Oncology Ward,2025-12-25,12.666666666666666,12.219350204932573,Holt-Winters,Oncology Ward,13,12.219350204932573,13.441285225425831,14.663220245919087,15.885155266412346,93.9950015764044,103.39450173404485,112.7940018916853,122.19350204932573,False,True,True,True
Horizon Edinburgh,HHN-EDI-01,HHN-EDI-01_Oncology Ward,2025-12-26,11.541666666666666,12.37415556809853,Holt-Winters,Oncology Ward,13,12.37415556809853,13.611571124908384,14.848986681718236,16.08640223852809,95.18581206229638,104.70439326852603,114.22297447475567,123.74155568098533,False,True,True,True
Horizon Edinburgh,HHN-EDI-01,HHN-EDI-01_Oncology Ward,2025-12-27,9.875,12.084925909803427,Holt-Winters,Oncology Ward,13,12.084925909803427,13.29341850078377,14.501911091764113,15.710403682744456,92.96096853694944,102.25706539064439,111.55316224433933,120.84925909803428,False,True,True,True
Horizon Edinburgh,HHN-EDI-01,HHN-EDI-01_Oncology Ward,2025-12-28,11.125,11.542435043645366,Holt-Winters,Oncology Ward,13,11.542435043645366,12.696678548009903,13.850922052374438,15.005165556738977,88.78796187419512,97.66675806161463,106.54555424903414,115.42435043645366,False,False,True,True
Horizon Edinburgh,HHN-EDI-01,HHN-EDI-01_Oncology Ward,2025-12-29,11.625,11.469718234138394,Holt-Winters,Oncology Ward,13,11.469718234138394,12.616690057552235,13.763661880966072,14.910633704379913,88.22860180106457,97.05146198117104,105.87432216127748,114.69718234138395,False,False,True,True
Horizon Edinburgh,HHN-EDI-01,HHN-EDI-01_Oncology Ward,2025-12-30,12.583333333333334,11.930479311293793,Holt-Winters,Oncology Ward,13,11.930479311293793,13.123527242423172,14.31657517355255,15.50962310468193,91.77291777918302,100.95020955710132,110.12750133501963,119.30479311293793,False,True,True,True
Horizon Edinburgh,HHN-EDI-01,HHN-EDI-01_Oncology Ward,2025-12-31,12.791666666666666,12.107681619942069,Holt-Winters,Oncology Ward,13,12.107681619942069,13.318449781936277,14.529217943930481,15.73998610592469,93.13601246109283,102.44961370720213,111.76321495331139,121.07681619942068,False,True,True,True
Horizon Birmingham,HHN-BIR-01,HHN-BIR-01_General Medicine Ward A,2025-12-25,15.958333333333334,15.583745768274866,Holt-Winters,General Medicine Ward A,16,15.583745768274866,17.142120345102356,18.700494921929838,20.258869498757328,97.39841105171791,107.13825215688972,116.87809326206148,126.6179343672333,False,True,True,True
Horizon Birmingham,HHN-BIR-01,HHN-BIR-01_General Medicine Ward A,2025-12-26,15.791666666666666,15.515086498305491,Holt-Winters,General Medicine Ward A,16,15.515086498305491,17.06659514813604,18.61810379796659,20.16961244779714,96.96929061440932,106.66621967585026,116.36314873729118,126.06007779873212,False,True,True,True
Horizon Birmingham,HHN-BIR-01,HHN-BIR-01_General Medicine Ward A,2025-12-27,15.916666666666666,15.67314034250274,Holt-Winters,General Medicine Ward A,16,15.67314034250274,17.240454376753014,18.807768411003288,20.37508244525356,97.95712714064211,107.75283985470634,117.54855256877055,127.34426528283475,False,True,True,True
Horizon Birmingham,HHN-BIR-01,HHN-BIR-01_General Medicine Ward A,2025-12-28,15.708333333333334,15.983203685572626,Holt-Winters,General Medicine Ward A,16,15.983203685572626,17.58152405412989,19.17984442268715,20.778164791244414,99.89502303482891,109.88452533831182,119.87402764179468,129.86352994527758,False,True,True,True
Horizon Birmingham,HHN-BIR-01,HHN-BIR-01_General Medicine Ward A,2025-12-29,15.708333333333334,16.0,Holt-Winters,General Medicine Ward A,16,16.0,17.6,19.2,20.8,100.0,110.00000000000001,120.0,130.0,False,True,True,True
Horizon Birmingham,HHN-BIR-01,HHN-BIR-01_General Medicine Ward A,2025-12-30,16.0,16.0,Holt-Winters,General Medicine Ward A,16,16.0,17.6,19.2,20.8,100.0,110.00000000000001,120.0,130.0,False,True,True,True
Horizon Birmingham,HHN-BIR-01,HHN-BIR-01_General Medicine Ward A,2025-12-31,15.791666666666666,15.843246691974178,Holt-Winters,General Medicine Ward A,16,15.843246691974178,17.427571361171598,19.011896030369012,20.596220699566434,99.02029182483861,108.92232100732248,118.82435018980632,128.7263793722902,False,True,True,True
Horizon Edinburgh,HHN-EDI-01,HHN-EDI-01_General Medicine Ward A,2025-12-25,16.708333333333332,16.80481364893421,Holt-Winters,General Medicine Ward A,17,16.80481364893421,18.485295013827635,20.165776378721052,21.846257743614476,98.85184499373065,108.73702949310373,118.62221399247676,128.50739849184987,False,True,True,True
Horizon Edinburgh,HHN-EDI-01,HHN-EDI-01_General Medicine Ward A,2025-12-26,16.916666666666668,16.958333333333332,Holt-Winters,General Medicine Ward A,17,16.958333333333332,18.65416666666667,20.349999999999998,22.045833333333334,99.75490196078431,109.73039215686275,119.70588235294117,129.6813725490196,False,True,True,True
Horizon Edinburgh,HHN-EDI-01,HHN-EDI-01_General Medicine Ward A,2025-12-27,16.666666666666668,16.943548027827575,Holt-Winters,General Medicine Ward A,17,16.943548027827575,18.637902830610333,20.332257633393088,22.02661243617585,99.66792957545633,109.63472253300195,119.60151549054758,129.56830844809323,False,True,True,True
Horizon Edinburgh,HHN-EDI-01,HHN-EDI-01_General Medicine Ward A,2025-12-28,16.708333333333332,16.952877308764116,Holt-Winters,General Medicine Ward A,17,16.952877308764116,18.648165039640528,20.343452770516937,22.038740501393352,99.72280769861244,109.69508846847368,119.66736923833491,129.63965000819618,False,True,True,True
Horizon Edinburgh,HHN-EDI-01,HHN-EDI-01_General Medicine Ward A,2025-12-29,16.833333333333332,16.958333333333332,Holt-Winters,General Medicine Ward A,17,16.958333333333332,18.65416666666667,20.349999999999998,22.045833333333334,99.75490196078431,109.73039215686275,119.70588235294117,129.6813725490196,False,True,True,True
Horizon Edinburgh,HHN-EDI-01,HHN-EDI-01_General Medicine Ward A,2025-12-30,16.708333333333332,16.958333333333332,Holt-Winters,General Medicine Ward A,17,16.958333333333332,18.65416666666667,20.349999999999998,22.045833333333334,99.75490196078431,109.73039215686275,119.70588235294117,129.6813725490196,False,True,True,True
Horizon Edinburgh,HHN-EDI-01,HHN-EDI-01_General Medicine Ward A,2025-12-31,16.958333333333332,16.856613934365683,Holt-Winters,General Medicine Ward A,17,16.856613934365683,18.54227532780225,20.22793672123882,21.913598114675388,99.15655255509225,109.07220781060147,118.9878630661107,128.9035183216199,False,True,True,True
Horizon London Riverside,HHN-LON-02,HHN-LON-02_General Medicine Ward A,2025-12-25,17.791666666666668,17.6319370248027,Holt-Winters,General Medicine Ward A,18,17.6319370248027,19.39513072728297,21.158324429763237,22.92151813224351,97.95520569334832,107.75072626268319,117.54624683201797,127.34176740135284,False,True,True,True
Horizon London Riverside,HHN-LON-02,HHN-LON-02_General Medicine Ward A,2025-12-26,17.791666666666668,17.373391648842983,Holt-Winters,General Medicine Ward A,18,17.373391648842983,19.110730813727283,20.84806997861158,22.585409143495877,96.51884249357212,106.17072674292936,115.82261099228654,125.47449524164375,False,True,True,True
Horizon London Riverside,HHN-LON-02,HHN-LON-02_General Medicine Ward A,2025-12-27,17.625,17.520048424946133,Holt-Winters,General Medicine Ward A,18,17.520048424946133,19.272053267440747,21.024058109935357,22.776062952429974,97.33360236081184,107.06696259689303,116.80032283297422,126.53368306905541,False,True,True,True
Horizon London Riverside,HHN-LON-02,HHN-LON-02_General Medicine Ward A,2025-12-28,17.833333333333332,17.80273057558781,Holt-Winters,General Medicine Ward A,18,17.80273057558781,19.583003633146593,21.36327669070537,23.143549748264153,98.9040587532656,108.7944646285922,118.68487050391872,128.57527637924528,False,True,True,True
Horizon London Riverside,HHN-LON-02,HHN-LON-02_General Medicine Ward A,2025-12-29,17.833333333333332,17.916666666666668,Holt-Winters,General Medicine Ward A,18,17.916666666666668,19.708333333333336,21.5,23.291666666666668,99.53703703703705,109.49074074074075,119.44444444444444,129.39814814814815,False,True,True,True
Horizon London Riverside,HHN-LON-02,HHN-LON-02_General Medicine Ward A,2025-12-30,17.666666666666668,17.916666666666668,Holt-Winters,General Medicine Ward A,18,17.916666666666668,19.708333333333336,21.5,23.291666666666668,99.53703703703705,109.49074074074075,119.44444444444444,129.39814814814815,False,True,True,True
Horizon London Riverside,HHN-LON-02,HHN-LON-02_General Medicine Ward A,2025-12-31,17.916666666666668,17.916666666666668,Holt-Winters,General Medicine Ward A,18,17.916666666666668,19.708333333333336,21.5,23.291666666666668,99.53703703703705,109.49074074074075,119.44444444444444,129.39814814814815,False,True,True,True
Horizon Manchester,HHN-MAN-01,HHN-MAN-01_General Medicine Ward A,2025-12-25,16.666666666666668,17.862682987339586,Holt-Winters,General Medicine Ward A,21,17.862682987339586,19.648951286073547,21.435219584807502,23.221487883541464,85.06039517780755,93.56643469558831,102.07247421336905,110.57851373114983,False,False,True,True
Horizon Manchester,HHN-MAN-01,HHN-MAN-01_General Medicine Ward A,2025-12-26,17.666666666666668,17.90261500493815,Holt-Winters,General Medicine Ward A,21,17.90261500493815,19.692876505431965,21.483138005925777,23.273399506419594,85.25054764256261,93.77560240681888,102.30065717107513,110.8257119353314,False,False,True,True
Horizon Manchester,HHN-MAN-01,HHN-MAN-01_General Medicine Ward A,2025-12-27,20.625,17.905475920632043,Holt-Winters,General Medicine Ward A,21,17.905475920632043,19.69602351269525,21.48657110475845,23.277118696821656,85.26417105062878,93.79058815569165,102.31700526075454,110.84342236581742,False,False,True,True
Horizon Manchester,HHN-MAN-01,HHN-MAN-01_General Medicine Ward A,2025-12-28,18.666666666666668,18.392302267883185,Holt-Winters,General Medicine Ward A,21,18.392302267883185,20.231532494671505,22.070762721459822,23.909992948248142,87.5823917518247,96.34063092700717,105.09887010218964,113.85710927737212,False,False,True,True
Horizon Manchester,HHN-MAN-01,HHN-MAN-01_General Medicine Ward A,2025-12-29,20.791666666666668,18.68937512811914,Holt-Winters,General Medicine Ward A,21,18.68937512811914,20.558312640931053,22.427250153742964,24.296187666554882,88.99702441961495,97.89672686157644,106.79642930353792,115.69613174549944,False,False,True,True
Horizon Manchester,HHN-MAN-01,HHN-MAN-01_General Medicine Ward A,2025-12-30,20.791666666666668,18.57985990434573,Holt-Winters,General Medicine Ward A,21,18.57985990434573,20.437845894780306,22.295831885214877,24.15381787564945,88.4755233540273,97.32307568943003,106.17062802483275,115.01818036023548,False,False,True,True
Horizon Manchester,HHN-MAN-01,HHN-MAN-01_General Medicine Ward A,2025-12-31,20.916666666666668,18.145499004941662,Holt-Winters,General Medicine Ward A,21,18.145499004941662,19.96004890543583,21.774598805929994,23.58914870642416,86.40713811876982,95.04785193064681,103.68856574252379,112.32927955440077,False,False,True,True
Horizon Edinburgh,HHN-EDI-01,HHN-EDI-01_General Medicine Ward B,2025-12-25,16.916666666666668,17.0,Holt-Winters,General Medicine Ward B,17,17.0,18.700000000000003,20.4,22.1,100.0,110.00000000000001,120.0,130.0,False,True,True,True
Horizon Edinburgh,HHN-EDI-01,HHN-EDI-01_General Medicine Ward B,2025-12-26,16.916666666666668,17.0,Holt-Winters,General Medicine Ward B,17,17.0,18.700000000000003,20.4,22.1,100.0,110.00000000000001,120.0,130.0,False,True,True,True
Horizon Edinburgh,HHN-EDI-01,HHN-EDI-01_General Medicine Ward B,2025-12-27,17.0,17.0,Holt-Winters,General Medicine Ward B,17,17.0,18.700000000000003,20.4,22.1,100.0,110.00000000000001,120.0,130.0,False,True,True,True
Horizon Edinburgh,HHN-EDI-01,HHN-EDI-01_General Medicine Ward B,2025-12-28,14.875,17.0,Holt-Winters,General Medicine Ward B,17,17.0,18.700000000000003,20.4,22.1,100.0,110.00000000000001,120.0,130.0,False,True,True,True
Horizon Edinburgh,HHN-EDI-01,HHN-EDI-01_General Medicine Ward B,2025-12-29,13.916666666666666,17.0,Holt-Winters,General Medicine Ward B,17,17.0,18.700000000000003,20.4,22.1,100.0,110.00000000000001,120.0,130.0,False,True,True,True
Horizon Edinburgh,HHN-EDI-01,HHN-EDI-01_General Medicine Ward B,2025-12-30,16.791666666666668,17.0,Holt-Winters,General Medicine Ward B,17,17.0,18.700000000000003,20.4,22.1,100.0,110.00000000000001,120.0,130.0,False,True,True,True
Horizon Edinburgh,HHN-EDI-01,HHN-EDI-01_General Medicine Ward B,2025-12-31,15.5,16.95377432637433,Holt-Winters,General Medicine Ward B,17,16.95377432637433,18.649151759011765,20.344529191649194,22.03990662428663,99.72808427279017,109.7008927000692,119.67370112734821,129.64650955462724,False,True,True,True
Horizon Manchester,HHN-MAN-01,HHN-MAN-01_General Medicine Ward B,2025-12-25,20.625,20.511796204381145,Holt-Winters,General Medicine Ward B,21,20.511796204381145,22.56297582481926,24.614155445257374,26.66533506569549,97.6752200208626,107.44274202294886,117.21026402503512,126.97778602712137,False,True,True,True
Horizon Manchester,HHN-MAN-01,HHN-MAN-01_General Medicine Ward B,2025-12-26,18.25,20.28760623272694,Holt-Winters,General Medicine Ward B,21,20.28760623272694,22.316366855999636,24.34512747927233,26.373888102545024,96.60764872727114,106.26841359999825,115.92917847272537,125.5899433454525,False,True,True,True
Horizon Manchester,HHN-MAN-01,HHN-MAN-01_General Medicine Ward B,2025-12-27,20.70833333333333,20.48432220712123,Holt-Winters,General Medicine Ward B,21,20.48432220712123,22.532754427833357,24.581186648545476,26.6296188692576,97.54439146248205,107.29883060873027,117.05326975497844,126.80770890122668,False,True,True,True
Horizon Manchester,HHN-MAN-01,HHN-MAN-01_General Medicine Ward B,2025-12-28,21.0,20.88087430509973,Holt-Winters,General Medicine Ward B,21,20.88087430509973,22.968961735609707,25.057049166119675,27.14513659662965,99.43273478618919,109.37600826480814,119.31928174342703,129.26255522204596,False,True,True,True
Horizon Manchester,HHN-MAN-01,HHN-MAN-01_General Medicine Ward B,2025-12-29,20.75,21.0,Holt-Winters,General Medicine Ward B,21,21.0,23.1,25.2,27.3,100.0,110.00000000000001,120.0,130.0,False,True,True,True
Horizon Manchester,HHN-MAN-01,HHN-MAN-01_General Medicine Ward B,2025-12-30,20.58333333333333,21.0,Holt-Winters,General Medicine Ward B,21,21.0,23.1,25.2,27.3,100.0,110.00000000000001,120.0,130.0,False,True,True,True
Horizon Manchester,HHN-MAN-01,HHN-MAN-01_General Medicine Ward B,2025-12-31,20.541666666666668,20.723135898533613,Holt-Winters,General Medicine Ward B,21,20.723135898533613,22.795449488386975,24.867763078240333,26.9400766680937,98.68159951682672,108.5497594685094,118.41791942019206,128.28607937187476,False,True,True,True
Horizon Birmingham,HHN-BIR-01,HHN-BIR-01_Orthopaedics Ward A,2025-12-25,10.958333333333334,10.958333333333334,Holt-Winters,Orthopaedics Ward A,11,10.958333333333334,12.054166666666669,13.15,14.245833333333335,99.62121212121212,109.58333333333334,119.54545454545456,129.50757575757578,False,True,True,True
Horizon Birmingham,HHN-BIR-01,HHN-BIR-01_Orthopaedics Ward A,2025-12-26,10.875,10.958333333333334,Holt-Winters,Orthopaedics Ward A,11,10.958333333333334,12.054166666666669,13.15,14.245833333333335,99.62121212121212,109.58333333333334,119.54545454545456,129.50757575757578,False,True,True,True
Horizon Birmingham,HHN-BIR-01,HHN-BIR-01_Orthopaedics Ward A,2025-12-27,10.958333333333334,10.951380378444885,Holt-Winters,Orthopaedics Ward A,11,10.951380378444885,12.046518416289373,13.14165645413386,14.236794491978351,99.55800344040804,109.51380378444885,119.46960412848964,129.42540447253046,False,True,True,True
Horizon Birmingham,HHN-BIR-01,HHN-BIR-01_Orthopaedics Ward A,2025-12-28,10.958333333333334,10.701784920801108,Holt-Winters,Orthopaedics Ward A,11,10.701784920801108,11.77196341288122,12.842141904961329,13.91232039704144,97.28895382546462,107.0178492080111,116.74674459055754,126.47563997310401,False,True,True,True
Horizon Birmingham,HHN-BIR-01,HHN-BIR-01_Orthopaedics Ward A,2025-12-29,10.958333333333334,10.886839391522582,Holt-Winters,Orthopaedics Ward A,11,10.886839391522582,11.975523330674841,13.064207269827097,14.152891208979357,98.97126719565983,108.86839391522582,118.7655206347918,128.6626473543578,False,True,True,True
Horizon Birmingham,HHN-BIR-01,HHN-BIR-01_Orthopaedics Ward A,2025-12-30,10.75,10.933368400342005,Holt-Winters,Orthopaedics Ward A,11,10.933368400342005,12.026705240376206,13.120042080410405,14.213378920444606,99.39425818492732,109.33368400342005,119.27310982191277,129.21253564040552,False,True,True,True
Horizon Birmingham,HHN-BIR-01,HHN-BIR-01_Orthopaedics Ward A,2025-12-31,10.958333333333334,10.958333333333334,Holt-Winters,Orthopaedics Ward A,11,10.958333333333334,12.054166666666669,13.15,14.245833333333335,99.62121212121212,109.58333333333334,119.54545454545456,129.50757575757578,False,True,True,True
Horizon Edinburgh,HHN-EDI-01,HHN-EDI-01_Orthopaedics Ward A,2025-12-25,9.875,10.0,Holt-Winters,Orthopaedics Ward A,10,10.0,11.0,12.0,13.0,100.0,110.00000000000001,120.0,130.0,False,True,True,True
Horizon Edinburgh,HHN-EDI-01,HHN-EDI-01_Orthopaedics Ward A,2025-12-26,10.0,9.99219698355448,Holt-Winters,Orthopaedics Ward A,10,9.99219698355448,10.991416681909929,11.990636380265377,12.989856078620825,99.9219698355448,109.9141668190993,119.90636380265376,129.89856078620824,False,True,True,True
Horizon Edinburgh,HHN-EDI-01,HHN-EDI-01_Orthopaedics Ward A,2025-12-27,9.875,9.695667607019653,Holt-Winters,Orthopaedics Ward A,10,9.695667607019653,10.665234367721618,11.634801128423582,12.604367889125548,96.95667607019652,106.6523436772162,116.34801128423582,126.04367889125547,False,True,True,True
Horizon Edinburgh,HHN-EDI-01,HHN-EDI-01_Orthopaedics Ward A,2025-12-28,9.833333333333334,9.19685376944576,Holt-Winters,Orthopaedics Ward A,10,9.19685376944576,10.116539146390336,11.03622452333491,11.955909900279488,91.9685376944576,101.16539146390335,110.3622452333491,119.5590990027949,False,True,True,True
Horizon Edinburgh,HHN-EDI-01,HHN-EDI-01_Orthopaedics Ward A,2025-12-29,9.875,9.25279282908185,Holt-Winters,Orthopaedics Ward A,10,9.25279282908185,10.178072111990035,11.103351394898219,12.028630677806404,92.5279282908185,101.78072111990035,111.0335139489822,120.28630677806404,False,True,True,True
Horizon Edinburgh,HHN-EDI-01,HHN-EDI-01_Orthopaedics Ward A,2025-12-30,9.791666666666666,9.611292341800263,Holt-Winters,Orthopaedics Ward A,10,9.611292341800263,10.572421575980291,11.533550810160316,12.494680044340344,96.11292341800264,105.7242157598029,115.33550810160315,124.94680044340343,False,True,True,True
Horizon Edinburgh,HHN-EDI-01,HHN-EDI-01_Orthopaedics Ward A,2025-12-31,9.958333333333334,9.95511549352148,Holt-Winters,Orthopaedics Ward A,10,9.95511549352148,10.950627042873629,11.946138592225777,12.941650141577925,99.5511549352148,109.50627042873629,119.46138592225776,129.41650141577924,False,True,True,True
Horizon London Riverside,HHN-LON-02,HHN-LON-02_Orthopaedics Ward A,2025-12-25,12.0,11.915433431968456,Holt-Winters,Orthopaedics Ward A,12,11.915433431968456,13.106976775165302,14.298520118362147,15.490063461558993,99.29527859973713,109.22480645971085,119.15433431968457,129.08386217965827,False,True,True,True
Horizon London Riverside,HHN-LON-02,HHN-LON-02_Orthopaedics Ward A,2025-12-26,11.875,11.797736383621675,Holt-Winters,Orthopaedics Ward A,12,11.797736383621675,12.977510021983845,14.15728366034601,15.337057298708178,98.31446986351396,108.14591684986536,117.97736383621675,127.80881082256815,False,True,True,True
Horizon London Riverside,HHN-LON-02,HHN-LON-02_Orthopaedics Ward A,2025-12-27,11.708333333333334,11.56688176060132,Holt-Winters,Orthopaedics Ward A,12,11.56688176060132,12.723569936661452,13.880258112721583,15.036946288781715,96.39068133834434,106.02974947217876,115.66881760601319,125.30788573984763,False,True,True,True
Horizon London Riverside,HHN-LON-02,HHN-LON-02_Orthopaedics Ward A,2025-12-28,11.916666666666666,11.425521290490927,Holt-Winters,Orthopaedics Ward A,12,11.425521290490927,12.56807341954002,13.710625548589112,14.853177677638206,95.21267742075773,104.73394516283349,114.25521290490927,123.77648064698505,False,True,True,True
Horizon London Riverside,HHN-LON-02,HHN-LON-02_Orthopaedics Ward A,2025-12-29,11.25,11.468042054798074,Holt-Winters,Orthopaedics Ward A,12,11.468042054798074,12.614846260277883,13.761650465757688,14.908454671237497,95.56701712331729,105.12371883564902,114.68042054798073,124.23712226031247,False,True,True,True
Horizon London Riverside,HHN-LON-02,HHN-LON-02_Orthopaedics Ward A,2025-12-30,11.333333333333334,11.722951714753997,Holt-Winters,Orthopaedics Ward A,12,11.722951714753997,12.895246886229398,14.067542057704795,15.239837229180196,97.69126428961664,107.46039071857831,117.22951714753995,126.99864357650164,False,True,True,True
Horizon London Riverside,HHN-LON-02,HHN-LON-02_Orthopaedics Ward A,2025-12-31,11.833333333333334,11.871042962036146,Holt-Winters,Orthopaedics Ward A,12,11.871042962036146,13.058147258239762,14.245251554443374,15.43235585064699,98.92535801696788,108.81789381866469,118.71042962036145,128.60296542205825,False,True,True,True
Horizon Manchester,HHN-MAN-01,HHN-MAN-01_Orthopaedics Ward A,2025-12-25,24.666666666666668,22.41020891164196,Holt-Winters,Orthopaedics Ward A,32,22.41020891164196,24.651229802806156,26.89225069397035,29.133271585134548,70.03190284888112,77.03509313376924,84.03828341865734,91.04147370354546,False,False,False,False
Horizon Manchester,HHN-MAN-01,HHN-MAN-01_Orthopaedics Ward A,2025-12-26,21.791666666666668,22.606225701302645,Holt-Winters,Orthopaedics Ward A,32,22.606225701302645,24.86684827143291,27.127470841563174,29.38809341169344,70.64445531657077,77.70890084822784,84.77334637988491,91.837791911542,False,False,False,False
Horizon Manchester,HHN-MAN-01,HHN-MAN-01_Orthopaedics Ward A,2025-12-27,20.45833333333333,20.728042003112503,Holt-Winters,Orthopaedics Ward A,32,20.728042003112503,22.800846203423756,24.873650403735002,26.946454604046256,64.77513125972656,71.25264438569924,77.73015751167188,84.20767063764455,False,False,False,False
Horizon Manchester,HHN-MAN-01,HHN-MAN-01_Orthopaedics Ward A,2025-12-28,20.125,18.34947665460853,Holt-Winters,Orthopaedics Ward A,32,18.34947665460853,20.184424320069386,22.019371985530235,23.85431965099109,57.342114545651654,63.07632600021683,68.81053745478198,74.54474890934716,False,False,False,False
Horizon Manchester,HHN-MAN-01,HHN-MAN-01_Orthopaedics Ward A,2025-12-29,20.75,18.376105188373025,Holt-Winters,Orthopaedics Ward A,32,18.376105188373025,20.21371570721033,22.051326226047628,23.888936744884933,57.4253287136657,63.167861585032284,68.91039445639883,74.65292732776541,False,False,False,False
Horizon Manchester,HHN-MAN-01,HHN-MAN-01_Orthopaedics Ward A,2025-12-30,18.625,20.001004091379727,Holt-Winters,Orthopaedics Ward A,32,20.001004091379727,22.0011045005177,24.001204909655673,26.001305318793644,62.50313778556165,68.75345156411782,75.00376534267397,81.25407912123013,False,False,False,False
Horizon Manchester,HHN-MAN-01,HHN-MAN-01_Orthopaedics Ward A,2025-12-31,15.083333333333334,21.37347142582896,Holt-Winters,Orthopaedics Ward A,32,21.37347142582896,23.510818568411857,25.64816571099475,27.78551285357765,66.7920982057155,73.47130802628705,80.15051784685859,86.82972766743016,False,False,False,False
Horizon Edinburgh,HHN-EDI-01,HHN-EDI-01_Orthopaedics Ward B,2025-12-25,9.458333333333334,9.826365276303225,Holt-Winters,Orthopaedics Ward B,10,9.826365276303225,10.809001803933548,11.791638331563869,12.774274859194193,98.26365276303225,108.09001803933546,117.9163833156387,127.74274859194192,False,True,True,True
Horizon Edinburgh,HHN-EDI-01,HHN-EDI-01_Orthopaedics Ward B,2025-12-26,9.875,9.806736452411435,Holt-Winters,Orthopaedics Ward B,10,9.806736452411435,10.787410097652579,11.768083742893722,12.748757388134866,98.06736452411435,107.8741009765258,117.68083742893722,127.48757388134865,False,True,True,True
Horizon Edinburgh,HHN-EDI-01,HHN-EDI-01_Orthopaedics Ward B,2025-12-27,9.875,9.493008296471343,Holt-Winters,Orthopaedics Ward B,10,9.493008296471343,10.442309126118479,11.391609955765611,12.340910785412747,94.93008296471343,104.42309126118478,113.91609955765611,123.40910785412747,False,True,True,True
Horizon Edinburgh,HHN-EDI-01,HHN-EDI-01_Orthopaedics Ward B,2025-12-28,10.0,9.422327150320124,Holt-Winters,Orthopaedics Ward B,10,9.422327150320124,10.364559865352136,11.306792580384148,12.24902529541616,94.22327150320123,103.64559865352136,113.06792580384149,122.4902529541616,False,True,True,True
Horizon Edinburgh,HHN-EDI-01,HHN-EDI-01_Orthopaedics Ward B,2025-12-29,9.958333333333334,9.42026855418034,Holt-Winters,Orthopaedics Ward B,10,9.42026855418034,10.362295409598376,11.304322265016408,12.246349120434443,94.2026855418034,103.62295409598377,113.04322265016408,122.46349120434444,False,True,True,True
Horizon Edinburgh,HHN-EDI-01,HHN-EDI-01_Orthopaedics Ward B,2025-12-30,9.791666666666666,9.597873957799033,Holt-Winters,Orthopaedics Ward B,10,9.597873957799033,10.557661353578936,11.51744874935884,12.477236145138743,95.97873957799032,105.57661353578935,115.1744874935884,124.77236145138744,False,True,True,True
Horizon Edinburgh,HHN-EDI-01,HHN-EDI-01_Orthopaedics Ward B,2025-12-31,9.833333333333334,9.760915130375862,Holt-Winters,Orthopaedics Ward B,10,9.760915130375862,10.73700664341345,11.713098156451034,12.689189669488622,97.60915130375862,107.37006643413449,117.13098156451034,126.89189669488621,False,True,True,True
Horizon London Central,HHN-LON-01,HHN-LON-01_Orthopaedics Ward B,2025-12-25,26.70833333333333,27.875,Holt-Winters,Orthopaedics Ward B,28,27.875,30.6625,33.449999999999996,36.237500000000004,99.55357142857143,109.50892857142858,119.4642857142857,129.41964285714286,False,True,True,True
Horizon London Central,HHN-LON-01,HHN-LON-01_Orthopaedics Ward B,2025-12-26,24.666666666666668,27.875,Holt-Winters,Orthopaedics Ward B,28,27.875,30.6625,33.449999999999996,36.237500000000004,99.55357142857143,109.50892857142858,119.4642857142857,129.41964285714286,False,True,True,True
Horizon London Central,HHN-LON-01,HHN-LON-01_Orthopaedics Ward B,2025-12-27,19.875,27.760150993226908,Holt-Winters,Orthopaedics Ward B,28,27.760150993226908,30.5361660925496,33.31218119187229,36.08819629119498,99.14339640438182,109.05773604482,118.97207568525818,128.88641532569636,False,True,True,True
Horizon London Central,HHN-LON-01,HHN-LON-01_Orthopaedics Ward B,2025-12-28,23.75,26.620164058208307,Holt-Winters,Orthopaedics Ward B,28,26.620164058208307,29.28218046402914,31.944196869849968,34.6062132756708,95.0720144936011,104.5792159429612,114.08641739232131,123.5936188416814,False,True,True,True
Horizon London Central,HHN-LON-01,HHN-LON-01_Orthopaedics Ward B,2025-12-29,27.95833333333333,26.11052079945988,Holt-Winters,Orthopaedics Ward B,28,26.11052079945988,28.721572879405873,31.332624959351854,33.943677039297846,93.25185999807101,102.57704599787812,111.90223199768519,121.22741799749231,False,True,True,True
Horizon London Central,HHN-LON-01,HHN-LON-01_Orthopaedics Ward B,2025-12-30,27.08333333333333,26.87641051677503,Holt-Winters,Orthopaedics Ward B,28,26.87641051677503,29.564051568452538,32.25169262013004,34.93933367180754,95.98718041705368,105.58589845875905,115.18461650046441,124.78333454216978,False,True,True,True
Horizon London Central,HHN-LON-01,HHN-LON-01_Orthopaedics Ward B,2025-12-31,25.791666666666668,27.75011538745356,Holt-Winters,Orthopaedics Ward B,28,27.75011538745356,30.52512692619892,33.300138464944276,36.07515000368963,99.10755495519129,109.01831045071042,118.92906594622956,128.83982144174868,False,True,True,True
Horizon London Riverside,HHN-LON-02,HHN-LON-02_ICU,2025-12-02,7.541666666666667,7.5852594,XGBoost,ICU,12,7.5852594,8.34378534,9.10231128,9.86083722,63.210495,69.5315445,75.85259400000001,82.1736435,False,False,False,False
Horizon London Riverside,HHN-LON-02,HHN-LON-02_ICU,2025-12-03,7.083333333333333,8.763119,XGBoost,ICU,12,8.763119,9.6394309,10.5157428,11.3920547,73.02599166666667,80.32859083333334,87.63119,94.93378916666666,False,False,False,False
Horizon London Riverside,HHN-LON-02,HHN-LON-02_ICU,2025-12-04,9.291666666666666,8.126135,XGBoost,ICU,12,8.126135,8.9387485,9.751361999999999,10.5639755,67.71779166666666,74.48957083333335,81.26135,88.03312916666667,False,False,False,False
Horizon London Riverside,HHN-LON-02,HHN-LON-02_ICU,2025-12-05,10.291666666666666,8.39662,XGBoost,ICU,12,8.39662,9.236282000000001,10.075944,10.915606,69.97183333333334,76.96901666666668,83.9662,90.96338333333334,False,False,False,False
Horizon London Riverside,HHN-LON-02,HHN-LON-02_ICU,2025-12-06,9.875,8.49592,XGBoost,ICU,12,8.49592,9.345512000000001,10.195103999999999,11.044696,70.79933333333334,77.87926666666668,84.9592,92.03913333333334,False,False,False,False
Horizon London Riverside,HHN-LON-02,HHN-LON-02_ICU,2025-12-07,9.958333333333334,8.399203,XGBoost,ICU,12,8.399203,9.239123300000001,10.0790436,10.9189639,69.99335833333333,76.99269416666668,83.99203,90.99136583333333,False,False,False,False
Horizon London Riverside,HHN-LON-02,HHN-LON-02_ICU,2025-12-08,9.916666666666666,10.03087,XGBoost,ICU,12,10.03087,11.033957000000001,12.037044,13.040131,83.59058333333334,91.94964166666666,100.3087,108.66775833333332,False,False,True,True
Horizon London Riverside,HHN-LON-02,HHN-LON-02_ICU,2025-12-09,11.416666666666666,9.890983,XGBoost,ICU,12,9.890983,10.8800813,11.8691796,12.858277900000001,82.42485833333333,90.66734416666668,98.90983000000001,107.15231583333333,False,False,False,True
Horizon London Riverside,HHN-LON-02,HHN-LON-02_ICU,2025-12-10,11.875,10.49463,XGBoost,ICU,12,10.49463,11.544093000000002,12.593556000000001,13.643019,87.45525,96.20077500000002,104.94630000000001,113.69182500000001,False,False,True,True
Horizon London Riverside,HHN-LON-02,HHN-LON-02_ICU,2025-12-11,11.875,9.805775,XGBoost,ICU,12,9.805775,10.786352500000001,11.76693,12.747507500000001,81.71479166666667,89.88627083333334,98.05775,106.22922916666668,False,False,False,True
Horizon London Riverside,HHN-LON-02,HHN-LON-02_ICU,2025-12-12,10.791666666666666,9.595297,XGBoost,ICU,12,9.595297,10.554826700000001,11.5143564,12.473886100000001,79.96080833333333,87.95688916666667,95.95297000000001,103.94905083333335,False,False,False,True
Horizon London Riverside,HHN-LON-02,HHN-LON-02_ICU,2025-12-13,10.333333333333334,10.390309,XGBoost,ICU,12,10.390309,11.4293399,12.4683708,13.5074017,86.58590833333334,95.24449916666667,103.90308999999999,112.56168083333333,False,False,True,True
Horizon London Riverside,HHN-LON-02,HHN-LON-02_ICU,2025-12-14,11.833333333333334,10.413299,XGBoost,ICU,12,10.413299,11.454628900000001,12.4959588,13.537288700000001,86.77749166666668,95.45524083333335,104.13299,112.81073916666668,False,False,True,True
Horizon London Riverside,HHN-LON-02,HHN-LON-02_ICU,2025-12-15,11.958333333333334,11.180444,XGBoost,ICU,12,11.180444,12.2984884,13.416532799999999,14.5345772,93.17036666666667,102.48740333333333,111.80443999999999,121.12147666666667,False,True,True,True
Horizon London Riverside,HHN-LON-02,HHN-LON-02_ICU,2025-12-16,12.0,10.96732,XGBoost,ICU,12,10.96732,12.064052000000002,13.160784000000001,14.257516,91.39433333333335,100.5337666666667,109.67320000000001,118.81263333333334,False,True,True,True
Horizon London Riverside,HHN-LON-02,HHN-LON-02_ICU,2025-12-17,11.916666666666666,11.12249,XGBoost,ICU,12,11.12249,12.234739000000001,13.346988000000001,14.459237000000002,92.68741666666668,101.95615833333333,111.2249,120.49364166666668,False,True,True,True
Horizon London Riverside,HHN-LON-02,HHN-LON-02_ICU,2025-12-18,11.791666666666666,10.828342,XGBoost,ICU,12,10.828342,11.9111762,12.994010399999999,14.0768446,90.23618333333333,99.25980166666668,108.28341999999999,117.30703833333334,False,False,True,True
Horizon London Riverside,HHN-LON-02,HHN-LON-02_ICU,2025-12-19,11.875,10.838186,XGBoost,ICU,12,10.838186,11.922004600000001,13.0058232,14.0896418,90.31821666666667,99.35003833333334,108.38186,117.41368166666668,False,False,True,True
Horizon London Riverside,HHN-LON-02,HHN-LON-02_ICU,2025-12-20,11.791666666666666,10.971348,XGBoost,ICU,12,10.971348,12.068482800000002,13.165617600000001,14.262752400000002,91.42790000000001,100.57069000000001,109.71348,118.85627000000001,False,True,True,True
Horizon London Riverside,HHN-LON-02,HHN-LON-02_ICU,2025-12-21,11.875,10.93587,XGBoost,ICU,12,10.93587,12.029457,13.123043999999998,14.216631,91.13225,100.245475,109.35869999999998,118.47192499999998,False,True,True,True
Horizon London Riverside,HHN-LON-02,HHN-LON-02_ICU,2025-12-22,10.5,11.204433,XGBoost,ICU,12,11.204433,12.324876300000001,13.4453196,14.565762900000001,93.370275,102.70730250000003,112.04433,121.38135750000001,False,True,True,True
Horizon London Riverside,HHN-LON-02,HHN-LON-02_ICU,2025-12-23,9.083333333333334,10.642715,XGBoost,ICU,12,10.642715,11.706986500000001,12.771258000000001,13.835529500000002,88.68929166666668,97.55822083333334,106.42715,115.29607916666669,False,False,True,True
Horizon London Riverside,HHN-LON-02,HHN-LON-02_ICU,2025-12-24,8.708333333333334,10.495194,XGBoost,ICU,12,10.495194,11.544713400000001,12.594232799999999,13.6437522,87.45994999999999,96.205945,104.95194,113.697935,False,False,True,True
Horizon London Riverside,HHN-LON-02,HHN-LON-02_ICU,2025-12-25,10.375,9.582412,XGBoost,ICU,12,9.582412,10.540653200000001,11.4988944,12.4571356,79.85343333333333,87.83877666666667,95.82412,103.80946333333334,False,False,False,True
Horizon London Riverside,HHN-LON-02,HHN-LON-02_ICU,2025-12-26,10.166666666666666,9.369437,XGBoost,ICU,12,9.369437,10.3063807,11.243324399999999,12.1802681,78.07864166666666,85.88650583333333,93.69436999999999,101.50223416666665,False,False,False,True
Horizon London Riverside,HHN-LON-02,HHN-LON-02_ICU,2025-12-27,7.583333333333333,8.921191,XGBoost,ICU,12,8.921191,9.8133101,10.7054292,11.597548300000001,74.34325833333334,81.77758416666667,89.21190999999999,96.64623583333335,False,False,False,False
Horizon London Riverside,HHN-LON-02,HHN-LON-02_ICU,2025-12-28,7.041666666666667,8.368386,XGBoost,ICU,12,8.368386,9.2052246,10.0420632,10.8789018,69.73655,76.710205,83.68386,90.657515,False,False,False,False
Horizon London Riverside,HHN-LON-02,HHN-LON-02_ICU,2025-12-29,8.416666666666666,9.235774,XGBoost,ICU,12,9.235774,10.1593514,11.0829288,12.006506199999999,76.96478333333333,84.66126166666666,92.35773999999999,100.05421833333332,False,False,False,True
Horizon London Riverside,HHN-LON-02,HHN-LON-02_ICU,2025-12-30,8.375,8.68376,XGBoost,ICU,12,8.68376,9.552136,10.420511999999999,11.288888,72.36466666666666,79.60113333333334,86.8376,94.07406666666667,False,False,False,False
Horizon London Riverside,HHN-LON-02,HHN-LON-02_ICU,2025-12-31,9.666666666666666,9.043089,XGBoost,ICU,12,9.043089,9.9473979,10.8517068,11.7560157,75.359075,82.8949825,90.43089,97.9667975,False,False,False,False
Horizon London Riverside,HHN-LON-02,HHN-LON-02_Cardiology Ward,2025-12-02,17.958333333333332,17.902212,XGBoost,Cardiology Ward,18,17.902212,19.6924332,21.482654399999998,23.2728756,99.45673333333332,109.40240666666668,119.34808,129.2937533333333,False,True,True,True
Horizon London Riverside,HHN-LON-02,HHN-LON-02_Cardiology Ward,2025-12-03,17.833333333333332,17.895193,XGBoost,Cardiology Ward,18,17.895193,19.6847123,21.4742316,23.263750899999998,99.41773888888889,109.35951277777778,119.30128666666666,129.24306055555553,False,True,True,True
Horizon London Riverside,HHN-LON-02,HHN-LON-02_Cardiology Ward,2025-12-04,17.833333333333332,17.882357,XGBoost,Cardiology Ward,18,17.882357,19.6705927,21.458828399999998,23.2470641,99.34642777777776,109.28107055555556,119.21571333333331,129.1503561111111,False,True,True,True
Horizon London Riverside,HHN-LON-02,HHN-LON-02_Cardiology Ward,2025-12-05,17.958333333333332,17.874517,XGBoost,Cardiology Ward,18,17.874517,19.661968700000003,21.4494204,23.236872100000003,99.30287222222222,109.23315944444445,119.16344666666667,129.0937338888889,False,True,True,True
Horizon London Riverside,HHN-LON-02,HHN-LON-02_Cardiology Ward,2025-12-06,17.958333333333332,17.842218,XGBoost,Cardiology Ward,18,17.842218,19.6264398,21.410661599999997,23.1948834,99.12343333333334,109.03577666666666,118.94811999999999,128.8604633333333,False,True,True,True
Horizon London Riverside,HHN-LON-02,HHN-LON-02_Cardiology Ward,2025-12-07,17.666666666666668,17.767805,XGBoost,Cardiology Ward,18,17.767805,19.5445855,21.321365999999998,23.0981465,98.71002777777778,108.58103055555554,118.45203333333332,128.32303611111112,False,True,True,True
Horizon London Riverside,HHN-LON-02,HHN-LON-02_Cardiology Ward,2025-12-08,17.875,17.767502,XGBoost,Cardiology Ward,18,17.767502,19.544252200000003,21.3210024,23.0977526,98.70834444444445,108.5791788888889,118.45001333333333,128.32084777777777,False,True,True,True
Horizon London Riverside,HHN-LON-02,HHN-LON-02_Cardiology Ward,2025-12-09,17.791666666666668,17.873657,XGBoost,Cardiology Ward,18,17.873657,19.661022700000004,21.448388400000002,23.2357541,99.29809444444444,109.2279038888889,119.15771333333333,129.08752277777776,False,True,True,True
Horizon London Riverside,HHN-LON-02,HHN-LON-02_Cardiology Ward,2025-12-10,17.916666666666668,17.654268,XGBoost,Cardiology Ward,18,17.654268,19.4196948,21.1851216,22.9505484,98.07926666666665,107.88719333333331,117.69512,127.50304666666665,False,True,True,True
Horizon London Riverside,HHN-LON-02,HHN-LON-02_Cardiology Ward,2025-12-11,17.916666666666668,17.888327,XGBoost,Cardiology Ward,18,17.888327,19.6771597,21.4659924,23.2548251,99.37959444444444,109.31755388888888,119.25551333333333,129.1934727777778,False,True,True,True
Horizon London Riverside,HHN-LON-02,HHN-LON-02_Cardiology Ward,2025-12-12,17.666666666666668,17.791578,XGBoost,Cardiology Ward,18,17.791578,19.5707358,21.3498936,23.1290514,98.84210000000002,108.72631000000001,118.61052000000001,128.49473,False,True,True,True
Horizon London Riverside,HHN-LON-02,HHN-LON-02_Cardiology Ward,2025-12-13,17.916666666666668,17.711304,XGBoost,Cardiology Ward,18,17.711304,19.4824344,21.253564799999996,23.0246952,98.39613333333332,108.23574666666667,118.07535999999999,127.91497333333332,False,True,True,True
Horizon London Riverside,HHN-LON-02,HHN-LON-02_Cardiology Ward,2025-12-14,17.791666666666668,17.7772,XGBoost,Cardiology Ward,18,17.7772,19.554920000000003,21.33264,23.11036,98.76222222222223,108.63844444444446,118.51466666666668,128.3908888888889,False,True,True,True
Horizon London Riverside,HHN-LON-02,HHN-LON-02_Cardiology Ward,2025-12-15,17.791666666666668,17.691757,XGBoost,Cardiology Ward,18,17.691757,19.4609327,21.2301084,22.9992841,98.28753888888888,108.11629277777779,117.94504666666666,127.77380055555557,False,True,True,True
Horizon London Riverside,HHN-LON-02,HHN-LON-02_Cardiology Ward,2025-12-16,17.75,17.845188,XGBoost,Cardiology Ward,18,17.845188,19.6297068,21.414225599999998,23.198744400000002,99.13993333333333,109.05392666666667,118.96791999999998,128.88191333333333,False,True,True,True
Horizon London Riverside,HHN-LON-02,HHN-LON-02_Cardiology Ward,2025-12-17,17.625,17.796661,XGBoost,Cardiology Ward,18,17.796661,19.5763271,21.3559932,23.1356593,98.87033888888888,108.75737277777777,118.64440666666667,128.53144055555558,False,True,True,True
Horizon London Riverside,HHN-LON-02,HHN-LON-02_Cardiology Ward,2025-12-18,17.916666666666668,17.78173,XGBoost,Cardiology Ward,18,17.78173,19.559903000000002,21.338075999999997,23.116249,98.78738888888888,108.6661277777778,118.54486666666666,128.42360555555555,False,True,True,True
Horizon London Riverside,HHN-LON-02,HHN-LON-02_Cardiology Ward,2025-12-19,17.708333333333332,17.759825,XGBoost,Cardiology Ward,18,17.759825,19.5358075,21.31179,23.0877725,98.66569444444444,108.5322638888889,118.39883333333331,128.26540277777778,False,True,True,True
Horizon London Riverside,HHN-LON-02,HHN-LON-02_Cardiology Ward,2025-12-20,17.833333333333332,17.689394,XGBoost,Cardiology Ward,18,17.689394,19.4583334,21.227272799999998,22.996212200000002,98.27441111111112,108.10185222222222,117.92929333333333,127.75673444444446,False,True,True,True
Horizon London Riverside,HHN-LON-02,HHN-LON-02_Cardiology Ward,2025-12-21,17.75,17.697426,XGBoost,Cardiology Ward,18,17.697426,19.4671686,21.236911199999998,23.006653800000002,98.31903333333334,108.15093666666667,117.98283999999998,127.81474333333334,False,True,True,True
Horizon London Riverside,HHN-LON-02,HHN-LON-02_Cardiology Ward,2025-12-22,17.75,17.74931,XGBoost,Cardiology Ward,18,17.74931,19.524241000000004,21.299172000000002,23.074103,98.60727777777778,108.46800555555558,118.32873333333333,128.18946111111111,False,True,True,True
Horizon London Riverside,HHN-LON-02,HHN-LON-02_Cardiology Ward,2025-12-23,17.916666666666668,17.774483,XGBoost,Cardiology Ward,18,17.774483,19.551931300000003,21.3293796,23.106827900000003,98.74712777777778,108.62184055555556,118.49655333333334,128.3712661111111,False,True,True,True
Horizon London Riverside,HHN-LON-02,HHN-LON-02_Cardiology Ward,2025-12-24,17.833333333333332,17.816864,XGBoost,Cardiology Ward,18,17.816864,19.5985504,21.3802368,23.1619232,98.98257777777776,108.88083555555556,118.77909333333332,128.6773511111111,False,True,True,True
Horizon London Riverside,HHN-LON-02,HHN-LON-02_Cardiology Ward,2025-12-25,17.833333333333332,17.82883,XGBoost,Cardiology Ward,18,17.82883,19.611713,21.394596,23.177479,99.04905555555555,108.95396111111113,118.85886666666667,128.76377222222223,False,True,True,True
Horizon London Riverside,HHN-LON-02,HHN-LON-02_Cardiology Ward,2025-12-26,17.75,17.754038,XGBoost,Cardiology Ward,18,17.754038,19.529441800000004,21.3048456,23.080249400000003,98.63354444444445,108.49689888888892,118.36025333333333,128.2236077777778,False,True,True,True
Horizon London Riverside,HHN-LON-02,HHN-LON-02_Cardiology Ward,2025-12-27,17.833333333333332,17.718903,XGBoost,Cardiology Ward,18,17.718903,19.490793300000004,21.2626836,23.0345739,98.43835000000001,108.28218500000003,118.12601999999998,127.969855,False,True,True,True
Horizon London Riverside,HHN-LON-02,HHN-LON-02_Cardiology Ward,2025-12-28,17.791666666666668,17.789574,XGBoost,Cardiology Ward,18,17.789574,19.568531400000005,21.3474888,23.126446200000004,98.83096666666667,108.71406333333336,118.59716,128.4802566666667,False,True,True,True
Horizon London Riverside,HHN-LON-02,HHN-LON-02_Cardiology Ward,2025-12-29,17.916666666666668,17.903564,XGBoost,Cardiology Ward,18,17.903564,19.6939204,21.4842768,23.2746332,99.46424444444443,109.41066888888888,119.35709333333332,129.30351777777778,False,True,True,True
Horizon London Riverside,HHN-LON-02,HHN-LON-02_Cardiology Ward,2025-12-30,17.875,17.664722,XGBoost,Cardiology Ward,18,17.664722,19.431194200000004,21.1976664,22.964138600000002,98.13734444444445,107.9510788888889,117.76481333333334,127.5785477777778,False,True,True,True
Horizon London Riverside,HHN-LON-02,HHN-LON-02_Cardiology Ward,2025-12-31,17.625,17.61937,XGBoost,Cardiology Ward,18,17.61937,19.381307000000003,21.143244,22.905181000000002,97.8853888888889,107.6739277777778,117.46246666666667,127.25100555555558,False,True,True,True
Horizon London Central,HHN-LON-01,HHN-LON-01_Oncology Ward,2025-12-02,31.25,26.00272,XGBoost,Oncology Ward,38,26.00272,28.602992000000004,31.203263999999997,33.803536,68.4282105263158,75.27103157894737,82.11385263157894,88.95667368421053,False,False,False,False
Horizon London Central,HHN-LON-01,HHN-LON-01_Oncology Ward,2025-12-03,35.958333333333336,30.578405,XGBoost,Oncology Ward,38,30.578405,33.6362455,36.694086,39.7519265,80.46948684210527,88.51643552631579,96.56338421052631,104.61033289473684,False,False,False,True
Horizon London Central,HHN-LON-01,HHN-LON-01_Oncology Ward,2025-12-04,37.75,32.689713,XGBoost,Oncology Ward,38,32.689713,35.9586843,39.2276556,42.496626899999995,86.02556052631579,94.62811657894737,103.23067263157894,111.83322868421051,False,False,True,True
Horizon London Central,HHN-LON-01,HHN-LON-01_Oncology Ward,2025-12-05,37.875,33.733234,XGBoost,Oncology Ward,38,33.733234,37.10655740000001,40.479880800000004,43.85320420000001,88.77166842105264,97.64883526315792,106.52600210526317,115.40316894736844,False,False,True,True
Horizon London Central,HHN-LON-01,HHN-LON-01_Oncology Ward,2025-12-06,37.25,33.72105,XGBoost,Oncology Ward,38,33.72105,37.093155,40.465259999999994,43.837365,88.7396052631579,97.61356578947368,106.48752631578947,115.36148684210525,False,False,True,True
Horizon London Central,HHN-LON-01,HHN-LON-01_Oncology Ward,2025-12-07,33.583333333333336,34.31233,XGBoost,Oncology Ward,38,34.31233,37.74356300000001,41.174796,44.60602900000001,90.29560526315791,99.32516578947371,108.35472631578949,117.3842868421053,False,False,True,True
Horizon London Central,HHN-LON-01,HHN-LON-01_Oncology Ward,2025-12-08,30.916666666666668,30.920443,XGBoost,Oncology Ward,38,30.920443,34.012487300000004,37.104531599999994,40.1965759,81.36958684210526,89.50654552631579,97.6435042105263,105.78046289473684,False,False,False,True
Horizon London Central,HHN-LON-01,HHN-LON-01_Oncology Ward,2025-12-09,35.25,32.29557,XGBoost,Oncology Ward,38,32.29557,35.525127,38.754684,41.984241,84.98834210526314,93.48717631578947,101.98601052631577,110.4848447368421,False,False,True,True
Horizon London Central,HHN-LON-01,HHN-LON-01_Oncology Ward,2025-12-10,37.54166666666666,32.13716,XGBoost,Oncology Ward,38,32.13716,35.35087600000001,38.564592,41.778308,84.57147368421053,93.02862105263159,101.48576842105264,109.94291578947369,False,False,True,True
Horizon London Central,HHN-LON-01,HHN-LON-01_Oncology Ward,2025-12-11,37.91666666666666,31.963621,XGBoost,Oncology Ward,38,31.963621,35.159983100000005,38.3563452,41.5527073,84.11479210526316,92.52627131578949,100.9377505263158,109.34922973684212,False,False,True,True
Horizon London Central,HHN-LON-01,HHN-LON-01_Oncology Ward,2025-12-12,37.958333333333336,31.948378,XGBoost,Oncology Ward,38,31.948378,35.14321580000001,38.3380536,41.532891400000004,84.07467894736843,92.48214684210528,100.8896147368421,109.29708263157896,False,False,True,True
Horizon London Central,HHN-LON-01,HHN-LON-01_Oncology Ward,2025-12-13,36.0,32.07836,XGBoost,Oncology Ward,38,32.07836,35.286196000000004,38.494032000000004,41.701868000000005,84.41673684210528,92.85841052631581,101.30008421052632,109.74175789473686,False,False,True,True
Horizon London Central,HHN-LON-01,HHN-LON-01_Oncology Ward,2025-12-14,30.20833333333333,31.38773,XGBoost,Oncology Ward,38,31.38773,34.526503000000005,37.665276,40.804049000000006,82.59928947368421,90.85921842105265,99.11914736842104,107.37907631578949,False,False,False,True
Horizon London Central,HHN-LON-01,HHN-LON-01_Oncology Ward,2025-12-15,32.666666666666664,31.921558,XGBoost,Oncology Ward,38,31.921558,35.113713800000006,38.3058696,41.4980254,84.00410000000001,92.40451000000002,100.80492000000001,109.20533000000002,False,False,True,True
Horizon London Central,HHN-LON-01,HHN-LON-01_Oncology Ward,2025-12-16,32.833333333333336,31.234352,XGBoost,Oncology Ward,38,31.234352,34.357787200000004,37.4812224,40.6046576,82.19566315789474,90.41522947368422,98.63479578947369,106.85436210526316,False,False,False,True
Horizon London Central,HHN-LON-01,HHN-LON-01_Oncology Ward,2025-12-17,31.125,29.675583,XGBoost,Oncology Ward,38,29.675583,32.6431413,35.6106996,38.578257900000004,78.0936394736842,85.90300342105263,93.71236736842104,101.52173131578948,False,False,False,True
Horizon London Central,HHN-LON-01,HHN-LON-01_Oncology Ward,2025-12-18,31.75,30.000122,XGBoost,Oncology Ward,38,30.000122,33.000134200000005,36.0001464,39.000158600000006,78.9476894736842,86.84245842105265,94.73722736842105,102.6319963157895,False,False,False,True
Horizon London Central,HHN-LON-01,HHN-LON-01_Oncology Ward,2025-12-19,33.625,30.027071,XGBoost,Oncology Ward,38,30.027071,33.0297781,36.032485199999996,39.0351923,79.01860789473683,86.92046868421053,94.82232947368419,102.7241902631579,False,False,False,True
Horizon London Central,HHN-LON-01,HHN-LON-01_Oncology Ward,2025-12-20,31.666666666666668,29.130043,XGBoost,Oncology Ward,38,29.130043,32.043047300000005,34.9560516,37.8690559,76.65800789473684,84.32380868421055,91.98960947368423,99.65541026315789,False,False,False,False
Horizon London Central,HHN-LON-01,HHN-LON-01_Oncology Ward,2025-12-21,28.83333333333333,30.265312,XGBoost,Oncology Ward,38,30.265312,33.2918432,36.3183744,39.344905600000004,79.64555789473685,87.61011368421053,95.57466947368421,103.5392252631579,False,False,False,True
Horizon London Central,HHN-LON-01,HHN-LON-01_Oncology Ward,2025-12-22,31.25,27.278221,XGBoost,Oncology Ward,38,27.278221,30.0060431,32.7338652,35.4616873,71.78479210526315,78.96327131578947,86.14175052631579,93.32022973684211,False,False,False,False
Horizon London Central,HHN-LON-01,HHN-LON-01_Oncology Ward,2025-12-23,29.83333333333333,26.815844,XGBoost,Oncology Ward,38,26.815844,29.4974284,32.179012799999995,34.8605972,70.56801052631579,77.62481157894737,84.68161263157894,91.73841368421053,False,False,False,False
Horizon London Central,HHN-LON-01,HHN-LON-01_Oncology Ward,2025-12-24,25.70833333333333,28.881899,XGBoost,Oncology Ward,38,28.881899,31.770088900000005,34.6582788,37.546468700000005,76.00499736842106,83.60549710526317,91.20599684210525,98.80649657894737,False,False,False,False
Horizon London Central,HHN-LON-01,HHN-LON-01_Oncology Ward,2025-12-25,22.33333333333333,27.343094,XGBoost,Oncology Ward,38,27.343094,30.0774034,32.8117128,35.5460222,71.95551052631579,79.15106157894736,86.34661263157895,93.54216368421054,False,False,False,False
Horizon London Central,HHN-LON-01,HHN-LON-01_Oncology Ward,2025-12-26,20.291666666666668,25.631756,XGBoost,Oncology Ward,38,25.631756,28.1949316,30.758107199999998,33.3212828,67.45198947368421,74.19718842105263,80.94238736842104,87.68758631578947,False,False,False,False
Horizon London Central,HHN-LON-01,HHN-LON-01_Oncology Ward,2025-12-27,22.25,25.419481,XGBoost,Oncology Ward,38,25.419481,27.961429100000004,30.5033772,33.0453253,66.89337105263158,73.58270815789474,80.27204526315789,86.96138236842106,False,False,False,False
Horizon London Central,HHN-LON-01,HHN-LON-01_Oncology Ward,2025-12-28,24.0,23.04677,XGBoost,Oncology Ward,38,23.04677,25.351447,27.656124,29.960801,60.6493947368421,66.71433421052632,72.77927368421052,78.84421315789474,False,False,False,False
Horizon London Central,HHN-LON-01,HHN-LON-01_Oncology Ward,2025-12-29,25.416666666666668,24.010843,XGBoost,Oncology Ward,38,24.010843,26.411927300000002,28.8130116,31.214095900000004,63.18642894736842,69.50507184210527,75.8237147368421,82.14235763157896,False,False,False,False
Horizon London Central,HHN-LON-01,HHN-LON-01_Oncology Ward,2025-12-30,23.08333333333333,23.506056,XGBoost,Oncology Ward,38,23.506056,25.856661600000002,28.2072672,30.557872800000002,61.85804210526315,68.04384631578948,74.2296505263158,80.41545473684211,False,False,False,False
Horizon London Central,HHN-LON-01,HHN-LON-01_Oncology Ward,2025-12-31,22.45833333333333,22.790201,XGBoost,Oncology Ward,38,22.790201,25.0692211,27.3482412,29.6272613,59.97421315789474,65.97163447368422,71.96905578947369,77.96647710526315,False,False,False,False
Horizon London Riverside,HHN-LON-02,HHN-LON-02_Oncology Ward,2025-12-02,31.166666666666668,27.6131,XGBoost,Oncology Ward,58,27.6131,30.37441,33.13572,35.89703,47.60879310344828,52.3696724137931,57.13055172413794,61.89143103448276,False,False,False,False
Horizon London Riverside,HHN-LON-02,HHN-LON-02_Oncology Ward,2025-12-03,33.541666666666664,29.893587,XGBoost,Oncology Ward,58,29.893587,32.8829457,35.8723044,38.8616631,51.54066724137931,56.694733965517244,61.84880068965517,67.00286741379311,False,False,False,False
Horizon London Riverside,HHN-LON-02,HHN-LON-02_Oncology Ward,2025-12-04,32.791666666666664,31.671299,XGBoost,Oncology Ward,58,31.671299,34.838428900000004,38.0055588,41.1726887,54.60568793103449,60.066256724137936,65.52682551724138,70.98739431034483,False,False,False,False
Horizon London Riverside,HHN-LON-02,HHN-LON-02_Oncology Ward,2025-12-05,34.583333333333336,34.49268,XGBoost,Oncology Ward,58,34.49268,37.941948000000004,41.391216,44.840484000000004,59.470137931034486,65.41715172413794,71.36416551724139,77.31117931034484,False,False,False,False
Horizon London Riverside,HHN-LON-02,HHN-LON-02_Oncology Ward,2025-12-06,32.75,31.816658,XGBoost,Oncology Ward,58,31.816658,34.9983238,38.1799896,41.361655400000004,54.85630689655172,60.341937586206896,65.82756827586206,71.31319896551724,False,False,False,False
Horizon London Riverside,HHN-LON-02,HHN-LON-02_Oncology Ward,2025-12-07,31.75,30.173395,XGBoost,Oncology Ward,58,30.173395,33.190734500000005,36.208073999999996,39.2254135,52.023094827586206,57.22540431034484,62.42771379310344,67.63002327586207,False,False,False,False
Horizon London Riverside,HHN-LON-02,HHN-LON-02_Oncology Ward,2025-12-08,29.83333333333333,28.861439,XGBoost,Oncology Ward,58,28.861439,31.747582900000005,34.6337268,37.519870700000006,49.76110172413794,54.73721189655173,59.71332206896551,64.68943224137932,False,False,False,False
Horizon London Riverside,HHN-LON-02,HHN-LON-02_Oncology Ward,2025-12-09,28.08333333333333,29.799314,XGBoost,Oncology Ward,58,29.799314,32.7792454,35.7591768,38.7391082,51.37812758620689,56.515940344827584,61.653753103448274,66.79156586206896,False,False,False,False
Horizon London Riverside,HHN-LON-02,HHN-LON-02_Oncology Ward,2025-12-10,28.416666666666668,31.52794,XGBoost,Oncology Ward,58,31.52794,34.680734,37.833528,40.986322,54.35851724137931,59.79436896551724,65.23022068965517,70.6660724137931,False,False,False,False
Horizon London Riverside,HHN-LON-02,HHN-LON-02_Oncology Ward,2025-12-11,29.0,32.099434,XGBoost,Oncology Ward,58,32.099434,35.3093774,38.5193208,41.7292642,55.343851724137934,60.878236896551726,66.41262206896552,71.94700724137931,False,False,False,False
Horizon London Riverside,HHN-LON-02,HHN-LON-02_Oncology Ward,2025-12-12,28.45833333333333,30.767729,XGBoost,Oncology Ward,58,30.767729,33.844501900000004,36.9212748,39.9980477,53.04780862068965,58.35258948275863,63.65737034482758,68.96215120689655,False,False,False,False
Horizon London Riverside,HHN-LON-02,HHN-LON-02_Oncology Ward,2025-12-13,30.25,30.204987,XGBoost,Oncology Ward,58,30.204987,33.2254857,36.2459844,39.2664831,52.077563793103444,57.28532017241379,62.49307655172414,67.70083293103448,False,False,False,False
Horizon London Riverside,HHN-LON-02,HHN-LON-02_Oncology Ward,2025-12-14,25.541666666666668,26.192682,XGBoost,Oncology Ward,58,26.192682,28.811950200000005,31.4312184,34.050486600000006,45.15979655172414,49.67577620689656,54.191755862068966,58.70773551724139,False,False,False,False
Horizon London Riverside,HHN-LON-02,HHN-LON-02_Oncology Ward,2025-12-15,28.666666666666668,23.31738,XGBoost,Oncology Ward,58,23.31738,25.649118,27.980856,30.312594,40.202379310344824,44.22261724137931,48.24285517241379,52.26309310344828,False,False,False,False
Horizon London Riverside,HHN-LON-02,HHN-LON-02_Oncology Ward,2025-12-16,28.0,24.969975,XGBoost,Oncology Ward,58,24.969975,27.466972500000004,29.96397,32.4609675,43.05168103448276,47.35684913793104,51.66201724137931,55.967185344827584,False,False,False,False
Horizon London Riverside,HHN-LON-02,HHN-LON-02_Oncology Ward,2025-12-17,27.375,28.011889,XGBoost,Oncology Ward,58,28.011889,30.813077900000003,33.614266799999996,36.4154557,48.29636034482759,53.12599637931035,57.955632413793104,62.785268448275865,False,False,False,False
Horizon London Riverside,HHN-LON-02,HHN-LON-02_Oncology Ward,2025-12-18,29.875,29.531265,XGBoost,Oncology Ward,58,29.531265,32.4843915,35.437518,38.3906445,50.915974137931045,56.00757155172415,61.09916896551724,66.19076637931035,False,False,False,False
Horizon London Riverside,HHN-LON-02,HHN-LON-02_Oncology Ward,2025-12-19,28.25,29.397696,XGBoost,Oncology Ward,58,29.397696,32.3374656,35.2772352,38.2170048,50.685682758620686,55.75425103448276,60.82281931034482,65.89138758620689,False,False,False,False
Horizon London Riverside,HHN-LON-02,HHN-LON-02_Oncology Ward,2025-12-20,25.33333333333333,28.792305,XGBoost,Oncology Ward,58,28.792305,31.6715355,34.550765999999996,37.4299965,49.64190517241379,54.60609568965518,59.57028620689655,64.53447672413793,False,False,False,False
Horizon London Riverside,HHN-LON-02,HHN-LON-02_Oncology Ward,2025-12-21,21.625,24.574276,XGBoost,Oncology Ward,58,24.574276,27.031703600000004,29.4891312,31.946558800000002,42.369441379310345,46.606385517241385,50.84332965517241,55.08027379310345,False,False,False,False
Horizon London Riverside,HHN-LON-02,HHN-LON-02_Oncology Ward,2025-12-22,24.916666666666668,22.357695,XGBoost,Oncology Ward,58,22.357695,24.593464500000003,26.829234,29.0650035,38.54775,42.402525000000004,46.2573,50.112075,False,False,False,False
Horizon London Riverside,HHN-LON-02,HHN-LON-02_Oncology Ward,2025-12-23,25.0,22.38811,XGBoost,Oncology Ward,58,22.38811,24.626921000000003,26.865732,29.104543000000003,38.600189655172414,42.46020862068966,46.3202275862069,50.18024655172414,False,False,False,False
Horizon London Riverside,HHN-LON-02,HHN-LON-02_Oncology Ward,2025-12-24,27.166666666666668,25.909296,XGBoost,Oncology Ward,58,25.909296,28.500225600000004,31.0911552,33.682084800000005,44.6712,49.13832000000001,53.60544,58.07256000000001,False,False,False,False
Horizon London Riverside,HHN-LON-02,HHN-LON-02_Oncology Ward,2025-12-25,22.75,25.513906,XGBoost,Oncology Ward,58,25.513906,28.0652966,30.616687199999998,33.1680778,43.989493103448275,48.3884424137931,52.78739172413792,57.18634103448276,False,False,False,False
Horizon London Riverside,HHN-LON-02,HHN-LON-02_Oncology Ward,2025-12-26,17.708333333333332,24.914183,XGBoost,Oncology Ward,58,24.914183,27.405601300000004,29.8970196,32.3884379,42.95548793103448,47.25103672413794,51.54658551724138,55.842134310344825,False,False,False,False
Horizon London Riverside,HHN-LON-02,HHN-LON-02_Oncology Ward,2025-12-27,14.541666666666666,23.106464,XGBoost,Oncology Ward,58,23.106464,25.417110400000002,27.727756799999998,30.0384032,39.838731034482755,43.82260413793104,47.806477241379305,51.79035034482759,False,False,False,False
Horizon London Riverside,HHN-LON-02,HHN-LON-02_Oncology Ward,2025-12-28,14.75,20.142405,XGBoost,Oncology Ward,58,20.142405,22.156645500000003,24.170886,26.185126500000003,34.72828448275862,38.20111293103449,41.67394137931034,45.14676982758621,False,False,False,False
Horizon London Riverside,HHN-LON-02,HHN-LON-02_Oncology Ward,2025-12-29,17.125,18.111504,XGBoost,Oncology Ward,58,18.111504,19.922654400000003,21.733804799999998,23.5449552,31.226731034482757,34.34940413793104,37.47207724137931,40.59475034482759,False,False,False,False
Horizon London Riverside,HHN-LON-02,HHN-LON-02_Oncology Ward,2025-12-30,20.20833333333333,17.455902,XGBoost,Oncology Ward,58,17.455902,19.2014922,20.947082399999996,22.692672599999998,30.09638275862069,33.10602103448276,36.115659310344824,39.12529758620689,False,False,False,False
Horizon London Riverside,HHN-LON-02,HHN-LON-02_Oncology Ward,2025-12-31,22.291666666666668,18.194191,XGBoost,Oncology Ward,58,18.194191,20.0136101,21.8330292,23.6524483,31.36929482758621,34.50622431034483,37.643153793103444,40.78008327586207,False,False,False,False
Horizon Manchester,HHN-MAN-01,HHN-MAN-01_Oncology Ward,2025-12-02,19.666666666666668,16.235588,XGBoost,Oncology Ward,20,16.235588,17.8591468,19.4827056,21.1062644,81.17794,89.29573400000001,97.413528,105.53132199999999,False,False,False,True
Horizon Manchester,HHN-MAN-01,HHN-MAN-01_Oncology Ward,2025-12-03,19.83333333333333,17.663773,XGBoost,Oncology Ward,20,17.663773,19.4301503,21.1965276,22.962904899999998,88.31886499999999,97.15075150000001,105.98263800000001,114.81452449999998,False,False,True,True
Horizon Manchester,HHN-MAN-01,HHN-MAN-01_Oncology Ward,2025-12-04,18.08333333333333,17.746004,XGBoost,Oncology Ward,20,17.746004,19.5206044,21.295204799999997,23.0698052,88.73002,97.603022,106.47602399999998,115.34902600000001,False,False,True,True
Horizon Manchester,HHN-MAN-01,HHN-MAN-01_Oncology Ward,2025-12-05,18.0,18.471794,XGBoost,Oncology Ward,20,18.471794,20.3189734,22.1661528,24.0133322,92.35897,101.594867,110.830764,120.06666100000001,False,True,True,True
Horizon Manchester,HHN-MAN-01,HHN-MAN-01_Oncology Ward,2025-12-06,19.625,18.969149,XGBoost,Oncology Ward,20,18.969149,20.866063900000004,22.762978800000003,24.6598937,94.84574500000001,104.33031950000003,113.81489400000002,123.2994685,False,True,True,True
Horizon Manchester,HHN-MAN-01,HHN-MAN-01_Oncology Ward,2025-12-07,19.83333333333333,19.001205,XGBoost,Oncology Ward,20,19.001205,20.9013255,22.801446,24.7015665,95.006025,104.5066275,114.00722999999999,123.50783249999999,False,True,True,True
Horizon Manchester,HHN-MAN-01,HHN-MAN-01_Oncology Ward,2025-12-08,19.70833333333333,19.04588,XGBoost,Oncology Ward,20,19.04588,20.950468,22.855056,24.759644,95.2294,104.75234,114.27528,123.79822,False,True,True,True
Horizon Manchester,HHN-MAN-01,HHN-MAN-01_Oncology Ward,2025-12-09,19.70833333333333,18.676235,XGBoost,Oncology Ward,20,18.676235,20.5438585,22.411481999999996,24.2791055,93.381175,102.71929250000001,112.05740999999998,121.3955275,False,True,True,True
Horizon Manchester,HHN-MAN-01,HHN-MAN-01_Oncology Ward,2025-12-10,19.666666666666668,18.449608,XGBoost,Oncology Ward,20,18.449608,20.294568800000004,22.1395296,23.984490400000002,92.24804,101.47284400000002,110.69764799999999,119.922452,False,True,True,True
Horizon Manchester,HHN-MAN-01,HHN-MAN-01_Oncology Ward,2025-12-11,19.416666666666668,19.368397,XGBoost,Oncology Ward,20,19.368397,21.305236700000002,23.242076400000002,25.178916100000002,96.84198500000001,106.5261835,116.210382,125.89458050000002,False,True,True,True
Horizon Manchester,HHN-MAN-01,HHN-MAN-01_Oncology Ward,2025-12-12,19.83333333333333,19.494682,XGBoost,Oncology Ward,20,19.494682,21.444150200000003,23.3936184,25.343086600000003,97.47341,107.220751,116.968092,126.715433,False,True,True,True
Horizon Manchester,HHN-MAN-01,HHN-MAN-01_Oncology Ward,2025-12-13,19.75,19.453865,XGBoost,Oncology Ward,20,19.453865,21.399251500000002,23.344638,25.2900245,97.26932500000001,106.99625750000001,116.72319,126.4501225,False,True,True,True
Horizon Manchester,HHN-MAN-01,HHN-MAN-01_Oncology Ward,2025-12-14,19.83333333333333,18.897528,XGBoost,Oncology Ward,20,18.897528,20.7872808,22.6770336,24.5667864,94.48764,103.93640400000001,113.38516800000001,122.83393200000002,False,True,True,True
Horizon Manchester,HHN-MAN-01,HHN-MAN-01_Oncology Ward,2025-12-15,18.875,18.894905,XGBoost,Oncology Ward,20,18.894905,20.784395500000002,22.673886,24.563376500000004,94.47452500000001,103.92197750000001,113.36943,122.81688250000002,False,True,True,True
Horizon Manchester,HHN-MAN-01,HHN-MAN-01_Oncology Ward,2025-12-16,17.708333333333332,18.052782,XGBoost,Oncology Ward,20,18.052782,19.8580602,21.6633384,23.4686166,90.26391000000001,99.290301,108.316692,117.34308300000001,False,False,True,True
Horizon Manchester,HHN-MAN-01,HHN-MAN-01_Oncology Ward,2025-12-17,19.5,18.417122,XGBoost,Oncology Ward,20,18.417122,20.2588342,22.1005464,23.9422586,92.08561,101.294171,110.50273200000001,119.71129299999998,False,True,True,True
Horizon Manchester,HHN-MAN-01,HHN-MAN-01_Oncology Ward,2025-12-18,19.875,18.883049,XGBoost,Oncology Ward,20,18.883049,20.7713539,22.6596588,24.5479637,94.415245,103.8567695,113.298294,122.7398185,False,True,True,True
Horizon Manchester,HHN-MAN-01,HHN-MAN-01_Oncology Ward,2025-12-19,19.375,18.135319,XGBoost,Oncology Ward,20,18.135319,19.9488509,21.762382799999997,23.5759147,90.67659499999999,99.7442545,108.81191399999999,117.8795735,False,False,True,True
Horizon Manchester,HHN-MAN-01,HHN-MAN-01_Oncology Ward,2025-12-20,19.83333333333333,18.20818,XGBoost,Oncology Ward,20,18.20818,20.028998,21.849815999999997,23.670634,91.0409,100.14499,109.24907999999998,118.35317,False,True,True,True
Horizon Manchester,HHN-MAN-01,HHN-MAN-01_Oncology Ward,2025-12-21,19.541666666666668,17.880487,XGBoost,Oncology Ward,20,17.880487,19.6685357,21.456584399999997,23.244633099999998,89.402435,98.3426785,107.28292199999999,116.22316549999998,False,False,True,True
Horizon Manchester,HHN-MAN-01,HHN-MAN-01_Oncology Ward,2025-12-22,19.83333333333333,18.651188,XGBoost,Oncology Ward,20,18.651188,20.516306800000002,22.3814256,24.2465444,93.25594000000001,102.581534,111.907128,121.23272200000001,False,True,True,True
Horizon Manchester,HHN-MAN-01,HHN-MAN-01_Oncology Ward,2025-12-23,18.041666666666668,18.766481,XGBoost,Oncology Ward,20,18.766481,20.6431291,22.519777199999996,24.3964253,93.832405,103.2156455,112.598886,121.98212649999999,False,True,True,True
Horizon Manchester,HHN-MAN-01,HHN-MAN-01_Oncology Ward,2025-12-24,18.166666666666668,18.114458,XGBoost,Oncology Ward,20,18.114458,19.9259038,21.737349599999998,23.5487954,90.57229,99.629519,108.686748,117.74397699999999,False,False,True,True
Horizon Manchester,HHN-MAN-01,HHN-MAN-01_Oncology Ward,2025-12-25,17.125,17.075655,XGBoost,Oncology Ward,20,17.075655,18.783220500000002,20.490786,22.1983515,85.378275,93.91610250000001,102.45393,110.9917575,False,False,True,True
Horizon Manchester,HHN-MAN-01,HHN-MAN-01_Oncology Ward,2025-12-26,14.708333333333334,16.938032,XGBoost,Oncology Ward,20,16.938032,18.6318352,20.3256384,22.0194416,84.69016,93.15917600000002,101.628192,110.097208,False,False,True,True
Horizon Manchester,HHN-MAN-01,HHN-MAN-01_Oncology Ward,2025-12-27,17.375,15.552436,XGBoost,Oncology Ward,20,15.552436,17.1076796,18.662923199999998,20.218166800000002,77.76218,85.538398,93.314616,101.090834,False,False,False,True
Horizon Manchester,HHN-MAN-01,HHN-MAN-01_Oncology Ward,2025-12-28,17.75,15.087979,XGBoost,Oncology Ward,20,15.087979,16.596776900000002,18.1055748,19.6143727,75.439895,82.9838845,90.527874,98.0718635,False,False,False,False
Horizon Manchester,HHN-MAN-01,HHN-MAN-01_Oncology Ward,2025-12-29,18.33333333333333,16.065033,XGBoost,Oncology Ward,20,16.065033,17.6715363,19.2780396,20.8845429,80.325165,88.3576815,96.390198,104.4227145,False,False,False,True
Horizon Manchester,HHN-MAN-01,HHN-MAN-01_Oncology Ward,2025-12-30,19.875,16.542786,XGBoost,Oncology Ward,20,16.542786,18.1970646,19.8513432,21.5056218,82.71393,90.98532300000001,99.25671599999998,107.528109,False,False,False,True
Horizon Manchester,HHN-MAN-01,HHN-MAN-01_Oncology Ward,2025-12-31,19.625,17.042555,XGBoost,Oncology Ward,20,17.042555,18.746810500000002,20.451066,22.1553215,85.212775,93.7340525,102.25533,110.7766075,False,False,True,True
Horizon Birmingham,HHN-BIR-01,HHN-BIR-01_Day Case Unit,2025-12-02,0.5833333333333334,0.5493832,XGBoost,Day Case Unit,3,0.5493832,0.6043215200000001,0.6592598399999999,0.71419816,18.312773333333332,20.14405066666667,21.975327999999998,23.806605333333334,False,False,False,False
Horizon Birmingham,HHN-BIR-01,HHN-BIR-01_Day Case Unit,2025-12-03,0.375,0.51530105,XGBoost,Day Case Unit,3,0.51530105,0.5668311550000001,0.61836126,0.6698913650000001,17.17670166666667,18.894371833333338,20.612042,22.32971216666667,False,False,False,False
Horizon Birmingham,HHN-BIR-01,HHN-BIR-01_Day Case Unit,2025-12-04,0.2083333333333333,0.58412397,XGBoost,Day Case Unit,3,0.58412397,0.642536367,0.7009487640000001,0.7593611610000001,19.470799000000003,21.4178789,23.364958800000004,25.3120387,False,False,False,False
Horizon Birmingham,HHN-BIR-01,HHN-BIR-01_Day Case Unit,2025-12-05,0.2083333333333333,0.40890333,XGBoost,Day Case Unit,3,0.40890333,0.44979366300000007,0.490683996,0.531574329,13.630111,14.993122100000003,16.356133200000002,17.7191443,False,False,False,False
Horizon Birmingham,HHN-BIR-01,HHN-BIR-01_Day Case Unit,2025-12-06,0.0,0.022760382,XGBoost,Day Case Unit,3,0.022760382,0.0250364202,0.0273124584,0.0295884966,0.7586794,0.83454734,0.9104152799999999,0.9862832199999999,False,False,False,False
Horizon Birmingham,HHN-BIR-01,HHN-BIR-01_Day Case Unit,2025-12-07,0.1666666666666666,0.21720892,XGBoost,Day Case Unit,3,0.21720892,0.23892981200000002,0.260650704,0.282371596,7.2402973333333325,7.964327066666667,8.688356800000001,9.412386533333333,False,False,False,False
Horizon Birmingham,HHN-BIR-01,HHN-BIR-01_Day Case Unit,2025-12-08,0.4166666666666667,0.42108613,XGBoost,Day Case Unit,3,0.42108613,0.463194743,0.505303356,0.547411969,14.036204333333332,15.439824766666668,16.843445199999998,18.247065633333335,False,False,False,False
Horizon Birmingham,HHN-BIR-01,HHN-BIR-01_Day Case Unit,2025-12-09,0.5833333333333334,0.52218217,XGBoost,Day Case Unit,3,0.52218217,0.5744003870000001,0.626618604,0.678836821,17.406072333333334,19.14667956666667,20.887286800000002,22.62789403333333,False,False,False,False
Horizon Birmingham,HHN-BIR-01,HHN-BIR-01_Day Case Unit,2025-12-10,0.9583333333333334,0.5858852,XGBoost,Day Case Unit,3,0.5858852,0.64447372,0.70306224,0.76165076,19.529506666666666,21.482457333333336,23.435408,25.388358666666665,False,False,False,False
Horizon Birmingham,HHN-BIR-01,HHN-BIR-01_Day Case Unit,2025-12-11,0.4583333333333333,0.6444116,XGBoost,Day Case Unit,3,0.6444116,0.7088527600000001,0.77329392,0.83773508,21.480386666666664,23.628425333333336,25.776463999999997,27.92450266666667,False,False,False,False
Horizon Birmingham,HHN-BIR-01,HHN-BIR-01_Day Case Unit,2025-12-12,0.1666666666666666,0.4780247,XGBoost,Day Case Unit,3,0.4780247,0.5258271700000001,0.57362964,0.6214321100000001,15.934156666666668,17.52757233333334,19.120988000000004,20.71440366666667,False,False,False,False
Horizon Birmingham,HHN-BIR-01,HHN-BIR-01_Day Case Unit,2025-12-13,0.3333333333333333,0.22612286,XGBoost,Day Case Unit,3,0.22612286,0.24873514600000002,0.271347432,0.29395971800000004,7.537428666666666,8.291171533333335,9.0449144,9.798657266666668,False,False,False,False
Horizon Birmingham,HHN-BIR-01,HHN-BIR-01_Day Case Unit,2025-12-14,0.0,0.036007795,XGBoost,Day Case Unit,3,0.036007795,0.03960857450000001,0.043209354,0.046810133500000004,1.2002598333333334,1.320285816666667,1.4403118,1.5603377833333334,False,False,False,False
Horizon Birmingham,HHN-BIR-01,HHN-BIR-01_Day Case Unit,2025-12-15,0.1666666666666666,0.48261815,XGBoost,Day Case Unit,3,0.48261815,0.5308799650000001,0.57914178,0.6274035950000001,16.087271666666666,17.695998833333338,19.304726000000002,20.91345316666667,False,False,False,False
Horizon Birmingham,HHN-BIR-01,HHN-BIR-01_Day Case Unit,2025-12-16,0.2083333333333333,0.66478246,XGBoost,Day Case Unit,3,0.66478246,0.731260706,0.7977389519999999,0.864217198,22.15941533333333,24.375356866666667,26.591298399999996,28.807239933333335,False,False,False,False
Horizon Birmingham,HHN-BIR-01,HHN-BIR-01_Day Case Unit,2025-12-17,0.7916666666666666,0.51504564,XGBoost,Day Case Unit,3,0.51504564,0.566550204,0.6180547679999999,0.669559332,17.168187999999997,18.8850068,20.601825599999998,22.318644399999997,False,False,False,False
Horizon Birmingham,HHN-BIR-01,HHN-BIR-01_Day Case Unit,2025-12-18,0.5833333333333334,0.63859034,XGBoost,Day Case Unit,3,0.63859034,0.7024493740000001,0.766308408,0.830167442,21.28634466666667,23.414979133333336,25.543613599999997,27.672248066666665,False,False,False,False
Horizon Birmingham,HHN-BIR-01,HHN-BIR-01_Day Case Unit,2025-12-19,0.5833333333333334,0.4394084,XGBoost,Day Case Unit,3,0.4394084,0.48334924,0.52729008,0.57123092,14.646946666666667,16.111641333333335,17.576336,19.041030666666668,False,False,False,False
Horizon Birmingham,HHN-BIR-01,HHN-BIR-01_Day Case Unit,2025-12-20,0.4583333333333333,0.4168864,XGBoost,Day Case Unit,3,0.4168864,0.45857504000000004,0.50026368,0.54195232,13.896213333333332,15.285834666666668,16.675456,18.065077333333335,False,False,False,False
Horizon Birmingham,HHN-BIR-01,HHN-BIR-01_Day Case Unit,2025-12-21,0.5833333333333334,0.39443666,XGBoost,Day Case Unit,3,0.39443666,0.43388032600000004,0.47332399199999997,0.512767658,13.147888666666665,14.462677533333334,15.777466399999998,17.09225526666667,False,False,False,False
Horizon Birmingham,HHN-BIR-01,HHN-BIR-01_Day Case Unit,2025-12-22,0.0,0.071643755,XGBoost,Day Case Unit,3,0.071643755,0.0788081305,0.085972506,0.0931368815,2.3881251666666667,2.6269376833333333,2.8657502,3.104562716666667,False,False,False,False
Horizon Birmingham,HHN-BIR-01,HHN-BIR-01_Day Case Unit,2025-12-23,0.0,0.10920861,XGBoost,Day Case Unit,3,0.10920861,0.120129471,0.131050332,0.141971193,3.640287,4.0043157,4.3683444,4.7323731,False,False,False,False
Horizon Birmingham,HHN-BIR-01,HHN-BIR-01_Day Case Unit,2025-12-24,0.2083333333333333,0.71498704,XGBoost,Day Case Unit,3,0.71498704,0.786485744,0.857984448,0.9294831520000001,23.832901333333332,26.216191466666665,28.599481599999997,30.982771733333337,False,False,False,False
Horizon Birmingham,HHN-BIR-01,HHN-BIR-01_Day Case Unit,2025-12-25,0.0,0.061445333,XGBoost,Day Case Unit,3,0.061445333,0.06758986630000001,0.0737343996,0.0798789329,2.0481777666666665,2.2529955433333337,2.45781332,2.662631096666667,False,False,False,False
Horizon Birmingham,HHN-BIR-01,HHN-BIR-01_Day Case Unit,2025-12-26,0.0,0.055786178,XGBoost,Day Case Unit,3,0.055786178,0.061364795800000004,0.0669434136,0.0725220314,1.8595392666666666,2.0454931933333333,2.2314471200000003,2.417401046666667,False,False,False,False
Horizon Birmingham,HHN-BIR-01,HHN-BIR-01_Day Case Unit,2025-12-27,0.25,0.43842036,XGBoost,Day Case Unit,3,0.43842036,0.48226239600000004,0.526104432,0.569946468,14.614012,16.075413200000003,17.5368144,18.9982156,False,False,False,False
Horizon Birmingham,HHN-BIR-01,HHN-BIR-01_Day Case Unit,2025-12-28,0.5416666666666666,0.4312098,XGBoost,Day Case Unit,3,0.4312098,0.47433078,0.5174517599999999,0.56057274,14.37366,15.811026,17.248392,18.685758,False,False,False,False
Horizon Birmingham,HHN-BIR-01,HHN-BIR-01_Day Case Unit,2025-12-29,0.125,0.2055831,XGBoost,Day Case Unit,3,0.2055831,0.22614141000000001,0.24669971999999998,0.26725803,6.85277,7.538047000000001,8.223324,8.908600999999999,False,False,False,False
Horizon Birmingham,HHN-BIR-01,HHN-BIR-01_Day Case Unit,2025-12-30,0.1666666666666666,0.2738751,XGBoost,Day Case Unit,3,0.2738751,0.30126261,0.32865012,0.35603763,9.129169999999998,10.042086999999999,10.955004,11.867920999999999,False,False,False,False
Horizon Birmingham,HHN-BIR-01,HHN-BIR-01_Day Case Unit,2025-12-31,0.2083333333333333,0.3540682,XGBoost,Day Case Unit,3,0.3540682,0.38947502,0.42488184,0.46028866,11.802273333333334,12.982500666666667,14.162728,15.342955333333332,False,False,False,False
Horizon Edinburgh,HHN-EDI-01,HHN-EDI-01_Day Case Unit,2025-12-02,0.4166666666666667,0.31339955,XGBoost,Day Case Unit,3,0.31339955,0.34473950500000006,0.37607946000000003,0.40741941500000006,10.446651666666668,11.491316833333336,12.535982,13.580647166666667,False,False,False,False
Horizon Edinburgh,HHN-EDI-01,HHN-EDI-01_Day Case Unit,2025-12-03,0.125,0.03843531,XGBoost,Day Case Unit,3,0.03843531,0.042278841000000005,0.046122372,0.049965903,1.281177,1.4092947000000002,1.5374124,1.6655301,False,False,False,False
Horizon Edinburgh,HHN-EDI-01,HHN-EDI-01_Day Case Unit,2025-12-04,0.2083333333333333,0.31259036,XGBoost,Day Case Unit,3,0.31259036,0.34384939600000003,0.375108432,0.406367468,10.419678666666666,11.461646533333335,12.503614399999998,13.545582266666667,False,False,False,False
Horizon Edinburgh,HHN-EDI-01,HHN-EDI-01_Day Case Unit,2025-12-05,0.4583333333333333,0.37555733,XGBoost,Day Case Unit,3,0.37555733,0.41311306300000006,0.450668796,0.4882245290000001,12.518577666666667,13.770435433333336,15.0222932,16.27415096666667,False,False,False,False
Horizon Edinburgh,HHN-EDI-01,HHN-EDI-01_Day Case Unit,2025-12-06,0.125,0.13683929,XGBoost,Day Case Unit,3,0.13683929,0.150523219,0.164207148,0.177891077,4.561309666666666,5.017440633333334,5.4735716,5.929702566666667,False,False,False,False
Horizon Edinburgh,HHN-EDI-01,HHN-EDI-01_Day Case Unit,2025-12-07,0.0,0.020084249,XGBoost,Day Case Unit,3,0.020084249,0.022092673900000002,0.024101098799999998,0.026109523699999998,0.6694749666666666,0.7364224633333334,0.8033699599999999,0.8703174566666666,False,False,False,False
Horizon Edinburgh,HHN-EDI-01,HHN-EDI-01_Day Case Unit,2025-12-08,0.4166666666666667,0.27195233,XGBoost,Day Case Unit,3,0.27195233,0.29914756300000006,0.326342796,0.35353802900000003,9.065077666666667,9.971585433333335,10.8780932,11.784600966666668,False,False,False,False
Horizon Edinburgh,HHN-EDI-01,HHN-EDI-01_Day Case Unit,2025-12-09,0.2083333333333333,0.4257637,XGBoost,Day Case Unit,3,0.4257637,0.46834007000000005,0.51091644,0.5534928100000001,14.192123333333335,15.611335666666667,17.030548,18.449760333333334,False,False,False,False
Horizon Edinburgh,HHN-EDI-01,HHN-EDI-01_Day Case Unit,2025-12-10,0.2916666666666667,0.33353707,XGBoost,Day Case Unit,3,0.33353707,0.366890777,0.40024448399999996,0.433598191,11.117902333333333,12.229692566666667,13.341482799999998,14.453273033333334,False,False,False,False
Horizon Edinburgh,HHN-EDI-01,HHN-EDI-01_Day Case Unit,2025-12-11,0.375,0.39626506,XGBoost,Day Case Unit,3,0.39626506,0.43589156600000006,0.47551807199999996,0.515144578,13.208835333333333,14.529718866666668,15.8506024,17.171485933333333,False,False,False,False
Horizon Edinburgh,HHN-EDI-01,HHN-EDI-01_Day Case Unit,2025-12-12,0.7083333333333334,0.43655258,XGBoost,Day Case Unit,3,0.43655258,0.48020783800000005,0.523863096,0.5675183540000001,14.551752666666667,16.006927933333333,17.4621032,18.91727846666667,False,False,False,False
Horizon Edinburgh,HHN-EDI-01,HHN-EDI-01_Day Case Unit,2025-12-13,0.4166666666666667,0.33848107,XGBoost,Day Case Unit,3,0.33848107,0.372329177,0.40617728399999997,0.440025391,11.282702333333333,12.410972566666667,13.539242799999998,14.667513033333332,False,False,False,False
Horizon Edinburgh,HHN-EDI-01,HHN-EDI-01_Day Case Unit,2025-12-14,0.4166666666666667,0.40979323,XGBoost,Day Case Unit,3,0.40979323,0.450772553,0.491751876,0.532731199,13.659774333333333,15.025751766666668,16.3917292,17.757706633333335,False,False,False,False
Horizon Edinburgh,HHN-EDI-01,HHN-EDI-01_Day Case Unit,2025-12-15,0.0,0.16747676,XGBoost,Day Case Unit,3,0.16747676,0.18422443600000002,0.200972112,0.217719788,5.582558666666667,6.140814533333334,6.6990704,7.2573262666666665,False,False,False,False
Horizon Edinburgh,HHN-EDI-01,HHN-EDI-01_Day Case Unit,2025-12-16,0.0,0.1898344,XGBoost,Day Case Unit,3,0.1898344,0.20881784,0.22780127999999997,0.24678471999999999,6.327813333333333,6.960594666666667,7.593375999999999,8.226157333333333,False,False,False,False
Horizon Edinburgh,HHN-EDI-01,HHN-EDI-01_Day Case Unit,2025-12-17,0.25,0.47991005,XGBoost,Day Case Unit,3,0.47991005,0.5279010550000001,0.5758920599999999,0.623883065,15.997001666666666,17.596701833333338,19.196402,20.796102166666667,False,False,False,False
Horizon Edinburgh,HHN-EDI-01,HHN-EDI-01_Day Case Unit,2025-12-18,0.125,0.46669346,XGBoost,Day Case Unit,3,0.46669346,0.5133628060000001,0.560032152,0.6067014980000001,15.556448666666666,17.112093533333336,18.6677384,20.22338326666667,False,False,False,False
Horizon Edinburgh,HHN-EDI-01,HHN-EDI-01_Day Case Unit,2025-12-19,0.2083333333333333,0.10791741,XGBoost,Day Case Unit,3,0.10791741,0.11870915100000001,0.129500892,0.140292633,3.597247,3.9569717000000004,4.3166964000000005,4.6764211,False,False,False,False
Horizon Edinburgh,HHN-EDI-01,HHN-EDI-01_Day Case Unit,2025-12-20,0.2083333333333333,0.26377207,XGBoost,Day Case Unit,3,0.26377207,0.29014927700000004,0.316526484,0.34290369100000007,8.792402333333333,9.671642566666668,10.5508828,11.430123033333334,False,False,False,False
Horizon Edinburgh,HHN-EDI-01,HHN-EDI-01_Day Case Unit,2025-12-21,0.5416666666666666,0.18379602,XGBoost,Day Case Unit,3,0.18379602,0.20217562200000003,0.220555224,0.23893482600000002,6.126534,6.7391874000000005,7.3518408,7.964494200000001,False,False,False,False
Horizon Edinburgh,HHN-EDI-01,HHN-EDI-01_Day Case Unit,2025-12-22,0.875,0.45386678,XGBoost,Day Case Unit,3,0.45386678,0.4992534580000001,0.544640136,0.590026814,15.128892666666669,16.641781933333334,18.154671200000003,19.667560466666668,False,False,False,False
Horizon Edinburgh,HHN-EDI-01,HHN-EDI-01_Day Case Unit,2025-12-23,0.2083333333333333,0.4388296,XGBoost,Day Case Unit,3,0.4388296,0.48271256,0.52659552,0.57047848,14.627653333333331,16.090418666666668,17.553183999999998,19.015949333333335,False,False,False,False
Horizon Edinburgh,HHN-EDI-01,HHN-EDI-01_Day Case Unit,2025-12-24,0.0,0.16563083,XGBoost,Day Case Unit,3,0.16563083,0.182193913,0.198756996,0.21532007900000003,5.521027666666667,6.073130433333334,6.625233199999999,7.177335966666668,False,False,False,False
Horizon Edinburgh,HHN-EDI-01,HHN-EDI-01_Day Case Unit,2025-12-25,0.0833333333333333,0.3315764,XGBoost,Day Case Unit,3,0.3315764,0.36473404000000004,0.39789167999999997,0.43104932,11.052546666666666,12.157801333333335,13.263055999999999,14.368310666666668,False,False,False,False
Horizon Edinburgh,HHN-EDI-01,HHN-EDI-01_Day Case Unit,2025-12-26,0.5,0.37892088,XGBoost,Day Case Unit,3,0.37892088,0.41681296800000006,0.454705056,0.49259714400000004,12.630696,13.893765600000002,15.1568352,16.4199048,False,False,False,False
Horizon Edinburgh,HHN-EDI-01,HHN-EDI-01_Day Case Unit,2025-12-27,0.0416666666666666,0.22132686,XGBoost,Day Case Unit,3,0.22132686,0.243459546,0.265592232,0.287724918,7.377562,8.1153182,8.853074399999999,9.5908306,False,False,False,False
Horizon Edinburgh,HHN-EDI-01,HHN-EDI-01_Day Case Unit,2025-12-28,0.375,0.28481737,XGBoost,Day Case Unit,3,0.28481737,0.313299107,0.34178084400000003,0.37026258100000004,9.493912333333334,10.443303566666668,11.392694800000001,12.342086033333334,False,False,False,False
Horizon Edinburgh,HHN-EDI-01,HHN-EDI-01_Day Case Unit,2025-12-29,0.75,0.52995896,XGBoost,Day Case Unit,3,0.52995896,0.5829548560000001,0.635950752,0.688946648,17.665298666666665,19.431828533333338,21.198358399999996,22.96488826666667,False,False,False,False
Horizon Edinburgh,HHN-EDI-01,HHN-EDI-01_Day Case Unit,2025-12-30,0.5,0.41963714,XGBoost,Day Case Unit,3,0.41963714,0.46160085400000006,0.503564568,0.545528282,13.987904666666667,15.386695133333337,16.7854856,18.18427606666667,False,False,False,False
Horizon Edinburgh,HHN-EDI-01,HHN-EDI-01_Day Case Unit,2025-12-31,0.2916666666666667,0.6321631,XGBoost,Day Case Unit,3,0.6321631,0.69537941,0.75859572,0.82181203,21.072103333333335,23.17931366666667,25.286524,27.393734333333335,False,False,False,False
Horizon London Riverside,HHN-LON-02,HHN-LON-02_Day Case Unit,2025-12-02,1.0416666666666667,0.8912519,XGBoost,Day Case Unit,4,0.8912519,0.9803770900000001,1.06950228,1.15862747,22.2812975,24.50942725,26.737557000000002,28.965686750000003,False,False,False,False
Horizon London Riverside,HHN-LON-02,HHN-LON-02_Day Case Unit,2025-12-03,0.75,0.7251873,XGBoost,Day Case Unit,4,0.7251873,0.7977060300000001,0.8702247599999999,0.94274349,18.1296825,19.942650750000002,21.755619,23.56858725,False,False,False,False
Horizon London Riverside,HHN-LON-02,HHN-LON-02_Day Case Unit,2025-12-04,0.5833333333333334,0.9350784,XGBoost,Day Case Unit,4,0.9350784,1.02858624,1.1220940799999999,1.2156019200000001,23.37696,25.714656,28.052351999999996,30.390048000000004,False,False,False,False
Horizon London Riverside,HHN-LON-02,HHN-LON-02_Day Case Unit,2025-12-05,0.5833333333333334,0.92663634,XGBoost,Day Case Unit,4,0.92663634,1.019299974,1.111963608,1.204627242,23.1659085,25.482499349999998,27.7990902,30.11568105,False,False,False,False
Horizon London Riverside,HHN-LON-02,HHN-LON-02_Day Case Unit,2025-12-06,0.2083333333333333,0.34587082,XGBoost,Day Case Unit,4,0.34587082,0.38045790200000007,0.415044984,0.44963206600000005,8.6467705,9.511447550000002,10.3761246,11.240801650000002,False,False,False,False
Horizon London Riverside,HHN-LON-02,HHN-LON-02_Day Case Unit,2025-12-07,0.375,0.33957908,XGBoost,Day Case Unit,4,0.33957908,0.373536988,0.40749489599999994,0.441452804,8.489476999999999,9.338424700000001,10.1873724,11.0363201,False,False,False,False
Horizon London Riverside,HHN-LON-02,HHN-LON-02_Day Case Unit,2025-12-08,0.4166666666666667,0.63772935,XGBoost,Day Case Unit,4,0.63772935,0.701502285,0.7652752199999999,0.829048155,15.94323375,17.537557125,19.131880499999998,20.726203875,False,False,False,False
Horizon London Riverside,HHN-LON-02,HHN-LON-02_Day Case Unit,2025-12-09,0.0,0.20976727,XGBoost,Day Case Unit,4,0.20976727,0.23074399700000003,0.251720724,0.27269745100000004,5.24418175,5.768599925000001,6.2930181,6.817436275000001,False,False,False,False
Horizon London Riverside,HHN-LON-02,HHN-LON-02_Day Case Unit,2025-12-10,0.75,0.5315829,XGBoost,Day Case Unit,4,0.5315829,0.58474119,0.63789948,0.69105777,13.289572499999998,14.61852975,15.947486999999999,17.27644425,False,False,False,False
Horizon London Riverside,HHN-LON-02,HHN-LON-02_Day Case Unit,2025-12-11,1.5416666666666667,0.71859974,XGBoost,Day Case Unit,4,0.71859974,0.7904597140000001,0.862319688,0.9341796620000001,17.964993500000002,19.761492850000003,21.5579922,23.354491550000002,False,False,False,False
Horizon London Riverside,HHN-LON-02,HHN-LON-02_Day Case Unit,2025-12-12,0.5,0.5548184,XGBoost,Day Case Unit,4,0.5548184,0.61030024,0.66578208,0.7212639200000001,13.870460000000001,15.257506000000001,16.644552,18.031598000000002,False,False,False,False
Horizon London Riverside,HHN-LON-02,HHN-LON-02_Day Case Unit,2025-12-13,0.0,0.06818134,XGBoost,Day Case Unit,4,0.06818134,0.074999474,0.08181760799999999,0.08863574199999999,1.7045335,1.87498685,2.0454402,2.2158935499999997,False,False,False,False
Horizon London Riverside,HHN-LON-02,HHN-LON-02_Day Case Unit,2025-12-14,0.5416666666666666,0.38475192,XGBoost,Day Case Unit,4,0.38475192,0.42322711200000007,0.461702304,0.500177496,9.618798,10.580677800000002,11.5425576,12.5044374,False,False,False,False
Horizon London Riverside,HHN-LON-02,HHN-LON-02_Day Case Unit,2025-12-15,0.4166666666666667,0.5158738,XGBoost,Day Case Unit,4,0.5158738,0.5674611800000001,0.6190485600000001,0.67063594,12.896845,14.186529500000002,15.476214000000002,16.765898500000002,False,False,False,False
Horizon London Riverside,HHN-LON-02,HHN-LON-02_Day Case Unit,2025-12-16,0.875,0.7675803,XGBoost,Day Case Unit,4,0.7675803,0.84433833,0.92109636,0.99785439,19.1895075,21.10845825,23.027409,24.94635975,False,False,False,False
Horizon London Riverside,HHN-LON-02,HHN-LON-02_Day Case Unit,2025-12-17,0.2083333333333333,0.6879662,XGBoost,Day Case Unit,4,0.6879662,0.7567628200000001,0.8255594399999999,0.89435606,17.199154999999998,18.9190705,20.638986,22.3589015,False,False,False,False
Horizon London Riverside,HHN-LON-02,HHN-LON-02_Day Case Unit,2025-12-18,0.2916666666666667,0.3178268,XGBoost,Day Case Unit,4,0.3178268,0.34960948000000003,0.38139216000000004,0.41317484000000004,7.945670000000001,8.740237,9.534804000000001,10.329371000000002,False,False,False,False
Horizon London Riverside,HHN-LON-02,HHN-LON-02_Day Case Unit,2025-12-19,0.0,0.15541317,XGBoost,Day Case Unit,4,0.15541317,0.170954487,0.186495804,0.202037121,3.88532925,4.273862175,4.6623950999999995,5.050928024999999,False,False,False,False
Horizon London Riverside,HHN-LON-02,HHN-LON-02_Day Case Unit,2025-12-20,0.5416666666666666,0.44658417,XGBoost,Day Case Unit,4,0.44658417,0.49124258700000006,0.535901004,0.580559421,11.16460425,12.281064675000001,13.3975251,14.513985525,False,False,False,False
Horizon London Riverside,HHN-LON-02,HHN-LON-02_Day Case Unit,2025-12-21,0.0416666666666666,0.03862518,XGBoost,Day Case Unit,4,0.03862518,0.042487698000000004,0.046350216,0.050212734,0.9656295,1.0621924500000002,1.1587554,1.25531835,False,False,False,False
Horizon London Riverside,HHN-LON-02,HHN-LON-02_Day Case Unit,2025-12-22,0.375,0.5781273,XGBoost,Day Case Unit,4,0.5781273,0.6359400300000001,0.69375276,0.7515654900000001,14.4531825,15.898500750000002,17.343819,18.789137250000003,False,False,False,False
Horizon London Riverside,HHN-LON-02,HHN-LON-02_Day Case Unit,2025-12-23,0.25,0.18467423,XGBoost,Day Case Unit,4,0.18467423,0.203141653,0.221609076,0.240076499,4.61685575,5.078541325,5.5402268999999995,6.001912475,False,False,False,False
Horizon London Riverside,HHN-LON-02,HHN-LON-02_Day Case Unit,2025-12-24,0.5833333333333334,0.4574792,XGBoost,Day Case Unit,4,0.4574792,0.50322712,0.54897504,0.59472296,11.43698,12.580678,13.724376,14.868074,False,False,False,False
Horizon London Riverside,HHN-LON-02,HHN-LON-02_Day Case Unit,2025-12-25,0.4166666666666667,0.44197983,XGBoost,Day Case Unit,4,0.44197983,0.48617781300000007,0.530375796,0.5745737790000001,11.04949575,12.154445325000001,13.259394899999998,14.364344475000001,False,False,False,False
Horizon London Riverside,HHN-LON-02,HHN-LON-02_Day Case Unit,2025-12-26,0.0833333333333333,0.13547198,XGBoost,Day Case Unit,4,0.13547198,0.149019178,0.16256637599999998,0.176113574,3.3867995,3.72547945,4.064159399999999,4.40283935,False,False,False,False
Horizon London Riverside,HHN-LON-02,HHN-LON-02_Day Case Unit,2025-12-27,0.0,0.035784073,XGBoost,Day Case Unit,4,0.035784073,0.0393624803,0.0429408876,0.0465192949,0.894601825,0.9840620075000001,1.07352219,1.1629823725,False,False,False,False
Horizon London Riverside,HHN-LON-02,HHN-LON-02_Day Case Unit,2025-12-28,0.0,0.04297855,XGBoost,Day Case Unit,4,0.04297855,0.047276405,0.05157426,0.055872115,1.0744637499999998,1.181910125,1.2893565,1.396802875,False,False,False,False
Horizon London Riverside,HHN-LON-02,HHN-LON-02_Day Case Unit,2025-12-29,0.4583333333333333,0.5260268,XGBoost,Day Case Unit,4,0.5260268,0.57862948,0.63123216,0.68383484,13.15067,14.465737,15.780804000000002,17.095871000000002,False,False,False,False
Horizon London Riverside,HHN-LON-02,HHN-LON-02_Day Case Unit,2025-12-30,0.375,0.35699463,XGBoost,Day Case Unit,4,0.35699463,0.392694093,0.42839355599999995,0.464093019,8.924865749999999,9.817352325,10.7098389,11.602325475,False,False,False,False
Horizon London Riverside,HHN-LON-02,HHN-LON-02_Day Case Unit,2025-12-31,0.6666666666666666,0.34846464,XGBoost,Day Case Unit,4,0.34846464,0.383311104,0.418157568,0.453004032,8.711616,9.5827776,10.453939199999999,11.3251008,False,False,False,False
Horizon Manchester,HHN-MAN-01,HHN-MAN-01_Day Case Unit,2025-12-02,0.9166666666666666,0.69961435,XGBoost,Day Case Unit,4,0.69961435,0.7695757850000001,0.8395372200000001,0.909498655,17.490358750000002,19.239394625000003,20.988430500000003,22.737466375,False,False,False,False
Horizon Manchester,HHN-MAN-01,HHN-MAN-01_Day Case Unit,2025-12-03,0.3333333333333333,0.5595669,XGBoost,Day Case Unit,4,0.5595669,0.61552359,0.6714802799999999,0.72743697,13.989172499999999,15.38808975,16.787007,18.18592425,False,False,False,False
Horizon Manchester,HHN-MAN-01,HHN-MAN-01_Day Case Unit,2025-12-04,1.0833333333333333,0.7645731,XGBoost,Day Case Unit,4,0.7645731,0.8410304100000001,0.91748772,0.99394503,19.1143275,21.025760250000005,22.937193,24.84862575,False,False,False,False
Horizon Manchester,HHN-MAN-01,HHN-MAN-01_Day Case Unit,2025-12-05,0.4166666666666667,0.6918163,XGBoost,Day Case Unit,4,0.6918163,0.7609979300000002,0.83017956,0.8993611900000001,17.2954075,19.024948250000005,20.754489,22.484029750000005,False,False,False,False
Horizon Manchester,HHN-MAN-01,HHN-MAN-01_Day Case Unit,2025-12-06,0.6666666666666666,0.37811655,XGBoost,Day Case Unit,4,0.37811655,0.41592820500000005,0.45373986,0.491551515,9.45291375,10.398205125,11.3434965,12.288787875,False,False,False,False
Horizon Manchester,HHN-MAN-01,HHN-MAN-01_Day Case Unit,2025-12-07,0.2916666666666667,0.39691353,XGBoost,Day Case Unit,4,0.39691353,0.43660488300000005,0.476296236,0.5159875890000001,9.92283825,10.915122075000001,11.907405899999999,12.899689725000002,False,False,False,False
Horizon Manchester,HHN-MAN-01,HHN-MAN-01_Day Case Unit,2025-12-08,0.9583333333333334,0.84091496,XGBoost,Day Case Unit,4,0.84091496,0.9250064560000001,1.0090979519999999,1.093189448,21.022873999999998,23.125161400000003,25.227448799999998,27.3297362,False,False,False,False
Horizon Manchester,HHN-MAN-01,HHN-MAN-01_Day Case Unit,2025-12-09,0.7916666666666666,0.87185603,XGBoost,Day Case Unit,4,0.87185603,0.9590416330000001,1.046227236,1.133412839,21.79640075,23.976040825000002,26.1556809,28.335320975000002,False,False,False,False
Horizon Manchester,HHN-MAN-01,HHN-MAN-01_Day Case Unit,2025-12-10,0.9583333333333334,0.87791914,XGBoost,Day Case Unit,4,0.87791914,0.9657110540000001,1.053502968,1.1412948820000002,21.9479785,24.142776350000002,26.337574200000002,28.532372050000003,False,False,False,False
Horizon Manchester,HHN-MAN-01,HHN-MAN-01_Day Case Unit,2025-12-11,0.875,0.47691673,XGBoost,Day Case Unit,4,0.47691673,0.524608403,0.572300076,0.619991749,11.92291825,13.115210075,14.3075019,15.499793725,False,False,False,False
Horizon Manchester,HHN-MAN-01,HHN-MAN-01_Day Case Unit,2025-12-12,1.2083333333333333,0.95245594,XGBoost,Day Case Unit,4,0.95245594,1.047701534,1.1429471279999999,1.238192722,23.8113985,26.19253835,28.573678199999996,30.95481805,False,False,False,False
Horizon Manchester,HHN-MAN-01,HHN-MAN-01_Day Case Unit,2025-12-13,0.0,0.08853151,XGBoost,Day Case Unit,4,0.08853151,0.097384661,0.10623781199999999,0.11509096299999999,2.2132877499999997,2.434616525,2.6559452999999995,2.877274075,False,False,False,False
Horizon Manchester,HHN-MAN-01,HHN-MAN-01_Day Case Unit,2025-12-14,0.1666666666666666,0.30201688,XGBoost,Day Case Unit,4,0.30201688,0.332218568,0.362420256,0.392621944,7.550421999999999,8.3054642,9.0605064,9.8155486,False,False,False,False
Horizon Manchester,HHN-MAN-01,HHN-MAN-01_Day Case Unit,2025-12-15,0.0,0.26211405,XGBoost,Day Case Unit,4,0.26211405,0.288325455,0.31453686,0.340748265,6.55285125,7.2081363750000005,7.863421499999999,8.518706625,False,False,False,False
Horizon Manchester,HHN-MAN-01,HHN-MAN-01_Day Case Unit,2025-12-16,0.4166666666666667,0.7032867,XGBoost,Day Case Unit,4,0.7032867,0.7736153700000001,0.84394404,0.9142727100000001,17.5821675,19.340384250000003,21.098601,22.85681775,False,False,False,False
Horizon Manchester,HHN-MAN-01,HHN-MAN-01_Day Case Unit,2025-12-17,0.6666666666666666,0.47876087,XGBoost,Day Case Unit,4,0.47876087,0.526636957,0.574513044,0.622389131,11.96902175,13.165923925000001,14.362826100000001,15.559728275000001,False,False,False,False
Horizon Manchester,HHN-MAN-01,HHN-MAN-01_Day Case Unit,2025-12-18,0.0,0.10263809,XGBoost,Day Case Unit,4,0.10263809,0.11290189900000001,0.123165708,0.133429517,2.56595225,2.8225474750000004,3.0791427,3.335737925,False,False,False,False
Horizon Manchester,HHN-MAN-01,HHN-MAN-01_Day Case Unit,2025-12-19,0.25,0.49894857,XGBoost,Day Case Unit,4,0.49894857,0.548843427,0.598738284,0.648633141,12.473714249999999,13.721085675,14.968457099999998,16.215828525,False,False,False,False
Horizon Manchester,HHN-MAN-01,HHN-MAN-01_Day Case Unit,2025-12-20,0.375,0.32356918,XGBoost,Day Case Unit,4,0.32356918,0.355926098,0.388283016,0.42063993400000005,8.0892295,8.898152450000001,9.707075399999999,10.515998350000002,False,False,False,False
Horizon Manchester,HHN-MAN-01,HHN-MAN-01_Day Case Unit,2025-12-21,0.1666666666666666,0.2611204,XGBoost,Day Case Unit,4,0.2611204,0.28723244,0.31334448,0.33945652,6.528009999999999,7.180810999999999,7.833612,8.486412999999999,False,False,False,False
Horizon Manchester,HHN-MAN-01,HHN-MAN-01_Day Case Unit,2025-12-22,0.25,0.499044,XGBoost,Day Case Unit,4,0.499044,0.5489484,0.5988528,0.6487572,12.476099999999999,13.72371,14.971319999999999,16.21893,False,False,False,False
Horizon Manchester,HHN-MAN-01,HHN-MAN-01_Day Case Unit,2025-12-23,0.4583333333333333,0.42161313,XGBoost,Day Case Unit,4,0.42161313,0.46377444300000004,0.505935756,0.548097069,10.54032825,11.594361075,12.648393899999999,13.702426725,False,False,False,False
Horizon Manchester,HHN-MAN-01,HHN-MAN-01_Day Case Unit,2025-12-24,0.0416666666666666,0.40304777,XGBoost,Day Case Unit,4,0.40304777,0.44335254700000004,0.483657324,0.5239621010000001,10.07619425,11.083813675000002,12.0914331,13.099052525000001,False,False,False,False
Horizon Manchester,HHN-MAN-01,HHN-MAN-01_Day Case Unit,2025-12-25,0.375,0.27012706,XGBoost,Day Case Unit,4,0.27012706,0.29713976599999997,0.32415247199999997,0.35116517799999997,6.7531764999999995,7.42849415,8.103811799999999,8.77912945,False,False,False,False
Horizon Manchester,HHN-MAN-01,HHN-MAN-01_Day Case Unit,2025-12-26,0.2916666666666667,0.3109415,XGBoost,Day Case Unit,4,0.3109415,0.34203565,0.37312979999999996,0.40422395,7.7735375,8.550891250000001,9.328244999999999,10.10559875,False,False,False,False
Horizon Manchester,HHN-MAN-01,HHN-MAN-01_Day Case Unit,2025-12-27,0.9166666666666666,0.40287083,XGBoost,Day Case Unit,4,0.40287083,0.44315791300000007,0.483444996,0.5237320790000001,10.07177075,11.078947825000002,12.0861249,13.093301975000001,False,False,False,False
Horizon Manchester,HHN-MAN-01,HHN-MAN-01_Day Case Unit,2025-12-28,0.5833333333333334,0.5389447,XGBoost,Day Case Unit,4,0.5389447,0.5928391700000001,0.64673364,0.7006281100000001,13.473617500000001,14.820979250000002,16.168341,17.515702750000003,False,False,False,False
Horizon Manchester,HHN-MAN-01,HHN-MAN-01_Day Case Unit,2025-12-29,0.0833333333333333,0.34940898,XGBoost,Day Case Unit,4,0.34940898,0.38434987800000003,0.419290776,0.454231674,8.7352245,9.60874695,10.4822694,11.35579185,False,False,False,False
Horizon Manchester,HHN-MAN-01,HHN-MAN-01_Day Case Unit,2025-12-30,0.5416666666666666,0.5330662,XGBoost,Day Case Unit,4,0.5330662,0.5863728200000001,0.63967944,0.6929860600000001,13.326655,14.659320500000003,15.991985999999999,17.3246515,False,False,False,False
Horizon Manchester,HHN-MAN-01,HHN-MAN-01_Day Case Unit,2025-12-31,0.875,0.7997539,XGBoost,Day Case Unit,4,0.7997539,0.8797292900000001,0.95970468,1.03968007,19.9938475,21.993232250000002,23.992617,25.99200175,False,False,False,False
Horizon London Central,HHN-LON-01,HHN-LON-01_General Medicine Ward A,2025-12-02,32.125,33.36154,XGBoost,General Medicine Ward A,35,33.36154,36.697694,40.033848,43.370002,95.3186857142857,104.85055428571428,114.38242285714286,123.91429142857142,False,True,True,True
Horizon London Central,HHN-LON-01,HHN-LON-01_General Medicine Ward A,2025-12-03,31.58333333333333,31.443584,XGBoost,General Medicine Ward A,35,31.443584,34.5879424,37.7323008,40.876659200000006,89.83881142857143,98.82269257142859,107.8065737142857,116.79045485714288,False,False,True,True
Horizon London Central,HHN-LON-01,HHN-LON-01_General Medicine Ward A,2025-12-04,34.583333333333336,31.04506,XGBoost,General Medicine Ward A,35,31.04506,34.149566,37.254072,40.358578,88.70017142857142,97.57018857142857,106.44020571428572,115.31022285714285,False,False,True,True
Horizon London Central,HHN-LON-01,HHN-LON-01_General Medicine Ward A,2025-12-05,34.75,31.524712,XGBoost,General Medicine Ward A,35,31.524712,34.6771832,37.8296544,40.9821256,90.0706057142857,99.0776662857143,108.08472685714285,117.09178742857145,False,False,True,True
Horizon London Central,HHN-LON-01,HHN-LON-01_General Medicine Ward A,2025-12-06,34.375,31.984884,XGBoost,General Medicine Ward A,35,31.984884,35.1833724,38.3818608,41.5803492,91.38538285714286,100.52392114285715,109.66245942857142,118.80099771428571,False,True,True,True
Horizon London Central,HHN-LON-01,HHN-LON-01_General Medicine Ward A,2025-12-07,31.83333333333333,32.217026,XGBoost,General Medicine Ward A,35,32.217026,35.4387286,38.6604312,41.8821338,92.0486457142857,101.25351028571427,110.45837485714284,119.66323942857142,False,True,True,True
Horizon London Central,HHN-LON-01,HHN-LON-01_General Medicine Ward A,2025-12-08,27.70833333333333,29.931898,XGBoost,General Medicine Ward A,35,29.931898,32.9250878,35.918277599999996,38.9114674,85.51970857142858,94.07167942857143,102.62365028571428,111.17562114285715,False,False,True,True
Horizon London Central,HHN-LON-01,HHN-LON-01_General Medicine Ward A,2025-12-09,29.08333333333333,31.587345,XGBoost,General Medicine Ward A,35,31.587345,34.7460795,37.904813999999995,41.0635485,90.24955714285714,99.27451285714287,108.29946857142856,117.3244242857143,False,False,True,True
Horizon London Central,HHN-LON-01,HHN-LON-01_General Medicine Ward A,2025-12-10,34.708333333333336,31.210527,XGBoost,General Medicine Ward A,35,31.210527,34.3315797,37.4526324,40.5736851,89.17293428571428,98.09022771428572,107.00752114285714,115.92481457142856,False,False,True,True
Horizon London Central,HHN-LON-01,HHN-LON-01_General Medicine Ward A,2025-12-11,34.833333333333336,30.061487,XGBoost,General Medicine Ward A,35,30.061487,33.067635700000004,36.0737844,39.0799331,85.88996285714285,94.47895914285715,103.06795542857144,111.65695171428571,False,False,True,True
Horizon London Central,HHN-LON-01,HHN-LON-01_General Medicine Ward A,2025-12-12,34.958333333333336,29.966974,XGBoost,General Medicine Ward A,35,29.966974,32.9636714,35.9603688,38.9570662,85.61992571428571,94.18191828571429,102.74391085714285,111.30590342857143,False,False,True,True
Horizon London Central,HHN-LON-01,HHN-LON-01_General Medicine Ward A,2025-12-13,34.666666666666664,30.106922,XGBoost,General Medicine Ward A,35,30.106922,33.117614200000006,36.1283064,39.1389986,86.01977714285715,94.62175485714288,103.22373257142856,111.82571028571428,False,False,True,True
Horizon London Central,HHN-LON-01,HHN-LON-01_General Medicine Ward A,2025-12-14,34.666666666666664,31.530981,XGBoost,General Medicine Ward A,35,31.530981,34.684079100000005,37.8371772,40.9902753,90.08851714285714,99.09736885714288,108.10622057142858,117.11507228571429,False,False,True,True
Horizon London Central,HHN-LON-01,HHN-LON-01_General Medicine Ward A,2025-12-15,32.375,33.18905,XGBoost,General Medicine Ward A,35,33.18905,36.507955,39.82686,43.145765000000004,94.82585714285715,104.30844285714286,113.79102857142857,123.2736142857143,False,True,True,True
Horizon London Central,HHN-LON-01,HHN-LON-01_General Medicine Ward A,2025-12-16,29.416666666666668,33.31713,XGBoost,General Medicine Ward A,35,33.31713,36.648843,39.980556,43.312269,95.19179999999999,104.71098,114.23016,123.74933999999999,False,True,True,True
Horizon London Central,HHN-LON-01,HHN-LON-01_General Medicine Ward A,2025-12-17,32.666666666666664,31.112082,XGBoost,General Medicine Ward A,35,31.112082,34.2232902,37.3344984,40.4457066,88.89166285714286,97.78082914285716,106.66999542857143,115.55916171428571,False,False,True,True
Horizon London Central,HHN-LON-01,HHN-LON-01_General Medicine Ward A,2025-12-18,30.166666666666668,29.922457,XGBoost,General Medicine Ward A,35,29.922457,32.91470270000001,35.9069484,38.8991941,85.49273428571429,94.04200771428573,102.59128114285714,111.14055457142857,False,False,True,True
Horizon London Central,HHN-LON-01,HHN-LON-01_General Medicine Ward A,2025-12-19,32.458333333333336,28.4882,XGBoost,General Medicine Ward A,35,28.4882,31.337020000000003,34.18584,37.03466,81.39485714285713,89.53434285714287,97.67382857142857,105.8133142857143,False,False,False,True
Horizon London Central,HHN-LON-01,HHN-LON-01_General Medicine Ward A,2025-12-20,30.20833333333333,28.519384,XGBoost,General Medicine Ward A,35,28.519384,31.3713224,34.2232608,37.0751992,81.48395428571428,89.63234971428572,97.78074514285714,105.92914057142858,False,False,False,True
Horizon London Central,HHN-LON-01,HHN-LON-01_General Medicine Ward A,2025-12-21,24.541666666666668,27.258003,XGBoost,General Medicine Ward A,35,27.258003,29.9838033,32.709603599999994,35.4354039,77.88000857142858,85.66800942857144,93.45601028571426,101.24401114285713,False,False,False,True
Horizon London Central,HHN-LON-01,HHN-LON-01_General Medicine Ward A,2025-12-22,27.875,28.65184,XGBoost,General Medicine Ward A,35,28.65184,31.517024000000003,34.382208,37.247392,81.86240000000001,90.04864,98.23487999999999,106.42111999999999,False,False,False,True
Horizon London Central,HHN-LON-01,HHN-LON-01_General Medicine Ward A,2025-12-23,31.95833333333333,31.770224,XGBoost,General Medicine Ward A,35,31.770224,34.947246400000004,38.124268799999996,41.3012912,90.77206857142856,99.84927542857143,108.92648228571427,118.00368914285716,False,False,True,True
Horizon London Central,HHN-LON-01,HHN-LON-01_General Medicine Ward A,2025-12-24,31.375,28.957026,XGBoost,General Medicine Ward A,35,28.957026,31.852728600000003,34.7484312,37.6441338,82.73436,91.00779600000001,99.281232,107.55466799999999,False,False,False,True
Horizon London Central,HHN-LON-01,HHN-LON-01_General Medicine Ward A,2025-12-25,34.791666666666664,31.894104,XGBoost,General Medicine Ward A,35,31.894104,35.0835144,38.2729248,41.4623352,91.12601142857143,100.23861257142856,109.3512137142857,118.46381485714286,False,True,True,True
Horizon London Central,HHN-LON-01,HHN-LON-01_General Medicine Ward A,2025-12-26,34.625,31.318857,XGBoost,General Medicine Ward A,35,31.318857,34.450742700000006,37.5826284,40.7145141,89.48244857142858,98.43069342857144,107.37893828571427,116.32718314285715,False,False,True,True
Horizon London Central,HHN-LON-01,HHN-LON-01_General Medicine Ward A,2025-12-27,31.125,32.503624,XGBoost,General Medicine Ward A,35,32.503624,35.7539864,39.0043488,42.2547112,92.86749714285715,102.15424685714287,111.44099657142858,120.7277462857143,False,True,True,True
Horizon London Central,HHN-LON-01,HHN-LON-01_General Medicine Ward A,2025-12-28,34.541666666666664,33.67851,XGBoost,General Medicine Ward A,35,33.67851,37.046361000000005,40.414212,43.78206300000001,96.2243142857143,105.84674571428572,115.46917714285713,125.09160857142861,False,True,True,True
Horizon London Central,HHN-LON-01,HHN-LON-01_General Medicine Ward A,2025-12-29,34.083333333333336,33.189396,XGBoost,General Medicine Ward A,35,33.189396,36.5083356,39.8272752,43.1462148,94.82684571428572,104.3095302857143,113.79221485714285,123.27489942857144,False,True,True,True
Horizon London Central,HHN-LON-01,HHN-LON-01_General Medicine Ward A,2025-12-30,34.916666666666664,32.38776,XGBoost,General Medicine Ward A,35,32.38776,35.626536,38.865311999999996,42.104088000000004,92.53645714285715,101.79010285714287,111.04374857142855,120.29739428571429,False,True,True,True
Horizon London Central,HHN-LON-01,HHN-LON-01_General Medicine Ward A,2025-12-31,34.458333333333336,33.524364,XGBoost,General Medicine Ward A,35,33.524364,36.8768004,40.229236799999995,43.5816732,95.78389714285714,105.36228685714286,114.94067657142857,124.51906628571427,False,True,True,True
Horizon Birmingham,HHN-BIR-01,HHN-BIR-01_General Medicine Ward B,2025-12-02,15.875,15.568454,XGBoost,General Medicine Ward B,16,15.568454,17.1252994,18.6821448,20.2389902,97.3028375,107.03312125,116.76340499999999,126.49368875,False,True,True,True
Horizon Birmingham,HHN-BIR-01,HHN-BIR-01_General Medicine Ward B,2025-12-03,15.125,15.45412,XGBoost,General Medicine Ward B,16,15.45412,16.999532000000002,18.544943999999997,20.090356,96.58825,106.24707500000001,115.90589999999999,125.564725,False,True,True,True
Horizon Birmingham,HHN-BIR-01,HHN-BIR-01_General Medicine Ward B,2025-12-04,13.5,14.948869,XGBoost,General Medicine Ward B,16,14.948869,16.443755900000003,17.9386428,19.4335297,93.43043125,102.77347437500002,112.1165175,121.45956062500001,False,True,True,True
Horizon Birmingham,HHN-BIR-01,HHN-BIR-01_General Medicine Ward B,2025-12-05,11.666666666666666,14.023061,XGBoost,General Medicine Ward B,16,14.023061,15.4253671,16.8276732,18.2299793,87.64413125,96.408544375,105.1729575,113.937370625,False,False,True,True
Horizon Birmingham,HHN-BIR-01,HHN-BIR-01_General Medicine Ward B,2025-12-06,12.5,13.944588,XGBoost,General Medicine Ward B,16,13.944588,15.3390468,16.733505599999997,18.1279644,87.15367499999999,95.8690425,104.58440999999998,113.2997775,False,False,True,True
Horizon Birmingham,HHN-BIR-01,HHN-BIR-01_General Medicine Ward B,2025-12-07,13.5,13.375462,XGBoost,General Medicine Ward B,16,13.375462,14.713008200000003,16.0505544,17.3881006,83.5966375,91.95630125000001,100.31596499999999,108.67562875000002,False,False,True,True
Horizon Birmingham,HHN-BIR-01,HHN-BIR-01_General Medicine Ward B,2025-12-08,13.25,12.948716,XGBoost,General Medicine Ward B,16,12.948716,14.2435876,15.538459199999998,16.8333308,80.929475,89.0224225,97.11536999999998,105.20831749999999,False,False,False,True
Horizon Birmingham,HHN-BIR-01,HHN-BIR-01_General Medicine Ward B,2025-12-09,12.291666666666666,12.169617,XGBoost,General Medicine Ward B,16,12.169617,13.386578700000001,14.6035404,15.8205021,76.06010625,83.666116875,91.2721275,98.878138125,False,False,False,False
Horizon Birmingham,HHN-BIR-01,HHN-BIR-01_General Medicine Ward B,2025-12-10,12.291666666666666,12.531508,XGBoost,General Medicine Ward B,16,12.531508,13.784658800000003,15.0378096,16.290960400000003,78.32192500000001,86.15411750000001,93.98630999999999,101.81850250000002,False,False,False,True
Horizon Birmingham,HHN-BIR-01,HHN-BIR-01_General Medicine Ward B,2025-12-11,13.333333333333334,14.286035,XGBoost,General Medicine Ward B,16,14.286035,15.714638500000001,17.143242,18.571845500000002,89.28771875,98.216490625,107.1452625,116.07403437500001,False,False,True,True
Horizon Birmingham,HHN-BIR-01,HHN-BIR-01_General Medicine Ward B,2025-12-12,15.541666666666666,13.797539,XGBoost,General Medicine Ward B,16,13.797539,15.177292900000001,16.5570468,17.936800700000003,86.23461875000001,94.85808062500001,103.48154249999999,112.10500437500002,False,False,True,True
Horizon Birmingham,HHN-BIR-01,HHN-BIR-01_General Medicine Ward B,2025-12-13,14.916666666666666,14.325453,XGBoost,General Medicine Ward B,16,14.325453,15.7579983,17.190543599999998,18.6230889,89.53408125,98.48748937500001,107.44089749999999,116.39430562499999,False,False,True,True
Horizon Birmingham,HHN-BIR-01,HHN-BIR-01_General Medicine Ward B,2025-12-14,13.416666666666666,14.532761,XGBoost,General Medicine Ward B,16,14.532761,15.986037100000003,17.4393132,18.8925893,90.82975625,99.91273187500002,108.99570750000001,118.07868312500001,False,False,True,True
Horizon Birmingham,HHN-BIR-01,HHN-BIR-01_General Medicine Ward B,2025-12-15,13.666666666666666,14.734284,XGBoost,General Medicine Ward B,16,14.734284,16.207712400000002,17.6811408,19.1545692,92.089275,101.29820250000002,110.50713,119.7160575,False,True,True,True
Horizon Birmingham,HHN-BIR-01,HHN-BIR-01_General Medicine Ward B,2025-12-16,13.666666666666666,15.200929,XGBoost,General Medicine Ward B,16,15.200929,16.7210219,18.2411148,19.7612077,95.00580625,104.506386875,114.00696749999999,123.507548125,False,True,True,True
Horizon Birmingham,HHN-BIR-01,HHN-BIR-01_General Medicine Ward B,2025-12-17,13.458333333333334,15.497125,XGBoost,General Medicine Ward B,16,15.497125,17.046837500000002,18.59655,20.146262500000002,96.85703125,106.54273437500001,116.2284375,125.91414062500002,False,True,True,True
Horizon Birmingham,HHN-BIR-01,HHN-BIR-01_General Medicine Ward B,2025-12-18,15.875,14.747428,XGBoost,General Medicine Ward B,16,14.747428,16.2221708,17.6969136,19.1716564,92.171425,101.38856750000001,110.60570999999999,119.8228525,False,True,True,True
Horizon Birmingham,HHN-BIR-01,HHN-BIR-01_General Medicine Ward B,2025-12-19,15.916666666666666,14.12746,XGBoost,General Medicine Ward B,16,14.12746,15.540206000000001,16.952952,18.365698,88.29662499999999,97.1262875,105.95595,114.78561249999998,False,False,True,True
Horizon Birmingham,HHN-BIR-01,HHN-BIR-01_General Medicine Ward B,2025-12-20,15.875,13.710756,XGBoost,General Medicine Ward B,16,13.710756,15.081831600000001,16.4529072,17.8239828,85.692225,94.2614475,102.83067,111.39989249999999,False,False,True,True
Horizon Birmingham,HHN-BIR-01,HHN-BIR-01_General Medicine Ward B,2025-12-21,15.708333333333334,15.428374,XGBoost,General Medicine Ward B,16,15.428374,16.9712114,18.514048799999998,20.0568862,96.4273375,106.07007125000001,115.71280499999999,125.35553875000001,False,True,True,True
Horizon Birmingham,HHN-BIR-01,HHN-BIR-01_General Medicine Ward B,2025-12-22,15.916666666666666,15.755778,XGBoost,General Medicine Ward B,16,15.755778,17.3313558,18.9069336,20.4825114,98.4736125,108.32097375000001,118.16833499999998,128.01569625,False,True,True,True
Horizon Birmingham,HHN-BIR-01,HHN-BIR-01_General Medicine Ward B,2025-12-23,16.0,15.505872,XGBoost,General Medicine Ward B,16,15.505872,17.056459200000003,18.607046399999998,20.1576336,96.9117,106.60287000000001,116.29403999999998,125.98521000000001,False,True,True,True
Horizon Birmingham,HHN-BIR-01,HHN-BIR-01_General Medicine Ward B,2025-12-24,15.833333333333334,15.911426,XGBoost,General Medicine Ward B,16,15.911426,17.502568600000004,19.0937112,20.684853800000003,99.44641250000001,109.39105375000003,119.33569500000002,129.28033625,False,True,True,True
Horizon Birmingham,HHN-BIR-01,HHN-BIR-01_General Medicine Ward B,2025-12-25,15.583333333333334,15.790617,XGBoost,General Medicine Ward B,16,15.790617,17.3696787,18.9487404,20.5278021,98.69135625,108.56049187500001,118.4296275,128.298763125,False,True,True,True
Horizon Birmingham,HHN-BIR-01,HHN-BIR-01_General Medicine Ward B,2025-12-26,10.916666666666666,15.092468,XGBoost,General Medicine Ward B,16,15.092468,16.6017148,18.1109616,19.6202084,94.32792500000001,103.7607175,113.19351,122.6263025,False,True,True,True
Horizon Birmingham,HHN-BIR-01,HHN-BIR-01_General Medicine Ward B,2025-12-27,10.875,13.97107,XGBoost,General Medicine Ward B,16,13.97107,15.368177000000001,16.765283999999998,18.162391,87.3191875,96.05110625,104.78302499999998,113.51494375,False,False,True,True
Horizon Birmingham,HHN-BIR-01,HHN-BIR-01_General Medicine Ward B,2025-12-28,15.75,14.041485,XGBoost,General Medicine Ward B,16,14.041485,15.445633500000001,16.849781999999998,18.2539305,87.75928125,96.53520937500001,105.31113749999999,114.087065625,False,False,True,True
Horizon Birmingham,HHN-BIR-01,HHN-BIR-01_General Medicine Ward B,2025-12-29,15.708333333333334,14.927061,XGBoost,General Medicine Ward B,16,14.927061,16.4197671,17.9124732,19.4051793,93.29413125,102.62354437500001,111.95295750000001,121.282370625,False,True,True,True
Horizon Birmingham,HHN-BIR-01,HHN-BIR-01_General Medicine Ward B,2025-12-30,15.958333333333334,13.825922,XGBoost,General Medicine Ward B,16,13.825922,15.208514200000002,16.5911064,17.973698600000002,86.4120125,95.05321375000001,103.694415,112.33561625000002,False,False,True,True
Horizon Birmingham,HHN-BIR-01,HHN-BIR-01_General Medicine Ward B,2025-12-31,15.791666666666666,14.861679,XGBoost,General Medicine Ward B,16,14.861679,16.3478469,17.8340148,19.3201827,92.88549375000001,102.174043125,111.46259249999999,120.751141875,False,True,True,True
Horizon London Riverside,HHN-LON-02,HHN-LON-02_General Medicine Ward B,2025-12-02,17.541666666666668,17.253262,XGBoost,General Medicine Ward B,18,17.253262,18.9785882,20.7039144,22.4292406,95.85145555555556,105.4366011111111,115.02174666666667,124.60689222222223,False,True,True,True
Horizon London Riverside,HHN-LON-02,HHN-LON-02_General Medicine Ward B,2025-12-03,17.916666666666668,17.237164,XGBoost,General Medicine Ward B,18,17.237164,18.9608804,20.684596799999998,22.408313200000002,95.76202222222221,105.33822444444445,114.91442666666664,124.4906288888889,False,True,True,True
Horizon London Riverside,HHN-LON-02,HHN-LON-02_General Medicine Ward B,2025-12-04,18.0,17.16049,XGBoost,General Medicine Ward B,18,17.16049,18.876539,20.592588,22.308637,95.33605555555556,104.86966111111111,114.40326666666667,123.93687222222223,False,True,True,True
Horizon London Riverside,HHN-LON-02,HHN-LON-02_General Medicine Ward B,2025-12-05,17.916666666666668,17.468653,XGBoost,General Medicine Ward B,18,17.468653,19.215518300000003,20.9623836,22.709248900000002,97.04807222222223,106.75287944444447,116.45768666666667,126.16249388888889,False,True,True,True
Horizon London Riverside,HHN-LON-02,HHN-LON-02_General Medicine Ward B,2025-12-06,17.791666666666668,17.151749,XGBoost,General Medicine Ward B,18,17.151749,18.8669239,20.582098799999997,22.297273699999998,95.28749444444445,104.81624388888888,114.34499333333332,123.87374277777776,False,True,True,True
Horizon London Riverside,HHN-LON-02,HHN-LON-02_General Medicine Ward B,2025-12-07,17.791666666666668,17.292477,XGBoost,General Medicine Ward B,18,17.292477,19.021724700000004,20.750972400000002,22.480220100000004,96.06931666666667,105.67624833333336,115.28318000000002,124.89011166666668,False,True,True,True
Horizon London Riverside,HHN-LON-02,HHN-LON-02_General Medicine Ward B,2025-12-08,17.791666666666668,17.864275,XGBoost,General Medicine Ward B,18,17.864275,19.6507025,21.43713,23.2235575,99.24597222222222,109.17056944444445,119.09516666666666,129.01976388888886,False,True,True,True
Horizon London Riverside,HHN-LON-02,HHN-LON-02_General Medicine Ward B,2025-12-09,17.958333333333332,17.84071,XGBoost,General Medicine Ward B,18,17.84071,19.624781000000002,21.408852,23.192923000000004,99.11505555555557,109.02656111111114,118.93806666666666,128.84957222222224,False,True,True,True
Horizon London Riverside,HHN-LON-02,HHN-LON-02_General Medicine Ward B,2025-12-10,17.791666666666668,17.717978,XGBoost,General Medicine Ward B,18,17.717978,19.4897758,21.2615736,23.0333714,98.4332111111111,108.27653222222222,118.11985333333332,127.96317444444445,False,True,True,True
Horizon London Riverside,HHN-LON-02,HHN-LON-02_General Medicine Ward B,2025-12-11,17.875,17.830288,XGBoost,General Medicine Ward B,18,17.830288,19.6133168,21.3963456,23.1793744,99.05715555555555,108.96287111111111,118.86858666666666,128.77430222222222,False,True,True,True
Horizon London Riverside,HHN-LON-02,HHN-LON-02_General Medicine Ward B,2025-12-12,17.791666666666668,17.815279,XGBoost,General Medicine Ward B,18,17.815279,19.5968069,21.3783348,23.1598627,98.97377222222222,108.87114944444446,118.76852666666666,128.6659038888889,False,True,True,True
Horizon London Riverside,HHN-LON-02,HHN-LON-02_General Medicine Ward B,2025-12-13,17.833333333333332,17.82965,XGBoost,General Medicine Ward B,18,17.82965,19.612615,21.39558,23.178545000000003,99.05361111111112,108.95897222222224,118.86433333333332,128.76969444444447,False,True,True,True
Horizon London Riverside,HHN-LON-02,HHN-LON-02_General Medicine Ward B,2025-12-14,17.833333333333332,17.835651,XGBoost,General Medicine Ward B,18,17.835651,19.6192161,21.402781199999996,23.1863463,99.08695,108.99564499999998,118.90433999999999,128.813035,False,True,True,True
Horizon London Riverside,HHN-LON-02,HHN-LON-02_General Medicine Ward B,2025-12-15,17.958333333333332,17.7404,XGBoost,General Medicine Ward B,18,17.7404,19.514440000000004,21.28848,23.062520000000003,98.55777777777779,108.41355555555559,118.26933333333334,128.12511111111112,False,True,True,True
Horizon London Riverside,HHN-LON-02,HHN-LON-02_General Medicine Ward B,2025-12-16,17.916666666666668,17.7636,XGBoost,General Medicine Ward B,18,17.7636,19.53996,21.31632,23.09268,98.68666666666667,108.55533333333334,118.42399999999999,128.2926666666667,False,True,True,True
Horizon London Riverside,HHN-LON-02,HHN-LON-02_General Medicine Ward B,2025-12-17,17.666666666666668,17.860113,XGBoost,General Medicine Ward B,18,17.860113,19.6461243,21.4321356,23.218146899999997,99.22285,109.14513500000001,119.06741999999998,128.989705,False,True,True,True
Horizon London Riverside,HHN-LON-02,HHN-LON-02_General Medicine Ward B,2025-12-18,17.958333333333332,17.832285,XGBoost,General Medicine Ward B,18,17.832285,19.6155135,21.398742,23.1819705,99.06824999999999,108.97507499999999,118.88189999999999,128.78872499999997,False,True,True,True
Horizon London Riverside,HHN-LON-02,HHN-LON-02_General Medicine Ward B,2025-12-19,18.0,17.88996,XGBoost,General Medicine Ward B,18,17.88996,19.678956,21.467951999999997,23.256947999999998,99.38866666666667,109.32753333333334,119.26639999999998,129.20526666666666,False,True,True,True
Horizon London Riverside,HHN-LON-02,HHN-LON-02_General Medicine Ward B,2025-12-20,17.583333333333332,17.771343,XGBoost,General Medicine Ward B,18,17.771343,19.548477300000002,21.325611600000002,23.102745900000002,98.72968333333334,108.60265166666667,118.47562,128.34858833333334,False,True,True,True
Horizon London Riverside,HHN-LON-02,HHN-LON-02_General Medicine Ward B,2025-12-21,17.833333333333332,17.672762,XGBoost,General Medicine Ward B,18,17.672762,19.4400382,21.207314399999998,22.9745906,98.1820111111111,108.00021222222223,117.81841333333331,127.63661444444443,False,True,True,True
Horizon London Riverside,HHN-LON-02,HHN-LON-02_General Medicine Ward B,2025-12-22,17.875,17.601294,XGBoost,General Medicine Ward B,18,17.601294,19.3614234,21.1215528,22.8816822,97.78496666666666,107.56346333333333,117.34195999999999,127.12045666666667,False,True,True,True
Horizon London Riverside,HHN-LON-02,HHN-LON-02_General Medicine Ward B,2025-12-23,18.0,17.741215,XGBoost,General Medicine Ward B,18,17.741215,19.515336500000004,21.289458,23.063579500000003,98.56230555555557,108.41853611111114,118.27476666666668,128.13099722222222,False,True,True,True
Horizon London Riverside,HHN-LON-02,HHN-LON-02_General Medicine Ward B,2025-12-24,16.208333333333332,17.32377,XGBoost,General Medicine Ward B,18,17.32377,19.056147000000003,20.788524,22.520901000000002,96.24316666666667,105.86748333333335,115.49179999999998,125.11611666666668,False,True,True,True
Horizon London Riverside,HHN-LON-02,HHN-LON-02_General Medicine Ward B,2025-12-25,17.833333333333332,17.347952,XGBoost,General Medicine Ward B,18,17.347952,19.0827472,20.817542399999997,22.5523376,96.3775111111111,106.01526222222222,115.6530133333333,125.29076444444445,False,True,True,True
Horizon London Riverside,HHN-LON-02,HHN-LON-02_General Medicine Ward B,2025-12-26,17.833333333333332,16.869059,XGBoost,General Medicine Ward B,18,16.869059,18.555964900000003,20.2428708,21.9297767,93.71699444444445,103.08869388888891,112.46039333333333,121.83209277777777,False,True,True,True
Horizon London Riverside,HHN-LON-02,HHN-LON-02_General Medicine Ward B,2025-12-27,17.666666666666668,17.593803,XGBoost,General Medicine Ward B,18,17.593803,19.3531833,21.1125636,22.8719439,97.74335,107.517685,117.29202000000001,127.06635500000002,False,True,True,True
Horizon London Riverside,HHN-LON-02,HHN-LON-02_General Medicine Ward B,2025-12-28,17.958333333333332,17.306429,XGBoost,General Medicine Ward B,18,17.306429,19.037071900000004,20.7677148,22.498357700000003,96.14682777777779,105.76151055555559,115.37619333333333,124.99087611111112,False,True,True,True
Horizon London Riverside,HHN-LON-02,HHN-LON-02_General Medicine Ward B,2025-12-29,17.833333333333332,17.606403,XGBoost,General Medicine Ward B,18,17.606403,19.367043300000002,21.1276836,22.8883239,97.81335,107.59468500000003,117.37602,127.15735500000001,False,True,True,True
Horizon London Riverside,HHN-LON-02,HHN-LON-02_General Medicine Ward B,2025-12-30,17.791666666666668,17.637623,XGBoost,General Medicine Ward B,18,17.637623,19.401385300000005,21.1651476,22.928909900000004,97.98679444444444,107.7854738888889,117.58415333333335,127.3828327777778,False,True,True,True
Horizon London Riverside,HHN-LON-02,HHN-LON-02_General Medicine Ward B,2025-12-31,17.958333333333332,17.904076,XGBoost,General Medicine Ward B,18,17.904076,19.6944836,21.4848912,23.2752988,99.4670888888889,109.41379777777777,119.36050666666667,129.30721555555556,False,True,True,True
Horizon London Central,HHN-LON-01,HHN-LON-01_Orthopaedics Ward A,2025-12-02,24.291666666666668,22.210852,XGBoost,Orthopaedics Ward A,28,22.210852,24.4319372,26.653022399999998,28.8741076,79.32447142857143,87.25691857142857,95.1893657142857,103.12181285714286,False,False,False,True
Horizon London Central,HHN-LON-01,HHN-LON-01_Orthopaedics Ward A,2025-12-03,26.58333333333333,21.379564,XGBoost,Orthopaedics Ward A,28,21.379564,23.5175204,25.6554768,27.7934332,76.35558571428571,83.99114428571428,91.62670285714285,99.26226142857143,False,False,False,False
Horizon London Central,HHN-LON-01,HHN-LON-01_Orthopaedics Ward A,2025-12-04,27.20833333333333,20.791927,XGBoost,Orthopaedics Ward A,28,20.791927,22.871119700000005,24.9503124,27.0295051,74.25688214285715,81.68257035714286,89.10825857142858,96.53394678571429,False,False,False,False
Horizon London Central,HHN-LON-01,HHN-LON-01_Orthopaedics Ward A,2025-12-05,27.58333333333333,22.553741,XGBoost,Orthopaedics Ward A,28,22.553741,24.8091151,27.064489199999997,29.319863299999998,80.54907499999999,88.6039825,96.65888999999999,104.71379749999998,False,False,False,True
Horizon London Central,HHN-LON-01,HHN-LON-01_Orthopaedics Ward A,2025-12-06,26.08333333333333,23.953594,XGBoost,Orthopaedics Ward A,28,23.953594,26.3489534,28.7443128,31.1396722,85.54855,94.103405,102.65826,111.213115,False,False,True,True
Horizon London Central,HHN-LON-01,HHN-LON-01_Orthopaedics Ward A,2025-12-07,25.916666666666668,25.374994,XGBoost,Orthopaedics Ward A,28,25.374994,27.912493400000002,30.4499928,32.987492200000005,90.62497857142857,99.68747642857144,108.74997428571429,117.81247214285717,False,False,True,True
Horizon London Central,HHN-LON-01,HHN-LON-01_Orthopaedics Ward A,2025-12-08,24.58333333333333,24.733639,XGBoost,Orthopaedics Ward A,28,24.733639,27.207002900000003,29.680366799999998,32.153730700000004,88.33442500000001,97.1678675,106.00130999999999,114.83475250000001,False,False,True,True
Horizon London Central,HHN-LON-01,HHN-LON-01_Orthopaedics Ward A,2025-12-09,23.541666666666668,25.519754,XGBoost,Orthopaedics Ward A,28,25.519754,28.071729400000002,30.6237048,33.1756802,91.14197857142857,100.25617642857144,109.37037428571428,118.48457214285715,False,True,True,True
Horizon London Central,HHN-LON-01,HHN-LON-01_Orthopaedics Ward A,2025-12-10,26.291666666666668,24.457937,XGBoost,Orthopaedics Ward A,28,24.457937,26.903730700000004,29.3495244,31.795318100000003,87.34977500000001,96.08475250000001,104.81972999999999,113.5547075,False,False,True,True
Horizon London Central,HHN-LON-01,HHN-LON-01_Orthopaedics Ward A,2025-12-11,26.08333333333333,23.594707,XGBoost,Orthopaedics Ward A,28,23.594707,25.954177700000002,28.313648399999998,30.6731191,84.26681071428571,92.6934917857143,101.12017285714285,109.54685392857144,False,False,True,True
Horizon London Central,HHN-LON-01,HHN-LON-01_Orthopaedics Ward A,2025-12-12,27.20833333333333,23.510492,XGBoost,Orthopaedics Ward A,28,23.510492,25.8615412,28.2125904,30.5636396,83.96604285714285,92.36264714285714,100.75925142857143,109.15585571428569,False,False,True,True
Horizon London Central,HHN-LON-01,HHN-LON-01_Orthopaedics Ward A,2025-12-13,27.75,24.43398,XGBoost,Orthopaedics Ward A,28,24.43398,26.877378,29.320775999999995,31.764174,87.26421428571427,95.99063571428572,104.71705714285713,113.44347857142859,False,False,True,True
Horizon London Central,HHN-LON-01,HHN-LON-01_Orthopaedics Ward A,2025-12-14,24.70833333333333,23.563848,XGBoost,Orthopaedics Ward A,28,23.563848,25.9202328,28.276617599999998,30.633002400000002,84.1566,92.57226,100.98791999999999,109.40358,False,False,True,True
Horizon London Central,HHN-LON-01,HHN-LON-01_Orthopaedics Ward A,2025-12-15,25.041666666666668,24.847252,XGBoost,Orthopaedics Ward A,28,24.847252,27.331977200000004,29.8167024,32.301427600000004,88.74018571428572,97.6142042857143,106.48822285714286,115.36224142857144,False,False,True,True
Horizon London Central,HHN-LON-01,HHN-LON-01_Orthopaedics Ward A,2025-12-16,22.70833333333333,25.401382,XGBoost,Orthopaedics Ward A,28,25.401382,27.941520200000003,30.4816584,33.0217966,90.71922142857144,99.79114357142859,108.86306571428572,117.93498785714287,False,False,True,True
Horizon London Central,HHN-LON-01,HHN-LON-01_Orthopaedics Ward A,2025-12-17,23.95833333333333,24.421112,XGBoost,Orthopaedics Ward A,28,24.421112,26.863223200000004,29.3053344,31.747445600000002,87.21825714285714,95.94008285714287,104.66190857142857,113.38373428571428,False,False,True,True
Horizon London Central,HHN-LON-01,HHN-LON-01_Orthopaedics Ward A,2025-12-18,21.041666666666668,22.684263,XGBoost,Orthopaedics Ward A,28,22.684263,24.952689300000003,27.2211156,29.489541900000003,81.015225,89.11674750000002,97.21827,105.3197925,False,False,False,True
Horizon London Central,HHN-LON-01,HHN-LON-01_Orthopaedics Ward A,2025-12-19,18.625,21.860262,XGBoost,Orthopaedics Ward A,28,21.860262,24.0462882,26.232314399999996,28.4183406,78.07236428571429,85.87960071428571,93.68683714285713,101.49407357142857,False,False,False,True
Horizon London Central,HHN-LON-01,HHN-LON-01_Orthopaedics Ward A,2025-12-20,16.25,20.551508,XGBoost,Orthopaedics Ward A,28,20.551508,22.6066588,24.661809599999998,26.716960399999998,73.39824285714285,80.73806714285715,88.07789142857142,95.4177157142857,False,False,False,False
Horizon London Central,HHN-LON-01,HHN-LON-01_Orthopaedics Ward A,2025-12-21,16.958333333333332,20.636536,XGBoost,Orthopaedics Ward A,28,20.636536,22.7001896,24.7638432,26.8274968,73.70191428571428,81.07210571428573,88.44229714285714,95.81248857142856,False,False,False,False
Horizon London Central,HHN-LON-01,HHN-LON-01_Orthopaedics Ward A,2025-12-22,19.33333333333333,18.862782,XGBoost,Orthopaedics Ward A,28,18.862782,20.749060200000002,22.6353384,24.5216166,67.36707857142858,74.10378642857144,80.84049428571429,87.57720214285715,False,False,False,False
Horizon London Central,HHN-LON-01,HHN-LON-01_Orthopaedics Ward A,2025-12-23,19.58333333333333,21.297766,XGBoost,Orthopaedics Ward A,28,21.297766,23.427542600000002,25.5573192,27.6870958,76.06345,83.66979500000001,91.27614,98.882485,False,False,False,False
Horizon London Central,HHN-LON-01,HHN-LON-01_Orthopaedics Ward A,2025-12-24,22.58333333333333,19.859453,XGBoost,Orthopaedics Ward A,28,19.859453,21.8453983,23.831343599999997,25.817288899999998,70.92661785714284,78.01927964285714,85.11194142857141,92.20460321428571,False,False,False,False
Horizon London Central,HHN-LON-01,HHN-LON-01_Orthopaedics Ward A,2025-12-25,19.125,20.572008,XGBoost,Orthopaedics Ward A,28,20.572008,22.6292088,24.6864096,26.7436104,73.47145714285715,80.81860285714286,88.16574857142857,95.5128942857143,False,False,False,False
Horizon London Central,HHN-LON-01,HHN-LON-01_Orthopaedics Ward A,2025-12-26,19.125,20.765888,XGBoost,Orthopaedics Ward A,28,20.765888,22.842476800000004,24.9190656,26.995654400000003,74.16388571428571,81.5802742857143,88.99666285714287,96.41305142857144,False,False,False,False
Horizon London Central,HHN-LON-01,HHN-LON-01_Orthopaedics Ward A,2025-12-27,18.83333333333333,24.42035,XGBoost,Orthopaedics Ward A,28,24.42035,26.862385,29.304419999999997,31.746455,87.2155357142857,95.93708928571428,104.65864285714284,113.38019642857142,False,False,True,True
Horizon London Central,HHN-LON-01,HHN-LON-01_Orthopaedics Ward A,2025-12-28,22.58333333333333,21.779264,XGBoost,Orthopaedics Ward A,28,21.779264,23.9571904,26.135116800000002,28.313043200000003,77.78308571428572,85.56139428571429,93.33970285714287,101.11801142857144,False,False,False,True
Horizon London Central,HHN-LON-01,HHN-LON-01_Orthopaedics Ward A,2025-12-29,26.70833333333333,20.778519,XGBoost,Orthopaedics Ward A,28,20.778519,22.8563709,24.934222799999997,27.0120747,74.20899642857142,81.62989607142858,89.0507957142857,96.47169535714285,False,False,False,False
Horizon London Central,HHN-LON-01,HHN-LON-01_Orthopaedics Ward A,2025-12-30,27.95833333333333,22.313639,XGBoost,Orthopaedics Ward A,28,22.313639,24.5450029,26.776366799999998,29.0077307,79.69156785714286,87.66072464285715,95.62988142857142,103.59903821428571,False,False,False,True
Horizon London Central,HHN-LON-01,HHN-LON-01_Orthopaedics Ward A,2025-12-31,27.58333333333333,23.562382,XGBoost,Orthopaedics Ward A,28,23.562382,25.918620200000003,28.2748584,30.6310966,84.15136428571428,92.56650071428572,100.98163714285715,109.39677357142857,False,False,True,True
Horizon Birmingham,HHN-BIR-01,HHN-BIR-01_Orthopaedics Ward B,2025-12-02,10.875,10.834009,XGBoost,Orthopaedics Ward B,11,10.834009,11.917409900000001,13.0008108,14.084211700000001,98.49099090909091,108.34009,118.1891890909091,128.0382881818182,False,True,True,True
Horizon Birmingham,HHN-BIR-01,HHN-BIR-01_Orthopaedics Ward B,2025-12-03,10.958333333333334,10.978671,XGBoost,Orthopaedics Ward B,11,10.978671,12.0765381,13.1744052,14.272272300000001,99.8061,109.78671,119.76732000000001,129.74793,False,True,True,True
Horizon Birmingham,HHN-BIR-01,HHN-BIR-01_Orthopaedics Ward B,2025-12-04,11.0,10.971689,XGBoost,Orthopaedics Ward B,11,10.971689,12.068857900000001,13.1660268,14.2631957,99.74262727272728,109.71689,119.69115272727271,129.66541545454547,False,True,True,True
Horizon Birmingham,HHN-BIR-01,HHN-BIR-01_Orthopaedics Ward B,2025-12-05,10.791666666666666,10.953121,XGBoost,Orthopaedics Ward B,11,10.953121,12.0484331,13.1437452,14.239057299999999,99.57382727272727,109.53121000000002,119.48859272727273,129.44597545454545,False,True,True,True
Horizon Birmingham,HHN-BIR-01,HHN-BIR-01_Orthopaedics Ward B,2025-12-06,10.791666666666666,10.904417,XGBoost,Orthopaedics Ward B,11,10.904417,11.994858700000002,13.0853004,14.1757421,99.13106363636363,109.04417000000002,118.95727636363635,128.87038272727273,False,True,True,True
Horizon Birmingham,HHN-BIR-01,HHN-BIR-01_Orthopaedics Ward B,2025-12-07,10.916666666666666,10.802183,XGBoost,Orthopaedics Ward B,11,10.802183,11.8824013,12.962619599999998,14.0428379,98.20166363636363,108.02183000000001,117.84199636363635,127.66216272727273,False,True,True,True
Horizon Birmingham,HHN-BIR-01,HHN-BIR-01_Orthopaedics Ward B,2025-12-08,10.916666666666666,10.829664,XGBoost,Orthopaedics Ward B,11,10.829664,11.9126304,12.9955968,14.0785632,98.4514909090909,108.29663999999998,118.14178909090909,127.98693818181819,False,True,True,True
Horizon Birmingham,HHN-BIR-01,HHN-BIR-01_Orthopaedics Ward B,2025-12-09,10.833333333333334,10.855167,XGBoost,Orthopaedics Ward B,11,10.855167,11.940683700000001,13.026200399999999,14.1117171,98.68333636363637,108.55167000000002,118.42000363636362,128.2883372727273,False,True,True,True
Horizon Birmingham,HHN-BIR-01,HHN-BIR-01_Orthopaedics Ward B,2025-12-10,11.0,10.930645,XGBoost,Orthopaedics Ward B,11,10.930645,12.0237095,13.116774,14.2098385,99.3695,109.30645000000001,119.2434,129.18035,False,True,True,True
Horizon Birmingham,HHN-BIR-01,HHN-BIR-01_Orthopaedics Ward B,2025-12-11,10.916666666666666,10.927951,XGBoost,Orthopaedics Ward B,11,10.927951,12.020746100000002,13.1135412,14.2063363,99.3450090909091,109.27951000000003,119.21401090909092,129.14851181818182,False,True,True,True
Horizon Birmingham,HHN-BIR-01,HHN-BIR-01_Orthopaedics Ward B,2025-12-12,10.75,10.901324,XGBoost,Orthopaedics Ward B,11,10.901324,11.991456400000002,13.0815888,14.171721200000002,99.10294545454546,109.01324000000001,118.92353454545454,128.8338290909091,False,True,True,True
Horizon Birmingham,HHN-BIR-01,HHN-BIR-01_Orthopaedics Ward B,2025-12-13,10.833333333333334,10.87855,XGBoost,Orthopaedics Ward B,11,10.87855,11.966405000000002,13.054260000000001,14.142115,98.8959090909091,108.78550000000003,118.67509090909093,128.5646818181818,False,True,True,True
Horizon Birmingham,HHN-BIR-01,HHN-BIR-01_Orthopaedics Ward B,2025-12-14,10.833333333333334,10.750642,XGBoost,Orthopaedics Ward B,11,10.750642,11.8257062,12.900770399999999,13.975834599999999,97.73310909090908,107.50642000000002,117.2797309090909,127.0530418181818,False,True,True,True
Horizon Birmingham,HHN-BIR-01,HHN-BIR-01_Orthopaedics Ward B,2025-12-15,10.458333333333334,10.766779,XGBoost,Orthopaedics Ward B,11,10.766779,11.843456900000001,12.9201348,13.9968127,97.87980909090909,107.66779000000002,117.4557709090909,127.24375181818182,False,True,True,True
Horizon Birmingham,HHN-BIR-01,HHN-BIR-01_Orthopaedics Ward B,2025-12-16,10.875,10.795208,XGBoost,Orthopaedics Ward B,11,10.795208,11.874728800000002,12.9542496,14.033770400000002,98.13825454545454,107.95208000000001,117.76590545454546,127.57973090909091,False,True,True,True
Horizon Birmingham,HHN-BIR-01,HHN-BIR-01_Orthopaedics Ward B,2025-12-17,10.916666666666666,10.818608,XGBoost,Orthopaedics Ward B,11,10.818608,11.9004688,12.982329599999998,14.0641904,98.35098181818182,108.18608,118.02117818181816,127.85627636363637,False,True,True,True
Horizon Birmingham,HHN-BIR-01,HHN-BIR-01_Orthopaedics Ward B,2025-12-18,10.916666666666666,10.813838,XGBoost,Orthopaedics Ward B,11,10.813838,11.895221800000002,12.976605600000001,14.0579894,98.30761818181819,108.13838000000003,117.96914181818184,127.79990363636364,False,True,True,True
Horizon Birmingham,HHN-BIR-01,HHN-BIR-01_Orthopaedics Ward B,2025-12-19,11.0,10.882551,XGBoost,Orthopaedics Ward B,11,10.882551,11.9708061,13.059061199999999,14.1473163,98.9322818181818,108.82551000000001,118.71873818181817,128.61196636363636,False,True,True,True
Horizon Birmingham,HHN-BIR-01,HHN-BIR-01_Orthopaedics Ward B,2025-12-20,10.791666666666666,10.792452,XGBoost,Orthopaedics Ward B,11,10.792452,11.871697200000002,12.9509424,14.030187600000001,98.1132,107.92452000000002,117.73584000000001,127.54716000000002,False,True,True,True
Horizon Birmingham,HHN-BIR-01,HHN-BIR-01_Orthopaedics Ward B,2025-12-21,10.75,10.806816,XGBoost,Orthopaedics Ward B,11,10.806816,11.8874976,12.9681792,14.0488608,98.24378181818182,108.06815999999999,117.89253818181817,127.71691636363636,False,True,True,True
Horizon Birmingham,HHN-BIR-01,HHN-BIR-01_Orthopaedics Ward B,2025-12-22,10.916666666666666,10.768633,XGBoost,Orthopaedics Ward B,11,10.768633,11.8454963,12.922359599999998,13.9992229,97.89666363636364,107.68633000000001,117.47599636363634,127.26566272727273,False,True,True,True
Horizon Birmingham,HHN-BIR-01,HHN-BIR-01_Orthopaedics Ward B,2025-12-23,10.875,10.645977,XGBoost,Orthopaedics Ward B,11,10.645977,11.7105747,12.7751724,13.8397701,96.78160909090909,106.45976999999999,116.13793090909093,125.81609181818183,False,True,True,True
Horizon Birmingham,HHN-BIR-01,HHN-BIR-01_Orthopaedics Ward B,2025-12-24,10.958333333333334,10.661141,XGBoost,Orthopaedics Ward B,11,10.661141,11.727255100000002,12.7933692,13.8594833,96.91946363636364,106.61141000000003,116.30335636363638,125.99530272727273,False,True,True,True
Horizon Birmingham,HHN-BIR-01,HHN-BIR-01_Orthopaedics Ward B,2025-12-25,10.833333333333334,10.507062,XGBoost,Orthopaedics Ward B,11,10.507062,11.5577682,12.608474399999999,13.6591806,95.51874545454545,105.07062,114.62249454545453,124.17436909090908,False,True,True,True
Horizon Birmingham,HHN-BIR-01,HHN-BIR-01_Orthopaedics Ward B,2025-12-26,10.333333333333334,10.226645,XGBoost,Orthopaedics Ward B,11,10.226645,11.2493095,12.271973999999998,13.2946385,92.9695,102.26645,111.56339999999997,120.86035,False,True,True,True
Horizon Birmingham,HHN-BIR-01,HHN-BIR-01_Orthopaedics Ward B,2025-12-27,10.125,10.204462,XGBoost,Orthopaedics Ward B,11,10.204462,11.2249082,12.245354399999998,13.2658006,92.76783636363636,102.04462000000001,111.32140363636363,120.59818727272729,False,True,True,True
Horizon Birmingham,HHN-BIR-01,HHN-BIR-01_Orthopaedics Ward B,2025-12-28,10.333333333333334,10.271039,XGBoost,Orthopaedics Ward B,11,10.271039,11.2981429,12.3252468,13.3523507,93.37308181818182,102.71038999999999,112.04769818181819,121.38500636363636,False,True,True,True
Horizon Birmingham,HHN-BIR-01,HHN-BIR-01_Orthopaedics Ward B,2025-12-29,9.0,10.007778,XGBoost,Orthopaedics Ward B,11,10.007778,11.008555800000002,12.0093336,13.010111400000001,90.9798,100.07778,109.17576,118.27374000000002,False,True,True,True
Horizon Birmingham,HHN-BIR-01,HHN-BIR-01_Orthopaedics Ward B,2025-12-30,9.625,10.043935,XGBoost,Orthopaedics Ward B,11,10.043935,11.0483285,12.052722,13.0571155,91.3085,100.43934999999999,109.5702,118.70105,False,True,True,True
Horizon Birmingham,HHN-BIR-01,HHN-BIR-01_Orthopaedics Ward B,2025-12-31,10.875,10.040639,XGBoost,Orthopaedics Ward B,11,10.040639,11.0447029,12.048766800000001,13.052830700000001,91.27853636363636,100.40639,109.53424363636364,118.66209727272728,False,True,True,True
Horizon London Riverside,HHN-LON-02,HHN-LON-02_Orthopaedics Ward B,2025-12-02,11.958333333333334,11.896573,XGBoost,Orthopaedics Ward B,12,11.896573,13.0862303,14.275887599999999,15.465544900000001,99.13810833333334,109.05191916666668,118.96573,128.87954083333335,False,True,True,True
Horizon London Riverside,HHN-LON-02,HHN-LON-02_Orthopaedics Ward B,2025-12-03,11.958333333333334,11.9621,XGBoost,Orthopaedics Ward B,12,11.9621,13.15831,14.354519999999999,15.55073,99.68416666666667,109.65258333333334,119.621,129.58941666666666,False,True,True,True
Horizon London Riverside,HHN-LON-02,HHN-LON-02_Orthopaedics Ward B,2025-12-04,11.958333333333334,11.944336,XGBoost,Orthopaedics Ward B,12,11.944336,13.138769600000002,14.3332032,15.5276368,99.53613333333334,109.48974666666669,119.44336,129.39697333333334,False,True,True,True
Horizon London Riverside,HHN-LON-02,HHN-LON-02_Orthopaedics Ward B,2025-12-05,11.916666666666666,11.936356,XGBoost,Orthopaedics Ward B,12,11.936356,13.1299916,14.323627199999999,15.517262800000001,99.46963333333333,109.41659666666668,119.36355999999999,129.31052333333335,False,True,True,True
Horizon London Riverside,HHN-LON-02,HHN-LON-02_Orthopaedics Ward B,2025-12-06,11.875,11.920311,XGBoost,Orthopaedics Ward B,12,11.920311,13.112342100000001,14.304373199999999,15.4964043,99.335925,109.2695175,119.20311,129.1367025,False,True,True,True
Horizon London Riverside,HHN-LON-02,HHN-LON-02_Orthopaedics Ward B,2025-12-07,11.875,11.824378,XGBoost,Orthopaedics Ward B,12,11.824378,13.0068158,14.189253599999999,15.3716914,98.53648333333332,108.39013166666666,118.24378,128.09742833333334,False,True,True,True
Horizon London Riverside,HHN-LON-02,HHN-LON-02_Orthopaedics Ward B,2025-12-08,11.958333333333334,11.855023,XGBoost,Orthopaedics Ward B,12,11.855023,13.0405253,14.226027599999998,15.4115299,98.79185833333332,108.67104416666666,118.55022999999998,128.42941583333334,False,True,True,True
Horizon London Riverside,HHN-LON-02,HHN-LON-02_Orthopaedics Ward B,2025-12-09,12.0,11.940299,XGBoost,Orthopaedics Ward B,12,11.940299,13.1343289,14.328358799999998,15.5223887,99.50249166666666,109.45274083333334,119.40298999999999,129.35323916666667,False,True,True,True
Horizon London Riverside,HHN-LON-02,HHN-LON-02_Orthopaedics Ward B,2025-12-10,11.916666666666666,11.920783,XGBoost,Orthopaedics Ward B,12,11.920783,13.1128613,14.304939599999999,15.497017900000001,99.33985833333332,109.27384416666668,119.20782999999999,129.14181583333334,False,True,True,True
Horizon London Riverside,HHN-LON-02,HHN-LON-02_Orthopaedics Ward B,2025-12-11,10.791666666666666,11.492377,XGBoost,Orthopaedics Ward B,12,11.492377,12.6416147,13.790852399999999,14.940090099999999,95.76980833333333,105.34678916666667,114.92376999999998,124.50075083333331,False,True,True,True
Horizon London Riverside,HHN-LON-02,HHN-LON-02_Orthopaedics Ward B,2025-12-12,11.875,11.42535,XGBoost,Orthopaedics Ward B,12,11.42535,12.567885,13.71042,14.852955,95.21125,104.732375,114.25349999999999,123.774625,False,True,True,True
Horizon London Riverside,HHN-LON-02,HHN-LON-02_Orthopaedics Ward B,2025-12-13,10.875,11.364098,XGBoost,Orthopaedics Ward B,12,11.364098,12.500507800000001,13.6369176,14.773327400000001,94.70081666666667,104.17089833333335,113.64098,123.11106166666667,False,True,True,True
Horizon London Riverside,HHN-LON-02,HHN-LON-02_Orthopaedics Ward B,2025-12-14,11.5,11.299428,XGBoost,Orthopaedics Ward B,12,11.299428,12.429370800000001,13.559313600000001,14.689256400000001,94.1619,103.57809,112.99428,122.41047,False,True,True,True
Horizon London Riverside,HHN-LON-02,HHN-LON-02_Orthopaedics Ward B,2025-12-15,11.875,11.194562,XGBoost,Orthopaedics Ward B,12,11.194562,12.3140182,13.4334744,14.5529306,93.28801666666666,102.61681833333334,111.94561999999999,121.27442166666667,False,True,True,True
Horizon London Riverside,HHN-LON-02,HHN-LON-02_Orthopaedics Ward B,2025-12-16,11.875,11.315754,XGBoost,Orthopaedics Ward B,12,11.315754,12.447329400000001,13.5789048,14.710480200000001,94.29795,103.72774500000001,113.15754,122.58733500000001,False,True,True,True
Horizon London Riverside,HHN-LON-02,HHN-LON-02_Orthopaedics Ward B,2025-12-17,11.916666666666666,11.4625845,XGBoost,Orthopaedics Ward B,12,11.4625845,12.608842950000001,13.7551014,14.90135985,95.5215375,105.07369125000001,114.625845,124.17799875,False,True,True,True
Horizon London Riverside,HHN-LON-02,HHN-LON-02_Orthopaedics Ward B,2025-12-18,11.875,11.571261,XGBoost,Orthopaedics Ward B,12,11.571261,12.7283871,13.8855132,15.0426393,96.427175,106.06989250000001,115.71261,125.3553275,False,True,True,True
Horizon London Riverside,HHN-LON-02,HHN-LON-02_Orthopaedics Ward B,2025-12-19,11.958333333333334,11.414599,XGBoost,Orthopaedics Ward B,12,11.414599,12.556058900000002,13.697518800000001,14.838978700000002,95.12165833333334,104.63382416666668,114.14599000000001,123.65815583333335,False,True,True,True
Horizon London Riverside,HHN-LON-02,HHN-LON-02_Orthopaedics Ward B,2025-12-20,11.791666666666666,11.824687,XGBoost,Orthopaedics Ward B,12,11.824687,13.007155700000002,14.189624400000001,15.3720931,98.53905833333334,108.39296416666669,118.24687,128.10077583333336,False,True,True,True
Horizon London Riverside,HHN-LON-02,HHN-LON-02_Orthopaedics Ward B,2025-12-21,11.958333333333334,11.480823,XGBoost,Orthopaedics Ward B,12,11.480823,12.6289053,13.776987599999998,14.925069899999999,95.673525,105.2408775,114.80822999999998,124.37558249999998,False,True,True,True
Horizon London Riverside,HHN-LON-02,HHN-LON-02_Orthopaedics Ward B,2025-12-22,11.833333333333334,11.508597,XGBoost,Orthopaedics Ward B,12,11.508597,12.659456700000002,13.8103164,14.961176100000001,95.90497500000001,105.49547250000002,115.08597,124.67646750000002,False,True,True,True
Horizon London Riverside,HHN-LON-02,HHN-LON-02_Orthopaedics Ward B,2025-12-23,12.0,11.541287,XGBoost,Orthopaedics Ward B,12,11.541287,12.695415700000002,13.849544400000001,15.0036731,96.17739166666667,105.79513083333335,115.41287,125.03060916666666,False,True,True,True
Horizon London Riverside,HHN-LON-02,HHN-LON-02_Orthopaedics Ward B,2025-12-24,11.958333333333334,11.568675,XGBoost,Orthopaedics Ward B,12,11.568675,12.725542500000001,13.88241,15.0392775,96.405625,106.04618750000002,115.68674999999999,125.3273125,False,True,True,True
Horizon London Riverside,HHN-LON-02,HHN-LON-02_Orthopaedics Ward B,2025-12-25,11.958333333333334,10.699183,XGBoost,Orthopaedics Ward B,12,10.699183,11.7691013,12.839019599999999,13.9089379,89.15985833333333,98.07584416666667,106.99183,115.90781583333334,False,False,True,True
Horizon London Riverside,HHN-LON-02,HHN-LON-02_Orthopaedics Ward B,2025-12-26,11.833333333333334,10.661957,XGBoost,Orthopaedics Ward B,12,10.661957,11.7281527,12.794348399999999,13.8605441,88.84964166666666,97.73460583333335,106.61957,115.50453416666666,False,False,True,True
Horizon London Riverside,HHN-LON-02,HHN-LON-02_Orthopaedics Ward B,2025-12-27,11.875,11.52548,XGBoost,Orthopaedics Ward B,12,11.52548,12.678028000000001,13.830575999999999,14.983124,96.04566666666666,105.65023333333335,115.25479999999999,124.85936666666666,False,True,True,True
Horizon London Riverside,HHN-LON-02,HHN-LON-02_Orthopaedics Ward B,2025-12-28,11.958333333333334,11.512037,XGBoost,Orthopaedics Ward B,12,11.512037,12.663240700000001,13.8144444,14.9656481,95.93364166666666,105.52700583333335,115.12037,124.71373416666667,False,True,True,True
Horizon London Riverside,HHN-LON-02,HHN-LON-02_Orthopaedics Ward B,2025-12-29,10.416666666666666,11.320843,XGBoost,Orthopaedics Ward B,12,11.320843,12.4529273,13.5850116,14.7170959,94.34035833333333,103.77439416666667,113.20843,122.64246583333333,False,True,True,True
Horizon London Riverside,HHN-LON-02,HHN-LON-02_Orthopaedics Ward B,2025-12-30,10.583333333333334,11.082615,XGBoost,Orthopaedics Ward B,12,11.082615,12.190876500000002,13.299138000000001,14.4073995,92.355125,101.59063750000001,110.82615,120.06166250000001,False,True,True,True
Horizon London Riverside,HHN-LON-02,HHN-LON-02_Orthopaedics Ward B,2025-12-31,11.75,11.066948,XGBoost,Orthopaedics Ward B,12,11.066948,12.173642800000001,13.2803376,14.3870324,92.22456666666666,101.44702333333335,110.66948,119.89193666666667,False,True,True,True
Horizon London Central,HHN-LON-01,HHN-LON-01_Cardiology Ward,2025-12-02,24.416666666666668,28.439175140663227,SARIMAX,Cardiology Ward,38,28.439175140663227,31.283092654729554,34.12701016879587,36.9709276828622,74.8399345806927,82.32392803876198,89.80792149683123,97.29191495490052,False,False,False,False
Horizon London Central,HHN-LON-01,HHN-LON-01_Cardiology Ward,2025-12-03,20.916666666666668,29.70544846694132,SARIMAX,Cardiology Ward,38,29.70544846694132,32.67599331363545,35.646538160329584,38.617083007023716,78.17223280774031,85.98945608851434,93.80667936928837,101.6239026500624,False,False,False,True
Horizon London Central,HHN-LON-01,HHN-LON-01_Cardiology Ward,2025-12-04,24.0,30.53687413546816,SARIMAX,Cardiology Ward,38,30.53687413546816,33.59056154901498,36.64424896256179,39.69793637610861,80.36019509333727,88.396214602671,96.4322341120047,104.46825362133845,False,False,False,True
Horizon London Central,HHN-LON-01,HHN-LON-01_Cardiology Ward,2025-12-05,27.0,30.497328809142484,SARIMAX,Cardiology Ward,38,30.497328809142484,33.547061690056736,36.59679457097098,39.646527451885234,80.2561284451118,88.281741289623,96.30735413413414,104.33296697864536,False,False,False,True
Horizon London Central,HHN-LON-01,HHN-LON-01_Cardiology Ward,2025-12-06,26.20833333333333,29.205280762365565,SARIMAX,Cardiology Ward,38,29.205280762365565,32.125808838602126,35.046336914838676,37.966864991075234,76.85600200622517,84.5416022068477,92.2272024074702,99.91280260809272,False,False,False,False
Horizon London Central,HHN-LON-01,HHN-LON-01_Cardiology Ward,2025-12-07,32.5,27.03234056273454,SARIMAX,Cardiology Ward,38,27.03234056273454,29.735574619007995,32.43880867528144,35.1420427315549,71.13773832298563,78.2515121552842,85.36528598758274,92.47905981988133,False,False,False,False
Horizon London Central,HHN-LON-01,HHN-LON-01_Cardiology Ward,2025-12-08,37.208333333333336,27.56431919555979,SARIMAX,Cardiology Ward,38,27.56431919555979,30.320751115115772,33.07718303467175,35.83361495422773,72.5376820935784,79.79145030293624,87.04521851229407,94.29898672165191,False,False,False,False
Horizon London Central,HHN-LON-01,HHN-LON-01_Cardiology Ward,2025-12-09,36.458333333333336,30.61673986152875,SARIMAX,Cardiology Ward,38,30.61673986152875,33.678413847681625,36.7400878338345,39.80176181998738,80.5703680566546,88.62740486232006,96.68444166798554,104.74147847365099,False,False,False,True
Horizon London Central,HHN-LON-01,HHN-LON-01_Cardiology Ward,2025-12-10,37.958333333333336,31.60982977779069,SARIMAX,Cardiology Ward,38,31.60982977779069,34.770812755569764,37.93179573334883,41.0927787111279,83.1837625731334,91.50213883044674,99.82051508776007,108.13889134507342,False,False,False,True
Horizon London Central,HHN-LON-01,HHN-LON-01_Cardiology Ward,2025-12-11,36.083333333333336,32.185076377302174,SARIMAX,Cardiology Ward,38,32.185076377302174,35.40358401503239,38.622091652762606,41.840599290492825,84.69756941395309,93.16732635534841,101.6370832967437,110.10684023813901,False,False,True,True
Horizon London Central,HHN-LON-01,HHN-LON-01_Cardiology Ward,2025-12-12,37.375,31.920774625833587,SARIMAX,Cardiology Ward,38,31.920774625833587,35.11285208841695,38.304929551000306,41.49700701358366,84.00203848903575,92.40224233793934,100.80244618684291,109.20265003574647,False,False,True,True
Horizon London Central,HHN-LON-01,HHN-LON-01_Cardiology Ward,2025-12-13,31.20833333333333,30.436184347089004,SARIMAX,Cardiology Ward,38,30.436184347089004,33.47980278179791,36.523421216506804,39.56703965121571,80.09522196602369,88.10474416262608,96.11426635922842,104.12378855583083,False,False,False,True
Horizon London Central,HHN-LON-01,HHN-LON-01_Cardiology Ward,2025-12-14,22.58333333333333,28.088175272598697,SARIMAX,Cardiology Ward,38,28.088175272598697,30.89699279985857,33.705810327118435,36.514627854378304,73.91625071736499,81.3078757891015,88.69950086083799,96.09112593257449,False,False,False,False
Horizon London Central,HHN-LON-01,HHN-LON-01_Cardiology Ward,2025-12-15,18.666666666666668,28.47508253674193,SARIMAX,Cardiology Ward,38,28.47508253674193,31.322590790416125,34.170099044090314,37.017607297764506,74.93442772826823,82.42787050109507,89.92131327392188,97.41475604674869,False,False,False,False
Horizon London Central,HHN-LON-01,HHN-LON-01_Cardiology Ward,2025-12-16,26.916666666666668,31.39390307362276,SARIMAX,Cardiology Ward,38,31.39390307362276,34.533293380985036,37.67268368834731,40.81207399570959,82.61553440427042,90.87708784469747,99.1386412851245,107.40019472555156,False,False,False,True
Horizon London Central,HHN-LON-01,HHN-LON-01_Cardiology Ward,2025-12-17,31.041666666666668,32.26858491794312,SARIMAX,Cardiology Ward,38,32.26858491794312,35.49544340973744,38.72230190153174,41.94916039332606,84.91732873142928,93.4090616045722,101.90079447771512,110.39252735085805,False,False,True,True
Horizon London Central,HHN-LON-01,HHN-LON-01_Cardiology Ward,2025-12-18,29.875,32.739390757382324,SARIMAX,Cardiology Ward,38,32.739390757382324,36.01332983312056,39.287268908858785,42.561207984597026,86.1562914667956,94.77192061347516,103.3875497601547,112.0031789068343,False,False,True,True
Horizon London Central,HHN-LON-01,HHN-LON-01_Cardiology Ward,2025-12-19,33.916666666666664,32.38271595060854,SARIMAX,Cardiology Ward,38,32.38271595060854,35.6209875456694,38.85925914073025,42.0975307357911,85.217673554233,93.73944090965631,102.2612082650796,110.7829756205029,False,False,True,True
Horizon London Central,HHN-LON-01,HHN-LON-01_Cardiology Ward,2025-12-20,32.458333333333336,30.82200227988315,SARIMAX,Cardiology Ward,38,30.82200227988315,33.90420250787147,36.98640273585978,40.0686029638481,81.11053231548198,89.22158554703017,97.33263877857836,105.44369201012658,False,False,False,True
Horizon London Central,HHN-LON-01,HHN-LON-01_Cardiology Ward,2025-12-21,28.125,28.401241341729023,SARIMAX,Cardiology Ward,38,28.401241341729023,31.241365475901926,34.081489610074826,36.92161374424773,74.74010879402374,82.21411967342613,89.6881305528285,97.16214143223087,False,False,False,False
Horizon London Central,HHN-LON-01,HHN-LON-01_Cardiology Ward,2025-12-22,32.958333333333336,28.733010355319315,SARIMAX,Cardiology Ward,38,28.733010355319315,31.60631139085125,34.47961242638318,37.35291346191511,75.61318514557715,83.17450366013487,90.73582217469257,98.29714068925028,False,False,False,False
Horizon London Central,HHN-LON-01,HHN-LON-01_Cardiology Ward,2025-12-23,29.20833333333333,31.5972725344177,SARIMAX,Cardiology Ward,38,31.5972725344177,34.75699978785948,37.91672704130124,41.076454294743016,83.15071719583605,91.46578891541968,99.78086063500328,108.09593235458688,False,False,False,True
Horizon London Central,HHN-LON-01,HHN-LON-01_Cardiology Ward,2025-12-24,26.625,32.42301767175651,SARIMAX,Cardiology Ward,38,32.42301767175651,35.665319438932165,38.90762120610781,42.149922973283466,85.32373071514871,93.8561037866636,102.38847685817845,110.92084992969333,False,False,True,True
Horizon London Central,HHN-LON-01,HHN-LON-01_Cardiology Ward,2025-12-25,28.166666666666668,37.926158127452496,SARIMAX,Cardiology Ward,38,37.926158127452496,41.71877394019775,45.511389752942996,49.30400556568824,99.80567928276972,109.7862472110467,119.76681513932368,129.74738306760062,False,True,True,True
Horizon London Central,HHN-LON-01,HHN-LON-01_Cardiology Ward,2025-12-26,31.791666666666668,37.530777147245246,SARIMAX,Cardiology Ward,38,37.530777147245246,41.28385486196977,45.03693257669429,48.790010291418824,98.76520301906643,108.64172332097309,118.51824362287971,128.39476392478636,False,True,True,True
Horizon London Central,HHN-LON-01,HHN-LON-01_Cardiology Ward,2025-12-27,32.083333333333336,30.86539607996691,SARIMAX,Cardiology Ward,38,30.86539607996691,33.951935687963605,37.03847529596029,40.12501490395699,81.22472652622871,89.34719917885158,97.46967183147444,105.59214448409733,False,False,False,True
Horizon London Central,HHN-LON-01,HHN-LON-01_Cardiology Ward,2025-12-28,37.375,28.413340832056537,SARIMAX,Cardiology Ward,38,28.413340832056537,31.254674915262193,34.096008998467845,36.9373430816735,74.77194955804352,82.24914451384787,89.72633946965223,97.20353442545657,False,False,False,False
Horizon London Central,HHN-LON-01,HHN-LON-01_Cardiology Ward,2025-12-29,37.875,38.0,SARIMAX,Cardiology Ward,38,38.0,41.800000000000004,45.6,49.4,100.0,110.00000000000001,120.0,130.0,False,True,True,True
Horizon London Central,HHN-LON-01,HHN-LON-01_Cardiology Ward,2025-12-30,37.583333333333336,38.0,SARIMAX,Cardiology Ward,38,38.0,41.800000000000004,45.6,49.4,100.0,110.00000000000001,120.0,130.0,False,True,True,True
Horizon London Central,HHN-LON-01,HHN-LON-01_Cardiology Ward,2025-12-31,37.625,38.0,SARIMAX,Cardiology Ward,38,38.0,41.800000000000004,45.6,49.4,100.0,110.00000000000001,120.0,130.0,False,True,True,True
