hospital_id,datetime,ward,occupied_beds,staffed_beds,occupancy_rate
HHN-BIR-01,2024-01-01,General Medicine Ward A,0.4583333333333333,15.833333333333334,0.02901785714285714
HHN-BIR-01,2024-01-02,General Medicine Ward A,2.8333333333333335,15.916666666666666,0.17777777777777778
HHN-BIR-01,2024-01-03,General Medicine Ward A,6.625,15.916666666666666,0.4157986111111111
HHN-BIR-01,2024-01-04,General Medicine Ward A,9.833333333333334,15.916666666666666,0.6183035714285714
HHN-BIR-01,2024-01-05,General Medicine Ward A,13.541666666666666,15.958333333333334,0.8486111111111111
HHN-BIR-01,2024-01-06,General Medicine Ward A,14.375,15.791666666666666,0.9110863095238094
HHN-BIR-01,2024-01-07,General Medicine Ward A,15.666666666666666,15.75,0.9947916666666666
HHN-BIR-01,2024-01-08,General Medicine Ward A,15.0,15.791666666666666,0.9505208333333334
HHN-BIR-01,2024-01-09,General Medicine Ward A,15.791666666666666,15.791666666666666,1.0
HHN-BIR-01,2024-01-10,General Medicine Ward A,15.708333333333334,15.916666666666666,0.9869791666666666
HHN-BIR-01,2024-01-11,General Medicine Ward A,15.416666666666666,15.875,0.9713541666666666
HHN-BIR-01,2024-01-12,General Medicine Ward A,15.875,15.916666666666666,0.9973958333333334
HHN-BIR-01,2024-01-13,General Medicine Ward A,14.708333333333334,15.916666666666666,0.9244791666666666
HHN-BIR-01,2024-01-14,General Medicine Ward A,13.666666666666666,15.75,0.8689236111111112
HHN-BIR-01,2024-01-15,General Medicine Ward A,16.0,15.916666666666666,1.0
HHN-BIR-01,2024-01-16,General Medicine Ward A,15.958333333333334,15.958333333333334,1.0
HHN-BIR-01,2024-01-17,General Medicine Ward A,15.875,15.875,1.0
HHN-BIR-01,2024-01-18,General Medicine Ward A,15.875,15.875,1.0
HHN-BIR-01,2024-01-19,General Medicine Ward A,15.958333333333334,15.958333333333334,1.0
HHN-BIR-01,2024-01-20,General Medicine Ward A,15.625,15.708333333333334,0.9947916666666666
HHN-BIR-01,2024-01-21,General Medicine Ward A,15.916666666666666,15.916666666666666,1.0
HHN-BIR-01,2024-01-22,General Medicine Ward A,15.916666666666666,15.916666666666666,1.0
HHN-BIR-01,2024-01-23,General Medicine Ward A,15.875,15.875,1.0
HHN-BIR-01,2024-01-24,General Medicine Ward A,15.75,15.75,1.0
HHN-BIR-01,2024-01-25,General Medicine Ward A,15.166666666666666,15.791666666666666,0.9609375
HHN-BIR-01,2024-01-26,General Medicine Ward A,13.25,15.666666666666666,0.8476934523809524
HHN-BIR-01,2024-01-27,General Medicine Ward A,13.375,15.916666666666666,0.8404513888888889
HHN-BIR-01,2024-01-28,General Medicine Ward A,14.125,15.625,0.9055307539682539
HHN-BIR-01,2024-01-29,General Medicine Ward A,15.791666666666666,15.791666666666666,1.0
HHN-BIR-01,2024-01-30,General Medicine Ward A,15.833333333333334,16.0,0.9895833333333334
HHN-BIR-01,2024-01-31,General Medicine Ward A,15.833333333333334,15.833333333333334,1.0
HHN-BIR-01,2024-02-01,General Medicine Ward A,15.916666666666666,15.916666666666666,1.0
HHN-BIR-01,2024-02-02,General Medicine Ward A,15.875,15.875,1.0
HHN-BIR-01,2024-02-03,General Medicine Ward A,15.875,15.875,1.0
HHN-BIR-01,2024-02-04,General Medicine Ward A,15.625,15.625,1.0
HHN-BIR-01,2024-02-05,General Medicine Ward A,15.916666666666666,15.916666666666666,1.0
HHN-BIR-01,2024-02-06,General Medicine Ward A,15.875,15.875,1.0
HHN-BIR-01,2024-02-07,General Medicine Ward A,15.416666666666666,15.75,0.9791666666666666
HHN-BIR-01,2024-02-08,General Medicine Ward A,15.875,15.875,1.0
HHN-BIR-01,2024-02-09,General Medicine Ward A,15.291666666666666,15.833333333333334,0.9661458333333334
HHN-BIR-01,2024-02-10,General Medicine Ward A,14.666666666666666,15.75,0.9319444444444445
HHN-BIR-01,2024-02-11,General Medicine Ward A,15.666666666666666,15.666666666666666,1.0
HHN-BIR-01,2024-02-12,General Medicine Ward A,15.958333333333334,15.958333333333334,1.0
HHN-BIR-01,2024-02-13,General Medicine Ward A,15.916666666666666,15.916666666666666,1.0
HHN-BIR-01,2024-02-14,General Medicine Ward A,15.958333333333334,15.958333333333334,1.0
HHN-BIR-01,2024-02-15,General Medicine Ward A,15.75,15.75,1.0
HHN-BIR-01,2024-02-16,General Medicine Ward A,15.916666666666666,15.916666666666666,1.0
HHN-BIR-01,2024-02-17,General Medicine Ward A,15.75,15.75,1.0
HHN-BIR-01,2024-02-18,General Medicine Ward A,13.166666666666666,15.875,0.8300099206349206
HHN-BIR-01,2024-02-19,General Medicine Ward A,14.5,15.875,0.9140625
HHN-BIR-01,2024-02-20,General Medicine Ward A,11.541666666666666,15.958333333333334,0.7234375000000001
HHN-BIR-01,2024-02-21,General Medicine Ward A,14.708333333333334,15.833333333333334,0.9296875
HHN-BIR-01,2024-02-22,General Medicine Ward A,15.958333333333334,15.958333333333334,1.0
HHN-BIR-01,2024-02-23,General Medicine Ward A,15.958333333333334,15.958333333333334,1.0
HHN-BIR-01,2024-02-24,General Medicine Ward A,15.666666666666666,15.666666666666666,1.0
HHN-BIR-01,2024-02-25,General Medicine Ward A,15.875,15.875,1.0
HHN-BIR-01,2024-02-26,General Medicine Ward A,15.625,15.875,0.984375
HHN-BIR-01,2024-02-27,General Medicine Ward A,15.166666666666666,15.791666666666666,0.9605654761904762
HHN-BIR-01,2024-02-28,General Medicine Ward A,15.833333333333334,15.833333333333334,1.0
HHN-BIR-01,2024-02-29,General Medicine Ward A,15.875,15.875,1.0
HHN-BIR-01,2024-03-01,General Medicine Ward A,15.916666666666666,15.916666666666666,1.0
HHN-BIR-01,2024-03-02,General Medicine Ward A,15.916666666666666,15.916666666666666,1.0
HHN-BIR-01,2024-03-03,General Medicine Ward A,15.875,15.875,1.0
HHN-BIR-01,2024-03-04,General Medicine Ward A,14.833333333333334,15.916666666666666,0.9322916666666666
HHN-BIR-01,2024-03-05,General Medicine Ward A,11.708333333333334,16.0,0.7317708333333334
HHN-BIR-01,2024-03-06,General Medicine Ward A,14.416666666666666,15.916666666666666,0.90625
HHN-BIR-01,2024-03-07,General Medicine Ward A,15.916666666666666,15.916666666666666,1.0
HHN-BIR-01,2024-03-08,General Medicine Ward A,15.916666666666666,15.916666666666666,1.0
HHN-BIR-01,2024-03-09,General Medicine Ward A,15.916666666666666,15.916666666666666,1.0
HHN-BIR-01,2024-03-10,General Medicine Ward A,15.916666666666666,15.916666666666666,1.0
HHN-BIR-01,2024-03-11,General Medicine Ward A,15.916666666666666,15.916666666666666,1.0
HHN-BIR-01,2024-03-12,General Medicine Ward A,15.833333333333334,15.833333333333334,1.0
HHN-BIR-01,2024-03-13,General Medicine Ward A,16.0,16.0,1.0
HHN-BIR-01,2024-03-14,General Medicine Ward A,15.25,15.833333333333334,0.9635416666666666
HHN-BIR-01,2024-03-15,General Medicine Ward A,15.0,15.958333333333334,0.9401041666666666
HHN-BIR-01,2024-03-16,General Medicine Ward A,15.791666666666666,15.875,0.9947916666666666
HHN-BIR-01,2024-03-17,General Medicine Ward A,15.5,15.708333333333334,0.9869791666666666
HHN-BIR-01,2024-03-18,General Medicine Ward A,15.958333333333334,15.958333333333334,1.0
HHN-BIR-01,2024-03-19,General Medicine Ward A,14.916666666666666,15.916666666666666,0.9373263888888889
HHN-BIR-01,2024-03-20,General Medicine Ward A,12.583333333333334,16.0,0.7864583333333334
HHN-BIR-01,2024-03-21,General Medicine Ward A,11.75,16.0,0.734375
HHN-BIR-01,2024-03-22,General Medicine Ward A,13.833333333333334,16.0,0.8645833333333334
HHN-BIR-01,2024-03-23,General Medicine Ward A,12.541666666666666,15.958333333333334,0.7859375000000001
HHN-BIR-01,2024-03-24,General Medicine Ward A,14.5,15.583333333333334,0.9322916666666666
HHN-BIR-01,2024-03-25,General Medicine Ward A,15.375,15.916666666666666,0.9661458333333334
HHN-BIR-01,2024-03-26,General Medicine Ward A,15.958333333333334,15.958333333333334,1.0
HHN-BIR-01,2024-03-27,General Medicine Ward A,15.791666666666666,15.791666666666666,1.0
HHN-BIR-01,2024-03-28,General Medicine Ward A,15.916666666666666,15.916666666666666,1.0
HHN-BIR-01,2024-03-29,General Medicine Ward A,16.0,16.0,1.0
HHN-BIR-01,2024-03-30,General Medicine Ward A,15.75,15.75,1.0
HHN-BIR-01,2024-03-31,General Medicine Ward A,15.916666666666666,15.916666666666666,1.0
HHN-BIR-01,2024-04-01,General Medicine Ward A,15.75,15.75,1.0
HHN-BIR-01,2024-04-02,General Medicine Ward A,16.0,16.0,1.0
HHN-BIR-01,2024-04-03,General Medicine Ward A,15.916666666666666,15.916666666666666,1.0
HHN-BIR-01,2024-04-04,General Medicine Ward A,16.0,16.0,1.0
HHN-BIR-01,2024-04-05,General Medicine Ward A,15.916666666666666,15.916666666666666,1.0
HHN-BIR-01,2024-04-06,General Medicine Ward A,15.916666666666666,15.916666666666666,1.0
HHN-BIR-01,2024-04-07,General Medicine Ward A,16.0,16.0,1.0
HHN-BIR-01,2024-04-08,General Medicine Ward A,15.75,15.833333333333334,0.9947916666666666
HHN-BIR-01,2024-04-09,General Medicine Ward A,15.0,15.833333333333334,0.9479166666666666
HHN-BIR-01,2024-04-10,General Medicine Ward A,12.458333333333334,15.875,0.7860863095238094
HHN-BIR-01,2024-04-11,General Medicine Ward A,10.5,15.916666666666666,0.6597222222222222
HHN-BIR-01,2024-04-12,General Medicine Ward A,10.916666666666666,16.0,0.6822916666666666
HHN-BIR-01,2024-04-13,General Medicine Ward A,14.75,15.833333333333334,0.9322916666666666
HHN-BIR-01,2024-04-14,General Medicine Ward A,12.833333333333334,15.958333333333334,0.8039930555555556
HHN-BIR-01,2024-04-15,General Medicine Ward A,10.833333333333334,15.916666666666666,0.6815476190476191
HHN-BIR-01,2024-04-16,General Medicine Ward A,10.5,15.916666666666666,0.659970238095238
HHN-BIR-01,2024-04-17,General Medicine Ward A,11.208333333333334,15.916666666666666,0.7049851190476191
HHN-BIR-01,2024-04-18,General Medicine Ward A,12.625,15.916666666666666,0.7935267857142857
HHN-BIR-01,2024-04-19,General Medicine Ward A,11.375,16.0,0.7109375
HHN-BIR-01,2024-04-20,General Medicine Ward A,10.416666666666666,15.875,0.6570684523809524
HHN-BIR-01,2024-04-21,General Medicine Ward A,9.875,15.833333333333334,0.6246279761904762
HHN-BIR-01,2024-04-22,General Medicine Ward A,10.583333333333334,16.0,0.6614583333333334
HHN-BIR-01,2024-04-23,General Medicine Ward A,11.75,16.0,0.734375
HHN-BIR-01,2024-04-24,General Medicine Ward A,13.958333333333334,15.916666666666666,0.8774305555555556
HHN-BIR-01,2024-04-25,General Medicine Ward A,12.166666666666666,15.958333333333334,0.7626736111111111
HHN-BIR-01,2024-04-26,General Medicine Ward A,12.583333333333334,15.916666666666666,0.7905505952380952
HHN-BIR-01,2024-04-27,General Medicine Ward A,14.5,15.875,0.9133432539682539
HHN-BIR-01,2024-04-28,General Medicine Ward A,15.833333333333334,15.833333333333334,1.0
HHN-BIR-01,2024-04-29,General Medicine Ward A,15.958333333333334,15.958333333333334,1.0
HHN-BIR-01,2024-04-30,General Medicine Ward A,15.833333333333334,15.833333333333334,1.0
HHN-BIR-01,2024-05-01,General Medicine Ward A,15.875,15.875,1.0
HHN-BIR-01,2024-05-02,General Medicine Ward A,15.166666666666666,15.916666666666666,0.953125
HHN-BIR-01,2024-05-03,General Medicine Ward A,15.958333333333334,15.958333333333334,1.0
HHN-BIR-01,2024-05-04,General Medicine Ward A,15.875,15.875,1.0
HHN-BIR-01,2024-05-05,General Medicine Ward A,15.833333333333334,15.833333333333334,1.0
HHN-BIR-01,2024-05-06,General Medicine Ward A,16.0,16.0,1.0
HHN-BIR-01,2024-05-07,General Medicine Ward A,15.916666666666666,15.916666666666666,1.0
HHN-BIR-01,2024-05-08,General Medicine Ward A,15.875,15.916666666666666,0.9973958333333334
HHN-BIR-01,2024-05-09,General Medicine Ward A,15.916666666666666,15.916666666666666,1.0
HHN-BIR-01,2024-05-10,General Medicine Ward A,16.0,16.0,1.0
HHN-BIR-01,2024-05-11,General Medicine Ward A,15.958333333333334,15.958333333333334,1.0
HHN-BIR-01,2024-05-12,General Medicine Ward A,12.666666666666666,15.833333333333334,0.8005952380952381
HHN-BIR-01,2024-05-13,General Medicine Ward A,13.541666666666666,15.916666666666666,0.8508184523809524
HHN-BIR-01,2024-05-14,General Medicine Ward A,15.916666666666666,15.916666666666666,1.0
HHN-BIR-01,2024-05-15,General Medicine Ward A,15.916666666666666,15.916666666666666,1.0
HHN-BIR-01,2024-05-16,General Medicine Ward A,15.875,15.958333333333334,0.9947916666666666
HHN-BIR-01,2024-05-17,General Medicine Ward A,15.916666666666666,15.916666666666666,1.0
HHN-BIR-01,2024-05-18,General Medicine Ward A,15.541666666666666,15.875,0.9791666666666666
HHN-BIR-01,2024-05-19,General Medicine Ward A,13.75,15.916666666666666,0.8645833333333334
HHN-BIR-01,2024-05-20,General Medicine Ward A,9.916666666666666,15.958333333333334,0.6213541666666667
HHN-BIR-01,2024-05-21,General Medicine Ward A,11.708333333333334,16.0,0.7317708333333334
HHN-BIR-01,2024-05-22,General Medicine Ward A,11.416666666666666,15.791666666666666,0.7245287698412698
HHN-BIR-01,2024-05-23,General Medicine Ward A,14.041666666666666,15.833333333333334,0.8880208333333334
HHN-BIR-01,2024-05-24,General Medicine Ward A,12.208333333333334,15.833333333333334,0.7719494047619048
HHN-BIR-01,2024-05-25,General Medicine Ward A,14.541666666666666,15.875,0.9163194444444445
HHN-BIR-01,2024-05-26,General Medicine Ward A,13.708333333333334,15.916666666666666,0.8616071428571428
HHN-BIR-01,2024-05-27,General Medicine Ward A,14.375,16.0,0.8984375
HHN-BIR-01,2024-05-28,General Medicine Ward A,13.666666666666666,16.0,0.8541666666666666
HHN-BIR-01,2024-05-29,General Medicine Ward A,11.0,16.0,0.6875
HHN-BIR-01,2024-05-30,General Medicine Ward A,7.791666666666667,15.916666666666666,0.49032738095238093
HHN-BIR-01,2024-05-31,General Medicine Ward A,7.375,15.916666666666666,0.4635416666666667
HHN-BIR-01,2024-06-01,General Medicine Ward A,6.958333333333333,15.75,0.4427083333333333
HHN-BIR-01,2024-06-02,General Medicine Ward A,11.958333333333334,15.875,0.7530257936507936
HHN-BIR-01,2024-06-03,General Medicine Ward A,13.666666666666666,15.875,0.8616319444444445
HHN-BIR-01,2024-06-04,General Medicine Ward A,14.625,15.916666666666666,0.9192708333333334
HHN-BIR-01,2024-06-05,General Medicine Ward A,14.875,15.875,0.9371527777777778
HHN-BIR-01,2024-06-06,General Medicine Ward A,14.166666666666666,16.0,0.8854166666666666
HHN-BIR-01,2024-06-07,General Medicine Ward A,14.916666666666666,15.75,0.9479166666666666
HHN-BIR-01,2024-06-08,General Medicine Ward A,13.041666666666666,15.958333333333334,0.8173611111111111
HHN-BIR-01,2024-06-09,General Medicine Ward A,13.083333333333334,15.958333333333334,0.8199652777777778
HHN-BIR-01,2024-06-10,General Medicine Ward A,14.916666666666666,16.0,0.9322916666666666
HHN-BIR-01,2024-06-11,General Medicine Ward A,15.666666666666666,15.833333333333334,0.9895833333333334
HHN-BIR-01,2024-06-12,General Medicine Ward A,14.5,15.833333333333334,0.9166666666666666
HHN-BIR-01,2024-06-13,General Medicine Ward A,11.958333333333334,16.0,0.7473958333333334
HHN-BIR-01,2024-06-14,General Medicine Ward A,12.291666666666666,15.833333333333334,0.7767857142857143
HHN-BIR-01,2024-06-15,General Medicine Ward A,11.958333333333334,16.0,0.7473958333333334
HHN-BIR-01,2024-06-16,General Medicine Ward A,11.541666666666666,16.0,0.7213541666666666
HHN-BIR-01,2024-06-17,General Medicine Ward A,11.333333333333334,15.916666666666666,0.7127976190476191
HHN-BIR-01,2024-06-18,General Medicine Ward A,12.25,15.75,0.7782738095238094
HHN-BIR-01,2024-06-19,General Medicine Ward A,9.125,16.0,0.5703125
HHN-BIR-01,2024-06-20,General Medicine Ward A,7.458333333333333,15.916666666666666,0.4685763888888889
HHN-BIR-01,2024-06-21,General Medicine Ward A,9.333333333333334,15.916666666666666,0.5866815476190476
HHN-BIR-01,2024-06-22,General Medicine Ward A,11.708333333333334,15.875,0.7388888888888889
HHN-BIR-01,2024-06-23,General Medicine Ward A,12.958333333333334,15.916666666666666,0.8151041666666666
HHN-BIR-01,2024-06-24,General Medicine Ward A,8.166666666666666,16.0,0.5104166666666666
HHN-BIR-01,2024-06-25,General Medicine Ward A,9.375,16.0,0.5859375
HHN-BIR-01,2024-06-26,General Medicine Ward A,8.333333333333334,15.791666666666666,0.5289186507936509
HHN-BIR-01,2024-06-27,General Medicine Ward A,8.958333333333334,15.958333333333334,0.5618055555555556
HHN-BIR-01,2024-06-28,General Medicine Ward A,11.791666666666666,16.0,0.7369791666666666
HHN-BIR-01,2024-06-29,General Medicine Ward A,15.041666666666666,15.75,0.9555555555555556
HHN-BIR-01,2024-06-30,General Medicine Ward A,15.583333333333334,15.916666666666666,0.9791666666666666
HHN-BIR-01,2024-07-01,General Medicine Ward A,12.166666666666666,15.958333333333334,0.7625000000000001
HHN-BIR-01,2024-07-02,General Medicine Ward A,12.666666666666666,15.958333333333334,0.7935763888888889
HHN-BIR-01,2024-07-03,General Medicine Ward A,11.708333333333334,15.833333333333334,0.7399553571428572
HHN-BIR-01,2024-07-04,General Medicine Ward A,10.375,15.916666666666666,0.652529761904762
HHN-BIR-01,2024-07-05,General Medicine Ward A,6.958333333333333,15.916666666666666,0.4382440476190476
HHN-BIR-01,2024-07-06,General Medicine Ward A,7.25,15.875,0.4593501984126984
HHN-BIR-01,2024-07-07,General Medicine Ward A,13.541666666666666,15.916666666666666,0.8510416666666667
HHN-BIR-01,2024-07-08,General Medicine Ward A,11.75,16.0,0.734375
HHN-BIR-01,2024-07-09,General Medicine Ward A,10.041666666666666,15.875,0.6338045634920635
HHN-BIR-01,2024-07-10,General Medicine Ward A,8.375,15.916666666666666,0.5264136904761905
HHN-BIR-01,2024-07-11,General Medicine Ward A,7.708333333333333,15.958333333333334,0.4829861111111111
HHN-BIR-01,2024-07-12,General Medicine Ward A,11.625,16.0,0.7265625
HHN-BIR-01,2024-07-13,General Medicine Ward A,12.625,16.0,0.7890625
HHN-BIR-01,2024-07-14,General Medicine Ward A,11.916666666666666,15.916666666666666,0.7492559523809524
HHN-BIR-01,2024-07-15,General Medicine Ward A,11.375,15.833333333333334,0.7198660714285715
HHN-BIR-01,2024-07-16,General Medicine Ward A,10.833333333333334,15.958333333333334,0.6789930555555556
HHN-BIR-01,2024-07-17,General Medicine Ward A,9.458333333333334,16.0,0.5911458333333334
HHN-BIR-01,2024-07-18,General Medicine Ward A,8.0,16.0,0.5
HHN-BIR-01,2024-07-19,General Medicine Ward A,4.791666666666667,15.791666666666666,0.30498511904761905
HHN-BIR-01,2024-07-20,General Medicine Ward A,5.333333333333333,15.833333333333334,0.3373263888888889
HHN-BIR-01,2024-07-21,General Medicine Ward A,7.083333333333333,15.916666666666666,0.4451388888888889
HHN-BIR-01,2024-07-22,General Medicine Ward A,9.041666666666666,15.958333333333334,0.5663194444444445
HHN-BIR-01,2024-07-23,General Medicine Ward A,14.416666666666666,15.958333333333334,0.9036458333333334
HHN-BIR-01,2024-07-24,General Medicine Ward A,15.916666666666666,15.916666666666666,1.0
HHN-BIR-01,2024-07-25,General Medicine Ward A,15.958333333333334,15.958333333333334,1.0
HHN-BIR-01,2024-07-26,General Medicine Ward A,14.416666666666666,15.875,0.9088541666666666
HHN-BIR-01,2024-07-27,General Medicine Ward A,14.833333333333334,15.916666666666666,0.9322916666666666
HHN-BIR-01,2024-07-28,General Medicine Ward A,15.916666666666666,15.916666666666666,1.0
HHN-BIR-01,2024-07-29,General Medicine Ward A,16.0,16.0,1.0
HHN-BIR-01,2024-07-30,General Medicine Ward A,15.083333333333334,15.916666666666666,0.9479166666666666
HHN-BIR-01,2024-07-31,General Medicine Ward A,13.25,16.0,0.828125
HHN-BIR-01,2024-08-01,General Medicine Ward A,11.708333333333334,15.916666666666666,0.7362351190476191
HHN-BIR-01,2024-08-02,General Medicine Ward A,9.375,15.958333333333334,0.5875
HHN-BIR-01,2024-08-03,General Medicine Ward A,7.833333333333333,15.875,0.4937748015873016
HHN-BIR-01,2024-08-04,General Medicine Ward A,10.375,15.75,0.660094246031746
HHN-BIR-01,2024-08-05,General Medicine Ward A,10.125,16.0,0.6328125
HHN-BIR-01,2024-08-06,General Medicine Ward A,11.625,15.916666666666666,0.7306547619047619
HHN-BIR-01,2024-08-07,General Medicine Ward A,15.25,15.916666666666666,0.9583333333333334
HHN-BIR-01,2024-08-08,General Medicine Ward A,15.791666666666666,15.916666666666666,0.9921875
HHN-BIR-01,2024-08-09,General Medicine Ward A,13.0,15.916666666666666,0.8168402777777778
HHN-BIR-01,2024-08-10,General Medicine Ward A,13.291666666666666,15.958333333333334,0.8329861111111111
HHN-BIR-01,2024-08-11,General Medicine Ward A,14.041666666666666,15.916666666666666,0.8828125
HHN-BIR-01,2024-08-12,General Medicine Ward A,15.875,15.875,1.0
HHN-BIR-01,2024-08-13,General Medicine Ward A,14.958333333333334,15.916666666666666,0.9401041666666666
HHN-BIR-01,2024-08-14,General Medicine Ward A,13.75,15.916666666666666,0.8645833333333334
HHN-BIR-01,2024-08-15,General Medicine Ward A,10.541666666666666,15.833333333333334,0.6666666666666666
HHN-BIR-01,2024-08-16,General Medicine Ward A,11.958333333333334,16.0,0.7473958333333334
HHN-BIR-01,2024-08-17,General Medicine Ward A,11.25,15.916666666666666,0.7071180555555556
HHN-BIR-01,2024-08-18,General Medicine Ward A,12.833333333333334,15.875,0.8092013888888889
HHN-BIR-01,2024-08-19,General Medicine Ward A,15.125,15.875,0.9527529761904762
HHN-BIR-01,2024-08-20,General Medicine Ward A,12.791666666666666,16.0,0.7994791666666666
HHN-BIR-01,2024-08-21,General Medicine Ward A,10.375,15.791666666666666,0.6573660714285714
HHN-BIR-01,2024-08-22,General Medicine Ward A,8.125,15.833333333333334,0.5135664682539682
HHN-BIR-01,2024-08-23,General Medicine Ward A,6.833333333333333,15.833333333333334,0.4303075396825397
HHN-BIR-01,2024-08-24,General Medicine Ward A,9.875,15.833333333333334,0.6243799603174603
HHN-BIR-01,2024-08-25,General Medicine Ward A,8.583333333333334,15.916666666666666,0.5394345238095238
HHN-BIR-01,2024-08-26,General Medicine Ward A,9.375,15.916666666666666,0.5889136904761905
HHN-BIR-01,2024-08-27,General Medicine Ward A,12.291666666666666,15.916666666666666,0.7730654761904762
HHN-BIR-01,2024-08-28,General Medicine Ward A,14.875,15.958333333333334,0.9319444444444445
HHN-BIR-01,2024-08-29,General Medicine Ward A,15.791666666666666,15.958333333333334,0.9895833333333334
HHN-BIR-01,2024-08-30,General Medicine Ward A,16.0,16.0,1.0
HHN-BIR-01,2024-08-31,General Medicine Ward A,11.416666666666666,15.708333333333334,0.729017857142857
HHN-BIR-01,2024-09-01,General Medicine Ward A,11.458333333333334,15.833333333333334,0.7246031746031746
HHN-BIR-01,2024-09-02,General Medicine Ward A,14.791666666666666,15.916666666666666,0.9296875
HHN-BIR-01,2024-09-03,General Medicine Ward A,12.958333333333334,15.833333333333334,0.8199404761904762
HHN-BIR-01,2024-09-04,General Medicine Ward A,13.083333333333334,15.875,0.8248263888888889
HHN-BIR-01,2024-09-05,General Medicine Ward A,13.916666666666666,15.958333333333334,0.8720486111111111
HHN-BIR-01,2024-09-06,General Medicine Ward A,13.125,15.916666666666666,0.8251736111111111
HHN-BIR-01,2024-09-07,General Medicine Ward A,14.333333333333334,15.791666666666666,0.9083085317460317
HHN-BIR-01,2024-09-08,General Medicine Ward A,15.5,15.916666666666666,0.9739583333333334
HHN-BIR-01,2024-09-09,General Medicine Ward A,15.875,15.916666666666666,0.9973958333333334
HHN-BIR-01,2024-09-10,General Medicine Ward A,15.333333333333334,15.833333333333334,0.96875
HHN-BIR-01,2024-09-11,General Medicine Ward A,10.416666666666666,16.0,0.6510416666666666
HHN-BIR-01,2024-09-12,General Medicine Ward A,10.208333333333334,15.916666666666666,0.6417410714285714
HHN-BIR-01,2024-09-13,General Medicine Ward A,12.125,15.958333333333334,0.7600694444444445
HHN-BIR-01,2024-09-14,General Medicine Ward A,15.791666666666666,15.916666666666666,0.9921875
HHN-BIR-01,2024-09-15,General Medicine Ward A,15.541666666666666,15.958333333333334,0.9739583333333334
HHN-BIR-01,2024-09-16,General Medicine Ward A,13.625,15.916666666666666,0.8567708333333334
HHN-BIR-01,2024-09-17,General Medicine Ward A,15.958333333333334,15.958333333333334,1.0
HHN-BIR-01,2024-09-18,General Medicine Ward A,16.0,16.0,1.0
HHN-BIR-01,2024-09-19,General Medicine Ward A,15.958333333333334,15.958333333333334,1.0
HHN-BIR-01,2024-09-20,General Medicine Ward A,15.958333333333334,15.958333333333334,1.0
HHN-BIR-01,2024-09-21,General Medicine Ward A,15.583333333333334,15.75,0.9895833333333334
HHN-BIR-01,2024-09-22,General Medicine Ward A,13.916666666666666,15.875,0.8772569444444445
HHN-BIR-01,2024-09-23,General Medicine Ward A,12.75,16.0,0.796875
HHN-BIR-01,2024-09-24,General Medicine Ward A,12.958333333333334,15.916666666666666,0.8143601190476191
HHN-BIR-01,2024-09-25,General Medicine Ward A,11.125,16.0,0.6953125
HHN-BIR-01,2024-09-26,General Medicine Ward A,7.125,16.0,0.4453125
HHN-BIR-01,2024-09-27,General Medicine Ward A,7.541666666666667,15.916666666666666,0.4739583333333333
HHN-BIR-01,2024-09-28,General Medicine Ward A,10.166666666666666,15.958333333333334,0.6369791666666667
HHN-BIR-01,2024-09-29,General Medicine Ward A,15.208333333333334,16.0,0.9505208333333334
HHN-BIR-01,2024-09-30,General Medicine Ward A,15.708333333333334,15.875,0.9895833333333334
HHN-BIR-01,2024-10-01,General Medicine Ward A,14.5,15.916666666666666,0.9114583333333334
HHN-BIR-01,2024-10-02,General Medicine Ward A,12.333333333333334,15.875,0.7775545634920635
HHN-BIR-01,2024-10-03,General Medicine Ward A,11.5,15.916666666666666,0.7232142857142857
HHN-BIR-01,2024-10-04,General Medicine Ward A,11.0,15.875,0.693328373015873
HHN-BIR-01,2024-10-05,General Medicine Ward A,10.791666666666666,15.75,0.6866071428571429
HHN-BIR-01,2024-10-06,General Medicine Ward A,15.75,15.791666666666666,0.9973958333333334
HHN-BIR-01,2024-10-07,General Medicine Ward A,16.0,16.0,1.0
HHN-BIR-01,2024-10-08,General Medicine Ward A,16.0,16.0,1.0
HHN-BIR-01,2024-10-09,General Medicine Ward A,13.875,15.833333333333334,0.8772321428571428
HHN-BIR-01,2024-10-10,General Medicine Ward A,15.916666666666666,15.916666666666666,1.0
HHN-BIR-01,2024-10-11,General Medicine Ward A,15.791666666666666,15.791666666666666,1.0
HHN-BIR-01,2024-10-12,General Medicine Ward A,15.791666666666666,15.791666666666666,1.0
HHN-BIR-01,2024-10-13,General Medicine Ward A,15.875,15.875,1.0
HHN-BIR-01,2024-10-14,General Medicine Ward A,16.0,16.0,1.0
HHN-BIR-01,2024-10-15,General Medicine Ward A,15.666666666666666,15.875,0.9869791666666666
HHN-BIR-01,2024-10-16,General Medicine Ward A,15.5,15.875,0.9765625
HHN-BIR-01,2024-10-17,General Medicine Ward A,15.833333333333334,15.833333333333334,1.0
HHN-BIR-01,2024-10-18,General Medicine Ward A,16.0,16.0,1.0
HHN-BIR-01,2024-10-19,General Medicine Ward A,15.291666666666666,15.833333333333334,0.9661458333333334
HHN-BIR-01,2024-10-20,General Medicine Ward A,10.708333333333334,15.75,0.6812251984126984
HHN-BIR-01,2024-10-21,General Medicine Ward A,13.083333333333334,15.958333333333334,0.8199652777777778
HHN-BIR-01,2024-10-22,General Medicine Ward A,15.916666666666666,15.916666666666666,1.0
HHN-BIR-01,2024-10-23,General Medicine Ward A,14.833333333333334,15.958333333333334,0.9295138888888889
HHN-BIR-01,2024-10-24,General Medicine Ward A,15.083333333333334,15.958333333333334,0.9453125
HHN-BIR-01,2024-10-25,General Medicine Ward A,15.958333333333334,16.0,0.9973958333333334
HHN-BIR-01,2024-10-26,General Medicine Ward A,15.791666666666666,15.791666666666666,1.0
HHN-BIR-01,2024-10-27,General Medicine Ward A,15.833333333333334,15.833333333333334,1.0
HHN-BIR-01,2024-10-28,General Medicine Ward A,15.833333333333334,16.0,0.9895833333333334
HHN-BIR-01,2024-10-29,General Medicine Ward A,13.958333333333334,15.916666666666666,0.8776041666666666
HHN-BIR-01,2024-10-30,General Medicine Ward A,12.083333333333334,16.0,0.7552083333333334
HHN-BIR-01,2024-10-31,General Medicine Ward A,10.458333333333334,15.875,0.6591021825396826
HHN-BIR-01,2024-11-01,General Medicine Ward A,10.708333333333334,15.708333333333334,0.6828124999999999
HHN-BIR-01,2024-11-02,General Medicine Ward A,12.916666666666666,15.916666666666666,0.8121279761904762
HHN-BIR-01,2024-11-03,General Medicine Ward A,13.208333333333334,15.791666666666666,0.8376240079365079
HHN-BIR-01,2024-11-04,General Medicine Ward A,13.125,15.916666666666666,0.8255208333333334
HHN-BIR-01,2024-11-05,General Medicine Ward A,15.583333333333334,16.0,0.9739583333333334
HHN-BIR-01,2024-11-06,General Medicine Ward A,15.625,15.958333333333334,0.9791666666666666
HHN-BIR-01,2024-11-07,General Medicine Ward A,15.375,15.916666666666666,0.9661458333333334
HHN-BIR-01,2024-11-08,General Medicine Ward A,14.708333333333334,16.0,0.9192708333333334
HHN-BIR-01,2024-11-09,General Medicine Ward A,14.5,15.916666666666666,0.9114583333333334
HHN-BIR-01,2024-11-10,General Medicine Ward A,15.625,15.625,1.0
HHN-BIR-01,2024-11-11,General Medicine Ward A,15.958333333333334,15.958333333333334,1.0
HHN-BIR-01,2024-11-12,General Medicine Ward A,14.25,15.958333333333334,0.8932291666666666
HHN-BIR-01,2024-11-13,General Medicine Ward A,11.375,16.0,0.7109375
HHN-BIR-01,2024-11-14,General Medicine Ward A,13.875,15.916666666666666,0.8723958333333334
HHN-BIR-01,2024-11-15,General Medicine Ward A,9.916666666666666,15.916666666666666,0.6234375
HHN-BIR-01,2024-11-16,General Medicine Ward A,9.333333333333334,15.875,0.5882440476190477
HHN-BIR-01,2024-11-17,General Medicine Ward A,9.375,15.916666666666666,0.589657738095238
HHN-BIR-01,2024-11-18,General Medicine Ward A,10.125,15.916666666666666,0.6372767857142857
HHN-BIR-01,2024-11-19,General Medicine Ward A,12.458333333333334,16.0,0.7786458333333334
HHN-BIR-01,2024-11-20,General Medicine Ward A,12.375,15.916666666666666,0.7782738095238094
HHN-BIR-01,2024-11-21,General Medicine Ward A,12.75,15.916666666666666,0.8017113095238094
HHN-BIR-01,2024-11-22,General Medicine Ward A,12.208333333333334,15.875,0.7697420634920635
HHN-BIR-01,2024-11-23,General Medicine Ward A,15.791666666666666,15.791666666666666,1.0
HHN-BIR-01,2024-11-24,General Medicine Ward A,15.458333333333334,15.791666666666666,0.9791666666666666
HHN-BIR-01,2024-11-25,General Medicine Ward A,14.416666666666666,15.875,0.9084821428571428
HHN-BIR-01,2024-11-26,General Medicine Ward A,14.791666666666666,15.875,0.9322916666666666
HHN-BIR-01,2024-11-27,General Medicine Ward A,14.916666666666666,16.0,0.9322916666666666
HHN-BIR-01,2024-11-28,General Medicine Ward A,12.958333333333334,15.875,0.8170138888888889
HHN-BIR-01,2024-11-29,General Medicine Ward A,15.833333333333334,15.833333333333334,1.0
HHN-BIR-01,2024-11-30,General Medicine Ward A,15.833333333333334,15.833333333333334,1.0
HHN-BIR-01,2024-12-01,General Medicine Ward A,15.625,15.625,1.0
HHN-BIR-01,2024-12-02,General Medicine Ward A,16.0,16.0,1.0
HHN-BIR-01,2024-12-03,General Medicine Ward A,13.75,16.0,0.859375
HHN-BIR-01,2024-12-04,General Medicine Ward A,12.25,15.916666666666666,0.7701388888888889
HHN-BIR-01,2024-12-05,General Medicine Ward A,15.291666666666666,15.958333333333334,0.9583333333333334
HHN-BIR-01,2024-12-06,General Medicine Ward A,15.875,15.875,1.0
HHN-BIR-01,2024-12-07,General Medicine Ward A,15.791666666666666,15.791666666666666,1.0
HHN-BIR-01,2024-12-08,General Medicine Ward A,15.583333333333334,15.583333333333334,1.0
HHN-BIR-01,2024-12-09,General Medicine Ward A,15.833333333333334,15.833333333333334,1.0
HHN-BIR-01,2024-12-10,General Medicine Ward A,15.875,15.958333333333334,0.9947916666666666
HHN-BIR-01,2024-12-11,General Medicine Ward A,15.125,16.0,0.9453125
HHN-BIR-01,2024-12-12,General Medicine Ward A,15.666666666666666,15.916666666666666,0.984375
HHN-BIR-01,2024-12-13,General Medicine Ward A,15.958333333333334,15.958333333333334,1.0
HHN-BIR-01,2024-12-14,General Medicine Ward A,15.583333333333334,15.916666666666666,0.9791666666666666
HHN-BIR-01,2024-12-15,General Medicine Ward A,15.875,15.875,1.0
HHN-BIR-01,2024-12-16,General Medicine Ward A,15.875,15.875,1.0
HHN-BIR-01,2024-12-17,General Medicine Ward A,15.916666666666666,15.916666666666666,1.0
HHN-BIR-01,2024-12-18,General Medicine Ward A,16.0,16.0,1.0
HHN-BIR-01,2024-12-19,General Medicine Ward A,15.958333333333334,15.958333333333334,1.0
HHN-BIR-01,2024-12-20,General Medicine Ward A,15.791666666666666,15.791666666666666,1.0
HHN-BIR-01,2024-12-21,General Medicine Ward A,15.708333333333334,15.708333333333334,1.0
HHN-BIR-01,2024-12-22,General Medicine Ward A,15.833333333333334,15.833333333333334,1.0
HHN-BIR-01,2024-12-23,General Medicine Ward A,15.833333333333334,15.833333333333334,1.0
HHN-BIR-01,2024-12-24,General Medicine Ward A,15.791666666666666,15.791666666666666,1.0
HHN-BIR-01,2024-12-25,General Medicine Ward A,15.916666666666666,15.916666666666666,1.0
HHN-BIR-01,2024-12-26,General Medicine Ward A,15.75,15.75,1.0
HHN-BIR-01,2024-12-27,General Medicine Ward A,15.583333333333334,16.0,0.9739583333333334
HHN-BIR-01,2024-12-28,General Medicine Ward A,15.5,15.5,1.0
HHN-BIR-01,2024-12-29,General Medicine Ward A,15.833333333333334,15.833333333333334,1.0
HHN-BIR-01,2024-12-30,General Medicine Ward A,15.833333333333334,15.833333333333334,1.0
HHN-BIR-01,2024-12-31,General Medicine Ward A,15.833333333333334,15.833333333333334,1.0
HHN-BIR-01,2025-01-01,General Medicine Ward A,15.833333333333334,15.833333333333334,1.0
HHN-BIR-01,2025-01-02,General Medicine Ward A,15.375,16.0,0.9609375
HHN-BIR-01,2025-01-03,General Medicine Ward A,12.125,15.958333333333334,0.7595486111111112
HHN-BIR-01,2025-01-04,General Medicine Ward A,15.75,15.833333333333334,0.9921875
HHN-BIR-01,2025-01-05,General Medicine Ward A,15.875,15.875,1.0
HHN-BIR-01,2025-01-06,General Medicine Ward A,15.833333333333334,15.833333333333334,1.0
HHN-BIR-01,2025-01-07,General Medicine Ward A,15.833333333333334,15.833333333333334,1.0
HHN-BIR-01,2025-01-08,General Medicine Ward A,15.791666666666666,15.916666666666666,0.9921875
HHN-BIR-01,2025-01-09,General Medicine Ward A,11.666666666666666,15.708333333333334,0.7438988095238095
HHN-BIR-01,2025-01-10,General Medicine Ward A,6.0,15.958333333333334,0.37604166666666666
HHN-BIR-01,2025-01-11,General Medicine Ward A,9.208333333333334,15.75,0.5848958333333333
HHN-BIR-01,2025-01-12,General Medicine Ward A,14.583333333333334,15.958333333333334,0.9138888888888889
HHN-BIR-01,2025-01-13,General Medicine Ward A,13.291666666666666,15.958333333333334,0.8329861111111111
HHN-BIR-01,2025-01-14,General Medicine Ward A,10.333333333333334,16.0,0.6458333333333334
HHN-BIR-01,2025-01-15,General Medicine Ward A,11.291666666666666,15.875,0.7124751984126984
HHN-BIR-01,2025-01-16,General Medicine Ward A,10.583333333333334,15.75,0.6729166666666666
HHN-BIR-01,2025-01-17,General Medicine Ward A,12.791666666666666,15.833333333333334,0.8082837301587302
HHN-BIR-01,2025-01-18,General Medicine Ward A,14.791666666666666,16.0,0.9244791666666666
HHN-BIR-01,2025-01-19,General Medicine Ward A,15.458333333333334,15.666666666666666,0.9869791666666666
HHN-BIR-01,2025-01-20,General Medicine Ward A,15.0,15.916666666666666,0.9427083333333334
HHN-BIR-01,2025-01-21,General Medicine Ward A,12.333333333333334,15.958333333333334,0.7729166666666667
HHN-BIR-01,2025-01-22,General Medicine Ward A,11.291666666666666,15.875,0.7112847222222222
HHN-BIR-01,2025-01-23,General Medicine Ward A,14.416666666666666,15.916666666666666,0.9058779761904762
HHN-BIR-01,2025-01-24,General Medicine Ward A,15.875,15.875,1.0
HHN-BIR-01,2025-01-25,General Medicine Ward A,15.708333333333334,15.708333333333334,1.0
HHN-BIR-01,2025-01-26,General Medicine Ward A,15.833333333333334,15.833333333333334,1.0
HHN-BIR-01,2025-01-27,General Medicine Ward A,15.791666666666666,15.791666666666666,1.0
HHN-BIR-01,2025-01-28,General Medicine Ward A,15.75,15.75,1.0
HHN-BIR-01,2025-01-29,General Medicine Ward A,15.875,15.875,1.0
HHN-BIR-01,2025-01-30,General Medicine Ward A,15.75,15.75,1.0
HHN-BIR-01,2025-01-31,General Medicine Ward A,15.666666666666666,15.791666666666666,0.9921875
HHN-BIR-01,2025-02-01,General Medicine Ward A,15.958333333333334,15.958333333333334,1.0
HHN-BIR-01,2025-02-02,General Medicine Ward A,15.916666666666666,15.958333333333334,0.9973958333333334
HHN-BIR-01,2025-02-03,General Medicine Ward A,15.916666666666666,15.916666666666666,1.0
HHN-BIR-01,2025-02-04,General Medicine Ward A,15.833333333333334,15.833333333333334,1.0
HHN-BIR-01,2025-02-05,General Medicine Ward A,15.875,15.875,1.0
HHN-BIR-01,2025-02-06,General Medicine Ward A,15.666666666666666,15.666666666666666,1.0
HHN-BIR-01,2025-02-07,General Medicine Ward A,15.875,15.875,1.0
HHN-BIR-01,2025-02-08,General Medicine Ward A,15.666666666666666,15.666666666666666,1.0
HHN-BIR-01,2025-02-09,General Medicine Ward A,15.875,15.875,1.0
HHN-BIR-01,2025-02-10,General Medicine Ward A,15.958333333333334,15.958333333333334,1.0
HHN-BIR-01,2025-02-11,General Medicine Ward A,15.833333333333334,15.833333333333334,1.0
HHN-BIR-01,2025-02-12,General Medicine Ward A,15.708333333333334,15.708333333333334,1.0
HHN-BIR-01,2025-02-13,General Medicine Ward A,15.916666666666666,15.916666666666666,1.0
HHN-BIR-01,2025-02-14,General Medicine Ward A,15.708333333333334,15.708333333333334,1.0
HHN-BIR-01,2025-02-15,General Medicine Ward A,15.375,15.708333333333334,0.9791666666666666
HHN-BIR-01,2025-02-16,General Medicine Ward A,15.75,15.75,1.0
HHN-BIR-01,2025-02-17,General Medicine Ward A,15.708333333333334,15.708333333333334,1.0
HHN-BIR-01,2025-02-18,General Medicine Ward A,15.708333333333334,15.708333333333334,1.0
HHN-BIR-01,2025-02-19,General Medicine Ward A,15.083333333333334,15.791666666666666,0.9557291666666666
HHN-BIR-01,2025-02-20,General Medicine Ward A,15.666666666666666,16.0,0.9791666666666666
HHN-BIR-01,2025-02-21,General Medicine Ward A,15.875,15.875,1.0
HHN-BIR-01,2025-02-22,General Medicine Ward A,15.708333333333334,15.708333333333334,1.0
HHN-BIR-01,2025-02-23,General Medicine Ward A,15.875,15.875,1.0
HHN-BIR-01,2025-02-24,General Medicine Ward A,15.875,15.875,1.0
HHN-BIR-01,2025-02-25,General Medicine Ward A,16.0,16.0,1.0
HHN-BIR-01,2025-02-26,General Medicine Ward A,15.875,15.875,1.0
HHN-BIR-01,2025-02-27,General Medicine Ward A,13.916666666666666,15.916666666666666,0.875
HHN-BIR-01,2025-02-28,General Medicine Ward A,14.916666666666666,15.875,0.9401041666666666
HHN-BIR-01,2025-03-01,General Medicine Ward A,15.916666666666666,15.916666666666666,1.0
HHN-BIR-01,2025-03-02,General Medicine Ward A,15.958333333333334,15.958333333333334,1.0
HHN-BIR-01,2025-03-03,General Medicine Ward A,15.916666666666666,15.916666666666666,1.0
HHN-BIR-01,2025-03-04,General Medicine Ward A,15.708333333333334,15.833333333333334,0.9921875
HHN-BIR-01,2025-03-05,General Medicine Ward A,13.166666666666666,16.0,0.8229166666666666
HHN-BIR-01,2025-03-06,General Medicine Ward A,13.833333333333334,15.916666666666666,0.8694196428571428
HHN-BIR-01,2025-03-07,General Medicine Ward A,12.958333333333334,16.0,0.8098958333333334
HHN-BIR-01,2025-03-08,General Medicine Ward A,14.25,15.833333333333334,0.9006696428571428
HHN-BIR-01,2025-03-09,General Medicine Ward A,13.916666666666666,15.875,0.8774305555555556
HHN-BIR-01,2025-03-10,General Medicine Ward A,12.833333333333334,15.833333333333334,0.8117559523809524
HHN-BIR-01,2025-03-11,General Medicine Ward A,10.208333333333334,15.916666666666666,0.6421130952380952
HHN-BIR-01,2025-03-12,General Medicine Ward A,13.291666666666666,15.958333333333334,0.8331597222222222
HHN-BIR-01,2025-03-13,General Medicine Ward A,14.166666666666666,15.791666666666666,0.8977182539682539
HHN-BIR-01,2025-03-14,General Medicine Ward A,15.208333333333334,15.833333333333334,0.9609375
HHN-BIR-01,2025-03-15,General Medicine Ward A,14.666666666666666,15.916666666666666,0.921875
HHN-BIR-01,2025-03-16,General Medicine Ward A,15.0,15.75,0.953125
HHN-BIR-01,2025-03-17,General Medicine Ward A,15.166666666666666,15.833333333333334,0.9583333333333334
HHN-BIR-01,2025-03-18,General Medicine Ward A,14.541666666666666,15.916666666666666,0.9136904761904762
HHN-BIR-01,2025-03-19,General Medicine Ward A,15.958333333333334,15.958333333333334,1.0
HHN-BIR-01,2025-03-20,General Medicine Ward A,15.958333333333334,15.958333333333334,1.0
HHN-BIR-01,2025-03-21,General Medicine Ward A,16.0,16.0,1.0
HHN-BIR-01,2025-03-22,General Medicine Ward A,15.75,15.75,1.0
HHN-BIR-01,2025-03-23,General Medicine Ward A,15.916666666666666,15.916666666666666,1.0
HHN-BIR-01,2025-03-24,General Medicine Ward A,15.875,15.875,1.0
HHN-BIR-01,2025-03-25,General Medicine Ward A,15.958333333333334,15.958333333333334,1.0
HHN-BIR-01,2025-03-26,General Medicine Ward A,15.0,15.916666666666666,0.9427083333333334
HHN-BIR-01,2025-03-27,General Medicine Ward A,15.875,15.958333333333334,0.9947916666666666
HHN-BIR-01,2025-03-28,General Medicine Ward A,14.125,16.0,0.8828125
HHN-BIR-01,2025-03-29,General Medicine Ward A,15.916666666666666,15.916666666666666,1.0
HHN-BIR-01,2025-03-30,General Medicine Ward A,16.0,16.0,1.0
HHN-BIR-01,2025-03-31,General Medicine Ward A,16.0,16.0,1.0
HHN-BIR-01,2025-04-01,General Medicine Ward A,16.0,16.0,1.0
HHN-BIR-01,2025-04-02,General Medicine Ward A,15.916666666666666,15.916666666666666,1.0
HHN-BIR-01,2025-04-03,General Medicine Ward A,15.875,15.875,1.0
HHN-BIR-01,2025-04-04,General Medicine Ward A,15.958333333333334,15.958333333333334,1.0
HHN-BIR-01,2025-04-05,General Medicine Ward A,15.916666666666666,15.916666666666666,1.0
HHN-BIR-01,2025-04-06,General Medicine Ward A,15.916666666666666,15.916666666666666,1.0
HHN-BIR-01,2025-04-07,General Medicine Ward A,15.208333333333334,16.0,0.9505208333333334
HHN-BIR-01,2025-04-08,General Medicine Ward A,15.875,15.875,1.0
HHN-BIR-01,2025-04-09,General Medicine Ward A,16.0,16.0,1.0
HHN-BIR-01,2025-04-10,General Medicine Ward A,15.875,15.958333333333334,0.9947916666666666
HHN-BIR-01,2025-04-11,General Medicine Ward A,15.041666666666666,15.791666666666666,0.953125
HHN-BIR-01,2025-04-12,General Medicine Ward A,15.583333333333334,15.916666666666666,0.9791666666666666
HHN-BIR-01,2025-04-13,General Medicine Ward A,15.916666666666666,15.916666666666666,1.0
HHN-BIR-01,2025-04-14,General Medicine Ward A,15.166666666666666,15.916666666666666,0.953125
HHN-BIR-01,2025-04-15,General Medicine Ward A,13.083333333333334,15.875,0.8251736111111111
HHN-BIR-01,2025-04-16,General Medicine Ward A,15.041666666666666,15.958333333333334,0.9425347222222222
HHN-BIR-01,2025-04-17,General Medicine Ward A,15.666666666666666,15.916666666666666,0.984375
HHN-BIR-01,2025-04-18,General Medicine Ward A,15.75,16.0,0.984375
HHN-BIR-01,2025-04-19,General Medicine Ward A,14.375,15.708333333333334,0.9162946428571428
HHN-BIR-01,2025-04-20,General Medicine Ward A,12.875,15.875,0.8117807539682539
HHN-BIR-01,2025-04-21,General Medicine Ward A,11.541666666666666,16.0,0.7213541666666666
HHN-BIR-01,2025-04-22,General Medicine Ward A,14.166666666666666,15.916666666666666,0.8897569444444445
HHN-BIR-01,2025-04-23,General Medicine Ward A,15.791666666666666,16.0,0.9869791666666666
HHN-BIR-01,2025-04-24,General Medicine Ward A,15.875,15.875,1.0
HHN-BIR-01,2025-04-25,General Medicine Ward A,15.791666666666666,15.875,0.9947916666666666
HHN-BIR-01,2025-04-26,General Medicine Ward A,13.125,16.0,0.8203125
HHN-BIR-01,2025-04-27,General Medicine Ward A,12.583333333333334,15.875,0.7928819444444444
HHN-BIR-01,2025-04-28,General Medicine Ward A,11.958333333333334,16.0,0.7473958333333334
HHN-BIR-01,2025-04-29,General Medicine Ward A,14.0,15.916666666666666,0.8798611111111111
HHN-BIR-01,2025-04-30,General Medicine Ward A,13.291666666666666,15.666666666666666,0.8513888888888889
HHN-BIR-01,2025-05-01,General Medicine Ward A,15.625,15.833333333333334,0.9866071428571428
HHN-BIR-01,2025-05-02,General Medicine Ward A,15.75,16.0,0.984375
HHN-BIR-01,2025-05-03,General Medicine Ward A,15.958333333333334,15.958333333333334,1.0
HHN-BIR-01,2025-05-04,General Medicine Ward A,15.041666666666666,15.833333333333334,0.9505208333333334
HHN-BIR-01,2025-05-05,General Medicine Ward A,14.375,16.0,0.8984375
HHN-BIR-01,2025-05-06,General Medicine Ward A,15.916666666666666,15.916666666666666,1.0
HHN-BIR-01,2025-05-07,General Medicine Ward A,15.916666666666666,15.916666666666666,1.0
HHN-BIR-01,2025-05-08,General Medicine Ward A,13.125,16.0,0.8203125
HHN-BIR-01,2025-05-09,General Medicine Ward A,13.916666666666666,15.916666666666666,0.875
HHN-BIR-01,2025-05-10,General Medicine Ward A,16.0,16.0,1.0
HHN-BIR-01,2025-05-11,General Medicine Ward A,15.833333333333334,15.833333333333334,1.0
HHN-BIR-01,2025-05-12,General Medicine Ward A,16.0,16.0,1.0
HHN-BIR-01,2025-05-13,General Medicine Ward A,15.875,15.875,1.0
HHN-BIR-01,2025-05-14,General Medicine Ward A,15.916666666666666,15.916666666666666,1.0
HHN-BIR-01,2025-05-15,General Medicine Ward A,14.041666666666666,15.916666666666666,0.8824404761904762
HHN-BIR-01,2025-05-16,General Medicine Ward A,12.708333333333334,16.0,0.7942708333333334
HHN-BIR-01,2025-05-17,General Medicine Ward A,12.083333333333334,15.75,0.7686011904761906
HHN-BIR-01,2025-05-18,General Medicine Ward A,13.416666666666666,16.0,0.8385416666666666
HHN-BIR-01,2025-05-19,General Medicine Ward A,15.958333333333334,15.958333333333334,1.0
HHN-BIR-01,2025-05-20,General Medicine Ward A,15.916666666666666,15.916666666666666,1.0
HHN-BIR-01,2025-05-21,General Medicine Ward A,15.958333333333334,16.0,0.9973958333333334
HHN-BIR-01,2025-05-22,General Medicine Ward A,13.875,15.875,0.875
HHN-BIR-01,2025-05-23,General Medicine Ward A,13.708333333333334,15.916666666666666,0.8612351190476191
HHN-BIR-01,2025-05-24,General Medicine Ward A,9.375,15.791666666666666,0.5945684523809524
HHN-BIR-01,2025-05-25,General Medicine Ward A,10.291666666666666,16.0,0.6432291666666666
HHN-BIR-01,2025-05-26,General Medicine Ward A,12.583333333333334,15.875,0.7937500000000001
HHN-BIR-01,2025-05-27,General Medicine Ward A,11.541666666666666,15.916666666666666,0.7261904761904762
HHN-BIR-01,2025-05-28,General Medicine Ward A,9.916666666666666,15.916666666666666,0.6238839285714286
HHN-BIR-01,2025-05-29,General Medicine Ward A,9.208333333333334,15.958333333333334,0.5769097222222223
HHN-BIR-01,2025-05-30,General Medicine Ward A,8.458333333333334,15.833333333333334,0.5351190476190476
HHN-BIR-01,2025-05-31,General Medicine Ward A,7.125,16.0,0.4453125
HHN-BIR-01,2025-06-01,General Medicine Ward A,8.208333333333334,15.958333333333334,0.5144097222222223
HHN-BIR-01,2025-06-02,General Medicine Ward A,8.625,15.916666666666666,0.5418402777777778
HHN-BIR-01,2025-06-03,General Medicine Ward A,9.458333333333334,16.0,0.5911458333333334
HHN-BIR-01,2025-06-04,General Medicine Ward A,9.708333333333334,15.875,0.6120535714285714
HHN-BIR-01,2025-06-05,General Medicine Ward A,7.208333333333333,15.875,0.4547123015873016
HHN-BIR-01,2025-06-06,General Medicine Ward A,9.083333333333334,15.958333333333334,0.5689236111111111
HHN-BIR-01,2025-06-07,General Medicine Ward A,9.958333333333334,15.833333333333334,0.6302083333333334
HHN-BIR-01,2025-06-08,General Medicine Ward A,12.375,16.0,0.7734375
HHN-BIR-01,2025-06-09,General Medicine Ward A,14.625,15.833333333333334,0.9244791666666666
HHN-BIR-01,2025-06-10,General Medicine Ward A,14.791666666666666,15.958333333333334,0.9270833333333334
HHN-BIR-01,2025-06-11,General Medicine Ward A,12.583333333333334,15.791666666666666,0.797891865079365
HHN-BIR-01,2025-06-12,General Medicine Ward A,12.708333333333334,15.833333333333334,0.8031994047619048
HHN-BIR-01,2025-06-13,General Medicine Ward A,11.833333333333334,15.833333333333334,0.7483630952380952
HHN-BIR-01,2025-06-14,General Medicine Ward A,11.333333333333334,15.791666666666666,0.7182291666666667
HHN-BIR-01,2025-06-15,General Medicine Ward A,12.375,15.916666666666666,0.7771577380952381
HHN-BIR-01,2025-06-16,General Medicine Ward A,8.666666666666666,15.916666666666666,0.5450148809523809
HHN-BIR-01,2025-06-17,General Medicine Ward A,9.208333333333334,16.0,0.5755208333333334
HHN-BIR-01,2025-06-18,General Medicine Ward A,8.791666666666666,15.958333333333334,0.5510416666666667
HHN-BIR-01,2025-06-19,General Medicine Ward A,13.125,16.0,0.8203125
HHN-BIR-01,2025-06-20,General Medicine Ward A,15.875,15.958333333333334,0.9947916666666666
HHN-BIR-01,2025-06-21,General Medicine Ward A,15.875,15.875,1.0
HHN-BIR-01,2025-06-22,General Medicine Ward A,16.0,16.0,1.0
HHN-BIR-01,2025-06-23,General Medicine Ward A,15.916666666666666,15.916666666666666,1.0
HHN-BIR-01,2025-06-24,General Medicine Ward A,15.333333333333334,15.958333333333334,0.9609375
HHN-BIR-01,2025-06-25,General Medicine Ward A,14.625,15.958333333333334,0.9164930555555556
HHN-BIR-01,2025-06-26,General Medicine Ward A,13.958333333333334,15.958333333333334,0.8748263888888889
HHN-BIR-01,2025-06-27,General Medicine Ward A,12.916666666666666,15.958333333333334,0.8095486111111111
HHN-BIR-01,2025-06-28,General Medicine Ward A,12.541666666666666,15.916666666666666,0.7883680555555556
HHN-BIR-01,2025-06-29,General Medicine Ward A,12.25,15.75,0.778720238095238
HHN-BIR-01,2025-06-30,General Medicine Ward A,11.25,15.916666666666666,0.7072172619047619
HHN-BIR-01,2025-07-01,General Medicine Ward A,11.041666666666666,15.791666666666666,0.7000248015873015
HHN-BIR-01,2025-07-02,General Medicine Ward A,10.208333333333334,15.916666666666666,0.6409970238095238
HHN-BIR-01,2025-07-03,General Medicine Ward A,9.041666666666666,15.875,0.5702132936507937
HHN-BIR-01,2025-07-04,General Medicine Ward A,13.0,16.0,0.8125
HHN-BIR-01,2025-07-05,General Medicine Ward A,14.208333333333334,15.958333333333334,0.8902777777777778
HHN-BIR-01,2025-07-06,General Medicine Ward A,14.458333333333334,15.666666666666666,0.9239335317460317
HHN-BIR-01,2025-07-07,General Medicine Ward A,14.833333333333334,15.875,0.9347222222222222
HHN-BIR-01,2025-07-08,General Medicine Ward A,14.875,16.0,0.9296875
HHN-BIR-01,2025-07-09,General Medicine Ward A,14.666666666666666,16.0,0.9166666666666666
HHN-BIR-01,2025-07-10,General Medicine Ward A,13.875,15.875,0.8733382936507937
HHN-BIR-01,2025-07-11,General Medicine Ward A,8.791666666666666,16.0,0.5494791666666666
HHN-BIR-01,2025-07-12,General Medicine Ward A,10.583333333333334,15.875,0.6663194444444445
HHN-BIR-01,2025-07-13,General Medicine Ward A,10.833333333333334,15.916666666666666,0.6815476190476191
HHN-BIR-01,2025-07-14,General Medicine Ward A,10.5,15.875,0.6622519841269842
HHN-BIR-01,2025-07-15,General Medicine Ward A,9.541666666666666,16.0,0.5963541666666666
HHN-BIR-01,2025-07-16,General Medicine Ward A,8.083333333333334,15.958333333333334,0.5067708333333333
HHN-BIR-01,2025-07-17,General Medicine Ward A,8.833333333333334,15.791666666666666,0.5605406746031746
HHN-BIR-01,2025-07-18,General Medicine Ward A,11.916666666666666,16.0,0.7447916666666666
HHN-BIR-01,2025-07-19,General Medicine Ward A,10.625,15.791666666666666,0.6734126984126984
HHN-BIR-01,2025-07-20,General Medicine Ward A,9.708333333333334,15.791666666666666,0.6157738095238096
HHN-BIR-01,2025-07-21,General Medicine Ward A,10.708333333333334,15.875,0.6749007936507936
HHN-BIR-01,2025-07-22,General Medicine Ward A,13.708333333333334,15.833333333333334,0.8659474206349206
HHN-BIR-01,2025-07-23,General Medicine Ward A,14.583333333333334,15.958333333333334,0.9140625
HHN-BIR-01,2025-07-24,General Medicine Ward A,14.75,16.0,0.921875
HHN-BIR-01,2025-07-25,General Medicine Ward A,12.083333333333334,15.833333333333334,0.7638888888888888
HHN-BIR-01,2025-07-26,General Medicine Ward A,9.916666666666666,15.75,0.6299603174603174
HHN-BIR-01,2025-07-27,General Medicine Ward A,12.375,15.958333333333334,0.7753472222222223
HHN-BIR-01,2025-07-28,General Medicine Ward A,15.833333333333334,15.833333333333334,1.0
HHN-BIR-01,2025-07-29,General Medicine Ward A,16.0,16.0,1.0
HHN-BIR-01,2025-07-30,General Medicine Ward A,15.958333333333334,15.958333333333334,1.0
HHN-BIR-01,2025-07-31,General Medicine Ward A,15.958333333333334,15.958333333333334,1.0
HHN-BIR-01,2025-08-01,General Medicine Ward A,15.916666666666666,15.958333333333334,0.9973958333333334
HHN-BIR-01,2025-08-02,General Medicine Ward A,15.708333333333334,15.791666666666666,0.9947916666666666
HHN-BIR-01,2025-08-03,General Medicine Ward A,13.333333333333334,15.875,0.8411458333333334
HHN-BIR-01,2025-08-04,General Medicine Ward A,13.25,16.0,0.828125
HHN-BIR-01,2025-08-05,General Medicine Ward A,13.916666666666666,15.833333333333334,0.8796626984126984
HHN-BIR-01,2025-08-06,General Medicine Ward A,15.958333333333334,15.916666666666666,1.0
HHN-BIR-01,2025-08-07,General Medicine Ward A,15.916666666666666,15.916666666666666,1.0
HHN-BIR-01,2025-08-08,General Medicine Ward A,16.0,16.0,1.0
HHN-BIR-01,2025-08-09,General Medicine Ward A,13.75,15.708333333333334,0.8764880952380952
HHN-BIR-01,2025-08-10,General Medicine Ward A,15.333333333333334,15.666666666666666,0.9791666666666666
HHN-BIR-01,2025-08-11,General Medicine Ward A,12.916666666666666,15.875,0.8151041666666666
HHN-BIR-01,2025-08-12,General Medicine Ward A,9.625,15.875,0.6064236111111111
HHN-BIR-01,2025-08-13,General Medicine Ward A,8.625,15.916666666666666,0.5424107142857143
HHN-BIR-01,2025-08-14,General Medicine Ward A,7.458333333333333,15.833333333333334,0.47209821428571425
HHN-BIR-01,2025-08-15,General Medicine Ward A,9.416666666666666,15.916666666666666,0.5922619047619048
HHN-BIR-01,2025-08-16,General Medicine Ward A,9.75,15.625,0.6261656746031746
HHN-BIR-01,2025-08-17,General Medicine Ward A,9.583333333333334,15.833333333333334,0.6063988095238095
HHN-BIR-01,2025-08-18,General Medicine Ward A,9.583333333333334,16.0,0.5989583333333334
HHN-BIR-01,2025-08-19,General Medicine Ward A,8.208333333333334,16.0,0.5130208333333334
HHN-BIR-01,2025-08-20,General Medicine Ward A,9.916666666666666,15.791666666666666,0.629985119047619
HHN-BIR-01,2025-08-21,General Medicine Ward A,11.333333333333334,15.833333333333334,0.7168898809523809
HHN-BIR-01,2025-08-22,General Medicine Ward A,11.75,15.958333333333334,0.7366319444444445
HHN-BIR-01,2025-08-23,General Medicine Ward A,13.916666666666666,15.583333333333334,0.8936507936507936
HHN-BIR-01,2025-08-24,General Medicine Ward A,15.75,15.75,1.0
HHN-BIR-01,2025-08-25,General Medicine Ward A,15.666666666666666,15.875,0.9869791666666666
HHN-BIR-01,2025-08-26,General Medicine Ward A,14.125,15.916666666666666,0.8880208333333334
HHN-BIR-01,2025-08-27,General Medicine Ward A,15.458333333333334,15.833333333333334,0.9762152777777778
HHN-BIR-01,2025-08-28,General Medicine Ward A,12.291666666666666,15.958333333333334,0.7704861111111111
HHN-BIR-01,2025-08-29,General Medicine Ward A,13.0,15.875,0.8190476190476191
HHN-BIR-01,2025-08-30,General Medicine Ward A,15.041666666666666,15.75,0.9557291666666666
HHN-BIR-01,2025-08-31,General Medicine Ward A,13.875,15.833333333333334,0.8767361111111112
HHN-BIR-01,2025-09-01,General Medicine Ward A,13.291666666666666,15.916666666666666,0.8354166666666667
HHN-BIR-01,2025-09-02,General Medicine Ward A,12.0,15.833333333333334,0.7585565476190476
HHN-BIR-01,2025-09-03,General Medicine Ward A,9.416666666666666,15.916666666666666,0.5918898809523809
HHN-BIR-01,2025-09-04,General Medicine Ward A,12.083333333333334,16.0,0.7552083333333334
HHN-BIR-01,2025-09-05,General Medicine Ward A,11.708333333333334,16.0,0.7317708333333334
HHN-BIR-01,2025-09-06,General Medicine Ward A,11.0,15.916666666666666,0.6915922619047619
HHN-BIR-01,2025-09-07,General Medicine Ward A,12.833333333333334,15.666666666666666,0.8210565476190476
HHN-BIR-01,2025-09-08,General Medicine Ward A,12.791666666666666,15.958333333333334,0.8015625000000001
HHN-BIR-01,2025-09-09,General Medicine Ward A,14.791666666666666,15.875,0.9322916666666666
HHN-BIR-01,2025-09-10,General Medicine Ward A,13.166666666666666,16.0,0.8229166666666666
HHN-BIR-01,2025-09-11,General Medicine Ward A,11.083333333333334,15.875,0.6988839285714286
HHN-BIR-01,2025-09-12,General Medicine Ward A,11.083333333333334,16.0,0.6927083333333334
HHN-BIR-01,2025-09-13,General Medicine Ward A,11.125,15.833333333333334,0.7030257936507937
HHN-BIR-01,2025-09-14,General Medicine Ward A,10.916666666666666,15.625,0.7001984126984127
HHN-BIR-01,2025-09-15,General Medicine Ward A,12.083333333333334,15.916666666666666,0.7600446428571428
HHN-BIR-01,2025-09-16,General Medicine Ward A,15.333333333333334,15.916666666666666,0.9635416666666666
HHN-BIR-01,2025-09-17,General Medicine Ward A,15.916666666666666,15.916666666666666,1.0
HHN-BIR-01,2025-09-18,General Medicine Ward A,14.166666666666666,15.916666666666666,0.890625
HHN-BIR-01,2025-09-19,General Medicine Ward A,14.875,15.833333333333334,0.9399305555555556
HHN-BIR-01,2025-09-20,General Medicine Ward A,15.375,15.916666666666666,0.9661458333333334
HHN-BIR-01,2025-09-21,General Medicine Ward A,15.625,15.625,1.0
HHN-BIR-01,2025-09-22,General Medicine Ward A,16.0,16.0,1.0
HHN-BIR-01,2025-09-23,General Medicine Ward A,13.583333333333334,16.0,0.8489583333333334
HHN-BIR-01,2025-09-24,General Medicine Ward A,10.541666666666666,15.916666666666666,0.6636904761904762
HHN-BIR-01,2025-09-25,General Medicine Ward A,8.958333333333334,16.0,0.5598958333333334
HHN-BIR-01,2025-09-26,General Medicine Ward A,11.0,15.958333333333334,0.6890625
HHN-BIR-01,2025-09-27,General Medicine Ward A,14.166666666666666,15.541666666666666,0.9133432539682539
HHN-BIR-01,2025-09-28,General Medicine Ward A,14.375,15.916666666666666,0.9036458333333334
HHN-BIR-01,2025-09-29,General Medicine Ward A,10.333333333333334,15.875,0.6522073412698413
HHN-BIR-01,2025-09-30,General Medicine Ward A,11.958333333333334,15.916666666666666,0.7514880952380952
HHN-BIR-01,2025-10-01,General Medicine Ward A,11.208333333333334,15.958333333333334,0.7022569444444445
HHN-BIR-01,2025-10-02,General Medicine Ward A,11.083333333333334,15.916666666666666,0.6968005952380952
HHN-BIR-01,2025-10-03,General Medicine Ward A,12.083333333333334,15.916666666666666,0.7600446428571428
HHN-BIR-01,2025-10-04,General Medicine Ward A,8.083333333333334,16.0,0.5052083333333334
HHN-BIR-01,2025-10-05,General Medicine Ward A,5.708333333333333,15.833333333333334,0.3604910714285714
HHN-BIR-01,2025-10-06,General Medicine Ward A,7.875,15.75,0.5007440476190476
HHN-BIR-01,2025-10-07,General Medicine Ward A,3.9166666666666665,16.0,0.24479166666666666
HHN-BIR-01,2025-10-08,General Medicine Ward A,6.291666666666667,15.833333333333334,0.3981398809523809
HHN-BIR-01,2025-10-09,General Medicine Ward A,11.666666666666666,15.875,0.7357390873015873
HHN-BIR-01,2025-10-10,General Medicine Ward A,10.833333333333334,15.833333333333334,0.6848214285714286
HHN-BIR-01,2025-10-11,General Medicine Ward A,7.0,15.875,0.44169146825396827
HHN-BIR-01,2025-10-12,General Medicine Ward A,8.125,15.958333333333334,0.5090277777777777
HHN-BIR-01,2025-10-13,General Medicine Ward A,12.666666666666666,15.875,0.7984375
HHN-BIR-01,2025-10-14,General Medicine Ward A,16.0,16.0,1.0
HHN-BIR-01,2025-10-15,General Medicine Ward A,15.958333333333334,15.958333333333334,1.0
HHN-BIR-01,2025-10-16,General Medicine Ward A,13.666666666666666,15.916666666666666,0.8590029761904762
HHN-BIR-01,2025-10-17,General Medicine Ward A,11.833333333333334,15.916666666666666,0.7444196428571428
HHN-BIR-01,2025-10-18,General Medicine Ward A,9.0,15.625,0.577827380952381
HHN-BIR-01,2025-10-19,General Medicine Ward A,12.0,15.791666666666666,0.761780753968254
HHN-BIR-01,2025-10-20,General Medicine Ward A,13.625,16.0,0.8515625
HHN-BIR-01,2025-10-21,General Medicine Ward A,13.5,15.916666666666666,0.8485863095238094
HHN-BIR-01,2025-10-22,General Medicine Ward A,13.333333333333334,15.833333333333334,0.8430059523809524
HHN-BIR-01,2025-10-23,General Medicine Ward A,11.125,15.916666666666666,0.6990327380952381
HHN-BIR-01,2025-10-24,General Medicine Ward A,11.625,15.916666666666666,0.7310267857142857
HHN-BIR-01,2025-10-25,General Medicine Ward A,12.625,15.916666666666666,0.7932291666666668
HHN-BIR-01,2025-10-26,General Medicine Ward A,14.791666666666666,15.916666666666666,0.9295138888888889
HHN-BIR-01,2025-10-27,General Medicine Ward A,13.083333333333334,16.0,0.8177083333333334
HHN-BIR-01,2025-10-28,General Medicine Ward A,15.125,15.916666666666666,0.9505208333333334
HHN-BIR-01,2025-10-29,General Medicine Ward A,15.916666666666666,15.916666666666666,1.0
HHN-BIR-01,2025-10-30,General Medicine Ward A,15.916666666666666,16.0,0.9947916666666666
HHN-BIR-01,2025-10-31,General Medicine Ward A,15.166666666666666,15.916666666666666,0.953125
HHN-BIR-01,2025-11-01,General Medicine Ward A,15.583333333333334,15.916666666666666,0.9791666666666666
HHN-BIR-01,2025-11-02,General Medicine Ward A,13.5,15.791666666666666,0.8556795634920635
HHN-BIR-01,2025-11-03,General Medicine Ward A,11.666666666666666,15.958333333333334,0.7312500000000001
HHN-BIR-01,2025-11-04,General Medicine Ward A,10.75,15.833333333333334,0.6800595238095238
HHN-BIR-01,2025-11-05,General Medicine Ward A,11.916666666666666,16.0,0.7447916666666666
HHN-BIR-01,2025-11-06,General Medicine Ward A,12.291666666666666,15.833333333333334,0.7779017857142857
HHN-BIR-01,2025-11-07,General Medicine Ward A,11.791666666666666,15.916666666666666,0.7416666666666667
HHN-BIR-01,2025-11-08,General Medicine Ward A,13.625,15.75,0.865749007936508
HHN-BIR-01,2025-11-09,General Medicine Ward A,11.0,15.75,0.6992311507936507
HHN-BIR-01,2025-11-10,General Medicine Ward A,11.083333333333334,15.958333333333334,0.6946180555555556
HHN-BIR-01,2025-11-11,General Medicine Ward A,14.833333333333334,15.875,0.9348958333333334
HHN-BIR-01,2025-11-12,General Medicine Ward A,15.833333333333334,15.875,0.9973958333333334
HHN-BIR-01,2025-11-13,General Medicine Ward A,15.958333333333334,15.958333333333334,1.0
HHN-BIR-01,2025-11-14,General Medicine Ward A,15.833333333333334,15.833333333333334,1.0
HHN-BIR-01,2025-11-15,General Medicine Ward A,15.958333333333334,15.958333333333334,1.0
HHN-BIR-01,2025-11-16,General Medicine Ward A,15.708333333333334,15.708333333333334,1.0
HHN-BIR-01,2025-11-17,General Medicine Ward A,15.958333333333334,15.958333333333334,1.0
HHN-BIR-01,2025-11-18,General Medicine Ward A,15.958333333333334,15.958333333333334,1.0
HHN-BIR-01,2025-11-19,General Medicine Ward A,15.833333333333334,15.833333333333334,1.0
HHN-BIR-01,2025-11-20,General Medicine Ward A,15.916666666666666,15.916666666666666,1.0
HHN-BIR-01,2025-11-21,General Medicine Ward A,15.916666666666666,15.916666666666666,1.0
HHN-BIR-01,2025-11-22,General Medicine Ward A,15.75,15.833333333333334,0.9947916666666666
HHN-BIR-01,2025-11-23,General Medicine Ward A,15.875,15.875,1.0
HHN-BIR-01,2025-11-24,General Medicine Ward A,15.875,15.875,1.0
HHN-BIR-01,2025-11-25,General Medicine Ward A,16.0,16.0,1.0
HHN-BIR-01,2025-11-26,General Medicine Ward A,16.0,16.0,1.0
HHN-BIR-01,2025-11-27,General Medicine Ward A,16.0,16.0,1.0
HHN-BIR-01,2025-11-28,General Medicine Ward A,15.958333333333334,15.958333333333334,1.0
HHN-BIR-01,2025-11-29,General Medicine Ward A,15.791666666666666,15.791666666666666,1.0
HHN-BIR-01,2025-11-30,General Medicine Ward A,15.791666666666666,15.791666666666666,1.0
HHN-BIR-01,2025-12-01,General Medicine Ward A,15.833333333333334,15.833333333333334,1.0
HHN-BIR-01,2025-12-02,General Medicine Ward A,15.875,15.875,1.0
HHN-BIR-01,2025-12-03,General Medicine Ward A,16.0,16.0,1.0
HHN-BIR-01,2025-12-04,General Medicine Ward A,15.916666666666666,15.916666666666666,1.0
HHN-BIR-01,2025-12-05,General Medicine Ward A,15.916666666666666,15.916666666666666,1.0
HHN-BIR-01,2025-12-06,General Medicine Ward A,15.875,15.875,1.0
HHN-BIR-01,2025-12-07,General Medicine Ward A,15.625,15.708333333333334,0.9947916666666666
HHN-BIR-01,2025-12-08,General Medicine Ward A,14.125,15.875,0.890625
HHN-BIR-01,2025-12-09,General Medicine Ward A,16.0,16.0,1.0
HHN-BIR-01,2025-12-10,General Medicine Ward A,15.833333333333334,15.833333333333334,1.0
HHN-BIR-01,2025-12-11,General Medicine Ward A,15.791666666666666,15.791666666666666,1.0
HHN-BIR-01,2025-12-12,General Medicine Ward A,15.958333333333334,15.958333333333334,1.0
HHN-BIR-01,2025-12-13,General Medicine Ward A,15.833333333333334,15.833333333333334,1.0
HHN-BIR-01,2025-12-14,General Medicine Ward A,15.791666666666666,15.791666666666666,1.0
HHN-BIR-01,2025-12-15,General Medicine Ward A,15.875,15.875,1.0
HHN-BIR-01,2025-12-16,General Medicine Ward A,15.916666666666666,15.916666666666666,1.0
HHN-BIR-01,2025-12-17,General Medicine Ward A,15.916666666666666,15.916666666666666,1.0
HHN-BIR-01,2025-12-18,General Medicine Ward A,15.75,15.75,1.0
HHN-BIR-01,2025-12-19,General Medicine Ward A,15.916666666666666,15.916666666666666,1.0
HHN-BIR-01,2025-12-20,General Medicine Ward A,15.625,15.625,1.0
HHN-BIR-01,2025-12-21,General Medicine Ward A,15.625,15.625,1.0
HHN-BIR-01,2025-12-22,General Medicine Ward A,14.958333333333334,15.875,0.9427083333333334
HHN-BIR-01,2025-12-23,General Medicine Ward A,15.208333333333334,15.583333333333334,0.9737847222222222
HHN-BIR-01,2025-12-24,General Medicine Ward A,15.833333333333334,15.833333333333334,1.0
HHN-BIR-01,2025-12-25,General Medicine Ward A,15.958333333333334,15.958333333333334,1.0
HHN-BIR-01,2025-12-26,General Medicine Ward A,15.791666666666666,15.75,1.0
HHN-BIR-01,2025-12-27,General Medicine Ward A,15.916666666666666,15.916666666666666,1.0
HHN-BIR-01,2025-12-28,General Medicine Ward A,15.708333333333334,15.708333333333334,1.0
HHN-BIR-01,2025-12-29,General Medicine Ward A,15.708333333333334,15.708333333333334,1.0
HHN-BIR-01,2025-12-30,General Medicine Ward A,16.0,16.0,1.0
HHN-BIR-01,2025-12-31,General Medicine Ward A,15.791666666666666,15.791666666666666,1.0
HHN-EDI-01,2024-01-01,General Medicine Ward A,1.875,16.916666666666668,0.1102941176470588
HHN-EDI-01,2024-01-02,General Medicine Ward A,6.708333333333333,17.0,0.3946078431372549
HHN-EDI-01,2024-01-03,General Medicine Ward A,8.458333333333334,16.958333333333332,0.4987745098039216
HHN-EDI-01,2024-01-04,General Medicine Ward A,6.708333333333333,16.875,0.39700776143790845
HHN-EDI-01,2024-01-05,General Medicine Ward A,10.5,16.875,0.6230596405228758
HHN-EDI-01,2024-01-06,General Medicine Ward A,13.541666666666666,16.833333333333332,0.8053002450980392
HHN-EDI-01,2024-01-07,General Medicine Ward A,16.666666666666668,16.708333333333332,0.9975490196078431
HHN-EDI-01,2024-01-08,General Medicine Ward A,14.625,16.791666666666668,0.8719158496732026
HHN-EDI-01,2024-01-09,General Medicine Ward A,16.958333333333332,16.958333333333332,1.0
HHN-EDI-01,2024-01-10,General Medicine Ward A,16.416666666666668,16.833333333333332,0.9754901960784313
HHN-EDI-01,2024-01-11,General Medicine Ward A,16.625,16.833333333333332,0.9877450980392156
HHN-EDI-01,2024-01-12,General Medicine Ward A,14.041666666666666,16.916666666666668,0.8308823529411765
HHN-EDI-01,2024-01-13,General Medicine Ward A,12.25,16.791666666666668,0.7302696078431373
HHN-EDI-01,2024-01-14,General Medicine Ward A,13.5,16.958333333333332,0.7965686274509803
HHN-EDI-01,2024-01-15,General Medicine Ward A,15.458333333333334,16.875,0.9163602941176471
HHN-EDI-01,2024-01-16,General Medicine Ward A,13.0,16.458333333333332,0.7917075163398692
HHN-EDI-01,2024-01-17,General Medicine Ward A,14.125,16.958333333333332,0.832720588235294
HHN-EDI-01,2024-01-18,General Medicine Ward A,16.333333333333332,16.875,0.9679840686274509
HHN-EDI-01,2024-01-19,General Medicine Ward A,16.541666666666668,16.916666666666668,0.9779411764705882
HHN-EDI-01,2024-01-20,General Medicine Ward A,16.583333333333332,16.625,0.9975490196078431
HHN-EDI-01,2024-01-21,General Medicine Ward A,15.416666666666666,16.791666666666668,0.918484477124183
HHN-EDI-01,2024-01-22,General Medicine Ward A,14.666666666666666,16.916666666666668,0.8676470588235293
HHN-EDI-01,2024-01-23,General Medicine Ward A,16.291666666666668,16.833333333333332,0.9681372549019608
HHN-EDI-01,2024-01-24,General Medicine Ward A,16.791666666666668,16.791666666666668,1.0
HHN-EDI-01,2024-01-25,General Medicine Ward A,16.916666666666668,16.916666666666668,1.0
HHN-EDI-01,2024-01-26,General Medicine Ward A,16.625,16.875,0.9852941176470588
HHN-EDI-01,2024-01-27,General Medicine Ward A,16.916666666666668,16.916666666666668,1.0
HHN-EDI-01,2024-01-28,General Medicine Ward A,16.583333333333332,16.75,0.9901960784313726
HHN-EDI-01,2024-01-29,General Medicine Ward A,16.75,16.916666666666668,0.9901960784313726
HHN-EDI-01,2024-01-30,General Medicine Ward A,16.791666666666668,17.0,0.9877450980392157
HHN-EDI-01,2024-01-31,General Medicine Ward A,11.375,16.75,0.6800959967320263
HHN-EDI-01,2024-02-01,General Medicine Ward A,9.375,17.0,0.551470588235294
HHN-EDI-01,2024-02-02,General Medicine Ward A,13.458333333333334,16.875,0.7979473039215685
HHN-EDI-01,2024-02-03,General Medicine Ward A,12.166666666666666,16.875,0.7212928921568628
HHN-EDI-01,2024-02-04,General Medicine Ward A,13.166666666666666,16.875,0.7803308823529411
HHN-EDI-01,2024-02-05,General Medicine Ward A,14.25,16.875,0.845281862745098
HHN-EDI-01,2024-02-06,General Medicine Ward A,15.25,16.833333333333332,0.9065563725490194
HHN-EDI-01,2024-02-07,General Medicine Ward A,16.291666666666668,16.833333333333332,0.9681372549019608
HHN-EDI-01,2024-02-08,General Medicine Ward A,16.916666666666668,16.916666666666668,1.0
HHN-EDI-01,2024-02-09,General Medicine Ward A,12.291666666666666,16.75,0.7331699346405228
HHN-EDI-01,2024-02-10,General Medicine Ward A,12.291666666666666,16.75,0.7344771241830065
HHN-EDI-01,2024-02-11,General Medicine Ward A,13.458333333333334,16.791666666666668,0.8026960784313726
HHN-EDI-01,2024-02-12,General Medicine Ward A,14.125,16.916666666666668,0.8351307189542484
HHN-EDI-01,2024-02-13,General Medicine Ward A,15.75,16.875,0.9338235294117646
HHN-EDI-01,2024-02-14,General Medicine Ward A,14.708333333333334,16.916666666666668,0.8693321078431372
HHN-EDI-01,2024-02-15,General Medicine Ward A,13.0,16.958333333333332,0.7670036764705882
HHN-EDI-01,2024-02-16,General Medicine Ward A,14.791666666666666,16.875,0.8772977941176471
HHN-EDI-01,2024-02-17,General Medicine Ward A,11.625,16.875,0.6897569444444445
HHN-EDI-01,2024-02-18,General Medicine Ward A,13.958333333333334,16.875,0.8276450163398693
HHN-EDI-01,2024-02-19,General Medicine Ward A,13.5,16.791666666666668,0.8053002450980392
HHN-EDI-01,2024-02-20,General Medicine Ward A,13.958333333333334,16.958333333333332,0.8232230392156863
HHN-EDI-01,2024-02-21,General Medicine Ward A,15.875,16.916666666666668,0.9387254901960783
HHN-EDI-01,2024-02-22,General Medicine Ward A,12.791666666666666,16.958333333333332,0.754595588235294
HHN-EDI-01,2024-02-23,General Medicine Ward A,13.666666666666666,16.791666666666668,0.814889705882353
HHN-EDI-01,2024-02-24,General Medicine Ward A,16.458333333333332,16.875,0.9754901960784313
HHN-EDI-01,2024-02-25,General Medicine Ward A,16.791666666666668,16.791666666666668,1.0
HHN-EDI-01,2024-02-26,General Medicine Ward A,16.916666666666668,16.916666666666668,1.0
HHN-EDI-01,2024-02-27,General Medicine Ward A,16.75,16.75,1.0
HHN-EDI-01,2024-02-28,General Medicine Ward A,16.5,16.875,0.9779411764705882
HHN-EDI-01,2024-02-29,General Medicine Ward A,13.583333333333334,16.958333333333332,0.801470588235294
HHN-EDI-01,2024-03-01,General Medicine Ward A,12.125,17.0,0.7132352941176471
HHN-EDI-01,2024-03-02,General Medicine Ward A,15.083333333333334,16.833333333333332,0.8970588235294117
HHN-EDI-01,2024-03-03,General Medicine Ward A,15.291666666666666,16.916666666666668,0.9044117647058822
HHN-EDI-01,2024-03-04,General Medicine Ward A,15.166666666666666,17.0,0.892156862745098
HHN-EDI-01,2024-03-05,General Medicine Ward A,14.958333333333334,16.875,0.8871017156862745
HHN-EDI-01,2024-03-06,General Medicine Ward A,13.333333333333334,16.875,0.7908803104575163
HHN-EDI-01,2024-03-07,General Medicine Ward A,15.5,17.0,0.9117647058823529
HHN-EDI-01,2024-03-08,General Medicine Ward A,16.833333333333332,16.833333333333332,1.0
HHN-EDI-01,2024-03-09,General Medicine Ward A,15.5,16.958333333333332,0.9137561274509803
HHN-EDI-01,2024-03-10,General Medicine Ward A,16.583333333333332,16.875,0.9828431372549019
HHN-EDI-01,2024-03-11,General Medicine Ward A,15.125,16.916666666666668,0.8944546568627451
HHN-EDI-01,2024-03-12,General Medicine Ward A,12.208333333333334,16.833333333333332,0.7253267973856209
HHN-EDI-01,2024-03-13,General Medicine Ward A,14.791666666666666,16.75,0.8844771241830065
HHN-EDI-01,2024-03-14,General Medicine Ward A,12.541666666666666,16.916666666666668,0.7416666666666667
HHN-EDI-01,2024-03-15,General Medicine Ward A,12.416666666666666,16.958333333333332,0.7325367647058824
HHN-EDI-01,2024-03-16,General Medicine Ward A,10.041666666666666,16.875,0.5956597222222223
HHN-EDI-01,2024-03-17,General Medicine Ward A,8.833333333333334,16.916666666666668,0.5223651960784313
HHN-EDI-01,2024-03-18,General Medicine Ward A,8.125,16.958333333333332,0.47947303921568624
HHN-EDI-01,2024-03-19,General Medicine Ward A,9.875,16.875,0.5853553921568627
HHN-EDI-01,2024-03-20,General Medicine Ward A,10.375,16.791666666666668,0.6183415032679739
HHN-EDI-01,2024-03-21,General Medicine Ward A,9.875,16.791666666666668,0.5889195261437908
HHN-EDI-01,2024-03-22,General Medicine Ward A,9.791666666666666,16.875,0.5806270424836601
HHN-EDI-01,2024-03-23,General Medicine Ward A,8.583333333333334,16.791666666666668,0.512469362745098
HHN-EDI-01,2024-03-24,General Medicine Ward A,6.666666666666667,16.916666666666668,0.39414828431372545
HHN-EDI-01,2024-03-25,General Medicine Ward A,11.0,17.0,0.6470588235294118
HHN-EDI-01,2024-03-26,General Medicine Ward A,12.791666666666666,16.875,0.7582107843137255
HHN-EDI-01,2024-03-27,General Medicine Ward A,10.375,17.0,0.6102941176470589
HHN-EDI-01,2024-03-28,General Medicine Ward A,10.708333333333334,17.0,0.6299019607843138
HHN-EDI-01,2024-03-29,General Medicine Ward A,10.666666666666666,17.0,0.6274509803921569
HHN-EDI-01,2024-03-30,General Medicine Ward A,9.791666666666666,16.916666666666668,0.5795751633986929
HHN-EDI-01,2024-03-31,General Medicine Ward A,11.25,16.833333333333332,0.6684027777777778
HHN-EDI-01,2024-04-01,General Medicine Ward A,11.25,16.875,0.6670445261437908
HHN-EDI-01,2024-04-02,General Medicine Ward A,13.083333333333334,16.916666666666668,0.7735294117647058
HHN-EDI-01,2024-04-03,General Medicine Ward A,14.375,17.0,0.8455882352941176
HHN-EDI-01,2024-04-04,General Medicine Ward A,13.333333333333334,17.0,0.7843137254901961
HHN-EDI-01,2024-04-05,General Medicine Ward A,12.541666666666666,16.958333333333332,0.7398897058823529
HHN-EDI-01,2024-04-06,General Medicine Ward A,8.666666666666666,17.0,0.5098039215686274
HHN-EDI-01,2024-04-07,General Medicine Ward A,7.375,16.708333333333332,0.44306576797385616
HHN-EDI-01,2024-04-08,General Medicine Ward A,7.833333333333333,17.0,0.46078431372549017
HHN-EDI-01,2024-04-09,General Medicine Ward A,9.583333333333334,16.958333333333332,0.5654105392156863
HHN-EDI-01,2024-04-10,General Medicine Ward A,9.875,16.958333333333332,0.5825674019607844
HHN-EDI-01,2024-04-11,General Medicine Ward A,6.958333333333333,17.0,0.409313725490196
HHN-EDI-01,2024-04-12,General Medicine Ward A,6.833333333333333,16.916666666666668,0.40392156862745093
HHN-EDI-01,2024-04-13,General Medicine Ward A,9.541666666666666,16.708333333333332,0.5721303104575163
HHN-EDI-01,2024-04-14,General Medicine Ward A,9.75,16.791666666666668,0.5819035947712418
HHN-EDI-01,2024-04-15,General Medicine Ward A,10.875,16.875,0.6449857026143792
HHN-EDI-01,2024-04-16,General Medicine Ward A,11.958333333333334,16.875,0.7095179738562091
HHN-EDI-01,2024-04-17,General Medicine Ward A,10.541666666666666,16.833333333333332,0.6266339869281046
HHN-EDI-01,2024-04-18,General Medicine Ward A,12.208333333333334,16.916666666666668,0.7227124183006536
HHN-EDI-01,2024-04-19,General Medicine Ward A,15.291666666666666,16.916666666666668,0.9040849673202613
HHN-EDI-01,2024-04-20,General Medicine Ward A,16.083333333333332,16.791666666666668,0.9581801470588235
HHN-EDI-01,2024-04-21,General Medicine Ward A,12.0,16.958333333333332,0.7078737745098039
HHN-EDI-01,2024-04-22,General Medicine Ward A,12.583333333333334,16.833333333333332,0.7480800653594771
HHN-EDI-01,2024-04-23,General Medicine Ward A,15.916666666666666,16.958333333333332,0.9387254901960783
HHN-EDI-01,2024-04-24,General Medicine Ward A,16.791666666666668,16.916666666666668,0.9926470588235294
HHN-EDI-01,2024-04-25,General Medicine Ward A,12.875,16.958333333333332,0.7598039215686274
HHN-EDI-01,2024-04-26,General Medicine Ward A,10.0,16.916666666666668,0.5915032679738562
HHN-EDI-01,2024-04-27,General Medicine Ward A,8.75,16.791666666666668,0.5216094771241829
HHN-EDI-01,2024-04-28,General Medicine Ward A,9.375,16.916666666666668,0.5540747549019608
HHN-EDI-01,2024-04-29,General Medicine Ward A,12.291666666666666,16.958333333333332,0.7245710784313726
HHN-EDI-01,2024-04-30,General Medicine Ward A,12.333333333333334,16.916666666666668,0.7297385620915033
HHN-EDI-01,2024-05-01,General Medicine Ward A,13.666666666666666,16.916666666666668,0.8078431372549019
HHN-EDI-01,2024-05-02,General Medicine Ward A,13.583333333333334,16.916666666666668,0.8032679738562091
HHN-EDI-01,2024-05-03,General Medicine Ward A,12.416666666666666,17.0,0.7303921568627452
HHN-EDI-01,2024-05-04,General Medicine Ward A,10.291666666666666,16.875,0.6101919934640523
HHN-EDI-01,2024-05-05,General Medicine Ward A,9.666666666666666,16.833333333333332,0.5747855392156863
HHN-EDI-01,2024-05-06,General Medicine Ward A,8.5,16.916666666666668,0.5029411764705882
HHN-EDI-01,2024-05-07,General Medicine Ward A,11.083333333333334,17.0,0.6519607843137255
HHN-EDI-01,2024-05-08,General Medicine Ward A,10.416666666666666,16.875,0.6173917483660131
HHN-EDI-01,2024-05-09,General Medicine Ward A,8.25,16.916666666666668,0.48790849673202613
HHN-EDI-01,2024-05-10,General Medicine Ward A,9.791666666666666,17.0,0.5759803921568628
HHN-EDI-01,2024-05-11,General Medicine Ward A,10.5,16.875,0.6223958333333334
HHN-EDI-01,2024-05-12,General Medicine Ward A,8.958333333333334,16.791666666666668,0.534048202614379
HHN-EDI-01,2024-05-13,General Medicine Ward A,7.333333333333333,16.833333333333332,0.4359477124183006
HHN-EDI-01,2024-05-14,General Medicine Ward A,4.875,16.875,0.2890114379084967
HHN-EDI-01,2024-05-15,General Medicine Ward A,5.625,17.0,0.33088235294117646
HHN-EDI-01,2024-05-16,General Medicine Ward A,6.125,16.833333333333332,0.365093954248366
HHN-EDI-01,2024-05-17,General Medicine Ward A,11.708333333333334,16.958333333333332,0.690716911764706
HHN-EDI-01,2024-05-18,General Medicine Ward A,13.583333333333334,16.875,0.8057393790849673
HHN-EDI-01,2024-05-19,General Medicine Ward A,13.75,16.791666666666668,0.8186580882352942
HHN-EDI-01,2024-05-20,General Medicine Ward A,16.791666666666668,16.833333333333332,0.9975490196078431
HHN-EDI-01,2024-05-21,General Medicine Ward A,16.916666666666668,17.0,0.9950980392156863
HHN-EDI-01,2024-05-22,General Medicine Ward A,16.333333333333332,16.916666666666668,0.9656862745098039
HHN-EDI-01,2024-05-23,General Medicine Ward A,16.833333333333332,16.916666666666668,0.9950980392156863
HHN-EDI-01,2024-05-24,General Medicine Ward A,16.625,16.958333333333332,0.9803921568627451
HHN-EDI-01,2024-05-25,General Medicine Ward A,14.375,16.958333333333332,0.8477328431372548
HHN-EDI-01,2024-05-26,General Medicine Ward A,13.5,16.916666666666668,0.7981004901960783
HHN-EDI-01,2024-05-27,General Medicine Ward A,12.125,17.0,0.7132352941176471
HHN-EDI-01,2024-05-28,General Medicine Ward A,12.25,16.875,0.7265012254901961
HHN-EDI-01,2024-05-29,General Medicine Ward A,11.0,16.833333333333332,0.653921568627451
HHN-EDI-01,2024-05-30,General Medicine Ward A,9.083333333333334,17.0,0.5343137254901961
HHN-EDI-01,2024-05-31,General Medicine Ward A,7.125,16.875,0.42280433006535945
HHN-EDI-01,2024-06-01,General Medicine Ward A,8.541666666666666,16.833333333333332,0.5076695261437908
HHN-EDI-01,2024-06-02,General Medicine Ward A,5.0,16.875,0.29610906862745096
HHN-EDI-01,2024-06-03,General Medicine Ward A,3.5,16.916666666666668,0.2071895424836601
HHN-EDI-01,2024-06-04,General Medicine Ward A,5.166666666666667,16.916666666666668,0.3071895424836601
HHN-EDI-01,2024-06-05,General Medicine Ward A,10.875,16.833333333333332,0.6462418300653595
HHN-EDI-01,2024-06-06,General Medicine Ward A,12.958333333333334,16.958333333333332,0.7643995098039215
HHN-EDI-01,2024-06-07,General Medicine Ward A,15.041666666666666,16.958333333333332,0.8869485294117646
HHN-EDI-01,2024-06-08,General Medicine Ward A,14.416666666666666,16.916666666666668,0.8526348039215685
HHN-EDI-01,2024-06-09,General Medicine Ward A,13.333333333333334,16.916666666666668,0.788235294117647
HHN-EDI-01,2024-06-10,General Medicine Ward A,13.25,16.833333333333332,0.7879084967320261
HHN-EDI-01,2024-06-11,General Medicine Ward A,12.833333333333334,16.916666666666668,0.7594771241830065
HHN-EDI-01,2024-06-12,General Medicine Ward A,8.875,16.875,0.5268382352941177
HHN-EDI-01,2024-06-13,General Medicine Ward A,6.875,16.833333333333332,0.40870098039215685
HHN-EDI-01,2024-06-14,General Medicine Ward A,7.208333333333333,16.833333333333332,0.4289317810457516
HHN-EDI-01,2024-06-15,General Medicine Ward A,7.916666666666667,16.708333333333332,0.4759089052287582
HHN-EDI-01,2024-06-16,General Medicine Ward A,15.75,16.916666666666668,0.931219362745098
HHN-EDI-01,2024-06-17,General Medicine Ward A,13.875,16.833333333333332,0.8256535947712419
HHN-EDI-01,2024-06-18,General Medicine Ward A,14.833333333333334,16.916666666666668,0.876797385620915
HHN-EDI-01,2024-06-19,General Medicine Ward A,15.0,17.0,0.8823529411764706
HHN-EDI-01,2024-06-20,General Medicine Ward A,13.166666666666666,16.875,0.7815563725490197
HHN-EDI-01,2024-06-21,General Medicine Ward A,11.708333333333334,16.916666666666668,0.6919934640522877
HHN-EDI-01,2024-06-22,General Medicine Ward A,15.375,16.875,0.9116115196078431
HHN-EDI-01,2024-06-23,General Medicine Ward A,16.375,16.875,0.9705882352941176
HHN-EDI-01,2024-06-24,General Medicine Ward A,13.833333333333334,17.0,0.8137254901960783
HHN-EDI-01,2024-06-25,General Medicine Ward A,12.625,16.833333333333332,0.7511437908496732
HHN-EDI-01,2024-06-26,General Medicine Ward A,13.083333333333334,16.958333333333332,0.7714460784313726
HHN-EDI-01,2024-06-27,General Medicine Ward A,13.083333333333334,17.0,0.7696078431372548
HHN-EDI-01,2024-06-28,General Medicine Ward A,12.958333333333334,16.958333333333332,0.7643995098039215
HHN-EDI-01,2024-06-29,General Medicine Ward A,14.541666666666666,16.833333333333332,0.8641237745098039
HHN-EDI-01,2024-06-30,General Medicine Ward A,14.0,16.833333333333332,0.8331801470588235
HHN-EDI-01,2024-07-01,General Medicine Ward A,9.166666666666666,16.916666666666668,0.542156862745098
HHN-EDI-01,2024-07-02,General Medicine Ward A,6.375,17.0,0.375
HHN-EDI-01,2024-07-03,General Medicine Ward A,8.041666666666666,16.791666666666668,0.4778799019607843
HHN-EDI-01,2024-07-04,General Medicine Ward A,10.416666666666666,16.875,0.617218137254902
HHN-EDI-01,2024-07-05,General Medicine Ward A,8.25,16.958333333333332,0.486672794117647
HHN-EDI-01,2024-07-06,General Medicine Ward A,8.083333333333334,16.916666666666668,0.47843137254901963
HHN-EDI-01,2024-07-07,General Medicine Ward A,8.541666666666666,16.791666666666668,0.5095588235294117
HHN-EDI-01,2024-07-08,General Medicine Ward A,8.791666666666666,17.0,0.5171568627450981
HHN-EDI-01,2024-07-09,General Medicine Ward A,9.916666666666666,16.916666666666668,0.5872549019607843
HHN-EDI-01,2024-07-10,General Medicine Ward A,11.958333333333334,17.0,0.7034313725490197
HHN-EDI-01,2024-07-11,General Medicine Ward A,8.5,16.916666666666668,0.5026143790849673
HHN-EDI-01,2024-07-12,General Medicine Ward A,4.916666666666667,16.708333333333332,0.2944750816993464
HHN-EDI-01,2024-07-13,General Medicine Ward A,5.875,16.916666666666668,0.3474264705882353
HHN-EDI-01,2024-07-14,General Medicine Ward A,8.75,16.833333333333332,0.520578022875817
HHN-EDI-01,2024-07-15,General Medicine Ward A,11.416666666666666,16.875,0.6768484477124184
HHN-EDI-01,2024-07-16,General Medicine Ward A,9.875,17.0,0.5808823529411765
HHN-EDI-01,2024-07-17,General Medicine Ward A,5.333333333333333,16.791666666666668,0.3179125816993464
HHN-EDI-01,2024-07-18,General Medicine Ward A,5.541666666666667,17.0,0.3259803921568627
HHN-EDI-01,2024-07-19,General Medicine Ward A,4.708333333333333,16.875,0.27936070261437906
HHN-EDI-01,2024-07-20,General Medicine Ward A,5.25,16.708333333333332,0.31401143790849667
HHN-EDI-01,2024-07-21,General Medicine Ward A,8.666666666666666,16.916666666666668,0.5124183006535947
HHN-EDI-01,2024-07-22,General Medicine Ward A,14.0,16.958333333333332,0.8256740196078431
HHN-EDI-01,2024-07-23,General Medicine Ward A,11.75,16.958333333333332,0.6930147058823529
HHN-EDI-01,2024-07-24,General Medicine Ward A,10.708333333333334,16.833333333333332,0.6364379084967321
HHN-EDI-01,2024-07-25,General Medicine Ward A,11.583333333333334,16.958333333333332,0.6833639705882354
HHN-EDI-01,2024-07-26,General Medicine Ward A,13.666666666666666,16.916666666666668,0.8081699346405228
HHN-EDI-01,2024-07-27,General Medicine Ward A,15.166666666666666,16.75,0.9057495915032678
HHN-EDI-01,2024-07-28,General Medicine Ward A,13.208333333333334,16.875,0.7832005718954248
HHN-EDI-01,2024-07-29,General Medicine Ward A,9.958333333333334,17.0,0.5857843137254902
HHN-EDI-01,2024-07-30,General Medicine Ward A,7.333333333333333,16.916666666666668,0.4339869281045751
HHN-EDI-01,2024-07-31,General Medicine Ward A,7.166666666666667,16.958333333333332,0.4223345588235294
HHN-EDI-01,2024-08-01,General Medicine Ward A,4.416666666666667,16.875,0.2620506535947712
HHN-EDI-01,2024-08-02,General Medicine Ward A,4.083333333333333,16.916666666666668,0.24150326797385616
HHN-EDI-01,2024-08-03,General Medicine Ward A,4.833333333333333,16.875,0.2862336601307189
HHN-EDI-01,2024-08-04,General Medicine Ward A,7.458333333333333,16.791666666666668,0.44421977124183004
HHN-EDI-01,2024-08-05,General Medicine Ward A,11.166666666666666,16.916666666666668,0.6604575163398693
HHN-EDI-01,2024-08-06,General Medicine Ward A,12.541666666666666,16.916666666666668,0.7414215686274509
HHN-EDI-01,2024-08-07,General Medicine Ward A,12.125,16.916666666666668,0.7178104575163399
HHN-EDI-01,2024-08-08,General Medicine Ward A,11.833333333333334,17.0,0.6960784313725491
HHN-EDI-01,2024-08-09,General Medicine Ward A,10.625,16.916666666666668,0.62859477124183
HHN-EDI-01,2024-08-10,General Medicine Ward A,8.708333333333334,16.791666666666668,0.5188316993464052
HHN-EDI-01,2024-08-11,General Medicine Ward A,10.208333333333334,16.958333333333332,0.6021752450980392
HHN-EDI-01,2024-08-12,General Medicine Ward A,12.833333333333334,16.875,0.7619281045751634
HHN-EDI-01,2024-08-13,General Medicine Ward A,14.583333333333334,16.916666666666668,0.8627450980392156
HHN-EDI-01,2024-08-14,General Medicine Ward A,15.791666666666666,16.833333333333332,0.9387254901960783
HHN-EDI-01,2024-08-15,General Medicine Ward A,16.125,16.875,0.9558823529411765
HHN-EDI-01,2024-08-16,General Medicine Ward A,16.458333333333332,17.0,0.9681372549019608
HHN-EDI-01,2024-08-17,General Medicine Ward A,16.083333333333332,16.791666666666668,0.9583333333333334
HHN-EDI-01,2024-08-18,General Medicine Ward A,13.666666666666666,16.875,0.8111213235294117
HHN-EDI-01,2024-08-19,General Medicine Ward A,11.833333333333334,17.0,0.6960784313725491
HHN-EDI-01,2024-08-20,General Medicine Ward A,9.75,16.875,0.5783292483660131
HHN-EDI-01,2024-08-21,General Medicine Ward A,7.416666666666667,17.0,0.4362745098039215
HHN-EDI-01,2024-08-22,General Medicine Ward A,8.875,16.833333333333332,0.5285947712418301
HHN-EDI-01,2024-08-23,General Medicine Ward A,9.291666666666666,16.833333333333332,0.5517973856209151
HHN-EDI-01,2024-08-24,General Medicine Ward A,7.458333333333333,16.791666666666668,0.4443729575163398
HHN-EDI-01,2024-08-25,General Medicine Ward A,5.375,16.916666666666668,0.31813725490196076
HHN-EDI-01,2024-08-26,General Medicine Ward A,4.458333333333333,17.0,0.26225490196078427
HHN-EDI-01,2024-08-27,General Medicine Ward A,3.4166666666666665,17.0,0.20098039215686272
HHN-EDI-01,2024-08-28,General Medicine Ward A,4.458333333333333,17.0,0.26225490196078427
HHN-EDI-01,2024-08-29,General Medicine Ward A,8.583333333333334,17.0,0.5049019607843137
HHN-EDI-01,2024-08-30,General Medicine Ward A,10.0,17.0,0.5882352941176471
HHN-EDI-01,2024-08-31,General Medicine Ward A,11.333333333333334,16.958333333333332,0.6685049019607844
HHN-EDI-01,2024-09-01,General Medicine Ward A,8.5,16.75,0.5091401143790849
HHN-EDI-01,2024-09-02,General Medicine Ward A,3.9166666666666665,16.875,0.23183210784313724
HHN-EDI-01,2024-09-03,General Medicine Ward A,7.458333333333333,16.958333333333332,0.4394914215686274
HHN-EDI-01,2024-09-04,General Medicine Ward A,11.916666666666666,16.916666666666668,0.7052287581699347
HHN-EDI-01,2024-09-05,General Medicine Ward A,14.208333333333334,17.0,0.8357843137254902
HHN-EDI-01,2024-09-06,General Medicine Ward A,12.166666666666666,17.0,0.7156862745098039
HHN-EDI-01,2024-09-07,General Medicine Ward A,9.708333333333334,16.875,0.5753982843137255
HHN-EDI-01,2024-09-08,General Medicine Ward A,11.208333333333334,16.791666666666668,0.6680351307189542
HHN-EDI-01,2024-09-09,General Medicine Ward A,10.333333333333334,16.958333333333332,0.6095281862745098
HHN-EDI-01,2024-09-10,General Medicine Ward A,10.416666666666666,17.0,0.6127450980392157
HHN-EDI-01,2024-09-11,General Medicine Ward A,6.708333333333333,17.0,0.3946078431372549
HHN-EDI-01,2024-09-12,General Medicine Ward A,6.041666666666667,16.958333333333332,0.3563112745098039
HHN-EDI-01,2024-09-13,General Medicine Ward A,5.708333333333333,17.0,0.33578431372549017
HHN-EDI-01,2024-09-14,General Medicine Ward A,6.791666666666667,16.916666666666668,0.401797385620915
HHN-EDI-01,2024-09-15,General Medicine Ward A,6.75,17.0,0.39705882352941174
HHN-EDI-01,2024-09-16,General Medicine Ward A,10.083333333333334,17.0,0.5931372549019608
HHN-EDI-01,2024-09-17,General Medicine Ward A,15.791666666666666,16.916666666666668,0.9338235294117646
HHN-EDI-01,2024-09-18,General Medicine Ward A,13.041666666666666,16.958333333333332,0.7696078431372548
HHN-EDI-01,2024-09-19,General Medicine Ward A,8.5,17.0,0.5
HHN-EDI-01,2024-09-20,General Medicine Ward A,9.333333333333334,17.0,0.5490196078431372
HHN-EDI-01,2024-09-21,General Medicine Ward A,11.791666666666666,16.958333333333332,0.6953125
HHN-EDI-01,2024-09-22,General Medicine Ward A,12.916666666666666,16.875,0.7657781862745098
HHN-EDI-01,2024-09-23,General Medicine Ward A,14.25,16.958333333333332,0.840533088235294
HHN-EDI-01,2024-09-24,General Medicine Ward A,9.708333333333334,16.916666666666668,0.5740196078431373
HHN-EDI-01,2024-09-25,General Medicine Ward A,6.291666666666667,16.916666666666668,0.3720588235294117
HHN-EDI-01,2024-09-26,General Medicine Ward A,6.25,16.916666666666668,0.36960784313725487
HHN-EDI-01,2024-09-27,General Medicine Ward A,6.083333333333333,16.958333333333332,0.35876225490196073
HHN-EDI-01,2024-09-28,General Medicine Ward A,8.5,16.916666666666668,0.5024509803921569
HHN-EDI-01,2024-09-29,General Medicine Ward A,10.916666666666666,16.833333333333332,0.6493464052287582
HHN-EDI-01,2024-09-30,General Medicine Ward A,10.375,17.0,0.6102941176470589
HHN-EDI-01,2024-10-01,General Medicine Ward A,10.291666666666666,17.0,0.6053921568627451
HHN-EDI-01,2024-10-02,General Medicine Ward A,11.75,16.916666666666668,0.6945465686274511
HHN-EDI-01,2024-10-03,General Medicine Ward A,11.833333333333334,17.0,0.6960784313725491
HHN-EDI-01,2024-10-04,General Medicine Ward A,13.291666666666666,16.958333333333332,0.7843137254901961
HHN-EDI-01,2024-10-05,General Medicine Ward A,16.25,16.833333333333332,0.9656862745098039
HHN-EDI-01,2024-10-06,General Medicine Ward A,14.291666666666666,16.666666666666668,0.859313725490196
HHN-EDI-01,2024-10-07,General Medicine Ward A,15.0,16.916666666666668,0.8869281045751634
HHN-EDI-01,2024-10-08,General Medicine Ward A,11.625,17.0,0.6838235294117648
HHN-EDI-01,2024-10-09,General Medicine Ward A,11.916666666666666,17.0,0.7009803921568628
HHN-EDI-01,2024-10-10,General Medicine Ward A,10.25,16.875,0.6077410130718954
HHN-EDI-01,2024-10-11,General Medicine Ward A,11.5,16.916666666666668,0.6799938725490197
HHN-EDI-01,2024-10-12,General Medicine Ward A,13.833333333333334,16.75,0.8274509803921569
HHN-EDI-01,2024-10-13,General Medicine Ward A,16.333333333333332,16.958333333333332,0.9632352941176471
HHN-EDI-01,2024-10-14,General Medicine Ward A,16.416666666666668,16.875,0.9730392156862745
HHN-EDI-01,2024-10-15,General Medicine Ward A,16.541666666666668,16.916666666666668,0.9779411764705882
HHN-EDI-01,2024-10-16,General Medicine Ward A,13.5,17.0,0.7941176470588235
HHN-EDI-01,2024-10-17,General Medicine Ward A,12.708333333333334,16.958333333333332,0.7493872549019608
HHN-EDI-01,2024-10-18,General Medicine Ward A,12.375,17.0,0.7279411764705882
HHN-EDI-01,2024-10-19,General Medicine Ward A,16.041666666666668,16.791666666666668,0.9558823529411763
HHN-EDI-01,2024-10-20,General Medicine Ward A,14.458333333333334,16.791666666666668,0.862111928104575
HHN-EDI-01,2024-10-21,General Medicine Ward A,15.625,16.916666666666668,0.9240196078431372
HHN-EDI-01,2024-10-22,General Medicine Ward A,17.0,17.0,1.0
HHN-EDI-01,2024-10-23,General Medicine Ward A,16.833333333333332,16.833333333333332,1.0
HHN-EDI-01,2024-10-24,General Medicine Ward A,16.958333333333332,16.958333333333332,1.0
HHN-EDI-01,2024-10-25,General Medicine Ward A,16.833333333333332,16.875,0.9975490196078431
HHN-EDI-01,2024-10-26,General Medicine Ward A,14.041666666666666,16.916666666666668,0.8305555555555556
HHN-EDI-01,2024-10-27,General Medicine Ward A,9.125,16.958333333333332,0.5384497549019608
HHN-EDI-01,2024-10-28,General Medicine Ward A,8.583333333333334,16.958333333333332,0.5062806372549019
HHN-EDI-01,2024-10-29,General Medicine Ward A,6.083333333333333,16.958333333333332,0.35860906862745096
HHN-EDI-01,2024-10-30,General Medicine Ward A,5.666666666666667,17.0,0.3333333333333333
HHN-EDI-01,2024-10-31,General Medicine Ward A,10.791666666666666,16.791666666666668,0.6436478758169935
HHN-EDI-01,2024-11-01,General Medicine Ward A,15.083333333333334,17.0,0.8872549019607843
HHN-EDI-01,2024-11-02,General Medicine Ward A,11.25,16.791666666666668,0.6701388888888888
HHN-EDI-01,2024-11-03,General Medicine Ward A,8.166666666666666,17.0,0.4803921568627451
HHN-EDI-01,2024-11-04,General Medicine Ward A,5.708333333333333,16.916666666666668,0.3383986928104575
HHN-EDI-01,2024-11-05,General Medicine Ward A,7.166666666666667,16.791666666666668,0.42802287581699344
HHN-EDI-01,2024-11-06,General Medicine Ward A,10.625,16.875,0.6294730392156863
HHN-EDI-01,2024-11-07,General Medicine Ward A,10.583333333333334,17.0,0.6225490196078431
HHN-EDI-01,2024-11-08,General Medicine Ward A,12.625,17.0,0.7426470588235294
HHN-EDI-01,2024-11-09,General Medicine Ward A,9.5,16.958333333333332,0.5600490196078431
HHN-EDI-01,2024-11-10,General Medicine Ward A,10.791666666666666,16.875,0.6399101307189543
HHN-EDI-01,2024-11-11,General Medicine Ward A,12.875,17.0,0.7573529411764706
HHN-EDI-01,2024-11-12,General Medicine Ward A,12.916666666666666,17.0,0.7598039215686274
HHN-EDI-01,2024-11-13,General Medicine Ward A,10.041666666666666,17.0,0.5906862745098039
HHN-EDI-01,2024-11-14,General Medicine Ward A,10.166666666666666,16.916666666666668,0.6012561274509803
HHN-EDI-01,2024-11-15,General Medicine Ward A,9.458333333333334,17.0,0.5563725490196079
HHN-EDI-01,2024-11-16,General Medicine Ward A,9.375,16.833333333333332,0.5573529411764706
HHN-EDI-01,2024-11-17,General Medicine Ward A,7.916666666666667,16.916666666666668,0.46764705882352936
HHN-EDI-01,2024-11-18,General Medicine Ward A,13.541666666666666,16.916666666666668,0.801470588235294
HHN-EDI-01,2024-11-19,General Medicine Ward A,16.916666666666668,16.916666666666668,1.0
HHN-EDI-01,2024-11-20,General Medicine Ward A,17.0,17.0,1.0
HHN-EDI-01,2024-11-21,General Medicine Ward A,16.958333333333332,16.958333333333332,1.0
HHN-EDI-01,2024-11-22,General Medicine Ward A,17.0,17.0,1.0
HHN-EDI-01,2024-11-23,General Medicine Ward A,16.916666666666668,16.916666666666668,1.0
HHN-EDI-01,2024-11-24,General Medicine Ward A,16.875,16.875,1.0
HHN-EDI-01,2024-11-25,General Medicine Ward A,16.625,16.916666666666668,0.982843137254902
HHN-EDI-01,2024-11-26,General Medicine Ward A,14.5,16.916666666666668,0.857516339869281
HHN-EDI-01,2024-11-27,General Medicine Ward A,12.708333333333334,16.916666666666668,0.7521241830065359
HHN-EDI-01,2024-11-28,General Medicine Ward A,9.708333333333334,16.791666666666668,0.5796466503267974
HHN-EDI-01,2024-11-29,General Medicine Ward A,10.958333333333334,16.833333333333332,0.6515114379084967
HHN-EDI-01,2024-11-30,General Medicine Ward A,16.125,16.708333333333332,0.9656862745098039
HHN-EDI-01,2024-12-01,General Medicine Ward A,16.958333333333332,16.958333333333332,1.0
HHN-EDI-01,2024-12-02,General Medicine Ward A,16.541666666666668,16.791666666666668,0.9852941176470589
HHN-EDI-01,2024-12-03,General Medicine Ward A,12.041666666666666,16.708333333333332,0.7216196895424837
HHN-EDI-01,2024-12-04,General Medicine Ward A,13.791666666666666,16.458333333333332,0.8386437908496731
HHN-EDI-01,2024-12-05,General Medicine Ward A,16.791666666666668,16.916666666666668,0.9926470588235294
HHN-EDI-01,2024-12-06,General Medicine Ward A,16.875,16.875,1.0
HHN-EDI-01,2024-12-07,General Medicine Ward A,16.458333333333332,16.625,0.9901960784313726
HHN-EDI-01,2024-12-08,General Medicine Ward A,15.291666666666666,16.833333333333332,0.908047385620915
HHN-EDI-01,2024-12-09,General Medicine Ward A,11.208333333333334,17.0,0.6593137254901961
HHN-EDI-01,2024-12-10,General Medicine Ward A,10.5,16.833333333333332,0.6243872549019608
HHN-EDI-01,2024-12-11,General Medicine Ward A,10.291666666666666,16.916666666666668,0.6086601307189542
HHN-EDI-01,2024-12-12,General Medicine Ward A,11.375,16.875,0.6747242647058823
HHN-EDI-01,2024-12-13,General Medicine Ward A,13.583333333333334,16.75,0.8133986928104576
HHN-EDI-01,2024-12-14,General Medicine Ward A,15.416666666666666,16.958333333333332,0.9088541666666666
HHN-EDI-01,2024-12-15,General Medicine Ward A,14.125,16.791666666666668,0.8428104575163399
HHN-EDI-01,2024-12-16,General Medicine Ward A,9.625,16.833333333333332,0.5721813725490196
HHN-EDI-01,2024-12-17,General Medicine Ward A,10.416666666666666,16.833333333333332,0.61875
HHN-EDI-01,2024-12-18,General Medicine Ward A,14.875,16.791666666666668,0.8866421568627451
HHN-EDI-01,2024-12-19,General Medicine Ward A,16.333333333333332,16.916666666666668,0.9656862745098039
HHN-EDI-01,2024-12-20,General Medicine Ward A,16.791666666666668,16.791666666666668,1.0
HHN-EDI-01,2024-12-21,General Medicine Ward A,16.875,16.875,1.0
HHN-EDI-01,2024-12-22,General Medicine Ward A,16.875,16.875,1.0
HHN-EDI-01,2024-12-23,General Medicine Ward A,16.791666666666668,16.791666666666668,1.0
HHN-EDI-01,2024-12-24,General Medicine Ward A,16.916666666666668,16.916666666666668,1.0
HHN-EDI-01,2024-12-25,General Medicine Ward A,16.583333333333332,16.875,0.9826899509803922
HHN-EDI-01,2024-12-26,General Medicine Ward A,16.916666666666668,16.958333333333332,0.9975490196078431
HHN-EDI-01,2024-12-27,General Medicine Ward A,16.791666666666668,16.791666666666668,1.0
HHN-EDI-01,2024-12-28,General Medicine Ward A,11.958333333333334,16.625,0.7198937908496732
HHN-EDI-01,2024-12-29,General Medicine Ward A,11.75,16.708333333333332,0.7039726307189542
HHN-EDI-01,2024-12-30,General Medicine Ward A,15.708333333333334,16.833333333333332,0.9335171568627451
HHN-EDI-01,2024-12-31,General Medicine Ward A,16.875,16.916666666666668,0.9975490196078431
HHN-EDI-01,2025-01-01,General Medicine Ward A,16.833333333333332,16.833333333333332,1.0
HHN-EDI-01,2025-01-02,General Medicine Ward A,16.75,16.75,1.0
HHN-EDI-01,2025-01-03,General Medicine Ward A,17.0,17.0,1.0
HHN-EDI-01,2025-01-04,General Medicine Ward A,16.916666666666668,16.916666666666668,1.0
HHN-EDI-01,2025-01-05,General Medicine Ward A,16.458333333333332,16.583333333333332,0.9926470588235294
HHN-EDI-01,2025-01-06,General Medicine Ward A,16.625,16.708333333333332,0.9950980392156863
HHN-EDI-01,2025-01-07,General Medicine Ward A,15.291666666666666,16.625,0.9204350490196078
HHN-EDI-01,2025-01-08,General Medicine Ward A,14.791666666666666,16.875,0.8774509803921569
HHN-EDI-01,2025-01-09,General Medicine Ward A,11.791666666666666,16.916666666666668,0.6972222222222223
HHN-EDI-01,2025-01-10,General Medicine Ward A,12.791666666666666,16.833333333333332,0.7612745098039215
HHN-EDI-01,2025-01-11,General Medicine Ward A,14.333333333333334,16.875,0.8493770424836601
HHN-EDI-01,2025-01-12,General Medicine Ward A,13.416666666666666,16.916666666666668,0.7933517156862745
HHN-EDI-01,2025-01-13,General Medicine Ward A,10.208333333333334,16.916666666666668,0.6031045751633987
HHN-EDI-01,2025-01-14,General Medicine Ward A,7.25,16.916666666666668,0.4284313725490196
HHN-EDI-01,2025-01-15,General Medicine Ward A,9.375,17.0,0.551470588235294
HHN-EDI-01,2025-01-16,General Medicine Ward A,15.916666666666666,16.958333333333332,0.9387254901960783
HHN-EDI-01,2025-01-17,General Medicine Ward A,16.708333333333332,16.916666666666668,0.9877450980392157
HHN-EDI-01,2025-01-18,General Medicine Ward A,14.0,16.583333333333332,0.8467728758169933
HHN-EDI-01,2025-01-19,General Medicine Ward A,9.916666666666666,16.666666666666668,0.5968137254901961
HHN-EDI-01,2025-01-20,General Medicine Ward A,8.875,16.833333333333332,0.5272875816993464
HHN-EDI-01,2025-01-21,General Medicine Ward A,12.625,16.875,0.7485600490196078
HHN-EDI-01,2025-01-22,General Medicine Ward A,13.666666666666666,16.875,0.8103145424836601
HHN-EDI-01,2025-01-23,General Medicine Ward A,12.25,17.0,0.7205882352941176
HHN-EDI-01,2025-01-24,General Medicine Ward A,13.0,16.791666666666668,0.7756740196078432
HHN-EDI-01,2025-01-25,General Medicine Ward A,11.291666666666666,16.916666666666668,0.6675857843137255
HHN-EDI-01,2025-01-26,General Medicine Ward A,8.708333333333334,16.916666666666668,0.5151960784313725
HHN-EDI-01,2025-01-27,General Medicine Ward A,8.625,16.875,0.5110396241830065
HHN-EDI-01,2025-01-28,General Medicine Ward A,9.291666666666666,16.791666666666668,0.5546364379084967
HHN-EDI-01,2025-01-29,General Medicine Ward A,10.666666666666666,16.875,0.6327308006535948
HHN-EDI-01,2025-01-30,General Medicine Ward A,9.833333333333334,16.875,0.5828737745098039
HHN-EDI-01,2025-01-31,General Medicine Ward A,10.333333333333334,16.791666666666668,0.6159109477124184
HHN-EDI-01,2025-02-01,General Medicine Ward A,12.916666666666666,16.708333333333332,0.7747140522875817
HHN-EDI-01,2025-02-02,General Medicine Ward A,16.041666666666668,16.791666666666668,0.9558823529411765
HHN-EDI-01,2025-02-03,General Medicine Ward A,15.25,16.791666666666668,0.9088541666666666
HHN-EDI-01,2025-02-04,General Medicine Ward A,16.833333333333332,16.916666666666668,0.9950980392156863
HHN-EDI-01,2025-02-05,General Medicine Ward A,13.875,16.958333333333332,0.8180147058823529
HHN-EDI-01,2025-02-06,General Medicine Ward A,12.875,16.958333333333332,0.7588848039215685
HHN-EDI-01,2025-02-07,General Medicine Ward A,10.916666666666666,16.791666666666668,0.6508782679738562
HHN-EDI-01,2025-02-08,General Medicine Ward A,9.416666666666666,16.916666666666668,0.5565359477124183
HHN-EDI-01,2025-02-09,General Medicine Ward A,10.083333333333334,16.583333333333332,0.6089460784313726
HHN-EDI-01,2025-02-10,General Medicine Ward A,12.375,16.958333333333332,0.7296262254901961
HHN-EDI-01,2025-02-11,General Medicine Ward A,14.5,16.916666666666668,0.8578431372549019
HHN-EDI-01,2025-02-12,General Medicine Ward A,16.375,16.875,0.9705882352941176
HHN-EDI-01,2025-02-13,General Medicine Ward A,16.791666666666668,16.791666666666668,1.0
HHN-EDI-01,2025-02-14,General Medicine Ward A,16.916666666666668,16.916666666666668,1.0
HHN-EDI-01,2025-02-15,General Medicine Ward A,16.875,16.875,1.0
HHN-EDI-01,2025-02-16,General Medicine Ward A,15.291666666666666,16.666666666666668,0.9186376633986928
HHN-EDI-01,2025-02-17,General Medicine Ward A,13.416666666666666,16.875,0.7951082516339869
HHN-EDI-01,2025-02-18,General Medicine Ward A,10.0,16.916666666666668,0.5912990196078431
HHN-EDI-01,2025-02-19,General Medicine Ward A,9.666666666666666,16.791666666666668,0.5771956699346406
HHN-EDI-01,2025-02-20,General Medicine Ward A,11.25,16.833333333333332,0.6696078431372549
HHN-EDI-01,2025-02-21,General Medicine Ward A,12.541666666666666,16.75,0.7507250816993464
HHN-EDI-01,2025-02-22,General Medicine Ward A,10.666666666666666,16.916666666666668,0.6311274509803922
HHN-EDI-01,2025-02-23,General Medicine Ward A,9.5,16.75,0.5690767973856209
HHN-EDI-01,2025-02-24,General Medicine Ward A,12.875,16.791666666666668,0.7675347222222223
HHN-EDI-01,2025-02-25,General Medicine Ward A,15.083333333333334,16.833333333333332,0.8967320261437908
HHN-EDI-01,2025-02-26,General Medicine Ward A,15.333333333333334,16.916666666666668,0.9065563725490197
HHN-EDI-01,2025-02-27,General Medicine Ward A,15.458333333333334,16.791666666666668,0.9205882352941176
HHN-EDI-01,2025-02-28,General Medicine Ward A,16.5,16.75,0.9852941176470588
HHN-EDI-01,2025-03-01,General Medicine Ward A,11.291666666666666,16.875,0.6685355392156863
HHN-EDI-01,2025-03-02,General Medicine Ward A,8.791666666666666,17.0,0.517156862745098
HHN-EDI-01,2025-03-03,General Medicine Ward A,10.458333333333334,16.791666666666668,0.6239174836601308
HHN-EDI-01,2025-03-04,General Medicine Ward A,15.416666666666666,16.958333333333332,0.9093137254901961
HHN-EDI-01,2025-03-05,General Medicine Ward A,16.625,17.0,0.9779411764705882
HHN-EDI-01,2025-03-06,General Medicine Ward A,15.166666666666666,17.0,0.892156862745098
HHN-EDI-01,2025-03-07,General Medicine Ward A,13.291666666666666,17.0,0.7818627450980392
HHN-EDI-01,2025-03-08,General Medicine Ward A,13.458333333333334,16.875,0.7980596405228758
HHN-EDI-01,2025-03-09,General Medicine Ward A,13.541666666666666,16.875,0.8031352124183005
HHN-EDI-01,2025-03-10,General Medicine Ward A,15.083333333333334,17.0,0.8872549019607843
HHN-EDI-01,2025-03-11,General Medicine Ward A,16.458333333333332,16.916666666666668,0.9730392156862745
HHN-EDI-01,2025-03-12,General Medicine Ward A,16.916666666666668,17.0,0.9950980392156863
HHN-EDI-01,2025-03-13,General Medicine Ward A,16.833333333333332,16.875,0.9975490196078431
HHN-EDI-01,2025-03-14,General Medicine Ward A,16.625,16.916666666666668,0.9828431372549019
HHN-EDI-01,2025-03-15,General Medicine Ward A,16.583333333333332,17.0,0.9754901960784313
HHN-EDI-01,2025-03-16,General Medicine Ward A,16.458333333333332,16.75,0.982843137254902
HHN-EDI-01,2025-03-17,General Medicine Ward A,15.375,17.0,0.9044117647058822
HHN-EDI-01,2025-03-18,General Medicine Ward A,14.875,16.916666666666668,0.8795751633986928
HHN-EDI-01,2025-03-19,General Medicine Ward A,12.541666666666666,17.0,0.7377450980392157
HHN-EDI-01,2025-03-20,General Medicine Ward A,12.166666666666666,16.833333333333332,0.7235906862745098
HHN-EDI-01,2025-03-21,General Medicine Ward A,9.875,17.0,0.5808823529411765
HHN-EDI-01,2025-03-22,General Medicine Ward A,9.75,16.875,0.5784824346405228
HHN-EDI-01,2025-03-23,General Medicine Ward A,13.125,16.958333333333332,0.7737438725490197
HHN-EDI-01,2025-03-24,General Medicine Ward A,14.708333333333334,16.916666666666668,0.8694444444444445
HHN-EDI-01,2025-03-25,General Medicine Ward A,11.833333333333334,17.0,0.6960784313725491
HHN-EDI-01,2025-03-26,General Medicine Ward A,12.541666666666666,17.0,0.7377450980392157
HHN-EDI-01,2025-03-27,General Medicine Ward A,15.0,17.0,0.8823529411764706
HHN-EDI-01,2025-03-28,General Medicine Ward A,14.041666666666666,17.0,0.8259803921568628
HHN-EDI-01,2025-03-29,General Medicine Ward A,9.166666666666666,16.75,0.5480085784313725
HHN-EDI-01,2025-03-30,General Medicine Ward A,10.083333333333334,16.958333333333332,0.5946691176470588
HHN-EDI-01,2025-03-31,General Medicine Ward A,7.958333333333333,16.916666666666668,0.4707414215686274
HHN-EDI-01,2025-04-01,General Medicine Ward A,8.75,16.916666666666668,0.5176470588235295
HHN-EDI-01,2025-04-02,General Medicine Ward A,11.333333333333334,16.791666666666668,0.6757148692810458
HHN-EDI-01,2025-04-03,General Medicine Ward A,12.458333333333334,17.0,0.732843137254902
HHN-EDI-01,2025-04-04,General Medicine Ward A,13.875,16.916666666666668,0.8206188725490197
HHN-EDI-01,2025-04-05,General Medicine Ward A,12.0,16.791666666666668,0.715563725490196
HHN-EDI-01,2025-04-06,General Medicine Ward A,10.166666666666666,16.916666666666668,0.6011029411764707
HHN-EDI-01,2025-04-07,General Medicine Ward A,9.541666666666666,17.0,0.5612745098039216
HHN-EDI-01,2025-04-08,General Medicine Ward A,8.5,16.958333333333332,0.5013786764705882
HHN-EDI-01,2025-04-09,General Medicine Ward A,8.166666666666666,16.958333333333332,0.48161764705882354
HHN-EDI-01,2025-04-10,General Medicine Ward A,8.5,17.0,0.49999999999999994
HHN-EDI-01,2025-04-11,General Medicine Ward A,10.041666666666666,16.708333333333332,0.6014705882352941
HHN-EDI-01,2025-04-12,General Medicine Ward A,12.5,16.791666666666668,0.7450367647058824
HHN-EDI-01,2025-04-13,General Medicine Ward A,11.958333333333334,16.916666666666668,0.7070261437908497
HHN-EDI-01,2025-04-14,General Medicine Ward A,13.833333333333334,17.0,0.8137254901960783
HHN-EDI-01,2025-04-15,General Medicine Ward A,16.375,17.0,0.9632352941176471
HHN-EDI-01,2025-04-16,General Medicine Ward A,13.0,16.916666666666668,0.768954248366013
HHN-EDI-01,2025-04-17,General Medicine Ward A,10.5,16.958333333333332,0.6191789215686275
HHN-EDI-01,2025-04-18,General Medicine Ward A,9.916666666666666,16.875,0.5884599673202614
HHN-EDI-01,2025-04-19,General Medicine Ward A,10.291666666666666,16.708333333333332,0.6171364379084968
HHN-EDI-01,2025-04-20,General Medicine Ward A,10.166666666666666,16.875,0.6029922385620915
HHN-EDI-01,2025-04-21,General Medicine Ward A,10.208333333333334,17.0,0.6004901960784313
HHN-EDI-01,2025-04-22,General Medicine Ward A,9.416666666666666,16.958333333333332,0.5551470588235294
HHN-EDI-01,2025-04-23,General Medicine Ward A,8.541666666666666,16.958333333333332,0.5038296568627451
HHN-EDI-01,2025-04-24,General Medicine Ward A,6.375,16.916666666666668,0.3769607843137255
HHN-EDI-01,2025-04-25,General Medicine Ward A,6.458333333333333,16.916666666666668,0.3821895424836601
HHN-EDI-01,2025-04-26,General Medicine Ward A,8.708333333333334,16.958333333333332,0.5136335784313725
HHN-EDI-01,2025-04-27,General Medicine Ward A,9.791666666666666,16.916666666666668,0.579248366013072
HHN-EDI-01,2025-04-28,General Medicine Ward A,7.125,17.0,0.41911764705882354
HHN-EDI-01,2025-04-29,General Medicine Ward A,7.416666666666667,16.833333333333332,0.4418300653594771
HHN-EDI-01,2025-04-30,General Medicine Ward A,8.375,16.916666666666668,0.4952614379084967
HHN-EDI-01,2025-05-01,General Medicine Ward A,8.416666666666666,17.0,0.49509803921568624
HHN-EDI-01,2025-05-02,General Medicine Ward A,10.125,16.833333333333332,0.602093545751634
HHN-EDI-01,2025-05-03,General Medicine Ward A,10.458333333333334,16.958333333333332,0.6167279411764707
HHN-EDI-01,2025-05-04,General Medicine Ward A,9.583333333333334,17.0,0.5637254901960784
HHN-EDI-01,2025-05-05,General Medicine Ward A,7.125,16.916666666666668,0.42173202614379085
HHN-EDI-01,2025-05-06,General Medicine Ward A,6.666666666666667,16.875,0.3953227124183006
HHN-EDI-01,2025-05-07,General Medicine Ward A,11.291666666666666,17.0,0.6642156862745098
HHN-EDI-01,2025-05-08,General Medicine Ward A,15.541666666666666,17.0,0.9142156862745098
HHN-EDI-01,2025-05-09,General Medicine Ward A,14.958333333333334,16.875,0.8869281045751634
HHN-EDI-01,2025-05-10,General Medicine Ward A,10.958333333333334,16.916666666666668,0.6478758169934641
HHN-EDI-01,2025-05-11,General Medicine Ward A,8.458333333333334,16.833333333333332,0.5027777777777778
HHN-EDI-01,2025-05-12,General Medicine Ward A,8.916666666666666,17.0,0.5245098039215687
HHN-EDI-01,2025-05-13,General Medicine Ward A,7.625,16.916666666666668,0.45114379084967315
HHN-EDI-01,2025-05-14,General Medicine Ward A,6.458333333333333,16.916666666666668,0.3818627450980392
HHN-EDI-01,2025-05-15,General Medicine Ward A,8.291666666666666,16.833333333333332,0.4933006535947712
HHN-EDI-01,2025-05-16,General Medicine Ward A,7.5,16.875,0.4448631535947712
HHN-EDI-01,2025-05-17,General Medicine Ward A,9.458333333333334,16.791666666666668,0.5632761437908497
HHN-EDI-01,2025-05-18,General Medicine Ward A,9.25,16.916666666666668,0.5473856209150326
HHN-EDI-01,2025-05-19,General Medicine Ward A,7.291666666666667,16.708333333333332,0.43733660130718954
HHN-EDI-01,2025-05-20,General Medicine Ward A,6.458333333333333,16.958333333333332,0.38082107843137253
HHN-EDI-01,2025-05-21,General Medicine Ward A,8.375,17.0,0.4926470588235294
HHN-EDI-01,2025-05-22,General Medicine Ward A,7.833333333333333,17.0,0.46078431372549017
HHN-EDI-01,2025-05-23,General Medicine Ward A,10.666666666666666,16.916666666666668,0.631045751633987
HHN-EDI-01,2025-05-24,General Medicine Ward A,10.291666666666666,16.833333333333332,0.6118974673202614
HHN-EDI-01,2025-05-25,General Medicine Ward A,7.875,16.75,0.4701082516339869
HHN-EDI-01,2025-05-26,General Medicine Ward A,10.333333333333334,17.0,0.6078431372549019
HHN-EDI-01,2025-05-27,General Medicine Ward A,12.625,16.916666666666668,0.7463235294117646
HHN-EDI-01,2025-05-28,General Medicine Ward A,13.708333333333334,16.75,0.8193525326797385
HHN-EDI-01,2025-05-29,General Medicine Ward A,12.291666666666666,17.0,0.7230392156862745
HHN-EDI-01,2025-05-30,General Medicine Ward A,12.208333333333334,16.833333333333332,0.7253267973856209
HHN-EDI-01,2025-05-31,General Medicine Ward A,7.958333333333333,16.75,0.47598039215686266
HHN-EDI-01,2025-06-01,General Medicine Ward A,7.458333333333333,16.708333333333332,0.44712009803921565
HHN-EDI-01,2025-06-02,General Medicine Ward A,3.7916666666666665,16.916666666666668,0.22434640522875815
HHN-EDI-01,2025-06-03,General Medicine Ward A,3.7083333333333335,16.916666666666668,0.2191176470588235
HHN-EDI-01,2025-06-04,General Medicine Ward A,5.208333333333333,16.833333333333332,0.3089869281045751
HHN-EDI-01,2025-06-05,General Medicine Ward A,8.916666666666666,16.791666666666668,0.5311376633986928
HHN-EDI-01,2025-06-06,General Medicine Ward A,11.75,16.958333333333332,0.6930147058823529
HHN-EDI-01,2025-06-07,General Medicine Ward A,13.291666666666666,16.791666666666668,0.7931576797385621
HHN-EDI-01,2025-06-08,General Medicine Ward A,10.833333333333334,16.958333333333332,0.6389399509803922
HHN-EDI-01,2025-06-09,General Medicine Ward A,11.958333333333334,17.0,0.7034313725490197
HHN-EDI-01,2025-06-10,General Medicine Ward A,8.75,16.958333333333332,0.5159313725490197
HHN-EDI-01,2025-06-11,General Medicine Ward A,7.166666666666667,17.0,0.4215686274509804
HHN-EDI-01,2025-06-12,General Medicine Ward A,7.458333333333333,16.916666666666668,0.44133986928104574
HHN-EDI-01,2025-06-13,General Medicine Ward A,7.75,17.0,0.4558823529411764
HHN-EDI-01,2025-06-14,General Medicine Ward A,6.75,16.916666666666668,0.3990196078431372
HHN-EDI-01,2025-06-15,General Medicine Ward A,11.833333333333334,17.0,0.6960784313725491
HHN-EDI-01,2025-06-16,General Medicine Ward A,12.708333333333334,16.958333333333332,0.7495404411764706
HHN-EDI-01,2025-06-17,General Medicine Ward A,10.166666666666666,16.958333333333332,0.5995710784313726
HHN-EDI-01,2025-06-18,General Medicine Ward A,11.541666666666666,16.875,0.6844362745098039
HHN-EDI-01,2025-06-19,General Medicine Ward A,12.583333333333334,16.833333333333332,0.7480392156862745
HHN-EDI-01,2025-06-20,General Medicine Ward A,12.583333333333334,16.916666666666668,0.7437908496732026
HHN-EDI-01,2025-06-21,General Medicine Ward A,13.458333333333334,16.791666666666668,0.803002450980392
HHN-EDI-01,2025-06-22,General Medicine Ward A,11.458333333333334,16.833333333333332,0.6817912581699347
HHN-EDI-01,2025-06-23,General Medicine Ward A,8.666666666666666,16.833333333333332,0.5153492647058823
HHN-EDI-01,2025-06-24,General Medicine Ward A,9.166666666666666,16.916666666666668,0.5416666666666666
HHN-EDI-01,2025-06-25,General Medicine Ward A,7.083333333333333,16.916666666666668,0.41911764705882354
HHN-EDI-01,2025-06-26,General Medicine Ward A,4.541666666666667,16.916666666666668,0.2684640522875817
HHN-EDI-01,2025-06-27,General Medicine Ward A,4.583333333333333,16.833333333333332,0.27352941176470585
HHN-EDI-01,2025-06-28,General Medicine Ward A,5.166666666666667,16.875,0.30647467320261434
HHN-EDI-01,2025-06-29,General Medicine Ward A,5.5,16.791666666666668,0.3280433006535947
HHN-EDI-01,2025-06-30,General Medicine Ward A,7.916666666666667,16.875,0.46856617647058824
HHN-EDI-01,2025-07-01,General Medicine Ward A,10.458333333333334,17.0,0.6151960784313726
HHN-EDI-01,2025-07-02,General Medicine Ward A,7.75,17.0,0.4558823529411764
HHN-EDI-01,2025-07-03,General Medicine Ward A,7.75,17.0,0.4558823529411764
HHN-EDI-01,2025-07-04,General Medicine Ward A,5.125,16.958333333333332,0.3023897058823529
HHN-EDI-01,2025-07-05,General Medicine Ward A,2.75,16.916666666666668,0.16253063725490194
HHN-EDI-01,2025-07-06,General Medicine Ward A,3.375,16.916666666666668,0.1998366013071895
HHN-EDI-01,2025-07-07,General Medicine Ward A,4.625,17.0,0.27205882352941174
HHN-EDI-01,2025-07-08,General Medicine Ward A,6.666666666666667,17.0,0.392156862745098
HHN-EDI-01,2025-07-09,General Medicine Ward A,4.333333333333333,16.916666666666668,0.25628063725490197
HHN-EDI-01,2025-07-10,General Medicine Ward A,4.375,16.916666666666668,0.2583333333333333
HHN-EDI-01,2025-07-11,General Medicine Ward A,8.375,16.875,0.4966401143790849
HHN-EDI-01,2025-07-12,General Medicine Ward A,9.958333333333334,16.875,0.5912377450980392
HHN-EDI-01,2025-07-13,General Medicine Ward A,10.958333333333334,16.875,0.6500408496732026
HHN-EDI-01,2025-07-14,General Medicine Ward A,12.416666666666666,17.0,0.7303921568627451
HHN-EDI-01,2025-07-15,General Medicine Ward A,12.541666666666666,16.958333333333332,0.7397365196078431
HHN-EDI-01,2025-07-16,General Medicine Ward A,11.5,16.958333333333332,0.678155637254902
HHN-EDI-01,2025-07-17,General Medicine Ward A,9.75,16.916666666666668,0.5767973856209151
HHN-EDI-01,2025-07-18,General Medicine Ward A,12.583333333333334,16.916666666666668,0.7444444444444445
HHN-EDI-01,2025-07-19,General Medicine Ward A,12.125,16.916666666666668,0.717156862745098
HHN-EDI-01,2025-07-20,General Medicine Ward A,9.625,16.75,0.5769301470588235
HHN-EDI-01,2025-07-21,General Medicine Ward A,6.833333333333333,16.958333333333332,0.4030330882352941
HHN-EDI-01,2025-07-22,General Medicine Ward A,8.083333333333334,17.0,0.4754901960784313
HHN-EDI-01,2025-07-23,General Medicine Ward A,7.666666666666667,17.0,0.4509803921568627
HHN-EDI-01,2025-07-24,General Medicine Ward A,8.333333333333334,17.0,0.49019607843137253
HHN-EDI-01,2025-07-25,General Medicine Ward A,9.875,17.0,0.5808823529411765
HHN-EDI-01,2025-07-26,General Medicine Ward A,10.791666666666666,17.0,0.6348039215686275
HHN-EDI-01,2025-07-27,General Medicine Ward A,10.083333333333334,16.791666666666668,0.6016850490196078
HHN-EDI-01,2025-07-28,General Medicine Ward A,8.833333333333334,17.0,0.5196078431372549
HHN-EDI-01,2025-07-29,General Medicine Ward A,8.5,16.916666666666668,0.5026143790849673
HHN-EDI-01,2025-07-30,General Medicine Ward A,9.708333333333334,16.958333333333332,0.5726102941176471
HHN-EDI-01,2025-07-31,General Medicine Ward A,7.0,16.916666666666668,0.41339869281045744
HHN-EDI-01,2025-08-01,General Medicine Ward A,4.583333333333333,16.958333333333332,0.2702205882352941
HHN-EDI-01,2025-08-02,General Medicine Ward A,8.0,16.791666666666668,0.4771956699346405
HHN-EDI-01,2025-08-03,General Medicine Ward A,10.875,16.958333333333332,0.6415441176470588
HHN-EDI-01,2025-08-04,General Medicine Ward A,12.416666666666666,16.875,0.7366319444444445
HHN-EDI-01,2025-08-05,General Medicine Ward A,10.791666666666666,16.75,0.6452614379084968
HHN-EDI-01,2025-08-06,General Medicine Ward A,8.041666666666666,16.791666666666668,0.47995302287581704
HHN-EDI-01,2025-08-07,General Medicine Ward A,5.916666666666667,17.0,0.34803921568627444
HHN-EDI-01,2025-08-08,General Medicine Ward A,5.416666666666667,16.916666666666668,0.3205882352941176
HHN-EDI-01,2025-08-09,General Medicine Ward A,5.875,16.75,0.3511437908496731
HHN-EDI-01,2025-08-10,General Medicine Ward A,6.458333333333333,16.958333333333332,0.38082107843137253
HHN-EDI-01,2025-08-11,General Medicine Ward A,6.958333333333333,16.916666666666668,0.4112745098039215
HHN-EDI-01,2025-08-12,General Medicine Ward A,13.125,17.0,0.7720588235294118
HHN-EDI-01,2025-08-13,General Medicine Ward A,15.291666666666666,16.791666666666668,0.9117647058823529
HHN-EDI-01,2025-08-14,General Medicine Ward A,14.75,16.875,0.873406862745098
HHN-EDI-01,2025-08-15,General Medicine Ward A,12.333333333333334,16.875,0.7312500000000001
HHN-EDI-01,2025-08-16,General Medicine Ward A,11.875,16.916666666666668,0.7024509803921569
HHN-EDI-01,2025-08-17,General Medicine Ward A,12.166666666666666,16.833333333333332,0.7234375000000001
HHN-EDI-01,2025-08-18,General Medicine Ward A,11.333333333333334,16.791666666666668,0.675061274509804
HHN-EDI-01,2025-08-19,General Medicine Ward A,10.458333333333334,16.958333333333332,0.6165747549019608
HHN-EDI-01,2025-08-20,General Medicine Ward A,10.958333333333334,16.875,0.6495404411764706
HHN-EDI-01,2025-08-21,General Medicine Ward A,10.541666666666666,16.833333333333332,0.6253267973856209
HHN-EDI-01,2025-08-22,General Medicine Ward A,13.958333333333334,16.875,0.8272058823529411
HHN-EDI-01,2025-08-23,General Medicine Ward A,13.791666666666666,16.958333333333332,0.8134191176470588
HHN-EDI-01,2025-08-24,General Medicine Ward A,11.625,16.916666666666668,0.6875
HHN-EDI-01,2025-08-25,General Medicine Ward A,8.833333333333334,16.875,0.5240808823529411
HHN-EDI-01,2025-08-26,General Medicine Ward A,6.5,16.833333333333332,0.3864583333333333
HHN-EDI-01,2025-08-27,General Medicine Ward A,3.2083333333333335,16.958333333333332,0.189031862745098
HHN-EDI-01,2025-08-28,General Medicine Ward A,5.625,16.916666666666668,0.3321895424836601
HHN-EDI-01,2025-08-29,General Medicine Ward A,6.833333333333333,16.958333333333332,0.4030330882352941
HHN-EDI-01,2025-08-30,General Medicine Ward A,5.666666666666667,16.958333333333332,0.33425245098039214
HHN-EDI-01,2025-08-31,General Medicine Ward A,7.333333333333333,16.875,0.43473243464052286
HHN-EDI-01,2025-09-01,General Medicine Ward A,7.458333333333333,16.958333333333332,0.43995098039215685
HHN-EDI-01,2025-09-02,General Medicine Ward A,8.5,16.875,0.5041666666666667
HHN-EDI-01,2025-09-03,General Medicine Ward A,8.0,16.833333333333332,0.4761335784313725
HHN-EDI-01,2025-09-04,General Medicine Ward A,9.625,16.875,0.5704963235294117
HHN-EDI-01,2025-09-05,General Medicine Ward A,11.666666666666666,16.916666666666668,0.6901960784313727
HHN-EDI-01,2025-09-06,General Medicine Ward A,11.291666666666666,17.0,0.6642156862745098
HHN-EDI-01,2025-09-07,General Medicine Ward A,9.416666666666666,16.916666666666668,0.5571384803921569
HHN-EDI-01,2025-09-08,General Medicine Ward A,7.333333333333333,17.0,0.4313725490196078
HHN-EDI-01,2025-09-09,General Medicine Ward A,4.958333333333333,17.0,0.29166666666666663
HHN-EDI-01,2025-09-10,General Medicine Ward A,6.041666666666667,16.958333333333332,0.3564644607843137
HHN-EDI-01,2025-09-11,General Medicine Ward A,8.166666666666666,16.916666666666668,0.48398692810457516
HHN-EDI-01,2025-09-12,General Medicine Ward A,11.041666666666666,16.916666666666668,0.6531862745098039
HHN-EDI-01,2025-09-13,General Medicine Ward A,8.541666666666666,16.916666666666668,0.5053921568627451
HHN-EDI-01,2025-09-14,General Medicine Ward A,9.166666666666666,16.833333333333332,0.5450674019607843
HHN-EDI-01,2025-09-15,General Medicine Ward A,9.833333333333334,16.75,0.5879084967320262
HHN-EDI-01,2025-09-16,General Medicine Ward A,7.416666666666667,16.958333333333332,0.43734681372549017
HHN-EDI-01,2025-09-17,General Medicine Ward A,5.083333333333333,17.0,0.29901960784313725
HHN-EDI-01,2025-09-18,General Medicine Ward A,8.833333333333334,16.916666666666668,0.5219056372549019
HHN-EDI-01,2025-09-19,General Medicine Ward A,11.125,16.916666666666668,0.6580065359477124
HHN-EDI-01,2025-09-20,General Medicine Ward A,11.958333333333334,16.958333333333332,0.7049632352941176
HHN-EDI-01,2025-09-21,General Medicine Ward A,16.916666666666668,16.916666666666668,1.0
HHN-EDI-01,2025-09-22,General Medicine Ward A,15.041666666666666,16.916666666666668,0.8897058823529411
HHN-EDI-01,2025-09-23,General Medicine Ward A,12.125,16.916666666666668,0.717483660130719
HHN-EDI-01,2025-09-24,General Medicine Ward A,14.125,16.958333333333332,0.8333333333333334
HHN-EDI-01,2025-09-25,General Medicine Ward A,14.75,16.833333333333332,0.8774509803921569
HHN-EDI-01,2025-09-26,General Medicine Ward A,12.25,16.958333333333332,0.7224264705882354
HHN-EDI-01,2025-09-27,General Medicine Ward A,10.541666666666666,16.791666666666668,0.6292994281045752
HHN-EDI-01,2025-09-28,General Medicine Ward A,12.291666666666666,16.833333333333332,0.7308823529411765
HHN-EDI-01,2025-09-29,General Medicine Ward A,9.583333333333334,16.916666666666668,0.5669934640522876
HHN-EDI-01,2025-09-30,General Medicine Ward A,8.166666666666666,16.833333333333332,0.48562091503267973
HHN-EDI-01,2025-10-01,General Medicine Ward A,7.375,17.0,0.4338235294117647
HHN-EDI-01,2025-10-02,General Medicine Ward A,7.75,17.0,0.45588235294117646
HHN-EDI-01,2025-10-03,General Medicine Ward A,7.416666666666667,16.916666666666668,0.43856209150326797
HHN-EDI-01,2025-10-04,General Medicine Ward A,6.708333333333333,16.833333333333332,0.39852941176470585
HHN-EDI-01,2025-10-05,General Medicine Ward A,7.958333333333333,16.916666666666668,0.47107843137254896
HHN-EDI-01,2025-10-06,General Medicine Ward A,10.666666666666666,16.958333333333332,0.6288296568627451
HHN-EDI-01,2025-10-07,General Medicine Ward A,12.25,17.0,0.7205882352941176
HHN-EDI-01,2025-10-08,General Medicine Ward A,7.666666666666667,17.0,0.4509803921568627
HHN-EDI-01,2025-10-09,General Medicine Ward A,8.666666666666666,17.0,0.5098039215686274
HHN-EDI-01,2025-10-10,General Medicine Ward A,6.958333333333333,17.0,0.409313725490196
HHN-EDI-01,2025-10-11,General Medicine Ward A,10.0,16.875,0.5926776960784313
HHN-EDI-01,2025-10-12,General Medicine Ward A,11.791666666666666,16.916666666666668,0.6973039215686274
HHN-EDI-01,2025-10-13,General Medicine Ward A,11.791666666666666,16.875,0.6993872549019607
HHN-EDI-01,2025-10-14,General Medicine Ward A,9.625,16.916666666666668,0.5691176470588236
HHN-EDI-01,2025-10-15,General Medicine Ward A,7.375,17.0,0.43382352941176466
HHN-EDI-01,2025-10-16,General Medicine Ward A,9.333333333333334,17.0,0.5490196078431372
HHN-EDI-01,2025-10-17,General Medicine Ward A,12.25,16.833333333333332,0.7286866830065359
HHN-EDI-01,2025-10-18,General Medicine Ward A,11.458333333333334,16.916666666666668,0.6782679738562091
HHN-EDI-01,2025-10-19,General Medicine Ward A,11.916666666666666,16.958333333333332,0.7028186274509803
HHN-EDI-01,2025-10-20,General Medicine Ward A,16.166666666666668,17.0,0.9509803921568626
HHN-EDI-01,2025-10-21,General Medicine Ward A,14.375,16.958333333333332,0.8478860294117646
HHN-EDI-01,2025-10-22,General Medicine Ward A,13.375,16.916666666666668,0.7909007352941176
HHN-EDI-01,2025-10-23,General Medicine Ward A,10.166666666666666,17.0,0.5980392156862745
HHN-EDI-01,2025-10-24,General Medicine Ward A,9.833333333333334,16.875,0.5832312091503268
HHN-EDI-01,2025-10-25,General Medicine Ward A,14.083333333333334,16.916666666666668,0.8326797385620915
HHN-EDI-01,2025-10-26,General Medicine Ward A,12.791666666666666,17.0,0.7524509803921569
HHN-EDI-01,2025-10-27,General Medicine Ward A,12.458333333333334,17.0,0.7328431372549019
HHN-EDI-01,2025-10-28,General Medicine Ward A,7.958333333333333,16.916666666666668,0.47075163398692804
HHN-EDI-01,2025-10-29,General Medicine Ward A,11.25,16.916666666666668,0.665359477124183
HHN-EDI-01,2025-10-30,General Medicine Ward A,7.708333333333333,16.75,0.46241830065359474
HHN-EDI-01,2025-10-31,General Medicine Ward A,5.333333333333333,16.708333333333332,0.31956699346405226
HHN-EDI-01,2025-11-01,General Medicine Ward A,6.625,16.916666666666668,0.3919934640522875
HHN-EDI-01,2025-11-02,General Medicine Ward A,13.25,16.583333333333332,0.7985804738562091
HHN-EDI-01,2025-11-03,General Medicine Ward A,16.458333333333332,16.791666666666668,0.9803921568627451
HHN-EDI-01,2025-11-04,General Medicine Ward A,17.0,17.0,1.0
HHN-EDI-01,2025-11-05,General Medicine Ward A,16.75,16.75,1.0
HHN-EDI-01,2025-11-06,General Medicine Ward A,15.541666666666666,17.0,0.9142156862745098
HHN-EDI-01,2025-11-07,General Medicine Ward A,16.458333333333332,16.958333333333332,0.9705882352941176
HHN-EDI-01,2025-11-08,General Medicine Ward A,15.5,16.875,0.9191176470588235
HHN-EDI-01,2025-11-09,General Medicine Ward A,14.083333333333334,16.916666666666668,0.8328737745098039
HHN-EDI-01,2025-11-10,General Medicine Ward A,11.875,17.0,0.698529411764706
HHN-EDI-01,2025-11-11,General Medicine Ward A,9.833333333333334,16.916666666666668,0.5816993464052288
HHN-EDI-01,2025-11-12,General Medicine Ward A,9.416666666666666,16.833333333333332,0.5604575163398693
HHN-EDI-01,2025-11-13,General Medicine Ward A,11.875,16.791666666666668,0.7073835784313726
HHN-EDI-01,2025-11-14,General Medicine Ward A,9.958333333333334,17.0,0.5857843137254902
HHN-EDI-01,2025-11-15,General Medicine Ward A,10.083333333333334,16.791666666666668,0.6021650326797385
HHN-EDI-01,2025-11-16,General Medicine Ward A,10.583333333333334,16.958333333333332,0.6240808823529412
HHN-EDI-01,2025-11-17,General Medicine Ward A,15.958333333333334,16.958333333333332,0.9410232843137254
HHN-EDI-01,2025-11-18,General Medicine Ward A,16.5,16.833333333333332,0.9803921568627451
HHN-EDI-01,2025-11-19,General Medicine Ward A,12.708333333333334,17.0,0.7475490196078431
HHN-EDI-01,2025-11-20,General Medicine Ward A,12.166666666666666,17.0,0.7156862745098039
HHN-EDI-01,2025-11-21,General Medicine Ward A,13.083333333333334,17.0,0.7696078431372548
HHN-EDI-01,2025-11-22,General Medicine Ward A,13.041666666666666,16.666666666666668,0.7836907679738562
HHN-EDI-01,2025-11-23,General Medicine Ward A,10.625,17.0,0.625
HHN-EDI-01,2025-11-24,General Medicine Ward A,11.083333333333334,17.0,0.6519607843137255
HHN-EDI-01,2025-11-25,General Medicine Ward A,12.458333333333334,16.916666666666668,0.7360600490196078
HHN-EDI-01,2025-11-26,General Medicine Ward A,14.625,16.875,0.8673406862745098
HHN-EDI-01,2025-11-27,General Medicine Ward A,15.333333333333334,16.875,0.9091605392156863
HHN-EDI-01,2025-11-28,General Medicine Ward A,16.5,17.0,0.9705882352941176
HHN-EDI-01,2025-11-29,General Medicine Ward A,14.833333333333334,16.791666666666668,0.8844975490196078
HHN-EDI-01,2025-11-30,General Medicine Ward A,15.333333333333334,16.916666666666668,0.9062091503267973
HHN-EDI-01,2025-12-01,General Medicine Ward A,15.625,16.875,0.926470588235294
HHN-EDI-01,2025-12-02,General Medicine Ward A,12.208333333333334,16.833333333333332,0.7263071895424836
HHN-EDI-01,2025-12-03,General Medicine Ward A,14.166666666666666,16.833333333333332,0.842483660130719
HHN-EDI-01,2025-12-04,General Medicine Ward A,14.583333333333334,16.833333333333332,0.8668607026143791
HHN-EDI-01,2025-12-05,General Medicine Ward A,14.458333333333334,16.958333333333332,0.8526348039215685
HHN-EDI-01,2025-12-06,General Medicine Ward A,14.083333333333334,16.875,0.834671160130719
HHN-EDI-01,2025-12-07,General Medicine Ward A,16.166666666666668,16.666666666666668,0.9705882352941176
HHN-EDI-01,2025-12-08,General Medicine Ward A,14.833333333333334,16.875,0.879595588235294
HHN-EDI-01,2025-12-09,General Medicine Ward A,11.666666666666666,16.916666666666668,0.6901960784313727
HHN-EDI-01,2025-12-10,General Medicine Ward A,10.416666666666666,16.833333333333332,0.6196078431372549
HHN-EDI-01,2025-12-11,General Medicine Ward A,12.375,16.708333333333332,0.7412173202614379
HHN-EDI-01,2025-12-12,General Medicine Ward A,11.916666666666666,16.791666666666668,0.7103349673202614
HHN-EDI-01,2025-12-13,General Medicine Ward A,14.333333333333334,16.833333333333332,0.8524816176470588
HHN-EDI-01,2025-12-14,General Medicine Ward A,14.333333333333334,17.0,0.8431372549019608
HHN-EDI-01,2025-12-15,General Medicine Ward A,15.041666666666666,16.833333333333332,0.8946078431372548
HHN-EDI-01,2025-12-16,General Medicine Ward A,16.083333333333332,16.833333333333332,0.9555759803921569
HHN-EDI-01,2025-12-17,General Medicine Ward A,17.0,17.0,1.0
HHN-EDI-01,2025-12-18,General Medicine Ward A,15.875,17.0,0.9338235294117646
HHN-EDI-01,2025-12-19,General Medicine Ward A,13.916666666666666,17.0,0.818627450980392
HHN-EDI-01,2025-12-20,General Medicine Ward A,13.083333333333334,16.708333333333332,0.7848856209150327
HHN-EDI-01,2025-12-21,General Medicine Ward A,15.083333333333334,16.791666666666668,0.898876633986928
HHN-EDI-01,2025-12-22,General Medicine Ward A,16.875,16.875,1.0
HHN-EDI-01,2025-12-23,General Medicine Ward A,16.875,16.875,1.0
HHN-EDI-01,2025-12-24,General Medicine Ward A,16.833333333333332,16.833333333333332,1.0
HHN-EDI-01,2025-12-25,General Medicine Ward A,16.708333333333332,16.958333333333332,0.9852941176470589
HHN-EDI-01,2025-12-26,General Medicine Ward A,16.916666666666668,16.916666666666668,1.0
HHN-EDI-01,2025-12-27,General Medicine Ward A,16.666666666666668,16.916666666666668,0.9852941176470589
HHN-EDI-01,2025-12-28,General Medicine Ward A,16.708333333333332,16.708333333333332,1.0
HHN-EDI-01,2025-12-29,General Medicine Ward A,16.833333333333332,16.833333333333332,1.0
HHN-EDI-01,2025-12-30,General Medicine Ward A,16.708333333333332,16.708333333333332,1.0
HHN-EDI-01,2025-12-31,General Medicine Ward A,16.958333333333332,16.958333333333332,1.0
HHN-LON-01,2024-01-01,General Medicine Ward A,5.208333333333333,34.625,0.15026041666666665
HHN-LON-01,2024-01-02,General Medicine Ward A,20.625,34.666666666666664,0.5939608134920634
HHN-LON-01,2024-01-03,General Medicine Ward A,31.0,35.0,0.8857142857142857
HHN-LON-01,2024-01-04,General Medicine Ward A,34.458333333333336,34.458333333333336,1.0
HHN-LON-01,2024-01-05,General Medicine Ward A,34.416666666666664,34.416666666666664,1.0
HHN-LON-01,2024-01-06,General Medicine Ward A,34.583333333333336,34.625,0.9988095238095238
HHN-LON-01,2024-01-07,General Medicine Ward A,34.541666666666664,34.541666666666664,1.0
HHN-LON-01,2024-01-08,General Medicine Ward A,34.625,35.0,0.9892857142857143
HHN-LON-01,2024-01-09,General Medicine Ward A,32.208333333333336,34.791666666666664,0.9261904761904761
HHN-LON-01,2024-01-10,General Medicine Ward A,33.625,34.791666666666664,0.9666666666666667
HHN-LON-01,2024-01-11,General Medicine Ward A,34.708333333333336,34.708333333333336,1.0
HHN-LON-01,2024-01-12,General Medicine Ward A,34.416666666666664,34.416666666666664,1.0
HHN-LON-01,2024-01-13,General Medicine Ward A,34.208333333333336,34.5,0.9916666666666667
HHN-LON-01,2024-01-14,General Medicine Ward A,34.5,34.5,1.0
HHN-LON-01,2024-01-15,General Medicine Ward A,34.75,34.75,1.0
HHN-LON-01,2024-01-16,General Medicine Ward A,33.833333333333336,34.708333333333336,0.975
HHN-LON-01,2024-01-17,General Medicine Ward A,26.25,34.666666666666664,0.7580977182539682
HHN-LON-01,2024-01-18,General Medicine Ward A,21.708333333333332,34.791666666666664,0.6240079365079365
HHN-LON-01,2024-01-19,General Medicine Ward A,19.875,34.791666666666664,0.5724206349206349
HHN-LON-01,2024-01-20,General Medicine Ward A,17.166666666666668,34.875,0.4922258297258297
HHN-LON-01,2024-01-21,General Medicine Ward A,17.375,34.541666666666664,0.5034080298786181
HHN-LON-01,2024-01-22,General Medicine Ward A,24.416666666666668,34.5,0.7099927849927851
HHN-LON-01,2024-01-23,General Medicine Ward A,26.416666666666668,34.958333333333336,0.7557072829131654
HHN-LON-01,2024-01-24,General Medicine Ward A,26.875,34.958333333333336,0.7686974789915966
HHN-LON-01,2024-01-25,General Medicine Ward A,27.916666666666668,34.833333333333336,0.8019542191876751
HHN-LON-01,2024-01-26,General Medicine Ward A,31.125,34.833333333333336,0.894047619047619
HHN-LON-01,2024-01-27,General Medicine Ward A,32.541666666666664,34.5,0.9440476190476191
HHN-LON-01,2024-01-28,General Medicine Ward A,33.25,34.75,0.9571428571428572
HHN-LON-01,2024-01-29,General Medicine Ward A,34.25,34.708333333333336,0.986904761904762
HHN-LON-01,2024-01-30,General Medicine Ward A,34.541666666666664,34.625,0.9976190476190476
HHN-LON-01,2024-01-31,General Medicine Ward A,33.458333333333336,34.791666666666664,0.9619047619047619
HHN-LON-01,2024-02-01,General Medicine Ward A,34.375,34.583333333333336,0.9940476190476191
HHN-LON-01,2024-02-02,General Medicine Ward A,34.291666666666664,34.291666666666664,1.0
HHN-LON-01,2024-02-03,General Medicine Ward A,34.25,34.875,0.9821428571428572
HHN-LON-01,2024-02-04,General Medicine Ward A,32.75,34.375,0.9535714285714286
HHN-LON-01,2024-02-05,General Medicine Ward A,34.291666666666664,34.833333333333336,0.9845238095238096
HHN-LON-01,2024-02-06,General Medicine Ward A,34.666666666666664,34.666666666666664,1.0
HHN-LON-01,2024-02-07,General Medicine Ward A,34.416666666666664,34.416666666666664,1.0
HHN-LON-01,2024-02-08,General Medicine Ward A,34.583333333333336,34.583333333333336,1.0
HHN-LON-01,2024-02-09,General Medicine Ward A,34.708333333333336,34.708333333333336,1.0
HHN-LON-01,2024-02-10,General Medicine Ward A,35.0,35.0,1.0
HHN-LON-01,2024-02-11,General Medicine Ward A,33.708333333333336,34.291666666666664,0.9833333333333334
HHN-LON-01,2024-02-12,General Medicine Ward A,33.75,34.75,0.971218487394958
HHN-LON-01,2024-02-13,General Medicine Ward A,32.625,34.25,0.9534598214285714
HHN-LON-01,2024-02-14,General Medicine Ward A,31.333333333333332,35.0,0.8952380952380953
HHN-LON-01,2024-02-15,General Medicine Ward A,31.916666666666668,35.0,0.9119047619047619
HHN-LON-01,2024-02-16,General Medicine Ward A,34.583333333333336,34.791666666666664,0.9940476190476191
HHN-LON-01,2024-02-17,General Medicine Ward A,34.333333333333336,34.375,0.9988095238095238
HHN-LON-01,2024-02-18,General Medicine Ward A,34.375,34.375,1.0
HHN-LON-01,2024-02-19,General Medicine Ward A,34.958333333333336,34.958333333333336,1.0
HHN-LON-01,2024-02-20,General Medicine Ward A,34.666666666666664,34.666666666666664,1.0
HHN-LON-01,2024-02-21,General Medicine Ward A,33.791666666666664,34.541666666666664,0.9785714285714286
HHN-LON-01,2024-02-22,General Medicine Ward A,34.791666666666664,35.0,0.9940476190476191
HHN-LON-01,2024-02-23,General Medicine Ward A,34.041666666666664,34.208333333333336,0.9952380952380953
HHN-LON-01,2024-02-24,General Medicine Ward A,34.541666666666664,34.625,0.9976190476190476
HHN-LON-01,2024-02-25,General Medicine Ward A,34.25,34.916666666666664,0.980952380952381
HHN-LON-01,2024-02-26,General Medicine Ward A,34.791666666666664,34.791666666666664,1.0
HHN-LON-01,2024-02-27,General Medicine Ward A,33.541666666666664,34.375,0.9761554621848739
HHN-LON-01,2024-02-28,General Medicine Ward A,34.916666666666664,34.916666666666664,1.0
HHN-LON-01,2024-02-29,General Medicine Ward A,34.708333333333336,34.708333333333336,1.0
HHN-LON-01,2024-03-01,General Medicine Ward A,29.666666666666668,35.0,0.8476190476190476
HHN-LON-01,2024-03-02,General Medicine Ward A,25.0,34.791666666666664,0.7202380952380952
HHN-LON-01,2024-03-03,General Medicine Ward A,29.833333333333332,34.833333333333336,0.8569892473118279
HHN-LON-01,2024-03-04,General Medicine Ward A,30.25,35.0,0.8642857142857143
HHN-LON-01,2024-03-05,General Medicine Ward A,34.083333333333336,34.916666666666664,0.9761904761904762
HHN-LON-01,2024-03-06,General Medicine Ward A,35.0,35.0,1.0
HHN-LON-01,2024-03-07,General Medicine Ward A,34.958333333333336,34.958333333333336,1.0
HHN-LON-01,2024-03-08,General Medicine Ward A,34.666666666666664,34.666666666666664,1.0
HHN-LON-01,2024-03-09,General Medicine Ward A,34.916666666666664,34.916666666666664,1.0
HHN-LON-01,2024-03-10,General Medicine Ward A,34.791666666666664,34.791666666666664,1.0
HHN-LON-01,2024-03-11,General Medicine Ward A,35.0,35.0,1.0
HHN-LON-01,2024-03-12,General Medicine Ward A,33.041666666666664,35.0,0.9440476190476191
HHN-LON-01,2024-03-13,General Medicine Ward A,31.375,34.75,0.9035714285714286
HHN-LON-01,2024-03-14,General Medicine Ward A,28.708333333333332,34.791666666666664,0.8248647186147187
HHN-LON-01,2024-03-15,General Medicine Ward A,25.25,35.0,0.7214285714285714
HHN-LON-01,2024-03-16,General Medicine Ward A,30.541666666666668,34.583333333333336,0.8843253968253969
HHN-LON-01,2024-03-17,General Medicine Ward A,33.875,34.25,0.9892857142857143
HHN-LON-01,2024-03-18,General Medicine Ward A,33.25,34.791666666666664,0.955952380952381
HHN-LON-01,2024-03-19,General Medicine Ward A,29.083333333333332,34.916666666666664,0.8328282828282828
HHN-LON-01,2024-03-20,General Medicine Ward A,24.833333333333332,35.0,0.7095238095238096
HHN-LON-01,2024-03-21,General Medicine Ward A,27.25,34.541666666666664,0.7898530233207652
HHN-LON-01,2024-03-22,General Medicine Ward A,27.833333333333332,35.0,0.7952380952380952
HHN-LON-01,2024-03-23,General Medicine Ward A,30.291666666666668,34.5,0.8792950513538749
HHN-LON-01,2024-03-24,General Medicine Ward A,30.833333333333332,34.375,0.8984747023809524
HHN-LON-01,2024-03-25,General Medicine Ward A,32.083333333333336,34.833333333333336,0.9212469362745098
HHN-LON-01,2024-03-26,General Medicine Ward A,32.958333333333336,35.0,0.9416666666666668
HHN-LON-01,2024-03-27,General Medicine Ward A,26.791666666666668,34.791666666666664,0.7704376352813854
HHN-LON-01,2024-03-28,General Medicine Ward A,23.541666666666668,34.833333333333336,0.6767665130568356
HHN-LON-01,2024-03-29,General Medicine Ward A,19.458333333333332,34.583333333333336,0.5634751212312882
HHN-LON-01,2024-03-30,General Medicine Ward A,18.291666666666668,34.666666666666664,0.5278417818740399
HHN-LON-01,2024-03-31,General Medicine Ward A,23.458333333333332,34.708333333333336,0.6767857142857143
HHN-LON-01,2024-04-01,General Medicine Ward A,26.708333333333332,34.916666666666664,0.7648268398268399
HHN-LON-01,2024-04-02,General Medicine Ward A,32.833333333333336,34.875,0.9416666666666668
HHN-LON-01,2024-04-03,General Medicine Ward A,35.0,35.0,1.0
HHN-LON-01,2024-04-04,General Medicine Ward A,28.458333333333332,34.833333333333336,0.817857142857143
HHN-LON-01,2024-04-05,General Medicine Ward A,23.75,35.0,0.6785714285714285
HHN-LON-01,2024-04-06,General Medicine Ward A,25.208333333333332,34.75,0.7256069094304388
HHN-LON-01,2024-04-07,General Medicine Ward A,33.625,34.958333333333336,0.961764705882353
HHN-LON-01,2024-04-08,General Medicine Ward A,35.0,35.0,1.0
HHN-LON-01,2024-04-09,General Medicine Ward A,34.875,34.875,1.0
HHN-LON-01,2024-04-10,General Medicine Ward A,34.375,34.375,1.0
HHN-LON-01,2024-04-11,General Medicine Ward A,34.875,34.875,1.0
HHN-LON-01,2024-04-12,General Medicine Ward A,34.458333333333336,34.958333333333336,0.9857142857142858
HHN-LON-01,2024-04-13,General Medicine Ward A,31.875,35.0,0.9107142857142857
HHN-LON-01,2024-04-14,General Medicine Ward A,29.708333333333332,34.666666666666664,0.8580233134920635
HHN-LON-01,2024-04-15,General Medicine Ward A,23.458333333333332,34.75,0.676202147525677
HHN-LON-01,2024-04-16,General Medicine Ward A,24.208333333333332,34.833333333333336,0.6955069124423963
HHN-LON-01,2024-04-17,General Medicine Ward A,23.875,35.0,0.682142857142857
HHN-LON-01,2024-04-18,General Medicine Ward A,25.875,34.958333333333336,0.7400910364145658
HHN-LON-01,2024-04-19,General Medicine Ward A,26.666666666666668,34.833333333333336,0.7662058371735792
HHN-LON-01,2024-04-20,General Medicine Ward A,27.791666666666668,34.75,0.8000237191650853
HHN-LON-01,2024-04-21,General Medicine Ward A,26.708333333333332,34.791666666666664,0.7680555555555556
HHN-LON-01,2024-04-22,General Medicine Ward A,25.125,34.791666666666664,0.7232142857142857
HHN-LON-01,2024-04-23,General Medicine Ward A,20.25,34.875,0.5802455357142857
HHN-LON-01,2024-04-24,General Medicine Ward A,13.166666666666666,34.458333333333336,0.3823668714797747
HHN-LON-01,2024-04-25,General Medicine Ward A,15.75,34.958333333333336,0.4505602240896358
HHN-LON-01,2024-04-26,General Medicine Ward A,20.416666666666668,35.0,0.5833333333333334
HHN-LON-01,2024-04-27,General Medicine Ward A,27.5,34.791666666666664,0.7907478805916307
HHN-LON-01,2024-04-28,General Medicine Ward A,28.833333333333332,34.875,0.8269345238095238
HHN-LON-01,2024-04-29,General Medicine Ward A,20.833333333333332,34.833333333333336,0.5983521533613445
HHN-LON-01,2024-04-30,General Medicine Ward A,21.083333333333332,35.0,0.6023809523809524
HHN-LON-01,2024-05-01,General Medicine Ward A,23.125,34.875,0.6628348214285714
HHN-LON-01,2024-05-02,General Medicine Ward A,24.916666666666668,34.75,0.7177754435107376
HHN-LON-01,2024-05-03,General Medicine Ward A,24.458333333333332,34.875,0.7015997023809524
HHN-LON-01,2024-05-04,General Medicine Ward A,25.666666666666668,34.583333333333336,0.7435498930755098
HHN-LON-01,2024-05-05,General Medicine Ward A,24.166666666666668,34.875,0.6933324845089551
HHN-LON-01,2024-05-06,General Medicine Ward A,24.791666666666668,35.0,0.7083333333333334
HHN-LON-01,2024-05-07,General Medicine Ward A,28.875,34.625,0.835362263184844
HHN-LON-01,2024-05-08,General Medicine Ward A,30.25,34.958333333333336,0.8653011204481792
HHN-LON-01,2024-05-09,General Medicine Ward A,30.416666666666668,34.916666666666664,0.8712121212121212
HHN-LON-01,2024-05-10,General Medicine Ward A,27.208333333333332,34.791666666666664,0.7827380952380952
HHN-LON-01,2024-05-11,General Medicine Ward A,30.291666666666668,34.625,0.8758951118326118
HHN-LON-01,2024-05-12,General Medicine Ward A,26.583333333333332,35.0,0.7595238095238095
HHN-LON-01,2024-05-13,General Medicine Ward A,28.708333333333332,34.791666666666664,0.8252959248215416
HHN-LON-01,2024-05-14,General Medicine Ward A,30.958333333333332,34.875,0.8879836309523809
HHN-LON-01,2024-05-15,General Medicine Ward A,22.333333333333332,34.875,0.6406622023809524
HHN-LON-01,2024-05-16,General Medicine Ward A,22.208333333333332,35.0,0.6345238095238095
HHN-LON-01,2024-05-17,General Medicine Ward A,23.75,34.916666666666664,0.6801587301587301
HHN-LON-01,2024-05-18,General Medicine Ward A,23.583333333333332,34.708333333333336,0.6801587301587301
HHN-LON-01,2024-05-19,General Medicine Ward A,20.125,34.625,0.5818488853874882
HHN-LON-01,2024-05-20,General Medicine Ward A,19.333333333333332,34.916666666666664,0.5538961038961039
HHN-LON-01,2024-05-21,General Medicine Ward A,21.958333333333332,35.0,0.6273809523809524
HHN-LON-01,2024-05-22,General Medicine Ward A,23.666666666666668,34.791666666666664,0.6809523809523809
HHN-LON-01,2024-05-23,General Medicine Ward A,21.583333333333332,35.0,0.6166666666666666
HHN-LON-01,2024-05-24,General Medicine Ward A,16.583333333333332,34.958333333333336,0.4743697478991596
HHN-LON-01,2024-05-25,General Medicine Ward A,21.666666666666668,34.583333333333336,0.625912022005772
HHN-LON-01,2024-05-26,General Medicine Ward A,27.083333333333332,34.916666666666664,0.7758297258297259
HHN-LON-01,2024-05-27,General Medicine Ward A,23.25,34.666666666666664,0.6718125960061444
HHN-LON-01,2024-05-28,General Medicine Ward A,25.083333333333332,35.0,0.7166666666666667
HHN-LON-01,2024-05-29,General Medicine Ward A,27.333333333333332,35.0,0.780952380952381
HHN-LON-01,2024-05-30,General Medicine Ward A,24.5,34.583333333333336,0.7089285714285715
HHN-LON-01,2024-05-31,General Medicine Ward A,22.75,35.0,0.65
HHN-LON-01,2024-06-01,General Medicine Ward A,26.625,34.875,0.7636160714285715
HHN-LON-01,2024-06-02,General Medicine Ward A,26.416666666666668,34.666666666666664,0.7629588293650794
HHN-LON-01,2024-06-03,General Medicine Ward A,25.583333333333332,34.916666666666664,0.7326330532212886
HHN-LON-01,2024-06-04,General Medicine Ward A,26.166666666666668,34.958333333333336,0.7485294117647059
HHN-LON-01,2024-06-05,General Medicine Ward A,22.625,34.833333333333336,0.6499615975422427
HHN-LON-01,2024-06-06,General Medicine Ward A,22.166666666666668,34.875,0.6356770833333333
HHN-LON-01,2024-06-07,General Medicine Ward A,16.666666666666668,34.791666666666664,0.4791666666666666
HHN-LON-01,2024-06-08,General Medicine Ward A,14.708333333333334,34.5,0.42707431457431455
HHN-LON-01,2024-06-09,General Medicine Ward A,12.666666666666666,34.916666666666664,0.3628427128427128
HHN-LON-01,2024-06-10,General Medicine Ward A,12.25,34.916666666666664,0.351010101010101
HHN-LON-01,2024-06-11,General Medicine Ward A,15.791666666666666,34.625,0.4562666449155419
HHN-LON-01,2024-06-12,General Medicine Ward A,21.541666666666668,35.0,0.6154761904761904
HHN-LON-01,2024-06-13,General Medicine Ward A,20.0,35.0,0.5714285714285714
HHN-LON-01,2024-06-14,General Medicine Ward A,17.541666666666668,35.0,0.5011904761904761
HHN-LON-01,2024-06-15,General Medicine Ward A,18.541666666666668,34.916666666666664,0.531060606060606
HHN-LON-01,2024-06-16,General Medicine Ward A,28.875,34.708333333333336,0.8329184704184703
HHN-LON-01,2024-06-17,General Medicine Ward A,25.958333333333332,34.833333333333336,0.7459677419354839
HHN-LON-01,2024-06-18,General Medicine Ward A,32.333333333333336,34.791666666666664,0.9297619047619047
HHN-LON-01,2024-06-19,General Medicine Ward A,28.708333333333332,34.791666666666664,0.8257936507936509
HHN-LON-01,2024-06-20,General Medicine Ward A,24.916666666666668,35.0,0.7119047619047619
HHN-LON-01,2024-06-21,General Medicine Ward A,22.0,34.666666666666664,0.6353298611111111
HHN-LON-01,2024-06-22,General Medicine Ward A,19.458333333333332,34.833333333333336,0.5588848039215686
HHN-LON-01,2024-06-23,General Medicine Ward A,19.916666666666668,34.75,0.5732764223113488
HHN-LON-01,2024-06-24,General Medicine Ward A,19.958333333333332,35.0,0.5702380952380952
HHN-LON-01,2024-06-25,General Medicine Ward A,23.041666666666668,34.833333333333336,0.6621735791090629
HHN-LON-01,2024-06-26,General Medicine Ward A,17.375,34.875,0.4983258928571428
HHN-LON-01,2024-06-27,General Medicine Ward A,16.083333333333332,34.791666666666664,0.46249999999999997
HHN-LON-01,2024-06-28,General Medicine Ward A,15.625,35.0,0.4464285714285714
HHN-LON-01,2024-06-29,General Medicine Ward A,13.125,34.916666666666664,0.37593795093795096
HHN-LON-01,2024-06-30,General Medicine Ward A,10.791666666666666,35.0,0.3083333333333333
HHN-LON-01,2024-07-01,General Medicine Ward A,12.0,34.875,0.3441431117901706
HHN-LON-01,2024-07-02,General Medicine Ward A,13.708333333333334,34.666666666666664,0.39600694444444445
HHN-LON-01,2024-07-03,General Medicine Ward A,14.75,34.833333333333336,0.42388632872503834
HHN-LON-01,2024-07-04,General Medicine Ward A,16.541666666666668,35.0,0.47261904761904755
HHN-LON-01,2024-07-05,General Medicine Ward A,19.416666666666668,34.791666666666664,0.5587301587301586
HHN-LON-01,2024-07-06,General Medicine Ward A,19.416666666666668,34.458333333333336,0.5642634326457856
HHN-LON-01,2024-07-07,General Medicine Ward A,21.416666666666668,34.916666666666664,0.6134803921568627
HHN-LON-01,2024-07-08,General Medicine Ward A,19.083333333333332,35.0,0.5452380952380952
HHN-LON-01,2024-07-09,General Medicine Ward A,19.041666666666668,34.666666666666664,0.5505580357142857
HHN-LON-01,2024-07-10,General Medicine Ward A,18.875,35.0,0.5392857142857143
HHN-LON-01,2024-07-11,General Medicine Ward A,22.416666666666668,34.75,0.6451097105508871
HHN-LON-01,2024-07-12,General Medicine Ward A,22.375,34.916666666666664,0.6408730158730159
HHN-LON-01,2024-07-13,General Medicine Ward A,20.416666666666668,34.833333333333336,0.5865591397849462
HHN-LON-01,2024-07-14,General Medicine Ward A,20.75,34.75,0.5972922502334267
HHN-LON-01,2024-07-15,General Medicine Ward A,18.708333333333332,35.0,0.5345238095238095
HHN-LON-01,2024-07-16,General Medicine Ward A,16.958333333333332,34.916666666666664,0.48575036075036077
HHN-LON-01,2024-07-17,General Medicine Ward A,21.25,35.0,0.6071428571428571
HHN-LON-01,2024-07-18,General Medicine Ward A,22.291666666666668,34.75,0.6415922619047619
HHN-LON-01,2024-07-19,General Medicine Ward A,19.333333333333332,34.875,0.554501488095238
HHN-LON-01,2024-07-20,General Medicine Ward A,21.416666666666668,34.25,0.627765376984127
HHN-LON-01,2024-07-21,General Medicine Ward A,20.916666666666668,35.0,0.5976190476190476
HHN-LON-01,2024-07-22,General Medicine Ward A,26.166666666666668,34.791666666666664,0.7529761904761906
HHN-LON-01,2024-07-23,General Medicine Ward A,25.375,35.0,0.725
HHN-LON-01,2024-07-24,General Medicine Ward A,30.041666666666668,34.541666666666664,0.8709763735039471
HHN-LON-01,2024-07-25,General Medicine Ward A,32.0,35.0,0.9142857142857143
HHN-LON-01,2024-07-26,General Medicine Ward A,33.625,34.708333333333336,0.969047619047619
HHN-LON-01,2024-07-27,General Medicine Ward A,29.083333333333332,34.375,0.8474578373015874
HHN-LON-01,2024-07-28,General Medicine Ward A,26.916666666666668,34.666666666666664,0.7770353302611368
HHN-LON-01,2024-07-29,General Medicine Ward A,25.458333333333332,34.625,0.7364887352790578
HHN-LON-01,2024-07-30,General Medicine Ward A,17.416666666666668,35.0,0.49761904761904757
HHN-LON-01,2024-07-31,General Medicine Ward A,16.208333333333332,34.375,0.47228182603686636
HHN-LON-01,2024-08-01,General Medicine Ward A,14.166666666666666,35.0,0.4047619047619047
HHN-LON-01,2024-08-02,General Medicine Ward A,14.666666666666666,34.666666666666664,0.4238095238095238
HHN-LON-01,2024-08-03,General Medicine Ward A,16.75,34.75,0.48234126984126985
HHN-LON-01,2024-08-04,General Medicine Ward A,16.25,34.708333333333336,0.46826862373737366
HHN-LON-01,2024-08-05,General Medicine Ward A,16.833333333333332,34.791666666666664,0.48403361344537815
HHN-LON-01,2024-08-06,General Medicine Ward A,12.833333333333334,34.666666666666664,0.3701578312776723
HHN-LON-01,2024-08-07,General Medicine Ward A,15.541666666666666,35.0,0.444047619047619
HHN-LON-01,2024-08-08,General Medicine Ward A,16.875,35.0,0.48214285714285715
HHN-LON-01,2024-08-09,General Medicine Ward A,12.0,35.0,0.3428571428571428
HHN-LON-01,2024-08-10,General Medicine Ward A,11.75,34.625,0.33985469187675066
HHN-LON-01,2024-08-11,General Medicine Ward A,10.25,34.541666666666664,0.29687499999999994
HHN-LON-01,2024-08-12,General Medicine Ward A,10.958333333333334,34.958333333333336,0.3135154061624649
HHN-LON-01,2024-08-13,General Medicine Ward A,14.5,34.791666666666664,0.4170634920634921
HHN-LON-01,2024-08-14,General Medicine Ward A,16.125,35.0,0.4607142857142857
HHN-LON-01,2024-08-15,General Medicine Ward A,17.5,34.875,0.5018217893217892
HHN-LON-01,2024-08-16,General Medicine Ward A,21.416666666666668,34.958333333333336,0.6126400560224089
HHN-LON-01,2024-08-17,General Medicine Ward A,20.75,34.833333333333336,0.5957431457431457
HHN-LON-01,2024-08-18,General Medicine Ward A,20.5,35.0,0.5857142857142857
HHN-LON-01,2024-08-19,General Medicine Ward A,23.458333333333332,35.0,0.6702380952380952
HHN-LON-01,2024-08-20,General Medicine Ward A,26.583333333333332,34.666666666666664,0.7675843253968254
HHN-LON-01,2024-08-21,General Medicine Ward A,26.5,34.666666666666664,0.7660466269841271
HHN-LON-01,2024-08-22,General Medicine Ward A,23.708333333333332,34.625,0.6850360305412487
HHN-LON-01,2024-08-23,General Medicine Ward A,21.166666666666668,34.833333333333336,0.6079877112135176
HHN-LON-01,2024-08-24,General Medicine Ward A,24.208333333333332,34.833333333333336,0.6952020202020202
HHN-LON-01,2024-08-25,General Medicine Ward A,26.375,34.875,0.7562855445208386
HHN-LON-01,2024-08-26,General Medicine Ward A,20.291666666666668,35.0,0.5797619047619047
HHN-LON-01,2024-08-27,General Medicine Ward A,18.166666666666668,34.791666666666664,0.5224428481069847
HHN-LON-01,2024-08-28,General Medicine Ward A,17.333333333333332,34.5,0.5030149565935856
HHN-LON-01,2024-08-29,General Medicine Ward A,15.25,34.708333333333336,0.43985165424918743
HHN-LON-01,2024-08-30,General Medicine Ward A,14.041666666666666,35.0,0.40119047619047615
HHN-LON-01,2024-08-31,General Medicine Ward A,21.666666666666668,34.791666666666664,0.6226190476190476
HHN-LON-01,2024-09-01,General Medicine Ward A,22.208333333333332,34.75,0.6394483835200747
HHN-LON-01,2024-09-02,General Medicine Ward A,23.291666666666668,35.0,0.6654761904761904
HHN-LON-01,2024-09-03,General Medicine Ward A,26.916666666666668,34.875,0.772061011904762
HHN-LON-01,2024-09-04,General Medicine Ward A,30.291666666666668,35.0,0.8654761904761905
HHN-LON-01,2024-09-05,General Medicine Ward A,26.666666666666668,34.75,0.76816319880836
HHN-LON-01,2024-09-06,General Medicine Ward A,20.208333333333332,34.875,0.5797756981580511
HHN-LON-01,2024-09-07,General Medicine Ward A,20.458333333333332,34.791666666666664,0.5885664682539683
HHN-LON-01,2024-09-08,General Medicine Ward A,22.583333333333332,34.583333333333336,0.6531948953823954
HHN-LON-01,2024-09-09,General Medicine Ward A,21.125,35.0,0.6035714285714285
HHN-LON-01,2024-09-10,General Medicine Ward A,20.416666666666668,34.791666666666664,0.5869047619047619
HHN-LON-01,2024-09-11,General Medicine Ward A,19.625,34.75,0.5651493930905696
HHN-LON-01,2024-09-12,General Medicine Ward A,18.875,34.791666666666664,0.5423737236830216
HHN-LON-01,2024-09-13,General Medicine Ward A,23.333333333333332,34.791666666666664,0.6712301587301588
HHN-LON-01,2024-09-14,General Medicine Ward A,21.916666666666668,34.791666666666664,0.6301515767597362
HHN-LON-01,2024-09-15,General Medicine Ward A,21.625,34.166666666666664,0.63404028766932
HHN-LON-01,2024-09-16,General Medicine Ward A,22.5,34.875,0.6454241071428571
HHN-LON-01,2024-09-17,General Medicine Ward A,25.333333333333332,34.791666666666664,0.7287698412698412
HHN-LON-01,2024-09-18,General Medicine Ward A,24.958333333333332,34.916666666666664,0.7148989898989898
HHN-LON-01,2024-09-19,General Medicine Ward A,24.458333333333332,34.958333333333336,0.6996498599439777
HHN-LON-01,2024-09-20,General Medicine Ward A,19.416666666666668,34.958333333333336,0.5554621848739495
HHN-LON-01,2024-09-21,General Medicine Ward A,22.291666666666668,34.458333333333336,0.6477540380766187
HHN-LON-01,2024-09-22,General Medicine Ward A,23.958333333333332,34.791666666666664,0.6898809523809524
HHN-LON-01,2024-09-23,General Medicine Ward A,22.416666666666668,35.0,0.6404761904761905
HHN-LON-01,2024-09-24,General Medicine Ward A,25.916666666666668,34.791666666666664,0.7454365079365081
HHN-LON-01,2024-09-25,General Medicine Ward A,27.583333333333332,34.916666666666664,0.7901154401154402
HHN-LON-01,2024-09-26,General Medicine Ward A,25.75,34.916666666666664,0.7375901875901877
HHN-LON-01,2024-09-27,General Medicine Ward A,21.875,34.958333333333336,0.6258053221288515
HHN-LON-01,2024-09-28,General Medicine Ward A,15.041666666666666,34.833333333333336,0.43175883256528413
HHN-LON-01,2024-09-29,General Medicine Ward A,18.625,34.791666666666664,0.5356737012987013
HHN-LON-01,2024-09-30,General Medicine Ward A,26.416666666666668,34.833333333333336,0.7585959383753501
HHN-LON-01,2024-10-01,General Medicine Ward A,30.833333333333332,34.5,0.8950543380230881
HHN-LON-01,2024-10-02,General Medicine Ward A,25.416666666666668,34.625,0.7350358422939068
HHN-LON-01,2024-10-03,General Medicine Ward A,26.375,34.916666666666664,0.7556637806637806
HHN-LON-01,2024-10-04,General Medicine Ward A,29.625,35.0,0.8464285714285714
HHN-LON-01,2024-10-05,General Medicine Ward A,27.75,34.666666666666664,0.8012524801587301
HHN-LON-01,2024-10-06,General Medicine Ward A,25.833333333333332,34.666666666666664,0.7462566844919786
HHN-LON-01,2024-10-07,General Medicine Ward A,26.625,35.0,0.7607142857142857
HHN-LON-01,2024-10-08,General Medicine Ward A,21.708333333333332,35.0,0.6202380952380953
HHN-LON-01,2024-10-09,General Medicine Ward A,23.833333333333332,34.875,0.683296130952381
HHN-LON-01,2024-10-10,General Medicine Ward A,29.75,34.833333333333336,0.8543010752688173
HHN-LON-01,2024-10-11,General Medicine Ward A,30.208333333333332,35.0,0.8630952380952381
HHN-LON-01,2024-10-12,General Medicine Ward A,23.75,34.291666666666664,0.6942678684376977
HHN-LON-01,2024-10-13,General Medicine Ward A,17.875,34.333333333333336,0.5214861986461251
HHN-LON-01,2024-10-14,General Medicine Ward A,16.333333333333332,34.708333333333336,0.4721139971139971
HHN-LON-01,2024-10-15,General Medicine Ward A,21.166666666666668,34.833333333333336,0.6081413210445469
HHN-LON-01,2024-10-16,General Medicine Ward A,19.083333333333332,34.708333333333336,0.5502772177419354
HHN-LON-01,2024-10-17,General Medicine Ward A,22.291666666666668,35.0,0.6369047619047619
HHN-LON-01,2024-10-18,General Medicine Ward A,20.541666666666668,35.0,0.5869047619047619
HHN-LON-01,2024-10-19,General Medicine Ward A,16.916666666666668,34.625,0.48892089093701996
HHN-LON-01,2024-10-20,General Medicine Ward A,15.5,35.0,0.44285714285714284
HHN-LON-01,2024-10-21,General Medicine Ward A,17.333333333333332,35.0,0.4952380952380952
HHN-LON-01,2024-10-22,General Medicine Ward A,20.791666666666668,34.958333333333336,0.5947478991596639
HHN-LON-01,2024-10-23,General Medicine Ward A,23.041666666666668,34.833333333333336,0.6617127496159755
HHN-LON-01,2024-10-24,General Medicine Ward A,24.75,34.375,0.7216732052669553
HHN-LON-01,2024-10-25,General Medicine Ward A,24.666666666666668,34.75,0.710562558356676
HHN-LON-01,2024-10-26,General Medicine Ward A,27.958333333333332,34.791666666666664,0.8035150613275613
HHN-LON-01,2024-10-27,General Medicine Ward A,27.541666666666668,34.916666666666664,0.7887806637806638
HHN-LON-01,2024-10-28,General Medicine Ward A,22.791666666666668,34.708333333333336,0.6569412442396313
HHN-LON-01,2024-10-29,General Medicine Ward A,30.041666666666668,34.416666666666664,0.8745603354978355
HHN-LON-01,2024-10-30,General Medicine Ward A,30.791666666666668,35.0,0.8797619047619047
HHN-LON-01,2024-10-31,General Medicine Ward A,28.458333333333332,35.0,0.8130952380952382
HHN-LON-01,2024-11-01,General Medicine Ward A,30.958333333333332,34.791666666666664,0.8900844712885153
HHN-LON-01,2024-11-02,General Medicine Ward A,33.916666666666664,34.75,0.9761904761904762
HHN-LON-01,2024-11-03,General Medicine Ward A,34.666666666666664,34.666666666666664,1.0
HHN-LON-01,2024-11-04,General Medicine Ward A,34.458333333333336,34.458333333333336,1.0
HHN-LON-01,2024-11-05,General Medicine Ward A,34.083333333333336,34.75,0.980952380952381
HHN-LON-01,2024-11-06,General Medicine Ward A,34.458333333333336,34.75,0.9916666666666667
HHN-LON-01,2024-11-07,General Medicine Ward A,34.875,34.875,1.0
HHN-LON-01,2024-11-08,General Medicine Ward A,35.0,35.0,1.0
HHN-LON-01,2024-11-09,General Medicine Ward A,34.666666666666664,34.666666666666664,1.0
HHN-LON-01,2024-11-10,General Medicine Ward A,31.791666666666668,34.416666666666664,0.9249999999999999
HHN-LON-01,2024-11-11,General Medicine Ward A,27.875,34.791666666666664,0.8019841269841269
HHN-LON-01,2024-11-12,General Medicine Ward A,20.666666666666668,35.0,0.5904761904761905
HHN-LON-01,2024-11-13,General Medicine Ward A,20.041666666666668,34.916666666666664,0.5740546218487395
HHN-LON-01,2024-11-14,General Medicine Ward A,22.625,35.0,0.6464285714285715
HHN-LON-01,2024-11-15,General Medicine Ward A,24.5,34.583333333333336,0.7095046082949309
HHN-LON-01,2024-11-16,General Medicine Ward A,27.083333333333332,34.75,0.7804380207606014
HHN-LON-01,2024-11-17,General Medicine Ward A,30.708333333333332,34.75,0.883847933112639
HHN-LON-01,2024-11-18,General Medicine Ward A,25.375,34.791666666666664,0.7299603174603174
HHN-LON-01,2024-11-19,General Medicine Ward A,22.875,34.5,0.6641705069124424
HHN-LON-01,2024-11-20,General Medicine Ward A,26.833333333333332,34.958333333333336,0.7676120448179272
HHN-LON-01,2024-11-21,General Medicine Ward A,28.083333333333332,35.0,0.8023809523809523
HHN-LON-01,2024-11-22,General Medicine Ward A,31.458333333333332,35.0,0.8988095238095238
HHN-LON-01,2024-11-23,General Medicine Ward A,34.791666666666664,34.791666666666664,1.0
HHN-LON-01,2024-11-24,General Medicine Ward A,34.416666666666664,34.416666666666664,1.0
HHN-LON-01,2024-11-25,General Medicine Ward A,35.0,35.0,1.0
HHN-LON-01,2024-11-26,General Medicine Ward A,34.833333333333336,34.833333333333336,1.0
HHN-LON-01,2024-11-27,General Medicine Ward A,34.541666666666664,35.0,0.986904761904762
HHN-LON-01,2024-11-28,General Medicine Ward A,31.625,35.0,0.9035714285714286
HHN-LON-01,2024-11-29,General Medicine Ward A,30.083333333333332,34.875,0.8625244037008742
HHN-LON-01,2024-11-30,General Medicine Ward A,34.166666666666664,34.625,0.986904761904762
HHN-LON-01,2024-12-01,General Medicine Ward A,34.166666666666664,34.625,0.986904761904762
HHN-LON-01,2024-12-02,General Medicine Ward A,32.5,34.541666666666664,0.9415966386554623
HHN-LON-01,2024-12-03,General Medicine Ward A,30.041666666666668,34.583333333333336,0.8699494949494949
HHN-LON-01,2024-12-04,General Medicine Ward A,24.666666666666668,35.0,0.7047619047619048
HHN-LON-01,2024-12-05,General Medicine Ward A,25.958333333333332,34.833333333333336,0.745513830532213
HHN-LON-01,2024-12-06,General Medicine Ward A,26.0,34.666666666666664,0.7507299889652831
HHN-LON-01,2024-12-07,General Medicine Ward A,28.541666666666668,34.75,0.8216762557295646
HHN-LON-01,2024-12-08,General Medicine Ward A,22.708333333333332,34.541666666666664,0.6588359537363332
HHN-LON-01,2024-12-09,General Medicine Ward A,25.208333333333332,34.75,0.7258006330586976
HHN-LON-01,2024-12-10,General Medicine Ward A,29.083333333333332,34.708333333333336,0.8385822510822512
HHN-LON-01,2024-12-11,General Medicine Ward A,23.875,34.833333333333336,0.6856758832565285
HHN-LON-01,2024-12-12,General Medicine Ward A,21.583333333333332,35.0,0.6166666666666666
HHN-LON-01,2024-12-13,General Medicine Ward A,24.916666666666668,34.458333333333336,0.7244066679090991
HHN-LON-01,2024-12-14,General Medicine Ward A,33.208333333333336,34.416666666666664,0.9654040404040404
HHN-LON-01,2024-12-15,General Medicine Ward A,34.583333333333336,34.666666666666664,0.9976190476190476
HHN-LON-01,2024-12-16,General Medicine Ward A,34.875,34.875,1.0
HHN-LON-01,2024-12-17,General Medicine Ward A,30.125,34.375,0.8782287157287157
HHN-LON-01,2024-12-18,General Medicine Ward A,26.166666666666668,34.583333333333336,0.7583736524912995
HHN-LON-01,2024-12-19,General Medicine Ward A,26.0,35.0,0.7428571428571429
HHN-LON-01,2024-12-20,General Medicine Ward A,30.5,34.791666666666664,0.8773809523809524
HHN-LON-01,2024-12-21,General Medicine Ward A,25.708333333333332,34.625,0.7441372247823862
HHN-LON-01,2024-12-22,General Medicine Ward A,24.333333333333332,34.375,0.7098005331164724
HHN-LON-01,2024-12-23,General Medicine Ward A,25.916666666666668,34.916666666666664,0.7428571428571429
HHN-LON-01,2024-12-24,General Medicine Ward A,34.458333333333336,35.0,0.9845238095238096
HHN-LON-01,2024-12-25,General Medicine Ward A,34.75,34.75,1.0
HHN-LON-01,2024-12-26,General Medicine Ward A,34.791666666666664,34.791666666666664,1.0
HHN-LON-01,2024-12-27,General Medicine Ward A,35.0,35.0,1.0
HHN-LON-01,2024-12-28,General Medicine Ward A,34.666666666666664,34.666666666666664,1.0
HHN-LON-01,2024-12-29,General Medicine Ward A,34.5,34.5,1.0
HHN-LON-01,2024-12-30,General Medicine Ward A,34.625,34.625,1.0
HHN-LON-01,2024-12-31,General Medicine Ward A,34.458333333333336,34.5,0.9988095238095238
HHN-LON-01,2025-01-01,General Medicine Ward A,34.833333333333336,34.833333333333336,1.0
HHN-LON-01,2025-01-02,General Medicine Ward A,34.083333333333336,34.416666666666664,0.9904761904761905
HHN-LON-01,2025-01-03,General Medicine Ward A,33.208333333333336,34.75,0.955952380952381
HHN-LON-01,2025-01-04,General Medicine Ward A,31.041666666666668,34.75,0.8938244047619047
HHN-LON-01,2025-01-05,General Medicine Ward A,23.875,34.75,0.6874328235081911
HHN-LON-01,2025-01-06,General Medicine Ward A,22.75,34.875,0.65234375
HHN-LON-01,2025-01-07,General Medicine Ward A,21.416666666666668,34.875,0.6140252976190476
HHN-LON-01,2025-01-08,General Medicine Ward A,32.875,34.833333333333336,0.9437403993855606
HHN-LON-01,2025-01-09,General Medicine Ward A,33.875,34.291666666666664,0.9880952380952381
HHN-LON-01,2025-01-10,General Medicine Ward A,34.541666666666664,34.541666666666664,1.0
HHN-LON-01,2025-01-11,General Medicine Ward A,34.375,34.375,1.0
HHN-LON-01,2025-01-12,General Medicine Ward A,34.333333333333336,34.333333333333336,1.0
HHN-LON-01,2025-01-13,General Medicine Ward A,34.583333333333336,34.583333333333336,1.0
HHN-LON-01,2025-01-14,General Medicine Ward A,33.875,34.833333333333336,0.9726190476190476
HHN-LON-01,2025-01-15,General Medicine Ward A,29.875,34.208333333333336,0.8740941195637589
HHN-LON-01,2025-01-16,General Medicine Ward A,32.0,34.666666666666664,0.9238095238095237
HHN-LON-01,2025-01-17,General Medicine Ward A,34.541666666666664,34.541666666666664,1.0
HHN-LON-01,2025-01-18,General Medicine Ward A,33.375,34.791666666666664,0.9594887955182072
HHN-LON-01,2025-01-19,General Medicine Ward A,34.833333333333336,34.833333333333336,1.0
HHN-LON-01,2025-01-20,General Medicine Ward A,34.5,34.583333333333336,0.9976190476190476
HHN-LON-01,2025-01-21,General Medicine Ward A,32.791666666666664,34.791666666666664,0.9428221288515406
HHN-LON-01,2025-01-22,General Medicine Ward A,31.583333333333332,34.833333333333336,0.9070028011204482
HHN-LON-01,2025-01-23,General Medicine Ward A,27.041666666666668,34.875,0.7757440476190477
HHN-LON-01,2025-01-24,General Medicine Ward A,25.25,34.583333333333336,0.7317460317460318
HHN-LON-01,2025-01-25,General Medicine Ward A,29.541666666666668,34.291666666666664,0.8632383745286972
HHN-LON-01,2025-01-26,General Medicine Ward A,34.583333333333336,34.583333333333336,1.0
HHN-LON-01,2025-01-27,General Medicine Ward A,34.791666666666664,34.791666666666664,1.0
HHN-LON-01,2025-01-28,General Medicine Ward A,34.875,34.875,1.0
HHN-LON-01,2025-01-29,General Medicine Ward A,34.833333333333336,34.833333333333336,1.0
HHN-LON-01,2025-01-30,General Medicine Ward A,34.791666666666664,34.791666666666664,1.0
HHN-LON-01,2025-01-31,General Medicine Ward A,35.0,35.0,1.0
HHN-LON-01,2025-02-01,General Medicine Ward A,34.833333333333336,34.833333333333336,1.0
HHN-LON-01,2025-02-02,General Medicine Ward A,34.625,34.625,1.0
HHN-LON-01,2025-02-03,General Medicine Ward A,34.875,34.875,1.0
HHN-LON-01,2025-02-04,General Medicine Ward A,34.625,34.625,1.0
HHN-LON-01,2025-02-05,General Medicine Ward A,34.75,34.75,1.0
HHN-LON-01,2025-02-06,General Medicine Ward A,34.708333333333336,34.708333333333336,1.0
HHN-LON-01,2025-02-07,General Medicine Ward A,35.0,35.0,1.0
HHN-LON-01,2025-02-08,General Medicine Ward A,34.708333333333336,34.708333333333336,1.0
HHN-LON-01,2025-02-09,General Medicine Ward A,34.458333333333336,34.458333333333336,1.0
HHN-LON-01,2025-02-10,General Medicine Ward A,34.75,34.75,1.0
HHN-LON-01,2025-02-11,General Medicine Ward A,34.416666666666664,34.791666666666664,0.9892857142857143
HHN-LON-01,2025-02-12,General Medicine Ward A,34.958333333333336,34.958333333333336,1.0
HHN-LON-01,2025-02-13,General Medicine Ward A,34.375,34.583333333333336,0.9940476190476191
HHN-LON-01,2025-02-14,General Medicine Ward A,34.875,34.875,1.0
HHN-LON-01,2025-02-15,General Medicine Ward A,34.708333333333336,34.708333333333336,1.0
HHN-LON-01,2025-02-16,General Medicine Ward A,34.166666666666664,34.791666666666664,0.9819444444444444
HHN-LON-01,2025-02-17,General Medicine Ward A,33.416666666666664,34.583333333333336,0.9664478954460572
HHN-LON-01,2025-02-18,General Medicine Ward A,34.5,34.5,1.0
HHN-LON-01,2025-02-19,General Medicine Ward A,34.5,34.5,1.0
HHN-LON-01,2025-02-20,General Medicine Ward A,34.791666666666664,34.791666666666664,1.0
HHN-LON-01,2025-02-21,General Medicine Ward A,34.708333333333336,34.708333333333336,1.0
HHN-LON-01,2025-02-22,General Medicine Ward A,34.25,34.25,1.0
HHN-LON-01,2025-02-23,General Medicine Ward A,34.583333333333336,34.583333333333336,1.0
HHN-LON-01,2025-02-24,General Medicine Ward A,34.833333333333336,34.833333333333336,1.0
HHN-LON-01,2025-02-25,General Medicine Ward A,34.833333333333336,34.833333333333336,1.0
HHN-LON-01,2025-02-26,General Medicine Ward A,33.25,35.0,0.9500000000000001
HHN-LON-01,2025-02-27,General Medicine Ward A,29.25,34.833333333333336,0.8401154401154401
HHN-LON-01,2025-02-28,General Medicine Ward A,27.25,34.916666666666664,0.7807359307359308
HHN-LON-01,2025-03-01,General Medicine Ward A,31.75,34.833333333333336,0.9117604617604617
HHN-LON-01,2025-03-02,General Medicine Ward A,33.25,34.833333333333336,0.9547268907563025
HHN-LON-01,2025-03-03,General Medicine Ward A,34.625,35.0,0.9892857142857143
HHN-LON-01,2025-03-04,General Medicine Ward A,31.0,34.791666666666664,0.8916666666666666
HHN-LON-01,2025-03-05,General Medicine Ward A,28.5,34.791666666666664,0.8202380952380953
HHN-LON-01,2025-03-06,General Medicine Ward A,32.75,34.458333333333336,0.9511904761904763
HHN-LON-01,2025-03-07,General Medicine Ward A,34.083333333333336,35.0,0.9738095238095238
HHN-LON-01,2025-03-08,General Medicine Ward A,29.916666666666668,34.833333333333336,0.859265581232493
HHN-LON-01,2025-03-09,General Medicine Ward A,32.625,34.958333333333336,0.9332633053221288
HHN-LON-01,2025-03-10,General Medicine Ward A,33.958333333333336,34.791666666666664,0.9761904761904762
HHN-LON-01,2025-03-11,General Medicine Ward A,31.875,34.875,0.9142857142857143
HHN-LON-01,2025-03-12,General Medicine Ward A,30.541666666666668,34.875,0.876078869047619
HHN-LON-01,2025-03-13,General Medicine Ward A,30.875,34.958333333333336,0.8833333333333333
HHN-LON-01,2025-03-14,General Medicine Ward A,24.833333333333332,35.0,0.7095238095238096
HHN-LON-01,2025-03-15,General Medicine Ward A,23.625,34.625,0.6828988349372006
HHN-LON-01,2025-03-16,General Medicine Ward A,26.25,34.916666666666664,0.752092352092352
HHN-LON-01,2025-03-17,General Medicine Ward A,26.791666666666668,35.0,0.7654761904761905
HHN-LON-01,2025-03-18,General Medicine Ward A,31.875,34.75,0.9178571428571428
HHN-LON-01,2025-03-19,General Medicine Ward A,34.666666666666664,34.666666666666664,1.0
HHN-LON-01,2025-03-20,General Medicine Ward A,34.916666666666664,35.0,0.9976190476190476
HHN-LON-01,2025-03-21,General Medicine Ward A,30.875,35.0,0.8821428571428571
HHN-LON-01,2025-03-22,General Medicine Ward A,28.0,34.708333333333336,0.8073144681259601
HHN-LON-01,2025-03-23,General Medicine Ward A,29.833333333333332,34.875,0.8558407738095238
HHN-LON-01,2025-03-24,General Medicine Ward A,27.958333333333332,34.708333333333336,0.8062355990783411
HHN-LON-01,2025-03-25,General Medicine Ward A,28.333333333333332,34.958333333333336,0.8106442577030814
HHN-LON-01,2025-03-26,General Medicine Ward A,29.625,34.666666666666664,0.8549546807359308
HHN-LON-01,2025-03-27,General Medicine Ward A,30.041666666666668,34.833333333333336,0.8630952380952381
HHN-LON-01,2025-03-28,General Medicine Ward A,31.041666666666668,34.75,0.89390756302521
HHN-LON-01,2025-03-29,General Medicine Ward A,34.125,34.75,0.9821428571428572
HHN-LON-01,2025-03-30,General Medicine Ward A,32.541666666666664,34.458333333333336,0.9452380952380953
HHN-LON-01,2025-03-31,General Medicine Ward A,29.75,35.0,0.8500000000000001
HHN-LON-01,2025-04-01,General Medicine Ward A,24.208333333333332,34.625,0.6995426295518207
HHN-LON-01,2025-04-02,General Medicine Ward A,24.375,34.75,0.702264239028945
HHN-LON-01,2025-04-03,General Medicine Ward A,23.791666666666668,34.75,0.6848007727039985
HHN-LON-01,2025-04-04,General Medicine Ward A,26.666666666666668,34.708333333333336,0.7684931835637481
HHN-LON-01,2025-04-05,General Medicine Ward A,32.5,35.0,0.9285714285714285
HHN-LON-01,2025-04-06,General Medicine Ward A,30.083333333333332,34.916666666666664,0.8616596638655462
HHN-LON-01,2025-04-07,General Medicine Ward A,32.375,34.916666666666664,0.9270923520923521
HHN-LON-01,2025-04-08,General Medicine Ward A,34.791666666666664,35.0,0.9940476190476191
HHN-LON-01,2025-04-09,General Medicine Ward A,28.625,35.0,0.817857142857143
HHN-LON-01,2025-04-10,General Medicine Ward A,21.958333333333332,34.625,0.6345916491596638
HHN-LON-01,2025-04-11,General Medicine Ward A,22.416666666666668,34.666666666666664,0.6478050595238095
HHN-LON-01,2025-04-12,General Medicine Ward A,23.416666666666668,34.708333333333336,0.67507215007215
HHN-LON-01,2025-04-13,General Medicine Ward A,25.166666666666668,34.666666666666664,0.726431727994228
HHN-LON-01,2025-04-14,General Medicine Ward A,26.416666666666668,35.0,0.7547619047619047
HHN-LON-01,2025-04-15,General Medicine Ward A,26.291666666666668,35.0,0.7511904761904762
HHN-LON-01,2025-04-16,General Medicine Ward A,29.75,34.416666666666664,0.8662698412698413
HHN-LON-01,2025-04-17,General Medicine Ward A,30.958333333333332,35.0,0.8845238095238095
HHN-LON-01,2025-04-18,General Medicine Ward A,26.5,34.75,0.7635642135642136
HHN-LON-01,2025-04-19,General Medicine Ward A,30.0,34.583333333333336,0.868635357368754
HHN-LON-01,2025-04-20,General Medicine Ward A,31.458333333333332,35.0,0.8988095238095238
HHN-LON-01,2025-04-21,General Medicine Ward A,31.583333333333332,34.708333333333336,0.9105606758832566
HHN-LON-01,2025-04-22,General Medicine Ward A,33.75,35.0,0.9642857142857143
HHN-LON-01,2025-04-23,General Medicine Ward A,31.958333333333332,35.0,0.9130952380952381
HHN-LON-01,2025-04-24,General Medicine Ward A,30.625,34.666666666666664,0.8843253968253969
HHN-LON-01,2025-04-25,General Medicine Ward A,29.25,35.0,0.8357142857142857
HHN-LON-01,2025-04-26,General Medicine Ward A,29.083333333333332,34.5,0.8446800595238096
HHN-LON-01,2025-04-27,General Medicine Ward A,31.041666666666668,34.708333333333336,0.8943308371735791
HHN-LON-01,2025-04-28,General Medicine Ward A,33.166666666666664,35.0,0.9476190476190477
HHN-LON-01,2025-04-29,General Medicine Ward A,32.083333333333336,34.625,0.9267842553688141
HHN-LON-01,2025-04-30,General Medicine Ward A,34.125,34.708333333333336,0.9833333333333334
HHN-LON-01,2025-05-01,General Medicine Ward A,29.0,34.833333333333336,0.833026113671275
HHN-LON-01,2025-05-02,General Medicine Ward A,27.375,34.541666666666664,0.7935515873015874
HHN-LON-01,2025-05-03,General Medicine Ward A,22.625,34.75,0.6517623716153128
HHN-LON-01,2025-05-04,General Medicine Ward A,25.5,34.416666666666664,0.7434560432188516
HHN-LON-01,2025-05-05,General Medicine Ward A,28.958333333333332,34.75,0.8337649737925473
HHN-LON-01,2025-05-06,General Medicine Ward A,26.458333333333332,34.708333333333336,0.7623175883256529
HHN-LON-01,2025-05-07,General Medicine Ward A,31.958333333333332,34.666666666666664,0.9226190476190476
HHN-LON-01,2025-05-08,General Medicine Ward A,34.666666666666664,34.791666666666664,0.9964285714285714
HHN-LON-01,2025-05-09,General Medicine Ward A,34.416666666666664,34.708333333333336,0.9916666666666667
HHN-LON-01,2025-05-10,General Medicine Ward A,31.916666666666668,34.875,0.9153645833333334
HHN-LON-01,2025-05-11,General Medicine Ward A,34.25,34.583333333333336,0.990406162464986
HHN-LON-01,2025-05-12,General Medicine Ward A,34.708333333333336,34.708333333333336,1.0
HHN-LON-01,2025-05-13,General Medicine Ward A,34.541666666666664,34.666666666666664,0.9964285714285714
HHN-LON-01,2025-05-14,General Medicine Ward A,30.25,34.708333333333336,0.8721582181259601
HHN-LON-01,2025-05-15,General Medicine Ward A,29.041666666666668,35.0,0.8297619047619048
HHN-LON-01,2025-05-16,General Medicine Ward A,22.708333333333332,34.916666666666664,0.6507575757575758
HHN-LON-01,2025-05-17,General Medicine Ward A,16.625,34.583333333333336,0.4812944028417818
HHN-LON-01,2025-05-18,General Medicine Ward A,17.166666666666668,34.833333333333336,0.49293394777265737
HHN-LON-01,2025-05-19,General Medicine Ward A,20.958333333333332,34.625,0.6058499743983615
HHN-LON-01,2025-05-20,General Medicine Ward A,23.5,34.666666666666664,0.6782242063492063
HHN-LON-01,2025-05-21,General Medicine Ward A,25.875,34.791666666666664,0.7444444444444445
HHN-LON-01,2025-05-22,General Medicine Ward A,24.458333333333332,34.958333333333336,0.6997198879551821
HHN-LON-01,2025-05-23,General Medicine Ward A,26.791666666666668,34.833333333333336,0.7697772657450077
HHN-LON-01,2025-05-24,General Medicine Ward A,34.416666666666664,34.583333333333336,0.9952380952380953
HHN-LON-01,2025-05-25,General Medicine Ward A,34.541666666666664,34.583333333333336,0.9988095238095238
HHN-LON-01,2025-05-26,General Medicine Ward A,30.541666666666668,34.708333333333336,0.8803943452380952
HHN-LON-01,2025-05-27,General Medicine Ward A,27.666666666666668,34.958333333333336,0.79156162464986
HHN-LON-01,2025-05-28,General Medicine Ward A,29.25,34.958333333333336,0.8365896358543418
HHN-LON-01,2025-05-29,General Medicine Ward A,32.083333333333336,34.958333333333336,0.9178571428571428
HHN-LON-01,2025-05-30,General Medicine Ward A,31.75,35.0,0.9071428571428571
HHN-LON-01,2025-05-31,General Medicine Ward A,30.75,35.0,0.8785714285714286
HHN-LON-01,2025-06-01,General Medicine Ward A,33.625,34.833333333333336,0.9654761904761905
HHN-LON-01,2025-06-02,General Medicine Ward A,31.875,34.791666666666664,0.9166666666666666
HHN-LON-01,2025-06-03,General Medicine Ward A,30.666666666666668,35.0,0.8761904761904762
HHN-LON-01,2025-06-04,General Medicine Ward A,25.75,34.708333333333336,0.742478354978355
HHN-LON-01,2025-06-05,General Medicine Ward A,25.875,34.916666666666664,0.7412337662337664
HHN-LON-01,2025-06-06,General Medicine Ward A,21.958333333333332,34.875,0.630025040319158
HHN-LON-01,2025-06-07,General Medicine Ward A,21.166666666666668,34.75,0.6095005994822171
HHN-LON-01,2025-06-08,General Medicine Ward A,23.416666666666668,35.0,0.669047619047619
HHN-LON-01,2025-06-09,General Medicine Ward A,23.375,34.833333333333336,0.671031746031746
HHN-LON-01,2025-06-10,General Medicine Ward A,20.166666666666668,34.791666666666664,0.5811507936507936
HHN-LON-01,2025-06-11,General Medicine Ward A,17.958333333333332,35.0,0.513095238095238
HHN-LON-01,2025-06-12,General Medicine Ward A,17.833333333333332,35.0,0.5095238095238095
HHN-LON-01,2025-06-13,General Medicine Ward A,16.125,34.916666666666664,0.4619408369408369
HHN-LON-01,2025-06-14,General Medicine Ward A,19.208333333333332,34.916666666666664,0.5503246753246753
HHN-LON-01,2025-06-15,General Medicine Ward A,21.416666666666668,35.0,0.6119047619047618
HHN-LON-01,2025-06-16,General Medicine Ward A,20.583333333333332,34.958333333333336,0.5887955182072829
HHN-LON-01,2025-06-17,General Medicine Ward A,19.541666666666668,35.0,0.5583333333333332
HHN-LON-01,2025-06-18,General Medicine Ward A,19.416666666666668,34.75,0.5594400223432482
HHN-LON-01,2025-06-19,General Medicine Ward A,23.208333333333332,35.0,0.6630952380952381
HHN-LON-01,2025-06-20,General Medicine Ward A,26.375,34.833333333333336,0.7575652841781874
HHN-LON-01,2025-06-21,General Medicine Ward A,25.166666666666668,34.666666666666664,0.7271560139207197
HHN-LON-01,2025-06-22,General Medicine Ward A,27.041666666666668,34.541666666666664,0.7846320346320347
HHN-LON-01,2025-06-23,General Medicine Ward A,28.083333333333332,34.833333333333336,0.807142857142857
HHN-LON-01,2025-06-24,General Medicine Ward A,24.208333333333332,34.916666666666664,0.6933261183261182
HHN-LON-01,2025-06-25,General Medicine Ward A,25.75,34.916666666666664,0.7375901875901877
HHN-LON-01,2025-06-26,General Medicine Ward A,24.625,34.875,0.7062499999999999
HHN-LON-01,2025-06-27,General Medicine Ward A,22.583333333333332,34.791666666666664,0.6497300533116472
HHN-LON-01,2025-06-28,General Medicine Ward A,22.166666666666668,34.708333333333336,0.6392192009379509
HHN-LON-01,2025-06-29,General Medicine Ward A,21.791666666666668,34.875,0.6248511904761905
HHN-LON-01,2025-06-30,General Medicine Ward A,18.875,34.375,0.5506988447260625
HHN-LON-01,2025-07-01,General Medicine Ward A,21.416666666666668,34.958333333333336,0.6126750700280111
HHN-LON-01,2025-07-02,General Medicine Ward A,19.583333333333332,34.958333333333336,0.5601540616246498
HHN-LON-01,2025-07-03,General Medicine Ward A,17.125,34.833333333333336,0.491813287815126
HHN-LON-01,2025-07-04,General Medicine Ward A,17.666666666666668,34.958333333333336,0.5054621848739496
HHN-LON-01,2025-07-05,General Medicine Ward A,13.916666666666666,34.416666666666664,0.4050323349036584
HHN-LON-01,2025-07-06,General Medicine Ward A,12.583333333333334,34.833333333333336,0.3613671274961597
HHN-LON-01,2025-07-07,General Medicine Ward A,15.166666666666666,34.791666666666664,0.43553841991341985
HHN-LON-01,2025-07-08,General Medicine Ward A,19.5,34.958333333333336,0.5579131652661063
HHN-LON-01,2025-07-09,General Medicine Ward A,22.75,34.666666666666664,0.6562003968253968
HHN-LON-01,2025-07-10,General Medicine Ward A,22.166666666666668,35.0,0.6333333333333333
HHN-LON-01,2025-07-11,General Medicine Ward A,21.208333333333332,35.0,0.6059523809523809
HHN-LON-01,2025-07-12,General Medicine Ward A,25.083333333333332,34.666666666666664,0.7240118490578049
HHN-LON-01,2025-07-13,General Medicine Ward A,22.25,34.958333333333336,0.636484593837535
HHN-LON-01,2025-07-14,General Medicine Ward A,20.791666666666668,35.0,0.594047619047619
HHN-LON-01,2025-07-15,General Medicine Ward A,17.833333333333332,34.625,0.5158628034547151
HHN-LON-01,2025-07-16,General Medicine Ward A,18.875,35.0,0.5392857142857143
HHN-LON-01,2025-07-17,General Medicine Ward A,16.375,35.0,0.4678571428571428
HHN-LON-01,2025-07-18,General Medicine Ward A,16.916666666666668,34.416666666666664,0.4921971006144393
HHN-LON-01,2025-07-19,General Medicine Ward A,20.458333333333332,34.375,0.5962662337662338
HHN-LON-01,2025-07-20,General Medicine Ward A,23.916666666666668,34.833333333333336,0.6867127496159755
HHN-LON-01,2025-07-21,General Medicine Ward A,23.0,34.875,0.6597098214285714
HHN-LON-01,2025-07-22,General Medicine Ward A,21.583333333333332,34.666666666666664,0.6234254992319509
HHN-LON-01,2025-07-23,General Medicine Ward A,19.0,35.0,0.5428571428571428
HHN-LON-01,2025-07-24,General Medicine Ward A,23.833333333333332,34.875,0.6836309523809524
HHN-LON-01,2025-07-25,General Medicine Ward A,26.958333333333332,34.833333333333336,0.7740783410138249
HHN-LON-01,2025-07-26,General Medicine Ward A,32.708333333333336,34.625,0.9451330532212885
HHN-LON-01,2025-07-27,General Medicine Ward A,33.875,34.958333333333336,0.9689775910364146
HHN-LON-01,2025-07-28,General Medicine Ward A,35.0,35.0,1.0
HHN-LON-01,2025-07-29,General Medicine Ward A,35.0,35.0,1.0
HHN-LON-01,2025-07-30,General Medicine Ward A,33.833333333333336,35.0,0.9666666666666667
HHN-LON-01,2025-07-31,General Medicine Ward A,34.208333333333336,34.916666666666664,0.9797619047619048
HHN-LON-01,2025-08-01,General Medicine Ward A,34.583333333333336,34.583333333333336,1.0
HHN-LON-01,2025-08-02,General Medicine Ward A,30.791666666666668,34.791666666666664,0.8857142857142857
HHN-LON-01,2025-08-03,General Medicine Ward A,27.166666666666668,34.625,0.7858412114845938
HHN-LON-01,2025-08-04,General Medicine Ward A,31.25,34.708333333333336,0.896139971139971
HHN-LON-01,2025-08-05,General Medicine Ward A,23.25,34.833333333333336,0.6679723502304147
HHN-LON-01,2025-08-06,General Medicine Ward A,17.541666666666668,35.0,0.5011904761904761
HHN-LON-01,2025-08-07,General Medicine Ward A,16.0,34.875,0.458785332314744
HHN-LON-01,2025-08-08,General Medicine Ward A,16.458333333333332,34.916666666666664,0.4715367965367965
HHN-LON-01,2025-08-09,General Medicine Ward A,11.416666666666666,35.0,0.3261904761904762
HHN-LON-01,2025-08-10,General Medicine Ward A,11.791666666666666,34.791666666666664,0.33888888888888885
HHN-LON-01,2025-08-11,General Medicine Ward A,19.0,34.916666666666664,0.5442279942279942
HHN-LON-01,2025-08-12,General Medicine Ward A,25.083333333333332,34.875,0.7196800595238094
HHN-LON-01,2025-08-13,General Medicine Ward A,27.291666666666668,35.0,0.7797619047619048
HHN-LON-01,2025-08-14,General Medicine Ward A,28.208333333333332,34.916666666666664,0.807983193277311
HHN-LON-01,2025-08-15,General Medicine Ward A,27.916666666666668,34.916666666666664,0.7998556998556999
HHN-LON-01,2025-08-16,General Medicine Ward A,27.791666666666668,34.75,0.8006769374416433
HHN-LON-01,2025-08-17,General Medicine Ward A,29.291666666666668,34.333333333333336,0.8557773109243697
HHN-LON-01,2025-08-18,General Medicine Ward A,27.416666666666668,34.791666666666664,0.7890873015873017
HHN-LON-01,2025-08-19,General Medicine Ward A,20.208333333333332,34.708333333333336,0.5838023088023088
HHN-LON-01,2025-08-20,General Medicine Ward A,15.791666666666666,34.833333333333336,0.4535714285714285
HHN-LON-01,2025-08-21,General Medicine Ward A,17.583333333333332,34.625,0.5091589861751152
HHN-LON-01,2025-08-22,General Medicine Ward A,25.833333333333332,34.875,0.7407738095238096
HHN-LON-01,2025-08-23,General Medicine Ward A,28.791666666666668,34.375,0.8388037561676674
HHN-LON-01,2025-08-24,General Medicine Ward A,28.875,34.583333333333336,0.8364532420984033
HHN-LON-01,2025-08-25,General Medicine Ward A,23.083333333333332,34.791666666666664,0.665079365079365
HHN-LON-01,2025-08-26,General Medicine Ward A,21.708333333333332,34.708333333333336,0.6261700748847926
HHN-LON-01,2025-08-27,General Medicine Ward A,25.958333333333332,34.833333333333336,0.745513830532213
HHN-LON-01,2025-08-28,General Medicine Ward A,21.333333333333332,34.833333333333336,0.6127496159754224
HHN-LON-01,2025-08-29,General Medicine Ward A,19.916666666666668,34.833333333333336,0.5714285714285714
HHN-LON-01,2025-08-30,General Medicine Ward A,24.666666666666668,34.458333333333336,0.7164994345734383
HHN-LON-01,2025-08-31,General Medicine Ward A,23.875,34.625,0.6904825908858166
HHN-LON-01,2025-09-01,General Medicine Ward A,25.75,34.791666666666664,0.7410714285714285
HHN-LON-01,2025-09-02,General Medicine Ward A,25.375,34.791666666666664,0.7298498376623376
HHN-LON-01,2025-09-03,General Medicine Ward A,28.541666666666668,34.75,0.8218253968253969
HHN-LON-01,2025-09-04,General Medicine Ward A,31.833333333333332,34.75,0.9164434523809524
HHN-LON-01,2025-09-05,General Medicine Ward A,32.958333333333336,34.75,0.9488095238095239
HHN-LON-01,2025-09-06,General Medicine Ward A,33.541666666666664,34.916666666666664,0.9607142857142857
HHN-LON-01,2025-09-07,General Medicine Ward A,26.0,34.916666666666664,0.7448773448773448
HHN-LON-01,2025-09-08,General Medicine Ward A,29.875,35.0,0.8535714285714286
HHN-LON-01,2025-09-09,General Medicine Ward A,29.166666666666668,35.0,0.8333333333333334
HHN-LON-01,2025-09-10,General Medicine Ward A,29.5,34.791666666666664,0.8480222391987099
HHN-LON-01,2025-09-11,General Medicine Ward A,27.375,35.0,0.7821428571428571
HHN-LON-01,2025-09-12,General Medicine Ward A,19.791666666666668,35.0,0.5654761904761905
HHN-LON-01,2025-09-13,General Medicine Ward A,16.541666666666668,34.666666666666664,0.47754329004329005
HHN-LON-01,2025-09-14,General Medicine Ward A,16.416666666666668,34.791666666666664,0.4718039772727272
HHN-LON-01,2025-09-15,General Medicine Ward A,20.041666666666668,34.791666666666664,0.576026016467193
HHN-LON-01,2025-09-16,General Medicine Ward A,21.041666666666668,34.583333333333336,0.6099206349206349
HHN-LON-01,2025-09-17,General Medicine Ward A,21.291666666666668,35.0,0.6083333333333333
HHN-LON-01,2025-09-18,General Medicine Ward A,22.0,35.0,0.6285714285714286
HHN-LON-01,2025-09-19,General Medicine Ward A,22.5,34.875,0.645321916645446
HHN-LON-01,2025-09-20,General Medicine Ward A,26.5,35.0,0.7571428571428571
HHN-LON-01,2025-09-21,General Medicine Ward A,28.916666666666668,34.708333333333336,0.8344122023809524
HHN-LON-01,2025-09-22,General Medicine Ward A,27.333333333333332,34.791666666666664,0.7859126984126985
HHN-LON-01,2025-09-23,General Medicine Ward A,29.25,34.833333333333336,0.8404761904761905
HHN-LON-01,2025-09-24,General Medicine Ward A,30.5,35.0,0.8714285714285714
HHN-LON-01,2025-09-25,General Medicine Ward A,32.541666666666664,35.0,0.9297619047619047
HHN-LON-01,2025-09-26,General Medicine Ward A,33.5,34.958333333333336,0.9583333333333334
HHN-LON-01,2025-09-27,General Medicine Ward A,33.166666666666664,34.958333333333336,0.9487745098039215
HHN-LON-01,2025-09-28,General Medicine Ward A,28.625,34.541666666666664,0.8303093964858671
HHN-LON-01,2025-09-29,General Medicine Ward A,23.666666666666668,34.75,0.6812675070028011
HHN-LON-01,2025-09-30,General Medicine Ward A,20.083333333333332,35.0,0.5738095238095238
HHN-LON-01,2025-10-01,General Medicine Ward A,22.458333333333332,34.416666666666664,0.6529054094756183
HHN-LON-01,2025-10-02,General Medicine Ward A,26.416666666666668,35.0,0.7547619047619047
HHN-LON-01,2025-10-03,General Medicine Ward A,22.333333333333332,34.75,0.6431022408963586
HHN-LON-01,2025-10-04,General Medicine Ward A,21.458333333333332,34.875,0.6154389880952381
HHN-LON-01,2025-10-05,General Medicine Ward A,21.375,34.625,0.6181067588325653
HHN-LON-01,2025-10-06,General Medicine Ward A,24.791666666666668,34.875,0.7110119047619047
HHN-LON-01,2025-10-07,General Medicine Ward A,29.625,35.0,0.8464285714285715
HHN-LON-01,2025-10-08,General Medicine Ward A,27.0,35.0,0.7714285714285715
HHN-LON-01,2025-10-09,General Medicine Ward A,23.666666666666668,34.833333333333336,0.6798771121351767
HHN-LON-01,2025-10-10,General Medicine Ward A,28.25,35.0,0.807142857142857
HHN-LON-01,2025-10-11,General Medicine Ward A,28.541666666666668,34.75,0.8223304473304474
HHN-LON-01,2025-10-12,General Medicine Ward A,29.125,34.791666666666664,0.8380952380952381
HHN-LON-01,2025-10-13,General Medicine Ward A,29.833333333333332,35.0,0.8523809523809525
HHN-LON-01,2025-10-14,General Medicine Ward A,30.25,34.791666666666664,0.8700396825396824
HHN-LON-01,2025-10-15,General Medicine Ward A,28.0,35.0,0.7999999999999999
HHN-LON-01,2025-10-16,General Medicine Ward A,25.833333333333332,35.0,0.7380952380952381
HHN-LON-01,2025-10-17,General Medicine Ward A,25.541666666666668,35.0,0.7297619047619048
HHN-LON-01,2025-10-18,General Medicine Ward A,34.708333333333336,34.708333333333336,1.0
HHN-LON-01,2025-10-19,General Medicine Ward A,34.416666666666664,34.416666666666664,1.0
HHN-LON-01,2025-10-20,General Medicine Ward A,33.333333333333336,35.0,0.9523809523809524
HHN-LON-01,2025-10-21,General Medicine Ward A,33.583333333333336,35.0,0.9595238095238096
HHN-LON-01,2025-10-22,General Medicine Ward A,32.875,35.0,0.9392857142857144
HHN-LON-01,2025-10-23,General Medicine Ward A,29.791666666666668,34.875,0.8545496986673458
HHN-LON-01,2025-10-24,General Medicine Ward A,30.208333333333332,35.0,0.8630952380952381
HHN-LON-01,2025-10-25,General Medicine Ward A,28.166666666666668,34.583333333333336,0.8159970238095239
HHN-LON-01,2025-10-26,General Medicine Ward A,29.25,34.875,0.8390624999999999
HHN-LON-01,2025-10-27,General Medicine Ward A,27.5,34.958333333333336,0.7866946778711484
HHN-LON-01,2025-10-28,General Medicine Ward A,27.666666666666668,34.666666666666664,0.7984392241745183
HHN-LON-01,2025-10-29,General Medicine Ward A,26.041666666666668,35.0,0.7440476190476191
HHN-LON-01,2025-10-30,General Medicine Ward A,29.666666666666668,34.791666666666664,0.8535714285714286
HHN-LON-01,2025-10-31,General Medicine Ward A,28.041666666666668,35.0,0.8011904761904761
HHN-LON-01,2025-11-01,General Medicine Ward A,23.375,34.458333333333336,0.6799923195084485
HHN-LON-01,2025-11-02,General Medicine Ward A,20.458333333333332,34.916666666666664,0.5859668109668109
HHN-LON-01,2025-11-03,General Medicine Ward A,20.208333333333332,35.0,0.5773809523809523
HHN-LON-01,2025-11-04,General Medicine Ward A,23.375,34.875,0.6703569306510483
HHN-LON-01,2025-11-05,General Medicine Ward A,25.75,34.916666666666664,0.7376623376623378
HHN-LON-01,2025-11-06,General Medicine Ward A,25.041666666666668,35.0,0.7154761904761905
HHN-LON-01,2025-11-07,General Medicine Ward A,31.708333333333332,35.0,0.905952380952381
HHN-LON-01,2025-11-08,General Medicine Ward A,29.625,35.0,0.8464285714285715
HHN-LON-01,2025-11-09,General Medicine Ward A,24.75,34.541666666666664,0.7177054154995332
HHN-LON-01,2025-11-10,General Medicine Ward A,23.5,34.791666666666664,0.6759555435077257
HHN-LON-01,2025-11-11,General Medicine Ward A,23.791666666666668,35.0,0.6797619047619047
HHN-LON-01,2025-11-12,General Medicine Ward A,21.958333333333332,35.0,0.6273809523809524
HHN-LON-01,2025-11-13,General Medicine Ward A,25.791666666666668,34.666666666666664,0.7442780337941629
HHN-LON-01,2025-11-14,General Medicine Ward A,26.666666666666668,34.75,0.7681139122315593
HHN-LON-01,2025-11-15,General Medicine Ward A,30.541666666666668,34.791666666666664,0.8777247925685425
HHN-LON-01,2025-11-16,General Medicine Ward A,33.25,34.875,0.9535714285714286
HHN-LON-01,2025-11-17,General Medicine Ward A,30.75,35.0,0.8785714285714286
HHN-LON-01,2025-11-18,General Medicine Ward A,32.708333333333336,35.0,0.9345238095238096
HHN-LON-01,2025-11-19,General Medicine Ward A,32.625,34.875,0.9357142857142858
HHN-LON-01,2025-11-20,General Medicine Ward A,29.208333333333332,35.0,0.8345238095238096
HHN-LON-01,2025-11-21,General Medicine Ward A,28.125,34.958333333333336,0.8046918767507002
HHN-LON-01,2025-11-22,General Medicine Ward A,29.291666666666668,34.625,0.8469481340923467
HHN-LON-01,2025-11-23,General Medicine Ward A,26.416666666666668,34.875,0.757620320855615
HHN-LON-01,2025-11-24,General Medicine Ward A,24.5,34.791666666666664,0.7046805819101835
HHN-LON-01,2025-11-25,General Medicine Ward A,29.375,35.0,0.8392857142857143
HHN-LON-01,2025-11-26,General Medicine Ward A,33.875,35.0,0.9678571428571429
HHN-LON-01,2025-11-27,General Medicine Ward A,33.541666666666664,35.0,0.9583333333333334
HHN-LON-01,2025-11-28,General Medicine Ward A,35.0,35.0,1.0
HHN-LON-01,2025-11-29,General Medicine Ward A,34.666666666666664,34.666666666666664,1.0
HHN-LON-01,2025-11-30,General Medicine Ward A,33.125,34.833333333333336,0.9511904761904763
HHN-LON-01,2025-12-01,General Medicine Ward A,33.875,34.791666666666664,0.9738095238095239
HHN-LON-01,2025-12-02,General Medicine Ward A,32.125,34.791666666666664,0.9238095238095237
HHN-LON-01,2025-12-03,General Medicine Ward A,31.583333333333332,34.625,0.912941628264209
HHN-LON-01,2025-12-04,General Medicine Ward A,34.583333333333336,34.791666666666664,0.9940476190476191
HHN-LON-01,2025-12-05,General Medicine Ward A,34.75,34.833333333333336,0.9976190476190476
HHN-LON-01,2025-12-06,General Medicine Ward A,34.375,34.375,1.0
HHN-LON-01,2025-12-07,General Medicine Ward A,31.833333333333332,34.625,0.9202380952380952
HHN-LON-01,2025-12-08,General Medicine Ward A,27.708333333333332,34.5,0.804237071172555
HHN-LON-01,2025-12-09,General Medicine Ward A,29.083333333333332,34.708333333333336,0.8375408026113672
HHN-LON-01,2025-12-10,General Medicine Ward A,34.708333333333336,34.708333333333336,1.0
HHN-LON-01,2025-12-11,General Medicine Ward A,34.833333333333336,34.833333333333336,1.0
HHN-LON-01,2025-12-12,General Medicine Ward A,34.958333333333336,34.958333333333336,1.0
HHN-LON-01,2025-12-13,General Medicine Ward A,34.666666666666664,34.666666666666664,1.0
HHN-LON-01,2025-12-14,General Medicine Ward A,34.666666666666664,34.666666666666664,1.0
HHN-LON-01,2025-12-15,General Medicine Ward A,32.375,34.625,0.9357142857142858
HHN-LON-01,2025-12-16,General Medicine Ward A,29.416666666666668,34.958333333333336,0.84156162464986
HHN-LON-01,2025-12-17,General Medicine Ward A,32.666666666666664,34.833333333333336,0.9380952380952382
HHN-LON-01,2025-12-18,General Medicine Ward A,30.166666666666668,34.75,0.8683261183261184
HHN-LON-01,2025-12-19,General Medicine Ward A,32.458333333333336,34.625,0.938095238095238
HHN-LON-01,2025-12-20,General Medicine Ward A,30.208333333333332,34.791666666666664,0.8689775910364146
HHN-LON-01,2025-12-21,General Medicine Ward A,24.541666666666668,34.666666666666664,0.7088107970460912
HHN-LON-01,2025-12-22,General Medicine Ward A,27.875,34.958333333333336,0.797373949579832
HHN-LON-01,2025-12-23,General Medicine Ward A,31.958333333333332,34.75,0.9201264880952381
HHN-LON-01,2025-12-24,General Medicine Ward A,31.375,34.125,0.9208513708513708
HHN-LON-01,2025-12-25,General Medicine Ward A,34.791666666666664,34.791666666666664,1.0
HHN-LON-01,2025-12-26,General Medicine Ward A,34.625,34.625,1.0
HHN-LON-01,2025-12-27,General Medicine Ward A,31.125,34.125,0.913578869047619
HHN-LON-01,2025-12-28,General Medicine Ward A,34.541666666666664,34.833333333333336,0.9916666666666667
HHN-LON-01,2025-12-29,General Medicine Ward A,34.083333333333336,34.041666666666664,1.0
HHN-LON-01,2025-12-30,General Medicine Ward A,34.916666666666664,34.916666666666664,1.0
HHN-LON-01,2025-12-31,General Medicine Ward A,34.458333333333336,34.875,0.9880952380952381
HHN-LON-02,2024-01-01,General Medicine Ward A,5.541666666666667,17.875,0.3109000544662309
HHN-LON-02,2024-01-02,General Medicine Ward A,11.541666666666666,17.708333333333332,0.6522501361655774
HHN-LON-02,2024-01-03,General Medicine Ward A,11.916666666666666,17.833333333333332,0.6684027777777778
HHN-LON-02,2024-01-04,General Medicine Ward A,16.375,17.791666666666668,0.9212962962962963
HHN-LON-02,2024-01-05,General Medicine Ward A,17.958333333333332,17.958333333333332,1.0
HHN-LON-02,2024-01-06,General Medicine Ward A,17.666666666666668,17.666666666666668,1.0
HHN-LON-02,2024-01-07,General Medicine Ward A,16.458333333333332,17.875,0.9210239651416122
HHN-LON-02,2024-01-08,General Medicine Ward A,16.0,18.0,0.8888888888888888
HHN-LON-02,2024-01-09,General Medicine Ward A,15.75,17.75,0.8871868191721132
HHN-LON-02,2024-01-10,General Medicine Ward A,15.916666666666666,17.916666666666668,0.8883442265795206
HHN-LON-02,2024-01-11,General Medicine Ward A,15.916666666666666,17.916666666666668,0.8883101851851851
HHN-LON-02,2024-01-12,General Medicine Ward A,15.916666666666666,17.916666666666668,0.8883101851851851
HHN-LON-02,2024-01-13,General Medicine Ward A,15.75,17.75,0.8871868191721132
HHN-LON-02,2024-01-14,General Medicine Ward A,17.208333333333332,17.833333333333332,0.9646990740740741
HHN-LON-02,2024-01-15,General Medicine Ward A,17.708333333333332,17.708333333333332,1.0
HHN-LON-02,2024-01-16,General Medicine Ward A,15.791666666666666,17.875,0.8838337418300654
HHN-LON-02,2024-01-17,General Medicine Ward A,13.5,18.0,0.75
HHN-LON-02,2024-01-18,General Medicine Ward A,11.916666666666666,17.708333333333332,0.6738834422657952
HHN-LON-02,2024-01-19,General Medicine Ward A,13.375,17.916666666666668,0.7467320261437909
HHN-LON-02,2024-01-20,General Medicine Ward A,13.75,17.875,0.7699993191721132
HHN-LON-02,2024-01-21,General Medicine Ward A,14.041666666666666,17.875,0.7860328159041394
HHN-LON-02,2024-01-22,General Medicine Ward A,15.291666666666666,17.833333333333332,0.8587962962962963
HHN-LON-02,2024-01-23,General Medicine Ward A,18.0,18.0,1.0
HHN-LON-02,2024-01-24,General Medicine Ward A,14.541666666666666,17.916666666666668,0.8125
HHN-LON-02,2024-01-25,General Medicine Ward A,11.625,17.75,0.6565393518518519
HHN-LON-02,2024-01-26,General Medicine Ward A,11.916666666666666,17.791666666666668,0.670479302832244
HHN-LON-02,2024-01-27,General Medicine Ward A,14.083333333333334,17.791666666666668,0.7925687636165577
HHN-LON-02,2024-01-28,General Medicine Ward A,17.291666666666668,17.875,0.9675925925925926
HHN-LON-02,2024-01-29,General Medicine Ward A,17.583333333333332,17.583333333333332,1.0
HHN-LON-02,2024-01-30,General Medicine Ward A,17.791666666666668,17.791666666666668,1.0
HHN-LON-02,2024-01-31,General Medicine Ward A,17.958333333333332,17.958333333333332,1.0
HHN-LON-02,2024-02-01,General Medicine Ward A,17.916666666666668,17.916666666666668,1.0
HHN-LON-02,2024-02-02,General Medicine Ward A,17.875,17.875,1.0
HHN-LON-02,2024-02-03,General Medicine Ward A,17.958333333333332,17.958333333333332,1.0
HHN-LON-02,2024-02-04,General Medicine Ward A,17.833333333333332,17.833333333333332,1.0
HHN-LON-02,2024-02-05,General Medicine Ward A,17.875,17.875,1.0
HHN-LON-02,2024-02-06,General Medicine Ward A,17.958333333333332,17.958333333333332,1.0
HHN-LON-02,2024-02-07,General Medicine Ward A,17.791666666666668,17.791666666666668,1.0
HHN-LON-02,2024-02-08,General Medicine Ward A,17.916666666666668,17.916666666666668,1.0
HHN-LON-02,2024-02-09,General Medicine Ward A,17.875,17.875,1.0
HHN-LON-02,2024-02-10,General Medicine Ward A,17.875,17.875,1.0
HHN-LON-02,2024-02-11,General Medicine Ward A,17.416666666666668,17.416666666666668,1.0
HHN-LON-02,2024-02-12,General Medicine Ward A,17.916666666666668,17.916666666666668,1.0
HHN-LON-02,2024-02-13,General Medicine Ward A,17.916666666666668,17.916666666666668,1.0
HHN-LON-02,2024-02-14,General Medicine Ward A,17.791666666666668,17.791666666666668,1.0
HHN-LON-02,2024-02-15,General Medicine Ward A,17.666666666666668,17.666666666666668,1.0
HHN-LON-02,2024-02-16,General Medicine Ward A,17.791666666666668,17.791666666666668,1.0
HHN-LON-02,2024-02-17,General Medicine Ward A,17.75,17.75,1.0
HHN-LON-02,2024-02-18,General Medicine Ward A,17.5,17.875,0.9791666666666666
HHN-LON-02,2024-02-19,General Medicine Ward A,18.0,18.0,1.0
HHN-LON-02,2024-02-20,General Medicine Ward A,17.416666666666668,18.0,0.9675925925925926
HHN-LON-02,2024-02-21,General Medicine Ward A,17.5,17.875,0.9791666666666666
HHN-LON-02,2024-02-22,General Medicine Ward A,17.916666666666668,17.916666666666668,1.0
HHN-LON-02,2024-02-23,General Medicine Ward A,17.916666666666668,17.916666666666668,1.0
HHN-LON-02,2024-02-24,General Medicine Ward A,17.833333333333332,17.833333333333332,1.0
HHN-LON-02,2024-02-25,General Medicine Ward A,17.958333333333332,17.958333333333332,1.0
HHN-LON-02,2024-02-26,General Medicine Ward A,17.833333333333332,17.833333333333332,1.0
HHN-LON-02,2024-02-27,General Medicine Ward A,17.875,17.875,1.0
HHN-LON-02,2024-02-28,General Medicine Ward A,17.916666666666668,17.833333333333332,1.0
HHN-LON-02,2024-02-29,General Medicine Ward A,17.833333333333332,17.833333333333332,1.0
HHN-LON-02,2024-03-01,General Medicine Ward A,17.916666666666668,17.916666666666668,1.0
HHN-LON-02,2024-03-02,General Medicine Ward A,17.75,17.75,1.0
HHN-LON-02,2024-03-03,General Medicine Ward A,17.625,17.958333333333332,0.9814814814814815
HHN-LON-02,2024-03-04,General Medicine Ward A,18.0,18.0,1.0
HHN-LON-02,2024-03-05,General Medicine Ward A,17.833333333333332,17.833333333333332,1.0
HHN-LON-02,2024-03-06,General Medicine Ward A,16.916666666666668,18.0,0.9398148148148148
HHN-LON-02,2024-03-07,General Medicine Ward A,17.833333333333332,17.833333333333332,1.0
HHN-LON-02,2024-03-08,General Medicine Ward A,17.916666666666668,17.916666666666668,1.0
HHN-LON-02,2024-03-09,General Medicine Ward A,17.833333333333332,17.833333333333332,1.0
HHN-LON-02,2024-03-10,General Medicine Ward A,17.875,17.875,1.0
HHN-LON-02,2024-03-11,General Medicine Ward A,17.791666666666668,17.791666666666668,1.0
HHN-LON-02,2024-03-12,General Medicine Ward A,18.0,18.0,1.0
HHN-LON-02,2024-03-13,General Medicine Ward A,17.75,17.75,1.0
HHN-LON-02,2024-03-14,General Medicine Ward A,17.916666666666668,18.0,0.9953703703703703
HHN-LON-02,2024-03-15,General Medicine Ward A,17.5,17.875,0.9791666666666666
HHN-LON-02,2024-03-16,General Medicine Ward A,17.833333333333332,17.833333333333332,1.0
HHN-LON-02,2024-03-17,General Medicine Ward A,17.916666666666668,17.916666666666668,1.0
HHN-LON-02,2024-03-18,General Medicine Ward A,16.75,18.0,0.9305555555555555
HHN-LON-02,2024-03-19,General Medicine Ward A,15.625,17.916666666666668,0.8723958333333334
HHN-LON-02,2024-03-20,General Medicine Ward A,17.916666666666668,17.958333333333332,0.9976851851851851
HHN-LON-02,2024-03-21,General Medicine Ward A,17.5,17.833333333333332,0.9814814814814815
HHN-LON-02,2024-03-22,General Medicine Ward A,17.833333333333332,17.833333333333332,1.0
HHN-LON-02,2024-03-23,General Medicine Ward A,17.833333333333332,17.833333333333332,1.0
HHN-LON-02,2024-03-24,General Medicine Ward A,17.75,17.75,1.0
HHN-LON-02,2024-03-25,General Medicine Ward A,17.25,17.916666666666668,0.9629629629629629
HHN-LON-02,2024-03-26,General Medicine Ward A,16.25,17.916666666666668,0.9071180555555555
HHN-LON-02,2024-03-27,General Medicine Ward A,17.916666666666668,17.916666666666668,1.0
HHN-LON-02,2024-03-28,General Medicine Ward A,18.0,18.0,1.0
HHN-LON-02,2024-03-29,General Medicine Ward A,18.0,18.0,1.0
HHN-LON-02,2024-03-30,General Medicine Ward A,17.875,17.875,1.0
HHN-LON-02,2024-03-31,General Medicine Ward A,17.791666666666668,17.791666666666668,1.0
HHN-LON-02,2024-04-01,General Medicine Ward A,17.916666666666668,17.916666666666668,1.0
HHN-LON-02,2024-04-02,General Medicine Ward A,17.958333333333332,17.958333333333332,1.0
HHN-LON-02,2024-04-03,General Medicine Ward A,17.875,17.875,1.0
HHN-LON-02,2024-04-04,General Medicine Ward A,18.0,18.0,1.0
HHN-LON-02,2024-04-05,General Medicine Ward A,17.958333333333332,17.958333333333332,1.0
HHN-LON-02,2024-04-06,General Medicine Ward A,17.5,18.0,0.9722222222222222
HHN-LON-02,2024-04-07,General Medicine Ward A,17.791666666666668,17.791666666666668,1.0
HHN-LON-02,2024-04-08,General Medicine Ward A,17.833333333333332,18.0,0.9907407407407408
HHN-LON-02,2024-04-09,General Medicine Ward A,15.291666666666666,17.916666666666668,0.8541666666666666
HHN-LON-02,2024-04-10,General Medicine Ward A,15.0,18.0,0.8333333333333334
HHN-LON-02,2024-04-11,General Medicine Ward A,13.458333333333334,17.958333333333332,0.7494553376906318
HHN-LON-02,2024-04-12,General Medicine Ward A,12.875,18.0,0.7152777777777778
HHN-LON-02,2024-04-13,General Medicine Ward A,14.875,17.916666666666668,0.8307291666666666
HHN-LON-02,2024-04-14,General Medicine Ward A,12.666666666666666,17.791666666666668,0.7124183006535948
HHN-LON-02,2024-04-15,General Medicine Ward A,15.083333333333334,17.875,0.8443457244008714
HHN-LON-02,2024-04-16,General Medicine Ward A,15.333333333333334,17.666666666666668,0.8685321350762528
HHN-LON-02,2024-04-17,General Medicine Ward A,13.875,18.0,0.7708333333333334
HHN-LON-02,2024-04-18,General Medicine Ward A,11.791666666666666,17.875,0.660505174291939
HHN-LON-02,2024-04-19,General Medicine Ward A,11.5,17.958333333333332,0.6405228758169935
HHN-LON-02,2024-04-20,General Medicine Ward A,12.625,17.916666666666668,0.7051504629629629
HHN-LON-02,2024-04-21,General Medicine Ward A,16.208333333333332,18.0,0.9004629629629629
HHN-LON-02,2024-04-22,General Medicine Ward A,17.666666666666668,18.0,0.9814814814814815
HHN-LON-02,2024-04-23,General Medicine Ward A,15.333333333333334,17.958333333333332,0.8541666666666666
HHN-LON-02,2024-04-24,General Medicine Ward A,12.166666666666666,18.0,0.6759259259259259
HHN-LON-02,2024-04-25,General Medicine Ward A,14.833333333333334,17.916666666666668,0.8287037037037037
HHN-LON-02,2024-04-26,General Medicine Ward A,16.75,17.916666666666668,0.9351851851851851
HHN-LON-02,2024-04-27,General Medicine Ward A,17.666666666666668,17.833333333333332,0.9907407407407408
HHN-LON-02,2024-04-28,General Medicine Ward A,16.416666666666668,17.708333333333332,0.9275428921568628
HHN-LON-02,2024-04-29,General Medicine Ward A,16.666666666666668,18.0,0.9259259259259259
HHN-LON-02,2024-04-30,General Medicine Ward A,17.958333333333332,18.0,0.9976851851851851
HHN-LON-02,2024-05-01,General Medicine Ward A,17.708333333333332,17.958333333333332,0.9861111111111112
HHN-LON-02,2024-05-02,General Medicine Ward A,16.291666666666668,17.833333333333332,0.9135348583877995
HHN-LON-02,2024-05-03,General Medicine Ward A,13.458333333333334,18.0,0.7476851851851851
HHN-LON-02,2024-05-04,General Medicine Ward A,14.458333333333334,17.791666666666668,0.8133850762527234
HHN-LON-02,2024-05-05,General Medicine Ward A,15.541666666666666,17.916666666666668,0.8674768518518517
HHN-LON-02,2024-05-06,General Medicine Ward A,16.666666666666668,17.958333333333332,0.9282407407407408
HHN-LON-02,2024-05-07,General Medicine Ward A,17.25,17.833333333333332,0.9675925925925926
HHN-LON-02,2024-05-08,General Medicine Ward A,17.0,17.833333333333332,0.9537037037037037
HHN-LON-02,2024-05-09,General Medicine Ward A,17.916666666666668,17.916666666666668,1.0
HHN-LON-02,2024-05-10,General Medicine Ward A,16.708333333333332,18.0,0.9282407407407408
HHN-LON-02,2024-05-11,General Medicine Ward A,14.0,18.0,0.7777777777777778
HHN-LON-02,2024-05-12,General Medicine Ward A,17.583333333333332,18.0,0.9768518518518517
HHN-LON-02,2024-05-13,General Medicine Ward A,17.833333333333332,18.0,0.9907407407407408
HHN-LON-02,2024-05-14,General Medicine Ward A,17.75,18.0,0.9861111111111112
HHN-LON-02,2024-05-15,General Medicine Ward A,17.791666666666668,17.916666666666668,0.9930555555555555
HHN-LON-02,2024-05-16,General Medicine Ward A,17.875,17.875,1.0
HHN-LON-02,2024-05-17,General Medicine Ward A,18.0,18.0,1.0
HHN-LON-02,2024-05-18,General Medicine Ward A,17.791666666666668,17.791666666666668,1.0
HHN-LON-02,2024-05-19,General Medicine Ward A,17.833333333333332,17.833333333333332,1.0
HHN-LON-02,2024-05-20,General Medicine Ward A,17.875,17.875,1.0
HHN-LON-02,2024-05-21,General Medicine Ward A,17.958333333333332,17.958333333333332,1.0
HHN-LON-02,2024-05-22,General Medicine Ward A,17.916666666666668,17.916666666666668,1.0
HHN-LON-02,2024-05-23,General Medicine Ward A,17.916666666666668,17.916666666666668,1.0
HHN-LON-02,2024-05-24,General Medicine Ward A,17.583333333333332,17.916666666666668,0.9814814814814815
HHN-LON-02,2024-05-25,General Medicine Ward A,17.875,17.875,1.0
HHN-LON-02,2024-05-26,General Medicine Ward A,17.833333333333332,17.833333333333332,1.0
HHN-LON-02,2024-05-27,General Medicine Ward A,17.75,17.875,0.9930555555555555
HHN-LON-02,2024-05-28,General Medicine Ward A,17.916666666666668,17.916666666666668,1.0
HHN-LON-02,2024-05-29,General Medicine Ward A,18.0,18.0,1.0
HHN-LON-02,2024-05-30,General Medicine Ward A,18.0,18.0,1.0
HHN-LON-02,2024-05-31,General Medicine Ward A,17.916666666666668,17.916666666666668,1.0
HHN-LON-02,2024-06-01,General Medicine Ward A,17.916666666666668,17.916666666666668,1.0
HHN-LON-02,2024-06-02,General Medicine Ward A,17.833333333333332,17.833333333333332,1.0
HHN-LON-02,2024-06-03,General Medicine Ward A,17.833333333333332,17.833333333333332,1.0
HHN-LON-02,2024-06-04,General Medicine Ward A,15.833333333333334,17.916666666666668,0.8842592592592592
HHN-LON-02,2024-06-05,General Medicine Ward A,13.333333333333334,18.0,0.7407407407407408
HHN-LON-02,2024-06-06,General Medicine Ward A,11.666666666666666,17.958333333333332,0.6496459694989106
HHN-LON-02,2024-06-07,General Medicine Ward A,14.25,17.875,0.7979302832244008
HHN-LON-02,2024-06-08,General Medicine Ward A,17.791666666666668,18.0,0.9884259259259259
HHN-LON-02,2024-06-09,General Medicine Ward A,16.583333333333332,17.916666666666668,0.9253472222222222
HHN-LON-02,2024-06-10,General Medicine Ward A,11.75,17.833333333333332,0.6600115740740741
HHN-LON-02,2024-06-11,General Medicine Ward A,11.125,17.958333333333332,0.6196895424836601
HHN-LON-02,2024-06-12,General Medicine Ward A,12.791666666666666,18.0,0.7106481481481483
HHN-LON-02,2024-06-13,General Medicine Ward A,11.458333333333334,18.0,0.6365740740740741
HHN-LON-02,2024-06-14,General Medicine Ward A,13.75,17.916666666666668,0.7676504629629629
HHN-LON-02,2024-06-15,General Medicine Ward A,15.0,17.916666666666668,0.8373842592592592
HHN-LON-02,2024-06-16,General Medicine Ward A,13.25,18.0,0.736111111111111
HHN-LON-02,2024-06-17,General Medicine Ward A,11.083333333333334,17.916666666666668,0.619212962962963
HHN-LON-02,2024-06-18,General Medicine Ward A,11.5,18.0,0.638888888888889
HHN-LON-02,2024-06-19,General Medicine Ward A,14.5,17.958333333333332,0.8073257080610022
HHN-LON-02,2024-06-20,General Medicine Ward A,17.958333333333332,17.958333333333332,1.0
HHN-LON-02,2024-06-21,General Medicine Ward A,18.0,18.0,1.0
HHN-LON-02,2024-06-22,General Medicine Ward A,17.0,17.791666666666668,0.9560185185185185
HHN-LON-02,2024-06-23,General Medicine Ward A,17.458333333333332,17.791666666666668,0.9814814814814815
HHN-LON-02,2024-06-24,General Medicine Ward A,13.791666666666666,18.0,0.7662037037037037
HHN-LON-02,2024-06-25,General Medicine Ward A,17.916666666666668,18.0,0.9953703703703703
HHN-LON-02,2024-06-26,General Medicine Ward A,17.125,18.0,0.9513888888888888
HHN-LON-02,2024-06-27,General Medicine Ward A,14.666666666666666,17.916666666666668,0.8188657407407408
HHN-LON-02,2024-06-28,General Medicine Ward A,17.958333333333332,17.958333333333332,1.0
HHN-LON-02,2024-06-29,General Medicine Ward A,17.916666666666668,17.916666666666668,1.0
HHN-LON-02,2024-06-30,General Medicine Ward A,17.875,17.875,1.0
HHN-LON-02,2024-07-01,General Medicine Ward A,18.0,18.0,1.0
HHN-LON-02,2024-07-02,General Medicine Ward A,18.0,18.0,1.0
HHN-LON-02,2024-07-03,General Medicine Ward A,17.875,17.916666666666668,0.9976851851851851
HHN-LON-02,2024-07-04,General Medicine Ward A,16.291666666666668,18.0,0.9050925925925926
HHN-LON-02,2024-07-05,General Medicine Ward A,17.291666666666668,17.958333333333332,0.9628267973856209
HHN-LON-02,2024-07-06,General Medicine Ward A,16.125,17.833333333333332,0.9042585784313726
HHN-LON-02,2024-07-07,General Medicine Ward A,13.833333333333334,17.875,0.7744757625272332
HHN-LON-02,2024-07-08,General Medicine Ward A,15.25,17.916666666666668,0.8515625
HHN-LON-02,2024-07-09,General Medicine Ward A,17.541666666666668,17.833333333333332,0.9837962962962963
HHN-LON-02,2024-07-10,General Medicine Ward A,17.833333333333332,17.916666666666668,0.9953703703703703
HHN-LON-02,2024-07-11,General Medicine Ward A,17.666666666666668,17.958333333333332,0.9837962962962963
HHN-LON-02,2024-07-12,General Medicine Ward A,16.416666666666668,18.0,0.9120370370370371
HHN-LON-02,2024-07-13,General Medicine Ward A,15.416666666666666,17.833333333333332,0.8646514161220044
HHN-LON-02,2024-07-14,General Medicine Ward A,17.125,17.833333333333332,0.960648148148148
HHN-LON-02,2024-07-15,General Medicine Ward A,17.5,18.0,0.9722222222222222
HHN-LON-02,2024-07-16,General Medicine Ward A,17.916666666666668,17.916666666666668,1.0
HHN-LON-02,2024-07-17,General Medicine Ward A,16.708333333333332,17.875,0.9349128540305011
HHN-LON-02,2024-07-18,General Medicine Ward A,16.416666666666668,18.0,0.9120370370370371
HHN-LON-02,2024-07-19,General Medicine Ward A,17.916666666666668,17.916666666666668,1.0
HHN-LON-02,2024-07-20,General Medicine Ward A,17.916666666666668,17.916666666666668,1.0
HHN-LON-02,2024-07-21,General Medicine Ward A,17.833333333333332,17.833333333333332,1.0
HHN-LON-02,2024-07-22,General Medicine Ward A,17.958333333333332,17.958333333333332,1.0
HHN-LON-02,2024-07-23,General Medicine Ward A,18.0,18.0,1.0
HHN-LON-02,2024-07-24,General Medicine Ward A,17.791666666666668,17.791666666666668,1.0
HHN-LON-02,2024-07-25,General Medicine Ward A,15.666666666666666,17.833333333333332,0.8773828976034858
HHN-LON-02,2024-07-26,General Medicine Ward A,9.583333333333334,17.916666666666668,0.5355902777777778
HHN-LON-02,2024-07-27,General Medicine Ward A,9.75,17.75,0.5509259259259259
HHN-LON-02,2024-07-28,General Medicine Ward A,8.875,17.833333333333332,0.498400054466231
HHN-LON-02,2024-07-29,General Medicine Ward A,9.541666666666666,18.0,0.5300925925925927
HHN-LON-02,2024-07-30,General Medicine Ward A,8.583333333333334,17.958333333333332,0.47794117647058826
HHN-LON-02,2024-07-31,General Medicine Ward A,10.416666666666666,17.916666666666668,0.5821759259259259
HHN-LON-02,2024-08-01,General Medicine Ward A,9.666666666666666,17.875,0.5417347494553376
HHN-LON-02,2024-08-02,General Medicine Ward A,7.875,17.875,0.4406147875816993
HHN-LON-02,2024-08-03,General Medicine Ward A,9.083333333333334,17.833333333333332,0.5091230936819172
HHN-LON-02,2024-08-04,General Medicine Ward A,12.125,17.958333333333332,0.6753812636165577
HHN-LON-02,2024-08-05,General Medicine Ward A,12.208333333333334,17.958333333333332,0.6804193899782135
HHN-LON-02,2024-08-06,General Medicine Ward A,17.458333333333332,17.916666666666668,0.9745370370370371
HHN-LON-02,2024-08-07,General Medicine Ward A,16.291666666666668,18.0,0.9050925925925926
HHN-LON-02,2024-08-08,General Medicine Ward A,11.333333333333334,17.791666666666668,0.6379016884531591
HHN-LON-02,2024-08-09,General Medicine Ward A,7.083333333333333,17.958333333333332,0.39501633986928103
HHN-LON-02,2024-08-10,General Medicine Ward A,12.5,17.958333333333332,0.6963507625272332
HHN-LON-02,2024-08-11,General Medicine Ward A,15.166666666666666,17.791666666666668,0.8534688180827886
HHN-LON-02,2024-08-12,General Medicine Ward A,16.333333333333332,18.0,0.9074074074074074
HHN-LON-02,2024-08-13,General Medicine Ward A,12.666666666666666,17.916666666666668,0.7083333333333334
HHN-LON-02,2024-08-14,General Medicine Ward A,8.083333333333334,18.0,0.449074074074074
HHN-LON-02,2024-08-15,General Medicine Ward A,8.875,18.0,0.4930555555555555
HHN-LON-02,2024-08-16,General Medicine Ward A,14.0,18.0,0.7777777777777777
HHN-LON-02,2024-08-17,General Medicine Ward A,16.458333333333332,17.833333333333332,0.9236111111111112
HHN-LON-02,2024-08-18,General Medicine Ward A,15.541666666666666,17.75,0.8770254629629629
HHN-LON-02,2024-08-19,General Medicine Ward A,13.208333333333334,17.958333333333332,0.7357026143790849
HHN-LON-02,2024-08-20,General Medicine Ward A,11.791666666666666,17.916666666666668,0.6583605664488017
HHN-LON-02,2024-08-21,General Medicine Ward A,7.625,17.916666666666668,0.4256365740740741
HHN-LON-02,2024-08-22,General Medicine Ward A,8.458333333333334,17.916666666666668,0.4723583877995643
HHN-LON-02,2024-08-23,General Medicine Ward A,10.208333333333334,17.958333333333332,0.5680827886710239
HHN-LON-02,2024-08-24,General Medicine Ward A,16.625,17.75,0.9375
HHN-LON-02,2024-08-25,General Medicine Ward A,16.083333333333332,17.75,0.9069818899782135
HHN-LON-02,2024-08-26,General Medicine Ward A,18.0,18.0,1.0
HHN-LON-02,2024-08-27,General Medicine Ward A,18.0,18.0,1.0
HHN-LON-02,2024-08-28,General Medicine Ward A,15.916666666666666,17.958333333333332,0.88630174291939
HHN-LON-02,2024-08-29,General Medicine Ward A,17.75,17.833333333333332,0.9953703703703703
HHN-LON-02,2024-08-30,General Medicine Ward A,18.0,18.0,1.0
HHN-LON-02,2024-08-31,General Medicine Ward A,17.916666666666668,17.916666666666668,1.0
HHN-LON-02,2024-09-01,General Medicine Ward A,18.0,18.0,1.0
HHN-LON-02,2024-09-02,General Medicine Ward A,18.0,18.0,1.0
HHN-LON-02,2024-09-03,General Medicine Ward A,18.0,18.0,1.0
HHN-LON-02,2024-09-04,General Medicine Ward A,17.916666666666668,17.916666666666668,1.0
HHN-LON-02,2024-09-05,General Medicine Ward A,18.0,18.0,1.0
HHN-LON-02,2024-09-06,General Medicine Ward A,15.541666666666666,17.958333333333332,0.8657407407407408
HHN-LON-02,2024-09-07,General Medicine Ward A,11.291666666666666,17.375,0.6518075980392157
HHN-LON-02,2024-09-08,General Medicine Ward A,12.25,17.833333333333332,0.687789351851852
HHN-LON-02,2024-09-09,General Medicine Ward A,16.791666666666668,17.833333333333332,0.9415509259259259
HHN-LON-02,2024-09-10,General Medicine Ward A,18.0,18.0,1.0
HHN-LON-02,2024-09-11,General Medicine Ward A,17.875,17.875,1.0
HHN-LON-02,2024-09-12,General Medicine Ward A,17.916666666666668,17.916666666666668,1.0
HHN-LON-02,2024-09-13,General Medicine Ward A,17.75,17.75,1.0
HHN-LON-02,2024-09-14,General Medicine Ward A,15.916666666666666,17.875,0.8906420206971677
HHN-LON-02,2024-09-15,General Medicine Ward A,15.458333333333334,17.833333333333332,0.8674768518518517
HHN-LON-02,2024-09-16,General Medicine Ward A,16.958333333333332,17.875,0.9490740740740741
HHN-LON-02,2024-09-17,General Medicine Ward A,15.541666666666666,17.833333333333332,0.8726851851851851
HHN-LON-02,2024-09-18,General Medicine Ward A,16.166666666666668,17.833333333333332,0.9074074074074074
HHN-LON-02,2024-09-19,General Medicine Ward A,17.666666666666668,17.958333333333332,0.9837962962962963
HHN-LON-02,2024-09-20,General Medicine Ward A,13.125,18.0,0.7291666666666666
HHN-LON-02,2024-09-21,General Medicine Ward A,12.625,18.0,0.7013888888888888
HHN-LON-02,2024-09-22,General Medicine Ward A,14.416666666666666,17.833333333333332,0.8093171296296297
HHN-LON-02,2024-09-23,General Medicine Ward A,14.791666666666666,17.958333333333332,0.8236655773420479
HHN-LON-02,2024-09-24,General Medicine Ward A,13.083333333333334,17.708333333333332,0.7410471132897604
HHN-LON-02,2024-09-25,General Medicine Ward A,14.333333333333334,18.0,0.7962962962962963
HHN-LON-02,2024-09-26,General Medicine Ward A,9.333333333333334,18.0,0.5185185185185185
HHN-LON-02,2024-09-27,General Medicine Ward A,10.166666666666666,17.958333333333332,0.5661764705882353
HHN-LON-02,2024-09-28,General Medicine Ward A,11.416666666666666,17.916666666666668,0.6383101851851852
HHN-LON-02,2024-09-29,General Medicine Ward A,14.208333333333334,17.791666666666668,0.7976239106753812
HHN-LON-02,2024-09-30,General Medicine Ward A,18.0,18.0,1.0
HHN-LON-02,2024-10-01,General Medicine Ward A,17.833333333333332,17.833333333333332,1.0
HHN-LON-02,2024-10-02,General Medicine Ward A,17.958333333333332,17.958333333333332,1.0
HHN-LON-02,2024-10-03,General Medicine Ward A,17.916666666666668,17.916666666666668,1.0
HHN-LON-02,2024-10-04,General Medicine Ward A,18.0,18.0,1.0
HHN-LON-02,2024-10-05,General Medicine Ward A,17.791666666666668,17.791666666666668,1.0
HHN-LON-02,2024-10-06,General Medicine Ward A,17.583333333333332,17.583333333333332,1.0
HHN-LON-02,2024-10-07,General Medicine Ward A,17.958333333333332,17.958333333333332,1.0
HHN-LON-02,2024-10-08,General Medicine Ward A,17.916666666666668,17.916666666666668,1.0
HHN-LON-02,2024-10-09,General Medicine Ward A,17.958333333333332,17.958333333333332,1.0
HHN-LON-02,2024-10-10,General Medicine Ward A,17.416666666666668,17.916666666666668,0.9722222222222222
HHN-LON-02,2024-10-11,General Medicine Ward A,16.0,17.875,0.8958333333333334
HHN-LON-02,2024-10-12,General Medicine Ward A,14.583333333333334,17.875,0.8167041122004357
HHN-LON-02,2024-10-13,General Medicine Ward A,13.5,17.916666666666668,0.7543402777777778
HHN-LON-02,2024-10-14,General Medicine Ward A,15.25,17.958333333333332,0.8495370370370371
HHN-LON-02,2024-10-15,General Medicine Ward A,17.666666666666668,18.0,0.9814814814814815
HHN-LON-02,2024-10-16,General Medicine Ward A,16.041666666666668,18.0,0.8912037037037037
HHN-LON-02,2024-10-17,General Medicine Ward A,16.125,17.875,0.9027777777777778
HHN-LON-02,2024-10-18,General Medicine Ward A,14.125,17.916666666666668,0.7886710239651417
HHN-LON-02,2024-10-19,General Medicine Ward A,13.75,17.708333333333332,0.7774203431372548
HHN-LON-02,2024-10-20,General Medicine Ward A,17.083333333333332,18.0,0.9490740740740741
HHN-LON-02,2024-10-21,General Medicine Ward A,17.833333333333332,17.833333333333332,1.0
HHN-LON-02,2024-10-22,General Medicine Ward A,16.291666666666668,17.875,0.9116285403050108
HHN-LON-02,2024-10-23,General Medicine Ward A,11.125,18.0,0.6180555555555556
HHN-LON-02,2024-10-24,General Medicine Ward A,15.541666666666666,17.958333333333332,0.8653322440087146
HHN-LON-02,2024-10-25,General Medicine Ward A,16.083333333333332,17.916666666666668,0.8981481481481483
HHN-LON-02,2024-10-26,General Medicine Ward A,17.958333333333332,17.958333333333332,1.0
HHN-LON-02,2024-10-27,General Medicine Ward A,17.916666666666668,17.916666666666668,1.0
HHN-LON-02,2024-10-28,General Medicine Ward A,17.875,17.875,1.0
HHN-LON-02,2024-10-29,General Medicine Ward A,17.916666666666668,17.916666666666668,1.0
HHN-LON-02,2024-10-30,General Medicine Ward A,18.0,18.0,1.0
HHN-LON-02,2024-10-31,General Medicine Ward A,17.916666666666668,17.916666666666668,1.0
HHN-LON-02,2024-11-01,General Medicine Ward A,18.0,18.0,1.0
HHN-LON-02,2024-11-02,General Medicine Ward A,17.791666666666668,17.791666666666668,1.0
HHN-LON-02,2024-11-03,General Medicine Ward A,18.0,18.0,1.0
HHN-LON-02,2024-11-04,General Medicine Ward A,18.0,18.0,1.0
HHN-LON-02,2024-11-05,General Medicine Ward A,18.0,18.0,1.0
HHN-LON-02,2024-11-06,General Medicine Ward A,17.958333333333332,17.958333333333332,1.0
HHN-LON-02,2024-11-07,General Medicine Ward A,18.0,18.0,1.0
HHN-LON-02,2024-11-08,General Medicine Ward A,18.0,18.0,1.0
HHN-LON-02,2024-11-09,General Medicine Ward A,17.75,17.833333333333332,0.9953703703703703
HHN-LON-02,2024-11-10,General Medicine Ward A,17.791666666666668,17.791666666666668,1.0
HHN-LON-02,2024-11-11,General Medicine Ward A,17.958333333333332,17.958333333333332,1.0
HHN-LON-02,2024-11-12,General Medicine Ward A,16.958333333333332,17.833333333333332,0.9513888888888888
HHN-LON-02,2024-11-13,General Medicine Ward A,17.875,17.875,1.0
HHN-LON-02,2024-11-14,General Medicine Ward A,17.916666666666668,17.916666666666668,1.0
HHN-LON-02,2024-11-15,General Medicine Ward A,17.875,17.875,1.0
HHN-LON-02,2024-11-16,General Medicine Ward A,17.625,17.625,1.0
HHN-LON-02,2024-11-17,General Medicine Ward A,17.791666666666668,17.791666666666668,1.0
HHN-LON-02,2024-11-18,General Medicine Ward A,17.833333333333332,17.833333333333332,1.0
HHN-LON-02,2024-11-19,General Medicine Ward A,18.0,18.0,1.0
HHN-LON-02,2024-11-20,General Medicine Ward A,17.958333333333332,17.958333333333332,1.0
HHN-LON-02,2024-11-21,General Medicine Ward A,17.916666666666668,17.916666666666668,1.0
HHN-LON-02,2024-11-22,General Medicine Ward A,17.958333333333332,17.958333333333332,1.0
HHN-LON-02,2024-11-23,General Medicine Ward A,17.833333333333332,17.833333333333332,1.0
HHN-LON-02,2024-11-24,General Medicine Ward A,17.833333333333332,17.833333333333332,1.0
HHN-LON-02,2024-11-25,General Medicine Ward A,17.875,17.875,1.0
HHN-LON-02,2024-11-26,General Medicine Ward A,18.0,18.0,1.0
HHN-LON-02,2024-11-27,General Medicine Ward A,17.583333333333332,18.0,0.9768518518518517
HHN-LON-02,2024-11-28,General Medicine Ward A,17.833333333333332,17.916666666666668,0.9953703703703703
HHN-LON-02,2024-11-29,General Medicine Ward A,17.916666666666668,17.916666666666668,1.0
HHN-LON-02,2024-11-30,General Medicine Ward A,17.958333333333332,17.958333333333332,1.0
HHN-LON-02,2024-12-01,General Medicine Ward A,17.541666666666668,17.541666666666668,1.0
HHN-LON-02,2024-12-02,General Medicine Ward A,17.875,17.875,1.0
HHN-LON-02,2024-12-03,General Medicine Ward A,17.958333333333332,17.958333333333332,1.0
HHN-LON-02,2024-12-04,General Medicine Ward A,17.708333333333332,17.708333333333332,1.0
HHN-LON-02,2024-12-05,General Medicine Ward A,17.958333333333332,17.958333333333332,1.0
HHN-LON-02,2024-12-06,General Medicine Ward A,17.875,17.875,1.0
HHN-LON-02,2024-12-07,General Medicine Ward A,17.833333333333332,17.833333333333332,1.0
HHN-LON-02,2024-12-08,General Medicine Ward A,17.791666666666668,17.791666666666668,1.0
HHN-LON-02,2024-12-09,General Medicine Ward A,17.833333333333332,17.75,1.0
HHN-LON-02,2024-12-10,General Medicine Ward A,17.5,17.916666666666668,0.9768518518518517
HHN-LON-02,2024-12-11,General Medicine Ward A,16.791666666666668,17.833333333333332,0.9418572984749455
HHN-LON-02,2024-12-12,General Medicine Ward A,16.25,18.0,0.9027777777777777
HHN-LON-02,2024-12-13,General Medicine Ward A,15.916666666666666,17.916666666666668,0.8883442265795206
HHN-LON-02,2024-12-14,General Medicine Ward A,16.375,17.958333333333332,0.9117647058823529
HHN-LON-02,2024-12-15,General Medicine Ward A,17.416666666666668,17.958333333333332,0.9697712418300654
HHN-LON-02,2024-12-16,General Medicine Ward A,16.791666666666668,17.75,0.9467592592592592
HHN-LON-02,2024-12-17,General Medicine Ward A,18.0,18.0,1.0
HHN-LON-02,2024-12-18,General Medicine Ward A,17.875,17.875,1.0
HHN-LON-02,2024-12-19,General Medicine Ward A,17.958333333333332,17.958333333333332,1.0
HHN-LON-02,2024-12-20,General Medicine Ward A,17.791666666666668,17.791666666666668,1.0
HHN-LON-02,2024-12-21,General Medicine Ward A,17.958333333333332,17.958333333333332,1.0
HHN-LON-02,2024-12-22,General Medicine Ward A,17.333333333333332,17.75,0.9768518518518517
HHN-LON-02,2024-12-23,General Medicine Ward A,15.958333333333334,17.833333333333332,0.8955610021786492
HHN-LON-02,2024-12-24,General Medicine Ward A,17.625,17.625,1.0
HHN-LON-02,2024-12-25,General Medicine Ward A,17.833333333333332,17.833333333333332,1.0
HHN-LON-02,2024-12-26,General Medicine Ward A,17.916666666666668,17.916666666666668,1.0
HHN-LON-02,2024-12-27,General Medicine Ward A,15.791666666666666,17.833333333333332,0.886437908496732
HHN-LON-02,2024-12-28,General Medicine Ward A,16.416666666666668,17.791666666666668,0.9233387799564271
HHN-LON-02,2024-12-29,General Medicine Ward A,16.5,17.916666666666668,0.9208877995642702
HHN-LON-02,2024-12-30,General Medicine Ward A,17.0,17.875,0.9513888888888888
HHN-LON-02,2024-12-31,General Medicine Ward A,17.333333333333332,17.833333333333332,0.9722222222222222
HHN-LON-02,2025-01-01,General Medicine Ward A,15.75,17.875,0.8819444444444445
HHN-LON-02,2025-01-02,General Medicine Ward A,15.0,18.0,0.8333333333333334
HHN-LON-02,2025-01-03,General Medicine Ward A,14.791666666666666,17.791666666666668,0.8312908496732027
HHN-LON-02,2025-01-04,General Medicine Ward A,14.833333333333334,17.833333333333332,0.8316482843137255
HHN-LON-02,2025-01-05,General Medicine Ward A,14.75,17.75,0.8307802287581699
HHN-LON-02,2025-01-06,General Medicine Ward A,14.75,17.75,0.8307802287581699
HHN-LON-02,2025-01-07,General Medicine Ward A,14.791666666666666,17.791666666666668,0.8312397875816994
HHN-LON-02,2025-01-08,General Medicine Ward A,17.625,17.875,0.9861111111111112
HHN-LON-02,2025-01-09,General Medicine Ward A,17.833333333333332,17.833333333333332,1.0
HHN-LON-02,2025-01-10,General Medicine Ward A,17.916666666666668,17.916666666666668,1.0
HHN-LON-02,2025-01-11,General Medicine Ward A,17.916666666666668,17.916666666666668,1.0
HHN-LON-02,2025-01-12,General Medicine Ward A,17.916666666666668,17.916666666666668,1.0
HHN-LON-02,2025-01-13,General Medicine Ward A,17.791666666666668,17.791666666666668,1.0
HHN-LON-02,2025-01-14,General Medicine Ward A,17.833333333333332,17.833333333333332,1.0
HHN-LON-02,2025-01-15,General Medicine Ward A,17.916666666666668,17.916666666666668,1.0
HHN-LON-02,2025-01-16,General Medicine Ward A,17.541666666666668,17.666666666666668,0.9930555555555555
HHN-LON-02,2025-01-17,General Medicine Ward A,17.958333333333332,17.958333333333332,1.0
HHN-LON-02,2025-01-18,General Medicine Ward A,17.958333333333332,17.958333333333332,1.0
HHN-LON-02,2025-01-19,General Medicine Ward A,17.791666666666668,17.833333333333332,0.9976851851851851
HHN-LON-02,2025-01-20,General Medicine Ward A,17.916666666666668,17.916666666666668,1.0
HHN-LON-02,2025-01-21,General Medicine Ward A,18.0,18.0,1.0
HHN-LON-02,2025-01-22,General Medicine Ward A,17.791666666666668,17.791666666666668,1.0
HHN-LON-02,2025-01-23,General Medicine Ward A,17.875,17.875,1.0
HHN-LON-02,2025-01-24,General Medicine Ward A,17.958333333333332,17.958333333333332,1.0
HHN-LON-02,2025-01-25,General Medicine Ward A,17.708333333333332,17.708333333333332,1.0
HHN-LON-02,2025-01-26,General Medicine Ward A,17.75,17.75,1.0
HHN-LON-02,2025-01-27,General Medicine Ward A,17.833333333333332,17.833333333333332,1.0
HHN-LON-02,2025-01-28,General Medicine Ward A,17.833333333333332,17.833333333333332,1.0
HHN-LON-02,2025-01-29,General Medicine Ward A,17.958333333333332,17.958333333333332,1.0
HHN-LON-02,2025-01-30,General Medicine Ward A,17.958333333333332,17.958333333333332,1.0
HHN-LON-02,2025-01-31,General Medicine Ward A,17.958333333333332,17.958333333333332,1.0
HHN-LON-02,2025-02-01,General Medicine Ward A,17.791666666666668,17.791666666666668,1.0
HHN-LON-02,2025-02-02,General Medicine Ward A,17.875,17.875,1.0
HHN-LON-02,2025-02-03,General Medicine Ward A,18.0,18.0,1.0
HHN-LON-02,2025-02-04,General Medicine Ward A,17.625,17.625,1.0
HHN-LON-02,2025-02-05,General Medicine Ward A,17.708333333333332,17.708333333333332,1.0
HHN-LON-02,2025-02-06,General Medicine Ward A,17.25,17.708333333333332,0.9745370370370371
HHN-LON-02,2025-02-07,General Medicine Ward A,16.333333333333332,17.875,0.9140795206971677
HHN-LON-02,2025-02-08,General Medicine Ward A,17.791666666666668,17.958333333333332,0.9906045751633986
HHN-LON-02,2025-02-09,General Medicine Ward A,17.541666666666668,17.541666666666668,1.0
HHN-LON-02,2025-02-10,General Medicine Ward A,17.625,17.625,1.0
HHN-LON-02,2025-02-11,General Medicine Ward A,17.791666666666668,17.791666666666668,1.0
HHN-LON-02,2025-02-12,General Medicine Ward A,17.875,17.875,1.0
HHN-LON-02,2025-02-13,General Medicine Ward A,17.916666666666668,17.916666666666668,1.0
HHN-LON-02,2025-02-14,General Medicine Ward A,17.916666666666668,17.916666666666668,1.0
HHN-LON-02,2025-02-15,General Medicine Ward A,17.75,17.75,1.0
HHN-LON-02,2025-02-16,General Medicine Ward A,17.791666666666668,17.791666666666668,1.0
HHN-LON-02,2025-02-17,General Medicine Ward A,17.833333333333332,17.833333333333332,1.0
HHN-LON-02,2025-02-18,General Medicine Ward A,17.958333333333332,17.958333333333332,1.0
HHN-LON-02,2025-02-19,General Medicine Ward A,17.916666666666668,17.916666666666668,1.0
HHN-LON-02,2025-02-20,General Medicine Ward A,17.208333333333332,17.875,0.9629629629629629
HHN-LON-02,2025-02-21,General Medicine Ward A,16.541666666666668,17.708333333333332,0.9344703159041394
HHN-LON-02,2025-02-22,General Medicine Ward A,16.416666666666668,17.875,0.9189814814814815
HHN-LON-02,2025-02-23,General Medicine Ward A,15.791666666666666,17.5,0.9041053921568628
HHN-LON-02,2025-02-24,General Medicine Ward A,17.708333333333332,17.833333333333332,0.9930555555555555
HHN-LON-02,2025-02-25,General Medicine Ward A,16.416666666666668,17.916666666666668,0.9165305010893245
HHN-LON-02,2025-02-26,General Medicine Ward A,16.791666666666668,17.833333333333332,0.9421296296296297
HHN-LON-02,2025-02-27,General Medicine Ward A,17.25,17.916666666666668,0.9629629629629629
HHN-LON-02,2025-02-28,General Medicine Ward A,17.833333333333332,17.958333333333332,0.9930555555555555
HHN-LON-02,2025-03-01,General Medicine Ward A,17.916666666666668,17.916666666666668,1.0
HHN-LON-02,2025-03-02,General Medicine Ward A,18.0,18.0,1.0
HHN-LON-02,2025-03-03,General Medicine Ward A,17.916666666666668,17.916666666666668,1.0
HHN-LON-02,2025-03-04,General Medicine Ward A,17.958333333333332,17.958333333333332,1.0
HHN-LON-02,2025-03-05,General Medicine Ward A,17.75,17.75,1.0
HHN-LON-02,2025-03-06,General Medicine Ward A,17.875,17.875,1.0
HHN-LON-02,2025-03-07,General Medicine Ward A,17.916666666666668,17.916666666666668,1.0
HHN-LON-02,2025-03-08,General Medicine Ward A,17.958333333333332,17.958333333333332,1.0
HHN-LON-02,2025-03-09,General Medicine Ward A,17.708333333333332,17.708333333333332,1.0
HHN-LON-02,2025-03-10,General Medicine Ward A,17.916666666666668,17.833333333333332,1.0
HHN-LON-02,2025-03-11,General Medicine Ward A,18.0,18.0,1.0
HHN-LON-02,2025-03-12,General Medicine Ward A,17.833333333333332,17.833333333333332,1.0
HHN-LON-02,2025-03-13,General Medicine Ward A,17.75,17.75,1.0
HHN-LON-02,2025-03-14,General Medicine Ward A,18.0,18.0,1.0
HHN-LON-02,2025-03-15,General Medicine Ward A,17.166666666666668,17.833333333333332,0.9629629629629629
HHN-LON-02,2025-03-16,General Medicine Ward A,17.458333333333332,17.75,0.9837962962962963
HHN-LON-02,2025-03-17,General Medicine Ward A,18.0,18.0,1.0
HHN-LON-02,2025-03-18,General Medicine Ward A,17.958333333333332,17.958333333333332,1.0
HHN-LON-02,2025-03-19,General Medicine Ward A,18.0,18.0,1.0
HHN-LON-02,2025-03-20,General Medicine Ward A,17.916666666666668,17.916666666666668,1.0
HHN-LON-02,2025-03-21,General Medicine Ward A,17.958333333333332,17.958333333333332,1.0
HHN-LON-02,2025-03-22,General Medicine Ward A,16.208333333333332,17.833333333333332,0.9097222222222222
HHN-LON-02,2025-03-23,General Medicine Ward A,15.833333333333334,17.833333333333332,0.8888888888888888
HHN-LON-02,2025-03-24,General Medicine Ward A,16.791666666666668,17.791666666666668,0.9444444444444445
HHN-LON-02,2025-03-25,General Medicine Ward A,17.958333333333332,18.0,0.9976851851851851
HHN-LON-02,2025-03-26,General Medicine Ward A,16.958333333333332,17.958333333333332,0.9443082788671023
HHN-LON-02,2025-03-27,General Medicine Ward A,17.0,18.0,0.9444444444444443
HHN-LON-02,2025-03-28,General Medicine Ward A,16.833333333333332,17.958333333333332,0.9373638344226579
HHN-LON-02,2025-03-29,General Medicine Ward A,15.458333333333334,17.875,0.8653152233115469
HHN-LON-02,2025-03-30,General Medicine Ward A,15.875,17.916666666666668,0.886437908496732
HHN-LON-02,2025-03-31,General Medicine Ward A,12.416666666666666,17.916666666666668,0.6935763888888888
HHN-LON-02,2025-04-01,General Medicine Ward A,14.625,18.0,0.8125
HHN-LON-02,2025-04-02,General Medicine Ward A,18.0,18.0,1.0
HHN-LON-02,2025-04-03,General Medicine Ward A,17.25,18.0,0.9583333333333334
HHN-LON-02,2025-04-04,General Medicine Ward A,15.75,17.75,0.8871527777777778
HHN-LON-02,2025-04-05,General Medicine Ward A,17.416666666666668,17.791666666666668,0.9791666666666666
HHN-LON-02,2025-04-06,General Medicine Ward A,17.916666666666668,17.958333333333332,0.9976851851851851
HHN-LON-02,2025-04-07,General Medicine Ward A,15.791666666666666,17.958333333333332,0.8796296296296297
HHN-LON-02,2025-04-08,General Medicine Ward A,17.833333333333332,17.916666666666668,0.9953703703703703
HHN-LON-02,2025-04-09,General Medicine Ward A,17.958333333333332,17.958333333333332,1.0
HHN-LON-02,2025-04-10,General Medicine Ward A,17.416666666666668,17.916666666666668,0.9722222222222222
HHN-LON-02,2025-04-11,General Medicine Ward A,15.25,18.0,0.8472222222222222
HHN-LON-02,2025-04-12,General Medicine Ward A,16.791666666666668,17.916666666666668,0.9375
HHN-LON-02,2025-04-13,General Medicine Ward A,17.916666666666668,17.916666666666668,1.0
HHN-LON-02,2025-04-14,General Medicine Ward A,17.958333333333332,17.958333333333332,1.0
HHN-LON-02,2025-04-15,General Medicine Ward A,17.791666666666668,17.791666666666668,1.0
HHN-LON-02,2025-04-16,General Medicine Ward A,18.0,18.0,1.0
HHN-LON-02,2025-04-17,General Medicine Ward A,18.0,18.0,1.0
HHN-LON-02,2025-04-18,General Medicine Ward A,17.916666666666668,17.916666666666668,1.0
HHN-LON-02,2025-04-19,General Medicine Ward A,15.541666666666666,17.833333333333332,0.8726851851851852
HHN-LON-02,2025-04-20,General Medicine Ward A,17.166666666666668,17.833333333333332,0.9629629629629629
HHN-LON-02,2025-04-21,General Medicine Ward A,17.125,18.0,0.9513888888888888
HHN-LON-02,2025-04-22,General Medicine Ward A,17.958333333333332,17.958333333333332,1.0
HHN-LON-02,2025-04-23,General Medicine Ward A,17.0,18.0,0.9444444444444445
HHN-LON-02,2025-04-24,General Medicine Ward A,16.791666666666668,18.0,0.9328703703703703
HHN-LON-02,2025-04-25,General Medicine Ward A,17.416666666666668,17.916666666666668,0.9722222222222222
HHN-LON-02,2025-04-26,General Medicine Ward A,17.583333333333332,17.791666666666668,0.988289760348584
HHN-LON-02,2025-04-27,General Medicine Ward A,18.0,18.0,1.0
HHN-LON-02,2025-04-28,General Medicine Ward A,17.916666666666668,17.916666666666668,1.0
HHN-LON-02,2025-04-29,General Medicine Ward A,17.791666666666668,17.958333333333332,0.9907407407407408
HHN-LON-02,2025-04-30,General Medicine Ward A,17.916666666666668,17.916666666666668,1.0
HHN-LON-02,2025-05-01,General Medicine Ward A,17.166666666666668,17.958333333333332,0.9560185185185185
HHN-LON-02,2025-05-02,General Medicine Ward A,15.291666666666666,18.0,0.8495370370370371
HHN-LON-02,2025-05-03,General Medicine Ward A,14.791666666666666,17.833333333333332,0.8294526143790849
HHN-LON-02,2025-05-04,General Medicine Ward A,14.875,17.916666666666668,0.8301504629629629
HHN-LON-02,2025-05-05,General Medicine Ward A,15.333333333333334,17.791666666666668,0.86286424291939
HHN-LON-02,2025-05-06,General Medicine Ward A,14.791666666666666,17.958333333333332,0.82380174291939
HHN-LON-02,2025-05-07,General Medicine Ward A,15.625,17.875,0.8745915032679737
HHN-LON-02,2025-05-08,General Medicine Ward A,16.791666666666668,17.958333333333332,0.9350490196078431
HHN-LON-02,2025-05-09,General Medicine Ward A,18.0,18.0,1.0
HHN-LON-02,2025-05-10,General Medicine Ward A,15.375,17.791666666666668,0.8654513888888888
HHN-LON-02,2025-05-11,General Medicine Ward A,16.375,17.791666666666668,0.9210069444444445
HHN-LON-02,2025-05-12,General Medicine Ward A,17.708333333333332,17.916666666666668,0.9884259259259259
HHN-LON-02,2025-05-13,General Medicine Ward A,14.208333333333334,17.916666666666668,0.7928240740740741
HHN-LON-02,2025-05-14,General Medicine Ward A,10.791666666666666,17.875,0.6049325980392157
HHN-LON-02,2025-05-15,General Medicine Ward A,11.333333333333334,17.833333333333332,0.6357911220043573
HHN-LON-02,2025-05-16,General Medicine Ward A,13.333333333333334,18.0,0.7407407407407408
HHN-LON-02,2025-05-17,General Medicine Ward A,15.0,17.666666666666668,0.8495880991285403
HHN-LON-02,2025-05-18,General Medicine Ward A,16.75,17.666666666666668,0.9486655773420479
HHN-LON-02,2025-05-19,General Medicine Ward A,16.875,18.0,0.9375
HHN-LON-02,2025-05-20,General Medicine Ward A,17.25,17.916666666666668,0.9629629629629629
HHN-LON-02,2025-05-21,General Medicine Ward A,16.625,18.0,0.923611111111111
HHN-LON-02,2025-05-22,General Medicine Ward A,16.25,18.0,0.9027777777777778
HHN-LON-02,2025-05-23,General Medicine Ward A,14.583333333333334,17.875,0.8162785947712418
HHN-LON-02,2025-05-24,General Medicine Ward A,15.041666666666666,17.916666666666668,0.8399884259259259
HHN-LON-02,2025-05-25,General Medicine Ward A,13.416666666666666,17.833333333333332,0.7529616013071895
HHN-LON-02,2025-05-26,General Medicine Ward A,14.833333333333334,18.0,0.8240740740740741
HHN-LON-02,2025-05-27,General Medicine Ward A,17.625,17.958333333333332,0.9814814814814815
HHN-LON-02,2025-05-28,General Medicine Ward A,17.833333333333332,17.916666666666668,0.9953703703703703
HHN-LON-02,2025-05-29,General Medicine Ward A,15.666666666666666,17.875,0.8773148148148149
HHN-LON-02,2025-05-30,General Medicine Ward A,12.541666666666666,18.0,0.6967592592592592
HHN-LON-02,2025-05-31,General Medicine Ward A,15.208333333333334,17.875,0.851136982570806
HHN-LON-02,2025-06-01,General Medicine Ward A,17.833333333333332,17.833333333333332,1.0
HHN-LON-02,2025-06-02,General Medicine Ward A,17.916666666666668,17.916666666666668,1.0
HHN-LON-02,2025-06-03,General Medicine Ward A,17.791666666666668,17.791666666666668,1.0
HHN-LON-02,2025-06-04,General Medicine Ward A,13.916666666666666,18.0,0.7731481481481483
HHN-LON-02,2025-06-05,General Medicine Ward A,11.458333333333334,17.958333333333332,0.6383442265795207
HHN-LON-02,2025-06-06,General Medicine Ward A,9.0,17.916666666666668,0.5024509803921569
HHN-LON-02,2025-06-07,General Medicine Ward A,10.416666666666666,17.791666666666668,0.5857162309368192
HHN-LON-02,2025-06-08,General Medicine Ward A,12.5,17.833333333333332,0.7013888888888888
HHN-LON-02,2025-06-09,General Medicine Ward A,16.916666666666668,18.0,0.9398148148148149
HHN-LON-02,2025-06-10,General Medicine Ward A,17.916666666666668,17.916666666666668,1.0
HHN-LON-02,2025-06-11,General Medicine Ward A,17.458333333333332,18.0,0.9699074074074074
HHN-LON-02,2025-06-12,General Medicine Ward A,17.791666666666668,18.0,0.9884259259259259
HHN-LON-02,2025-06-13,General Medicine Ward A,17.875,17.916666666666668,0.9976851851851851
HHN-LON-02,2025-06-14,General Medicine Ward A,17.75,17.875,0.9927832244008714
HHN-LON-02,2025-06-15,General Medicine Ward A,14.958333333333334,17.708333333333332,0.8447201797385621
HHN-LON-02,2025-06-16,General Medicine Ward A,13.875,17.916666666666668,0.7751736111111112
HHN-LON-02,2025-06-17,General Medicine Ward A,15.041666666666666,17.875,0.8424564270152506
HHN-LON-02,2025-06-18,General Medicine Ward A,11.75,17.958333333333332,0.6546840958605665
HHN-LON-02,2025-06-19,General Medicine Ward A,11.083333333333334,18.0,0.6157407407407408
HHN-LON-02,2025-06-20,General Medicine Ward A,16.375,17.958333333333332,0.9117647058823529
HHN-LON-02,2025-06-21,General Medicine Ward A,15.125,18.0,0.8402777777777778
HHN-LON-02,2025-06-22,General Medicine Ward A,13.916666666666666,17.875,0.7790883714596949
HHN-LON-02,2025-06-23,General Medicine Ward A,16.791666666666668,18.0,0.9328703703703703
HHN-LON-02,2025-06-24,General Medicine Ward A,17.75,17.833333333333332,0.9953703703703703
HHN-LON-02,2025-06-25,General Medicine Ward A,17.916666666666668,17.916666666666668,1.0
HHN-LON-02,2025-06-26,General Medicine Ward A,17.958333333333332,18.0,0.9976851851851851
HHN-LON-02,2025-06-27,General Medicine Ward A,15.458333333333334,17.916666666666668,0.8619791666666666
HHN-LON-02,2025-06-28,General Medicine Ward A,7.291666666666667,17.791666666666668,0.40996051198257083
HHN-LON-02,2025-06-29,General Medicine Ward A,6.75,17.625,0.3840550108932462
HHN-LON-02,2025-06-30,General Medicine Ward A,8.875,18.0,0.4930555555555556
HHN-LON-02,2025-07-01,General Medicine Ward A,13.041666666666666,17.916666666666668,0.7278050108932462
HHN-LON-02,2025-07-02,General Medicine Ward A,13.916666666666666,17.833333333333332,0.78125
HHN-LON-02,2025-07-03,General Medicine Ward A,11.708333333333334,17.833333333333332,0.6576967592592592
HHN-LON-02,2025-07-04,General Medicine Ward A,12.25,18.0,0.6805555555555555
HHN-LON-02,2025-07-05,General Medicine Ward A,16.125,17.958333333333332,0.898148148148148
HHN-LON-02,2025-07-06,General Medicine Ward A,14.875,17.875,0.8326184640522877
HHN-LON-02,2025-07-07,General Medicine Ward A,16.916666666666668,17.833333333333332,0.94880174291939
HHN-LON-02,2025-07-08,General Medicine Ward A,16.875,18.0,0.9375
HHN-LON-02,2025-07-09,General Medicine Ward A,16.708333333333332,18.0,0.9282407407407408
HHN-LON-02,2025-07-10,General Medicine Ward A,16.125,17.958333333333332,0.897875816993464
HHN-LON-02,2025-07-11,General Medicine Ward A,18.0,18.0,1.0
HHN-LON-02,2025-07-12,General Medicine Ward A,17.833333333333332,17.916666666666668,0.9953703703703703
HHN-LON-02,2025-07-13,General Medicine Ward A,17.916666666666668,17.916666666666668,1.0
HHN-LON-02,2025-07-14,General Medicine Ward A,17.625,17.833333333333332,0.9884259259259259
HHN-LON-02,2025-07-15,General Medicine Ward A,17.625,17.875,0.9861111111111112
HHN-LON-02,2025-07-16,General Medicine Ward A,17.791666666666668,18.0,0.9884259259259259
HHN-LON-02,2025-07-17,General Medicine Ward A,18.0,18.0,1.0
HHN-LON-02,2025-07-18,General Medicine Ward A,17.916666666666668,17.916666666666668,1.0
HHN-LON-02,2025-07-19,General Medicine Ward A,17.916666666666668,17.916666666666668,1.0
HHN-LON-02,2025-07-20,General Medicine Ward A,17.583333333333332,17.833333333333332,0.9861111111111112
HHN-LON-02,2025-07-21,General Medicine Ward A,15.541666666666666,17.833333333333332,0.8723958333333334
HHN-LON-02,2025-07-22,General Medicine Ward A,13.416666666666666,17.833333333333332,0.7528935185185186
HHN-LON-02,2025-07-23,General Medicine Ward A,12.625,17.958333333333332,0.7032952069716775
HHN-LON-02,2025-07-24,General Medicine Ward A,9.75,17.958333333333332,0.5431644880174292
HHN-LON-02,2025-07-25,General Medicine Ward A,13.041666666666666,17.958333333333332,0.7268518518518517
HHN-LON-02,2025-07-26,General Medicine Ward A,16.75,17.875,0.9373638344226579
HHN-LON-02,2025-07-27,General Medicine Ward A,17.916666666666668,17.958333333333332,0.9976851851851851
HHN-LON-02,2025-07-28,General Medicine Ward A,17.083333333333332,17.708333333333332,0.9646990740740741
HHN-LON-02,2025-07-29,General Medicine Ward A,11.125,17.791666666666668,0.6263616557734205
HHN-LON-02,2025-07-30,General Medicine Ward A,10.791666666666666,17.791666666666668,0.6071112472766885
HHN-LON-02,2025-07-31,General Medicine Ward A,10.375,17.833333333333332,0.5824652777777778
HHN-LON-02,2025-08-01,General Medicine Ward A,7.75,17.875,0.4343852124183007
HHN-LON-02,2025-08-02,General Medicine Ward A,8.375,17.625,0.47736247276688454
HHN-LON-02,2025-08-03,General Medicine Ward A,14.916666666666666,18.0,0.8287037037037037
HHN-LON-02,2025-08-04,General Medicine Ward A,17.458333333333332,17.833333333333332,0.9791666666666666
HHN-LON-02,2025-08-05,General Medicine Ward A,17.875,17.958333333333332,0.9953703703703703
HHN-LON-02,2025-08-06,General Medicine Ward A,15.0,17.791666666666668,0.8447712418300654
HHN-LON-02,2025-08-07,General Medicine Ward A,15.791666666666666,18.0,0.8773148148148148
HHN-LON-02,2025-08-08,General Medicine Ward A,15.541666666666666,17.833333333333332,0.8722596677559912
HHN-LON-02,2025-08-09,General Medicine Ward A,15.333333333333334,17.875,0.8582346132897604
HHN-LON-02,2025-08-10,General Medicine Ward A,14.25,18.0,0.7916666666666666
HHN-LON-02,2025-08-11,General Medicine Ward A,14.041666666666666,17.958333333333332,0.7817265795206971
HHN-LON-02,2025-08-12,General Medicine Ward A,14.208333333333334,18.0,0.789351851851852
HHN-LON-02,2025-08-13,General Medicine Ward A,15.166666666666666,17.916666666666668,0.8466435185185185
HHN-LON-02,2025-08-14,General Medicine Ward A,17.958333333333332,17.958333333333332,1.0
HHN-LON-02,2025-08-15,General Medicine Ward A,17.958333333333332,17.958333333333332,1.0
HHN-LON-02,2025-08-16,General Medicine Ward A,17.833333333333332,17.833333333333332,1.0
HHN-LON-02,2025-08-17,General Medicine Ward A,17.541666666666668,17.75,0.9884259259259259
HHN-LON-02,2025-08-18,General Medicine Ward A,12.666666666666666,17.958333333333332,0.7057461873638343
HHN-LON-02,2025-08-19,General Medicine Ward A,12.5,18.0,0.6944444444444445
HHN-LON-02,2025-08-20,General Medicine Ward A,16.125,17.916666666666668,0.9001736111111112
HHN-LON-02,2025-08-21,General Medicine Ward A,16.5,17.958333333333332,0.9189814814814814
HHN-LON-02,2025-08-22,General Medicine Ward A,12.25,18.0,0.6805555555555555
HHN-LON-02,2025-08-23,General Medicine Ward A,16.208333333333332,17.875,0.9071350762527234
HHN-LON-02,2025-08-24,General Medicine Ward A,17.833333333333332,17.958333333333332,0.9930555555555555
HHN-LON-02,2025-08-25,General Medicine Ward A,17.958333333333332,17.958333333333332,1.0
HHN-LON-02,2025-08-26,General Medicine Ward A,18.0,18.0,1.0
HHN-LON-02,2025-08-27,General Medicine Ward A,17.875,17.875,1.0
HHN-LON-02,2025-08-28,General Medicine Ward A,17.958333333333332,17.958333333333332,1.0
HHN-LON-02,2025-08-29,General Medicine Ward A,15.5,17.958333333333332,0.8628812636165577
HHN-LON-02,2025-08-30,General Medicine Ward A,11.5,17.875,0.6442844498910675
HHN-LON-02,2025-08-31,General Medicine Ward A,9.708333333333334,17.958333333333332,0.5407135076252724
HHN-LON-02,2025-09-01,General Medicine Ward A,12.958333333333334,17.958333333333332,0.7222222222222222
HHN-LON-02,2025-09-02,General Medicine Ward A,17.833333333333332,17.833333333333332,1.0
HHN-LON-02,2025-09-03,General Medicine Ward A,17.5,18.0,0.9722222222222222
HHN-LON-02,2025-09-04,General Medicine Ward A,16.0,17.958333333333332,0.8910675381263616
HHN-LON-02,2025-09-05,General Medicine Ward A,12.25,17.833333333333332,0.6867170479302832
HHN-LON-02,2025-09-06,General Medicine Ward A,10.25,17.875,0.5741251361655774
HHN-LON-02,2025-09-07,General Medicine Ward A,11.541666666666666,17.708333333333332,0.6521990740740741
HHN-LON-02,2025-09-08,General Medicine Ward A,13.833333333333334,17.958333333333332,0.7700163398692811
HHN-LON-02,2025-09-09,General Medicine Ward A,17.958333333333332,18.0,0.9976851851851851
HHN-LON-02,2025-09-10,General Medicine Ward A,17.75,17.75,1.0
HHN-LON-02,2025-09-11,General Medicine Ward A,18.0,18.0,1.0
HHN-LON-02,2025-09-12,General Medicine Ward A,18.0,18.0,1.0
HHN-LON-02,2025-09-13,General Medicine Ward A,17.708333333333332,17.708333333333332,1.0
HHN-LON-02,2025-09-14,General Medicine Ward A,18.0,18.0,1.0
HHN-LON-02,2025-09-15,General Medicine Ward A,17.958333333333332,17.958333333333332,1.0
HHN-LON-02,2025-09-16,General Medicine Ward A,17.708333333333332,17.916666666666668,0.9884259259259259
HHN-LON-02,2025-09-17,General Medicine Ward A,17.791666666666668,17.875,0.9953703703703703
HHN-LON-02,2025-09-18,General Medicine Ward A,13.666666666666666,18.0,0.7592592592592592
HHN-LON-02,2025-09-19,General Medicine Ward A,12.541666666666666,17.916666666666668,0.7004357298474946
HHN-LON-02,2025-09-20,General Medicine Ward A,12.25,17.916666666666668,0.6840277777777777
HHN-LON-02,2025-09-21,General Medicine Ward A,11.75,17.791666666666668,0.6620710784313726
HHN-LON-02,2025-09-22,General Medicine Ward A,11.333333333333334,17.916666666666668,0.6326252723311547
HHN-LON-02,2025-09-23,General Medicine Ward A,14.083333333333334,17.916666666666668,0.7864583333333334
HHN-LON-02,2025-09-24,General Medicine Ward A,13.833333333333334,17.916666666666668,0.7728587962962963
HHN-LON-02,2025-09-25,General Medicine Ward A,13.041666666666666,17.875,0.7298474945533769
HHN-LON-02,2025-09-26,General Medicine Ward A,15.458333333333334,18.0,0.8587962962962963
HHN-LON-02,2025-09-27,General Medicine Ward A,17.666666666666668,18.0,0.9814814814814815
HHN-LON-02,2025-09-28,General Medicine Ward A,15.541666666666666,17.875,0.8699618736383442
HHN-LON-02,2025-09-29,General Medicine Ward A,16.5,17.791666666666668,0.9279513888888888
HHN-LON-02,2025-09-30,General Medicine Ward A,17.791666666666668,17.791666666666668,1.0
HHN-LON-02,2025-10-01,General Medicine Ward A,17.333333333333332,17.875,0.9699074074074074
HHN-LON-02,2025-10-02,General Medicine Ward A,13.208333333333334,17.875,0.7394641884531591
HHN-LON-02,2025-10-03,General Medicine Ward A,11.875,17.958333333333332,0.6614923747276689
HHN-LON-02,2025-10-04,General Medicine Ward A,11.375,18.0,0.6319444444444445
HHN-LON-02,2025-10-05,General Medicine Ward A,12.666666666666666,17.916666666666668,0.7077546296296297
HHN-LON-02,2025-10-06,General Medicine Ward A,14.916666666666666,17.833333333333332,0.8365672657952069
HHN-LON-02,2025-10-07,General Medicine Ward A,18.0,18.0,1.0
HHN-LON-02,2025-10-08,General Medicine Ward A,17.916666666666668,17.958333333333332,0.9976851851851851
HHN-LON-02,2025-10-09,General Medicine Ward A,17.791666666666668,17.916666666666668,0.9930555555555555
HHN-LON-02,2025-10-10,General Medicine Ward A,17.875,17.875,1.0
HHN-LON-02,2025-10-11,General Medicine Ward A,17.875,17.875,1.0
HHN-LON-02,2025-10-12,General Medicine Ward A,17.75,17.75,1.0
HHN-LON-02,2025-10-13,General Medicine Ward A,17.833333333333332,17.833333333333332,1.0
HHN-LON-02,2025-10-14,General Medicine Ward A,17.833333333333332,17.833333333333332,1.0
HHN-LON-02,2025-10-15,General Medicine Ward A,17.958333333333332,17.958333333333332,1.0
HHN-LON-02,2025-10-16,General Medicine Ward A,17.916666666666668,17.916666666666668,1.0
HHN-LON-02,2025-10-17,General Medicine Ward A,18.0,18.0,1.0
HHN-LON-02,2025-10-18,General Medicine Ward A,17.833333333333332,17.833333333333332,1.0
HHN-LON-02,2025-10-19,General Medicine Ward A,17.333333333333332,17.833333333333332,0.9722222222222222
HHN-LON-02,2025-10-20,General Medicine Ward A,16.166666666666668,17.958333333333332,0.9004629629629629
HHN-LON-02,2025-10-21,General Medicine Ward A,14.916666666666666,18.0,0.8287037037037037
HHN-LON-02,2025-10-22,General Medicine Ward A,12.875,17.958333333333332,0.7169117647058824
HHN-LON-02,2025-10-23,General Medicine Ward A,14.208333333333334,17.916666666666668,0.7936921296296297
HHN-LON-02,2025-10-24,General Medicine Ward A,13.5,18.0,0.75
HHN-LON-02,2025-10-25,General Medicine Ward A,10.0,17.791666666666668,0.5625680827886711
HHN-LON-02,2025-10-26,General Medicine Ward A,12.791666666666666,18.0,0.7106481481481483
HHN-LON-02,2025-10-27,General Medicine Ward A,15.166666666666666,17.833333333333332,0.8506944444444445
HHN-LON-02,2025-10-28,General Medicine Ward A,16.333333333333332,17.875,0.9143518518518517
HHN-LON-02,2025-10-29,General Medicine Ward A,13.75,17.875,0.7699822984749455
HHN-LON-02,2025-10-30,General Medicine Ward A,10.458333333333334,18.0,0.5810185185185185
HHN-LON-02,2025-10-31,General Medicine Ward A,9.958333333333334,18.0,0.5532407407407408
HHN-LON-02,2025-11-01,General Medicine Ward A,13.916666666666666,17.791666666666668,0.7830201525054467
HHN-LON-02,2025-11-02,General Medicine Ward A,15.041666666666666,17.916666666666668,0.8400054466230937
HHN-LON-02,2025-11-03,General Medicine Ward A,17.166666666666668,18.0,0.9537037037037037
HHN-LON-02,2025-11-04,General Medicine Ward A,14.083333333333334,18.0,0.7824074074074074
HHN-LON-02,2025-11-05,General Medicine Ward A,15.416666666666666,17.916666666666668,0.8608217592592592
HHN-LON-02,2025-11-06,General Medicine Ward A,17.875,17.916666666666668,0.9976851851851851
HHN-LON-02,2025-11-07,General Medicine Ward A,17.958333333333332,17.958333333333332,1.0
HHN-LON-02,2025-11-08,General Medicine Ward A,17.333333333333332,17.583333333333332,0.9861111111111112
HHN-LON-02,2025-11-09,General Medicine Ward A,17.75,17.833333333333332,0.9953703703703703
HHN-LON-02,2025-11-10,General Medicine Ward A,16.666666666666668,17.875,0.9324448529411765
HHN-LON-02,2025-11-11,General Medicine Ward A,16.25,17.958333333333332,0.9050925925925926
HHN-LON-02,2025-11-12,General Medicine Ward A,16.375,17.916666666666668,0.9142156862745098
HHN-LON-02,2025-11-13,General Medicine Ward A,16.208333333333332,17.833333333333332,0.9090243736383442
HHN-LON-02,2025-11-14,General Medicine Ward A,14.541666666666666,18.0,0.8078703703703703
HHN-LON-02,2025-11-15,General Medicine Ward A,16.541666666666668,17.916666666666668,0.9233217592592592
HHN-LON-02,2025-11-16,General Medicine Ward A,17.166666666666668,17.583333333333332,0.9768518518518517
HHN-LON-02,2025-11-17,General Medicine Ward A,17.416666666666668,17.958333333333332,0.9697712418300654
HHN-LON-02,2025-11-18,General Medicine Ward A,17.708333333333332,17.916666666666668,0.9884259259259259
HHN-LON-02,2025-11-19,General Medicine Ward A,17.833333333333332,17.916666666666668,0.9953703703703703
HHN-LON-02,2025-11-20,General Medicine Ward A,17.916666666666668,17.916666666666668,1.0
HHN-LON-02,2025-11-21,General Medicine Ward A,18.0,18.0,1.0
HHN-LON-02,2025-11-22,General Medicine Ward A,16.25,17.833333333333332,0.9111689814814815
HHN-LON-02,2025-11-23,General Medicine Ward A,14.916666666666666,17.916666666666668,0.8325163398692811
HHN-LON-02,2025-11-24,General Medicine Ward A,15.0,18.0,0.8333333333333334
HHN-LON-02,2025-11-25,General Medicine Ward A,15.0,18.0,0.8333333333333334
HHN-LON-02,2025-11-26,General Medicine Ward A,14.708333333333334,17.875,0.8227975217864923
HHN-LON-02,2025-11-27,General Medicine Ward A,14.625,17.916666666666668,0.8162615740740741
HHN-LON-02,2025-11-28,General Medicine Ward A,13.875,18.0,0.7708333333333334
HHN-LON-02,2025-11-29,General Medicine Ward A,14.708333333333334,17.916666666666668,0.8209422657952069
HHN-LON-02,2025-11-30,General Medicine Ward A,13.958333333333334,17.875,0.7809946895424836
HHN-LON-02,2025-12-01,General Medicine Ward A,14.708333333333334,17.875,0.8227975217864923
HHN-LON-02,2025-12-02,General Medicine Ward A,15.0,18.0,0.8333333333333334
HHN-LON-02,2025-12-03,General Medicine Ward A,14.916666666666666,17.916666666666668,0.8325163398692811
HHN-LON-02,2025-12-04,General Medicine Ward A,17.666666666666668,17.916666666666668,0.9861111111111112
HHN-LON-02,2025-12-05,General Medicine Ward A,17.958333333333332,17.958333333333332,1.0
HHN-LON-02,2025-12-06,General Medicine Ward A,17.875,17.875,1.0
HHN-LON-02,2025-12-07,General Medicine Ward A,17.791666666666668,17.791666666666668,1.0
HHN-LON-02,2025-12-08,General Medicine Ward A,17.875,17.875,1.0
HHN-LON-02,2025-12-09,General Medicine Ward A,17.833333333333332,17.833333333333332,1.0
HHN-LON-02,2025-12-10,General Medicine Ward A,17.75,17.75,1.0
HHN-LON-02,2025-12-11,General Medicine Ward A,17.833333333333332,17.833333333333332,1.0
HHN-LON-02,2025-12-12,General Medicine Ward A,17.375,17.708333333333332,0.9814814814814815
HHN-LON-02,2025-12-13,General Medicine Ward A,17.625,17.916666666666668,0.9837962962962963
HHN-LON-02,2025-12-14,General Medicine Ward A,17.958333333333332,17.958333333333332,1.0
HHN-LON-02,2025-12-15,General Medicine Ward A,17.875,17.875,1.0
HHN-LON-02,2025-12-16,General Medicine Ward A,17.958333333333332,17.958333333333332,1.0
HHN-LON-02,2025-12-17,General Medicine Ward A,17.958333333333332,17.958333333333332,1.0
HHN-LON-02,2025-12-18,General Medicine Ward A,17.875,17.875,1.0
HHN-LON-02,2025-12-19,General Medicine Ward A,18.0,18.0,1.0
HHN-LON-02,2025-12-20,General Medicine Ward A,17.375,17.916666666666668,0.9699074074074074
HHN-LON-02,2025-12-21,General Medicine Ward A,17.666666666666668,17.666666666666668,1.0
HHN-LON-02,2025-12-22,General Medicine Ward A,17.791666666666668,17.791666666666668,1.0
HHN-LON-02,2025-12-23,General Medicine Ward A,17.791666666666668,17.833333333333332,0.9976851851851851
HHN-LON-02,2025-12-24,General Medicine Ward A,17.916666666666668,17.916666666666668,1.0
HHN-LON-02,2025-12-25,General Medicine Ward A,17.791666666666668,17.791666666666668,1.0
HHN-LON-02,2025-12-26,General Medicine Ward A,17.791666666666668,17.791666666666668,1.0
HHN-LON-02,2025-12-27,General Medicine Ward A,17.625,17.625,1.0
HHN-LON-02,2025-12-28,General Medicine Ward A,17.833333333333332,17.833333333333332,1.0
HHN-LON-02,2025-12-29,General Medicine Ward A,17.833333333333332,17.833333333333332,1.0
HHN-LON-02,2025-12-30,General Medicine Ward A,17.666666666666668,17.666666666666668,1.0
HHN-LON-02,2025-12-31,General Medicine Ward A,17.916666666666668,17.916666666666668,1.0
HHN-MAN-01,2024-01-01,General Medicine Ward A,0.5416666666666666,20.833333333333332,0.025793650793650785
HHN-MAN-01,2024-01-02,General Medicine Ward A,4.25,20.958333333333332,0.20277777777777772
HHN-MAN-01,2024-01-03,General Medicine Ward A,7.916666666666667,20.958333333333332,0.37767857142857136
HHN-MAN-01,2024-01-04,General Medicine Ward A,6.916666666666667,20.625,0.33573517126148694
HHN-MAN-01,2024-01-05,General Medicine Ward A,11.291666666666666,20.458333333333332,0.551796157059315
HHN-MAN-01,2024-01-06,General Medicine Ward A,15.083333333333334,20.291666666666668,0.7427161654135338
HHN-MAN-01,2024-01-07,General Medicine Ward A,20.791666666666668,20.791666666666668,1.0
HHN-MAN-01,2024-01-08,General Medicine Ward A,20.875,20.875,1.0
HHN-MAN-01,2024-01-09,General Medicine Ward A,20.75,20.75,1.0
HHN-MAN-01,2024-01-10,General Medicine Ward A,20.791666666666668,20.791666666666668,1.0
HHN-MAN-01,2024-01-11,General Medicine Ward A,20.583333333333332,20.583333333333332,1.0
HHN-MAN-01,2024-01-12,General Medicine Ward A,20.041666666666668,20.791666666666668,0.9642857142857143
HHN-MAN-01,2024-01-13,General Medicine Ward A,20.666666666666668,20.75,0.996031746031746
HHN-MAN-01,2024-01-14,General Medicine Ward A,20.416666666666668,20.416666666666668,1.0
HHN-MAN-01,2024-01-15,General Medicine Ward A,20.541666666666668,20.541666666666668,1.0
HHN-MAN-01,2024-01-16,General Medicine Ward A,20.833333333333332,20.833333333333332,1.0
HHN-MAN-01,2024-01-17,General Medicine Ward A,20.833333333333332,20.833333333333332,1.0
HHN-MAN-01,2024-01-18,General Medicine Ward A,20.75,20.75,1.0
HHN-MAN-01,2024-01-19,General Medicine Ward A,19.625,21.0,0.9345238095238094
HHN-MAN-01,2024-01-20,General Medicine Ward A,20.25,20.75,0.9760912698412699
HHN-MAN-01,2024-01-21,General Medicine Ward A,20.875,20.875,1.0
HHN-MAN-01,2024-01-22,General Medicine Ward A,20.916666666666668,20.916666666666668,1.0
HHN-MAN-01,2024-01-23,General Medicine Ward A,20.625,20.75,0.9940476190476191
HHN-MAN-01,2024-01-24,General Medicine Ward A,20.666666666666668,20.666666666666668,1.0
HHN-MAN-01,2024-01-25,General Medicine Ward A,20.958333333333332,20.958333333333332,1.0
HHN-MAN-01,2024-01-26,General Medicine Ward A,20.666666666666668,20.666666666666668,1.0
HHN-MAN-01,2024-01-27,General Medicine Ward A,19.625,20.75,0.9464285714285715
HHN-MAN-01,2024-01-28,General Medicine Ward A,17.291666666666668,20.916666666666668,0.8269632414369257
HHN-MAN-01,2024-01-29,General Medicine Ward A,16.958333333333332,20.5,0.8300821498189919
HHN-MAN-01,2024-01-30,General Medicine Ward A,18.541666666666668,20.708333333333332,0.8959012113617377
HHN-MAN-01,2024-01-31,General Medicine Ward A,20.916666666666668,20.916666666666668,1.0
HHN-MAN-01,2024-02-01,General Medicine Ward A,20.541666666666668,20.833333333333332,0.9861111111111112
HHN-MAN-01,2024-02-02,General Medicine Ward A,20.75,20.75,1.0
HHN-MAN-01,2024-02-03,General Medicine Ward A,20.833333333333332,20.833333333333332,1.0
HHN-MAN-01,2024-02-04,General Medicine Ward A,20.833333333333332,20.833333333333332,1.0
HHN-MAN-01,2024-02-05,General Medicine Ward A,20.958333333333332,20.958333333333332,1.0
HHN-MAN-01,2024-02-06,General Medicine Ward A,20.708333333333332,20.708333333333332,1.0
HHN-MAN-01,2024-02-07,General Medicine Ward A,20.875,20.875,1.0
HHN-MAN-01,2024-02-08,General Medicine Ward A,20.875,20.875,1.0
HHN-MAN-01,2024-02-09,General Medicine Ward A,20.791666666666668,20.791666666666668,1.0
HHN-MAN-01,2024-02-10,General Medicine Ward A,20.833333333333332,20.833333333333332,1.0
HHN-MAN-01,2024-02-11,General Medicine Ward A,21.0,21.0,1.0
HHN-MAN-01,2024-02-12,General Medicine Ward A,20.583333333333332,20.583333333333332,1.0
HHN-MAN-01,2024-02-13,General Medicine Ward A,20.833333333333332,20.833333333333332,1.0
HHN-MAN-01,2024-02-14,General Medicine Ward A,20.708333333333332,20.708333333333332,1.0
HHN-MAN-01,2024-02-15,General Medicine Ward A,20.916666666666668,20.916666666666668,1.0
HHN-MAN-01,2024-02-16,General Medicine Ward A,20.833333333333332,20.833333333333332,1.0
HHN-MAN-01,2024-02-17,General Medicine Ward A,20.916666666666668,20.916666666666668,1.0
HHN-MAN-01,2024-02-18,General Medicine Ward A,20.75,20.75,1.0
HHN-MAN-01,2024-02-19,General Medicine Ward A,20.625,20.625,1.0
HHN-MAN-01,2024-02-20,General Medicine Ward A,20.666666666666668,20.666666666666668,1.0
HHN-MAN-01,2024-02-21,General Medicine Ward A,20.916666666666668,20.916666666666668,1.0
HHN-MAN-01,2024-02-22,General Medicine Ward A,20.958333333333332,20.958333333333332,1.0
HHN-MAN-01,2024-02-23,General Medicine Ward A,20.416666666666668,20.833333333333332,0.9801587301587302
HHN-MAN-01,2024-02-24,General Medicine Ward A,20.375,20.75,0.9821428571428572
HHN-MAN-01,2024-02-25,General Medicine Ward A,20.708333333333332,20.708333333333332,1.0
HHN-MAN-01,2024-02-26,General Medicine Ward A,20.75,20.75,1.0
HHN-MAN-01,2024-02-27,General Medicine Ward A,21.0,21.0,1.0
HHN-MAN-01,2024-02-28,General Medicine Ward A,20.208333333333332,20.75,0.9742063492063492
HHN-MAN-01,2024-02-29,General Medicine Ward A,17.458333333333332,20.625,0.847411932609301
HHN-MAN-01,2024-03-01,General Medicine Ward A,12.958333333333334,20.708333333333332,0.6264619883040935
HHN-MAN-01,2024-03-02,General Medicine Ward A,13.333333333333334,20.958333333333332,0.6361111111111111
HHN-MAN-01,2024-03-03,General Medicine Ward A,14.125,20.875,0.6769319131161237
HHN-MAN-01,2024-03-04,General Medicine Ward A,14.333333333333334,20.875,0.6868386243386243
HHN-MAN-01,2024-03-05,General Medicine Ward A,14.541666666666666,21.0,0.6924603174603173
HHN-MAN-01,2024-03-06,General Medicine Ward A,14.833333333333334,20.833333333333332,0.7128237259816207
HHN-MAN-01,2024-03-07,General Medicine Ward A,18.458333333333332,20.916666666666668,0.8823099415204679
HHN-MAN-01,2024-03-08,General Medicine Ward A,20.75,20.916666666666668,0.9920634920634921
HHN-MAN-01,2024-03-09,General Medicine Ward A,20.75,20.791666666666668,0.998015873015873
HHN-MAN-01,2024-03-10,General Medicine Ward A,20.666666666666668,20.666666666666668,1.0
HHN-MAN-01,2024-03-11,General Medicine Ward A,21.0,21.0,1.0
HHN-MAN-01,2024-03-12,General Medicine Ward A,21.0,21.0,1.0
HHN-MAN-01,2024-03-13,General Medicine Ward A,20.875,20.875,1.0
HHN-MAN-01,2024-03-14,General Medicine Ward A,20.958333333333332,20.958333333333332,1.0
HHN-MAN-01,2024-03-15,General Medicine Ward A,21.0,21.0,1.0
HHN-MAN-01,2024-03-16,General Medicine Ward A,20.75,20.75,1.0
HHN-MAN-01,2024-03-17,General Medicine Ward A,20.833333333333332,20.958333333333332,0.9940476190476191
HHN-MAN-01,2024-03-18,General Medicine Ward A,20.958333333333332,21.0,0.998015873015873
HHN-MAN-01,2024-03-19,General Medicine Ward A,19.291666666666668,21.0,0.9186507936507936
HHN-MAN-01,2024-03-20,General Medicine Ward A,20.958333333333332,20.958333333333332,1.0
HHN-MAN-01,2024-03-21,General Medicine Ward A,20.958333333333332,20.958333333333332,1.0
HHN-MAN-01,2024-03-22,General Medicine Ward A,20.958333333333332,20.958333333333332,1.0
HHN-MAN-01,2024-03-23,General Medicine Ward A,20.833333333333332,20.833333333333332,1.0
HHN-MAN-01,2024-03-24,General Medicine Ward A,20.625,20.625,1.0
HHN-MAN-01,2024-03-25,General Medicine Ward A,20.916666666666668,20.916666666666668,1.0
HHN-MAN-01,2024-03-26,General Medicine Ward A,20.125,20.916666666666668,0.962092731829574
HHN-MAN-01,2024-03-27,General Medicine Ward A,19.833333333333332,20.833333333333332,0.9519510582010583
HHN-MAN-01,2024-03-28,General Medicine Ward A,20.125,20.833333333333332,0.966170634920635
HHN-MAN-01,2024-03-29,General Medicine Ward A,21.0,21.0,1.0
HHN-MAN-01,2024-03-30,General Medicine Ward A,20.708333333333332,20.708333333333332,1.0
HHN-MAN-01,2024-03-31,General Medicine Ward A,20.458333333333332,20.75,0.9861111111111112
HHN-MAN-01,2024-04-01,General Medicine Ward A,16.708333333333332,20.875,0.8012566137566138
HHN-MAN-01,2024-04-02,General Medicine Ward A,15.708333333333334,21.0,0.748015873015873
HHN-MAN-01,2024-04-03,General Medicine Ward A,18.416666666666668,21.0,0.876984126984127
HHN-MAN-01,2024-04-04,General Medicine Ward A,20.916666666666668,20.958333333333332,0.998015873015873
HHN-MAN-01,2024-04-05,General Medicine Ward A,21.0,21.0,1.0
HHN-MAN-01,2024-04-06,General Medicine Ward A,20.75,20.75,1.0
HHN-MAN-01,2024-04-07,General Medicine Ward A,20.791666666666668,20.791666666666668,1.0
HHN-MAN-01,2024-04-08,General Medicine Ward A,21.0,21.0,1.0
HHN-MAN-01,2024-04-09,General Medicine Ward A,20.5,20.833333333333332,0.9841269841269842
HHN-MAN-01,2024-04-10,General Medicine Ward A,20.958333333333332,20.958333333333332,1.0
HHN-MAN-01,2024-04-11,General Medicine Ward A,21.0,21.0,1.0
HHN-MAN-01,2024-04-12,General Medicine Ward A,20.958333333333332,20.958333333333332,1.0
HHN-MAN-01,2024-04-13,General Medicine Ward A,20.625,20.625,1.0
HHN-MAN-01,2024-04-14,General Medicine Ward A,20.791666666666668,20.791666666666668,1.0
HHN-MAN-01,2024-04-15,General Medicine Ward A,21.0,21.0,1.0
HHN-MAN-01,2024-04-16,General Medicine Ward A,21.0,21.0,1.0
HHN-MAN-01,2024-04-17,General Medicine Ward A,21.0,21.0,1.0
HHN-MAN-01,2024-04-18,General Medicine Ward A,20.916666666666668,20.916666666666668,1.0
HHN-MAN-01,2024-04-19,General Medicine Ward A,20.916666666666668,20.916666666666668,1.0
HHN-MAN-01,2024-04-20,General Medicine Ward A,20.875,20.875,1.0
HHN-MAN-01,2024-04-21,General Medicine Ward A,20.916666666666668,20.916666666666668,1.0
HHN-MAN-01,2024-04-22,General Medicine Ward A,20.875,20.875,1.0
HHN-MAN-01,2024-04-23,General Medicine Ward A,20.916666666666668,20.916666666666668,1.0
HHN-MAN-01,2024-04-24,General Medicine Ward A,20.75,20.875,0.9940476190476191
HHN-MAN-01,2024-04-25,General Medicine Ward A,20.916666666666668,20.916666666666668,1.0
HHN-MAN-01,2024-04-26,General Medicine Ward A,21.0,21.0,1.0
HHN-MAN-01,2024-04-27,General Medicine Ward A,20.958333333333332,20.958333333333332,1.0
HHN-MAN-01,2024-04-28,General Medicine Ward A,20.458333333333332,20.708333333333332,0.9880952380952381
HHN-MAN-01,2024-04-29,General Medicine Ward A,18.75,20.75,0.9046626984126984
HHN-MAN-01,2024-04-30,General Medicine Ward A,17.666666666666668,21.0,0.8412698412698413
HHN-MAN-01,2024-05-01,General Medicine Ward A,17.333333333333332,20.875,0.8313492063492064
HHN-MAN-01,2024-05-02,General Medicine Ward A,19.083333333333332,20.875,0.9146825396825397
HHN-MAN-01,2024-05-03,General Medicine Ward A,18.458333333333332,20.958333333333332,0.8807539682539683
HHN-MAN-01,2024-05-04,General Medicine Ward A,17.458333333333332,20.875,0.8373015873015873
HHN-MAN-01,2024-05-05,General Medicine Ward A,17.416666666666668,20.666666666666668,0.8437848092453355
HHN-MAN-01,2024-05-06,General Medicine Ward A,18.833333333333332,21.0,0.8968253968253967
HHN-MAN-01,2024-05-07,General Medicine Ward A,20.666666666666668,20.875,0.9900793650793651
HHN-MAN-01,2024-05-08,General Medicine Ward A,20.875,20.875,1.0
HHN-MAN-01,2024-05-09,General Medicine Ward A,21.0,21.0,1.0
HHN-MAN-01,2024-05-10,General Medicine Ward A,19.666666666666668,20.916666666666668,0.9403769841269841
HHN-MAN-01,2024-05-11,General Medicine Ward A,17.291666666666668,20.708333333333332,0.8370039682539683
HHN-MAN-01,2024-05-12,General Medicine Ward A,20.708333333333332,20.75,0.998015873015873
HHN-MAN-01,2024-05-13,General Medicine Ward A,19.916666666666668,20.833333333333332,0.9563492063492064
HHN-MAN-01,2024-05-14,General Medicine Ward A,17.916666666666668,21.0,0.8531746031746031
HHN-MAN-01,2024-05-15,General Medicine Ward A,17.916666666666668,21.0,0.8531746031746031
HHN-MAN-01,2024-05-16,General Medicine Ward A,15.291666666666666,20.916666666666668,0.7310985797827904
HHN-MAN-01,2024-05-17,General Medicine Ward A,17.291666666666668,21.0,0.8234126984126985
HHN-MAN-01,2024-05-18,General Medicine Ward A,14.708333333333334,20.666666666666668,0.7128028404344193
HHN-MAN-01,2024-05-19,General Medicine Ward A,14.875,20.791666666666668,0.7160383597883597
HHN-MAN-01,2024-05-20,General Medicine Ward A,13.791666666666666,20.875,0.6613756613756614
HHN-MAN-01,2024-05-21,General Medicine Ward A,14.25,20.916666666666668,0.6819131161236425
HHN-MAN-01,2024-05-22,General Medicine Ward A,13.666666666666666,21.0,0.6507936507936508
HHN-MAN-01,2024-05-23,General Medicine Ward A,15.416666666666666,20.833333333333332,0.7408103592314119
HHN-MAN-01,2024-05-24,General Medicine Ward A,14.916666666666666,20.75,0.7199074074074074
HHN-MAN-01,2024-05-25,General Medicine Ward A,18.5,20.75,0.8924603174603174
HHN-MAN-01,2024-05-26,General Medicine Ward A,20.5,20.75,0.9880952380952381
HHN-MAN-01,2024-05-27,General Medicine Ward A,20.166666666666668,20.875,0.9662698412698413
HHN-MAN-01,2024-05-28,General Medicine Ward A,20.833333333333332,20.875,0.998015873015873
HHN-MAN-01,2024-05-29,General Medicine Ward A,20.875,20.958333333333332,0.996031746031746
HHN-MAN-01,2024-05-30,General Medicine Ward A,18.5,20.875,0.8869047619047619
HHN-MAN-01,2024-05-31,General Medicine Ward A,19.666666666666668,20.916666666666668,0.9404761904761906
HHN-MAN-01,2024-06-01,General Medicine Ward A,17.25,20.916666666666668,0.8249791144527987
HHN-MAN-01,2024-06-02,General Medicine Ward A,15.041666666666666,20.833333333333332,0.7225355054302423
HHN-MAN-01,2024-06-03,General Medicine Ward A,18.583333333333332,21.0,0.8849206349206349
HHN-MAN-01,2024-06-04,General Medicine Ward A,20.833333333333332,20.958333333333332,0.9940476190476191
HHN-MAN-01,2024-06-05,General Medicine Ward A,18.5,20.791666666666668,0.8908730158730158
HHN-MAN-01,2024-06-06,General Medicine Ward A,16.833333333333332,21.0,0.8015873015873015
HHN-MAN-01,2024-06-07,General Medicine Ward A,13.708333333333334,20.875,0.6570436507936508
HHN-MAN-01,2024-06-08,General Medicine Ward A,11.583333333333334,20.791666666666668,0.5578529657477026
HHN-MAN-01,2024-06-09,General Medicine Ward A,15.708333333333334,20.708333333333332,0.7600563909774437
HHN-MAN-01,2024-06-10,General Medicine Ward A,18.083333333333332,20.833333333333332,0.8689484126984127
HHN-MAN-01,2024-06-11,General Medicine Ward A,19.083333333333332,20.958333333333332,0.9107142857142857
HHN-MAN-01,2024-06-12,General Medicine Ward A,18.375,21.0,0.875
HHN-MAN-01,2024-06-13,General Medicine Ward A,19.0,20.833333333333332,0.9116541353383458
HHN-MAN-01,2024-06-14,General Medicine Ward A,15.875,21.0,0.7559523809523809
HHN-MAN-01,2024-06-15,General Medicine Ward A,17.5,20.791666666666668,0.8427579365079364
HHN-MAN-01,2024-06-16,General Medicine Ward A,15.458333333333334,20.916666666666668,0.7396616541353384
HHN-MAN-01,2024-06-17,General Medicine Ward A,15.416666666666666,20.875,0.7390873015873015
HHN-MAN-01,2024-06-18,General Medicine Ward A,20.625,20.958333333333332,0.9841269841269842
HHN-MAN-01,2024-06-19,General Medicine Ward A,21.0,21.0,1.0
HHN-MAN-01,2024-06-20,General Medicine Ward A,19.583333333333332,20.958333333333332,0.9344246031746032
HHN-MAN-01,2024-06-21,General Medicine Ward A,14.25,20.916666666666668,0.6817460317460317
HHN-MAN-01,2024-06-22,General Medicine Ward A,11.5,20.375,0.5701058201058201
HHN-MAN-01,2024-06-23,General Medicine Ward A,14.791666666666666,20.833333333333332,0.7106934001670844
HHN-MAN-01,2024-06-24,General Medicine Ward A,14.625,20.875,0.7007275132275131
HHN-MAN-01,2024-06-25,General Medicine Ward A,14.791666666666666,21.0,0.7043650793650794
HHN-MAN-01,2024-06-26,General Medicine Ward A,13.958333333333334,21.0,0.6646825396825397
HHN-MAN-01,2024-06-27,General Medicine Ward A,12.666666666666666,20.791666666666668,0.6101886661097188
HHN-MAN-01,2024-06-28,General Medicine Ward A,15.0,21.0,0.7142857142857143
HHN-MAN-01,2024-06-29,General Medicine Ward A,16.125,21.0,0.7678571428571428
HHN-MAN-01,2024-06-30,General Medicine Ward A,17.041666666666668,21.0,0.8115079365079364
HHN-MAN-01,2024-07-01,General Medicine Ward A,16.916666666666668,20.916666666666668,0.8089285714285714
HHN-MAN-01,2024-07-02,General Medicine Ward A,12.166666666666666,20.75,0.5876322751322751
HHN-MAN-01,2024-07-03,General Medicine Ward A,12.875,20.75,0.6220238095238095
HHN-MAN-01,2024-07-04,General Medicine Ward A,13.375,20.958333333333332,0.6383928571428571
HHN-MAN-01,2024-07-05,General Medicine Ward A,16.125,20.708333333333332,0.778004037872459
HHN-MAN-01,2024-07-06,General Medicine Ward A,19.291666666666668,20.458333333333332,0.9441468253968254
HHN-MAN-01,2024-07-07,General Medicine Ward A,17.958333333333332,20.875,0.8610119047619048
HHN-MAN-01,2024-07-08,General Medicine Ward A,18.291666666666668,20.875,0.8766534391534392
HHN-MAN-01,2024-07-09,General Medicine Ward A,19.0,21.0,0.9047619047619048
HHN-MAN-01,2024-07-10,General Medicine Ward A,17.083333333333332,20.625,0.8306878306878307
HHN-MAN-01,2024-07-11,General Medicine Ward A,17.0,20.791666666666668,0.8190267335004178
HHN-MAN-01,2024-07-12,General Medicine Ward A,17.5,20.916666666666668,0.837092731829574
HHN-MAN-01,2024-07-13,General Medicine Ward A,20.416666666666668,20.666666666666668,0.9880952380952381
HHN-MAN-01,2024-07-14,General Medicine Ward A,20.958333333333332,20.958333333333332,1.0
HHN-MAN-01,2024-07-15,General Medicine Ward A,20.916666666666668,20.916666666666668,1.0
HHN-MAN-01,2024-07-16,General Medicine Ward A,21.0,21.0,1.0
HHN-MAN-01,2024-07-17,General Medicine Ward A,21.0,21.0,1.0
HHN-MAN-01,2024-07-18,General Medicine Ward A,21.0,21.0,1.0
HHN-MAN-01,2024-07-19,General Medicine Ward A,20.166666666666668,21.0,0.9603174603174603
HHN-MAN-01,2024-07-20,General Medicine Ward A,14.416666666666666,21.0,0.6865079365079364
HHN-MAN-01,2024-07-21,General Medicine Ward A,16.666666666666668,20.916666666666668,0.7970238095238095
HHN-MAN-01,2024-07-22,General Medicine Ward A,18.458333333333332,21.0,0.878968253968254
HHN-MAN-01,2024-07-23,General Medicine Ward A,20.875,20.875,1.0
HHN-MAN-01,2024-07-24,General Medicine Ward A,20.5,20.75,0.9880952380952381
HHN-MAN-01,2024-07-25,General Medicine Ward A,18.083333333333332,20.916666666666668,0.8650793650793651
HHN-MAN-01,2024-07-26,General Medicine Ward A,15.208333333333334,20.875,0.7292449874686717
HHN-MAN-01,2024-07-27,General Medicine Ward A,15.083333333333334,21.0,0.7182539682539683
HHN-MAN-01,2024-07-28,General Medicine Ward A,14.625,20.75,0.7066798941798941
HHN-MAN-01,2024-07-29,General Medicine Ward A,18.0,20.833333333333332,0.8647486772486772
HHN-MAN-01,2024-07-30,General Medicine Ward A,16.291666666666668,21.0,0.7757936507936508
HHN-MAN-01,2024-07-31,General Medicine Ward A,13.583333333333334,20.958333333333332,0.6481150793650793
HHN-MAN-01,2024-08-01,General Medicine Ward A,18.291666666666668,20.916666666666668,0.875
HHN-MAN-01,2024-08-02,General Medicine Ward A,20.833333333333332,20.958333333333332,0.9940476190476191
HHN-MAN-01,2024-08-03,General Medicine Ward A,18.791666666666668,20.791666666666668,0.9044642857142856
HHN-MAN-01,2024-08-04,General Medicine Ward A,19.75,20.916666666666668,0.9444444444444445
HHN-MAN-01,2024-08-05,General Medicine Ward A,20.958333333333332,20.958333333333332,1.0
HHN-MAN-01,2024-08-06,General Medicine Ward A,19.208333333333332,20.916666666666668,0.9186507936507936
HHN-MAN-01,2024-08-07,General Medicine Ward A,16.666666666666668,21.0,0.7936507936507936
HHN-MAN-01,2024-08-08,General Medicine Ward A,17.416666666666668,20.875,0.8353174603174603
HHN-MAN-01,2024-08-09,General Medicine Ward A,17.416666666666668,20.833333333333332,0.8368838763575606
HHN-MAN-01,2024-08-10,General Medicine Ward A,16.916666666666668,20.916666666666668,0.8088972431077694
HHN-MAN-01,2024-08-11,General Medicine Ward A,17.166666666666668,20.75,0.8277777777777778
HHN-MAN-01,2024-08-12,General Medicine Ward A,12.875,21.0,0.6130952380952381
HHN-MAN-01,2024-08-13,General Medicine Ward A,11.333333333333334,20.875,0.5430712197159565
HHN-MAN-01,2024-08-14,General Medicine Ward A,14.458333333333334,20.916666666666668,0.6914160401002506
HHN-MAN-01,2024-08-15,General Medicine Ward A,18.041666666666668,21.0,0.8591269841269842
HHN-MAN-01,2024-08-16,General Medicine Ward A,20.708333333333332,20.958333333333332,0.9880952380952381
HHN-MAN-01,2024-08-17,General Medicine Ward A,20.75,20.75,1.0
HHN-MAN-01,2024-08-18,General Medicine Ward A,19.041666666666668,20.833333333333332,0.9145833333333333
HHN-MAN-01,2024-08-19,General Medicine Ward A,17.25,20.75,0.8324979114452798
HHN-MAN-01,2024-08-20,General Medicine Ward A,17.666666666666668,21.0,0.8412698412698413
HHN-MAN-01,2024-08-21,General Medicine Ward A,13.791666666666666,21.0,0.6567460317460317
HHN-MAN-01,2024-08-22,General Medicine Ward A,14.541666666666666,21.0,0.6924603174603173
HHN-MAN-01,2024-08-23,General Medicine Ward A,16.041666666666668,20.875,0.7691798941798941
HHN-MAN-01,2024-08-24,General Medicine Ward A,17.291666666666668,20.875,0.8290343915343915
HHN-MAN-01,2024-08-25,General Medicine Ward A,19.083333333333332,20.583333333333332,0.9284722222222221
HHN-MAN-01,2024-08-26,General Medicine Ward A,21.0,21.0,1.0
HHN-MAN-01,2024-08-27,General Medicine Ward A,20.833333333333332,20.833333333333332,1.0
HHN-MAN-01,2024-08-28,General Medicine Ward A,20.833333333333332,20.833333333333332,1.0
HHN-MAN-01,2024-08-29,General Medicine Ward A,20.875,20.875,1.0
HHN-MAN-01,2024-08-30,General Medicine Ward A,19.125,20.875,0.9166666666666666
HHN-MAN-01,2024-08-31,General Medicine Ward A,13.625,20.791666666666668,0.656265664160401
HHN-MAN-01,2024-09-01,General Medicine Ward A,16.541666666666668,20.875,0.7926587301587302
HHN-MAN-01,2024-09-02,General Medicine Ward A,20.291666666666668,21.0,0.9662698412698413
HHN-MAN-01,2024-09-03,General Medicine Ward A,20.916666666666668,20.958333333333332,0.998015873015873
HHN-MAN-01,2024-09-04,General Medicine Ward A,19.333333333333332,20.75,0.9322089947089948
HHN-MAN-01,2024-09-05,General Medicine Ward A,17.291666666666668,21.0,0.8234126984126985
HHN-MAN-01,2024-09-06,General Medicine Ward A,18.333333333333332,21.0,0.873015873015873
HHN-MAN-01,2024-09-07,General Medicine Ward A,18.458333333333332,20.708333333333332,0.8926587301587302
HHN-MAN-01,2024-09-08,General Medicine Ward A,19.375,20.75,0.9345238095238096
HHN-MAN-01,2024-09-09,General Medicine Ward A,20.041666666666668,21.0,0.9543650793650794
HHN-MAN-01,2024-09-10,General Medicine Ward A,21.0,21.0,1.0
HHN-MAN-01,2024-09-11,General Medicine Ward A,20.875,20.875,1.0
HHN-MAN-01,2024-09-12,General Medicine Ward A,20.708333333333332,20.833333333333332,0.9940476190476191
HHN-MAN-01,2024-09-13,General Medicine Ward A,20.75,20.875,0.9940476190476191
HHN-MAN-01,2024-09-14,General Medicine Ward A,20.125,20.666666666666668,0.9742063492063492
HHN-MAN-01,2024-09-15,General Medicine Ward A,19.833333333333332,20.791666666666668,0.9543650793650794
HHN-MAN-01,2024-09-16,General Medicine Ward A,18.208333333333332,20.916666666666668,0.8708228905597326
HHN-MAN-01,2024-09-17,General Medicine Ward A,19.125,21.0,0.9107142857142857
HHN-MAN-01,2024-09-18,General Medicine Ward A,20.75,20.875,0.9940476190476191
HHN-MAN-01,2024-09-19,General Medicine Ward A,21.0,21.0,1.0
HHN-MAN-01,2024-09-20,General Medicine Ward A,20.875,20.875,1.0
HHN-MAN-01,2024-09-21,General Medicine Ward A,20.75,20.75,1.0
HHN-MAN-01,2024-09-22,General Medicine Ward A,20.875,20.875,1.0
HHN-MAN-01,2024-09-23,General Medicine Ward A,21.0,21.0,1.0
HHN-MAN-01,2024-09-24,General Medicine Ward A,20.875,20.875,1.0
HHN-MAN-01,2024-09-25,General Medicine Ward A,20.833333333333332,20.833333333333332,1.0
HHN-MAN-01,2024-09-26,General Medicine Ward A,21.0,21.0,1.0
HHN-MAN-01,2024-09-27,General Medicine Ward A,20.75,20.791666666666668,0.998015873015873
HHN-MAN-01,2024-09-28,General Medicine Ward A,17.708333333333332,21.0,0.8432539682539683
HHN-MAN-01,2024-09-29,General Medicine Ward A,20.125,20.833333333333332,0.9662698412698413
HHN-MAN-01,2024-09-30,General Medicine Ward A,21.0,21.0,1.0
HHN-MAN-01,2024-10-01,General Medicine Ward A,20.541666666666668,20.916666666666668,0.9821428571428572
HHN-MAN-01,2024-10-02,General Medicine Ward A,19.291666666666668,21.0,0.9186507936507936
HHN-MAN-01,2024-10-03,General Medicine Ward A,19.541666666666668,20.791666666666668,0.9404761904761906
HHN-MAN-01,2024-10-04,General Medicine Ward A,17.166666666666668,20.75,0.8287037037037037
HHN-MAN-01,2024-10-05,General Medicine Ward A,10.541666666666666,20.916666666666668,0.504281537176274
HHN-MAN-01,2024-10-06,General Medicine Ward A,8.416666666666666,20.791666666666668,0.4052318295739348
HHN-MAN-01,2024-10-07,General Medicine Ward A,11.083333333333334,20.875,0.5337301587301587
HHN-MAN-01,2024-10-08,General Medicine Ward A,20.791666666666668,20.791666666666668,1.0
HHN-MAN-01,2024-10-09,General Medicine Ward A,19.291666666666668,21.0,0.9186507936507936
HHN-MAN-01,2024-10-10,General Medicine Ward A,12.833333333333334,20.916666666666668,0.6142439431913116
HHN-MAN-01,2024-10-11,General Medicine Ward A,10.875,20.875,0.5218253968253967
HHN-MAN-01,2024-10-12,General Medicine Ward A,10.0,20.75,0.48412698412698413
HHN-MAN-01,2024-10-13,General Medicine Ward A,6.75,20.791666666666668,0.32478766360345307
HHN-MAN-01,2024-10-14,General Medicine Ward A,10.125,20.958333333333332,0.48303571428571423
HHN-MAN-01,2024-10-15,General Medicine Ward A,13.416666666666666,20.875,0.6431878306878307
HHN-MAN-01,2024-10-16,General Medicine Ward A,19.208333333333332,20.958333333333332,0.9163690476190477
HHN-MAN-01,2024-10-17,General Medicine Ward A,19.125,21.0,0.9107142857142857
HHN-MAN-01,2024-10-18,General Medicine Ward A,18.625,20.916666666666668,0.8906641604010025
HHN-MAN-01,2024-10-19,General Medicine Ward A,20.75,20.75,1.0
HHN-MAN-01,2024-10-20,General Medicine Ward A,20.833333333333332,20.833333333333332,1.0
HHN-MAN-01,2024-10-21,General Medicine Ward A,20.458333333333332,20.875,0.9801587301587302
HHN-MAN-01,2024-10-22,General Medicine Ward A,20.875,20.958333333333332,0.996031746031746
HHN-MAN-01,2024-10-23,General Medicine Ward A,20.375,20.833333333333332,0.9781746031746033
HHN-MAN-01,2024-10-24,General Medicine Ward A,20.458333333333332,20.958333333333332,0.9761904761904763
HHN-MAN-01,2024-10-25,General Medicine Ward A,20.916666666666668,21.0,0.996031746031746
HHN-MAN-01,2024-10-26,General Medicine Ward A,20.791666666666668,20.791666666666668,1.0
HHN-MAN-01,2024-10-27,General Medicine Ward A,20.958333333333332,20.958333333333332,1.0
HHN-MAN-01,2024-10-28,General Medicine Ward A,20.708333333333332,20.708333333333332,1.0
HHN-MAN-01,2024-10-29,General Medicine Ward A,20.791666666666668,20.791666666666668,1.0
HHN-MAN-01,2024-10-30,General Medicine Ward A,20.916666666666668,20.916666666666668,1.0
HHN-MAN-01,2024-10-31,General Medicine Ward A,20.916666666666668,20.916666666666668,1.0
HHN-MAN-01,2024-11-01,General Medicine Ward A,20.25,20.833333333333332,0.9722222222222222
HHN-MAN-01,2024-11-02,General Medicine Ward A,20.75,20.791666666666668,0.998015873015873
HHN-MAN-01,2024-11-03,General Medicine Ward A,20.875,20.875,1.0
HHN-MAN-01,2024-11-04,General Medicine Ward A,20.916666666666668,20.916666666666668,1.0
HHN-MAN-01,2024-11-05,General Medicine Ward A,21.0,21.0,1.0
HHN-MAN-01,2024-11-06,General Medicine Ward A,21.0,21.0,1.0
HHN-MAN-01,2024-11-07,General Medicine Ward A,21.0,21.0,1.0
HHN-MAN-01,2024-11-08,General Medicine Ward A,19.916666666666668,20.958333333333332,0.9503968253968255
HHN-MAN-01,2024-11-09,General Medicine Ward A,15.458333333333334,20.75,0.7466844193817878
HHN-MAN-01,2024-11-10,General Medicine Ward A,19.125,20.875,0.9166666666666666
HHN-MAN-01,2024-11-11,General Medicine Ward A,20.875,20.875,1.0
HHN-MAN-01,2024-11-12,General Medicine Ward A,20.958333333333332,20.958333333333332,1.0
HHN-MAN-01,2024-11-13,General Medicine Ward A,20.875,20.916666666666668,0.998015873015873
HHN-MAN-01,2024-11-14,General Medicine Ward A,20.75,20.75,1.0
HHN-MAN-01,2024-11-15,General Medicine Ward A,18.958333333333332,20.958333333333332,0.9046626984126984
HHN-MAN-01,2024-11-16,General Medicine Ward A,19.625,20.875,0.9404761904761906
HHN-MAN-01,2024-11-17,General Medicine Ward A,20.375,20.75,0.9820436507936509
HHN-MAN-01,2024-11-18,General Medicine Ward A,18.125,20.833333333333332,0.8706018518518519
HHN-MAN-01,2024-11-19,General Medicine Ward A,21.0,21.0,1.0
HHN-MAN-01,2024-11-20,General Medicine Ward A,20.958333333333332,20.958333333333332,1.0
HHN-MAN-01,2024-11-21,General Medicine Ward A,21.0,21.0,1.0
HHN-MAN-01,2024-11-22,General Medicine Ward A,20.958333333333332,20.958333333333332,1.0
HHN-MAN-01,2024-11-23,General Medicine Ward A,20.333333333333332,20.916666666666668,0.9722222222222222
HHN-MAN-01,2024-11-24,General Medicine Ward A,20.5,20.791666666666668,0.9859126984126984
HHN-MAN-01,2024-11-25,General Medicine Ward A,20.375,21.0,0.9702380952380952
HHN-MAN-01,2024-11-26,General Medicine Ward A,17.083333333333332,20.833333333333332,0.821329365079365
HHN-MAN-01,2024-11-27,General Medicine Ward A,18.083333333333332,21.0,0.8611111111111112
HHN-MAN-01,2024-11-28,General Medicine Ward A,21.0,21.0,1.0
HHN-MAN-01,2024-11-29,General Medicine Ward A,20.958333333333332,21.0,0.998015873015873
HHN-MAN-01,2024-11-30,General Medicine Ward A,20.708333333333332,20.791666666666668,0.996031746031746
HHN-MAN-01,2024-12-01,General Medicine Ward A,20.166666666666668,20.583333333333332,0.9801587301587302
HHN-MAN-01,2024-12-02,General Medicine Ward A,20.916666666666668,20.916666666666668,1.0
HHN-MAN-01,2024-12-03,General Medicine Ward A,20.791666666666668,20.791666666666668,1.0
HHN-MAN-01,2024-12-04,General Medicine Ward A,20.875,20.958333333333332,0.996031746031746
HHN-MAN-01,2024-12-05,General Medicine Ward A,20.875,20.875,1.0
HHN-MAN-01,2024-12-06,General Medicine Ward A,20.916666666666668,20.916666666666668,1.0
HHN-MAN-01,2024-12-07,General Medicine Ward A,20.875,20.875,1.0
HHN-MAN-01,2024-12-08,General Medicine Ward A,20.666666666666668,20.666666666666668,1.0
HHN-MAN-01,2024-12-09,General Medicine Ward A,20.625,20.625,1.0
HHN-MAN-01,2024-12-10,General Medicine Ward A,20.791666666666668,20.791666666666668,1.0
HHN-MAN-01,2024-12-11,General Medicine Ward A,20.916666666666668,20.916666666666668,1.0
HHN-MAN-01,2024-12-12,General Medicine Ward A,20.625,20.625,1.0
HHN-MAN-01,2024-12-13,General Medicine Ward A,20.875,20.875,1.0
HHN-MAN-01,2024-12-14,General Medicine Ward A,20.833333333333332,20.833333333333332,1.0
HHN-MAN-01,2024-12-15,General Medicine Ward A,20.875,20.875,1.0
HHN-MAN-01,2024-12-16,General Medicine Ward A,20.916666666666668,20.916666666666668,1.0
HHN-MAN-01,2024-12-17,General Medicine Ward A,20.75,20.75,1.0
HHN-MAN-01,2024-12-18,General Medicine Ward A,21.0,21.0,1.0
HHN-MAN-01,2024-12-19,General Medicine Ward A,20.75,20.75,1.0
HHN-MAN-01,2024-12-20,General Medicine Ward A,20.875,20.916666666666668,0.998015873015873
HHN-MAN-01,2024-12-21,General Medicine Ward A,19.666666666666668,20.666666666666668,0.9523809523809524
HHN-MAN-01,2024-12-22,General Medicine Ward A,20.916666666666668,20.916666666666668,1.0
HHN-MAN-01,2024-12-23,General Medicine Ward A,20.833333333333332,20.833333333333332,1.0
HHN-MAN-01,2024-12-24,General Medicine Ward A,20.916666666666668,20.916666666666668,1.0
HHN-MAN-01,2024-12-25,General Medicine Ward A,20.916666666666668,20.916666666666668,1.0
HHN-MAN-01,2024-12-26,General Medicine Ward A,20.666666666666668,20.666666666666668,1.0
HHN-MAN-01,2024-12-27,General Medicine Ward A,20.875,20.875,1.0
HHN-MAN-01,2024-12-28,General Medicine Ward A,21.0,21.0,1.0
HHN-MAN-01,2024-12-29,General Medicine Ward A,20.791666666666668,20.791666666666668,1.0
HHN-MAN-01,2024-12-30,General Medicine Ward A,20.958333333333332,20.958333333333332,1.0
HHN-MAN-01,2024-12-31,General Medicine Ward A,20.708333333333332,20.708333333333332,1.0
HHN-MAN-01,2025-01-01,General Medicine Ward A,20.833333333333332,20.833333333333332,1.0
HHN-MAN-01,2025-01-02,General Medicine Ward A,20.125,21.0,0.9583333333333334
HHN-MAN-01,2025-01-03,General Medicine Ward A,20.75,20.791666666666668,0.998015873015873
HHN-MAN-01,2025-01-04,General Medicine Ward A,20.791666666666668,20.791666666666668,1.0
HHN-MAN-01,2025-01-05,General Medicine Ward A,20.916666666666668,20.916666666666668,1.0
HHN-MAN-01,2025-01-06,General Medicine Ward A,20.875,20.875,1.0
HHN-MAN-01,2025-01-07,General Medicine Ward A,21.0,21.0,1.0
HHN-MAN-01,2025-01-08,General Medicine Ward A,19.583333333333332,20.875,0.9384920634920636
HHN-MAN-01,2025-01-09,General Medicine Ward A,17.875,20.833333333333332,0.858500417710944
HHN-MAN-01,2025-01-10,General Medicine Ward A,19.958333333333332,20.833333333333332,0.9582341269841269
HHN-MAN-01,2025-01-11,General Medicine Ward A,19.958333333333332,20.833333333333332,0.9583333333333334
HHN-MAN-01,2025-01-12,General Medicine Ward A,20.833333333333332,20.833333333333332,1.0
HHN-MAN-01,2025-01-13,General Medicine Ward A,20.791666666666668,20.791666666666668,1.0
HHN-MAN-01,2025-01-14,General Medicine Ward A,20.708333333333332,20.708333333333332,1.0
HHN-MAN-01,2025-01-15,General Medicine Ward A,20.833333333333332,20.833333333333332,1.0
HHN-MAN-01,2025-01-16,General Medicine Ward A,20.25,20.916666666666668,0.9682539682539683
HHN-MAN-01,2025-01-17,General Medicine Ward A,20.208333333333332,20.625,0.9801587301587302
HHN-MAN-01,2025-01-18,General Medicine Ward A,20.0,20.75,0.9641865079365081
HHN-MAN-01,2025-01-19,General Medicine Ward A,19.958333333333332,20.708333333333332,0.9642857142857143
HHN-MAN-01,2025-01-20,General Medicine Ward A,19.208333333333332,20.875,0.9206349206349206
HHN-MAN-01,2025-01-21,General Medicine Ward A,16.666666666666668,20.625,0.810484544695071
HHN-MAN-01,2025-01-22,General Medicine Ward A,16.375,20.708333333333332,0.7924063631300474
HHN-MAN-01,2025-01-23,General Medicine Ward A,13.375,20.916666666666668,0.6394110275689223
HHN-MAN-01,2025-01-24,General Medicine Ward A,15.166666666666666,20.875,0.7268518518518517
HHN-MAN-01,2025-01-25,General Medicine Ward A,20.791666666666668,20.875,0.996031746031746
HHN-MAN-01,2025-01-26,General Medicine Ward A,21.0,21.0,1.0
HHN-MAN-01,2025-01-27,General Medicine Ward A,20.666666666666668,20.708333333333332,0.998015873015873
HHN-MAN-01,2025-01-28,General Medicine Ward A,16.875,20.75,0.8151455026455027
HHN-MAN-01,2025-01-29,General Medicine Ward A,15.208333333333334,20.75,0.7341269841269842
HHN-MAN-01,2025-01-30,General Medicine Ward A,18.416666666666668,20.833333333333332,0.8840068922305764
HHN-MAN-01,2025-01-31,General Medicine Ward A,20.833333333333332,20.833333333333332,1.0
HHN-MAN-01,2025-02-01,General Medicine Ward A,21.0,21.0,1.0
HHN-MAN-01,2025-02-02,General Medicine Ward A,20.875,20.875,1.0
HHN-MAN-01,2025-02-03,General Medicine Ward A,20.833333333333332,20.833333333333332,1.0
HHN-MAN-01,2025-02-04,General Medicine Ward A,20.666666666666668,20.666666666666668,1.0
HHN-MAN-01,2025-02-05,General Medicine Ward A,20.791666666666668,20.791666666666668,1.0
HHN-MAN-01,2025-02-06,General Medicine Ward A,20.916666666666668,20.916666666666668,1.0
HHN-MAN-01,2025-02-07,General Medicine Ward A,21.0,21.0,1.0
HHN-MAN-01,2025-02-08,General Medicine Ward A,20.833333333333332,20.833333333333332,1.0
HHN-MAN-01,2025-02-09,General Medicine Ward A,20.708333333333332,20.708333333333332,1.0
HHN-MAN-01,2025-02-10,General Medicine Ward A,18.625,20.833333333333332,0.8942460317460318
HHN-MAN-01,2025-02-11,General Medicine Ward A,20.791666666666668,20.791666666666668,1.0
HHN-MAN-01,2025-02-12,General Medicine Ward A,19.75,20.875,0.9464285714285715
HHN-MAN-01,2025-02-13,General Medicine Ward A,17.083333333333332,20.708333333333332,0.826214842662211
HHN-MAN-01,2025-02-14,General Medicine Ward A,17.75,21.0,0.8452380952380952
HHN-MAN-01,2025-02-15,General Medicine Ward A,20.666666666666668,20.666666666666668,1.0
HHN-MAN-01,2025-02-16,General Medicine Ward A,20.666666666666668,20.666666666666668,1.0
HHN-MAN-01,2025-02-17,General Medicine Ward A,21.0,21.0,1.0
HHN-MAN-01,2025-02-18,General Medicine Ward A,21.0,21.0,1.0
HHN-MAN-01,2025-02-19,General Medicine Ward A,20.833333333333332,20.833333333333332,1.0
HHN-MAN-01,2025-02-20,General Medicine Ward A,20.875,20.875,1.0
HHN-MAN-01,2025-02-21,General Medicine Ward A,20.666666666666668,20.916666666666668,0.9880952380952381
HHN-MAN-01,2025-02-22,General Medicine Ward A,20.541666666666668,20.708333333333332,0.9920634920634921
HHN-MAN-01,2025-02-23,General Medicine Ward A,19.875,20.541666666666668,0.9682539682539683
HHN-MAN-01,2025-02-24,General Medicine Ward A,20.875,20.875,1.0
HHN-MAN-01,2025-02-25,General Medicine Ward A,19.541666666666668,20.791666666666668,0.9400793650793652
HHN-MAN-01,2025-02-26,General Medicine Ward A,17.958333333333332,20.666666666666668,0.8706140350877193
HHN-MAN-01,2025-02-27,General Medicine Ward A,16.166666666666668,20.333333333333332,0.7983500417710944
HHN-MAN-01,2025-02-28,General Medicine Ward A,16.916666666666668,20.958333333333332,0.8070436507936508
HHN-MAN-01,2025-03-01,General Medicine Ward A,18.166666666666668,20.75,0.8765542328042328
HHN-MAN-01,2025-03-02,General Medicine Ward A,18.416666666666668,20.625,0.8940928710665553
HHN-MAN-01,2025-03-03,General Medicine Ward A,18.083333333333332,20.916666666666668,0.8648705096073517
HHN-MAN-01,2025-03-04,General Medicine Ward A,15.75,20.916666666666668,0.753373015873016
HHN-MAN-01,2025-03-05,General Medicine Ward A,18.75,20.958333333333332,0.8947420634920635
HHN-MAN-01,2025-03-06,General Medicine Ward A,17.083333333333332,20.833333333333332,0.821329365079365
HHN-MAN-01,2025-03-07,General Medicine Ward A,19.541666666666668,21.0,0.9305555555555555
HHN-MAN-01,2025-03-08,General Medicine Ward A,20.791666666666668,20.791666666666668,1.0
HHN-MAN-01,2025-03-09,General Medicine Ward A,20.791666666666668,20.791666666666668,1.0
HHN-MAN-01,2025-03-10,General Medicine Ward A,20.708333333333332,20.75,0.998015873015873
HHN-MAN-01,2025-03-11,General Medicine Ward A,20.875,20.958333333333332,0.996031746031746
HHN-MAN-01,2025-03-12,General Medicine Ward A,20.916666666666668,20.916666666666668,1.0
HHN-MAN-01,2025-03-13,General Medicine Ward A,20.75,20.875,0.9940476190476191
HHN-MAN-01,2025-03-14,General Medicine Ward A,20.583333333333332,21.0,0.9801587301587302
HHN-MAN-01,2025-03-15,General Medicine Ward A,20.791666666666668,20.791666666666668,1.0
HHN-MAN-01,2025-03-16,General Medicine Ward A,20.791666666666668,20.875,0.996031746031746
HHN-MAN-01,2025-03-17,General Medicine Ward A,21.0,21.0,1.0
HHN-MAN-01,2025-03-18,General Medicine Ward A,20.916666666666668,20.916666666666668,1.0
HHN-MAN-01,2025-03-19,General Medicine Ward A,20.75,20.75,1.0
HHN-MAN-01,2025-03-20,General Medicine Ward A,20.791666666666668,20.791666666666668,1.0
HHN-MAN-01,2025-03-21,General Medicine Ward A,20.75,20.75,1.0
HHN-MAN-01,2025-03-22,General Medicine Ward A,20.875,20.875,1.0
HHN-MAN-01,2025-03-23,General Medicine Ward A,21.0,21.0,1.0
HHN-MAN-01,2025-03-24,General Medicine Ward A,20.625,20.625,1.0
HHN-MAN-01,2025-03-25,General Medicine Ward A,20.958333333333332,21.0,0.998015873015873
HHN-MAN-01,2025-03-26,General Medicine Ward A,20.0,20.875,0.9583333333333334
HHN-MAN-01,2025-03-27,General Medicine Ward A,19.041666666666668,21.0,0.9067460317460317
HHN-MAN-01,2025-03-28,General Medicine Ward A,20.75,20.75,1.0
HHN-MAN-01,2025-03-29,General Medicine Ward A,20.75,20.75,1.0
HHN-MAN-01,2025-03-30,General Medicine Ward A,20.708333333333332,20.708333333333332,1.0
HHN-MAN-01,2025-03-31,General Medicine Ward A,21.0,21.0,1.0
HHN-MAN-01,2025-04-01,General Medicine Ward A,20.875,20.875,1.0
HHN-MAN-01,2025-04-02,General Medicine Ward A,20.583333333333332,20.833333333333332,0.9880952380952381
HHN-MAN-01,2025-04-03,General Medicine Ward A,20.916666666666668,20.916666666666668,1.0
HHN-MAN-01,2025-04-04,General Medicine Ward A,21.0,21.0,1.0
HHN-MAN-01,2025-04-05,General Medicine Ward A,20.708333333333332,20.708333333333332,1.0
HHN-MAN-01,2025-04-06,General Medicine Ward A,20.791666666666668,20.791666666666668,1.0
HHN-MAN-01,2025-04-07,General Medicine Ward A,20.75,20.958333333333332,0.9900793650793651
HHN-MAN-01,2025-04-08,General Medicine Ward A,19.166666666666668,21.0,0.9126984126984127
HHN-MAN-01,2025-04-09,General Medicine Ward A,19.666666666666668,20.875,0.9424603174603176
HHN-MAN-01,2025-04-10,General Medicine Ward A,20.583333333333332,21.0,0.9801587301587302
HHN-MAN-01,2025-04-11,General Medicine Ward A,19.208333333333332,20.833333333333332,0.9224101921470341
HHN-MAN-01,2025-04-12,General Medicine Ward A,20.875,20.875,1.0
HHN-MAN-01,2025-04-13,General Medicine Ward A,20.458333333333332,20.666666666666668,0.9900793650793651
HHN-MAN-01,2025-04-14,General Medicine Ward A,18.958333333333332,21.0,0.9027777777777778
HHN-MAN-01,2025-04-15,General Medicine Ward A,20.875,20.875,1.0
HHN-MAN-01,2025-04-16,General Medicine Ward A,20.833333333333332,21.0,0.9920634920634921
HHN-MAN-01,2025-04-17,General Medicine Ward A,17.333333333333332,20.958333333333332,0.8270833333333334
HHN-MAN-01,2025-04-18,General Medicine Ward A,16.0,21.0,0.7619047619047619
HHN-MAN-01,2025-04-19,General Medicine Ward A,16.375,20.875,0.7845812447786131
HHN-MAN-01,2025-04-20,General Medicine Ward A,15.958333333333334,20.875,0.7645502645502645
HHN-MAN-01,2025-04-21,General Medicine Ward A,18.708333333333332,20.875,0.8968253968253967
HHN-MAN-01,2025-04-22,General Medicine Ward A,19.166666666666668,20.833333333333332,0.9205357142857142
HHN-MAN-01,2025-04-23,General Medicine Ward A,17.666666666666668,20.916666666666668,0.8444026733500417
HHN-MAN-01,2025-04-24,General Medicine Ward A,15.25,20.958333333333332,0.7277777777777777
HHN-MAN-01,2025-04-25,General Medicine Ward A,18.166666666666668,20.916666666666668,0.8686299081035923
HHN-MAN-01,2025-04-26,General Medicine Ward A,16.208333333333332,20.916666666666668,0.774749373433584
HHN-MAN-01,2025-04-27,General Medicine Ward A,18.125,20.916666666666668,0.8670634920634921
HHN-MAN-01,2025-04-28,General Medicine Ward A,19.875,20.958333333333332,0.948313492063492
HHN-MAN-01,2025-04-29,General Medicine Ward A,19.958333333333332,20.833333333333332,0.9583333333333334
HHN-MAN-01,2025-04-30,General Medicine Ward A,16.791666666666668,20.958333333333332,0.8012896825396826
HHN-MAN-01,2025-05-01,General Medicine Ward A,17.125,20.875,0.8214285714285715
HHN-MAN-01,2025-05-02,General Medicine Ward A,18.5,20.958333333333332,0.8826388888888889
HHN-MAN-01,2025-05-03,General Medicine Ward A,20.291666666666668,21.0,0.9662698412698413
HHN-MAN-01,2025-05-04,General Medicine Ward A,20.916666666666668,20.916666666666668,1.0
HHN-MAN-01,2025-05-05,General Medicine Ward A,19.666666666666668,20.833333333333332,0.9442355889724311
HHN-MAN-01,2025-05-06,General Medicine Ward A,16.458333333333332,21.0,0.7837301587301587
HHN-MAN-01,2025-05-07,General Medicine Ward A,13.625,20.791666666666668,0.6571097883597884
HHN-MAN-01,2025-05-08,General Medicine Ward A,9.458333333333334,20.916666666666668,0.4522765246449456
HHN-MAN-01,2025-05-09,General Medicine Ward A,12.75,20.875,0.6111372180451128
HHN-MAN-01,2025-05-10,General Medicine Ward A,17.208333333333332,20.708333333333332,0.8331244778613199
HHN-MAN-01,2025-05-11,General Medicine Ward A,20.541666666666668,21.0,0.9781746031746033
HHN-MAN-01,2025-05-12,General Medicine Ward A,20.875,20.875,1.0
HHN-MAN-01,2025-05-13,General Medicine Ward A,20.583333333333332,20.958333333333332,0.9821428571428572
HHN-MAN-01,2025-05-14,General Medicine Ward A,17.958333333333332,20.916666666666668,0.8589181286549707
HHN-MAN-01,2025-05-15,General Medicine Ward A,17.125,21.0,0.8154761904761904
HHN-MAN-01,2025-05-16,General Medicine Ward A,17.416666666666668,20.958333333333332,0.8311507936507936
HHN-MAN-01,2025-05-17,General Medicine Ward A,20.958333333333332,20.958333333333332,1.0
HHN-MAN-01,2025-05-18,General Medicine Ward A,20.708333333333332,20.833333333333332,0.9940476190476191
HHN-MAN-01,2025-05-19,General Medicine Ward A,17.166666666666668,20.875,0.8224206349206349
HHN-MAN-01,2025-05-20,General Medicine Ward A,17.583333333333332,20.708333333333332,0.8491402116402117
HHN-MAN-01,2025-05-21,General Medicine Ward A,20.75,20.75,1.0
HHN-MAN-01,2025-05-22,General Medicine Ward A,17.875,20.75,0.8617724867724869
HHN-MAN-01,2025-05-23,General Medicine Ward A,18.458333333333332,20.958333333333332,0.8808531746031746
HHN-MAN-01,2025-05-24,General Medicine Ward A,16.208333333333332,20.791666666666668,0.7804250208855472
HHN-MAN-01,2025-05-25,General Medicine Ward A,20.75,20.75,1.0
HHN-MAN-01,2025-05-26,General Medicine Ward A,20.958333333333332,20.958333333333332,1.0
HHN-MAN-01,2025-05-27,General Medicine Ward A,17.666666666666668,20.916666666666668,0.8446115288220551
HHN-MAN-01,2025-05-28,General Medicine Ward A,17.041666666666668,20.916666666666668,0.8146825396825398
HHN-MAN-01,2025-05-29,General Medicine Ward A,16.916666666666668,20.916666666666668,0.808688387635756
HHN-MAN-01,2025-05-30,General Medicine Ward A,16.916666666666668,20.916666666666668,0.808688387635756
HHN-MAN-01,2025-05-31,General Medicine Ward A,16.875,20.875,0.8082010582010581
HHN-MAN-01,2025-06-01,General Medicine Ward A,16.791666666666668,20.791666666666668,0.8073656363130047
HHN-MAN-01,2025-06-02,General Medicine Ward A,16.875,21.0,0.8035714285714285
HHN-MAN-01,2025-06-03,General Medicine Ward A,17.208333333333332,20.958333333333332,0.8210317460317461
HHN-MAN-01,2025-06-04,General Medicine Ward A,16.875,20.958333333333332,0.8050595238095238
HHN-MAN-01,2025-06-05,General Medicine Ward A,13.958333333333334,20.5,0.682417850181008
HHN-MAN-01,2025-06-06,General Medicine Ward A,12.208333333333334,21.0,0.5813492063492063
HHN-MAN-01,2025-06-07,General Medicine Ward A,16.791666666666668,20.791666666666668,0.8080148287385129
HHN-MAN-01,2025-06-08,General Medicine Ward A,18.375,20.833333333333332,0.8827380952380953
HHN-MAN-01,2025-06-09,General Medicine Ward A,19.625,20.958333333333332,0.9365079365079366
HHN-MAN-01,2025-06-10,General Medicine Ward A,18.541666666666668,20.75,0.8947420634920635
HHN-MAN-01,2025-06-11,General Medicine Ward A,17.0,20.875,0.8150584795321637
HHN-MAN-01,2025-06-12,General Medicine Ward A,16.666666666666668,20.875,0.7996031746031745
HHN-MAN-01,2025-06-13,General Medicine Ward A,16.125,20.75,0.7781084656084656
HHN-MAN-01,2025-06-14,General Medicine Ward A,17.75,20.833333333333332,0.85244708994709
HHN-MAN-01,2025-06-15,General Medicine Ward A,18.583333333333332,20.875,0.8908730158730158
HHN-MAN-01,2025-06-16,General Medicine Ward A,20.833333333333332,20.875,0.998015873015873
HHN-MAN-01,2025-06-17,General Medicine Ward A,20.916666666666668,21.0,0.996031746031746
HHN-MAN-01,2025-06-18,General Medicine Ward A,17.041666666666668,21.0,0.8115079365079364
HHN-MAN-01,2025-06-19,General Medicine Ward A,15.708333333333334,20.958333333333332,0.7496031746031746
HHN-MAN-01,2025-06-20,General Medicine Ward A,16.375,20.916666666666668,0.7833124477861321
HHN-MAN-01,2025-06-21,General Medicine Ward A,18.166666666666668,20.75,0.8763227513227513
HHN-MAN-01,2025-06-22,General Medicine Ward A,20.916666666666668,20.916666666666668,1.0
HHN-MAN-01,2025-06-23,General Medicine Ward A,20.875,20.875,1.0
HHN-MAN-01,2025-06-24,General Medicine Ward A,20.125,20.916666666666668,0.9623015873015873
HHN-MAN-01,2025-06-25,General Medicine Ward A,15.333333333333334,20.875,0.734457671957672
HHN-MAN-01,2025-06-26,General Medicine Ward A,11.166666666666666,20.791666666666668,0.5372284878863826
HHN-MAN-01,2025-06-27,General Medicine Ward A,12.166666666666666,21.0,0.5793650793650794
HHN-MAN-01,2025-06-28,General Medicine Ward A,14.75,20.916666666666668,0.7053049289891394
HHN-MAN-01,2025-06-29,General Medicine Ward A,16.875,20.916666666666668,0.8069131161236425
HHN-MAN-01,2025-06-30,General Medicine Ward A,17.916666666666668,21.0,0.8531746031746031
HHN-MAN-01,2025-07-01,General Medicine Ward A,17.0,20.791666666666668,0.8181565023670286
HHN-MAN-01,2025-07-02,General Medicine Ward A,15.75,20.708333333333332,0.761708089668616
HHN-MAN-01,2025-07-03,General Medicine Ward A,19.25,21.0,0.9166666666666666
HHN-MAN-01,2025-07-04,General Medicine Ward A,21.0,21.0,1.0
HHN-MAN-01,2025-07-05,General Medicine Ward A,20.708333333333332,20.75,0.998015873015873
HHN-MAN-01,2025-07-06,General Medicine Ward A,19.416666666666668,20.958333333333332,0.9265873015873015
HHN-MAN-01,2025-07-07,General Medicine Ward A,18.083333333333332,20.75,0.8728174603174602
HHN-MAN-01,2025-07-08,General Medicine Ward A,12.5,20.833333333333332,0.6017126148705095
HHN-MAN-01,2025-07-09,General Medicine Ward A,11.416666666666666,20.875,0.5466322055137844
HHN-MAN-01,2025-07-10,General Medicine Ward A,12.5,20.916666666666668,0.5973266499582289
HHN-MAN-01,2025-07-11,General Medicine Ward A,11.25,20.916666666666668,0.5378028404344194
HHN-MAN-01,2025-07-12,General Medicine Ward A,14.333333333333334,20.791666666666668,0.6907198551935393
HHN-MAN-01,2025-07-13,General Medicine Ward A,17.0,20.625,0.8251444583681425
HHN-MAN-01,2025-07-14,General Medicine Ward A,19.708333333333332,20.958333333333332,0.9403769841269841
HHN-MAN-01,2025-07-15,General Medicine Ward A,17.166666666666668,21.0,0.8174603174603176
HHN-MAN-01,2025-07-16,General Medicine Ward A,15.375,20.916666666666668,0.7348579782790309
HHN-MAN-01,2025-07-17,General Medicine Ward A,13.833333333333334,20.75,0.6666666666666666
HHN-MAN-01,2025-07-18,General Medicine Ward A,14.083333333333334,20.666666666666668,0.682473544973545
HHN-MAN-01,2025-07-19,General Medicine Ward A,12.708333333333334,20.958333333333332,0.6064484126984128
HHN-MAN-01,2025-07-20,General Medicine Ward A,15.583333333333334,20.875,0.7466739766081871
HHN-MAN-01,2025-07-21,General Medicine Ward A,18.083333333333332,20.958333333333332,0.8630952380952381
HHN-MAN-01,2025-07-22,General Medicine Ward A,18.208333333333332,21.0,0.8670634920634921
HHN-MAN-01,2025-07-23,General Medicine Ward A,15.791666666666666,20.916666666666668,0.7551169590643275
HHN-MAN-01,2025-07-24,General Medicine Ward A,11.708333333333334,20.958333333333332,0.558531746031746
HHN-MAN-01,2025-07-25,General Medicine Ward A,10.916666666666666,21.0,0.5198412698412698
HHN-MAN-01,2025-07-26,General Medicine Ward A,10.916666666666666,21.0,0.5198412698412698
HHN-MAN-01,2025-07-27,General Medicine Ward A,10.541666666666666,20.75,0.5087023113338902
HHN-MAN-01,2025-07-28,General Medicine Ward A,14.25,20.875,0.6828703703703703
HHN-MAN-01,2025-07-29,General Medicine Ward A,13.125,21.0,0.625
HHN-MAN-01,2025-07-30,General Medicine Ward A,12.458333333333334,21.0,0.5932539682539683
HHN-MAN-01,2025-07-31,General Medicine Ward A,12.541666666666666,20.791666666666668,0.6041144527986633
HHN-MAN-01,2025-08-01,General Medicine Ward A,15.125,21.0,0.7202380952380952
HHN-MAN-01,2025-08-02,General Medicine Ward A,17.125,21.0,0.8154761904761904
HHN-MAN-01,2025-08-03,General Medicine Ward A,16.791666666666668,20.666666666666668,0.8143100807574492
HHN-MAN-01,2025-08-04,General Medicine Ward A,19.5,21.0,0.9285714285714285
HHN-MAN-01,2025-08-05,General Medicine Ward A,17.375,21.0,0.8273809523809524
HHN-MAN-01,2025-08-06,General Medicine Ward A,16.75,20.958333333333332,0.7991071428571428
HHN-MAN-01,2025-08-07,General Medicine Ward A,20.791666666666668,21.0,0.9900793650793651
HHN-MAN-01,2025-08-08,General Medicine Ward A,20.833333333333332,20.833333333333332,1.0
HHN-MAN-01,2025-08-09,General Medicine Ward A,20.666666666666668,20.666666666666668,1.0
HHN-MAN-01,2025-08-10,General Medicine Ward A,20.791666666666668,20.791666666666668,1.0
HHN-MAN-01,2025-08-11,General Medicine Ward A,20.458333333333332,20.791666666666668,0.9841269841269842
HHN-MAN-01,2025-08-12,General Medicine Ward A,18.375,20.916666666666668,0.878968253968254
HHN-MAN-01,2025-08-13,General Medicine Ward A,16.208333333333332,20.75,0.7823760790866054
HHN-MAN-01,2025-08-14,General Medicine Ward A,10.25,20.958333333333332,0.4886904761904762
HHN-MAN-01,2025-08-15,General Medicine Ward A,6.083333333333333,20.958333333333332,0.29027777777777775
HHN-MAN-01,2025-08-16,General Medicine Ward A,8.958333333333334,20.666666666666668,0.4335648148148148
HHN-MAN-01,2025-08-17,General Medicine Ward A,11.75,20.791666666666668,0.5662367724867724
HHN-MAN-01,2025-08-18,General Medicine Ward A,12.0,21.0,0.5714285714285715
HHN-MAN-01,2025-08-19,General Medicine Ward A,15.666666666666666,20.833333333333332,0.7532738095238095
HHN-MAN-01,2025-08-20,General Medicine Ward A,17.083333333333332,20.958333333333332,0.8151785714285714
HHN-MAN-01,2025-08-21,General Medicine Ward A,14.458333333333334,20.875,0.6934523809523809
HHN-MAN-01,2025-08-22,General Medicine Ward A,12.083333333333334,20.958333333333332,0.5765873015873015
HHN-MAN-01,2025-08-23,General Medicine Ward A,12.583333333333334,20.791666666666668,0.6058897243107769
HHN-MAN-01,2025-08-24,General Medicine Ward A,13.625,20.75,0.6573221247563353
HHN-MAN-01,2025-08-25,General Medicine Ward A,12.166666666666666,20.875,0.5831610275689223
HHN-MAN-01,2025-08-26,General Medicine Ward A,13.791666666666666,20.916666666666668,0.6596700083542189
HHN-MAN-01,2025-08-27,General Medicine Ward A,13.375,21.0,0.636904761904762
HHN-MAN-01,2025-08-28,General Medicine Ward A,13.5,20.958333333333332,0.644345238095238
HHN-MAN-01,2025-08-29,General Medicine Ward A,16.125,20.958333333333332,0.7695436507936507
HHN-MAN-01,2025-08-30,General Medicine Ward A,16.166666666666668,20.958333333333332,0.7714285714285714
HHN-MAN-01,2025-08-31,General Medicine Ward A,13.125,20.833333333333332,0.6310568086883876
HHN-MAN-01,2025-09-01,General Medicine Ward A,11.25,21.0,0.5357142857142857
HHN-MAN-01,2025-09-02,General Medicine Ward A,10.833333333333334,20.916666666666668,0.5183792815371763
HHN-MAN-01,2025-09-03,General Medicine Ward A,8.0,20.833333333333332,0.3847222222222222
HHN-MAN-01,2025-09-04,General Medicine Ward A,10.416666666666666,20.875,0.49933862433862425
HHN-MAN-01,2025-09-05,General Medicine Ward A,14.625,20.916666666666668,0.6995614035087719
HHN-MAN-01,2025-09-06,General Medicine Ward A,14.833333333333334,20.875,0.710648148148148
HHN-MAN-01,2025-09-07,General Medicine Ward A,15.791666666666666,20.833333333333332,0.7590608465608466
HHN-MAN-01,2025-09-08,General Medicine Ward A,16.416666666666668,20.875,0.7870370370370371
HHN-MAN-01,2025-09-09,General Medicine Ward A,18.083333333333332,20.875,0.8664021164021164
HHN-MAN-01,2025-09-10,General Medicine Ward A,19.375,20.958333333333332,0.9246031746031745
HHN-MAN-01,2025-09-11,General Medicine Ward A,21.0,21.0,1.0
HHN-MAN-01,2025-09-12,General Medicine Ward A,20.916666666666668,20.916666666666668,1.0
HHN-MAN-01,2025-09-13,General Medicine Ward A,20.541666666666668,20.833333333333332,0.9861111111111112
HHN-MAN-01,2025-09-14,General Medicine Ward A,20.833333333333332,20.916666666666668,0.996031746031746
HHN-MAN-01,2025-09-15,General Medicine Ward A,18.416666666666668,20.875,0.8829365079365079
HHN-MAN-01,2025-09-16,General Medicine Ward A,19.166666666666668,21.0,0.9126984126984127
HHN-MAN-01,2025-09-17,General Medicine Ward A,17.708333333333332,20.916666666666668,0.8465956558061821
HHN-MAN-01,2025-09-18,General Medicine Ward A,17.041666666666668,20.875,0.8167449874686716
HHN-MAN-01,2025-09-19,General Medicine Ward A,15.291666666666666,21.0,0.7281746031746031
HHN-MAN-01,2025-09-20,General Medicine Ward A,18.0,20.916666666666668,0.8611111111111112
HHN-MAN-01,2025-09-21,General Medicine Ward A,20.708333333333332,20.708333333333332,1.0
HHN-MAN-01,2025-09-22,General Medicine Ward A,20.958333333333332,20.958333333333332,1.0
HHN-MAN-01,2025-09-23,General Medicine Ward A,20.875,20.875,1.0
HHN-MAN-01,2025-09-24,General Medicine Ward A,20.708333333333332,20.708333333333332,1.0
HHN-MAN-01,2025-09-25,General Medicine Ward A,21.0,21.0,1.0
HHN-MAN-01,2025-09-26,General Medicine Ward A,21.0,21.0,1.0
HHN-MAN-01,2025-09-27,General Medicine Ward A,20.041666666666668,20.833333333333332,0.9623015873015873
HHN-MAN-01,2025-09-28,General Medicine Ward A,20.291666666666668,20.708333333333332,0.9801587301587302
HHN-MAN-01,2025-09-29,General Medicine Ward A,20.458333333333332,20.833333333333332,0.9821428571428572
HHN-MAN-01,2025-09-30,General Medicine Ward A,17.875,20.791666666666668,0.8611111111111112
HHN-MAN-01,2025-10-01,General Medicine Ward A,11.708333333333334,20.916666666666668,0.5598370927318296
HHN-MAN-01,2025-10-02,General Medicine Ward A,10.75,21.0,0.5119047619047619
HHN-MAN-01,2025-10-03,General Medicine Ward A,11.333333333333334,20.958333333333332,0.5409722222222222
HHN-MAN-01,2025-10-04,General Medicine Ward A,15.125,20.666666666666668,0.7318121693121693
HHN-MAN-01,2025-10-05,General Medicine Ward A,17.166666666666668,20.875,0.8224885129490392
HHN-MAN-01,2025-10-06,General Medicine Ward A,16.208333333333332,21.0,0.7718253968253969
HHN-MAN-01,2025-10-07,General Medicine Ward A,11.75,21.0,0.5595238095238095
HHN-MAN-01,2025-10-08,General Medicine Ward A,12.125,20.666666666666668,0.5907651072124757
HHN-MAN-01,2025-10-09,General Medicine Ward A,16.875,21.0,0.8035714285714285
HHN-MAN-01,2025-10-10,General Medicine Ward A,20.625,21.0,0.9821428571428572
HHN-MAN-01,2025-10-11,General Medicine Ward A,19.25,21.0,0.9166666666666666
HHN-MAN-01,2025-10-12,General Medicine Ward A,20.625,20.875,0.9880952380952381
HHN-MAN-01,2025-10-13,General Medicine Ward A,20.708333333333332,20.708333333333332,1.0
HHN-MAN-01,2025-10-14,General Medicine Ward A,20.833333333333332,20.833333333333332,1.0
HHN-MAN-01,2025-10-15,General Medicine Ward A,20.916666666666668,20.916666666666668,1.0
HHN-MAN-01,2025-10-16,General Medicine Ward A,20.166666666666668,20.875,0.9662698412698413
HHN-MAN-01,2025-10-17,General Medicine Ward A,17.75,20.75,0.8571428571428572
HHN-MAN-01,2025-10-18,General Medicine Ward A,13.5,20.916666666666668,0.64578111946533
HHN-MAN-01,2025-10-19,General Medicine Ward A,15.958333333333334,20.958333333333332,0.7612103174603174
HHN-MAN-01,2025-10-20,General Medicine Ward A,20.75,21.0,0.9880952380952381
HHN-MAN-01,2025-10-21,General Medicine Ward A,20.875,20.875,1.0
HHN-MAN-01,2025-10-22,General Medicine Ward A,20.833333333333332,20.833333333333332,1.0
HHN-MAN-01,2025-10-23,General Medicine Ward A,20.583333333333332,21.0,0.9801587301587302
HHN-MAN-01,2025-10-24,General Medicine Ward A,17.208333333333332,20.708333333333332,0.8322542467279309
HHN-MAN-01,2025-10-25,General Medicine Ward A,14.958333333333334,20.875,0.7169312169312169
HHN-MAN-01,2025-10-26,General Medicine Ward A,18.291666666666668,20.666666666666668,0.8852426204399889
HHN-MAN-01,2025-10-27,General Medicine Ward A,19.916666666666668,21.0,0.9484126984126985
HHN-MAN-01,2025-10-28,General Medicine Ward A,18.041666666666668,20.833333333333332,0.8664351851851851
HHN-MAN-01,2025-10-29,General Medicine Ward A,16.208333333333332,20.916666666666668,0.7757936507936508
HHN-MAN-01,2025-10-30,General Medicine Ward A,20.458333333333332,20.875,0.9801587301587302
HHN-MAN-01,2025-10-31,General Medicine Ward A,19.125,20.875,0.916335978835979
HHN-MAN-01,2025-11-01,General Medicine Ward A,19.583333333333332,20.791666666666668,0.9422514619883041
HHN-MAN-01,2025-11-02,General Medicine Ward A,20.791666666666668,21.0,0.9900793650793651
HHN-MAN-01,2025-11-03,General Medicine Ward A,21.0,21.0,1.0
HHN-MAN-01,2025-11-04,General Medicine Ward A,20.958333333333332,20.958333333333332,1.0
HHN-MAN-01,2025-11-05,General Medicine Ward A,18.791666666666668,20.791666666666668,0.9044312169312169
HHN-MAN-01,2025-11-06,General Medicine Ward A,16.416666666666668,21.0,0.7817460317460317
HHN-MAN-01,2025-11-07,General Medicine Ward A,20.833333333333332,21.0,0.9920634920634921
HHN-MAN-01,2025-11-08,General Medicine Ward A,20.708333333333332,20.708333333333332,1.0
HHN-MAN-01,2025-11-09,General Medicine Ward A,20.875,20.875,1.0
HHN-MAN-01,2025-11-10,General Medicine Ward A,21.0,21.0,1.0
HHN-MAN-01,2025-11-11,General Medicine Ward A,20.875,20.875,1.0
HHN-MAN-01,2025-11-12,General Medicine Ward A,21.0,21.0,1.0
HHN-MAN-01,2025-11-13,General Medicine Ward A,20.958333333333332,20.958333333333332,1.0
HHN-MAN-01,2025-11-14,General Medicine Ward A,21.0,21.0,1.0
HHN-MAN-01,2025-11-15,General Medicine Ward A,19.916666666666668,20.875,0.9543650793650794
HHN-MAN-01,2025-11-16,General Medicine Ward A,16.75,20.833333333333332,0.8050595238095238
HHN-MAN-01,2025-11-17,General Medicine Ward A,20.416666666666668,20.916666666666668,0.9760912698412699
HHN-MAN-01,2025-11-18,General Medicine Ward A,19.5,21.0,0.9285714285714285
HHN-MAN-01,2025-11-19,General Medicine Ward A,20.875,20.875,1.0
HHN-MAN-01,2025-11-20,General Medicine Ward A,20.291666666666668,20.791666666666668,0.9761904761904763
HHN-MAN-01,2025-11-21,General Medicine Ward A,20.75,21.0,0.9880952380952381
HHN-MAN-01,2025-11-22,General Medicine Ward A,20.833333333333332,20.875,0.998015873015873
HHN-MAN-01,2025-11-23,General Medicine Ward A,20.916666666666668,20.916666666666668,1.0
HHN-MAN-01,2025-11-24,General Medicine Ward A,20.833333333333332,20.833333333333332,1.0
HHN-MAN-01,2025-11-25,General Medicine Ward A,20.916666666666668,20.916666666666668,1.0
HHN-MAN-01,2025-11-26,General Medicine Ward A,20.875,20.875,1.0
HHN-MAN-01,2025-11-27,General Medicine Ward A,20.791666666666668,20.791666666666668,1.0
HHN-MAN-01,2025-11-28,General Medicine Ward A,20.666666666666668,20.833333333333332,0.9920634920634921
HHN-MAN-01,2025-11-29,General Medicine Ward A,20.833333333333332,20.833333333333332,1.0
HHN-MAN-01,2025-11-30,General Medicine Ward A,20.875,20.875,1.0
HHN-MAN-01,2025-12-01,General Medicine Ward A,20.75,20.75,1.0
HHN-MAN-01,2025-12-02,General Medicine Ward A,20.75,20.75,1.0
HHN-MAN-01,2025-12-03,General Medicine Ward A,20.5,20.5,1.0
HHN-MAN-01,2025-12-04,General Medicine Ward A,21.0,21.0,1.0
HHN-MAN-01,2025-12-05,General Medicine Ward A,20.708333333333332,20.708333333333332,1.0
HHN-MAN-01,2025-12-06,General Medicine Ward A,20.625,20.958333333333332,0.9841269841269842
HHN-MAN-01,2025-12-07,General Medicine Ward A,20.666666666666668,20.666666666666668,1.0
HHN-MAN-01,2025-12-08,General Medicine Ward A,20.875,20.875,1.0
HHN-MAN-01,2025-12-09,General Medicine Ward A,20.291666666666668,20.291666666666668,1.0
HHN-MAN-01,2025-12-10,General Medicine Ward A,20.875,20.875,1.0
HHN-MAN-01,2025-12-11,General Medicine Ward A,20.875,20.875,1.0
HHN-MAN-01,2025-12-12,General Medicine Ward A,21.0,21.0,1.0
HHN-MAN-01,2025-12-13,General Medicine Ward A,20.708333333333332,20.708333333333332,1.0
HHN-MAN-01,2025-12-14,General Medicine Ward A,19.833333333333332,20.833333333333332,0.9523809523809524
HHN-MAN-01,2025-12-15,General Medicine Ward A,20.375,20.75,0.9821428571428572
HHN-MAN-01,2025-12-16,General Medicine Ward A,20.875,20.916666666666668,0.998015873015873
HHN-MAN-01,2025-12-17,General Medicine Ward A,19.208333333333332,20.791666666666668,0.9245039682539682
HHN-MAN-01,2025-12-18,General Medicine Ward A,15.875,20.916666666666668,0.758876357560568
HHN-MAN-01,2025-12-19,General Medicine Ward A,14.083333333333334,20.791666666666668,0.6775132275132275
HHN-MAN-01,2025-12-20,General Medicine Ward A,10.666666666666666,20.708333333333332,0.5170965608465609
HHN-MAN-01,2025-12-21,General Medicine Ward A,11.375,20.666666666666668,0.5503637566137566
HHN-MAN-01,2025-12-22,General Medicine Ward A,12.958333333333334,20.916666666666668,0.6193609022556391
HHN-MAN-01,2025-12-23,General Medicine Ward A,17.916666666666668,20.958333333333332,0.8549603174603174
HHN-MAN-01,2025-12-24,General Medicine Ward A,18.166666666666668,20.833333333333332,0.8729166666666667
HHN-MAN-01,2025-12-25,General Medicine Ward A,16.666666666666668,20.791666666666668,0.8028560985797828
HHN-MAN-01,2025-12-26,General Medicine Ward A,17.666666666666668,20.958333333333332,0.8428571428571429
HHN-MAN-01,2025-12-27,General Medicine Ward A,20.625,21.0,0.9821428571428572
HHN-MAN-01,2025-12-28,General Medicine Ward A,18.666666666666668,20.583333333333332,0.9082010582010582
HHN-MAN-01,2025-12-29,General Medicine Ward A,20.791666666666668,20.791666666666668,1.0
HHN-MAN-01,2025-12-30,General Medicine Ward A,20.791666666666668,20.791666666666668,1.0
HHN-MAN-01,2025-12-31,General Medicine Ward A,20.916666666666668,20.916666666666668,1.0
