hospital_id,datetime,ward,occupied_beds,staffed_beds,occupancy_rate
HHN-BIR-01,2024-01-01,General Medicine Ward B,1.5833333333333333,15.916666666666666,0.09930555555555555
HHN-BIR-01,2024-01-02,General Medicine Ward B,5.833333333333333,15.75,0.37127976190476186
HHN-BIR-01,2024-01-03,General Medicine Ward B,12.208333333333334,15.833333333333334,0.7712053571428572
HHN-BIR-01,2024-01-04,General Medicine Ward B,13.708333333333334,15.916666666666666,0.8612847222222223
HHN-BIR-01,2024-01-05,General Medicine Ward B,12.875,15.791666666666666,0.8162450396825397
HHN-BIR-01,2024-01-06,General Medicine Ward B,13.875,15.666666666666666,0.8860119047619047
HHN-BIR-01,2024-01-07,General Medicine Ward B,15.833333333333334,15.833333333333334,1.0
HHN-BIR-01,2024-01-08,General Medicine Ward B,15.833333333333334,15.833333333333334,1.0
HHN-BIR-01,2024-01-09,General Medicine Ward B,15.791666666666666,15.791666666666666,1.0
HHN-BIR-01,2024-01-10,General Medicine Ward B,15.875,15.958333333333334,0.9947916666666666
HHN-BIR-01,2024-01-11,General Medicine Ward B,15.625,15.916666666666666,0.9817708333333334
HHN-BIR-01,2024-01-12,General Medicine Ward B,14.625,16.0,0.9140625
HHN-BIR-01,2024-01-13,General Medicine Ward B,15.333333333333334,15.791666666666666,0.9713541666666666
HHN-BIR-01,2024-01-14,General Medicine Ward B,15.666666666666666,15.791666666666666,0.9921875
HHN-BIR-01,2024-01-15,General Medicine Ward B,15.416666666666666,15.916666666666666,0.96875
HHN-BIR-01,2024-01-16,General Medicine Ward B,15.833333333333334,15.833333333333334,1.0
HHN-BIR-01,2024-01-17,General Medicine Ward B,15.833333333333334,15.833333333333334,1.0
HHN-BIR-01,2024-01-18,General Medicine Ward B,15.75,15.75,1.0
HHN-BIR-01,2024-01-19,General Medicine Ward B,15.833333333333334,15.833333333333334,1.0
HHN-BIR-01,2024-01-20,General Medicine Ward B,15.958333333333334,15.958333333333334,1.0
HHN-BIR-01,2024-01-21,General Medicine Ward B,15.958333333333334,15.958333333333334,1.0
HHN-BIR-01,2024-01-22,General Medicine Ward B,15.958333333333334,15.958333333333334,1.0
HHN-BIR-01,2024-01-23,General Medicine Ward B,15.875,15.875,1.0
HHN-BIR-01,2024-01-24,General Medicine Ward B,15.916666666666666,15.916666666666666,1.0
HHN-BIR-01,2024-01-25,General Medicine Ward B,15.958333333333334,15.958333333333334,1.0
HHN-BIR-01,2024-01-26,General Medicine Ward B,15.833333333333334,15.833333333333334,1.0
HHN-BIR-01,2024-01-27,General Medicine Ward B,14.083333333333334,15.583333333333334,0.9055555555555556
HHN-BIR-01,2024-01-28,General Medicine Ward B,14.708333333333334,15.958333333333334,0.921875
HHN-BIR-01,2024-01-29,General Medicine Ward B,15.416666666666666,15.666666666666666,0.984375
HHN-BIR-01,2024-01-30,General Medicine Ward B,15.916666666666666,15.916666666666666,1.0
HHN-BIR-01,2024-01-31,General Medicine Ward B,15.875,15.875,1.0
HHN-BIR-01,2024-02-01,General Medicine Ward B,15.916666666666666,15.916666666666666,1.0
HHN-BIR-01,2024-02-02,General Medicine Ward B,15.916666666666666,15.916666666666666,1.0
HHN-BIR-01,2024-02-03,General Medicine Ward B,15.708333333333334,15.708333333333334,1.0
HHN-BIR-01,2024-02-04,General Medicine Ward B,15.833333333333334,15.833333333333334,1.0
HHN-BIR-01,2024-02-05,General Medicine Ward B,15.833333333333334,15.875,0.9973958333333334
HHN-BIR-01,2024-02-06,General Medicine Ward B,14.833333333333334,15.958333333333334,0.9296875
HHN-BIR-01,2024-02-07,General Medicine Ward B,15.208333333333334,16.0,0.9505208333333334
HHN-BIR-01,2024-02-08,General Medicine Ward B,15.75,15.75,1.0
HHN-BIR-01,2024-02-09,General Medicine Ward B,15.791666666666666,15.791666666666666,1.0
HHN-BIR-01,2024-02-10,General Medicine Ward B,15.791666666666666,15.791666666666666,1.0
HHN-BIR-01,2024-02-11,General Medicine Ward B,15.791666666666666,15.791666666666666,1.0
HHN-BIR-01,2024-02-12,General Medicine Ward B,16.0,16.0,1.0
HHN-BIR-01,2024-02-13,General Medicine Ward B,15.916666666666666,15.916666666666666,1.0
HHN-BIR-01,2024-02-14,General Medicine Ward B,15.833333333333334,15.833333333333334,1.0
HHN-BIR-01,2024-02-15,General Medicine Ward B,15.833333333333334,15.833333333333334,1.0
HHN-BIR-01,2024-02-16,General Medicine Ward B,15.75,15.75,1.0
HHN-BIR-01,2024-02-17,General Medicine Ward B,15.708333333333334,15.708333333333334,1.0
HHN-BIR-01,2024-02-18,General Medicine Ward B,15.791666666666666,15.833333333333334,0.9973958333333334
HHN-BIR-01,2024-02-19,General Medicine Ward B,16.0,16.0,1.0
HHN-BIR-01,2024-02-20,General Medicine Ward B,15.875,15.958333333333334,0.9947916666666666
HHN-BIR-01,2024-02-21,General Medicine Ward B,15.833333333333334,15.833333333333334,1.0
HHN-BIR-01,2024-02-22,General Medicine Ward B,15.833333333333334,15.833333333333334,1.0
HHN-BIR-01,2024-02-23,General Medicine Ward B,15.875,15.875,1.0
HHN-BIR-01,2024-02-24,General Medicine Ward B,14.916666666666666,15.875,0.9401041666666666
HHN-BIR-01,2024-02-25,General Medicine Ward B,15.333333333333334,15.666666666666666,0.9788194444444445
HHN-BIR-01,2024-02-26,General Medicine Ward B,15.583333333333334,15.916666666666666,0.9791666666666666
HHN-BIR-01,2024-02-27,General Medicine Ward B,15.75,15.75,1.0
HHN-BIR-01,2024-02-28,General Medicine Ward B,15.875,15.916666666666666,0.9973958333333334
HHN-BIR-01,2024-02-29,General Medicine Ward B,15.791666666666666,15.791666666666666,1.0
HHN-BIR-01,2024-03-01,General Medicine Ward B,16.0,16.0,1.0
HHN-BIR-01,2024-03-02,General Medicine Ward B,16.0,16.0,1.0
HHN-BIR-01,2024-03-03,General Medicine Ward B,15.708333333333334,15.708333333333334,1.0
HHN-BIR-01,2024-03-04,General Medicine Ward B,15.791666666666666,15.791666666666666,1.0
HHN-BIR-01,2024-03-05,General Medicine Ward B,15.958333333333334,15.958333333333334,1.0
HHN-BIR-01,2024-03-06,General Medicine Ward B,15.833333333333334,15.833333333333334,1.0
HHN-BIR-01,2024-03-07,General Medicine Ward B,15.958333333333334,15.958333333333334,1.0
HHN-BIR-01,2024-03-08,General Medicine Ward B,15.916666666666666,15.916666666666666,1.0
HHN-BIR-01,2024-03-09,General Medicine Ward B,15.916666666666666,15.916666666666666,1.0
HHN-BIR-01,2024-03-10,General Medicine Ward B,15.833333333333334,15.833333333333334,1.0
HHN-BIR-01,2024-03-11,General Medicine Ward B,16.0,16.0,1.0
HHN-BIR-01,2024-03-12,General Medicine Ward B,15.916666666666666,15.916666666666666,1.0
HHN-BIR-01,2024-03-13,General Medicine Ward B,15.875,15.875,1.0
HHN-BIR-01,2024-03-14,General Medicine Ward B,15.958333333333334,15.958333333333334,1.0
HHN-BIR-01,2024-03-15,General Medicine Ward B,16.0,16.0,1.0
HHN-BIR-01,2024-03-16,General Medicine Ward B,15.75,15.75,1.0
HHN-BIR-01,2024-03-17,General Medicine Ward B,15.791666666666666,15.791666666666666,1.0
HHN-BIR-01,2024-03-18,General Medicine Ward B,15.583333333333334,15.833333333333334,0.984375
HHN-BIR-01,2024-03-19,General Medicine Ward B,12.791666666666666,16.0,0.7994791666666666
HHN-BIR-01,2024-03-20,General Medicine Ward B,13.041666666666666,15.875,0.8212797619047619
HHN-BIR-01,2024-03-21,General Medicine Ward B,15.791666666666666,15.916666666666666,0.9921875
HHN-BIR-01,2024-03-22,General Medicine Ward B,15.916666666666666,15.916666666666666,1.0
HHN-BIR-01,2024-03-23,General Medicine Ward B,15.25,15.708333333333334,0.9713541666666666
HHN-BIR-01,2024-03-24,General Medicine Ward B,14.708333333333334,16.0,0.9192708333333334
HHN-BIR-01,2024-03-25,General Medicine Ward B,15.916666666666666,15.916666666666666,1.0
HHN-BIR-01,2024-03-26,General Medicine Ward B,15.541666666666666,15.958333333333334,0.9739583333333334
HHN-BIR-01,2024-03-27,General Medicine Ward B,15.916666666666666,15.916666666666666,1.0
HHN-BIR-01,2024-03-28,General Medicine Ward B,15.916666666666666,15.916666666666666,1.0
HHN-BIR-01,2024-03-29,General Medicine Ward B,14.333333333333334,16.0,0.8958333333333334
HHN-BIR-01,2024-03-30,General Medicine Ward B,9.083333333333334,15.875,0.5735367063492064
HHN-BIR-01,2024-03-31,General Medicine Ward B,10.041666666666666,15.833333333333334,0.6344990079365079
HHN-BIR-01,2024-04-01,General Medicine Ward B,13.291666666666666,16.0,0.8307291666666666
HHN-BIR-01,2024-04-02,General Medicine Ward B,15.625,15.833333333333334,0.9869791666666666
HHN-BIR-01,2024-04-03,General Medicine Ward B,15.708333333333334,15.791666666666666,0.9947916666666666
HHN-BIR-01,2024-04-04,General Medicine Ward B,14.0,15.916666666666666,0.8802083333333334
HHN-BIR-01,2024-04-05,General Medicine Ward B,15.416666666666666,15.916666666666666,0.96875
HHN-BIR-01,2024-04-06,General Medicine Ward B,15.791666666666666,15.791666666666666,1.0
HHN-BIR-01,2024-04-07,General Medicine Ward B,15.75,15.75,1.0
HHN-BIR-01,2024-04-08,General Medicine Ward B,15.833333333333334,15.833333333333334,1.0
HHN-BIR-01,2024-04-09,General Medicine Ward B,15.916666666666666,15.916666666666666,1.0
HHN-BIR-01,2024-04-10,General Medicine Ward B,15.916666666666666,15.916666666666666,1.0
HHN-BIR-01,2024-04-11,General Medicine Ward B,15.791666666666666,15.958333333333334,0.9895833333333334
HHN-BIR-01,2024-04-12,General Medicine Ward B,14.25,15.916666666666666,0.8954613095238094
HHN-BIR-01,2024-04-13,General Medicine Ward B,15.5,15.625,0.9921875
HHN-BIR-01,2024-04-14,General Medicine Ward B,15.125,15.833333333333334,0.9557291666666666
HHN-BIR-01,2024-04-15,General Medicine Ward B,14.083333333333334,15.958333333333334,0.8822916666666667
HHN-BIR-01,2024-04-16,General Medicine Ward B,15.666666666666666,15.916666666666666,0.984375
HHN-BIR-01,2024-04-17,General Medicine Ward B,14.333333333333334,15.875,0.9036458333333334
HHN-BIR-01,2024-04-18,General Medicine Ward B,14.916666666666666,15.833333333333334,0.9427083333333334
HHN-BIR-01,2024-04-19,General Medicine Ward B,15.958333333333334,15.958333333333334,1.0
HHN-BIR-01,2024-04-20,General Medicine Ward B,13.125,15.875,0.8270089285714285
HHN-BIR-01,2024-04-21,General Medicine Ward B,9.666666666666666,15.791666666666666,0.6118055555555556
HHN-BIR-01,2024-04-22,General Medicine Ward B,9.333333333333334,15.875,0.5884176587301587
HHN-BIR-01,2024-04-23,General Medicine Ward B,10.041666666666666,15.916666666666666,0.6313244047619048
HHN-BIR-01,2024-04-24,General Medicine Ward B,14.333333333333334,15.916666666666666,0.9002976190476191
HHN-BIR-01,2024-04-25,General Medicine Ward B,14.833333333333334,15.875,0.9348958333333334
HHN-BIR-01,2024-04-26,General Medicine Ward B,15.333333333333334,15.916666666666666,0.9635416666666666
HHN-BIR-01,2024-04-27,General Medicine Ward B,14.166666666666666,15.875,0.8932291666666666
HHN-BIR-01,2024-04-28,General Medicine Ward B,15.708333333333334,15.875,0.9895833333333334
HHN-BIR-01,2024-04-29,General Medicine Ward B,15.833333333333334,16.0,0.9895833333333334
HHN-BIR-01,2024-04-30,General Medicine Ward B,15.833333333333334,15.833333333333334,1.0
HHN-BIR-01,2024-05-01,General Medicine Ward B,16.0,16.0,1.0
HHN-BIR-01,2024-05-02,General Medicine Ward B,15.916666666666666,15.916666666666666,1.0
HHN-BIR-01,2024-05-03,General Medicine Ward B,11.791666666666666,15.75,0.75
HHN-BIR-01,2024-05-04,General Medicine Ward B,13.583333333333334,15.708333333333334,0.8668402777777778
HHN-BIR-01,2024-05-05,General Medicine Ward B,14.875,15.833333333333334,0.9401041666666666
HHN-BIR-01,2024-05-06,General Medicine Ward B,15.916666666666666,15.916666666666666,1.0
HHN-BIR-01,2024-05-07,General Medicine Ward B,16.0,16.0,1.0
HHN-BIR-01,2024-05-08,General Medicine Ward B,16.0,16.0,1.0
HHN-BIR-01,2024-05-09,General Medicine Ward B,15.958333333333334,15.958333333333334,1.0
HHN-BIR-01,2024-05-10,General Medicine Ward B,14.916666666666666,15.916666666666666,0.9375
HHN-BIR-01,2024-05-11,General Medicine Ward B,9.375,16.0,0.5859375
HHN-BIR-01,2024-05-12,General Medicine Ward B,8.083333333333334,16.0,0.5052083333333334
HHN-BIR-01,2024-05-13,General Medicine Ward B,10.416666666666666,16.0,0.6510416666666666
HHN-BIR-01,2024-05-14,General Medicine Ward B,13.0,15.958333333333334,0.8151041666666666
HHN-BIR-01,2024-05-15,General Medicine Ward B,15.25,15.875,0.9609375
HHN-BIR-01,2024-05-16,General Medicine Ward B,15.708333333333334,15.708333333333334,1.0
HHN-BIR-01,2024-05-17,General Medicine Ward B,13.75,16.0,0.859375
HHN-BIR-01,2024-05-18,General Medicine Ward B,15.791666666666666,15.916666666666666,0.9921875
HHN-BIR-01,2024-05-19,General Medicine Ward B,14.541666666666666,15.875,0.9166666666666666
HHN-BIR-01,2024-05-20,General Medicine Ward B,11.333333333333334,15.791666666666666,0.7185019841269842
HHN-BIR-01,2024-05-21,General Medicine Ward B,13.708333333333334,15.875,0.8633184523809524
HHN-BIR-01,2024-05-22,General Medicine Ward B,15.791666666666666,15.791666666666666,1.0
HHN-BIR-01,2024-05-23,General Medicine Ward B,15.833333333333334,15.833333333333334,1.0
HHN-BIR-01,2024-05-24,General Medicine Ward B,15.916666666666666,15.916666666666666,1.0
HHN-BIR-01,2024-05-25,General Medicine Ward B,16.0,16.0,1.0
HHN-BIR-01,2024-05-26,General Medicine Ward B,15.833333333333334,15.833333333333334,1.0
HHN-BIR-01,2024-05-27,General Medicine Ward B,14.666666666666666,16.0,0.9166666666666666
HHN-BIR-01,2024-05-28,General Medicine Ward B,10.833333333333334,16.0,0.6770833333333334
HHN-BIR-01,2024-05-29,General Medicine Ward B,11.291666666666666,16.0,0.7057291666666666
HHN-BIR-01,2024-05-30,General Medicine Ward B,14.333333333333334,16.0,0.8958333333333334
HHN-BIR-01,2024-05-31,General Medicine Ward B,12.083333333333334,15.958333333333334,0.7569444444444445
HHN-BIR-01,2024-06-01,General Medicine Ward B,10.583333333333334,15.875,0.6680059523809524
HHN-BIR-01,2024-06-02,General Medicine Ward B,11.75,15.916666666666666,0.7388392857142857
HHN-BIR-01,2024-06-03,General Medicine Ward B,7.875,15.916666666666666,0.49513888888888885
HHN-BIR-01,2024-06-04,General Medicine Ward B,6.291666666666667,16.0,0.3932291666666667
HHN-BIR-01,2024-06-05,General Medicine Ward B,9.125,16.0,0.5703125
HHN-BIR-01,2024-06-06,General Medicine Ward B,9.041666666666666,15.916666666666666,0.5688244047619048
HHN-BIR-01,2024-06-07,General Medicine Ward B,10.916666666666666,15.75,0.6929811507936509
HHN-BIR-01,2024-06-08,General Medicine Ward B,13.541666666666666,16.0,0.8463541666666666
HHN-BIR-01,2024-06-09,General Medicine Ward B,15.791666666666666,15.791666666666666,1.0
HHN-BIR-01,2024-06-10,General Medicine Ward B,15.916666666666666,16.0,0.9947916666666666
HHN-BIR-01,2024-06-11,General Medicine Ward B,14.5,16.0,0.90625
HHN-BIR-01,2024-06-12,General Medicine Ward B,14.333333333333334,16.0,0.8958333333333334
HHN-BIR-01,2024-06-13,General Medicine Ward B,15.5,15.708333333333334,0.9869791666666666
HHN-BIR-01,2024-06-14,General Medicine Ward B,16.0,16.0,1.0
HHN-BIR-01,2024-06-15,General Medicine Ward B,15.25,15.791666666666666,0.9661458333333334
HHN-BIR-01,2024-06-16,General Medicine Ward B,10.583333333333334,15.833333333333334,0.6684275793650793
HHN-BIR-01,2024-06-17,General Medicine Ward B,10.708333333333334,15.916666666666666,0.6733630952380952
HHN-BIR-01,2024-06-18,General Medicine Ward B,8.083333333333334,15.916666666666666,0.5085565476190476
HHN-BIR-01,2024-06-19,General Medicine Ward B,9.875,16.0,0.6171875
HHN-BIR-01,2024-06-20,General Medicine Ward B,11.291666666666666,16.0,0.7057291666666666
HHN-BIR-01,2024-06-21,General Medicine Ward B,12.583333333333334,15.916666666666666,0.7909226190476191
HHN-BIR-01,2024-06-22,General Medicine Ward B,14.708333333333334,16.0,0.9192708333333334
HHN-BIR-01,2024-06-23,General Medicine Ward B,13.625,15.875,0.859375
HHN-BIR-01,2024-06-24,General Medicine Ward B,13.625,16.0,0.8515625
HHN-BIR-01,2024-06-25,General Medicine Ward B,13.791666666666666,16.0,0.8619791666666666
HHN-BIR-01,2024-06-26,General Medicine Ward B,9.875,16.0,0.6171875
HHN-BIR-01,2024-06-27,General Medicine Ward B,9.0,15.958333333333334,0.5640625
HHN-BIR-01,2024-06-28,General Medicine Ward B,12.708333333333334,15.875,0.8013640873015873
HHN-BIR-01,2024-06-29,General Medicine Ward B,15.375,15.791666666666666,0.9739583333333334
HHN-BIR-01,2024-06-30,General Medicine Ward B,15.75,15.75,1.0
HHN-BIR-01,2024-07-01,General Medicine Ward B,16.0,16.0,1.0
HHN-BIR-01,2024-07-02,General Medicine Ward B,14.5,16.0,0.90625
HHN-BIR-01,2024-07-03,General Medicine Ward B,11.208333333333334,15.875,0.7076388888888889
HHN-BIR-01,2024-07-04,General Medicine Ward B,9.833333333333334,15.875,0.6202380952380953
HHN-BIR-01,2024-07-05,General Medicine Ward B,10.291666666666666,15.833333333333334,0.6500744047619048
HHN-BIR-01,2024-07-06,General Medicine Ward B,6.208333333333333,15.916666666666666,0.3898809523809524
HHN-BIR-01,2024-07-07,General Medicine Ward B,11.416666666666666,15.875,0.7200892857142858
HHN-BIR-01,2024-07-08,General Medicine Ward B,7.583333333333333,15.75,0.4832589285714286
HHN-BIR-01,2024-07-09,General Medicine Ward B,7.583333333333333,15.875,0.47832341269841266
HHN-BIR-01,2024-07-10,General Medicine Ward B,12.0,15.958333333333334,0.7519097222222223
HHN-BIR-01,2024-07-11,General Medicine Ward B,11.25,16.0,0.703125
HHN-BIR-01,2024-07-12,General Medicine Ward B,8.583333333333334,15.916666666666666,0.5394345238095238
HHN-BIR-01,2024-07-13,General Medicine Ward B,8.958333333333334,15.833333333333334,0.5665178571428572
HHN-BIR-01,2024-07-14,General Medicine Ward B,11.166666666666666,15.916666666666666,0.7019097222222223
HHN-BIR-01,2024-07-15,General Medicine Ward B,10.333333333333334,15.916666666666666,0.6502976190476191
HHN-BIR-01,2024-07-16,General Medicine Ward B,10.583333333333334,16.0,0.6614583333333334
HHN-BIR-01,2024-07-17,General Medicine Ward B,9.958333333333334,16.0,0.6223958333333334
HHN-BIR-01,2024-07-18,General Medicine Ward B,11.916666666666666,16.0,0.7447916666666666
HHN-BIR-01,2024-07-19,General Medicine Ward B,10.541666666666666,15.916666666666666,0.6625744047619048
HHN-BIR-01,2024-07-20,General Medicine Ward B,11.041666666666666,16.0,0.6901041666666666
HHN-BIR-01,2024-07-21,General Medicine Ward B,11.916666666666666,15.791666666666666,0.7555059523809523
HHN-BIR-01,2024-07-22,General Medicine Ward B,13.25,15.958333333333334,0.8302083333333333
HHN-BIR-01,2024-07-23,General Medicine Ward B,14.083333333333334,15.958333333333334,0.8824652777777778
HHN-BIR-01,2024-07-24,General Medicine Ward B,15.583333333333334,15.916666666666666,0.9791666666666666
HHN-BIR-01,2024-07-25,General Medicine Ward B,15.833333333333334,15.875,0.9973958333333334
HHN-BIR-01,2024-07-26,General Medicine Ward B,11.458333333333334,15.791666666666666,0.7269593253968254
HHN-BIR-01,2024-07-27,General Medicine Ward B,11.458333333333334,15.791666666666666,0.726140873015873
HHN-BIR-01,2024-07-28,General Medicine Ward B,10.166666666666666,15.916666666666666,0.6394097222222223
HHN-BIR-01,2024-07-29,General Medicine Ward B,13.958333333333334,15.916666666666666,0.8768601190476191
HHN-BIR-01,2024-07-30,General Medicine Ward B,15.083333333333334,15.791666666666666,0.9557291666666666
HHN-BIR-01,2024-07-31,General Medicine Ward B,10.25,15.916666666666666,0.6439236111111111
HHN-BIR-01,2024-08-01,General Medicine Ward B,8.583333333333334,15.916666666666666,0.5401785714285714
HHN-BIR-01,2024-08-02,General Medicine Ward B,7.958333333333333,15.791666666666666,0.5032738095238095
HHN-BIR-01,2024-08-03,General Medicine Ward B,8.041666666666666,15.958333333333334,0.5038194444444445
HHN-BIR-01,2024-08-04,General Medicine Ward B,6.708333333333333,15.875,0.42291666666666666
HHN-BIR-01,2024-08-05,General Medicine Ward B,9.25,15.916666666666666,0.5814236111111111
HHN-BIR-01,2024-08-06,General Medicine Ward B,8.541666666666666,15.916666666666666,0.5375744047619048
HHN-BIR-01,2024-08-07,General Medicine Ward B,10.625,15.875,0.6696676587301588
HHN-BIR-01,2024-08-08,General Medicine Ward B,10.416666666666666,16.0,0.6510416666666666
HHN-BIR-01,2024-08-09,General Medicine Ward B,10.083333333333334,16.0,0.6302083333333334
HHN-BIR-01,2024-08-10,General Medicine Ward B,10.625,15.833333333333334,0.6712549603174603
HHN-BIR-01,2024-08-11,General Medicine Ward B,11.083333333333334,15.875,0.6985119047619048
HHN-BIR-01,2024-08-12,General Medicine Ward B,11.5,15.958333333333334,0.7206597222222223
HHN-BIR-01,2024-08-13,General Medicine Ward B,15.083333333333334,15.916666666666666,0.9479166666666666
HHN-BIR-01,2024-08-14,General Medicine Ward B,14.25,15.916666666666666,0.8958333333333334
HHN-BIR-01,2024-08-15,General Medicine Ward B,12.916666666666666,16.0,0.8072916666666666
HHN-BIR-01,2024-08-16,General Medicine Ward B,8.75,16.0,0.546875
HHN-BIR-01,2024-08-17,General Medicine Ward B,10.041666666666666,15.833333333333334,0.6344246031746031
HHN-BIR-01,2024-08-18,General Medicine Ward B,9.416666666666666,15.958333333333334,0.5901041666666667
HHN-BIR-01,2024-08-19,General Medicine Ward B,9.625,16.0,0.6015625
HHN-BIR-01,2024-08-20,General Medicine Ward B,9.125,15.958333333333334,0.5723958333333333
HHN-BIR-01,2024-08-21,General Medicine Ward B,12.125,15.958333333333334,0.7598958333333333
HHN-BIR-01,2024-08-22,General Medicine Ward B,9.958333333333334,15.958333333333334,0.6244791666666667
HHN-BIR-01,2024-08-23,General Medicine Ward B,13.291666666666666,16.0,0.8307291666666666
HHN-BIR-01,2024-08-24,General Medicine Ward B,13.958333333333334,15.791666666666666,0.8847222222222223
HHN-BIR-01,2024-08-25,General Medicine Ward B,9.875,15.875,0.6226190476190476
HHN-BIR-01,2024-08-26,General Medicine Ward B,9.75,15.958333333333334,0.611111111111111
HHN-BIR-01,2024-08-27,General Medicine Ward B,12.791666666666666,15.916666666666666,0.8046875
HHN-BIR-01,2024-08-28,General Medicine Ward B,16.0,16.0,1.0
HHN-BIR-01,2024-08-29,General Medicine Ward B,14.458333333333334,16.0,0.9036458333333334
HHN-BIR-01,2024-08-30,General Medicine Ward B,14.25,15.916666666666666,0.8954613095238094
HHN-BIR-01,2024-08-31,General Medicine Ward B,12.458333333333334,15.958333333333334,0.7807291666666667
HHN-BIR-01,2024-09-01,General Medicine Ward B,15.958333333333334,15.958333333333334,1.0
HHN-BIR-01,2024-09-02,General Medicine Ward B,15.916666666666666,15.958333333333334,0.9973958333333334
HHN-BIR-01,2024-09-03,General Medicine Ward B,15.625,16.0,0.9765625
HHN-BIR-01,2024-09-04,General Medicine Ward B,15.833333333333334,16.0,0.9895833333333334
HHN-BIR-01,2024-09-05,General Medicine Ward B,15.916666666666666,15.916666666666666,1.0
HHN-BIR-01,2024-09-06,General Medicine Ward B,12.875,16.0,0.8046875
HHN-BIR-01,2024-09-07,General Medicine Ward B,9.875,15.916666666666666,0.6206597222222222
HHN-BIR-01,2024-09-08,General Medicine Ward B,14.583333333333334,15.916666666666666,0.9162946428571428
HHN-BIR-01,2024-09-09,General Medicine Ward B,15.916666666666666,16.0,0.9947916666666666
HHN-BIR-01,2024-09-10,General Medicine Ward B,14.083333333333334,15.916666666666666,0.8854166666666666
HHN-BIR-01,2024-09-11,General Medicine Ward B,15.125,16.0,0.9453125
HHN-BIR-01,2024-09-12,General Medicine Ward B,12.833333333333334,15.916666666666666,0.8059027777777777
HHN-BIR-01,2024-09-13,General Medicine Ward B,9.875,15.916666666666666,0.620907738095238
HHN-BIR-01,2024-09-14,General Medicine Ward B,9.125,15.833333333333334,0.5773809523809524
HHN-BIR-01,2024-09-15,General Medicine Ward B,10.333333333333334,15.958333333333334,0.6482638888888889
HHN-BIR-01,2024-09-16,General Medicine Ward B,14.458333333333334,15.958333333333334,0.90625
HHN-BIR-01,2024-09-17,General Medicine Ward B,14.666666666666666,16.0,0.9166666666666666
HHN-BIR-01,2024-09-18,General Medicine Ward B,10.708333333333334,16.0,0.6692708333333334
HHN-BIR-01,2024-09-19,General Medicine Ward B,15.5,16.0,0.96875
HHN-BIR-01,2024-09-20,General Medicine Ward B,15.083333333333334,16.0,0.9427083333333334
HHN-BIR-01,2024-09-21,General Medicine Ward B,13.0,15.708333333333334,0.8293402777777777
HHN-BIR-01,2024-09-22,General Medicine Ward B,13.083333333333334,15.875,0.8242559523809524
HHN-BIR-01,2024-09-23,General Medicine Ward B,11.666666666666666,15.958333333333334,0.7309027777777778
HHN-BIR-01,2024-09-24,General Medicine Ward B,12.125,15.791666666666666,0.7697420634920635
HHN-BIR-01,2024-09-25,General Medicine Ward B,11.5,15.875,0.725124007936508
HHN-BIR-01,2024-09-26,General Medicine Ward B,13.458333333333334,16.0,0.8411458333333334
HHN-BIR-01,2024-09-27,General Medicine Ward B,10.416666666666666,15.916666666666666,0.6546875
HHN-BIR-01,2024-09-28,General Medicine Ward B,11.125,15.916666666666666,0.6990327380952381
HHN-BIR-01,2024-09-29,General Medicine Ward B,15.333333333333334,16.0,0.9583333333333334
HHN-BIR-01,2024-09-30,General Medicine Ward B,16.0,16.0,1.0
HHN-BIR-01,2024-10-01,General Medicine Ward B,16.0,16.0,1.0
HHN-BIR-01,2024-10-02,General Medicine Ward B,15.625,15.916666666666666,0.9817708333333334
HHN-BIR-01,2024-10-03,General Medicine Ward B,15.416666666666666,16.0,0.9635416666666666
HHN-BIR-01,2024-10-04,General Medicine Ward B,15.833333333333334,15.833333333333334,1.0
HHN-BIR-01,2024-10-05,General Medicine Ward B,15.708333333333334,15.916666666666666,0.9869791666666666
HHN-BIR-01,2024-10-06,General Medicine Ward B,15.958333333333334,15.958333333333334,1.0
HHN-BIR-01,2024-10-07,General Medicine Ward B,15.916666666666666,15.916666666666666,1.0
HHN-BIR-01,2024-10-08,General Medicine Ward B,15.833333333333334,15.875,0.9973958333333334
HHN-BIR-01,2024-10-09,General Medicine Ward B,13.791666666666666,15.75,0.8768849206349206
HHN-BIR-01,2024-10-10,General Medicine Ward B,14.5,15.916666666666666,0.9114583333333334
HHN-BIR-01,2024-10-11,General Medicine Ward B,15.625,15.833333333333334,0.9869791666666666
HHN-BIR-01,2024-10-12,General Medicine Ward B,15.791666666666666,15.791666666666666,1.0
HHN-BIR-01,2024-10-13,General Medicine Ward B,15.875,15.875,1.0
HHN-BIR-01,2024-10-14,General Medicine Ward B,15.958333333333334,15.958333333333334,1.0
HHN-BIR-01,2024-10-15,General Medicine Ward B,15.791666666666666,15.791666666666666,1.0
HHN-BIR-01,2024-10-16,General Medicine Ward B,15.375,15.916666666666666,0.9661458333333334
HHN-BIR-01,2024-10-17,General Medicine Ward B,15.291666666666666,15.958333333333334,0.9583333333333334
HHN-BIR-01,2024-10-18,General Medicine Ward B,15.916666666666666,15.916666666666666,1.0
HHN-BIR-01,2024-10-19,General Medicine Ward B,15.666666666666666,15.833333333333334,0.9895833333333334
HHN-BIR-01,2024-10-20,General Medicine Ward B,12.666666666666666,15.875,0.7991071428571428
HHN-BIR-01,2024-10-21,General Medicine Ward B,10.125,15.875,0.6388144841269842
HHN-BIR-01,2024-10-22,General Medicine Ward B,8.333333333333334,15.708333333333334,0.5314980158730159
HHN-BIR-01,2024-10-23,General Medicine Ward B,9.541666666666666,16.0,0.5963541666666666
HHN-BIR-01,2024-10-24,General Medicine Ward B,11.75,15.958333333333334,0.7364583333333333
HHN-BIR-01,2024-10-25,General Medicine Ward B,12.958333333333334,16.0,0.8098958333333334
HHN-BIR-01,2024-10-26,General Medicine Ward B,15.958333333333334,15.958333333333334,1.0
HHN-BIR-01,2024-10-27,General Medicine Ward B,15.958333333333334,15.958333333333334,1.0
HHN-BIR-01,2024-10-28,General Medicine Ward B,15.916666666666666,15.916666666666666,1.0
HHN-BIR-01,2024-10-29,General Medicine Ward B,15.875,15.875,1.0
HHN-BIR-01,2024-10-30,General Medicine Ward B,15.916666666666666,15.916666666666666,1.0
HHN-BIR-01,2024-10-31,General Medicine Ward B,13.5,15.958333333333334,0.8460069444444445
HHN-BIR-01,2024-11-01,General Medicine Ward B,13.916666666666666,15.958333333333334,0.8723958333333334
HHN-BIR-01,2024-11-02,General Medicine Ward B,15.541666666666666,15.916666666666666,0.9765625
HHN-BIR-01,2024-11-03,General Medicine Ward B,15.208333333333334,15.833333333333334,0.9607638888888889
HHN-BIR-01,2024-11-04,General Medicine Ward B,13.75,15.958333333333334,0.8614583333333333
HHN-BIR-01,2024-11-05,General Medicine Ward B,11.916666666666666,15.75,0.7578621031746032
HHN-BIR-01,2024-11-06,General Medicine Ward B,15.916666666666666,16.0,0.9947916666666666
HHN-BIR-01,2024-11-07,General Medicine Ward B,15.958333333333334,15.958333333333334,1.0
HHN-BIR-01,2024-11-08,General Medicine Ward B,15.958333333333334,15.958333333333334,1.0
HHN-BIR-01,2024-11-09,General Medicine Ward B,15.375,15.791666666666666,0.9737847222222222
HHN-BIR-01,2024-11-10,General Medicine Ward B,15.791666666666666,15.791666666666666,1.0
HHN-BIR-01,2024-11-11,General Medicine Ward B,15.958333333333334,15.958333333333334,1.0
HHN-BIR-01,2024-11-12,General Medicine Ward B,15.916666666666666,15.916666666666666,1.0
HHN-BIR-01,2024-11-13,General Medicine Ward B,14.416666666666666,15.875,0.9084821428571428
HHN-BIR-01,2024-11-14,General Medicine Ward B,8.583333333333334,15.916666666666666,0.5390625
HHN-BIR-01,2024-11-15,General Medicine Ward B,5.041666666666667,15.875,0.3178323412698413
HHN-BIR-01,2024-11-16,General Medicine Ward B,5.541666666666667,15.875,0.3488839285714285
HHN-BIR-01,2024-11-17,General Medicine Ward B,9.458333333333334,15.791666666666666,0.599826388888889
HHN-BIR-01,2024-11-18,General Medicine Ward B,14.583333333333334,16.0,0.9114583333333334
HHN-BIR-01,2024-11-19,General Medicine Ward B,14.791666666666666,16.0,0.9244791666666666
HHN-BIR-01,2024-11-20,General Medicine Ward B,12.458333333333334,16.0,0.7786458333333334
HHN-BIR-01,2024-11-21,General Medicine Ward B,12.833333333333334,15.708333333333334,0.8171626984126984
HHN-BIR-01,2024-11-22,General Medicine Ward B,14.541666666666666,15.916666666666666,0.9140625
HHN-BIR-01,2024-11-23,General Medicine Ward B,15.75,15.75,1.0
HHN-BIR-01,2024-11-24,General Medicine Ward B,15.916666666666666,15.916666666666666,1.0
HHN-BIR-01,2024-11-25,General Medicine Ward B,15.875,15.875,1.0
HHN-BIR-01,2024-11-26,General Medicine Ward B,15.75,15.75,1.0
HHN-BIR-01,2024-11-27,General Medicine Ward B,16.0,16.0,1.0
HHN-BIR-01,2024-11-28,General Medicine Ward B,16.0,16.0,1.0
HHN-BIR-01,2024-11-29,General Medicine Ward B,16.0,16.0,1.0
HHN-BIR-01,2024-11-30,General Medicine Ward B,15.75,15.958333333333334,0.9869791666666666
HHN-BIR-01,2024-12-01,General Medicine Ward B,15.291666666666666,15.916666666666666,0.9609375
HHN-BIR-01,2024-12-02,General Medicine Ward B,14.791666666666666,15.75,0.9397569444444445
HHN-BIR-01,2024-12-03,General Medicine Ward B,15.875,15.875,1.0
HHN-BIR-01,2024-12-04,General Medicine Ward B,15.875,15.875,1.0
HHN-BIR-01,2024-12-05,General Medicine Ward B,15.916666666666666,15.916666666666666,1.0
HHN-BIR-01,2024-12-06,General Medicine Ward B,15.75,15.75,1.0
HHN-BIR-01,2024-12-07,General Medicine Ward B,15.875,15.875,1.0
HHN-BIR-01,2024-12-08,General Medicine Ward B,15.75,15.75,1.0
HHN-BIR-01,2024-12-09,General Medicine Ward B,15.875,15.875,1.0
HHN-BIR-01,2024-12-10,General Medicine Ward B,15.625,15.625,1.0
HHN-BIR-01,2024-12-11,General Medicine Ward B,15.958333333333334,15.958333333333334,1.0
HHN-BIR-01,2024-12-12,General Medicine Ward B,15.75,15.75,1.0
HHN-BIR-01,2024-12-13,General Medicine Ward B,15.708333333333334,15.708333333333334,1.0
HHN-BIR-01,2024-12-14,General Medicine Ward B,15.833333333333334,15.833333333333334,1.0
HHN-BIR-01,2024-12-15,General Medicine Ward B,15.875,15.875,1.0
HHN-BIR-01,2024-12-16,General Medicine Ward B,15.875,15.875,1.0
HHN-BIR-01,2024-12-17,General Medicine Ward B,15.958333333333334,15.958333333333334,1.0
HHN-BIR-01,2024-12-18,General Medicine Ward B,15.916666666666666,15.916666666666666,1.0
HHN-BIR-01,2024-12-19,General Medicine Ward B,15.958333333333334,15.958333333333334,1.0
HHN-BIR-01,2024-12-20,General Medicine Ward B,15.833333333333334,15.833333333333334,1.0
HHN-BIR-01,2024-12-21,General Medicine Ward B,15.833333333333334,15.833333333333334,1.0
HHN-BIR-01,2024-12-22,General Medicine Ward B,15.875,15.875,1.0
HHN-BIR-01,2024-12-23,General Medicine Ward B,15.75,15.75,1.0
HHN-BIR-01,2024-12-24,General Medicine Ward B,15.958333333333334,15.958333333333334,1.0
HHN-BIR-01,2024-12-25,General Medicine Ward B,15.708333333333334,15.833333333333334,0.9921875
HHN-BIR-01,2024-12-26,General Medicine Ward B,15.958333333333334,15.958333333333334,1.0
HHN-BIR-01,2024-12-27,General Medicine Ward B,15.541666666666666,15.958333333333334,0.9739583333333334
HHN-BIR-01,2024-12-28,General Medicine Ward B,15.666666666666666,15.666666666666666,1.0
HHN-BIR-01,2024-12-29,General Medicine Ward B,15.708333333333334,15.708333333333334,1.0
HHN-BIR-01,2024-12-30,General Medicine Ward B,16.0,16.0,1.0
HHN-BIR-01,2024-12-31,General Medicine Ward B,15.875,15.875,1.0
HHN-BIR-01,2025-01-01,General Medicine Ward B,15.833333333333334,15.833333333333334,1.0
HHN-BIR-01,2025-01-02,General Medicine Ward B,15.916666666666666,15.916666666666666,1.0
HHN-BIR-01,2025-01-03,General Medicine Ward B,15.791666666666666,15.75,1.0
HHN-BIR-01,2025-01-04,General Medicine Ward B,15.791666666666666,15.791666666666666,1.0
HHN-BIR-01,2025-01-05,General Medicine Ward B,15.833333333333334,15.833333333333334,1.0
HHN-BIR-01,2025-01-06,General Medicine Ward B,15.916666666666666,15.916666666666666,1.0
HHN-BIR-01,2025-01-07,General Medicine Ward B,16.0,16.0,1.0
HHN-BIR-01,2025-01-08,General Medicine Ward B,15.958333333333334,15.958333333333334,1.0
HHN-BIR-01,2025-01-09,General Medicine Ward B,15.916666666666666,15.833333333333334,1.0
HHN-BIR-01,2025-01-10,General Medicine Ward B,12.666666666666666,15.875,0.7971230158730158
HHN-BIR-01,2025-01-11,General Medicine Ward B,9.5,15.791666666666666,0.6012152777777778
HHN-BIR-01,2025-01-12,General Medicine Ward B,14.916666666666666,15.833333333333334,0.9427083333333334
HHN-BIR-01,2025-01-13,General Medicine Ward B,14.958333333333334,15.958333333333334,0.9375
HHN-BIR-01,2025-01-14,General Medicine Ward B,15.833333333333334,15.833333333333334,1.0
HHN-BIR-01,2025-01-15,General Medicine Ward B,15.791666666666666,15.791666666666666,1.0
HHN-BIR-01,2025-01-16,General Medicine Ward B,15.833333333333334,15.833333333333334,1.0
HHN-BIR-01,2025-01-17,General Medicine Ward B,15.583333333333334,15.791666666666666,0.9869791666666666
HHN-BIR-01,2025-01-18,General Medicine Ward B,15.5,15.875,0.9765625
HHN-BIR-01,2025-01-19,General Medicine Ward B,14.791666666666666,15.666666666666666,0.944766865079365
HHN-BIR-01,2025-01-20,General Medicine Ward B,15.75,15.791666666666666,0.9973958333333334
HHN-BIR-01,2025-01-21,General Medicine Ward B,15.875,15.875,1.0
HHN-BIR-01,2025-01-22,General Medicine Ward B,15.875,15.875,1.0
HHN-BIR-01,2025-01-23,General Medicine Ward B,15.958333333333334,15.958333333333334,1.0
HHN-BIR-01,2025-01-24,General Medicine Ward B,15.958333333333334,15.958333333333334,1.0
HHN-BIR-01,2025-01-25,General Medicine Ward B,15.791666666666666,15.791666666666666,1.0
HHN-BIR-01,2025-01-26,General Medicine Ward B,16.0,16.0,1.0
HHN-BIR-01,2025-01-27,General Medicine Ward B,15.791666666666666,15.791666666666666,1.0
HHN-BIR-01,2025-01-28,General Medicine Ward B,15.666666666666666,15.666666666666666,1.0
HHN-BIR-01,2025-01-29,General Medicine Ward B,15.958333333333334,15.958333333333334,1.0
HHN-BIR-01,2025-01-30,General Medicine Ward B,15.75,15.791666666666666,0.9973958333333334
HHN-BIR-01,2025-01-31,General Medicine Ward B,15.75,15.791666666666666,0.9973958333333334
HHN-BIR-01,2025-02-01,General Medicine Ward B,15.291666666666666,15.958333333333334,0.9583333333333334
HHN-BIR-01,2025-02-02,General Medicine Ward B,15.875,15.875,1.0
HHN-BIR-01,2025-02-03,General Medicine Ward B,15.958333333333334,15.958333333333334,1.0
HHN-BIR-01,2025-02-04,General Medicine Ward B,15.916666666666666,15.916666666666666,1.0
HHN-BIR-01,2025-02-05,General Medicine Ward B,14.291666666666666,15.958333333333334,0.8958333333333334
HHN-BIR-01,2025-02-06,General Medicine Ward B,14.458333333333334,15.875,0.9112847222222222
HHN-BIR-01,2025-02-07,General Medicine Ward B,14.166666666666666,15.958333333333334,0.8880208333333334
HHN-BIR-01,2025-02-08,General Medicine Ward B,15.583333333333334,15.875,0.9817708333333334
HHN-BIR-01,2025-02-09,General Medicine Ward B,15.958333333333334,15.958333333333334,1.0
HHN-BIR-01,2025-02-10,General Medicine Ward B,15.958333333333334,15.958333333333334,1.0
HHN-BIR-01,2025-02-11,General Medicine Ward B,15.708333333333334,15.708333333333334,1.0
HHN-BIR-01,2025-02-12,General Medicine Ward B,15.875,15.875,1.0
HHN-BIR-01,2025-02-13,General Medicine Ward B,16.0,16.0,1.0
HHN-BIR-01,2025-02-14,General Medicine Ward B,15.958333333333334,15.958333333333334,1.0
HHN-BIR-01,2025-02-15,General Medicine Ward B,15.916666666666666,15.916666666666666,1.0
HHN-BIR-01,2025-02-16,General Medicine Ward B,16.0,16.0,1.0
HHN-BIR-01,2025-02-17,General Medicine Ward B,15.916666666666666,15.916666666666666,1.0
HHN-BIR-01,2025-02-18,General Medicine Ward B,15.916666666666666,15.916666666666666,1.0
HHN-BIR-01,2025-02-19,General Medicine Ward B,15.916666666666666,15.916666666666666,1.0
HHN-BIR-01,2025-02-20,General Medicine Ward B,15.916666666666666,15.916666666666666,1.0
HHN-BIR-01,2025-02-21,General Medicine Ward B,15.916666666666666,15.916666666666666,1.0
HHN-BIR-01,2025-02-22,General Medicine Ward B,15.791666666666666,15.791666666666666,1.0
HHN-BIR-01,2025-02-23,General Medicine Ward B,16.0,16.0,1.0
HHN-BIR-01,2025-02-24,General Medicine Ward B,15.916666666666666,15.916666666666666,1.0
HHN-BIR-01,2025-02-25,General Medicine Ward B,15.625,15.625,1.0
HHN-BIR-01,2025-02-26,General Medicine Ward B,15.708333333333334,15.708333333333334,1.0
HHN-BIR-01,2025-02-27,General Medicine Ward B,15.916666666666666,15.916666666666666,1.0
HHN-BIR-01,2025-02-28,General Medicine Ward B,15.791666666666666,15.791666666666666,1.0
HHN-BIR-01,2025-03-01,General Medicine Ward B,16.0,16.0,1.0
HHN-BIR-01,2025-03-02,General Medicine Ward B,15.625,15.625,1.0
HHN-BIR-01,2025-03-03,General Medicine Ward B,16.0,16.0,1.0
HHN-BIR-01,2025-03-04,General Medicine Ward B,16.0,16.0,1.0
HHN-BIR-01,2025-03-05,General Medicine Ward B,15.916666666666666,15.916666666666666,1.0
HHN-BIR-01,2025-03-06,General Medicine Ward B,15.666666666666666,15.916666666666666,0.984375
HHN-BIR-01,2025-03-07,General Medicine Ward B,13.333333333333334,16.0,0.8333333333333334
HHN-BIR-01,2025-03-08,General Medicine Ward B,14.75,15.875,0.9293402777777778
HHN-BIR-01,2025-03-09,General Medicine Ward B,15.833333333333334,15.833333333333334,1.0
HHN-BIR-01,2025-03-10,General Medicine Ward B,16.0,16.0,1.0
HHN-BIR-01,2025-03-11,General Medicine Ward B,15.958333333333334,15.958333333333334,1.0
HHN-BIR-01,2025-03-12,General Medicine Ward B,16.0,16.0,1.0
HHN-BIR-01,2025-03-13,General Medicine Ward B,15.541666666666666,15.875,0.9791666666666666
HHN-BIR-01,2025-03-14,General Medicine Ward B,14.208333333333334,15.916666666666666,0.8932291666666666
HHN-BIR-01,2025-03-15,General Medicine Ward B,13.625,15.833333333333334,0.8609126984126984
HHN-BIR-01,2025-03-16,General Medicine Ward B,12.625,15.875,0.7954117063492063
HHN-BIR-01,2025-03-17,General Medicine Ward B,15.458333333333334,16.0,0.9661458333333334
HHN-BIR-01,2025-03-18,General Medicine Ward B,14.333333333333334,15.875,0.9034722222222222
HHN-BIR-01,2025-03-19,General Medicine Ward B,12.916666666666666,15.916666666666666,0.8121279761904762
HHN-BIR-01,2025-03-20,General Medicine Ward B,12.958333333333334,16.0,0.8098958333333334
HHN-BIR-01,2025-03-21,General Medicine Ward B,15.791666666666666,15.916666666666666,0.9921875
HHN-BIR-01,2025-03-22,General Medicine Ward B,15.541666666666666,15.791666666666666,0.9842013888888889
HHN-BIR-01,2025-03-23,General Medicine Ward B,15.958333333333334,15.958333333333334,1.0
HHN-BIR-01,2025-03-24,General Medicine Ward B,14.125,15.916666666666666,0.8880208333333334
HHN-BIR-01,2025-03-25,General Medicine Ward B,14.875,15.958333333333334,0.9322916666666666
HHN-BIR-01,2025-03-26,General Medicine Ward B,14.916666666666666,15.791666666666666,0.9453125
HHN-BIR-01,2025-03-27,General Medicine Ward B,14.708333333333334,16.0,0.9192708333333334
HHN-BIR-01,2025-03-28,General Medicine Ward B,15.333333333333334,16.0,0.9583333333333334
HHN-BIR-01,2025-03-29,General Medicine Ward B,15.75,15.75,1.0
HHN-BIR-01,2025-03-30,General Medicine Ward B,15.75,15.75,1.0
HHN-BIR-01,2025-03-31,General Medicine Ward B,15.958333333333334,15.958333333333334,1.0
HHN-BIR-01,2025-04-01,General Medicine Ward B,15.75,15.75,1.0
HHN-BIR-01,2025-04-02,General Medicine Ward B,16.0,16.0,1.0
HHN-BIR-01,2025-04-03,General Medicine Ward B,15.916666666666666,15.916666666666666,1.0
HHN-BIR-01,2025-04-04,General Medicine Ward B,16.0,16.0,1.0
HHN-BIR-01,2025-04-05,General Medicine Ward B,15.875,15.875,1.0
HHN-BIR-01,2025-04-06,General Medicine Ward B,15.875,15.875,1.0
HHN-BIR-01,2025-04-07,General Medicine Ward B,15.916666666666666,15.916666666666666,1.0
HHN-BIR-01,2025-04-08,General Medicine Ward B,15.958333333333334,15.958333333333334,1.0
HHN-BIR-01,2025-04-09,General Medicine Ward B,15.291666666666666,16.0,0.9557291666666666
HHN-BIR-01,2025-04-10,General Medicine Ward B,15.791666666666666,15.791666666666666,1.0
HHN-BIR-01,2025-04-11,General Medicine Ward B,15.833333333333334,16.0,0.9895833333333334
HHN-BIR-01,2025-04-12,General Medicine Ward B,15.958333333333334,16.0,0.9973958333333334
HHN-BIR-01,2025-04-13,General Medicine Ward B,15.958333333333334,15.958333333333334,1.0
HHN-BIR-01,2025-04-14,General Medicine Ward B,15.958333333333334,15.958333333333334,1.0
HHN-BIR-01,2025-04-15,General Medicine Ward B,15.958333333333334,15.958333333333334,1.0
HHN-BIR-01,2025-04-16,General Medicine Ward B,15.375,16.0,0.9609375
HHN-BIR-01,2025-04-17,General Medicine Ward B,16.0,16.0,1.0
HHN-BIR-01,2025-04-18,General Medicine Ward B,14.833333333333334,16.0,0.9270833333333334
HHN-BIR-01,2025-04-19,General Medicine Ward B,10.625,16.0,0.6640625
HHN-BIR-01,2025-04-20,General Medicine Ward B,10.875,15.875,0.6851438492063492
HHN-BIR-01,2025-04-21,General Medicine Ward B,10.875,15.916666666666666,0.6836805555555556
HHN-BIR-01,2025-04-22,General Medicine Ward B,12.25,15.916666666666666,0.7700892857142857
HHN-BIR-01,2025-04-23,General Medicine Ward B,12.541666666666666,15.916666666666666,0.7883184523809524
HHN-BIR-01,2025-04-24,General Medicine Ward B,13.333333333333334,16.0,0.8333333333333334
HHN-BIR-01,2025-04-25,General Medicine Ward B,10.958333333333334,16.0,0.6848958333333334
HHN-BIR-01,2025-04-26,General Medicine Ward B,12.125,15.875,0.7647569444444445
HHN-BIR-01,2025-04-27,General Medicine Ward B,15.583333333333334,15.958333333333334,0.9765625
HHN-BIR-01,2025-04-28,General Medicine Ward B,16.0,16.0,1.0
HHN-BIR-01,2025-04-29,General Medicine Ward B,15.875,15.875,1.0
HHN-BIR-01,2025-04-30,General Medicine Ward B,16.0,16.0,1.0
HHN-BIR-01,2025-05-01,General Medicine Ward B,15.916666666666666,15.916666666666666,1.0
HHN-BIR-01,2025-05-02,General Medicine Ward B,15.916666666666666,15.916666666666666,1.0
HHN-BIR-01,2025-05-03,General Medicine Ward B,15.916666666666666,15.916666666666666,1.0
HHN-BIR-01,2025-05-04,General Medicine Ward B,15.791666666666666,15.833333333333334,0.9973958333333334
HHN-BIR-01,2025-05-05,General Medicine Ward B,15.916666666666666,15.916666666666666,1.0
HHN-BIR-01,2025-05-06,General Medicine Ward B,15.833333333333334,15.833333333333334,1.0
HHN-BIR-01,2025-05-07,General Medicine Ward B,15.958333333333334,15.958333333333334,1.0
HHN-BIR-01,2025-05-08,General Medicine Ward B,15.875,15.875,1.0
HHN-BIR-01,2025-05-09,General Medicine Ward B,15.875,15.875,1.0
HHN-BIR-01,2025-05-10,General Medicine Ward B,15.75,15.75,1.0
HHN-BIR-01,2025-05-11,General Medicine Ward B,15.958333333333334,15.958333333333334,1.0
HHN-BIR-01,2025-05-12,General Medicine Ward B,15.916666666666666,15.916666666666666,1.0
HHN-BIR-01,2025-05-13,General Medicine Ward B,16.0,16.0,1.0
HHN-BIR-01,2025-05-14,General Medicine Ward B,15.958333333333334,15.958333333333334,1.0
HHN-BIR-01,2025-05-15,General Medicine Ward B,15.083333333333334,16.0,0.9427083333333334
HHN-BIR-01,2025-05-16,General Medicine Ward B,14.916666666666666,16.0,0.9322916666666666
HHN-BIR-01,2025-05-17,General Medicine Ward B,15.666666666666666,15.666666666666666,1.0
HHN-BIR-01,2025-05-18,General Medicine Ward B,15.958333333333334,15.958333333333334,1.0
HHN-BIR-01,2025-05-19,General Medicine Ward B,16.0,16.0,1.0
HHN-BIR-01,2025-05-20,General Medicine Ward B,15.833333333333334,15.833333333333334,1.0
HHN-BIR-01,2025-05-21,General Medicine Ward B,16.0,16.0,1.0
HHN-BIR-01,2025-05-22,General Medicine Ward B,15.916666666666666,15.916666666666666,1.0
HHN-BIR-01,2025-05-23,General Medicine Ward B,15.916666666666666,15.916666666666666,1.0
HHN-BIR-01,2025-05-24,General Medicine Ward B,15.833333333333334,15.833333333333334,1.0
HHN-BIR-01,2025-05-25,General Medicine Ward B,15.875,15.875,1.0
HHN-BIR-01,2025-05-26,General Medicine Ward B,15.958333333333334,15.958333333333334,1.0
HHN-BIR-01,2025-05-27,General Medicine Ward B,15.291666666666666,15.875,0.9635416666666666
HHN-BIR-01,2025-05-28,General Medicine Ward B,14.083333333333334,15.958333333333334,0.8824652777777778
HHN-BIR-01,2025-05-29,General Medicine Ward B,11.666666666666666,15.958333333333334,0.7312500000000001
HHN-BIR-01,2025-05-30,General Medicine Ward B,12.416666666666666,16.0,0.7760416666666666
HHN-BIR-01,2025-05-31,General Medicine Ward B,14.541666666666666,16.0,0.9088541666666666
HHN-BIR-01,2025-06-01,General Medicine Ward B,15.791666666666666,15.833333333333334,0.9973958333333334
HHN-BIR-01,2025-06-02,General Medicine Ward B,13.125,16.0,0.8203125
HHN-BIR-01,2025-06-03,General Medicine Ward B,15.375,15.916666666666666,0.9661458333333334
HHN-BIR-01,2025-06-04,General Medicine Ward B,12.041666666666666,15.958333333333334,0.7550347222222222
HHN-BIR-01,2025-06-05,General Medicine Ward B,9.875,15.833333333333334,0.6246279761904762
HHN-BIR-01,2025-06-06,General Medicine Ward B,11.5,15.916666666666666,0.7232142857142857
HHN-BIR-01,2025-06-07,General Medicine Ward B,11.041666666666666,15.666666666666666,0.7060267857142857
HHN-BIR-01,2025-06-08,General Medicine Ward B,12.875,15.833333333333334,0.8140376984126984
HHN-BIR-01,2025-06-09,General Medicine Ward B,13.583333333333334,16.0,0.8489583333333334
HHN-BIR-01,2025-06-10,General Medicine Ward B,11.833333333333334,15.958333333333334,0.7416666666666667
HHN-BIR-01,2025-06-11,General Medicine Ward B,10.166666666666666,16.0,0.6354166666666666
HHN-BIR-01,2025-06-12,General Medicine Ward B,9.583333333333334,16.0,0.5989583333333334
HHN-BIR-01,2025-06-13,General Medicine Ward B,10.666666666666666,16.0,0.6666666666666666
HHN-BIR-01,2025-06-14,General Medicine Ward B,15.833333333333334,15.833333333333334,1.0
HHN-BIR-01,2025-06-15,General Medicine Ward B,15.5,15.791666666666666,0.9817708333333334
HHN-BIR-01,2025-06-16,General Medicine Ward B,15.5,16.0,0.96875
HHN-BIR-01,2025-06-17,General Medicine Ward B,15.416666666666666,15.916666666666666,0.96875
HHN-BIR-01,2025-06-18,General Medicine Ward B,15.375,16.0,0.9609375
HHN-BIR-01,2025-06-19,General Medicine Ward B,12.416666666666666,16.0,0.7760416666666666
HHN-BIR-01,2025-06-20,General Medicine Ward B,12.583333333333334,16.0,0.7864583333333334
HHN-BIR-01,2025-06-21,General Medicine Ward B,13.416666666666666,15.833333333333334,0.8482142857142857
HHN-BIR-01,2025-06-22,General Medicine Ward B,15.666666666666666,15.958333333333334,0.9817708333333334
HHN-BIR-01,2025-06-23,General Medicine Ward B,14.625,15.958333333333334,0.9166666666666666
HHN-BIR-01,2025-06-24,General Medicine Ward B,15.0,15.958333333333334,0.9401041666666666
HHN-BIR-01,2025-06-25,General Medicine Ward B,15.083333333333334,16.0,0.9427083333333334
HHN-BIR-01,2025-06-26,General Medicine Ward B,16.0,16.0,1.0
HHN-BIR-01,2025-06-27,General Medicine Ward B,14.5,15.916666666666666,0.9114583333333334
HHN-BIR-01,2025-06-28,General Medicine Ward B,12.0,15.916666666666666,0.7534722222222222
HHN-BIR-01,2025-06-29,General Medicine Ward B,14.875,15.833333333333334,0.9397569444444445
HHN-BIR-01,2025-06-30,General Medicine Ward B,15.875,15.875,1.0
HHN-BIR-01,2025-07-01,General Medicine Ward B,15.875,15.875,1.0
HHN-BIR-01,2025-07-02,General Medicine Ward B,16.0,16.0,1.0
HHN-BIR-01,2025-07-03,General Medicine Ward B,15.916666666666666,15.916666666666666,1.0
HHN-BIR-01,2025-07-04,General Medicine Ward B,12.958333333333334,15.833333333333334,0.8190972222222223
HHN-BIR-01,2025-07-05,General Medicine Ward B,14.0,16.0,0.875
HHN-BIR-01,2025-07-06,General Medicine Ward B,14.0,15.791666666666666,0.8880208333333334
HHN-BIR-01,2025-07-07,General Medicine Ward B,12.375,15.958333333333334,0.7758680555555556
HHN-BIR-01,2025-07-08,General Medicine Ward B,10.75,15.916666666666666,0.6767113095238094
HHN-BIR-01,2025-07-09,General Medicine Ward B,9.5,15.958333333333334,0.5953125
HHN-BIR-01,2025-07-10,General Medicine Ward B,13.25,15.958333333333334,0.8302083333333333
HHN-BIR-01,2025-07-11,General Medicine Ward B,14.958333333333334,16.0,0.9348958333333334
HHN-BIR-01,2025-07-12,General Medicine Ward B,14.25,15.916666666666666,0.8958333333333334
HHN-BIR-01,2025-07-13,General Medicine Ward B,13.291666666666666,15.958333333333334,0.8333333333333334
HHN-BIR-01,2025-07-14,General Medicine Ward B,12.0,15.791666666666666,0.7610119047619047
HHN-BIR-01,2025-07-15,General Medicine Ward B,12.791666666666666,16.0,0.7994791666666666
HHN-BIR-01,2025-07-16,General Medicine Ward B,15.333333333333334,15.875,0.9659722222222222
HHN-BIR-01,2025-07-17,General Medicine Ward B,13.375,15.916666666666666,0.8411458333333334
HHN-BIR-01,2025-07-18,General Medicine Ward B,10.958333333333334,16.0,0.6848958333333334
HHN-BIR-01,2025-07-19,General Medicine Ward B,11.375,15.833333333333334,0.7195684523809524
HHN-BIR-01,2025-07-20,General Medicine Ward B,14.208333333333334,15.916666666666666,0.8928819444444445
HHN-BIR-01,2025-07-21,General Medicine Ward B,15.0,16.0,0.9375
HHN-BIR-01,2025-07-22,General Medicine Ward B,14.291666666666666,16.0,0.8932291666666666
HHN-BIR-01,2025-07-23,General Medicine Ward B,12.833333333333334,15.916666666666666,0.8058035714285715
HHN-BIR-01,2025-07-24,General Medicine Ward B,9.375,15.916666666666666,0.5889136904761905
HHN-BIR-01,2025-07-25,General Medicine Ward B,8.083333333333334,15.833333333333334,0.511904761904762
HHN-BIR-01,2025-07-26,General Medicine Ward B,8.708333333333334,16.0,0.5442708333333334
HHN-BIR-01,2025-07-27,General Medicine Ward B,9.375,15.875,0.5913938492063492
HHN-BIR-01,2025-07-28,General Medicine Ward B,11.5,16.0,0.71875
HHN-BIR-01,2025-07-29,General Medicine Ward B,15.0,15.916666666666666,0.9427083333333334
HHN-BIR-01,2025-07-30,General Medicine Ward B,15.041666666666666,16.0,0.9401041666666666
HHN-BIR-01,2025-07-31,General Medicine Ward B,13.333333333333334,15.833333333333334,0.8422619047619048
HHN-BIR-01,2025-08-01,General Medicine Ward B,10.666666666666666,16.0,0.6666666666666666
HHN-BIR-01,2025-08-02,General Medicine Ward B,11.041666666666666,15.875,0.6964781746031746
HHN-BIR-01,2025-08-03,General Medicine Ward B,10.5,15.875,0.6629960317460317
HHN-BIR-01,2025-08-04,General Medicine Ward B,12.291666666666666,15.833333333333334,0.7771577380952381
HHN-BIR-01,2025-08-05,General Medicine Ward B,11.208333333333334,16.0,0.7005208333333334
HHN-BIR-01,2025-08-06,General Medicine Ward B,10.458333333333334,16.0,0.6536458333333334
HHN-BIR-01,2025-08-07,General Medicine Ward B,12.833333333333334,15.916666666666666,0.8069196428571428
HHN-BIR-01,2025-08-08,General Medicine Ward B,14.583333333333334,15.791666666666666,0.9244791666666666
HHN-BIR-01,2025-08-09,General Medicine Ward B,12.666666666666666,15.708333333333334,0.8072668650793652
HHN-BIR-01,2025-08-10,General Medicine Ward B,14.0,15.875,0.8826388888888889
HHN-BIR-01,2025-08-11,General Medicine Ward B,14.916666666666666,16.0,0.9322916666666666
HHN-BIR-01,2025-08-12,General Medicine Ward B,11.458333333333334,15.958333333333334,0.71875
HHN-BIR-01,2025-08-13,General Medicine Ward B,11.375,15.916666666666666,0.7151041666666668
HHN-BIR-01,2025-08-14,General Medicine Ward B,10.583333333333334,15.916666666666666,0.6655505952380952
HHN-BIR-01,2025-08-15,General Medicine Ward B,10.458333333333334,16.0,0.6536458333333334
HHN-BIR-01,2025-08-16,General Medicine Ward B,7.0,15.875,0.44131944444444443
HHN-BIR-01,2025-08-17,General Medicine Ward B,7.916666666666667,15.666666666666666,0.5053819444444444
HHN-BIR-01,2025-08-18,General Medicine Ward B,9.375,15.875,0.5907986111111111
HHN-BIR-01,2025-08-19,General Medicine Ward B,10.333333333333334,16.0,0.6458333333333334
HHN-BIR-01,2025-08-20,General Medicine Ward B,14.25,15.958333333333334,0.8927083333333333
HHN-BIR-01,2025-08-21,General Medicine Ward B,14.875,16.0,0.9296875
HHN-BIR-01,2025-08-22,General Medicine Ward B,15.75,15.916666666666666,0.9895833333333334
HHN-BIR-01,2025-08-23,General Medicine Ward B,13.541666666666666,16.0,0.8463541666666666
HHN-BIR-01,2025-08-24,General Medicine Ward B,11.208333333333334,15.916666666666666,0.7049851190476191
HHN-BIR-01,2025-08-25,General Medicine Ward B,12.583333333333334,15.916666666666666,0.7912946428571428
HHN-BIR-01,2025-08-26,General Medicine Ward B,12.375,15.958333333333334,0.7756944444444445
HHN-BIR-01,2025-08-27,General Medicine Ward B,8.333333333333334,16.0,0.5208333333333334
HHN-BIR-01,2025-08-28,General Medicine Ward B,8.375,15.958333333333334,0.5246527777777777
HHN-BIR-01,2025-08-29,General Medicine Ward B,10.125,15.833333333333334,0.6402529761904762
HHN-BIR-01,2025-08-30,General Medicine Ward B,11.375,15.916666666666666,0.7154017857142857
HHN-BIR-01,2025-08-31,General Medicine Ward B,14.0,15.833333333333334,0.8854166666666666
HHN-BIR-01,2025-09-01,General Medicine Ward B,15.875,16.0,0.9921875
HHN-BIR-01,2025-09-02,General Medicine Ward B,15.875,15.875,1.0
HHN-BIR-01,2025-09-03,General Medicine Ward B,15.958333333333334,15.958333333333334,1.0
HHN-BIR-01,2025-09-04,General Medicine Ward B,15.5,15.916666666666666,0.9739583333333334
HHN-BIR-01,2025-09-05,General Medicine Ward B,13.583333333333334,15.916666666666666,0.8534226190476191
HHN-BIR-01,2025-09-06,General Medicine Ward B,14.791666666666666,15.791666666666666,0.9375
HHN-BIR-01,2025-09-07,General Medicine Ward B,15.75,15.958333333333334,0.9869791666666666
HHN-BIR-01,2025-09-08,General Medicine Ward B,16.0,16.0,1.0
HHN-BIR-01,2025-09-09,General Medicine Ward B,15.875,15.875,1.0
HHN-BIR-01,2025-09-10,General Medicine Ward B,16.0,16.0,1.0
HHN-BIR-01,2025-09-11,General Medicine Ward B,16.0,16.0,1.0
HHN-BIR-01,2025-09-12,General Medicine Ward B,15.958333333333334,15.958333333333334,1.0
HHN-BIR-01,2025-09-13,General Medicine Ward B,15.916666666666666,15.916666666666666,1.0
HHN-BIR-01,2025-09-14,General Medicine Ward B,15.791666666666666,15.791666666666666,1.0
HHN-BIR-01,2025-09-15,General Medicine Ward B,15.583333333333334,16.0,0.9739583333333334
HHN-BIR-01,2025-09-16,General Medicine Ward B,13.25,15.916666666666666,0.8331597222222222
HHN-BIR-01,2025-09-17,General Medicine Ward B,14.25,15.875,0.8980654761904762
HHN-BIR-01,2025-09-18,General Medicine Ward B,15.666666666666666,15.791666666666666,0.9921875
HHN-BIR-01,2025-09-19,General Medicine Ward B,15.875,15.875,1.0
HHN-BIR-01,2025-09-20,General Medicine Ward B,15.958333333333334,15.958333333333334,1.0
HHN-BIR-01,2025-09-21,General Medicine Ward B,15.75,15.75,1.0
HHN-BIR-01,2025-09-22,General Medicine Ward B,15.916666666666666,15.958333333333334,0.9973958333333334
HHN-BIR-01,2025-09-23,General Medicine Ward B,14.25,15.958333333333334,0.8930555555555556
HHN-BIR-01,2025-09-24,General Medicine Ward B,13.25,16.0,0.828125
HHN-BIR-01,2025-09-25,General Medicine Ward B,13.583333333333334,15.958333333333334,0.8515625
HHN-BIR-01,2025-09-26,General Medicine Ward B,14.708333333333334,15.916666666666666,0.9241071428571428
HHN-BIR-01,2025-09-27,General Medicine Ward B,16.0,16.0,1.0
HHN-BIR-01,2025-09-28,General Medicine Ward B,15.791666666666666,15.791666666666666,1.0
HHN-BIR-01,2025-09-29,General Medicine Ward B,15.916666666666666,15.916666666666666,1.0
HHN-BIR-01,2025-09-30,General Medicine Ward B,15.083333333333334,15.875,0.9503472222222222
HHN-BIR-01,2025-10-01,General Medicine Ward B,13.833333333333334,15.916666666666666,0.8697916666666666
HHN-BIR-01,2025-10-02,General Medicine Ward B,14.083333333333334,15.791666666666666,0.891765873015873
HHN-BIR-01,2025-10-03,General Medicine Ward B,12.25,16.0,0.765625
HHN-BIR-01,2025-10-04,General Medicine Ward B,14.875,16.0,0.9296875
HHN-BIR-01,2025-10-05,General Medicine Ward B,14.375,15.75,0.9136904761904762
HHN-BIR-01,2025-10-06,General Medicine Ward B,15.958333333333334,15.958333333333334,1.0
HHN-BIR-01,2025-10-07,General Medicine Ward B,15.958333333333334,15.958333333333334,1.0
HHN-BIR-01,2025-10-08,General Medicine Ward B,15.541666666666666,15.916666666666666,0.9765625
HHN-BIR-01,2025-10-09,General Medicine Ward B,11.541666666666666,15.916666666666666,0.7258184523809524
HHN-BIR-01,2025-10-10,General Medicine Ward B,11.75,16.0,0.734375
HHN-BIR-01,2025-10-11,General Medicine Ward B,11.833333333333334,15.75,0.7518353174603174
HHN-BIR-01,2025-10-12,General Medicine Ward B,11.666666666666666,15.875,0.7353174603174604
HHN-BIR-01,2025-10-13,General Medicine Ward B,12.458333333333334,15.958333333333334,0.7805555555555556
HHN-BIR-01,2025-10-14,General Medicine Ward B,15.125,15.833333333333334,0.9557291666666666
HHN-BIR-01,2025-10-15,General Medicine Ward B,15.125,15.875,0.9527529761904762
HHN-BIR-01,2025-10-16,General Medicine Ward B,13.041666666666666,15.875,0.8223710317460317
HHN-BIR-01,2025-10-17,General Medicine Ward B,15.166666666666666,15.833333333333334,0.9583333333333334
HHN-BIR-01,2025-10-18,General Medicine Ward B,13.166666666666666,15.916666666666666,0.8270089285714285
HHN-BIR-01,2025-10-19,General Medicine Ward B,14.333333333333334,15.958333333333334,0.8984375
HHN-BIR-01,2025-10-20,General Medicine Ward B,15.958333333333334,15.958333333333334,1.0
HHN-BIR-01,2025-10-21,General Medicine Ward B,15.875,15.916666666666666,0.9973958333333334
HHN-BIR-01,2025-10-22,General Medicine Ward B,14.958333333333334,15.958333333333334,0.9371527777777778
HHN-BIR-01,2025-10-23,General Medicine Ward B,15.833333333333334,16.0,0.9895833333333334
HHN-BIR-01,2025-10-24,General Medicine Ward B,15.125,15.833333333333334,0.9557291666666666
HHN-BIR-01,2025-10-25,General Medicine Ward B,14.375,15.875,0.9060763888888889
HHN-BIR-01,2025-10-26,General Medicine Ward B,15.791666666666666,15.916666666666666,0.9921875
HHN-BIR-01,2025-10-27,General Medicine Ward B,15.916666666666666,15.916666666666666,1.0
HHN-BIR-01,2025-10-28,General Medicine Ward B,16.0,16.0,1.0
HHN-BIR-01,2025-10-29,General Medicine Ward B,15.791666666666666,15.791666666666666,1.0
HHN-BIR-01,2025-10-30,General Medicine Ward B,16.0,16.0,1.0
HHN-BIR-01,2025-10-31,General Medicine Ward B,15.625,15.958333333333334,0.9791666666666666
HHN-BIR-01,2025-11-01,General Medicine Ward B,11.125,15.875,0.7013144841269842
HHN-BIR-01,2025-11-02,General Medicine Ward B,8.875,15.833333333333334,0.5602678571428571
HHN-BIR-01,2025-11-03,General Medicine Ward B,11.291666666666666,15.875,0.7117311507936508
HHN-BIR-01,2025-11-04,General Medicine Ward B,10.916666666666666,16.0,0.6822916666666666
HHN-BIR-01,2025-11-05,General Medicine Ward B,15.125,16.0,0.9453125
HHN-BIR-01,2025-11-06,General Medicine Ward B,14.791666666666666,15.916666666666666,0.9296875
HHN-BIR-01,2025-11-07,General Medicine Ward B,11.0,15.916666666666666,0.6923363095238094
HHN-BIR-01,2025-11-08,General Medicine Ward B,14.166666666666666,15.833333333333334,0.8954613095238094
HHN-BIR-01,2025-11-09,General Medicine Ward B,15.75,15.916666666666666,0.9895833333333334
HHN-BIR-01,2025-11-10,General Medicine Ward B,15.791666666666666,15.958333333333334,0.9895833333333334
HHN-BIR-01,2025-11-11,General Medicine Ward B,16.0,16.0,1.0
HHN-BIR-01,2025-11-12,General Medicine Ward B,15.791666666666666,15.916666666666666,0.9921875
HHN-BIR-01,2025-11-13,General Medicine Ward B,15.708333333333334,15.916666666666666,0.9869791666666666
HHN-BIR-01,2025-11-14,General Medicine Ward B,15.833333333333334,15.833333333333334,1.0
HHN-BIR-01,2025-11-15,General Medicine Ward B,15.625,15.958333333333334,0.9791666666666666
HHN-BIR-01,2025-11-16,General Medicine Ward B,13.333333333333334,15.833333333333334,0.8426339285714285
HHN-BIR-01,2025-11-17,General Medicine Ward B,15.333333333333334,15.916666666666666,0.9635416666666666
HHN-BIR-01,2025-11-18,General Medicine Ward B,15.916666666666666,15.916666666666666,1.0
HHN-BIR-01,2025-11-19,General Medicine Ward B,15.125,15.958333333333334,0.9479166666666666
HHN-BIR-01,2025-11-20,General Medicine Ward B,14.208333333333334,16.0,0.8880208333333334
HHN-BIR-01,2025-11-21,General Medicine Ward B,15.166666666666666,16.0,0.9479166666666666
HHN-BIR-01,2025-11-22,General Medicine Ward B,15.291666666666666,15.833333333333334,0.9661458333333334
HHN-BIR-01,2025-11-23,General Medicine Ward B,16.0,16.0,1.0
HHN-BIR-01,2025-11-24,General Medicine Ward B,15.875,15.875,1.0
HHN-BIR-01,2025-11-25,General Medicine Ward B,16.0,16.0,1.0
HHN-BIR-01,2025-11-26,General Medicine Ward B,15.791666666666666,15.791666666666666,1.0
HHN-BIR-01,2025-11-27,General Medicine Ward B,16.0,16.0,1.0
HHN-BIR-01,2025-11-28,General Medicine Ward B,15.75,15.958333333333334,0.9869791666666666
HHN-BIR-01,2025-11-29,General Medicine Ward B,12.708333333333334,15.833333333333334,0.8032986111111112
HHN-BIR-01,2025-11-30,General Medicine Ward B,15.875,15.875,1.0
HHN-BIR-01,2025-12-01,General Medicine Ward B,15.708333333333334,15.833333333333334,0.9921875
HHN-BIR-01,2025-12-02,General Medicine Ward B,15.875,15.875,1.0
HHN-BIR-01,2025-12-03,General Medicine Ward B,15.125,15.833333333333334,0.9555555555555556
HHN-BIR-01,2025-12-04,General Medicine Ward B,13.5,15.791666666666666,0.8560763888888889
HHN-BIR-01,2025-12-05,General Medicine Ward B,11.666666666666666,15.916666666666666,0.7336309523809524
HHN-BIR-01,2025-12-06,General Medicine Ward B,12.5,15.875,0.788516865079365
HHN-BIR-01,2025-12-07,General Medicine Ward B,13.5,15.791666666666666,0.8558531746031747
HHN-BIR-01,2025-12-08,General Medicine Ward B,13.25,15.75,0.8423363095238096
HHN-BIR-01,2025-12-09,General Medicine Ward B,12.291666666666666,15.791666666666666,0.7791170634920634
HHN-BIR-01,2025-12-10,General Medicine Ward B,12.291666666666666,16.0,0.7682291666666666
HHN-BIR-01,2025-12-11,General Medicine Ward B,13.333333333333334,15.916666666666666,0.8380208333333333
HHN-BIR-01,2025-12-12,General Medicine Ward B,15.541666666666666,15.625,0.9947916666666666
HHN-BIR-01,2025-12-13,General Medicine Ward B,14.916666666666666,15.708333333333334,0.9501736111111111
HHN-BIR-01,2025-12-14,General Medicine Ward B,13.416666666666666,15.833333333333334,0.8473958333333332
HHN-BIR-01,2025-12-15,General Medicine Ward B,13.666666666666666,15.958333333333334,0.8565972222222222
HHN-BIR-01,2025-12-16,General Medicine Ward B,13.666666666666666,15.916666666666666,0.8590029761904762
HHN-BIR-01,2025-12-17,General Medicine Ward B,13.458333333333334,15.958333333333334,0.8432291666666667
HHN-BIR-01,2025-12-18,General Medicine Ward B,15.875,15.875,1.0
HHN-BIR-01,2025-12-19,General Medicine Ward B,15.916666666666666,15.916666666666666,1.0
HHN-BIR-01,2025-12-20,General Medicine Ward B,15.875,15.875,1.0
HHN-BIR-01,2025-12-21,General Medicine Ward B,15.708333333333334,15.708333333333334,1.0
HHN-BIR-01,2025-12-22,General Medicine Ward B,15.916666666666666,15.916666666666666,1.0
HHN-BIR-01,2025-12-23,General Medicine Ward B,16.0,16.0,1.0
HHN-BIR-01,2025-12-24,General Medicine Ward B,15.833333333333334,15.875,0.9973958333333334
HHN-BIR-01,2025-12-25,General Medicine Ward B,15.583333333333334,15.75,0.9895833333333334
HHN-BIR-01,2025-12-26,General Medicine Ward B,10.916666666666666,15.875,0.6878472222222222
HHN-BIR-01,2025-12-27,General Medicine Ward B,10.875,15.666666666666666,0.694890873015873
HHN-BIR-01,2025-12-28,General Medicine Ward B,15.75,15.833333333333334,0.9947916666666666
HHN-BIR-01,2025-12-29,General Medicine Ward B,15.708333333333334,15.708333333333334,1.0
HHN-BIR-01,2025-12-30,General Medicine Ward B,15.958333333333334,15.958333333333334,1.0
HHN-BIR-01,2025-12-31,General Medicine Ward B,15.791666666666666,15.791666666666666,1.0
HHN-EDI-01,2024-01-01,General Medicine Ward B,1.5,16.833333333333332,0.09019607843137255
HHN-EDI-01,2024-01-02,General Medicine Ward B,4.375,17.0,0.25735294117647056
HHN-EDI-01,2024-01-03,General Medicine Ward B,6.708333333333333,16.875,0.3977941176470588
HHN-EDI-01,2024-01-04,General Medicine Ward B,7.208333333333333,16.875,0.42753267973856207
HHN-EDI-01,2024-01-05,General Medicine Ward B,8.333333333333334,16.875,0.4943627450980392
HHN-EDI-01,2024-01-06,General Medicine Ward B,10.208333333333334,16.791666666666668,0.6093647875816993
HHN-EDI-01,2024-01-07,General Medicine Ward B,12.208333333333334,16.75,0.7292483660130719
HHN-EDI-01,2024-01-08,General Medicine Ward B,13.541666666666666,16.75,0.8094158496732026
HHN-EDI-01,2024-01-09,General Medicine Ward B,15.708333333333334,16.958333333333332,0.926470588235294
HHN-EDI-01,2024-01-10,General Medicine Ward B,13.416666666666666,16.791666666666668,0.7998774509803921
HHN-EDI-01,2024-01-11,General Medicine Ward B,13.458333333333334,16.75,0.8042279411764706
HHN-EDI-01,2024-01-12,General Medicine Ward B,14.541666666666666,16.833333333333332,0.8648692810457517
HHN-EDI-01,2024-01-13,General Medicine Ward B,15.458333333333334,16.958333333333332,0.911611519607843
HHN-EDI-01,2024-01-14,General Medicine Ward B,15.25,16.875,0.9044117647058822
HHN-EDI-01,2024-01-15,General Medicine Ward B,17.0,17.0,1.0
HHN-EDI-01,2024-01-16,General Medicine Ward B,16.75,16.75,1.0
HHN-EDI-01,2024-01-17,General Medicine Ward B,16.791666666666668,16.916666666666668,0.9926470588235294
HHN-EDI-01,2024-01-18,General Medicine Ward B,14.208333333333334,16.958333333333332,0.8382352941176471
HHN-EDI-01,2024-01-19,General Medicine Ward B,15.833333333333334,16.875,0.938092320261438
HHN-EDI-01,2024-01-20,General Medicine Ward B,16.75,16.791666666666668,0.9975490196078431
HHN-EDI-01,2024-01-21,General Medicine Ward B,15.708333333333334,16.541666666666668,0.9509803921568626
HHN-EDI-01,2024-01-22,General Medicine Ward B,16.25,16.75,0.9705882352941176
HHN-EDI-01,2024-01-23,General Medicine Ward B,16.708333333333332,16.875,0.9901960784313726
HHN-EDI-01,2024-01-24,General Medicine Ward B,17.0,17.0,1.0
HHN-EDI-01,2024-01-25,General Medicine Ward B,15.25,16.791666666666668,0.9089869281045752
HHN-EDI-01,2024-01-26,General Medicine Ward B,11.416666666666666,16.833333333333332,0.678686683006536
HHN-EDI-01,2024-01-27,General Medicine Ward B,11.791666666666666,16.875,0.6995608660130719
HHN-EDI-01,2024-01-28,General Medicine Ward B,12.666666666666666,16.833333333333332,0.7530024509803921
HHN-EDI-01,2024-01-29,General Medicine Ward B,14.0,17.0,0.823529411764706
HHN-EDI-01,2024-01-30,General Medicine Ward B,16.75,16.75,1.0
HHN-EDI-01,2024-01-31,General Medicine Ward B,14.708333333333334,16.791666666666668,0.8774509803921569
HHN-EDI-01,2024-02-01,General Medicine Ward B,12.541666666666666,16.833333333333332,0.7455882352941177
HHN-EDI-01,2024-02-02,General Medicine Ward B,15.833333333333334,16.75,0.9460784313725489
HHN-EDI-01,2024-02-03,General Medicine Ward B,14.0,16.833333333333332,0.8322201797385621
HHN-EDI-01,2024-02-04,General Medicine Ward B,13.875,16.791666666666668,0.8263582516339869
HHN-EDI-01,2024-02-05,General Medicine Ward B,10.833333333333334,16.875,0.6423100490196079
HHN-EDI-01,2024-02-06,General Medicine Ward B,13.333333333333334,16.791666666666668,0.79578227124183
HHN-EDI-01,2024-02-07,General Medicine Ward B,15.0,16.958333333333332,0.8846507352941176
HHN-EDI-01,2024-02-08,General Medicine Ward B,12.375,17.0,0.7279411764705882
HHN-EDI-01,2024-02-09,General Medicine Ward B,14.375,16.833333333333332,0.8541258169934641
HHN-EDI-01,2024-02-10,General Medicine Ward B,16.875,16.875,1.0
HHN-EDI-01,2024-02-11,General Medicine Ward B,16.833333333333332,16.833333333333332,1.0
HHN-EDI-01,2024-02-12,General Medicine Ward B,17.0,17.0,1.0
HHN-EDI-01,2024-02-13,General Medicine Ward B,16.916666666666668,16.916666666666668,1.0
HHN-EDI-01,2024-02-14,General Medicine Ward B,16.0,16.916666666666668,0.9460784313725491
HHN-EDI-01,2024-02-15,General Medicine Ward B,14.916666666666666,17.0,0.8774509803921569
HHN-EDI-01,2024-02-16,General Medicine Ward B,16.625,16.75,0.9926470588235294
HHN-EDI-01,2024-02-17,General Medicine Ward B,16.791666666666668,16.791666666666668,1.0
HHN-EDI-01,2024-02-18,General Medicine Ward B,16.541666666666668,16.541666666666668,1.0
HHN-EDI-01,2024-02-19,General Medicine Ward B,17.0,17.0,1.0
HHN-EDI-01,2024-02-20,General Medicine Ward B,16.958333333333332,17.0,0.9975490196078431
HHN-EDI-01,2024-02-21,General Medicine Ward B,16.541666666666668,16.541666666666668,1.0
HHN-EDI-01,2024-02-22,General Medicine Ward B,17.0,17.0,1.0
HHN-EDI-01,2024-02-23,General Medicine Ward B,15.958333333333334,16.833333333333332,0.9482230392156863
HHN-EDI-01,2024-02-24,General Medicine Ward B,14.75,16.791666666666668,0.879595588235294
HHN-EDI-01,2024-02-25,General Medicine Ward B,16.833333333333332,16.833333333333332,1.0
HHN-EDI-01,2024-02-26,General Medicine Ward B,16.708333333333332,16.708333333333332,1.0
HHN-EDI-01,2024-02-27,General Medicine Ward B,16.208333333333332,16.833333333333332,0.9632352941176471
HHN-EDI-01,2024-02-28,General Medicine Ward B,14.416666666666666,17.0,0.8480392156862745
HHN-EDI-01,2024-02-29,General Medicine Ward B,14.041666666666666,16.875,0.832720588235294
HHN-EDI-01,2024-03-01,General Medicine Ward B,14.125,16.958333333333332,0.8330269607843137
HHN-EDI-01,2024-03-02,General Medicine Ward B,15.041666666666666,16.916666666666668,0.8890522875816993
HHN-EDI-01,2024-03-03,General Medicine Ward B,14.916666666666666,16.916666666666668,0.8816993464052287
HHN-EDI-01,2024-03-04,General Medicine Ward B,14.958333333333334,16.958333333333332,0.8820465686274509
HHN-EDI-01,2024-03-05,General Medicine Ward B,13.791666666666666,17.0,0.8112745098039215
HHN-EDI-01,2024-03-06,General Medicine Ward B,12.666666666666666,16.916666666666668,0.7490808823529411
HHN-EDI-01,2024-03-07,General Medicine Ward B,13.375,16.916666666666668,0.7906862745098039
HHN-EDI-01,2024-03-08,General Medicine Ward B,15.666666666666666,17.0,0.9215686274509803
HHN-EDI-01,2024-03-09,General Medicine Ward B,14.0,16.875,0.8305759803921569
HHN-EDI-01,2024-03-10,General Medicine Ward B,13.875,17.0,0.8161764705882352
HHN-EDI-01,2024-03-11,General Medicine Ward B,12.541666666666666,16.833333333333332,0.7451695261437908
HHN-EDI-01,2024-03-12,General Medicine Ward B,14.375,16.958333333333332,0.8477328431372548
HHN-EDI-01,2024-03-13,General Medicine Ward B,12.791666666666666,17.0,0.7524509803921569
HHN-EDI-01,2024-03-14,General Medicine Ward B,12.625,17.0,0.7426470588235294
HHN-EDI-01,2024-03-15,General Medicine Ward B,12.791666666666666,16.958333333333332,0.7544424019607843
HHN-EDI-01,2024-03-16,General Medicine Ward B,15.208333333333334,16.875,0.9018075980392157
HHN-EDI-01,2024-03-17,General Medicine Ward B,16.916666666666668,16.916666666666668,1.0
HHN-EDI-01,2024-03-18,General Medicine Ward B,15.333333333333334,17.0,0.9019607843137254
HHN-EDI-01,2024-03-19,General Medicine Ward B,13.875,16.916666666666668,0.820751633986928
HHN-EDI-01,2024-03-20,General Medicine Ward B,13.625,16.875,0.8081903594771241
HHN-EDI-01,2024-03-21,General Medicine Ward B,9.833333333333334,16.875,0.583078022875817
HHN-EDI-01,2024-03-22,General Medicine Ward B,6.666666666666667,17.0,0.392156862745098
HHN-EDI-01,2024-03-23,General Medicine Ward B,4.541666666666667,16.916666666666668,0.2681372549019608
HHN-EDI-01,2024-03-24,General Medicine Ward B,5.041666666666667,16.958333333333332,0.2971813725490196
HHN-EDI-01,2024-03-25,General Medicine Ward B,4.916666666666667,16.916666666666668,0.29084967320261434
HHN-EDI-01,2024-03-26,General Medicine Ward B,5.541666666666667,16.833333333333332,0.32962622549019605
HHN-EDI-01,2024-03-27,General Medicine Ward B,7.625,16.916666666666668,0.45114379084967315
HHN-EDI-01,2024-03-28,General Medicine Ward B,8.666666666666666,16.875,0.5139705882352941
HHN-EDI-01,2024-03-29,General Medicine Ward B,11.208333333333334,16.875,0.6650735294117648
HHN-EDI-01,2024-03-30,General Medicine Ward B,10.791666666666666,16.958333333333332,0.6364889705882354
HHN-EDI-01,2024-03-31,General Medicine Ward B,13.541666666666666,17.0,0.7965686274509803
HHN-EDI-01,2024-04-01,General Medicine Ward B,15.625,16.916666666666668,0.9240196078431372
HHN-EDI-01,2024-04-02,General Medicine Ward B,13.083333333333334,16.916666666666668,0.7741830065359476
HHN-EDI-01,2024-04-03,General Medicine Ward B,11.333333333333334,16.875,0.6715992647058823
HHN-EDI-01,2024-04-04,General Medicine Ward B,8.291666666666666,16.791666666666668,0.49404616013071895
HHN-EDI-01,2024-04-05,General Medicine Ward B,12.666666666666666,16.958333333333332,0.746783088235294
HHN-EDI-01,2024-04-06,General Medicine Ward B,14.75,16.791666666666668,0.8790951797385621
HHN-EDI-01,2024-04-07,General Medicine Ward B,12.75,16.916666666666668,0.7542483660130719
HHN-EDI-01,2024-04-08,General Medicine Ward B,10.166666666666666,17.0,0.5980392156862745
HHN-EDI-01,2024-04-09,General Medicine Ward B,9.208333333333334,16.875,0.5456597222222223
HHN-EDI-01,2024-04-10,General Medicine Ward B,8.375,16.833333333333332,0.4985294117647059
HHN-EDI-01,2024-04-11,General Medicine Ward B,7.125,17.0,0.41911764705882354
HHN-EDI-01,2024-04-12,General Medicine Ward B,6.833333333333333,16.916666666666668,0.4041053921568627
HHN-EDI-01,2024-04-13,General Medicine Ward B,8.291666666666666,16.833333333333332,0.4929738562091503
HHN-EDI-01,2024-04-14,General Medicine Ward B,9.166666666666666,16.875,0.5430555555555555
HHN-EDI-01,2024-04-15,General Medicine Ward B,10.708333333333334,16.916666666666668,0.6329656862745098
HHN-EDI-01,2024-04-16,General Medicine Ward B,10.625,17.0,0.625
HHN-EDI-01,2024-04-17,General Medicine Ward B,8.083333333333334,16.958333333333332,0.4767156862745097
HHN-EDI-01,2024-04-18,General Medicine Ward B,8.5,16.958333333333332,0.5010723039215687
HHN-EDI-01,2024-04-19,General Medicine Ward B,11.625,17.0,0.6838235294117648
HHN-EDI-01,2024-04-20,General Medicine Ward B,12.208333333333334,16.833333333333332,0.7263684640522876
HHN-EDI-01,2024-04-21,General Medicine Ward B,10.041666666666666,16.958333333333332,0.5923713235294118
HHN-EDI-01,2024-04-22,General Medicine Ward B,9.25,16.958333333333332,0.5453431372549019
HHN-EDI-01,2024-04-23,General Medicine Ward B,15.291666666666666,16.875,0.9068627450980391
HHN-EDI-01,2024-04-24,General Medicine Ward B,15.083333333333334,17.0,0.8872549019607843
HHN-EDI-01,2024-04-25,General Medicine Ward B,15.583333333333334,16.958333333333332,0.9191176470588234
HHN-EDI-01,2024-04-26,General Medicine Ward B,15.666666666666666,16.791666666666668,0.9338235294117646
HHN-EDI-01,2024-04-27,General Medicine Ward B,14.875,16.833333333333332,0.8844771241830065
HHN-EDI-01,2024-04-28,General Medicine Ward B,13.75,16.958333333333332,0.810814950980392
HHN-EDI-01,2024-04-29,General Medicine Ward B,13.375,16.833333333333332,0.7952614379084967
HHN-EDI-01,2024-04-30,General Medicine Ward B,12.208333333333334,17.0,0.7181372549019608
HHN-EDI-01,2024-05-01,General Medicine Ward B,12.083333333333334,16.833333333333332,0.717749183006536
HHN-EDI-01,2024-05-02,General Medicine Ward B,12.416666666666666,16.958333333333332,0.7322303921568628
HHN-EDI-01,2024-05-03,General Medicine Ward B,11.625,16.875,0.6900633169934641
HHN-EDI-01,2024-05-04,General Medicine Ward B,10.791666666666666,16.833333333333332,0.6413398692810458
HHN-EDI-01,2024-05-05,General Medicine Ward B,8.958333333333334,16.708333333333332,0.5373366013071895
HHN-EDI-01,2024-05-06,General Medicine Ward B,7.041666666666667,16.916666666666668,0.41650326797385623
HHN-EDI-01,2024-05-07,General Medicine Ward B,6.958333333333333,16.875,0.4126736111111111
HHN-EDI-01,2024-05-08,General Medicine Ward B,12.0,16.958333333333332,0.7072610294117646
HHN-EDI-01,2024-05-09,General Medicine Ward B,12.833333333333334,16.916666666666668,0.7594771241830065
HHN-EDI-01,2024-05-10,General Medicine Ward B,14.458333333333334,16.916666666666668,0.8550653594771241
HHN-EDI-01,2024-05-11,General Medicine Ward B,12.458333333333334,17.0,0.7328431372549019
HHN-EDI-01,2024-05-12,General Medicine Ward B,12.166666666666666,16.916666666666668,0.7199346405228759
HHN-EDI-01,2024-05-13,General Medicine Ward B,11.708333333333334,16.916666666666668,0.6926470588235295
HHN-EDI-01,2024-05-14,General Medicine Ward B,8.375,16.708333333333332,0.5025122549019608
HHN-EDI-01,2024-05-15,General Medicine Ward B,7.291666666666667,16.875,0.43260825163398686
HHN-EDI-01,2024-05-16,General Medicine Ward B,8.75,16.916666666666668,0.5174632352941176
HHN-EDI-01,2024-05-17,General Medicine Ward B,8.25,17.0,0.4852941176470588
HHN-EDI-01,2024-05-18,General Medicine Ward B,9.166666666666666,16.958333333333332,0.5404411764705882
HHN-EDI-01,2024-05-19,General Medicine Ward B,13.291666666666666,17.0,0.7818627450980392
HHN-EDI-01,2024-05-20,General Medicine Ward B,11.083333333333334,16.916666666666668,0.6555555555555556
HHN-EDI-01,2024-05-21,General Medicine Ward B,11.166666666666666,17.0,0.6568627450980392
HHN-EDI-01,2024-05-22,General Medicine Ward B,12.166666666666666,16.875,0.7207924836601306
HHN-EDI-01,2024-05-23,General Medicine Ward B,15.875,17.0,0.9338235294117646
HHN-EDI-01,2024-05-24,General Medicine Ward B,16.333333333333332,16.75,0.9754901960784313
HHN-EDI-01,2024-05-25,General Medicine Ward B,15.791666666666666,16.75,0.9436274509803922
HHN-EDI-01,2024-05-26,General Medicine Ward B,11.916666666666666,16.875,0.7059334150326797
HHN-EDI-01,2024-05-27,General Medicine Ward B,12.083333333333334,17.0,0.7107843137254902
HHN-EDI-01,2024-05-28,General Medicine Ward B,11.458333333333334,17.0,0.6740196078431372
HHN-EDI-01,2024-05-29,General Medicine Ward B,12.125,16.958333333333332,0.7149203431372549
HHN-EDI-01,2024-05-30,General Medicine Ward B,12.958333333333334,16.875,0.768014705882353
HHN-EDI-01,2024-05-31,General Medicine Ward B,11.75,17.0,0.6911764705882354
HHN-EDI-01,2024-06-01,General Medicine Ward B,13.25,16.625,0.7983966503267973
HHN-EDI-01,2024-06-02,General Medicine Ward B,11.875,16.75,0.7102941176470589
HHN-EDI-01,2024-06-03,General Medicine Ward B,11.25,16.916666666666668,0.6656862745098039
HHN-EDI-01,2024-06-04,General Medicine Ward B,15.041666666666666,16.958333333333332,0.8871017156862745
HHN-EDI-01,2024-06-05,General Medicine Ward B,13.916666666666666,16.916666666666668,0.8227634803921569
HHN-EDI-01,2024-06-06,General Medicine Ward B,13.166666666666666,16.791666666666668,0.78484477124183
HHN-EDI-01,2024-06-07,General Medicine Ward B,10.625,16.916666666666668,0.6282679738562091
HHN-EDI-01,2024-06-08,General Medicine Ward B,8.291666666666666,16.916666666666668,0.49101307189542487
HHN-EDI-01,2024-06-09,General Medicine Ward B,3.3333333333333335,17.0,0.196078431372549
HHN-EDI-01,2024-06-10,General Medicine Ward B,4.708333333333333,17.0,0.27696078431372545
HHN-EDI-01,2024-06-11,General Medicine Ward B,6.25,16.958333333333332,0.36856617647058826
HHN-EDI-01,2024-06-12,General Medicine Ward B,7.041666666666667,16.958333333333332,0.4152879901960784
HHN-EDI-01,2024-06-13,General Medicine Ward B,9.291666666666666,16.958333333333332,0.5477941176470588
HHN-EDI-01,2024-06-14,General Medicine Ward B,9.833333333333334,16.916666666666668,0.5820261437908497
HHN-EDI-01,2024-06-15,General Medicine Ward B,8.041666666666666,16.916666666666668,0.4754901960784313
HHN-EDI-01,2024-06-16,General Medicine Ward B,8.083333333333334,16.875,0.47996323529411766
HHN-EDI-01,2024-06-17,General Medicine Ward B,9.375,16.958333333333332,0.5526960784313725
HHN-EDI-01,2024-06-18,General Medicine Ward B,12.791666666666666,16.833333333333332,0.7606209150326797
HHN-EDI-01,2024-06-19,General Medicine Ward B,13.25,16.958333333333332,0.78125
HHN-EDI-01,2024-06-20,General Medicine Ward B,11.208333333333334,16.916666666666668,0.6638888888888889
HHN-EDI-01,2024-06-21,General Medicine Ward B,9.958333333333334,16.875,0.5905841503267973
HHN-EDI-01,2024-06-22,General Medicine Ward B,11.583333333333334,16.958333333333332,0.6830575980392157
HHN-EDI-01,2024-06-23,General Medicine Ward B,8.416666666666666,16.958333333333332,0.4967830882352941
HHN-EDI-01,2024-06-24,General Medicine Ward B,7.541666666666667,16.958333333333332,0.4450061274509804
HHN-EDI-01,2024-06-25,General Medicine Ward B,10.0,17.0,0.5882352941176471
HHN-EDI-01,2024-06-26,General Medicine Ward B,9.916666666666666,16.791666666666668,0.5917279411764705
HHN-EDI-01,2024-06-27,General Medicine Ward B,10.333333333333334,17.0,0.607843137254902
HHN-EDI-01,2024-06-28,General Medicine Ward B,9.875,16.875,0.5858558006535948
HHN-EDI-01,2024-06-29,General Medicine Ward B,11.833333333333334,16.791666666666668,0.7059946895424837
HHN-EDI-01,2024-06-30,General Medicine Ward B,10.333333333333334,16.875,0.6132761437908497
HHN-EDI-01,2024-07-01,General Medicine Ward B,7.875,16.75,0.4709150326797385
HHN-EDI-01,2024-07-02,General Medicine Ward B,7.25,16.875,0.43015727124183
HHN-EDI-01,2024-07-03,General Medicine Ward B,7.625,16.916666666666668,0.450827205882353
HHN-EDI-01,2024-07-04,General Medicine Ward B,9.708333333333334,16.958333333333332,0.5724571078431372
HHN-EDI-01,2024-07-05,General Medicine Ward B,9.208333333333334,17.0,0.5416666666666666
HHN-EDI-01,2024-07-06,General Medicine Ward B,9.791666666666666,16.916666666666668,0.5793504901960784
HHN-EDI-01,2024-07-07,General Medicine Ward B,8.708333333333334,16.666666666666668,0.522845179738562
HHN-EDI-01,2024-07-08,General Medicine Ward B,5.75,16.958333333333332,0.33884803921568624
HHN-EDI-01,2024-07-09,General Medicine Ward B,4.833333333333333,16.916666666666668,0.2856209150326797
HHN-EDI-01,2024-07-10,General Medicine Ward B,7.833333333333333,16.916666666666668,0.4633986928104575
HHN-EDI-01,2024-07-11,General Medicine Ward B,9.916666666666666,16.916666666666668,0.5866013071895425
HHN-EDI-01,2024-07-12,General Medicine Ward B,11.041666666666666,16.958333333333332,0.6508884803921569
HHN-EDI-01,2024-07-13,General Medicine Ward B,10.583333333333334,16.708333333333332,0.6345383986928105
HHN-EDI-01,2024-07-14,General Medicine Ward B,11.083333333333334,17.0,0.6519607843137255
HHN-EDI-01,2024-07-15,General Medicine Ward B,13.291666666666666,16.875,0.7882557189542484
HHN-EDI-01,2024-07-16,General Medicine Ward B,12.916666666666666,17.0,0.7598039215686274
HHN-EDI-01,2024-07-17,General Medicine Ward B,11.833333333333334,17.0,0.6960784313725491
HHN-EDI-01,2024-07-18,General Medicine Ward B,11.666666666666666,16.75,0.6957516339869282
HHN-EDI-01,2024-07-19,General Medicine Ward B,11.375,16.916666666666668,0.6738664215686274
HHN-EDI-01,2024-07-20,General Medicine Ward B,13.833333333333334,16.666666666666668,0.83171977124183
HHN-EDI-01,2024-07-21,General Medicine Ward B,12.583333333333334,16.833333333333332,0.7482741013071895
HHN-EDI-01,2024-07-22,General Medicine Ward B,13.375,16.916666666666668,0.7913398692810457
HHN-EDI-01,2024-07-23,General Medicine Ward B,13.083333333333334,17.0,0.7696078431372548
HHN-EDI-01,2024-07-24,General Medicine Ward B,12.333333333333334,16.791666666666668,0.735498366013072
HHN-EDI-01,2024-07-25,General Medicine Ward B,11.541666666666666,16.958333333333332,0.6806066176470589
HHN-EDI-01,2024-07-26,General Medicine Ward B,13.291666666666666,16.916666666666668,0.7861111111111111
HHN-EDI-01,2024-07-27,General Medicine Ward B,12.791666666666666,16.916666666666668,0.7565870098039215
HHN-EDI-01,2024-07-28,General Medicine Ward B,14.875,16.916666666666668,0.8799019607843137
HHN-EDI-01,2024-07-29,General Medicine Ward B,13.166666666666666,16.833333333333332,0.7829146241830065
HHN-EDI-01,2024-07-30,General Medicine Ward B,10.0,16.833333333333332,0.5954248366013072
HHN-EDI-01,2024-07-31,General Medicine Ward B,6.458333333333333,16.875,0.38341503267973853
HHN-EDI-01,2024-08-01,General Medicine Ward B,5.5,16.916666666666668,0.3252144607843137
HHN-EDI-01,2024-08-02,General Medicine Ward B,7.666666666666667,16.916666666666668,0.4526143790849673
HHN-EDI-01,2024-08-03,General Medicine Ward B,9.25,16.958333333333332,0.5456495098039216
HHN-EDI-01,2024-08-04,General Medicine Ward B,9.375,17.0,0.551470588235294
HHN-EDI-01,2024-08-05,General Medicine Ward B,10.541666666666666,17.0,0.6200980392156863
HHN-EDI-01,2024-08-06,General Medicine Ward B,13.291666666666666,16.958333333333332,0.7838541666666666
HHN-EDI-01,2024-08-07,General Medicine Ward B,14.458333333333334,17.0,0.8504901960784313
HHN-EDI-01,2024-08-08,General Medicine Ward B,15.166666666666666,16.916666666666668,0.8970588235294117
HHN-EDI-01,2024-08-09,General Medicine Ward B,14.625,16.916666666666668,0.8651960784313725
HHN-EDI-01,2024-08-10,General Medicine Ward B,11.333333333333334,16.833333333333332,0.6741115196078432
HHN-EDI-01,2024-08-11,General Medicine Ward B,10.208333333333334,16.916666666666668,0.6037581699346405
HHN-EDI-01,2024-08-12,General Medicine Ward B,10.041666666666666,17.0,0.5906862745098039
HHN-EDI-01,2024-08-13,General Medicine Ward B,7.958333333333333,16.916666666666668,0.47075163398692804
HHN-EDI-01,2024-08-14,General Medicine Ward B,7.958333333333333,16.875,0.4718035130718954
HHN-EDI-01,2024-08-15,General Medicine Ward B,6.458333333333333,17.0,0.3799019607843137
HHN-EDI-01,2024-08-16,General Medicine Ward B,7.208333333333333,16.916666666666668,0.42696078431372547
HHN-EDI-01,2024-08-17,General Medicine Ward B,10.916666666666666,16.666666666666668,0.6561580882352941
HHN-EDI-01,2024-08-18,General Medicine Ward B,12.166666666666666,16.791666666666668,0.7245608660130719
HHN-EDI-01,2024-08-19,General Medicine Ward B,11.958333333333334,16.916666666666668,0.7071078431372549
HHN-EDI-01,2024-08-20,General Medicine Ward B,8.083333333333334,17.0,0.4754901960784314
HHN-EDI-01,2024-08-21,General Medicine Ward B,6.041666666666667,16.958333333333332,0.3563112745098039
HHN-EDI-01,2024-08-22,General Medicine Ward B,6.958333333333333,17.0,0.409313725490196
HHN-EDI-01,2024-08-23,General Medicine Ward B,9.5,16.916666666666668,0.5620915032679739
HHN-EDI-01,2024-08-24,General Medicine Ward B,7.416666666666667,16.916666666666668,0.43823529411764706
HHN-EDI-01,2024-08-25,General Medicine Ward B,5.041666666666667,16.875,0.29896854575163395
HHN-EDI-01,2024-08-26,General Medicine Ward B,5.166666666666667,16.833333333333332,0.3069138071895425
HHN-EDI-01,2024-08-27,General Medicine Ward B,5.875,16.916666666666668,0.34722222222222215
HHN-EDI-01,2024-08-28,General Medicine Ward B,6.375,16.916666666666668,0.3772875816993464
HHN-EDI-01,2024-08-29,General Medicine Ward B,8.041666666666666,17.0,0.47303921568627455
HHN-EDI-01,2024-08-30,General Medicine Ward B,6.5,17.0,0.38235294117647056
HHN-EDI-01,2024-08-31,General Medicine Ward B,8.166666666666666,16.875,0.4834558823529411
HHN-EDI-01,2024-09-01,General Medicine Ward B,11.041666666666666,16.958333333333332,0.6510416666666666
HHN-EDI-01,2024-09-02,General Medicine Ward B,14.125,16.833333333333332,0.8397058823529412
HHN-EDI-01,2024-09-03,General Medicine Ward B,16.958333333333332,16.958333333333332,1.0
HHN-EDI-01,2024-09-04,General Medicine Ward B,17.0,17.0,1.0
HHN-EDI-01,2024-09-05,General Medicine Ward B,16.916666666666668,16.916666666666668,1.0
HHN-EDI-01,2024-09-06,General Medicine Ward B,17.0,17.0,1.0
HHN-EDI-01,2024-09-07,General Medicine Ward B,16.416666666666668,16.958333333333332,0.9681372549019608
HHN-EDI-01,2024-09-08,General Medicine Ward B,16.5,16.708333333333332,0.9877450980392156
HHN-EDI-01,2024-09-09,General Medicine Ward B,15.708333333333334,17.0,0.9240196078431372
HHN-EDI-01,2024-09-10,General Medicine Ward B,12.333333333333334,16.958333333333332,0.7270220588235294
HHN-EDI-01,2024-09-11,General Medicine Ward B,12.0,16.916666666666668,0.7101307189542484
HHN-EDI-01,2024-09-12,General Medicine Ward B,11.291666666666666,16.916666666666668,0.6674836601307189
HHN-EDI-01,2024-09-13,General Medicine Ward B,6.291666666666667,16.958333333333332,0.3710171568627451
HHN-EDI-01,2024-09-14,General Medicine Ward B,5.458333333333333,16.708333333333332,0.32755310457516335
HHN-EDI-01,2024-09-15,General Medicine Ward B,9.25,16.75,0.553921568627451
HHN-EDI-01,2024-09-16,General Medicine Ward B,11.75,16.875,0.697109885620915
HHN-EDI-01,2024-09-17,General Medicine Ward B,11.25,16.958333333333332,0.6634497549019608
HHN-EDI-01,2024-09-18,General Medicine Ward B,7.25,16.708333333333332,0.4348856209150327
HHN-EDI-01,2024-09-19,General Medicine Ward B,5.583333333333333,16.916666666666668,0.3303921568627451
HHN-EDI-01,2024-09-20,General Medicine Ward B,7.375,16.875,0.43766339869281046
HHN-EDI-01,2024-09-21,General Medicine Ward B,8.541666666666666,16.791666666666668,0.5090584150326797
HHN-EDI-01,2024-09-22,General Medicine Ward B,10.083333333333334,16.75,0.6027369281045752
HHN-EDI-01,2024-09-23,General Medicine Ward B,13.208333333333334,16.833333333333332,0.7854575163398693
HHN-EDI-01,2024-09-24,General Medicine Ward B,13.875,16.958333333333332,0.8183210784313726
HHN-EDI-01,2024-09-25,General Medicine Ward B,15.791666666666666,16.916666666666668,0.9338235294117646
HHN-EDI-01,2024-09-26,General Medicine Ward B,14.833333333333334,16.791666666666668,0.8836907679738562
HHN-EDI-01,2024-09-27,General Medicine Ward B,10.75,17.0,0.6323529411764707
HHN-EDI-01,2024-09-28,General Medicine Ward B,10.625,16.666666666666668,0.6390012254901961
HHN-EDI-01,2024-09-29,General Medicine Ward B,10.666666666666666,16.791666666666668,0.6359987745098039
HHN-EDI-01,2024-09-30,General Medicine Ward B,11.75,17.0,0.6911764705882354
HHN-EDI-01,2024-10-01,General Medicine Ward B,11.416666666666666,16.916666666666668,0.675091911764706
HHN-EDI-01,2024-10-02,General Medicine Ward B,10.0,16.916666666666668,0.592156862745098
HHN-EDI-01,2024-10-03,General Medicine Ward B,9.708333333333334,16.75,0.5812091503267974
HHN-EDI-01,2024-10-04,General Medicine Ward B,11.25,17.0,0.6617647058823529
HHN-EDI-01,2024-10-05,General Medicine Ward B,10.25,16.875,0.6077410130718954
HHN-EDI-01,2024-10-06,General Medicine Ward B,8.708333333333334,16.75,0.5205678104575163
HHN-EDI-01,2024-10-07,General Medicine Ward B,10.333333333333334,17.0,0.607843137254902
HHN-EDI-01,2024-10-08,General Medicine Ward B,11.75,16.958333333333332,0.6928615196078431
HHN-EDI-01,2024-10-09,General Medicine Ward B,13.083333333333334,16.833333333333332,0.7790849673202614
HHN-EDI-01,2024-10-10,General Medicine Ward B,12.458333333333334,16.833333333333332,0.7418607026143791
HHN-EDI-01,2024-10-11,General Medicine Ward B,14.208333333333334,16.958333333333332,0.8376225490196078
HHN-EDI-01,2024-10-12,General Medicine Ward B,13.708333333333334,16.916666666666668,0.8109477124183005
HHN-EDI-01,2024-10-13,General Medicine Ward B,12.25,17.0,0.7205882352941176
HHN-EDI-01,2024-10-14,General Medicine Ward B,10.125,17.0,0.5955882352941176
HHN-EDI-01,2024-10-15,General Medicine Ward B,11.75,16.791666666666668,0.7004595588235295
HHN-EDI-01,2024-10-16,General Medicine Ward B,11.291666666666666,17.0,0.6642156862745098
HHN-EDI-01,2024-10-17,General Medicine Ward B,13.458333333333334,16.916666666666668,0.7959150326797385
HHN-EDI-01,2024-10-18,General Medicine Ward B,7.458333333333333,17.0,0.4387254901960784
HHN-EDI-01,2024-10-19,General Medicine Ward B,6.583333333333333,16.958333333333332,0.3881740196078431
HHN-EDI-01,2024-10-20,General Medicine Ward B,9.166666666666666,16.833333333333332,0.5442810457516339
HHN-EDI-01,2024-10-21,General Medicine Ward B,12.291666666666666,16.916666666666668,0.7269607843137256
HHN-EDI-01,2024-10-22,General Medicine Ward B,11.75,17.0,0.6911764705882352
HHN-EDI-01,2024-10-23,General Medicine Ward B,8.458333333333334,16.875,0.5015625
HHN-EDI-01,2024-10-24,General Medicine Ward B,11.375,16.875,0.6758374183006536
HHN-EDI-01,2024-10-25,General Medicine Ward B,13.291666666666666,16.875,0.7885825163398693
HHN-EDI-01,2024-10-26,General Medicine Ward B,12.166666666666666,16.875,0.7214460784313727
HHN-EDI-01,2024-10-27,General Medicine Ward B,13.083333333333334,16.916666666666668,0.7745098039215687
HHN-EDI-01,2024-10-28,General Medicine Ward B,16.458333333333332,17.0,0.9681372549019608
HHN-EDI-01,2024-10-29,General Medicine Ward B,12.333333333333334,16.916666666666668,0.7300653594771241
HHN-EDI-01,2024-10-30,General Medicine Ward B,9.541666666666666,16.875,0.5660743464052288
HHN-EDI-01,2024-10-31,General Medicine Ward B,11.5,17.0,0.676470588235294
HHN-EDI-01,2024-11-01,General Medicine Ward B,11.125,16.916666666666668,0.6580065359477124
HHN-EDI-01,2024-11-02,General Medicine Ward B,10.833333333333334,16.916666666666668,0.6408496732026144
HHN-EDI-01,2024-11-03,General Medicine Ward B,12.625,16.708333333333332,0.7565972222222221
HHN-EDI-01,2024-11-04,General Medicine Ward B,14.041666666666666,16.958333333333332,0.8279718137254902
HHN-EDI-01,2024-11-05,General Medicine Ward B,16.541666666666668,16.875,0.9800653594771241
HHN-EDI-01,2024-11-06,General Medicine Ward B,14.291666666666666,16.958333333333332,0.8429840686274509
HHN-EDI-01,2024-11-07,General Medicine Ward B,12.583333333333334,16.875,0.7459558823529412
HHN-EDI-01,2024-11-08,General Medicine Ward B,12.416666666666666,17.0,0.7303921568627452
HHN-EDI-01,2024-11-09,General Medicine Ward B,11.083333333333334,16.833333333333332,0.6587724673202614
HHN-EDI-01,2024-11-10,General Medicine Ward B,13.291666666666666,16.916666666666668,0.7857843137254902
HHN-EDI-01,2024-11-11,General Medicine Ward B,12.0,16.958333333333332,0.7078737745098039
HHN-EDI-01,2024-11-12,General Medicine Ward B,11.25,16.791666666666668,0.6705473856209151
HHN-EDI-01,2024-11-13,General Medicine Ward B,13.458333333333334,17.0,0.7916666666666666
HHN-EDI-01,2024-11-14,General Medicine Ward B,12.708333333333334,16.916666666666668,0.7514705882352941
HHN-EDI-01,2024-11-15,General Medicine Ward B,11.791666666666666,16.958333333333332,0.6956188725490197
HHN-EDI-01,2024-11-16,General Medicine Ward B,8.5,17.0,0.5
HHN-EDI-01,2024-11-17,General Medicine Ward B,11.208333333333334,16.875,0.6639093137254902
HHN-EDI-01,2024-11-18,General Medicine Ward B,16.916666666666668,16.916666666666668,1.0
HHN-EDI-01,2024-11-19,General Medicine Ward B,14.916666666666666,16.875,0.8844975490196078
HHN-EDI-01,2024-11-20,General Medicine Ward B,15.666666666666666,16.916666666666668,0.926470588235294
HHN-EDI-01,2024-11-21,General Medicine Ward B,14.791666666666666,17.0,0.8700980392156863
HHN-EDI-01,2024-11-22,General Medicine Ward B,15.375,16.916666666666668,0.909313725490196
HHN-EDI-01,2024-11-23,General Medicine Ward B,15.875,16.958333333333332,0.9361213235294117
HHN-EDI-01,2024-11-24,General Medicine Ward B,12.5,16.916666666666668,0.7391237745098039
HHN-EDI-01,2024-11-25,General Medicine Ward B,12.041666666666666,16.958333333333332,0.7101715686274509
HHN-EDI-01,2024-11-26,General Medicine Ward B,12.0,16.833333333333332,0.713327205882353
HHN-EDI-01,2024-11-27,General Medicine Ward B,14.125,16.875,0.8377553104575163
HHN-EDI-01,2024-11-28,General Medicine Ward B,11.166666666666666,17.0,0.6568627450980392
HHN-EDI-01,2024-11-29,General Medicine Ward B,12.916666666666666,16.916666666666668,0.7634803921568628
HHN-EDI-01,2024-11-30,General Medicine Ward B,14.125,16.791666666666668,0.8418300653594771
HHN-EDI-01,2024-12-01,General Medicine Ward B,16.25,16.791666666666668,0.9681372549019608
HHN-EDI-01,2024-12-02,General Medicine Ward B,15.708333333333334,16.875,0.9313725490196078
HHN-EDI-01,2024-12-03,General Medicine Ward B,16.541666666666668,16.833333333333332,0.9828431372549019
HHN-EDI-01,2024-12-04,General Medicine Ward B,16.833333333333332,16.833333333333332,1.0
HHN-EDI-01,2024-12-05,General Medicine Ward B,17.0,17.0,1.0
HHN-EDI-01,2024-12-06,General Medicine Ward B,16.708333333333332,16.708333333333332,1.0
HHN-EDI-01,2024-12-07,General Medicine Ward B,16.583333333333332,16.833333333333332,0.9852941176470589
HHN-EDI-01,2024-12-08,General Medicine Ward B,13.375,16.791666666666668,0.797406045751634
HHN-EDI-01,2024-12-09,General Medicine Ward B,14.041666666666666,16.875,0.8325674019607843
HHN-EDI-01,2024-12-10,General Medicine Ward B,13.875,16.875,0.8225694444444445
HHN-EDI-01,2024-12-11,General Medicine Ward B,14.791666666666666,16.916666666666668,0.8742340686274509
HHN-EDI-01,2024-12-12,General Medicine Ward B,16.25,16.916666666666668,0.9607843137254902
HHN-EDI-01,2024-12-13,General Medicine Ward B,16.833333333333332,16.833333333333332,1.0
HHN-EDI-01,2024-12-14,General Medicine Ward B,16.833333333333332,16.875,0.9975490196078431
HHN-EDI-01,2024-12-15,General Medicine Ward B,15.291666666666666,16.75,0.9134497549019608
HHN-EDI-01,2024-12-16,General Medicine Ward B,12.208333333333334,16.875,0.7240706699346405
HHN-EDI-01,2024-12-17,General Medicine Ward B,10.208333333333334,16.791666666666668,0.6085580065359477
HHN-EDI-01,2024-12-18,General Medicine Ward B,10.416666666666666,16.833333333333332,0.6215686274509804
HHN-EDI-01,2024-12-19,General Medicine Ward B,13.416666666666666,16.916666666666668,0.7934640522875817
HHN-EDI-01,2024-12-20,General Medicine Ward B,16.083333333333332,16.916666666666668,0.9509803921568628
HHN-EDI-01,2024-12-21,General Medicine Ward B,16.5,16.916666666666668,0.9754901960784313
HHN-EDI-01,2024-12-22,General Medicine Ward B,14.333333333333334,16.75,0.8568627450980392
HHN-EDI-01,2024-12-23,General Medicine Ward B,13.583333333333334,16.916666666666668,0.8039215686274509
HHN-EDI-01,2024-12-24,General Medicine Ward B,12.875,16.75,0.7707516339869281
HHN-EDI-01,2024-12-25,General Medicine Ward B,14.25,16.875,0.8446486928104574
HHN-EDI-01,2024-12-26,General Medicine Ward B,15.166666666666666,16.875,0.8991830065359476
HHN-EDI-01,2024-12-27,General Medicine Ward B,12.708333333333334,16.916666666666668,0.7521241830065359
HHN-EDI-01,2024-12-28,General Medicine Ward B,10.791666666666666,16.958333333333332,0.6363357843137255
HHN-EDI-01,2024-12-29,General Medicine Ward B,10.583333333333334,16.75,0.6326797385620916
HHN-EDI-01,2024-12-30,General Medicine Ward B,13.75,16.833333333333332,0.8168811274509804
HHN-EDI-01,2024-12-31,General Medicine Ward B,11.166666666666666,16.916666666666668,0.6602328431372549
HHN-EDI-01,2025-01-01,General Medicine Ward B,11.25,16.916666666666668,0.665359477124183
HHN-EDI-01,2025-01-02,General Medicine Ward B,14.208333333333334,16.916666666666668,0.840359477124183
HHN-EDI-01,2025-01-03,General Medicine Ward B,15.125,16.833333333333332,0.8995098039215685
HHN-EDI-01,2025-01-04,General Medicine Ward B,15.166666666666666,16.833333333333332,0.901654411764706
HHN-EDI-01,2025-01-05,General Medicine Ward B,13.25,16.541666666666668,0.8031454248366012
HHN-EDI-01,2025-01-06,General Medicine Ward B,12.833333333333334,16.791666666666668,0.7650837418300654
HHN-EDI-01,2025-01-07,General Medicine Ward B,15.5,16.75,0.9258169934640522
HHN-EDI-01,2025-01-08,General Medicine Ward B,16.0,16.875,0.9480698529411765
HHN-EDI-01,2025-01-09,General Medicine Ward B,15.333333333333334,17.0,0.9019607843137254
HHN-EDI-01,2025-01-10,General Medicine Ward B,12.583333333333334,16.791666666666668,0.7508578431372549
HHN-EDI-01,2025-01-11,General Medicine Ward B,14.916666666666666,16.708333333333332,0.8928410947712417
HHN-EDI-01,2025-01-12,General Medicine Ward B,16.916666666666668,16.916666666666668,1.0
HHN-EDI-01,2025-01-13,General Medicine Ward B,16.916666666666668,16.916666666666668,1.0
HHN-EDI-01,2025-01-14,General Medicine Ward B,16.583333333333332,16.833333333333332,0.9852941176470588
HHN-EDI-01,2025-01-15,General Medicine Ward B,16.458333333333332,16.75,0.9828431372549019
HHN-EDI-01,2025-01-16,General Medicine Ward B,15.041666666666666,16.833333333333332,0.8938419117647057
HHN-EDI-01,2025-01-17,General Medicine Ward B,14.041666666666666,16.916666666666668,0.8302287581699347
HHN-EDI-01,2025-01-18,General Medicine Ward B,15.458333333333334,16.708333333333332,0.926470588235294
HHN-EDI-01,2025-01-19,General Medicine Ward B,16.708333333333332,16.708333333333332,1.0
HHN-EDI-01,2025-01-20,General Medicine Ward B,16.833333333333332,17.0,0.9901960784313726
HHN-EDI-01,2025-01-21,General Medicine Ward B,16.291666666666668,16.791666666666668,0.9705882352941176
HHN-EDI-01,2025-01-22,General Medicine Ward B,15.666666666666666,16.708333333333332,0.9385723039215685
HHN-EDI-01,2025-01-23,General Medicine Ward B,15.916666666666666,17.0,0.9362745098039215
HHN-EDI-01,2025-01-24,General Medicine Ward B,12.541666666666666,16.916666666666668,0.7413398692810458
HHN-EDI-01,2025-01-25,General Medicine Ward B,12.583333333333334,16.75,0.7519607843137255
HHN-EDI-01,2025-01-26,General Medicine Ward B,14.958333333333334,16.791666666666668,0.8915441176470589
HHN-EDI-01,2025-01-27,General Medicine Ward B,16.916666666666668,16.916666666666668,1.0
HHN-EDI-01,2025-01-28,General Medicine Ward B,14.958333333333334,16.75,0.8946078431372548
HHN-EDI-01,2025-01-29,General Medicine Ward B,12.166666666666666,16.916666666666668,0.719281045751634
HHN-EDI-01,2025-01-30,General Medicine Ward B,12.25,16.791666666666668,0.7304227941176471
HHN-EDI-01,2025-01-31,General Medicine Ward B,13.291666666666666,16.875,0.7877757352941176
HHN-EDI-01,2025-02-01,General Medicine Ward B,15.958333333333334,16.708333333333332,0.9557291666666666
HHN-EDI-01,2025-02-02,General Medicine Ward B,16.875,16.875,1.0
HHN-EDI-01,2025-02-03,General Medicine Ward B,16.958333333333332,16.958333333333332,1.0
HHN-EDI-01,2025-02-04,General Medicine Ward B,16.916666666666668,16.916666666666668,1.0
HHN-EDI-01,2025-02-05,General Medicine Ward B,16.833333333333332,16.833333333333332,1.0
HHN-EDI-01,2025-02-06,General Medicine Ward B,16.958333333333332,16.958333333333332,1.0
HHN-EDI-01,2025-02-07,General Medicine Ward B,16.666666666666668,16.833333333333332,0.9901960784313726
HHN-EDI-01,2025-02-08,General Medicine Ward B,15.083333333333334,16.958333333333332,0.8895526960784313
HHN-EDI-01,2025-02-09,General Medicine Ward B,10.875,16.875,0.6452920751633987
HHN-EDI-01,2025-02-10,General Medicine Ward B,11.958333333333334,16.833333333333332,0.7116013071895425
HHN-EDI-01,2025-02-11,General Medicine Ward B,14.708333333333334,16.833333333333332,0.8745404411764706
HHN-EDI-01,2025-02-12,General Medicine Ward B,16.166666666666668,16.833333333333332,0.9607843137254902
HHN-EDI-01,2025-02-13,General Medicine Ward B,13.583333333333334,16.833333333333332,0.8084967320261437
HHN-EDI-01,2025-02-14,General Medicine Ward B,14.416666666666666,16.916666666666668,0.8526143790849673
HHN-EDI-01,2025-02-15,General Medicine Ward B,13.416666666666666,16.833333333333332,0.7983660130718954
HHN-EDI-01,2025-02-16,General Medicine Ward B,16.5,16.958333333333332,0.9728860294117646
HHN-EDI-01,2025-02-17,General Medicine Ward B,11.791666666666666,16.916666666666668,0.698529411764706
HHN-EDI-01,2025-02-18,General Medicine Ward B,5.333333333333333,17.0,0.31372549019607837
HHN-EDI-01,2025-02-19,General Medicine Ward B,4.25,16.916666666666668,0.2513071895424836
HHN-EDI-01,2025-02-20,General Medicine Ward B,9.333333333333334,17.0,0.5490196078431372
HHN-EDI-01,2025-02-21,General Medicine Ward B,13.208333333333334,16.833333333333332,0.785671977124183
HHN-EDI-01,2025-02-22,General Medicine Ward B,11.208333333333334,16.75,0.6696997549019609
HHN-EDI-01,2025-02-23,General Medicine Ward B,13.458333333333334,16.791666666666668,0.8028084150326796
HHN-EDI-01,2025-02-24,General Medicine Ward B,14.458333333333334,16.916666666666668,0.8549325980392156
HHN-EDI-01,2025-02-25,General Medicine Ward B,12.875,16.833333333333332,0.7654105392156864
HHN-EDI-01,2025-02-26,General Medicine Ward B,11.166666666666666,16.916666666666668,0.6605392156862745
HHN-EDI-01,2025-02-27,General Medicine Ward B,12.25,16.791666666666668,0.7301164215686274
HHN-EDI-01,2025-02-28,General Medicine Ward B,10.916666666666666,16.833333333333332,0.6473856209150327
HHN-EDI-01,2025-03-01,General Medicine Ward B,11.708333333333334,16.916666666666668,0.6936274509803922
HHN-EDI-01,2025-03-02,General Medicine Ward B,15.791666666666666,17.0,0.9289215686274509
HHN-EDI-01,2025-03-03,General Medicine Ward B,16.125,16.916666666666668,0.9534313725490197
HHN-EDI-01,2025-03-04,General Medicine Ward B,16.958333333333332,16.958333333333332,1.0
HHN-EDI-01,2025-03-05,General Medicine Ward B,16.833333333333332,16.833333333333332,1.0
HHN-EDI-01,2025-03-06,General Medicine Ward B,16.958333333333332,16.958333333333332,1.0
HHN-EDI-01,2025-03-07,General Medicine Ward B,16.083333333333332,16.958333333333332,0.948529411764706
HHN-EDI-01,2025-03-08,General Medicine Ward B,14.625,16.75,0.8745200163398693
HHN-EDI-01,2025-03-09,General Medicine Ward B,15.5,16.791666666666668,0.9236928104575163
HHN-EDI-01,2025-03-10,General Medicine Ward B,16.25,16.916666666666668,0.9607843137254902
HHN-EDI-01,2025-03-11,General Medicine Ward B,16.125,16.791666666666668,0.9607843137254902
HHN-EDI-01,2025-03-12,General Medicine Ward B,14.541666666666666,16.916666666666668,0.859313725490196
HHN-EDI-01,2025-03-13,General Medicine Ward B,15.666666666666666,16.916666666666668,0.926470588235294
HHN-EDI-01,2025-03-14,General Medicine Ward B,16.875,16.875,1.0
HHN-EDI-01,2025-03-15,General Medicine Ward B,16.791666666666668,16.791666666666668,1.0
HHN-EDI-01,2025-03-16,General Medicine Ward B,15.708333333333334,16.958333333333332,0.926470588235294
HHN-EDI-01,2025-03-17,General Medicine Ward B,16.583333333333332,17.0,0.9754901960784313
HHN-EDI-01,2025-03-18,General Medicine Ward B,16.75,16.916666666666668,0.9901960784313726
HHN-EDI-01,2025-03-19,General Medicine Ward B,16.958333333333332,16.958333333333332,1.0
HHN-EDI-01,2025-03-20,General Medicine Ward B,16.958333333333332,16.958333333333332,1.0
HHN-EDI-01,2025-03-21,General Medicine Ward B,14.708333333333334,17.0,0.8651960784313726
HHN-EDI-01,2025-03-22,General Medicine Ward B,10.625,16.833333333333332,0.6321895424836602
HHN-EDI-01,2025-03-23,General Medicine Ward B,9.75,16.833333333333332,0.5797385620915033
HHN-EDI-01,2025-03-24,General Medicine Ward B,13.916666666666666,16.916666666666668,0.8226102941176471
HHN-EDI-01,2025-03-25,General Medicine Ward B,13.666666666666666,17.0,0.8039215686274509
HHN-EDI-01,2025-03-26,General Medicine Ward B,12.333333333333334,16.916666666666668,0.7290849673202614
HHN-EDI-01,2025-03-27,General Medicine Ward B,8.625,17.0,0.5073529411764706
HHN-EDI-01,2025-03-28,General Medicine Ward B,5.333333333333333,16.958333333333332,0.31464460784313725
HHN-EDI-01,2025-03-29,General Medicine Ward B,5.833333333333333,16.833333333333332,0.3473856209150326
HHN-EDI-01,2025-03-30,General Medicine Ward B,7.708333333333333,16.875,0.4566176470588235
HHN-EDI-01,2025-03-31,General Medicine Ward B,11.958333333333334,16.916666666666668,0.7076797385620915
HHN-EDI-01,2025-04-01,General Medicine Ward B,11.0,16.833333333333332,0.6552696078431373
HHN-EDI-01,2025-04-02,General Medicine Ward B,11.875,17.0,0.698529411764706
HHN-EDI-01,2025-04-03,General Medicine Ward B,10.25,16.916666666666668,0.6058823529411764
HHN-EDI-01,2025-04-04,General Medicine Ward B,7.541666666666667,16.916666666666668,0.44624183006535945
HHN-EDI-01,2025-04-05,General Medicine Ward B,10.291666666666666,16.875,0.6105187908496732
HHN-EDI-01,2025-04-06,General Medicine Ward B,9.375,16.666666666666668,0.5648182189542483
HHN-EDI-01,2025-04-07,General Medicine Ward B,11.208333333333334,16.916666666666668,0.6629901960784313
HHN-EDI-01,2025-04-08,General Medicine Ward B,9.25,17.0,0.5441176470588235
HHN-EDI-01,2025-04-09,General Medicine Ward B,10.125,17.0,0.5955882352941176
HHN-EDI-01,2025-04-10,General Medicine Ward B,11.416666666666666,16.75,0.6830065359477125
HHN-EDI-01,2025-04-11,General Medicine Ward B,8.5,16.833333333333332,0.5055453431372549
HHN-EDI-01,2025-04-12,General Medicine Ward B,8.083333333333334,16.875,0.4793504901960784
HHN-EDI-01,2025-04-13,General Medicine Ward B,9.416666666666666,16.958333333333332,0.5554534313725491
HHN-EDI-01,2025-04-14,General Medicine Ward B,11.458333333333334,16.916666666666668,0.67859477124183
HHN-EDI-01,2025-04-15,General Medicine Ward B,14.125,16.958333333333332,0.8331801470588235
HHN-EDI-01,2025-04-16,General Medicine Ward B,16.375,17.0,0.9632352941176471
HHN-EDI-01,2025-04-17,General Medicine Ward B,15.208333333333334,16.958333333333332,0.8970588235294117
HHN-EDI-01,2025-04-18,General Medicine Ward B,10.916666666666666,16.916666666666668,0.6461397058823529
HHN-EDI-01,2025-04-19,General Medicine Ward B,7.958333333333333,16.875,0.47149714052287583
HHN-EDI-01,2025-04-20,General Medicine Ward B,9.208333333333334,16.75,0.5508884803921569
HHN-EDI-01,2025-04-21,General Medicine Ward B,9.583333333333334,17.0,0.5637254901960784
HHN-EDI-01,2025-04-22,General Medicine Ward B,15.375,17.0,0.9044117647058822
HHN-EDI-01,2025-04-23,General Medicine Ward B,15.0,16.958333333333332,0.8848039215686274
HHN-EDI-01,2025-04-24,General Medicine Ward B,12.0,17.0,0.7058823529411765
HHN-EDI-01,2025-04-25,General Medicine Ward B,7.416666666666667,16.916666666666668,0.43856209150326797
HHN-EDI-01,2025-04-26,General Medicine Ward B,8.291666666666666,16.625,0.500234885620915
HHN-EDI-01,2025-04-27,General Medicine Ward B,9.0,16.791666666666668,0.5358660130718954
HHN-EDI-01,2025-04-28,General Medicine Ward B,10.875,16.916666666666668,0.6423202614379085
HHN-EDI-01,2025-04-29,General Medicine Ward B,12.0,17.0,0.7058823529411765
HHN-EDI-01,2025-04-30,General Medicine Ward B,11.833333333333334,17.0,0.6960784313725491
HHN-EDI-01,2025-05-01,General Medicine Ward B,11.666666666666666,16.708333333333332,0.7010110294117647
HHN-EDI-01,2025-05-02,General Medicine Ward B,9.416666666666666,16.916666666666668,0.5568627450980392
HHN-EDI-01,2025-05-03,General Medicine Ward B,11.375,16.958333333333332,0.6704963235294118
HHN-EDI-01,2025-05-04,General Medicine Ward B,8.958333333333334,16.916666666666668,0.5300245098039216
HHN-EDI-01,2025-05-05,General Medicine Ward B,7.083333333333333,16.833333333333332,0.42091503267973857
HHN-EDI-01,2025-05-06,General Medicine Ward B,6.666666666666667,16.958333333333332,0.39307598039215685
HHN-EDI-01,2025-05-07,General Medicine Ward B,7.666666666666667,16.833333333333332,0.45555555555555555
HHN-EDI-01,2025-05-08,General Medicine Ward B,12.125,17.0,0.7132352941176471
HHN-EDI-01,2025-05-09,General Medicine Ward B,11.666666666666666,16.916666666666668,0.6901960784313727
HHN-EDI-01,2025-05-10,General Medicine Ward B,12.666666666666666,16.958333333333332,0.7469362745098039
HHN-EDI-01,2025-05-11,General Medicine Ward B,14.0,16.875,0.8302491830065359
HHN-EDI-01,2025-05-12,General Medicine Ward B,14.208333333333334,16.875,0.8425245098039215
HHN-EDI-01,2025-05-13,General Medicine Ward B,13.125,16.958333333333332,0.7743566176470589
HHN-EDI-01,2025-05-14,General Medicine Ward B,10.041666666666666,17.0,0.5906862745098039
HHN-EDI-01,2025-05-15,General Medicine Ward B,8.541666666666666,16.875,0.5064440359477124
HHN-EDI-01,2025-05-16,General Medicine Ward B,10.416666666666666,16.833333333333332,0.6190767973856209
HHN-EDI-01,2025-05-17,General Medicine Ward B,8.916666666666666,16.708333333333332,0.5347017973856208
HHN-EDI-01,2025-05-18,General Medicine Ward B,8.041666666666666,16.75,0.4815359477124183
HHN-EDI-01,2025-05-19,General Medicine Ward B,9.333333333333334,16.833333333333332,0.5552287581699347
HHN-EDI-01,2025-05-20,General Medicine Ward B,10.916666666666666,17.0,0.6421568627450981
HHN-EDI-01,2025-05-21,General Medicine Ward B,13.333333333333334,16.875,0.7910539215686274
HHN-EDI-01,2025-05-22,General Medicine Ward B,10.791666666666666,16.875,0.6402369281045752
HHN-EDI-01,2025-05-23,General Medicine Ward B,10.916666666666666,16.75,0.6523590686274511
HHN-EDI-01,2025-05-24,General Medicine Ward B,10.416666666666666,16.833333333333332,0.6195567810457516
HHN-EDI-01,2025-05-25,General Medicine Ward B,11.666666666666666,16.916666666666668,0.6895424836601306
HHN-EDI-01,2025-05-26,General Medicine Ward B,13.833333333333334,16.916666666666668,0.8186274509803922
HHN-EDI-01,2025-05-27,General Medicine Ward B,9.75,16.916666666666668,0.5754901960784314
HHN-EDI-01,2025-05-28,General Medicine Ward B,8.0,16.916666666666668,0.4735294117647058
HHN-EDI-01,2025-05-29,General Medicine Ward B,7.958333333333333,17.0,0.46813725490196073
HHN-EDI-01,2025-05-30,General Medicine Ward B,9.0,16.958333333333332,0.5306372549019608
HHN-EDI-01,2025-05-31,General Medicine Ward B,8.25,16.833333333333332,0.49018586601307185
HHN-EDI-01,2025-06-01,General Medicine Ward B,7.0,16.833333333333332,0.41601307189542486
HHN-EDI-01,2025-06-02,General Medicine Ward B,7.625,16.875,0.4525224673202614
HHN-EDI-01,2025-06-03,General Medicine Ward B,8.0,16.916666666666668,0.4732026143790849
HHN-EDI-01,2025-06-04,General Medicine Ward B,6.791666666666667,16.875,0.4030433006535947
HHN-EDI-01,2025-06-05,General Medicine Ward B,9.208333333333334,17.0,0.5416666666666666
HHN-EDI-01,2025-06-06,General Medicine Ward B,12.083333333333334,16.833333333333332,0.719281045751634
HHN-EDI-01,2025-06-07,General Medicine Ward B,10.75,16.833333333333332,0.638888888888889
HHN-EDI-01,2025-06-08,General Medicine Ward B,12.333333333333334,16.875,0.7302900326797386
HHN-EDI-01,2025-06-09,General Medicine Ward B,13.375,16.958333333333332,0.7886029411764706
HHN-EDI-01,2025-06-10,General Medicine Ward B,12.041666666666666,16.916666666666668,0.7125816993464053
HHN-EDI-01,2025-06-11,General Medicine Ward B,11.458333333333334,16.833333333333332,0.6815359477124184
HHN-EDI-01,2025-06-12,General Medicine Ward B,12.166666666666666,17.0,0.7156862745098039
HHN-EDI-01,2025-06-13,General Medicine Ward B,14.958333333333334,16.833333333333332,0.8893995098039215
HHN-EDI-01,2025-06-14,General Medicine Ward B,13.041666666666666,16.875,0.7732843137254902
HHN-EDI-01,2025-06-15,General Medicine Ward B,13.375,16.708333333333332,0.8011744281045751
HHN-EDI-01,2025-06-16,General Medicine Ward B,16.125,16.958333333333332,0.9509803921568626
HHN-EDI-01,2025-06-17,General Medicine Ward B,13.833333333333334,17.0,0.8137254901960783
HHN-EDI-01,2025-06-18,General Medicine Ward B,14.166666666666666,17.0,0.8333333333333334
HHN-EDI-01,2025-06-19,General Medicine Ward B,11.75,16.916666666666668,0.6947712418300654
HHN-EDI-01,2025-06-20,General Medicine Ward B,11.5,16.875,0.6809436274509805
HHN-EDI-01,2025-06-21,General Medicine Ward B,12.833333333333334,16.916666666666668,0.7588848039215685
HHN-EDI-01,2025-06-22,General Medicine Ward B,11.333333333333334,16.833333333333332,0.6741115196078432
HHN-EDI-01,2025-06-23,General Medicine Ward B,11.166666666666666,16.916666666666668,0.6604575163398693
HHN-EDI-01,2025-06-24,General Medicine Ward B,10.25,16.916666666666668,0.6056985294117647
HHN-EDI-01,2025-06-25,General Medicine Ward B,11.75,16.875,0.6974162581699347
HHN-EDI-01,2025-06-26,General Medicine Ward B,10.291666666666666,16.958333333333332,0.6067708333333334
HHN-EDI-01,2025-06-27,General Medicine Ward B,6.958333333333333,17.0,0.409313725490196
HHN-EDI-01,2025-06-28,General Medicine Ward B,6.291666666666667,16.833333333333332,0.3746732026143791
HHN-EDI-01,2025-06-29,General Medicine Ward B,7.458333333333333,16.916666666666668,0.44133986928104574
HHN-EDI-01,2025-06-30,General Medicine Ward B,8.291666666666666,16.875,0.49171772875816994
HHN-EDI-01,2025-07-01,General Medicine Ward B,10.416666666666666,16.916666666666668,0.6163398692810458
HHN-EDI-01,2025-07-02,General Medicine Ward B,10.291666666666666,16.958333333333332,0.6069240196078431
HHN-EDI-01,2025-07-03,General Medicine Ward B,8.666666666666666,17.0,0.5098039215686274
HHN-EDI-01,2025-07-04,General Medicine Ward B,10.5,16.958333333333332,0.6190257352941176
HHN-EDI-01,2025-07-05,General Medicine Ward B,11.041666666666666,16.708333333333332,0.6618055555555555
HHN-EDI-01,2025-07-06,General Medicine Ward B,9.083333333333334,16.75,0.5434334150326797
HHN-EDI-01,2025-07-07,General Medicine Ward B,10.125,16.833333333333332,0.6023794934640523
HHN-EDI-01,2025-07-08,General Medicine Ward B,12.125,16.875,0.7192095588235294
HHN-EDI-01,2025-07-09,General Medicine Ward B,11.125,16.875,0.6596915849673203
HHN-EDI-01,2025-07-10,General Medicine Ward B,10.416666666666666,16.791666666666668,0.6215686274509804
HHN-EDI-01,2025-07-11,General Medicine Ward B,10.125,17.0,0.5955882352941176
HHN-EDI-01,2025-07-12,General Medicine Ward B,11.041666666666666,16.833333333333332,0.6570261437908497
HHN-EDI-01,2025-07-13,General Medicine Ward B,8.125,16.833333333333332,0.4838235294117647
HHN-EDI-01,2025-07-14,General Medicine Ward B,8.166666666666666,17.0,0.4803921568627451
HHN-EDI-01,2025-07-15,General Medicine Ward B,6.5,16.916666666666668,0.3844975490196078
HHN-EDI-01,2025-07-16,General Medicine Ward B,8.208333333333334,16.916666666666668,0.4857843137254902
HHN-EDI-01,2025-07-17,General Medicine Ward B,11.083333333333334,17.0,0.6519607843137255
HHN-EDI-01,2025-07-18,General Medicine Ward B,11.791666666666666,16.833333333333332,0.7014705882352942
HHN-EDI-01,2025-07-19,General Medicine Ward B,10.791666666666666,16.916666666666668,0.6383986928104576
HHN-EDI-01,2025-07-20,General Medicine Ward B,10.458333333333334,16.916666666666668,0.6184640522875817
HHN-EDI-01,2025-07-21,General Medicine Ward B,9.291666666666666,16.875,0.5510416666666667
HHN-EDI-01,2025-07-22,General Medicine Ward B,10.333333333333334,16.916666666666668,0.6114379084967321
HHN-EDI-01,2025-07-23,General Medicine Ward B,8.166666666666666,16.916666666666668,0.48333333333333334
HHN-EDI-01,2025-07-24,General Medicine Ward B,9.541666666666666,16.916666666666668,0.5645424836601307
HHN-EDI-01,2025-07-25,General Medicine Ward B,7.166666666666667,16.916666666666668,0.4235294117647059
HHN-EDI-01,2025-07-26,General Medicine Ward B,4.041666666666667,16.958333333333332,0.23835784313725486
HHN-EDI-01,2025-07-27,General Medicine Ward B,4.041666666666667,16.916666666666668,0.2390522875816993
HHN-EDI-01,2025-07-28,General Medicine Ward B,6.583333333333333,16.958333333333332,0.38817401960784315
HHN-EDI-01,2025-07-29,General Medicine Ward B,5.0,16.958333333333332,0.29488357843137253
HHN-EDI-01,2025-07-30,General Medicine Ward B,6.833333333333333,17.0,0.40196078431372545
HHN-EDI-01,2025-07-31,General Medicine Ward B,10.666666666666666,17.0,0.6274509803921569
HHN-EDI-01,2025-08-01,General Medicine Ward B,9.916666666666666,16.916666666666668,0.5867034313725491
HHN-EDI-01,2025-08-02,General Medicine Ward B,9.541666666666666,16.875,0.5655739379084967
HHN-EDI-01,2025-08-03,General Medicine Ward B,12.291666666666666,16.875,0.7287785947712418
HHN-EDI-01,2025-08-04,General Medicine Ward B,11.458333333333334,16.916666666666668,0.6782679738562091
HHN-EDI-01,2025-08-05,General Medicine Ward B,9.166666666666666,16.875,0.5433823529411764
HHN-EDI-01,2025-08-06,General Medicine Ward B,8.666666666666666,16.958333333333332,0.5108762254901961
HHN-EDI-01,2025-08-07,General Medicine Ward B,7.083333333333333,17.0,0.4166666666666667
HHN-EDI-01,2025-08-08,General Medicine Ward B,10.125,16.916666666666668,0.5995098039215686
HHN-EDI-01,2025-08-09,General Medicine Ward B,7.708333333333333,16.583333333333332,0.4655433006535947
HHN-EDI-01,2025-08-10,General Medicine Ward B,7.916666666666667,16.916666666666668,0.4686274509803921
HHN-EDI-01,2025-08-11,General Medicine Ward B,8.041666666666666,17.0,0.47303921568627444
HHN-EDI-01,2025-08-12,General Medicine Ward B,12.166666666666666,16.916666666666668,0.7193627450980392
HHN-EDI-01,2025-08-13,General Medicine Ward B,13.0,16.75,0.7777777777777778
HHN-EDI-01,2025-08-14,General Medicine Ward B,11.291666666666666,17.0,0.6642156862745098
HHN-EDI-01,2025-08-15,General Medicine Ward B,10.208333333333334,16.958333333333332,0.6020220588235294
HHN-EDI-01,2025-08-16,General Medicine Ward B,13.0,16.791666666666668,0.7751940359477124
HHN-EDI-01,2025-08-17,General Medicine Ward B,14.875,16.958333333333332,0.8774509803921569
HHN-EDI-01,2025-08-18,General Medicine Ward B,12.541666666666666,16.791666666666668,0.7475592320261438
HHN-EDI-01,2025-08-19,General Medicine Ward B,5.041666666666667,17.0,0.2965686274509804
HHN-EDI-01,2025-08-20,General Medicine Ward B,6.916666666666667,16.833333333333332,0.41143790849673206
HHN-EDI-01,2025-08-21,General Medicine Ward B,11.375,16.875,0.6747242647058824
HHN-EDI-01,2025-08-22,General Medicine Ward B,8.333333333333334,16.958333333333332,0.49172794117647056
HHN-EDI-01,2025-08-23,General Medicine Ward B,6.333333333333333,16.708333333333332,0.3791973039215686
HHN-EDI-01,2025-08-24,General Medicine Ward B,8.125,16.791666666666668,0.4843954248366013
HHN-EDI-01,2025-08-25,General Medicine Ward B,8.958333333333334,17.0,0.5269607843137255
HHN-EDI-01,2025-08-26,General Medicine Ward B,8.833333333333334,16.958333333333332,0.5211397058823529
HHN-EDI-01,2025-08-27,General Medicine Ward B,7.25,16.958333333333332,0.42769607843137253
HHN-EDI-01,2025-08-28,General Medicine Ward B,6.25,16.916666666666668,0.36963848039215685
HHN-EDI-01,2025-08-29,General Medicine Ward B,7.958333333333333,16.958333333333332,0.469515931372549
HHN-EDI-01,2025-08-30,General Medicine Ward B,9.083333333333334,16.958333333333332,0.5356924019607844
HHN-EDI-01,2025-08-31,General Medicine Ward B,7.875,16.833333333333332,0.4679942810457516
HHN-EDI-01,2025-09-01,General Medicine Ward B,10.25,16.958333333333332,0.6044730392156863
HHN-EDI-01,2025-09-02,General Medicine Ward B,10.625,16.916666666666668,0.628921568627451
HHN-EDI-01,2025-09-03,General Medicine Ward B,6.583333333333333,16.958333333333332,0.3884803921568627
HHN-EDI-01,2025-09-04,General Medicine Ward B,5.125,17.0,0.3014705882352941
HHN-EDI-01,2025-09-05,General Medicine Ward B,8.625,17.0,0.5073529411764706
HHN-EDI-01,2025-09-06,General Medicine Ward B,11.25,16.916666666666668,0.665359477124183
HHN-EDI-01,2025-09-07,General Medicine Ward B,9.583333333333334,16.916666666666668,0.5669934640522876
HHN-EDI-01,2025-09-08,General Medicine Ward B,7.916666666666667,17.0,0.4656862745098039
HHN-EDI-01,2025-09-09,General Medicine Ward B,5.625,17.0,0.33088235294117646
HHN-EDI-01,2025-09-10,General Medicine Ward B,5.75,16.958333333333332,0.33915441176470584
HHN-EDI-01,2025-09-11,General Medicine Ward B,5.375,16.875,0.31872957516339867
HHN-EDI-01,2025-09-12,General Medicine Ward B,6.916666666666667,16.916666666666668,0.40915032679738556
HHN-EDI-01,2025-09-13,General Medicine Ward B,10.0,16.833333333333332,0.5950674019607843
HHN-EDI-01,2025-09-14,General Medicine Ward B,10.625,16.791666666666668,0.633169934640523
HHN-EDI-01,2025-09-15,General Medicine Ward B,10.875,17.0,0.6397058823529412
HHN-EDI-01,2025-09-16,General Medicine Ward B,7.25,16.916666666666668,0.42892156862745096
HHN-EDI-01,2025-09-17,General Medicine Ward B,8.375,17.0,0.49264705882352944
HHN-EDI-01,2025-09-18,General Medicine Ward B,12.5,17.0,0.7352941176470589
HHN-EDI-01,2025-09-19,General Medicine Ward B,13.166666666666666,16.875,0.780749591503268
HHN-EDI-01,2025-09-20,General Medicine Ward B,13.375,16.958333333333332,0.7887561274509803
HHN-EDI-01,2025-09-21,General Medicine Ward B,12.541666666666666,16.625,0.7566176470588234
HHN-EDI-01,2025-09-22,General Medicine Ward B,10.666666666666666,16.875,0.6324040032679739
HHN-EDI-01,2025-09-23,General Medicine Ward B,12.583333333333334,17.0,0.7401960784313726
HHN-EDI-01,2025-09-24,General Medicine Ward B,11.875,16.916666666666668,0.702124183006536
HHN-EDI-01,2025-09-25,General Medicine Ward B,11.75,16.916666666666668,0.6954248366013073
HHN-EDI-01,2025-09-26,General Medicine Ward B,10.958333333333334,16.875,0.6500408496732026
HHN-EDI-01,2025-09-27,General Medicine Ward B,11.541666666666666,16.791666666666668,0.6884497549019608
HHN-EDI-01,2025-09-28,General Medicine Ward B,12.666666666666666,16.916666666666668,0.7489276960784313
HHN-EDI-01,2025-09-29,General Medicine Ward B,12.541666666666666,16.958333333333332,0.7398897058823529
HHN-EDI-01,2025-09-30,General Medicine Ward B,9.333333333333334,17.0,0.5490196078431372
HHN-EDI-01,2025-10-01,General Medicine Ward B,9.666666666666666,16.791666666666668,0.5768892973856209
HHN-EDI-01,2025-10-02,General Medicine Ward B,9.041666666666666,16.958333333333332,0.5335477941176471
HHN-EDI-01,2025-10-03,General Medicine Ward B,8.916666666666666,16.875,0.5288296568627451
HHN-EDI-01,2025-10-04,General Medicine Ward B,7.5,16.875,0.44485294117647056
HHN-EDI-01,2025-10-05,General Medicine Ward B,6.583333333333333,16.916666666666668,0.38954248366013067
HHN-EDI-01,2025-10-06,General Medicine Ward B,9.416666666666666,16.875,0.5572814542483661
HHN-EDI-01,2025-10-07,General Medicine Ward B,13.708333333333334,16.958333333333332,0.8088235294117646
HHN-EDI-01,2025-10-08,General Medicine Ward B,16.166666666666668,16.875,0.9583333333333334
HHN-EDI-01,2025-10-09,General Medicine Ward B,13.458333333333334,16.875,0.7981004901960783
HHN-EDI-01,2025-10-10,General Medicine Ward B,12.708333333333334,17.0,0.7475490196078431
HHN-EDI-01,2025-10-11,General Medicine Ward B,16.458333333333332,16.916666666666668,0.9730392156862745
HHN-EDI-01,2025-10-12,General Medicine Ward B,15.958333333333334,16.791666666666668,0.9509803921568628
HHN-EDI-01,2025-10-13,General Medicine Ward B,10.25,16.916666666666668,0.6068627450980392
HHN-EDI-01,2025-10-14,General Medicine Ward B,6.875,16.916666666666668,0.4067095588235294
HHN-EDI-01,2025-10-15,General Medicine Ward B,8.625,16.916666666666668,0.5109477124183006
HHN-EDI-01,2025-10-16,General Medicine Ward B,10.875,16.916666666666668,0.6426470588235295
HHN-EDI-01,2025-10-17,General Medicine Ward B,10.25,16.916666666666668,0.6060049019607844
HHN-EDI-01,2025-10-18,General Medicine Ward B,11.708333333333334,16.916666666666668,0.6927083333333334
HHN-EDI-01,2025-10-19,General Medicine Ward B,12.541666666666666,16.916666666666668,0.7419934640522876
HHN-EDI-01,2025-10-20,General Medicine Ward B,12.333333333333334,16.916666666666668,0.7293198529411765
HHN-EDI-01,2025-10-21,General Medicine Ward B,11.375,16.875,0.6747242647058824
HHN-EDI-01,2025-10-22,General Medicine Ward B,9.583333333333334,16.833333333333332,0.5699346405228759
HHN-EDI-01,2025-10-23,General Medicine Ward B,10.625,16.958333333333332,0.6263786764705882
HHN-EDI-01,2025-10-24,General Medicine Ward B,13.916666666666666,17.0,0.818627450980392
HHN-EDI-01,2025-10-25,General Medicine Ward B,13.583333333333334,16.958333333333332,0.801470588235294
HHN-EDI-01,2025-10-26,General Medicine Ward B,16.916666666666668,16.916666666666668,1.0
HHN-EDI-01,2025-10-27,General Medicine Ward B,16.833333333333332,16.833333333333332,1.0
HHN-EDI-01,2025-10-28,General Medicine Ward B,12.791666666666666,16.916666666666668,0.7568933823529411
HHN-EDI-01,2025-10-29,General Medicine Ward B,6.416666666666667,16.958333333333332,0.3783700980392157
HHN-EDI-01,2025-10-30,General Medicine Ward B,7.083333333333333,16.916666666666668,0.41830065359477125
HHN-EDI-01,2025-10-31,General Medicine Ward B,11.791666666666666,16.958333333333332,0.6951593137254902
HHN-EDI-01,2025-11-01,General Medicine Ward B,13.666666666666666,16.875,0.8103145424836601
HHN-EDI-01,2025-11-02,General Medicine Ward B,13.041666666666666,16.875,0.7734170751633987
HHN-EDI-01,2025-11-03,General Medicine Ward B,8.875,17.0,0.5220588235294118
HHN-EDI-01,2025-11-04,General Medicine Ward B,13.583333333333334,17.0,0.7990196078431372
HHN-EDI-01,2025-11-05,General Medicine Ward B,10.958333333333334,17.0,0.6446078431372549
HHN-EDI-01,2025-11-06,General Medicine Ward B,13.041666666666666,16.916666666666668,0.7717320261437908
HHN-EDI-01,2025-11-07,General Medicine Ward B,10.916666666666666,16.916666666666668,0.6453737745098039
HHN-EDI-01,2025-11-08,General Medicine Ward B,10.791666666666666,16.5,0.6569546568627451
HHN-EDI-01,2025-11-09,General Medicine Ward B,11.833333333333334,16.875,0.7016646241830066
HHN-EDI-01,2025-11-10,General Medicine Ward B,12.75,16.916666666666668,0.75359477124183
HHN-EDI-01,2025-11-11,General Medicine Ward B,15.041666666666666,17.0,0.8848039215686274
HHN-EDI-01,2025-11-12,General Medicine Ward B,14.333333333333334,16.875,0.8500102124183005
HHN-EDI-01,2025-11-13,General Medicine Ward B,16.291666666666668,16.958333333333332,0.9607843137254902
HHN-EDI-01,2025-11-14,General Medicine Ward B,14.291666666666666,16.958333333333332,0.8428308823529411
HHN-EDI-01,2025-11-15,General Medicine Ward B,12.833333333333334,16.916666666666668,0.7587316176470589
HHN-EDI-01,2025-11-16,General Medicine Ward B,11.0,16.875,0.6520118464052288
HHN-EDI-01,2025-11-17,General Medicine Ward B,15.333333333333334,16.958333333333332,0.9044117647058822
HHN-EDI-01,2025-11-18,General Medicine Ward B,15.666666666666666,17.0,0.9215686274509803
HHN-EDI-01,2025-11-19,General Medicine Ward B,10.875,16.958333333333332,0.6418504901960784
HHN-EDI-01,2025-11-20,General Medicine Ward B,9.375,16.958333333333332,0.5528492647058824
HHN-EDI-01,2025-11-21,General Medicine Ward B,9.666666666666666,16.958333333333332,0.5700061274509803
HHN-EDI-01,2025-11-22,General Medicine Ward B,11.375,16.625,0.6864889705882353
HHN-EDI-01,2025-11-23,General Medicine Ward B,10.833333333333334,16.833333333333332,0.6444444444444445
HHN-EDI-01,2025-11-24,General Medicine Ward B,10.625,16.875,0.629953022875817
HHN-EDI-01,2025-11-25,General Medicine Ward B,14.208333333333334,17.0,0.8357843137254902
HHN-EDI-01,2025-11-26,General Medicine Ward B,12.833333333333334,16.958333333333332,0.7567401960784313
HHN-EDI-01,2025-11-27,General Medicine Ward B,9.625,16.958333333333332,0.5678615196078431
HHN-EDI-01,2025-11-28,General Medicine Ward B,8.666666666666666,16.958333333333332,0.5111825980392156
HHN-EDI-01,2025-11-29,General Medicine Ward B,9.458333333333334,16.833333333333332,0.5619178921568627
HHN-EDI-01,2025-11-30,General Medicine Ward B,13.75,16.958333333333332,0.8112745098039215
HHN-EDI-01,2025-12-01,General Medicine Ward B,16.25,17.0,0.9558823529411763
HHN-EDI-01,2025-12-02,General Medicine Ward B,14.583333333333334,16.833333333333332,0.8673406862745098
HHN-EDI-01,2025-12-03,General Medicine Ward B,12.583333333333334,16.791666666666668,0.7503982843137256
HHN-EDI-01,2025-12-04,General Medicine Ward B,14.208333333333334,16.875,0.8429840686274509
HHN-EDI-01,2025-12-05,General Medicine Ward B,16.458333333333332,16.833333333333332,0.9779411764705882
HHN-EDI-01,2025-12-06,General Medicine Ward B,15.916666666666666,16.833333333333332,0.9460784313725489
HHN-EDI-01,2025-12-07,General Medicine Ward B,13.791666666666666,16.916666666666668,0.8161764705882352
HHN-EDI-01,2025-12-08,General Medicine Ward B,12.125,16.833333333333332,0.7220588235294118
HHN-EDI-01,2025-12-09,General Medicine Ward B,13.25,16.916666666666668,0.7833946078431372
HHN-EDI-01,2025-12-10,General Medicine Ward B,9.333333333333334,16.458333333333332,0.5684946895424837
HHN-EDI-01,2025-12-11,General Medicine Ward B,10.875,16.833333333333332,0.6472222222222223
HHN-EDI-01,2025-12-12,General Medicine Ward B,13.875,16.916666666666668,0.8197712418300652
HHN-EDI-01,2025-12-13,General Medicine Ward B,13.416666666666666,16.833333333333332,0.7976000816993464
HHN-EDI-01,2025-12-14,General Medicine Ward B,12.333333333333334,16.875,0.7307700163398693
HHN-EDI-01,2025-12-15,General Medicine Ward B,13.083333333333334,16.833333333333332,0.7784313725490196
HHN-EDI-01,2025-12-16,General Medicine Ward B,9.083333333333334,16.875,0.539593545751634
HHN-EDI-01,2025-12-17,General Medicine Ward B,10.833333333333334,16.833333333333332,0.6427593954248366
HHN-EDI-01,2025-12-18,General Medicine Ward B,15.375,17.0,0.9044117647058822
HHN-EDI-01,2025-12-19,General Medicine Ward B,16.875,16.916666666666668,0.9975490196078431
HHN-EDI-01,2025-12-20,General Medicine Ward B,16.708333333333332,16.708333333333332,1.0
HHN-EDI-01,2025-12-21,General Medicine Ward B,16.875,16.875,1.0
HHN-EDI-01,2025-12-22,General Medicine Ward B,16.875,16.875,1.0
HHN-EDI-01,2025-12-23,General Medicine Ward B,16.958333333333332,16.958333333333332,1.0
HHN-EDI-01,2025-12-24,General Medicine Ward B,16.916666666666668,17.0,0.9950980392156863
HHN-EDI-01,2025-12-25,General Medicine Ward B,16.916666666666668,16.916666666666668,1.0
HHN-EDI-01,2025-12-26,General Medicine Ward B,16.916666666666668,16.916666666666668,1.0
HHN-EDI-01,2025-12-27,General Medicine Ward B,17.0,17.0,1.0
HHN-EDI-01,2025-12-28,General Medicine Ward B,14.875,16.791666666666668,0.8862745098039215
HHN-EDI-01,2025-12-29,General Medicine Ward B,13.916666666666666,16.75,0.8316993464052288
HHN-EDI-01,2025-12-30,General Medicine Ward B,16.791666666666668,16.791666666666668,1.0
HHN-EDI-01,2025-12-31,General Medicine Ward B,15.5,16.75,0.9260110294117646
HHN-LON-01,2024-01-01,General Medicine Ward B,4.333333333333333,34.791666666666664,0.12400793650793647
HHN-LON-01,2024-01-02,General Medicine Ward B,16.5,34.166666666666664,0.4853441914400168
HHN-LON-01,2024-01-03,General Medicine Ward B,24.583333333333332,34.833333333333336,0.7060180322128852
HHN-LON-01,2024-01-04,General Medicine Ward B,33.916666666666664,34.75,0.9761904761904762
HHN-LON-01,2024-01-05,General Medicine Ward B,31.25,35.0,0.8928571428571428
HHN-LON-01,2024-01-06,General Medicine Ward B,26.708333333333332,34.791666666666664,0.7675386283545677
HHN-LON-01,2024-01-07,General Medicine Ward B,27.583333333333332,34.583333333333336,0.7990470919550616
HHN-LON-01,2024-01-08,General Medicine Ward B,30.708333333333332,34.833333333333336,0.8818356374807989
HHN-LON-01,2024-01-09,General Medicine Ward B,32.75,34.5,0.9498949579831932
HHN-LON-01,2024-01-10,General Medicine Ward B,27.75,34.708333333333336,0.8003108198924731
HHN-LON-01,2024-01-11,General Medicine Ward B,27.375,34.958333333333336,0.7831582633053221
HHN-LON-01,2024-01-12,General Medicine Ward B,26.416666666666668,34.708333333333336,0.7615656086481514
HHN-LON-01,2024-01-13,General Medicine Ward B,30.791666666666668,34.5,0.893370563951387
HHN-LON-01,2024-01-14,General Medicine Ward B,34.958333333333336,34.958333333333336,1.0
HHN-LON-01,2024-01-15,General Medicine Ward B,34.625,34.666666666666664,0.9988095238095238
HHN-LON-01,2024-01-16,General Medicine Ward B,34.583333333333336,34.708333333333336,0.9964285714285714
HHN-LON-01,2024-01-17,General Medicine Ward B,33.875,33.875,1.0
HHN-LON-01,2024-01-18,General Medicine Ward B,34.583333333333336,34.625,0.9988095238095238
HHN-LON-01,2024-01-19,General Medicine Ward B,34.875,34.875,1.0
HHN-LON-01,2024-01-20,General Medicine Ward B,28.666666666666668,34.875,0.8226190476190477
HHN-LON-01,2024-01-21,General Medicine Ward B,27.875,34.75,0.8027254450167164
HHN-LON-01,2024-01-22,General Medicine Ward B,28.0,34.666666666666664,0.8083227230286054
HHN-LON-01,2024-01-23,General Medicine Ward B,31.166666666666668,35.0,0.8904761904761904
HHN-LON-01,2024-01-24,General Medicine Ward B,34.458333333333336,34.833333333333336,0.9892857142857143
HHN-LON-01,2024-01-25,General Medicine Ward B,32.291666666666664,34.5,0.9367296918767507
HHN-LON-01,2024-01-26,General Medicine Ward B,30.333333333333332,34.458333333333336,0.8813244047619048
HHN-LON-01,2024-01-27,General Medicine Ward B,28.333333333333332,34.458333333333336,0.8243991144845034
HHN-LON-01,2024-01-28,General Medicine Ward B,20.833333333333332,34.625,0.602233601774043
HHN-LON-01,2024-01-29,General Medicine Ward B,26.0,34.833333333333336,0.7462365591397849
HHN-LON-01,2024-01-30,General Medicine Ward B,32.541666666666664,34.708333333333336,0.9379201680672269
HHN-LON-01,2024-01-31,General Medicine Ward B,34.5,34.5,1.0
HHN-LON-01,2024-02-01,General Medicine Ward B,35.0,35.0,1.0
HHN-LON-01,2024-02-02,General Medicine Ward B,34.0,34.0,1.0
HHN-LON-01,2024-02-03,General Medicine Ward B,34.416666666666664,34.416666666666664,1.0
HHN-LON-01,2024-02-04,General Medicine Ward B,31.958333333333332,34.583333333333336,0.9240417568542568
HHN-LON-01,2024-02-05,General Medicine Ward B,30.75,34.958333333333336,0.8795868347338937
HHN-LON-01,2024-02-06,General Medicine Ward B,29.541666666666668,35.0,0.844047619047619
HHN-LON-01,2024-02-07,General Medicine Ward B,34.291666666666664,34.666666666666664,0.9892857142857143
HHN-LON-01,2024-02-08,General Medicine Ward B,34.916666666666664,34.916666666666664,1.0
HHN-LON-01,2024-02-09,General Medicine Ward B,34.083333333333336,34.75,0.980952380952381
HHN-LON-01,2024-02-10,General Medicine Ward B,34.75,34.75,1.0
HHN-LON-01,2024-02-11,General Medicine Ward B,32.625,34.833333333333336,0.9367931547619048
HHN-LON-01,2024-02-12,General Medicine Ward B,31.208333333333332,34.833333333333336,0.8964285714285715
HHN-LON-01,2024-02-13,General Medicine Ward B,34.416666666666664,34.458333333333336,0.9988095238095238
HHN-LON-01,2024-02-14,General Medicine Ward B,34.791666666666664,34.791666666666664,1.0
HHN-LON-01,2024-02-15,General Medicine Ward B,34.625,34.708333333333336,0.9976190476190476
HHN-LON-01,2024-02-16,General Medicine Ward B,34.583333333333336,34.833333333333336,0.9928571428571429
HHN-LON-01,2024-02-17,General Medicine Ward B,32.833333333333336,34.666666666666664,0.9476190476190477
HHN-LON-01,2024-02-18,General Medicine Ward B,34.791666666666664,34.791666666666664,1.0
HHN-LON-01,2024-02-19,General Medicine Ward B,34.791666666666664,34.791666666666664,1.0
HHN-LON-01,2024-02-20,General Medicine Ward B,34.791666666666664,34.791666666666664,1.0
HHN-LON-01,2024-02-21,General Medicine Ward B,34.916666666666664,34.916666666666664,1.0
HHN-LON-01,2024-02-22,General Medicine Ward B,33.458333333333336,35.0,0.955952380952381
HHN-LON-01,2024-02-23,General Medicine Ward B,32.75,34.958333333333336,0.9368347338935575
HHN-LON-01,2024-02-24,General Medicine Ward B,30.25,34.791666666666664,0.8702380952380953
HHN-LON-01,2024-02-25,General Medicine Ward B,29.833333333333332,34.333333333333336,0.8704948646125117
HHN-LON-01,2024-02-26,General Medicine Ward B,34.916666666666664,34.916666666666664,1.0
HHN-LON-01,2024-02-27,General Medicine Ward B,31.625,34.625,0.9142857142857143
HHN-LON-01,2024-02-28,General Medicine Ward B,31.875,34.791666666666664,0.9164682539682539
HHN-LON-01,2024-02-29,General Medicine Ward B,34.708333333333336,34.708333333333336,1.0
HHN-LON-01,2024-03-01,General Medicine Ward B,34.791666666666664,34.791666666666664,1.0
HHN-LON-01,2024-03-02,General Medicine Ward B,34.958333333333336,34.958333333333336,1.0
HHN-LON-01,2024-03-03,General Medicine Ward B,34.916666666666664,34.916666666666664,1.0
HHN-LON-01,2024-03-04,General Medicine Ward B,34.75,34.75,1.0
HHN-LON-01,2024-03-05,General Medicine Ward B,34.875,34.875,1.0
HHN-LON-01,2024-03-06,General Medicine Ward B,34.875,34.875,1.0
HHN-LON-01,2024-03-07,General Medicine Ward B,34.625,34.625,1.0
HHN-LON-01,2024-03-08,General Medicine Ward B,35.0,35.0,1.0
HHN-LON-01,2024-03-09,General Medicine Ward B,34.5,34.5,1.0
HHN-LON-01,2024-03-10,General Medicine Ward B,34.458333333333336,34.458333333333336,1.0
HHN-LON-01,2024-03-11,General Medicine Ward B,35.0,35.0,1.0
HHN-LON-01,2024-03-12,General Medicine Ward B,35.0,35.0,1.0
HHN-LON-01,2024-03-13,General Medicine Ward B,34.791666666666664,34.791666666666664,1.0
HHN-LON-01,2024-03-14,General Medicine Ward B,34.541666666666664,34.708333333333336,0.9952380952380953
HHN-LON-01,2024-03-15,General Medicine Ward B,30.375,34.916666666666664,0.8699494949494949
HHN-LON-01,2024-03-16,General Medicine Ward B,27.083333333333332,34.791666666666664,0.7790209632239993
HHN-LON-01,2024-03-17,General Medicine Ward B,27.75,34.583333333333336,0.8041666666666667
HHN-LON-01,2024-03-18,General Medicine Ward B,30.458333333333332,34.833333333333336,0.8748463901689708
HHN-LON-01,2024-03-19,General Medicine Ward B,29.375,35.0,0.8392857142857143
HHN-LON-01,2024-03-20,General Medicine Ward B,32.625,35.0,0.932142857142857
HHN-LON-01,2024-03-21,General Medicine Ward B,34.25,34.708333333333336,0.986904761904762
HHN-LON-01,2024-03-22,General Medicine Ward B,31.375,35.0,0.8964285714285715
HHN-LON-01,2024-03-23,General Medicine Ward B,24.708333333333332,34.875,0.7086309523809523
HHN-LON-01,2024-03-24,General Medicine Ward B,27.583333333333332,34.791666666666664,0.7936507936507936
HHN-LON-01,2024-03-25,General Medicine Ward B,29.208333333333332,34.833333333333336,0.8385176651305684
HHN-LON-01,2024-03-26,General Medicine Ward B,30.583333333333332,35.0,0.8738095238095238
HHN-LON-01,2024-03-27,General Medicine Ward B,34.583333333333336,34.875,0.9916666666666667
HHN-LON-01,2024-03-28,General Medicine Ward B,31.375,34.708333333333336,0.9044733044733045
HHN-LON-01,2024-03-29,General Medicine Ward B,28.666666666666668,34.833333333333336,0.8238095238095239
HHN-LON-01,2024-03-30,General Medicine Ward B,27.75,34.5,0.8047829927425516
HHN-LON-01,2024-03-31,General Medicine Ward B,31.375,34.791666666666664,0.9023809523809524
HHN-LON-01,2024-04-01,General Medicine Ward B,30.791666666666668,34.875,0.8833333333333333
HHN-LON-01,2024-04-02,General Medicine Ward B,25.958333333333332,34.833333333333336,0.7453463203463203
HHN-LON-01,2024-04-03,General Medicine Ward B,27.625,34.666666666666664,0.7975105465573327
HHN-LON-01,2024-04-04,General Medicine Ward B,26.958333333333332,35.0,0.7702380952380953
HHN-LON-01,2024-04-05,General Medicine Ward B,26.666666666666668,35.0,0.7619047619047619
HHN-LON-01,2024-04-06,General Medicine Ward B,26.208333333333332,34.833333333333336,0.7529569892473118
HHN-LON-01,2024-04-07,General Medicine Ward B,24.75,34.916666666666664,0.7091630591630591
HHN-LON-01,2024-04-08,General Medicine Ward B,30.375,35.0,0.8678571428571429
HHN-LON-01,2024-04-09,General Medicine Ward B,32.791666666666664,35.0,0.936904761904762
HHN-LON-01,2024-04-10,General Medicine Ward B,33.333333333333336,34.791666666666664,0.9583333333333334
HHN-LON-01,2024-04-11,General Medicine Ward B,34.708333333333336,34.916666666666664,0.9940476190476191
HHN-LON-01,2024-04-12,General Medicine Ward B,34.958333333333336,35.0,0.9988095238095238
HHN-LON-01,2024-04-13,General Medicine Ward B,34.916666666666664,35.0,0.9976190476190476
HHN-LON-01,2024-04-14,General Medicine Ward B,34.166666666666664,34.625,0.986904761904762
HHN-LON-01,2024-04-15,General Medicine Ward B,27.666666666666668,34.833333333333336,0.7947772657450077
HHN-LON-01,2024-04-16,General Medicine Ward B,28.833333333333332,34.875,0.8268229166666666
HHN-LON-01,2024-04-17,General Medicine Ward B,31.0,34.833333333333336,0.8904761904761904
HHN-LON-01,2024-04-18,General Medicine Ward B,26.166666666666668,34.791666666666664,0.7535714285714286
HHN-LON-01,2024-04-19,General Medicine Ward B,28.125,35.0,0.8035714285714287
HHN-LON-01,2024-04-20,General Medicine Ward B,24.125,34.625,0.6984126984126985
HHN-LON-01,2024-04-21,General Medicine Ward B,34.916666666666664,35.0,0.9976190476190476
HHN-LON-01,2024-04-22,General Medicine Ward B,34.625,34.791666666666664,0.9952380952380953
HHN-LON-01,2024-04-23,General Medicine Ward B,28.541666666666668,34.958333333333336,0.8163515406162465
HHN-LON-01,2024-04-24,General Medicine Ward B,28.166666666666668,34.791666666666664,0.8100187139249639
HHN-LON-01,2024-04-25,General Medicine Ward B,29.333333333333332,34.75,0.8450980392156863
HHN-LON-01,2024-04-26,General Medicine Ward B,23.708333333333332,34.916666666666664,0.6789682539682539
HHN-LON-01,2024-04-27,General Medicine Ward B,26.166666666666668,34.458333333333336,0.7586061507936508
HHN-LON-01,2024-04-28,General Medicine Ward B,33.208333333333336,34.958333333333336,0.9499299719887956
HHN-LON-01,2024-04-29,General Medicine Ward B,27.166666666666668,34.958333333333336,0.7770658263305322
HHN-LON-01,2024-04-30,General Medicine Ward B,22.708333333333332,34.75,0.6536509395424837
HHN-LON-01,2024-05-01,General Medicine Ward B,26.291666666666668,34.666666666666664,0.7593020541549954
HHN-LON-01,2024-05-02,General Medicine Ward B,21.291666666666668,34.833333333333336,0.6114123774509804
HHN-LON-01,2024-05-03,General Medicine Ward B,16.166666666666668,35.0,0.4619047619047619
HHN-LON-01,2024-05-04,General Medicine Ward B,13.583333333333334,34.583333333333336,0.39334056203126405
HHN-LON-01,2024-05-05,General Medicine Ward B,11.25,34.791666666666664,0.3238095238095238
HHN-LON-01,2024-05-06,General Medicine Ward B,15.75,34.666666666666664,0.4545353084415584
HHN-LON-01,2024-05-07,General Medicine Ward B,19.75,34.625,0.5709293394777265
HHN-LON-01,2024-05-08,General Medicine Ward B,23.583333333333332,35.0,0.6738095238095237
HHN-LON-01,2024-05-09,General Medicine Ward B,22.083333333333332,34.791666666666664,0.6349835095328454
HHN-LON-01,2024-05-10,General Medicine Ward B,23.083333333333332,35.0,0.6595238095238095
HHN-LON-01,2024-05-11,General Medicine Ward B,26.333333333333332,34.833333333333336,0.7562049062049062
HHN-LON-01,2024-05-12,General Medicine Ward B,22.333333333333332,34.916666666666664,0.6398989898989899
HHN-LON-01,2024-05-13,General Medicine Ward B,23.833333333333332,34.916666666666664,0.6824675324675326
HHN-LON-01,2024-05-14,General Medicine Ward B,24.916666666666668,34.791666666666664,0.7172731782106783
HHN-LON-01,2024-05-15,General Medicine Ward B,23.791666666666668,35.0,0.6797619047619047
HHN-LON-01,2024-05-16,General Medicine Ward B,24.291666666666668,35.0,0.6940476190476191
HHN-LON-01,2024-05-17,General Medicine Ward B,24.583333333333332,34.833333333333336,0.7060464810924371
HHN-LON-01,2024-05-18,General Medicine Ward B,18.916666666666668,34.708333333333336,0.545508658008658
HHN-LON-01,2024-05-19,General Medicine Ward B,15.833333333333334,34.625,0.4577030812324929
HHN-LON-01,2024-05-20,General Medicine Ward B,16.708333333333332,35.0,0.4773809523809523
HHN-LON-01,2024-05-21,General Medicine Ward B,13.458333333333334,35.0,0.3845238095238095
HHN-LON-01,2024-05-22,General Medicine Ward B,18.666666666666668,34.75,0.5375599311083182
HHN-LON-01,2024-05-23,General Medicine Ward B,19.333333333333332,34.916666666666664,0.5535353535353535
HHN-LON-01,2024-05-24,General Medicine Ward B,22.916666666666668,35.0,0.6547619047619048
HHN-LON-01,2024-05-25,General Medicine Ward B,18.0,34.708333333333336,0.5191558441558441
HHN-LON-01,2024-05-26,General Medicine Ward B,15.208333333333334,34.666666666666664,0.43902028553356826
HHN-LON-01,2024-05-27,General Medicine Ward B,15.375,34.958333333333336,0.43995098039215685
HHN-LON-01,2024-05-28,General Medicine Ward B,19.166666666666668,34.958333333333336,0.5482843137254901
HHN-LON-01,2024-05-29,General Medicine Ward B,19.791666666666668,34.916666666666664,0.5667748917748917
HHN-LON-01,2024-05-30,General Medicine Ward B,20.791666666666668,35.0,0.594047619047619
HHN-LON-01,2024-05-31,General Medicine Ward B,20.166666666666668,34.875,0.5786458333333333
HHN-LON-01,2024-06-01,General Medicine Ward B,16.833333333333332,34.791666666666664,0.4843253968253968
HHN-LON-01,2024-06-02,General Medicine Ward B,14.541666666666666,34.375,0.42391436688311684
HHN-LON-01,2024-06-03,General Medicine Ward B,12.916666666666666,34.791666666666664,0.3712301587301587
HHN-LON-01,2024-06-04,General Medicine Ward B,13.791666666666666,34.5,0.4002256144393241
HHN-LON-01,2024-06-05,General Medicine Ward B,16.833333333333332,34.833333333333336,0.48387096774193544
HHN-LON-01,2024-06-06,General Medicine Ward B,18.833333333333332,34.875,0.5401041666666667
HHN-LON-01,2024-06-07,General Medicine Ward B,21.791666666666668,34.875,0.6249627976190476
HHN-LON-01,2024-06-08,General Medicine Ward B,26.208333333333332,34.291666666666664,0.7658839342188489
HHN-LON-01,2024-06-09,General Medicine Ward B,23.25,34.666666666666664,0.6712912535493181
HHN-LON-01,2024-06-10,General Medicine Ward B,22.041666666666668,34.958333333333336,0.630532212885154
HHN-LON-01,2024-06-11,General Medicine Ward B,21.916666666666668,34.875,0.6284226190476191
HHN-LON-01,2024-06-12,General Medicine Ward B,23.875,34.833333333333336,0.6858294930875576
HHN-LON-01,2024-06-13,General Medicine Ward B,21.125,34.916666666666664,0.6051587301587301
HHN-LON-01,2024-06-14,General Medicine Ward B,25.416666666666668,34.916666666666664,0.7279942279942281
HHN-LON-01,2024-06-15,General Medicine Ward B,23.708333333333332,34.583333333333336,0.6864814107461167
HHN-LON-01,2024-06-16,General Medicine Ward B,24.708333333333332,35.0,0.705952380952381
HHN-LON-01,2024-06-17,General Medicine Ward B,23.708333333333332,34.833333333333336,0.6809348739495799
HHN-LON-01,2024-06-18,General Medicine Ward B,21.416666666666668,34.875,0.6142485119047619
HHN-LON-01,2024-06-19,General Medicine Ward B,26.791666666666668,34.833333333333336,0.7696236559139785
HHN-LON-01,2024-06-20,General Medicine Ward B,25.291666666666668,34.791666666666664,0.727579365079365
HHN-LON-01,2024-06-21,General Medicine Ward B,28.791666666666668,34.833333333333336,0.8269201228878648
HHN-LON-01,2024-06-22,General Medicine Ward B,27.916666666666668,34.291666666666664,0.815797152194211
HHN-LON-01,2024-06-23,General Medicine Ward B,27.5,34.458333333333336,0.7990515756644788
HHN-LON-01,2024-06-24,General Medicine Ward B,25.375,34.75,0.7317927170868348
HHN-LON-01,2024-06-25,General Medicine Ward B,30.958333333333332,35.0,0.8845238095238095
HHN-LON-01,2024-06-26,General Medicine Ward B,31.166666666666668,35.0,0.8904761904761904
HHN-LON-01,2024-06-27,General Medicine Ward B,24.833333333333332,34.916666666666664,0.7111111111111111
HHN-LON-01,2024-06-28,General Medicine Ward B,21.791666666666668,34.958333333333336,0.6233893557422969
HHN-LON-01,2024-06-29,General Medicine Ward B,23.291666666666668,34.833333333333336,0.6691628264208909
HHN-LON-01,2024-06-30,General Medicine Ward B,18.958333333333332,34.708333333333336,0.5464646464646464
HHN-LON-01,2024-07-01,General Medicine Ward B,16.875,34.875,0.48410682454800097
HHN-LON-01,2024-07-02,General Medicine Ward B,20.041666666666668,34.833333333333336,0.5758448540706606
HHN-LON-01,2024-07-03,General Medicine Ward B,20.541666666666668,34.708333333333336,0.5918244521660081
HHN-LON-01,2024-07-04,General Medicine Ward B,20.125,34.75,0.5795213246588958
HHN-LON-01,2024-07-05,General Medicine Ward B,17.833333333333332,34.875,0.511421130952381
HHN-LON-01,2024-07-06,General Medicine Ward B,20.875,34.625,0.6035132793953358
HHN-LON-01,2024-07-07,General Medicine Ward B,17.166666666666668,34.75,0.49431410883023785
HHN-LON-01,2024-07-08,General Medicine Ward B,15.708333333333334,34.833333333333336,0.45096006144393236
HHN-LON-01,2024-07-09,General Medicine Ward B,18.375,35.0,0.525
HHN-LON-01,2024-07-10,General Medicine Ward B,13.666666666666666,34.708333333333336,0.39403561827956984
HHN-LON-01,2024-07-11,General Medicine Ward B,15.458333333333334,35.0,0.4416666666666666
HHN-LON-01,2024-07-12,General Medicine Ward B,15.708333333333334,34.666666666666664,0.4534178187403994
HHN-LON-01,2024-07-13,General Medicine Ward B,19.458333333333332,35.0,0.5559523809523809
HHN-LON-01,2024-07-14,General Medicine Ward B,23.291666666666668,34.541666666666664,0.6753857701438347
HHN-LON-01,2024-07-15,General Medicine Ward B,24.791666666666668,34.5,0.7195272497439836
HHN-LON-01,2024-07-16,General Medicine Ward B,21.5,35.0,0.6142857142857142
HHN-LON-01,2024-07-17,General Medicine Ward B,18.125,34.791666666666664,0.5214285714285715
HHN-LON-01,2024-07-18,General Medicine Ward B,18.75,35.0,0.5357142857142857
HHN-LON-01,2024-07-19,General Medicine Ward B,17.208333333333332,35.0,0.49166666666666664
HHN-LON-01,2024-07-20,General Medicine Ward B,14.958333333333334,34.791666666666664,0.42936507936507934
HHN-LON-01,2024-07-21,General Medicine Ward B,12.166666666666666,34.375,0.35417306707629287
HHN-LON-01,2024-07-22,General Medicine Ward B,18.5,35.0,0.5285714285714286
HHN-LON-01,2024-07-23,General Medicine Ward B,21.041666666666668,35.0,0.6011904761904762
HHN-LON-01,2024-07-24,General Medicine Ward B,28.416666666666668,35.0,0.811904761904762
HHN-LON-01,2024-07-25,General Medicine Ward B,29.958333333333332,35.0,0.855952380952381
HHN-LON-01,2024-07-26,General Medicine Ward B,25.666666666666668,35.0,0.7333333333333334
HHN-LON-01,2024-07-27,General Medicine Ward B,19.583333333333332,34.666666666666664,0.5658218125960061
HHN-LON-01,2024-07-28,General Medicine Ward B,14.791666666666666,34.875,0.4241815476190476
HHN-LON-01,2024-07-29,General Medicine Ward B,13.625,34.583333333333336,0.3948784722222222
HHN-LON-01,2024-07-30,General Medicine Ward B,20.083333333333332,34.75,0.5779453521389005
HHN-LON-01,2024-07-31,General Medicine Ward B,18.958333333333332,34.958333333333336,0.5423319327731092
HHN-LON-01,2024-08-01,General Medicine Ward B,12.708333333333334,34.666666666666664,0.3676339285714285
HHN-LON-01,2024-08-02,General Medicine Ward B,13.041666666666666,35.0,0.3726190476190476
HHN-LON-01,2024-08-03,General Medicine Ward B,14.416666666666666,34.916666666666664,0.41305916305916307
HHN-LON-01,2024-08-04,General Medicine Ward B,14.416666666666666,34.75,0.41491815476190474
HHN-LON-01,2024-08-05,General Medicine Ward B,13.875,35.0,0.39642857142857135
HHN-LON-01,2024-08-06,General Medicine Ward B,12.958333333333334,34.916666666666664,0.371031746031746
HHN-LON-01,2024-08-07,General Medicine Ward B,16.75,34.791666666666664,0.48154761904761906
HHN-LON-01,2024-08-08,General Medicine Ward B,21.166666666666668,34.666666666666664,0.6112723214285715
HHN-LON-01,2024-08-09,General Medicine Ward B,20.416666666666668,34.625,0.5908890639589169
HHN-LON-01,2024-08-10,General Medicine Ward B,18.875,34.875,0.541517857142857
HHN-LON-01,2024-08-11,General Medicine Ward B,18.916666666666668,34.833333333333336,0.543073593073593
HHN-LON-01,2024-08-12,General Medicine Ward B,19.333333333333332,34.833333333333336,0.555122655122655
HHN-LON-01,2024-08-13,General Medicine Ward B,18.916666666666668,34.791666666666664,0.544047619047619
HHN-LON-01,2024-08-14,General Medicine Ward B,19.458333333333332,34.916666666666664,0.5573232323232323
HHN-LON-01,2024-08-15,General Medicine Ward B,21.916666666666668,35.0,0.6261904761904762
HHN-LON-01,2024-08-16,General Medicine Ward B,24.125,34.833333333333336,0.6931259600614439
HHN-LON-01,2024-08-17,General Medicine Ward B,25.208333333333332,34.791666666666664,0.7246809613997115
HHN-LON-01,2024-08-18,General Medicine Ward B,22.875,34.75,0.6591517857142857
HHN-LON-01,2024-08-19,General Medicine Ward B,17.5,35.0,0.5
HHN-LON-01,2024-08-20,General Medicine Ward B,20.458333333333332,34.958333333333336,0.5852591036414566
HHN-LON-01,2024-08-21,General Medicine Ward B,21.875,35.0,0.625
HHN-LON-01,2024-08-22,General Medicine Ward B,21.458333333333332,35.0,0.613095238095238
HHN-LON-01,2024-08-23,General Medicine Ward B,19.375,34.75,0.5584031559838011
HHN-LON-01,2024-08-24,General Medicine Ward B,19.791666666666668,34.583333333333336,0.5728163308334085
HHN-LON-01,2024-08-25,General Medicine Ward B,20.291666666666668,35.0,0.5797619047619047
HHN-LON-01,2024-08-26,General Medicine Ward B,22.166666666666668,35.0,0.6333333333333333
HHN-LON-01,2024-08-27,General Medicine Ward B,24.291666666666668,34.791666666666664,0.6986581729465979
HHN-LON-01,2024-08-28,General Medicine Ward B,22.166666666666668,34.625,0.6410778289810548
HHN-LON-01,2024-08-29,General Medicine Ward B,24.791666666666668,34.791666666666664,0.7134920634920635
HHN-LON-01,2024-08-30,General Medicine Ward B,22.291666666666668,35.0,0.6369047619047619
HHN-LON-01,2024-08-31,General Medicine Ward B,21.25,34.833333333333336,0.6104617604617605
HHN-LON-01,2024-09-01,General Medicine Ward B,24.791666666666668,34.541666666666664,0.7187979453144894
HHN-LON-01,2024-09-02,General Medicine Ward B,21.25,34.708333333333336,0.6122294372294372
HHN-LON-01,2024-09-03,General Medicine Ward B,21.625,34.833333333333336,0.6205988455988456
HHN-LON-01,2024-09-04,General Medicine Ward B,22.916666666666668,34.75,0.6601240211993888
HHN-LON-01,2024-09-05,General Medicine Ward B,22.208333333333332,35.0,0.6345238095238095
HHN-LON-01,2024-09-06,General Medicine Ward B,21.5,34.5,0.6245634544140236
HHN-LON-01,2024-09-07,General Medicine Ward B,23.041666666666668,34.75,0.6632398120538537
HHN-LON-01,2024-09-08,General Medicine Ward B,28.125,34.833333333333336,0.8074116743471582
HHN-LON-01,2024-09-09,General Medicine Ward B,26.458333333333332,34.875,0.7587425595238096
HHN-LON-01,2024-09-10,General Medicine Ward B,28.458333333333332,35.0,0.8130952380952382
HHN-LON-01,2024-09-11,General Medicine Ward B,25.666666666666668,34.833333333333336,0.7374807987711214
HHN-LON-01,2024-09-12,General Medicine Ward B,21.25,34.958333333333336,0.6077380952380952
HHN-LON-01,2024-09-13,General Medicine Ward B,15.083333333333334,34.666666666666664,0.4355606758832565
HHN-LON-01,2024-09-14,General Medicine Ward B,18.791666666666668,34.833333333333336,0.5400072150072149
HHN-LON-01,2024-09-15,General Medicine Ward B,22.25,34.958333333333336,0.6364495798319327
HHN-LON-01,2024-09-16,General Medicine Ward B,26.958333333333332,34.666666666666664,0.7784352744030163
HHN-LON-01,2024-09-17,General Medicine Ward B,27.25,35.0,0.7785714285714286
HHN-LON-01,2024-09-18,General Medicine Ward B,27.875,35.0,0.7964285714285714
HHN-LON-01,2024-09-19,General Medicine Ward B,27.541666666666668,35.0,0.7869047619047619
HHN-LON-01,2024-09-20,General Medicine Ward B,28.291666666666668,34.958333333333336,0.8092436974789917
HHN-LON-01,2024-09-21,General Medicine Ward B,24.875,34.708333333333336,0.7177635368663595
HHN-LON-01,2024-09-22,General Medicine Ward B,22.333333333333332,34.916666666666664,0.6397546897546897
HHN-LON-01,2024-09-23,General Medicine Ward B,17.708333333333332,35.0,0.5059523809523809
HHN-LON-01,2024-09-24,General Medicine Ward B,22.25,34.791666666666664,0.6393331526158851
HHN-LON-01,2024-09-25,General Medicine Ward B,27.25,34.583333333333336,0.7889227092352092
HHN-LON-01,2024-09-26,General Medicine Ward B,24.458333333333332,34.833333333333336,0.7028033794162827
HHN-LON-01,2024-09-27,General Medicine Ward B,17.25,34.916666666666664,0.49430014430014424
HHN-LON-01,2024-09-28,General Medicine Ward B,14.416666666666666,34.416666666666664,0.42005248335893497
HHN-LON-01,2024-09-29,General Medicine Ward B,16.291666666666668,34.583333333333336,0.4703265372620211
HHN-LON-01,2024-09-30,General Medicine Ward B,20.583333333333332,34.791666666666664,0.5924603174603175
HHN-LON-01,2024-10-01,General Medicine Ward B,22.083333333333332,35.0,0.6309523809523809
HHN-LON-01,2024-10-02,General Medicine Ward B,21.333333333333332,34.583333333333336,0.6177118159091594
HHN-LON-01,2024-10-03,General Medicine Ward B,20.25,35.0,0.5785714285714285
HHN-LON-01,2024-10-04,General Medicine Ward B,21.208333333333332,34.958333333333336,0.6066176470588235
HHN-LON-01,2024-10-05,General Medicine Ward B,24.875,34.791666666666664,0.7152777777777778
HHN-LON-01,2024-10-06,General Medicine Ward B,28.75,34.166666666666664,0.8440656201996929
HHN-LON-01,2024-10-07,General Medicine Ward B,32.916666666666664,35.0,0.9404761904761904
HHN-LON-01,2024-10-08,General Medicine Ward B,29.25,34.791666666666664,0.8416666666666667
HHN-LON-01,2024-10-09,General Medicine Ward B,29.125,34.916666666666664,0.8341630591630592
HHN-LON-01,2024-10-10,General Medicine Ward B,31.666666666666668,34.791666666666664,0.9107142857142857
HHN-LON-01,2024-10-11,General Medicine Ward B,34.583333333333336,34.583333333333336,1.0
HHN-LON-01,2024-10-12,General Medicine Ward B,34.666666666666664,34.666666666666664,1.0
HHN-LON-01,2024-10-13,General Medicine Ward B,34.958333333333336,34.958333333333336,1.0
HHN-LON-01,2024-10-14,General Medicine Ward B,34.5,34.583333333333336,0.9976190476190476
HHN-LON-01,2024-10-15,General Medicine Ward B,32.291666666666664,34.875,0.9256324404761904
HHN-LON-01,2024-10-16,General Medicine Ward B,25.708333333333332,34.833333333333336,0.7383640552995393
HHN-LON-01,2024-10-17,General Medicine Ward B,26.125,34.833333333333336,0.7502688172043012
HHN-LON-01,2024-10-18,General Medicine Ward B,26.625,34.875,0.7635005517358459
HHN-LON-01,2024-10-19,General Medicine Ward B,22.458333333333332,34.875,0.644233630952381
HHN-LON-01,2024-10-20,General Medicine Ward B,26.916666666666668,34.708333333333336,0.7762265512265513
HHN-LON-01,2024-10-21,General Medicine Ward B,28.875,34.916666666666664,0.8270923520923521
HHN-LON-01,2024-10-22,General Medicine Ward B,33.625,34.833333333333336,0.9654761904761905
HHN-LON-01,2024-10-23,General Medicine Ward B,31.583333333333332,35.0,0.9023809523809524
HHN-LON-01,2024-10-24,General Medicine Ward B,20.833333333333332,34.875,0.5975818452380952
HHN-LON-01,2024-10-25,General Medicine Ward B,19.541666666666668,34.833333333333336,0.5612519201228878
HHN-LON-01,2024-10-26,General Medicine Ward B,23.0,34.666666666666664,0.6637061862868314
HHN-LON-01,2024-10-27,General Medicine Ward B,24.458333333333332,34.583333333333336,0.7087301587301588
HHN-LON-01,2024-10-28,General Medicine Ward B,28.875,35.0,0.8250000000000001
HHN-LON-01,2024-10-29,General Medicine Ward B,27.416666666666668,34.833333333333336,0.7880952380952381
HHN-LON-01,2024-10-30,General Medicine Ward B,21.5,34.833333333333336,0.617141544117647
HHN-LON-01,2024-10-31,General Medicine Ward B,19.375,34.791666666666664,0.5589285714285714
HHN-LON-01,2024-11-01,General Medicine Ward B,27.166666666666668,34.833333333333336,0.7806451612903226
HHN-LON-01,2024-11-02,General Medicine Ward B,28.208333333333332,34.625,0.8154149159663865
HHN-LON-01,2024-11-03,General Medicine Ward B,32.541666666666664,35.0,0.9297619047619047
HHN-LON-01,2024-11-04,General Medicine Ward B,34.25,34.708333333333336,0.986904761904762
HHN-LON-01,2024-11-05,General Medicine Ward B,35.0,35.0,1.0
HHN-LON-01,2024-11-06,General Medicine Ward B,34.125,34.166666666666664,0.9988095238095238
HHN-LON-01,2024-11-07,General Medicine Ward B,31.666666666666668,34.916666666666664,0.9071428571428571
HHN-LON-01,2024-11-08,General Medicine Ward B,27.0,35.0,0.7714285714285715
HHN-LON-01,2024-11-09,General Medicine Ward B,27.0,34.875,0.7743303571428571
HHN-LON-01,2024-11-10,General Medicine Ward B,32.541666666666664,34.458333333333336,0.9452380952380953
HHN-LON-01,2024-11-11,General Medicine Ward B,34.291666666666664,35.0,0.9797619047619048
HHN-LON-01,2024-11-12,General Medicine Ward B,29.166666666666668,34.916666666666664,0.8355699855699856
HHN-LON-01,2024-11-13,General Medicine Ward B,31.708333333333332,35.0,0.905952380952381
HHN-LON-01,2024-11-14,General Medicine Ward B,34.583333333333336,34.833333333333336,0.9928571428571429
HHN-LON-01,2024-11-15,General Medicine Ward B,32.916666666666664,34.833333333333336,0.9451309311603429
HHN-LON-01,2024-11-16,General Medicine Ward B,33.416666666666664,34.791666666666664,0.9606442577030813
HHN-LON-01,2024-11-17,General Medicine Ward B,34.791666666666664,34.791666666666664,1.0
HHN-LON-01,2024-11-18,General Medicine Ward B,34.958333333333336,35.0,0.9988095238095238
HHN-LON-01,2024-11-19,General Medicine Ward B,34.958333333333336,34.958333333333336,1.0
HHN-LON-01,2024-11-20,General Medicine Ward B,34.833333333333336,35.0,0.9952380952380953
HHN-LON-01,2024-11-21,General Medicine Ward B,32.541666666666664,34.791666666666664,0.9357142857142858
HHN-LON-01,2024-11-22,General Medicine Ward B,32.166666666666664,34.791666666666664,0.9249999999999999
HHN-LON-01,2024-11-23,General Medicine Ward B,31.541666666666668,34.666666666666664,0.9103577794754266
HHN-LON-01,2024-11-24,General Medicine Ward B,29.666666666666668,34.875,0.8506196417961124
HHN-LON-01,2024-11-25,General Medicine Ward B,29.166666666666668,35.0,0.8333333333333334
HHN-LON-01,2024-11-26,General Medicine Ward B,32.833333333333336,34.833333333333336,0.942857142857143
HHN-LON-01,2024-11-27,General Medicine Ward B,33.25,34.958333333333336,0.9511554621848739
HHN-LON-01,2024-11-28,General Medicine Ward B,33.0,34.791666666666664,0.9488095238095239
HHN-LON-01,2024-11-29,General Medicine Ward B,31.083333333333332,35.0,0.8880952380952382
HHN-LON-01,2024-11-30,General Medicine Ward B,27.833333333333332,34.583333333333336,0.8053582702020202
HHN-LON-01,2024-12-01,General Medicine Ward B,23.958333333333332,34.708333333333336,0.6900326797385622
HHN-LON-01,2024-12-02,General Medicine Ward B,20.833333333333332,34.458333333333336,0.6055882164693834
HHN-LON-01,2024-12-03,General Medicine Ward B,23.083333333333332,34.958333333333336,0.6603641456582633
HHN-LON-01,2024-12-04,General Medicine Ward B,27.375,34.666666666666664,0.7898788345983555
HHN-LON-01,2024-12-05,General Medicine Ward B,32.5,35.0,0.9285714285714285
HHN-LON-01,2024-12-06,General Medicine Ward B,34.458333333333336,34.583333333333336,0.9964285714285714
HHN-LON-01,2024-12-07,General Medicine Ward B,34.208333333333336,34.208333333333336,1.0
HHN-LON-01,2024-12-08,General Medicine Ward B,33.75,34.625,0.9749299719887955
HHN-LON-01,2024-12-09,General Medicine Ward B,30.083333333333332,34.416666666666664,0.8758832565284179
HHN-LON-01,2024-12-10,General Medicine Ward B,32.5,34.916666666666664,0.9308080808080809
HHN-LON-01,2024-12-11,General Medicine Ward B,32.541666666666664,34.708333333333336,0.9376551500365542
HHN-LON-01,2024-12-12,General Medicine Ward B,34.458333333333336,34.583333333333336,0.9964285714285714
HHN-LON-01,2024-12-13,General Medicine Ward B,33.166666666666664,34.875,0.9511904761904763
HHN-LON-01,2024-12-14,General Medicine Ward B,34.916666666666664,34.916666666666664,1.0
HHN-LON-01,2024-12-15,General Medicine Ward B,34.458333333333336,34.458333333333336,1.0
HHN-LON-01,2024-12-16,General Medicine Ward B,35.0,35.0,1.0
HHN-LON-01,2024-12-17,General Medicine Ward B,34.333333333333336,34.416666666666664,0.9976190476190476
HHN-LON-01,2024-12-18,General Medicine Ward B,33.291666666666664,34.791666666666664,0.9569985569985571
HHN-LON-01,2024-12-19,General Medicine Ward B,34.083333333333336,34.666666666666664,0.9833333333333334
HHN-LON-01,2024-12-20,General Medicine Ward B,34.541666666666664,34.541666666666664,1.0
HHN-LON-01,2024-12-21,General Medicine Ward B,34.458333333333336,34.458333333333336,1.0
HHN-LON-01,2024-12-22,General Medicine Ward B,34.791666666666664,34.791666666666664,1.0
HHN-LON-01,2024-12-23,General Medicine Ward B,34.666666666666664,34.75,0.9976190476190476
HHN-LON-01,2024-12-24,General Medicine Ward B,34.708333333333336,34.708333333333336,1.0
HHN-LON-01,2024-12-25,General Medicine Ward B,34.541666666666664,34.541666666666664,1.0
HHN-LON-01,2024-12-26,General Medicine Ward B,34.916666666666664,34.916666666666664,1.0
HHN-LON-01,2024-12-27,General Medicine Ward B,33.458333333333336,35.0,0.955952380952381
HHN-LON-01,2024-12-28,General Medicine Ward B,32.416666666666664,34.875,0.9296568627450981
HHN-LON-01,2024-12-29,General Medicine Ward B,34.708333333333336,34.708333333333336,1.0
HHN-LON-01,2024-12-30,General Medicine Ward B,34.708333333333336,34.708333333333336,1.0
HHN-LON-01,2024-12-31,General Medicine Ward B,34.583333333333336,34.583333333333336,1.0
HHN-LON-01,2025-01-01,General Medicine Ward B,34.833333333333336,34.833333333333336,1.0
HHN-LON-01,2025-01-02,General Medicine Ward B,34.833333333333336,34.833333333333336,1.0
HHN-LON-01,2025-01-03,General Medicine Ward B,34.25,34.708333333333336,0.986904761904762
HHN-LON-01,2025-01-04,General Medicine Ward B,34.958333333333336,35.0,0.9988095238095238
HHN-LON-01,2025-01-05,General Medicine Ward B,34.541666666666664,34.541666666666664,1.0
HHN-LON-01,2025-01-06,General Medicine Ward B,34.416666666666664,34.416666666666664,1.0
HHN-LON-01,2025-01-07,General Medicine Ward B,33.375,34.083333333333336,0.9797619047619048
HHN-LON-01,2025-01-08,General Medicine Ward B,34.458333333333336,34.833333333333336,0.9892857142857143
HHN-LON-01,2025-01-09,General Medicine Ward B,32.041666666666664,34.708333333333336,0.9234326996927803
HHN-LON-01,2025-01-10,General Medicine Ward B,34.875,34.875,1.0
HHN-LON-01,2025-01-11,General Medicine Ward B,34.458333333333336,34.458333333333336,1.0
HHN-LON-01,2025-01-12,General Medicine Ward B,34.666666666666664,34.666666666666664,1.0
HHN-LON-01,2025-01-13,General Medicine Ward B,34.791666666666664,34.791666666666664,1.0
HHN-LON-01,2025-01-14,General Medicine Ward B,30.041666666666668,34.916666666666664,0.8605042016806723
HHN-LON-01,2025-01-15,General Medicine Ward B,29.958333333333332,34.708333333333336,0.8633697027197976
HHN-LON-01,2025-01-16,General Medicine Ward B,34.791666666666664,34.791666666666664,1.0
HHN-LON-01,2025-01-17,General Medicine Ward B,33.083333333333336,34.708333333333336,0.9535714285714286
HHN-LON-01,2025-01-18,General Medicine Ward B,33.666666666666664,34.125,0.9868347338935575
HHN-LON-01,2025-01-19,General Medicine Ward B,34.75,34.75,1.0
HHN-LON-01,2025-01-20,General Medicine Ward B,34.666666666666664,34.666666666666664,1.0
HHN-LON-01,2025-01-21,General Medicine Ward B,34.541666666666664,34.625,0.9976190476190476
HHN-LON-01,2025-01-22,General Medicine Ward B,33.0,34.791666666666664,0.9488095238095239
HHN-LON-01,2025-01-23,General Medicine Ward B,30.333333333333332,34.958333333333336,0.867752100840336
HHN-LON-01,2025-01-24,General Medicine Ward B,26.833333333333332,34.625,0.7763153205441512
HHN-LON-01,2025-01-25,General Medicine Ward B,27.916666666666668,34.708333333333336,0.8054154995331465
HHN-LON-01,2025-01-26,General Medicine Ward B,30.916666666666668,34.5,0.8972515331890332
HHN-LON-01,2025-01-27,General Medicine Ward B,29.583333333333332,34.375,0.8622643485546712
HHN-LON-01,2025-01-28,General Medicine Ward B,31.125,34.791666666666664,0.8948412698412699
HHN-LON-01,2025-01-29,General Medicine Ward B,34.625,34.625,1.0
HHN-LON-01,2025-01-30,General Medicine Ward B,34.666666666666664,34.666666666666664,1.0
HHN-LON-01,2025-01-31,General Medicine Ward B,34.5,34.5,1.0
HHN-LON-01,2025-02-01,General Medicine Ward B,34.291666666666664,34.291666666666664,1.0
HHN-LON-01,2025-02-02,General Medicine Ward B,34.5,34.5,1.0
HHN-LON-01,2025-02-03,General Medicine Ward B,34.583333333333336,34.583333333333336,1.0
HHN-LON-01,2025-02-04,General Medicine Ward B,34.833333333333336,34.958333333333336,0.9964285714285714
HHN-LON-01,2025-02-05,General Medicine Ward B,33.75,34.875,0.9678571428571429
HHN-LON-01,2025-02-06,General Medicine Ward B,34.291666666666664,35.0,0.9797619047619047
HHN-LON-01,2025-02-07,General Medicine Ward B,32.958333333333336,34.875,0.9452380952380953
HHN-LON-01,2025-02-08,General Medicine Ward B,34.708333333333336,34.708333333333336,1.0
HHN-LON-01,2025-02-09,General Medicine Ward B,34.666666666666664,34.666666666666664,1.0
HHN-LON-01,2025-02-10,General Medicine Ward B,34.458333333333336,34.458333333333336,1.0
HHN-LON-01,2025-02-11,General Medicine Ward B,34.625,34.625,1.0
HHN-LON-01,2025-02-12,General Medicine Ward B,34.916666666666664,34.916666666666664,1.0
HHN-LON-01,2025-02-13,General Medicine Ward B,35.0,35.0,1.0
HHN-LON-01,2025-02-14,General Medicine Ward B,32.25,34.625,0.931998556998557
HHN-LON-01,2025-02-15,General Medicine Ward B,33.291666666666664,34.291666666666664,0.9713935574229692
HHN-LON-01,2025-02-16,General Medicine Ward B,34.625,34.625,1.0
HHN-LON-01,2025-02-17,General Medicine Ward B,34.583333333333336,34.583333333333336,1.0
HHN-LON-01,2025-02-18,General Medicine Ward B,33.75,34.958333333333336,0.965406162464986
HHN-LON-01,2025-02-19,General Medicine Ward B,34.583333333333336,34.583333333333336,1.0
HHN-LON-01,2025-02-20,General Medicine Ward B,34.583333333333336,34.583333333333336,1.0
HHN-LON-01,2025-02-21,General Medicine Ward B,34.583333333333336,34.583333333333336,1.0
HHN-LON-01,2025-02-22,General Medicine Ward B,34.75,34.75,1.0
HHN-LON-01,2025-02-23,General Medicine Ward B,34.625,34.625,1.0
HHN-LON-01,2025-02-24,General Medicine Ward B,34.625,34.625,1.0
HHN-LON-01,2025-02-25,General Medicine Ward B,34.875,34.875,1.0
HHN-LON-01,2025-02-26,General Medicine Ward B,34.458333333333336,34.458333333333336,1.0
HHN-LON-01,2025-02-27,General Medicine Ward B,34.916666666666664,34.916666666666664,1.0
HHN-LON-01,2025-02-28,General Medicine Ward B,34.833333333333336,34.833333333333336,1.0
HHN-LON-01,2025-03-01,General Medicine Ward B,34.75,34.791666666666664,0.9988095238095238
HHN-LON-01,2025-03-02,General Medicine Ward B,33.541666666666664,34.75,0.9653645833333333
HHN-LON-01,2025-03-03,General Medicine Ward B,34.958333333333336,34.958333333333336,1.0
HHN-LON-01,2025-03-04,General Medicine Ward B,34.75,34.75,1.0
HHN-LON-01,2025-03-05,General Medicine Ward B,34.583333333333336,34.583333333333336,1.0
HHN-LON-01,2025-03-06,General Medicine Ward B,34.875,34.875,1.0
HHN-LON-01,2025-03-07,General Medicine Ward B,33.208333333333336,34.916666666666664,0.9511904761904763
HHN-LON-01,2025-03-08,General Medicine Ward B,32.75,35.0,0.9357142857142858
HHN-LON-01,2025-03-09,General Medicine Ward B,32.416666666666664,34.916666666666664,0.9284313725490195
HHN-LON-01,2025-03-10,General Medicine Ward B,29.5,34.833333333333336,0.8471582181259601
HHN-LON-01,2025-03-11,General Medicine Ward B,30.916666666666668,34.916666666666664,0.8855699855699856
HHN-LON-01,2025-03-12,General Medicine Ward B,33.875,34.583333333333336,0.9797619047619048
HHN-LON-01,2025-03-13,General Medicine Ward B,32.125,35.0,0.9178571428571428
HHN-LON-01,2025-03-14,General Medicine Ward B,28.041666666666668,34.833333333333336,0.8053030303030303
HHN-LON-01,2025-03-15,General Medicine Ward B,33.833333333333336,34.708333333333336,0.975
HHN-LON-01,2025-03-16,General Medicine Ward B,33.833333333333336,34.666666666666664,0.9761904761904763
HHN-LON-01,2025-03-17,General Medicine Ward B,32.583333333333336,35.0,0.9309523809523809
HHN-LON-01,2025-03-18,General Medicine Ward B,27.708333333333332,34.791666666666664,0.7966934974747475
HHN-LON-01,2025-03-19,General Medicine Ward B,23.958333333333332,34.75,0.6897992530345473
HHN-LON-01,2025-03-20,General Medicine Ward B,19.083333333333332,34.541666666666664,0.553408029878618
HHN-LON-01,2025-03-21,General Medicine Ward B,24.458333333333332,34.875,0.7011532738095237
HHN-LON-01,2025-03-22,General Medicine Ward B,25.625,34.5,0.7439072100614439
HHN-LON-01,2025-03-23,General Medicine Ward B,27.75,35.0,0.7928571428571428
HHN-LON-01,2025-03-24,General Medicine Ward B,22.666666666666668,34.583333333333336,0.656547619047619
HHN-LON-01,2025-03-25,General Medicine Ward B,21.375,35.0,0.6107142857142857
HHN-LON-01,2025-03-26,General Medicine Ward B,24.375,35.0,0.6964285714285715
HHN-LON-01,2025-03-27,General Medicine Ward B,28.125,34.916666666666664,0.8055916305916306
HHN-LON-01,2025-03-28,General Medicine Ward B,24.791666666666668,35.0,0.7083333333333334
HHN-LON-01,2025-03-29,General Medicine Ward B,26.875,34.5,0.7801498996470534
HHN-LON-01,2025-03-30,General Medicine Ward B,31.041666666666668,34.666666666666664,0.8958513708513709
HHN-LON-01,2025-03-31,General Medicine Ward B,28.458333333333332,34.75,0.8196311858076565
HHN-LON-01,2025-04-01,General Medicine Ward B,28.958333333333332,34.791666666666664,0.8333333333333334
HHN-LON-01,2025-04-02,General Medicine Ward B,28.875,35.0,0.8250000000000001
HHN-LON-01,2025-04-03,General Medicine Ward B,32.5,34.75,0.9357142857142856
HHN-LON-01,2025-04-04,General Medicine Ward B,25.208333333333332,34.708333333333336,0.7270221294162827
HHN-LON-01,2025-04-05,General Medicine Ward B,24.666666666666668,34.916666666666664,0.7067821067821067
HHN-LON-01,2025-04-06,General Medicine Ward B,28.083333333333332,34.791666666666664,0.8076274058010301
HHN-LON-01,2025-04-07,General Medicine Ward B,27.541666666666668,34.5,0.7998167882744496
HHN-LON-01,2025-04-08,General Medicine Ward B,30.416666666666668,34.916666666666664,0.8712121212121212
HHN-LON-01,2025-04-09,General Medicine Ward B,27.25,34.666666666666664,0.7864613880742913
HHN-LON-01,2025-04-10,General Medicine Ward B,30.458333333333332,34.833333333333336,0.8742784992784993
HHN-LON-01,2025-04-11,General Medicine Ward B,32.75,34.166666666666664,0.9593400523088023
HHN-LON-01,2025-04-12,General Medicine Ward B,30.375,34.875,0.8714285714285714
HHN-LON-01,2025-04-13,General Medicine Ward B,29.875,34.333333333333336,0.8722041847041847
HHN-LON-01,2025-04-14,General Medicine Ward B,27.875,34.875,0.7995535714285715
HHN-LON-01,2025-04-15,General Medicine Ward B,27.041666666666668,34.791666666666664,0.7779761904761905
HHN-LON-01,2025-04-16,General Medicine Ward B,27.5,34.958333333333336,0.7866946778711484
HHN-LON-01,2025-04-17,General Medicine Ward B,28.208333333333332,34.625,0.815968574929972
HHN-LON-01,2025-04-18,General Medicine Ward B,29.541666666666668,34.583333333333336,0.8547745194729895
HHN-LON-01,2025-04-19,General Medicine Ward B,27.166666666666668,34.625,0.7855671490248103
HHN-LON-01,2025-04-20,General Medicine Ward B,28.083333333333332,34.458333333333336,0.8154633896569381
HHN-LON-01,2025-04-21,General Medicine Ward B,32.625,35.0,0.932142857142857
HHN-LON-01,2025-04-22,General Medicine Ward B,33.708333333333336,34.833333333333336,0.9678571428571429
HHN-LON-01,2025-04-23,General Medicine Ward B,34.916666666666664,34.916666666666664,1.0
HHN-LON-01,2025-04-24,General Medicine Ward B,31.25,35.0,0.8928571428571429
HHN-LON-01,2025-04-25,General Medicine Ward B,26.416666666666668,34.625,0.7634914452706791
HHN-LON-01,2025-04-26,General Medicine Ward B,18.666666666666668,34.708333333333336,0.5382884504608295
HHN-LON-01,2025-04-27,General Medicine Ward B,18.416666666666668,34.791666666666664,0.5291305916305916
HHN-LON-01,2025-04-28,General Medicine Ward B,25.625,35.0,0.7321428571428572
HHN-LON-01,2025-04-29,General Medicine Ward B,29.791666666666668,35.0,0.8511904761904762
HHN-LON-01,2025-04-30,General Medicine Ward B,27.833333333333332,34.791666666666664,0.8003111471861472
HHN-LON-01,2025-05-01,General Medicine Ward B,27.708333333333332,34.583333333333336,0.8027777777777777
HHN-LON-01,2025-05-02,General Medicine Ward B,25.083333333333332,34.958333333333336,0.7176120448179272
HHN-LON-01,2025-05-03,General Medicine Ward B,21.833333333333332,34.666666666666664,0.6301003970136442
HHN-LON-01,2025-05-04,General Medicine Ward B,25.583333333333332,34.583333333333336,0.7404761904761905
HHN-LON-01,2025-05-05,General Medicine Ward B,34.125,34.958333333333336,0.9761554621848739
HHN-LON-01,2025-05-06,General Medicine Ward B,34.583333333333336,35.0,0.9880952380952381
HHN-LON-01,2025-05-07,General Medicine Ward B,33.416666666666664,34.708333333333336,0.9629551820728292
HHN-LON-01,2025-05-08,General Medicine Ward B,31.041666666666668,35.0,0.8869047619047619
HHN-LON-01,2025-05-09,General Medicine Ward B,23.5,34.708333333333336,0.678517316017316
HHN-LON-01,2025-05-10,General Medicine Ward B,27.541666666666668,34.666666666666664,0.7955853174603175
HHN-LON-01,2025-05-11,General Medicine Ward B,25.166666666666668,34.916666666666664,0.7207633053221288
HHN-LON-01,2025-05-12,General Medicine Ward B,22.583333333333332,34.791666666666664,0.6498015873015873
HHN-LON-01,2025-05-13,General Medicine Ward B,20.875,34.833333333333336,0.5993471582181259
HHN-LON-01,2025-05-14,General Medicine Ward B,22.666666666666668,35.0,0.6476190476190476
HHN-LON-01,2025-05-15,General Medicine Ward B,19.75,34.875,0.56640625
HHN-LON-01,2025-05-16,General Medicine Ward B,19.416666666666668,34.625,0.5616275676937441
HHN-LON-01,2025-05-17,General Medicine Ward B,16.958333333333332,34.708333333333336,0.4897366522366522
HHN-LON-01,2025-05-18,General Medicine Ward B,16.166666666666668,34.25,0.4726810515873015
HHN-LON-01,2025-05-19,General Medicine Ward B,22.625,35.0,0.6464285714285715
HHN-LON-01,2025-05-20,General Medicine Ward B,24.708333333333332,35.0,0.705952380952381
HHN-LON-01,2025-05-21,General Medicine Ward B,27.208333333333332,35.0,0.7773809523809524
HHN-LON-01,2025-05-22,General Medicine Ward B,26.375,35.0,0.7535714285714286
HHN-LON-01,2025-05-23,General Medicine Ward B,26.0,34.958333333333336,0.7438375350140056
HHN-LON-01,2025-05-24,General Medicine Ward B,25.958333333333332,34.791666666666664,0.7463822625824523
HHN-LON-01,2025-05-25,General Medicine Ward B,24.791666666666668,34.708333333333336,0.7148101478494624
HHN-LON-01,2025-05-26,General Medicine Ward B,26.208333333333332,35.0,0.7488095238095238
HHN-LON-01,2025-05-27,General Medicine Ward B,26.875,35.0,0.7678571428571429
HHN-LON-01,2025-05-28,General Medicine Ward B,32.083333333333336,34.875,0.9201264880952381
HHN-LON-01,2025-05-29,General Medicine Ward B,32.041666666666664,34.708333333333336,0.9238095238095237
HHN-LON-01,2025-05-30,General Medicine Ward B,32.208333333333336,35.0,0.9202380952380952
HHN-LON-01,2025-05-31,General Medicine Ward B,34.333333333333336,35.0,0.980952380952381
HHN-LON-01,2025-06-01,General Medicine Ward B,34.541666666666664,34.791666666666664,0.9928571428571429
HHN-LON-01,2025-06-02,General Medicine Ward B,34.833333333333336,34.833333333333336,1.0
HHN-LON-01,2025-06-03,General Medicine Ward B,33.458333333333336,35.0,0.955952380952381
HHN-LON-01,2025-06-04,General Medicine Ward B,28.583333333333332,34.875,0.8197394109158815
HHN-LON-01,2025-06-05,General Medicine Ward B,25.416666666666668,34.791666666666664,0.7313492063492064
HHN-LON-01,2025-06-06,General Medicine Ward B,19.958333333333332,34.833333333333336,0.5735753676470589
HHN-LON-01,2025-06-07,General Medicine Ward B,21.041666666666668,35.0,0.6011904761904762
HHN-LON-01,2025-06-08,General Medicine Ward B,26.083333333333332,34.833333333333336,0.7489177489177489
HHN-LON-01,2025-06-09,General Medicine Ward B,25.708333333333332,34.875,0.7373139880952381
HHN-LON-01,2025-06-10,General Medicine Ward B,20.666666666666668,35.0,0.5904761904761905
HHN-LON-01,2025-06-11,General Medicine Ward B,20.541666666666668,35.0,0.5869047619047619
HHN-LON-01,2025-06-12,General Medicine Ward B,19.916666666666668,34.75,0.574167946748592
HHN-LON-01,2025-06-13,General Medicine Ward B,21.0,35.0,0.6
HHN-LON-01,2025-06-14,General Medicine Ward B,21.916666666666668,34.833333333333336,0.6292812579577286
HHN-LON-01,2025-06-15,General Medicine Ward B,22.541666666666668,34.791666666666664,0.6482142857142857
HHN-LON-01,2025-06-16,General Medicine Ward B,19.416666666666668,34.833333333333336,0.5578341013824885
HHN-LON-01,2025-06-17,General Medicine Ward B,17.208333333333332,34.708333333333336,0.49625343294698127
HHN-LON-01,2025-06-18,General Medicine Ward B,17.875,35.0,0.5107142857142857
HHN-LON-01,2025-06-19,General Medicine Ward B,21.125,34.916666666666664,0.6049422799422799
HHN-LON-01,2025-06-20,General Medicine Ward B,25.75,35.0,0.7357142857142858
HHN-LON-01,2025-06-21,General Medicine Ward B,28.25,34.708333333333336,0.81504329004329
HHN-LON-01,2025-06-22,General Medicine Ward B,29.625,34.833333333333336,0.8508832565284178
HHN-LON-01,2025-06-23,General Medicine Ward B,28.416666666666668,34.875,0.8152529761904762
HHN-LON-01,2025-06-24,General Medicine Ward B,27.208333333333332,35.0,0.7773809523809524
HHN-LON-01,2025-06-25,General Medicine Ward B,24.375,35.0,0.6964285714285715
HHN-LON-01,2025-06-26,General Medicine Ward B,19.541666666666668,34.916666666666664,0.5597041847041847
HHN-LON-01,2025-06-27,General Medicine Ward B,17.333333333333332,35.0,0.4952380952380952
HHN-LON-01,2025-06-28,General Medicine Ward B,20.0,34.916666666666664,0.572829131652661
HHN-LON-01,2025-06-29,General Medicine Ward B,18.166666666666668,34.708333333333336,0.524313787098417
HHN-LON-01,2025-06-30,General Medicine Ward B,18.166666666666668,34.833333333333336,0.5216589861751152
HHN-LON-01,2025-07-01,General Medicine Ward B,19.666666666666668,35.0,0.5619047619047618
HHN-LON-01,2025-07-02,General Medicine Ward B,20.0,34.416666666666664,0.5825908858166923
HHN-LON-01,2025-07-03,General Medicine Ward B,21.375,35.0,0.6107142857142857
HHN-LON-01,2025-07-04,General Medicine Ward B,19.458333333333332,35.0,0.5559523809523809
HHN-LON-01,2025-07-05,General Medicine Ward B,19.0,34.75,0.5477517106549364
HHN-LON-01,2025-07-06,General Medicine Ward B,16.791666666666668,34.666666666666664,0.4847470238095238
HHN-LON-01,2025-07-07,General Medicine Ward B,13.125,34.75,0.37795118994567517
HHN-LON-01,2025-07-08,General Medicine Ward B,15.166666666666666,34.916666666666664,0.4343434343434343
HHN-LON-01,2025-07-09,General Medicine Ward B,15.041666666666666,34.833333333333336,0.4319962359943977
HHN-LON-01,2025-07-10,General Medicine Ward B,16.25,35.0,0.46428571428571425
HHN-LON-01,2025-07-11,General Medicine Ward B,18.958333333333332,35.0,0.5416666666666666
HHN-LON-01,2025-07-12,General Medicine Ward B,17.5,34.916666666666664,0.5012265512265511
HHN-LON-01,2025-07-13,General Medicine Ward B,16.875,34.916666666666664,0.4834415584415584
HHN-LON-01,2025-07-14,General Medicine Ward B,16.833333333333332,34.875,0.4827412783295136
HHN-LON-01,2025-07-15,General Medicine Ward B,23.25,34.541666666666664,0.6744932039286878
HHN-LON-01,2025-07-16,General Medicine Ward B,24.541666666666668,34.916666666666664,0.7029220779220778
HHN-LON-01,2025-07-17,General Medicine Ward B,25.916666666666668,34.791666666666664,0.745181727994228
HHN-LON-01,2025-07-18,General Medicine Ward B,22.583333333333332,35.0,0.6452380952380953
HHN-LON-01,2025-07-19,General Medicine Ward B,24.583333333333332,34.708333333333336,0.709433621933622
HHN-LON-01,2025-07-20,General Medicine Ward B,29.458333333333332,34.25,0.8618351103882413
HHN-LON-01,2025-07-21,General Medicine Ward B,28.583333333333332,35.0,0.8166666666666668
HHN-LON-01,2025-07-22,General Medicine Ward B,26.958333333333332,34.75,0.7762138188608777
HHN-LON-01,2025-07-23,General Medicine Ward B,29.166666666666668,34.916666666666664,0.8353535353535353
HHN-LON-01,2025-07-24,General Medicine Ward B,27.416666666666668,34.833333333333336,0.7872294372294372
HHN-LON-01,2025-07-25,General Medicine Ward B,30.208333333333332,35.0,0.8630952380952381
HHN-LON-01,2025-07-26,General Medicine Ward B,34.791666666666664,34.791666666666664,1.0
HHN-LON-01,2025-07-27,General Medicine Ward B,34.708333333333336,35.0,0.9916666666666667
HHN-LON-01,2025-07-28,General Medicine Ward B,30.375,34.791666666666664,0.8738095238095238
HHN-LON-01,2025-07-29,General Medicine Ward B,22.666666666666668,35.0,0.6476190476190476
HHN-LON-01,2025-07-30,General Medicine Ward B,23.0,35.0,0.6571428571428571
HHN-LON-01,2025-07-31,General Medicine Ward B,23.125,34.958333333333336,0.6614495798319328
HHN-LON-01,2025-08-01,General Medicine Ward B,18.708333333333332,35.0,0.5345238095238095
HHN-LON-01,2025-08-02,General Medicine Ward B,23.5,34.75,0.6767623716153128
HHN-LON-01,2025-08-03,General Medicine Ward B,27.25,34.5,0.7906921101774044
HHN-LON-01,2025-08-04,General Medicine Ward B,30.041666666666668,34.958333333333336,0.8593487394957983
HHN-LON-01,2025-08-05,General Medicine Ward B,25.25,35.0,0.7214285714285714
HHN-LON-01,2025-08-06,General Medicine Ward B,24.75,35.0,0.7071428571428572
HHN-LON-01,2025-08-07,General Medicine Ward B,24.625,34.458333333333336,0.7156622023809525
HHN-LON-01,2025-08-08,General Medicine Ward B,21.041666666666668,34.791666666666664,0.6051030089455137
HHN-LON-01,2025-08-09,General Medicine Ward B,14.833333333333334,34.791666666666664,0.42641481782106777
HHN-LON-01,2025-08-10,General Medicine Ward B,13.791666666666666,34.875,0.3954985119047619
HHN-LON-01,2025-08-11,General Medicine Ward B,13.208333333333334,35.0,0.3773809523809524
HHN-LON-01,2025-08-12,General Medicine Ward B,16.958333333333332,35.0,0.4845238095238095
HHN-LON-01,2025-08-13,General Medicine Ward B,20.166666666666668,34.791666666666664,0.580952380952381
HHN-LON-01,2025-08-14,General Medicine Ward B,25.166666666666668,34.708333333333336,0.7260692684331796
HHN-LON-01,2025-08-15,General Medicine Ward B,24.458333333333332,34.666666666666664,0.7062127976190476
HHN-LON-01,2025-08-16,General Medicine Ward B,24.958333333333332,34.833333333333336,0.7170890937019969
HHN-LON-01,2025-08-17,General Medicine Ward B,27.583333333333332,34.791666666666664,0.7932539682539682
HHN-LON-01,2025-08-18,General Medicine Ward B,26.208333333333332,35.0,0.7488095238095238
HHN-LON-01,2025-08-19,General Medicine Ward B,19.75,35.0,0.5642857142857143
HHN-LON-01,2025-08-20,General Medicine Ward B,17.333333333333332,34.916666666666664,0.49646464646464644
HHN-LON-01,2025-08-21,General Medicine Ward B,20.375,34.625,0.5896697388632872
HHN-LON-01,2025-08-22,General Medicine Ward B,29.958333333333332,34.791666666666664,0.8609397546897547
HHN-LON-01,2025-08-23,General Medicine Ward B,32.208333333333336,34.5,0.9345238095238096
HHN-LON-01,2025-08-24,General Medicine Ward B,33.5,34.875,0.9607142857142857
HHN-LON-01,2025-08-25,General Medicine Ward B,32.916666666666664,34.416666666666664,0.9571078431372548
HHN-LON-01,2025-08-26,General Medicine Ward B,25.75,35.0,0.7357142857142858
HHN-LON-01,2025-08-27,General Medicine Ward B,26.166666666666668,34.75,0.7543417366946779
HHN-LON-01,2025-08-28,General Medicine Ward B,24.166666666666668,34.791666666666664,0.6946428571428571
HHN-LON-01,2025-08-29,General Medicine Ward B,21.833333333333332,34.625,0.6311602766106442
HHN-LON-01,2025-08-30,General Medicine Ward B,25.916666666666668,34.875,0.743048128342246
HHN-LON-01,2025-08-31,General Medicine Ward B,25.583333333333332,35.0,0.730952380952381
HHN-LON-01,2025-09-01,General Medicine Ward B,25.833333333333332,35.0,0.7380952380952381
HHN-LON-01,2025-09-02,General Medicine Ward B,22.75,35.0,0.65
HHN-LON-01,2025-09-03,General Medicine Ward B,22.583333333333332,34.75,0.6503069693786606
HHN-LON-01,2025-09-04,General Medicine Ward B,20.75,34.833333333333336,0.5959293394777265
HHN-LON-01,2025-09-05,General Medicine Ward B,17.791666666666668,35.0,0.5083333333333333
HHN-LON-01,2025-09-06,General Medicine Ward B,20.291666666666668,34.75,0.5836976646719293
HHN-LON-01,2025-09-07,General Medicine Ward B,22.916666666666668,34.875,0.657328869047619
HHN-LON-01,2025-09-08,General Medicine Ward B,23.125,35.0,0.6607142857142857
HHN-LON-01,2025-09-09,General Medicine Ward B,25.791666666666668,34.791666666666664,0.7424603174603175
HHN-LON-01,2025-09-10,General Medicine Ward B,20.75,34.791666666666664,0.5976190476190476
HHN-LON-01,2025-09-11,General Medicine Ward B,25.125,34.791666666666664,0.7225727387729286
HHN-LON-01,2025-09-12,General Medicine Ward B,25.958333333333332,34.916666666666664,0.7437590187590187
HHN-LON-01,2025-09-13,General Medicine Ward B,25.583333333333332,34.666666666666664,0.7393229166666666
HHN-LON-01,2025-09-14,General Medicine Ward B,23.375,34.583333333333336,0.676830808080808
HHN-LON-01,2025-09-15,General Medicine Ward B,22.625,34.833333333333336,0.6498079877112135
HHN-LON-01,2025-09-16,General Medicine Ward B,23.125,34.791666666666664,0.6652777777777777
HHN-LON-01,2025-09-17,General Medicine Ward B,19.791666666666668,34.958333333333336,0.5662464985994398
HHN-LON-01,2025-09-18,General Medicine Ward B,14.875,34.791666666666664,0.42837301587301585
HHN-LON-01,2025-09-19,General Medicine Ward B,11.416666666666666,34.708333333333336,0.3287310387864823
HHN-LON-01,2025-09-20,General Medicine Ward B,17.416666666666668,34.75,0.5015873015873016
HHN-LON-01,2025-09-21,General Medicine Ward B,22.041666666666668,34.291666666666664,0.645112087173579
HHN-LON-01,2025-09-22,General Medicine Ward B,26.875,34.625,0.7775601638504864
HHN-LON-01,2025-09-23,General Medicine Ward B,26.25,35.0,0.75
HHN-LON-01,2025-09-24,General Medicine Ward B,24.375,34.625,0.7050307219662059
HHN-LON-01,2025-09-25,General Medicine Ward B,22.166666666666668,34.875,0.6360119047619047
HHN-LON-01,2025-09-26,General Medicine Ward B,17.041666666666668,34.875,0.4892485119047619
HHN-LON-01,2025-09-27,General Medicine Ward B,16.166666666666668,35.0,0.4619047619047619
HHN-LON-01,2025-09-28,General Medicine Ward B,21.208333333333332,34.708333333333336,0.6116217983405483
HHN-LON-01,2025-09-29,General Medicine Ward B,16.166666666666668,34.791666666666664,0.46522996295292307
HHN-LON-01,2025-09-30,General Medicine Ward B,20.083333333333332,34.958333333333336,0.5745448179271708
HHN-LON-01,2025-10-01,General Medicine Ward B,20.125,34.833333333333336,0.578379416282642
HHN-LON-01,2025-10-02,General Medicine Ward B,18.791666666666668,34.791666666666664,0.5402777777777777
HHN-LON-01,2025-10-03,General Medicine Ward B,17.708333333333332,34.666666666666664,0.5120967741935484
HHN-LON-01,2025-10-04,General Medicine Ward B,20.666666666666668,34.791666666666664,0.5942234848484849
HHN-LON-01,2025-10-05,General Medicine Ward B,23.708333333333332,35.0,0.6773809523809523
HHN-LON-01,2025-10-06,General Medicine Ward B,24.583333333333332,34.916666666666664,0.7041847041847041
HHN-LON-01,2025-10-07,General Medicine Ward B,22.375,34.75,0.6444196428571428
HHN-LON-01,2025-10-08,General Medicine Ward B,22.208333333333332,34.708333333333336,0.6403499278499278
HHN-LON-01,2025-10-09,General Medicine Ward B,20.958333333333332,35.0,0.5988095238095238
HHN-LON-01,2025-10-10,General Medicine Ward B,21.666666666666668,34.791666666666664,0.6228997564935065
HHN-LON-01,2025-10-11,General Medicine Ward B,29.458333333333332,34.791666666666664,0.8476190476190476
HHN-LON-01,2025-10-12,General Medicine Ward B,33.958333333333336,34.875,0.9737745098039216
HHN-LON-01,2025-10-13,General Medicine Ward B,28.333333333333332,35.0,0.8095238095238096
HHN-LON-01,2025-10-14,General Medicine Ward B,29.791666666666668,34.75,0.8577752976190477
HHN-LON-01,2025-10-15,General Medicine Ward B,28.541666666666668,34.708333333333336,0.8227137445887447
HHN-LON-01,2025-10-16,General Medicine Ward B,27.75,34.791666666666664,0.7986111111111112
HHN-LON-01,2025-10-17,General Medicine Ward B,31.791666666666668,35.0,0.9083333333333333
HHN-LON-01,2025-10-18,General Medicine Ward B,33.833333333333336,34.541666666666664,0.9797619047619048
HHN-LON-01,2025-10-19,General Medicine Ward B,30.625,34.833333333333336,0.8797619047619047
HHN-LON-01,2025-10-20,General Medicine Ward B,32.75,35.0,0.9357142857142856
HHN-LON-01,2025-10-21,General Medicine Ward B,35.0,35.0,1.0
HHN-LON-01,2025-10-22,General Medicine Ward B,34.25,34.416666666666664,0.9952380952380953
HHN-LON-01,2025-10-23,General Medicine Ward B,33.458333333333336,34.666666666666664,0.9654761904761905
HHN-LON-01,2025-10-24,General Medicine Ward B,29.0,35.0,0.8285714285714286
HHN-LON-01,2025-10-25,General Medicine Ward B,29.083333333333332,35.0,0.830952380952381
HHN-LON-01,2025-10-26,General Medicine Ward B,24.291666666666668,34.875,0.6971182412358883
HHN-LON-01,2025-10-27,General Medicine Ward B,23.458333333333332,34.916666666666664,0.6717532467532467
HHN-LON-01,2025-10-28,General Medicine Ward B,31.333333333333332,34.833333333333336,0.8996927803379416
HHN-LON-01,2025-10-29,General Medicine Ward B,31.541666666666668,34.625,0.9119047619047619
HHN-LON-01,2025-10-30,General Medicine Ward B,28.25,34.583333333333336,0.8181642448646125
HHN-LON-01,2025-10-31,General Medicine Ward B,26.958333333333332,34.916666666666664,0.7721861471861472
HHN-LON-01,2025-11-01,General Medicine Ward B,20.458333333333332,34.5,0.5942713424568263
HHN-LON-01,2025-11-02,General Medicine Ward B,19.833333333333332,34.875,0.5687872023809524
HHN-LON-01,2025-11-03,General Medicine Ward B,15.083333333333334,34.75,0.4346521942110177
HHN-LON-01,2025-11-04,General Medicine Ward B,20.458333333333332,34.833333333333336,0.587442396313364
HHN-LON-01,2025-11-05,General Medicine Ward B,19.875,34.791666666666664,0.57142068001443
HHN-LON-01,2025-11-06,General Medicine Ward B,24.041666666666668,34.916666666666664,0.6887605042016807
HHN-LON-01,2025-11-07,General Medicine Ward B,30.583333333333332,34.708333333333336,0.8819196428571429
HHN-LON-01,2025-11-08,General Medicine Ward B,32.0,34.458333333333336,0.9297619047619047
HHN-LON-01,2025-11-09,General Medicine Ward B,32.0,34.916666666666664,0.9165223665223666
HHN-LON-01,2025-11-10,General Medicine Ward B,30.291666666666668,34.875,0.8688244047619048
HHN-LON-01,2025-11-11,General Medicine Ward B,31.583333333333332,35.0,0.9023809523809524
HHN-LON-01,2025-11-12,General Medicine Ward B,27.75,34.791666666666664,0.798015873015873
HHN-LON-01,2025-11-13,General Medicine Ward B,23.541666666666668,34.708333333333336,0.6788419913419914
HHN-LON-01,2025-11-14,General Medicine Ward B,21.041666666666668,34.541666666666664,0.610287203835591
HHN-LON-01,2025-11-15,General Medicine Ward B,25.0,34.958333333333336,0.7150910364145658
HHN-LON-01,2025-11-16,General Medicine Ward B,26.541666666666668,34.791666666666664,0.7636904761904763
HHN-LON-01,2025-11-17,General Medicine Ward B,29.5,34.75,0.8489433505562537
HHN-LON-01,2025-11-18,General Medicine Ward B,31.5,34.916666666666664,0.9023088023088023
HHN-LON-01,2025-11-19,General Medicine Ward B,26.666666666666668,35.0,0.7619047619047619
HHN-LON-01,2025-11-20,General Medicine Ward B,27.25,35.0,0.7785714285714286
HHN-LON-01,2025-11-21,General Medicine Ward B,26.916666666666668,34.916666666666664,0.7711399711399712
HHN-LON-01,2025-11-22,General Medicine Ward B,25.958333333333332,34.791666666666664,0.7470238095238096
HHN-LON-01,2025-11-23,General Medicine Ward B,27.083333333333332,34.583333333333336,0.7851190476190476
HHN-LON-01,2025-11-24,General Medicine Ward B,26.125,34.791666666666664,0.7515873015873016
HHN-LON-01,2025-11-25,General Medicine Ward B,26.166666666666668,35.0,0.7476190476190476
HHN-LON-01,2025-11-26,General Medicine Ward B,32.833333333333336,34.958333333333336,0.9392156862745099
HHN-LON-01,2025-11-27,General Medicine Ward B,31.083333333333332,35.0,0.888095238095238
HHN-LON-01,2025-11-28,General Medicine Ward B,32.416666666666664,34.75,0.9333333333333332
HHN-LON-01,2025-11-29,General Medicine Ward B,31.5,35.0,0.9
HHN-LON-01,2025-11-30,General Medicine Ward B,32.208333333333336,34.666666666666664,0.9296218487394957
HHN-LON-01,2025-12-01,General Medicine Ward B,26.166666666666668,34.875,0.7504795857737036
HHN-LON-01,2025-12-02,General Medicine Ward B,23.583333333333332,34.75,0.6792809263857058
HHN-LON-01,2025-12-03,General Medicine Ward B,23.416666666666668,34.875,0.6716145833333332
HHN-LON-01,2025-12-04,General Medicine Ward B,21.208333333333332,34.75,0.6105282738095238
HHN-LON-01,2025-12-05,General Medicine Ward B,19.791666666666668,34.75,0.5699192384676256
HHN-LON-01,2025-12-06,General Medicine Ward B,23.083333333333332,34.458333333333336,0.6706733230926779
HHN-LON-01,2025-12-07,General Medicine Ward B,27.416666666666668,34.166666666666664,0.8044211150369239
HHN-LON-01,2025-12-08,General Medicine Ward B,25.083333333333332,34.958333333333336,0.7176120448179272
HHN-LON-01,2025-12-09,General Medicine Ward B,25.333333333333332,34.875,0.7268229166666668
HHN-LON-01,2025-12-10,General Medicine Ward B,29.333333333333332,34.583333333333336,0.8494419642857144
HHN-LON-01,2025-12-11,General Medicine Ward B,34.125,34.416666666666664,0.9916666666666667
HHN-LON-01,2025-12-12,General Medicine Ward B,34.166666666666664,34.375,0.9940476190476191
HHN-LON-01,2025-12-13,General Medicine Ward B,34.125,34.708333333333336,0.983298319327731
HHN-LON-01,2025-12-14,General Medicine Ward B,30.583333333333332,34.5,0.8870639977643061
HHN-LON-01,2025-12-15,General Medicine Ward B,28.708333333333332,34.791666666666664,0.8261904761904763
HHN-LON-01,2025-12-16,General Medicine Ward B,32.291666666666664,34.791666666666664,0.928501400560224
HHN-LON-01,2025-12-17,General Medicine Ward B,32.208333333333336,34.875,0.9237023597317715
HHN-LON-01,2025-12-18,General Medicine Ward B,29.125,34.75,0.8387276785714285
HHN-LON-01,2025-12-19,General Medicine Ward B,34.041666666666664,34.875,0.9761904761904763
HHN-LON-01,2025-12-20,General Medicine Ward B,34.666666666666664,34.75,0.9976190476190476
HHN-LON-01,2025-12-21,General Medicine Ward B,29.458333333333332,34.25,0.862098588213389
HHN-LON-01,2025-12-22,General Medicine Ward B,29.125,34.875,0.83539703760292
HHN-LON-01,2025-12-23,General Medicine Ward B,34.416666666666664,34.666666666666664,0.9928571428571429
HHN-LON-01,2025-12-24,General Medicine Ward B,34.208333333333336,34.541666666666664,0.9904761904761905
HHN-LON-01,2025-12-25,General Medicine Ward B,31.041666666666668,34.166666666666664,0.9103622631848438
HHN-LON-01,2025-12-26,General Medicine Ward B,33.25,34.708333333333336,0.9583333333333334
HHN-LON-01,2025-12-27,General Medicine Ward B,29.041666666666668,34.666666666666664,0.8392857142857143
HHN-LON-01,2025-12-28,General Medicine Ward B,30.375,34.666666666666664,0.8763522319973932
HHN-LON-01,2025-12-29,General Medicine Ward B,29.0,34.541666666666664,0.8405620312641187
HHN-LON-01,2025-12-30,General Medicine Ward B,31.708333333333332,34.25,0.9268229166666666
HHN-LON-01,2025-12-31,General Medicine Ward B,34.75,35.0,0.9928571428571429
HHN-LON-02,2024-01-01,General Medicine Ward B,1.875,17.875,0.10671977124183006
HHN-LON-02,2024-01-02,General Medicine Ward B,9.958333333333334,17.833333333333332,0.559283088235294
HHN-LON-02,2024-01-03,General Medicine Ward B,11.75,17.833333333333332,0.6585307734204793
HHN-LON-02,2024-01-04,General Medicine Ward B,8.875,17.833333333333332,0.49824686819172115
HHN-LON-02,2024-01-05,General Medicine Ward B,13.458333333333334,17.75,0.7578805827886711
HHN-LON-02,2024-01-06,General Medicine Ward B,17.75,17.916666666666668,0.9907407407407408
HHN-LON-02,2024-01-07,General Medicine Ward B,17.458333333333332,17.75,0.9837962962962963
HHN-LON-02,2024-01-08,General Medicine Ward B,17.333333333333332,17.958333333333332,0.9652777777777778
HHN-LON-02,2024-01-09,General Medicine Ward B,18.0,18.0,1.0
HHN-LON-02,2024-01-10,General Medicine Ward B,17.583333333333332,17.833333333333332,0.9861111111111112
HHN-LON-02,2024-01-11,General Medicine Ward B,16.583333333333332,18.0,0.9212962962962963
HHN-LON-02,2024-01-12,General Medicine Ward B,9.833333333333334,17.916666666666668,0.5489004629629629
HHN-LON-02,2024-01-13,General Medicine Ward B,12.25,17.916666666666668,0.6839596949891068
HHN-LON-02,2024-01-14,General Medicine Ward B,17.458333333333332,17.75,0.9837962962962963
HHN-LON-02,2024-01-15,General Medicine Ward B,17.875,17.875,1.0
HHN-LON-02,2024-01-16,General Medicine Ward B,17.833333333333332,17.875,0.9976851851851851
HHN-LON-02,2024-01-17,General Medicine Ward B,17.875,17.875,1.0
HHN-LON-02,2024-01-18,General Medicine Ward B,17.833333333333332,17.833333333333332,1.0
HHN-LON-02,2024-01-19,General Medicine Ward B,17.916666666666668,17.916666666666668,1.0
HHN-LON-02,2024-01-20,General Medicine Ward B,17.375,17.375,1.0
HHN-LON-02,2024-01-21,General Medicine Ward B,17.791666666666668,17.791666666666668,1.0
HHN-LON-02,2024-01-22,General Medicine Ward B,17.916666666666668,17.916666666666668,1.0
HHN-LON-02,2024-01-23,General Medicine Ward B,17.791666666666668,17.791666666666668,1.0
HHN-LON-02,2024-01-24,General Medicine Ward B,17.75,17.75,1.0
HHN-LON-02,2024-01-25,General Medicine Ward B,17.875,17.875,1.0
HHN-LON-02,2024-01-26,General Medicine Ward B,17.958333333333332,17.958333333333332,1.0
HHN-LON-02,2024-01-27,General Medicine Ward B,17.666666666666668,17.666666666666668,1.0
HHN-LON-02,2024-01-28,General Medicine Ward B,17.75,17.833333333333332,0.9953703703703703
HHN-LON-02,2024-01-29,General Medicine Ward B,17.791666666666668,17.791666666666668,1.0
HHN-LON-02,2024-01-30,General Medicine Ward B,17.958333333333332,17.958333333333332,1.0
HHN-LON-02,2024-01-31,General Medicine Ward B,18.0,18.0,1.0
HHN-LON-02,2024-02-01,General Medicine Ward B,16.416666666666668,17.75,0.9253472222222222
HHN-LON-02,2024-02-02,General Medicine Ward B,15.708333333333334,18.0,0.8726851851851851
HHN-LON-02,2024-02-03,General Medicine Ward B,17.541666666666668,17.625,0.9953703703703703
HHN-LON-02,2024-02-04,General Medicine Ward B,17.75,17.75,1.0
HHN-LON-02,2024-02-05,General Medicine Ward B,17.791666666666668,17.791666666666668,1.0
HHN-LON-02,2024-02-06,General Medicine Ward B,17.958333333333332,17.958333333333332,1.0
HHN-LON-02,2024-02-07,General Medicine Ward B,17.5,17.75,0.9861111111111112
HHN-LON-02,2024-02-08,General Medicine Ward B,17.666666666666668,17.791666666666668,0.9930555555555555
HHN-LON-02,2024-02-09,General Medicine Ward B,16.916666666666668,17.958333333333332,0.9421296296296297
HHN-LON-02,2024-02-10,General Medicine Ward B,17.75,17.75,1.0
HHN-LON-02,2024-02-11,General Medicine Ward B,17.833333333333332,17.75,1.0
HHN-LON-02,2024-02-12,General Medicine Ward B,17.833333333333332,17.833333333333332,1.0
HHN-LON-02,2024-02-13,General Medicine Ward B,17.75,17.75,1.0
HHN-LON-02,2024-02-14,General Medicine Ward B,17.791666666666668,17.791666666666668,1.0
HHN-LON-02,2024-02-15,General Medicine Ward B,18.0,18.0,1.0
HHN-LON-02,2024-02-16,General Medicine Ward B,17.916666666666668,17.916666666666668,1.0
HHN-LON-02,2024-02-17,General Medicine Ward B,17.75,17.75,1.0
HHN-LON-02,2024-02-18,General Medicine Ward B,17.708333333333332,17.708333333333332,1.0
HHN-LON-02,2024-02-19,General Medicine Ward B,17.75,17.75,1.0
HHN-LON-02,2024-02-20,General Medicine Ward B,17.875,17.875,1.0
HHN-LON-02,2024-02-21,General Medicine Ward B,17.875,17.875,1.0
HHN-LON-02,2024-02-22,General Medicine Ward B,17.791666666666668,17.791666666666668,1.0
HHN-LON-02,2024-02-23,General Medicine Ward B,17.958333333333332,17.958333333333332,1.0
HHN-LON-02,2024-02-24,General Medicine Ward B,17.541666666666668,17.541666666666668,1.0
HHN-LON-02,2024-02-25,General Medicine Ward B,17.791666666666668,17.791666666666668,1.0
HHN-LON-02,2024-02-26,General Medicine Ward B,17.833333333333332,17.833333333333332,1.0
HHN-LON-02,2024-02-27,General Medicine Ward B,17.875,17.875,1.0
HHN-LON-02,2024-02-28,General Medicine Ward B,17.791666666666668,17.916666666666668,0.9930555555555555
HHN-LON-02,2024-02-29,General Medicine Ward B,17.541666666666668,17.958333333333332,0.9768518518518517
HHN-LON-02,2024-03-01,General Medicine Ward B,17.791666666666668,17.916666666666668,0.9930555555555555
HHN-LON-02,2024-03-02,General Medicine Ward B,17.916666666666668,17.916666666666668,1.0
HHN-LON-02,2024-03-03,General Medicine Ward B,17.875,17.875,1.0
HHN-LON-02,2024-03-04,General Medicine Ward B,17.958333333333332,17.958333333333332,1.0
HHN-LON-02,2024-03-05,General Medicine Ward B,17.916666666666668,17.916666666666668,1.0
HHN-LON-02,2024-03-06,General Medicine Ward B,17.958333333333332,17.958333333333332,1.0
HHN-LON-02,2024-03-07,General Medicine Ward B,17.75,18.0,0.9861111111111112
HHN-LON-02,2024-03-08,General Medicine Ward B,17.958333333333332,18.0,0.9976851851851851
HHN-LON-02,2024-03-09,General Medicine Ward B,17.875,17.875,1.0
HHN-LON-02,2024-03-10,General Medicine Ward B,17.875,17.875,1.0
HHN-LON-02,2024-03-11,General Medicine Ward B,17.916666666666668,17.916666666666668,1.0
HHN-LON-02,2024-03-12,General Medicine Ward B,17.916666666666668,17.916666666666668,1.0
HHN-LON-02,2024-03-13,General Medicine Ward B,17.541666666666668,18.0,0.9745370370370371
HHN-LON-02,2024-03-14,General Medicine Ward B,14.791666666666666,17.833333333333332,0.8304398148148149
HHN-LON-02,2024-03-15,General Medicine Ward B,15.833333333333334,17.916666666666668,0.8842592592592592
HHN-LON-02,2024-03-16,General Medicine Ward B,17.916666666666668,17.916666666666668,1.0
HHN-LON-02,2024-03-17,General Medicine Ward B,17.916666666666668,17.916666666666668,1.0
HHN-LON-02,2024-03-18,General Medicine Ward B,17.833333333333332,17.833333333333332,1.0
HHN-LON-02,2024-03-19,General Medicine Ward B,18.0,18.0,1.0
HHN-LON-02,2024-03-20,General Medicine Ward B,17.958333333333332,17.958333333333332,1.0
HHN-LON-02,2024-03-21,General Medicine Ward B,17.416666666666668,17.916666666666668,0.9722222222222222
HHN-LON-02,2024-03-22,General Medicine Ward B,16.208333333333332,17.958333333333332,0.9027777777777778
HHN-LON-02,2024-03-23,General Medicine Ward B,17.625,17.916666666666668,0.9837962962962963
HHN-LON-02,2024-03-24,General Medicine Ward B,17.916666666666668,17.958333333333332,0.9976851851851851
HHN-LON-02,2024-03-25,General Medicine Ward B,17.916666666666668,17.916666666666668,1.0
HHN-LON-02,2024-03-26,General Medicine Ward B,17.875,17.875,1.0
HHN-LON-02,2024-03-27,General Medicine Ward B,16.5,17.791666666666668,0.9281045751633986
HHN-LON-02,2024-03-28,General Medicine Ward B,17.708333333333332,17.958333333333332,0.9861111111111112
HHN-LON-02,2024-03-29,General Medicine Ward B,18.0,18.0,1.0
HHN-LON-02,2024-03-30,General Medicine Ward B,17.916666666666668,17.916666666666668,1.0
HHN-LON-02,2024-03-31,General Medicine Ward B,17.291666666666668,17.833333333333332,0.9699074074074074
HHN-LON-02,2024-04-01,General Medicine Ward B,17.25,17.833333333333332,0.9675925925925926
HHN-LON-02,2024-04-02,General Medicine Ward B,17.958333333333332,17.958333333333332,1.0
HHN-LON-02,2024-04-03,General Medicine Ward B,17.833333333333332,17.833333333333332,1.0
HHN-LON-02,2024-04-04,General Medicine Ward B,17.916666666666668,17.916666666666668,1.0
HHN-LON-02,2024-04-05,General Medicine Ward B,17.916666666666668,17.916666666666668,1.0
HHN-LON-02,2024-04-06,General Medicine Ward B,17.791666666666668,17.791666666666668,1.0
HHN-LON-02,2024-04-07,General Medicine Ward B,17.916666666666668,17.916666666666668,1.0
HHN-LON-02,2024-04-08,General Medicine Ward B,17.041666666666668,17.833333333333332,0.9560185185185185
HHN-LON-02,2024-04-09,General Medicine Ward B,17.833333333333332,18.0,0.9907407407407408
HHN-LON-02,2024-04-10,General Medicine Ward B,17.791666666666668,17.833333333333332,0.9976851851851851
HHN-LON-02,2024-04-11,General Medicine Ward B,14.083333333333334,17.791666666666668,0.7934368191721134
HHN-LON-02,2024-04-12,General Medicine Ward B,13.833333333333334,18.0,0.7685185185185185
HHN-LON-02,2024-04-13,General Medicine Ward B,15.875,17.916666666666668,0.8865740740740741
HHN-LON-02,2024-04-14,General Medicine Ward B,16.75,17.916666666666668,0.9351851851851851
HHN-LON-02,2024-04-15,General Medicine Ward B,17.375,17.875,0.9722222222222222
HHN-LON-02,2024-04-16,General Medicine Ward B,13.583333333333334,18.0,0.7546296296296297
HHN-LON-02,2024-04-17,General Medicine Ward B,16.416666666666668,17.833333333333332,0.9207346132897604
HHN-LON-02,2024-04-18,General Medicine Ward B,14.875,18.0,0.8263888888888888
HHN-LON-02,2024-04-19,General Medicine Ward B,13.041666666666666,17.958333333333332,0.7263071895424836
HHN-LON-02,2024-04-20,General Medicine Ward B,16.291666666666668,18.0,0.9050925925925926
HHN-LON-02,2024-04-21,General Medicine Ward B,13.916666666666666,18.0,0.773148148148148
HHN-LON-02,2024-04-22,General Medicine Ward B,8.875,17.875,0.49760008169934644
HHN-LON-02,2024-04-23,General Medicine Ward B,10.041666666666666,17.75,0.5656658496732027
HHN-LON-02,2024-04-24,General Medicine Ward B,12.166666666666666,17.791666666666668,0.684980936819172
HHN-LON-02,2024-04-25,General Medicine Ward B,12.666666666666666,17.958333333333332,0.7056100217864923
HHN-LON-02,2024-04-26,General Medicine Ward B,13.791666666666666,17.958333333333332,0.7683823529411765
HHN-LON-02,2024-04-27,General Medicine Ward B,13.458333333333334,17.833333333333332,0.7553955610021786
HHN-LON-02,2024-04-28,General Medicine Ward B,15.875,17.916666666666668,0.8865740740740741
HHN-LON-02,2024-04-29,General Medicine Ward B,17.458333333333332,17.916666666666668,0.9745370370370371
HHN-LON-02,2024-04-30,General Medicine Ward B,17.958333333333332,17.958333333333332,1.0
HHN-LON-02,2024-05-01,General Medicine Ward B,17.0,18.0,0.9444444444444445
HHN-LON-02,2024-05-02,General Medicine Ward B,11.791666666666666,17.833333333333332,0.6614072712418301
HHN-LON-02,2024-05-03,General Medicine Ward B,10.916666666666666,17.916666666666668,0.6096643518518519
HHN-LON-02,2024-05-04,General Medicine Ward B,8.0,17.875,0.44841026688453156
HHN-LON-02,2024-05-05,General Medicine Ward B,10.833333333333334,17.916666666666668,0.6047453703703703
HHN-LON-02,2024-05-06,General Medicine Ward B,10.291666666666666,18.0,0.5717592592592593
HHN-LON-02,2024-05-07,General Medicine Ward B,11.75,17.791666666666668,0.6617987472766885
HHN-LON-02,2024-05-08,General Medicine Ward B,16.333333333333332,17.958333333333332,0.9097222222222222
HHN-LON-02,2024-05-09,General Medicine Ward B,18.0,18.0,1.0
HHN-LON-02,2024-05-10,General Medicine Ward B,17.0,18.0,0.9444444444444443
HHN-LON-02,2024-05-11,General Medicine Ward B,17.625,17.875,0.9861111111111112
HHN-LON-02,2024-05-12,General Medicine Ward B,17.833333333333332,17.833333333333332,1.0
HHN-LON-02,2024-05-13,General Medicine Ward B,17.916666666666668,17.916666666666668,1.0
HHN-LON-02,2024-05-14,General Medicine Ward B,17.958333333333332,17.958333333333332,1.0
HHN-LON-02,2024-05-15,General Medicine Ward B,18.0,18.0,1.0
HHN-LON-02,2024-05-16,General Medicine Ward B,17.958333333333332,17.958333333333332,1.0
HHN-LON-02,2024-05-17,General Medicine Ward B,17.25,17.916666666666668,0.9629629629629629
HHN-LON-02,2024-05-18,General Medicine Ward B,17.5,17.791666666666668,0.9837962962962963
HHN-LON-02,2024-05-19,General Medicine Ward B,17.875,17.875,1.0
HHN-LON-02,2024-05-20,General Medicine Ward B,18.0,18.0,1.0
HHN-LON-02,2024-05-21,General Medicine Ward B,16.208333333333332,17.916666666666668,0.9050925925925926
HHN-LON-02,2024-05-22,General Medicine Ward B,17.458333333333332,17.916666666666668,0.9745370370370371
HHN-LON-02,2024-05-23,General Medicine Ward B,15.833333333333334,17.958333333333332,0.8816721132897604
HHN-LON-02,2024-05-24,General Medicine Ward B,12.958333333333334,17.791666666666668,0.7296262254901961
HHN-LON-02,2024-05-25,General Medicine Ward B,11.791666666666666,17.916666666666668,0.6585648148148148
HHN-LON-02,2024-05-26,General Medicine Ward B,15.125,18.0,0.8402777777777778
HHN-LON-02,2024-05-27,General Medicine Ward B,17.75,17.958333333333332,0.9884259259259259
HHN-LON-02,2024-05-28,General Medicine Ward B,17.875,17.875,1.0
HHN-LON-02,2024-05-29,General Medicine Ward B,17.916666666666668,17.916666666666668,1.0
HHN-LON-02,2024-05-30,General Medicine Ward B,17.875,17.875,1.0
HHN-LON-02,2024-05-31,General Medicine Ward B,17.916666666666668,17.916666666666668,1.0
HHN-LON-02,2024-06-01,General Medicine Ward B,17.75,17.75,1.0
HHN-LON-02,2024-06-02,General Medicine Ward B,16.833333333333332,18.0,0.9351851851851851
HHN-LON-02,2024-06-03,General Medicine Ward B,17.25,17.916666666666668,0.9628267973856209
HHN-LON-02,2024-06-04,General Medicine Ward B,17.958333333333332,17.958333333333332,1.0
HHN-LON-02,2024-06-05,General Medicine Ward B,15.583333333333334,17.916666666666668,0.8698257080610022
HHN-LON-02,2024-06-06,General Medicine Ward B,13.541666666666666,17.916666666666668,0.7560763888888888
HHN-LON-02,2024-06-07,General Medicine Ward B,13.166666666666666,17.958333333333332,0.7331154684095861
HHN-LON-02,2024-06-08,General Medicine Ward B,15.083333333333334,17.916666666666668,0.8420138888888888
HHN-LON-02,2024-06-09,General Medicine Ward B,12.708333333333334,17.916666666666668,0.7094226579520697
HHN-LON-02,2024-06-10,General Medicine Ward B,11.208333333333334,18.0,0.6226851851851852
HHN-LON-02,2024-06-11,General Medicine Ward B,12.333333333333334,17.916666666666668,0.6886574074074074
HHN-LON-02,2024-06-12,General Medicine Ward B,13.125,18.0,0.7291666666666666
HHN-LON-02,2024-06-13,General Medicine Ward B,14.916666666666666,17.958333333333332,0.8310185185185185
HHN-LON-02,2024-06-14,General Medicine Ward B,10.083333333333334,18.0,0.5601851851851852
HHN-LON-02,2024-06-15,General Medicine Ward B,12.708333333333334,17.916666666666668,0.7103587962962963
HHN-LON-02,2024-06-16,General Medicine Ward B,14.041666666666666,17.833333333333332,0.7882455065359477
HHN-LON-02,2024-06-17,General Medicine Ward B,13.291666666666666,18.0,0.7384259259259259
HHN-LON-02,2024-06-18,General Medicine Ward B,16.125,17.833333333333332,0.9050925925925926
HHN-LON-02,2024-06-19,General Medicine Ward B,15.791666666666666,17.916666666666668,0.8819444444444443
HHN-LON-02,2024-06-20,General Medicine Ward B,13.458333333333334,17.916666666666668,0.7517361111111112
HHN-LON-02,2024-06-21,General Medicine Ward B,14.708333333333334,17.791666666666668,0.8276143790849674
HHN-LON-02,2024-06-22,General Medicine Ward B,12.0,17.833333333333332,0.6740196078431372
HHN-LON-02,2024-06-23,General Medicine Ward B,13.791666666666666,17.833333333333332,0.7737949346405228
HHN-LON-02,2024-06-24,General Medicine Ward B,16.333333333333332,18.0,0.9074074074074074
HHN-LON-02,2024-06-25,General Medicine Ward B,18.0,18.0,1.0
HHN-LON-02,2024-06-26,General Medicine Ward B,18.0,18.0,1.0
HHN-LON-02,2024-06-27,General Medicine Ward B,17.916666666666668,17.916666666666668,1.0
HHN-LON-02,2024-06-28,General Medicine Ward B,17.916666666666668,17.916666666666668,1.0
HHN-LON-02,2024-06-29,General Medicine Ward B,17.625,17.625,1.0
HHN-LON-02,2024-06-30,General Medicine Ward B,17.375,17.875,0.9720860566448802
HHN-LON-02,2024-07-01,General Medicine Ward B,16.083333333333332,17.916666666666668,0.898148148148148
HHN-LON-02,2024-07-02,General Medicine Ward B,16.75,18.0,0.9305555555555555
HHN-LON-02,2024-07-03,General Medicine Ward B,14.333333333333334,17.958333333333332,0.7979302832244008
HHN-LON-02,2024-07-04,General Medicine Ward B,7.666666666666667,17.875,0.4294832516339869
HHN-LON-02,2024-07-05,General Medicine Ward B,10.833333333333334,17.791666666666668,0.610004765795207
HHN-LON-02,2024-07-06,General Medicine Ward B,10.916666666666666,17.916666666666668,0.6102430555555556
HHN-LON-02,2024-07-07,General Medicine Ward B,13.375,17.75,0.7538296568627451
HHN-LON-02,2024-07-08,General Medicine Ward B,14.125,17.916666666666668,0.7888071895424836
HHN-LON-02,2024-07-09,General Medicine Ward B,15.291666666666666,17.875,0.8562091503267973
HHN-LON-02,2024-07-10,General Medicine Ward B,14.208333333333334,17.875,0.7960239651416122
HHN-LON-02,2024-07-11,General Medicine Ward B,13.958333333333334,17.958333333333332,0.7777777777777778
HHN-LON-02,2024-07-12,General Medicine Ward B,8.333333333333334,17.958333333333332,0.4640522875816993
HHN-LON-02,2024-07-13,General Medicine Ward B,14.791666666666666,17.875,0.8278526688453159
HHN-LON-02,2024-07-14,General Medicine Ward B,12.375,17.916666666666668,0.6909722222222222
HHN-LON-02,2024-07-15,General Medicine Ward B,14.083333333333334,17.916666666666668,0.7858796296296297
HHN-LON-02,2024-07-16,General Medicine Ward B,17.833333333333332,17.916666666666668,0.9953703703703703
HHN-LON-02,2024-07-17,General Medicine Ward B,17.25,18.0,0.9583333333333334
HHN-LON-02,2024-07-18,General Medicine Ward B,17.916666666666668,17.916666666666668,1.0
HHN-LON-02,2024-07-19,General Medicine Ward B,13.916666666666666,18.0,0.7731481481481483
HHN-LON-02,2024-07-20,General Medicine Ward B,11.666666666666666,17.75,0.6579350490196079
HHN-LON-02,2024-07-21,General Medicine Ward B,11.458333333333334,17.875,0.6412037037037037
HHN-LON-02,2024-07-22,General Medicine Ward B,13.958333333333334,18.0,0.7754629629629629
HHN-LON-02,2024-07-23,General Medicine Ward B,14.375,17.916666666666668,0.8032407407407408
HHN-LON-02,2024-07-24,General Medicine Ward B,7.708333333333333,17.958333333333332,0.42960239651416127
HHN-LON-02,2024-07-25,General Medicine Ward B,5.875,17.958333333333332,0.3272058823529412
HHN-LON-02,2024-07-26,General Medicine Ward B,8.083333333333334,17.916666666666668,0.4526143790849673
HHN-LON-02,2024-07-27,General Medicine Ward B,11.541666666666666,17.791666666666668,0.6497821350762527
HHN-LON-02,2024-07-28,General Medicine Ward B,9.625,17.875,0.5388412309368192
HHN-LON-02,2024-07-29,General Medicine Ward B,10.666666666666666,18.0,0.5925925925925927
HHN-LON-02,2024-07-30,General Medicine Ward B,13.625,18.0,0.7569444444444445
HHN-LON-02,2024-07-31,General Medicine Ward B,14.208333333333334,17.708333333333332,0.8025428921568628
HHN-LON-02,2024-08-01,General Medicine Ward B,12.25,17.833333333333332,0.6879936002178649
HHN-LON-02,2024-08-02,General Medicine Ward B,6.291666666666667,17.916666666666668,0.35185185185185186
HHN-LON-02,2024-08-03,General Medicine Ward B,6.083333333333333,17.791666666666668,0.3424053649237473
HHN-LON-02,2024-08-04,General Medicine Ward B,9.083333333333334,17.958333333333332,0.50599128540305
HHN-LON-02,2024-08-05,General Medicine Ward B,15.125,17.916666666666668,0.8443287037037037
HHN-LON-02,2024-08-06,General Medicine Ward B,17.791666666666668,17.833333333333332,0.9976851851851851
HHN-LON-02,2024-08-07,General Medicine Ward B,17.833333333333332,17.833333333333332,1.0
HHN-LON-02,2024-08-08,General Medicine Ward B,17.583333333333332,17.875,0.9837962962962963
HHN-LON-02,2024-08-09,General Medicine Ward B,17.916666666666668,17.916666666666668,1.0
HHN-LON-02,2024-08-10,General Medicine Ward B,17.833333333333332,17.833333333333332,1.0
HHN-LON-02,2024-08-11,General Medicine Ward B,17.625,17.75,0.9930555555555555
HHN-LON-02,2024-08-12,General Medicine Ward B,14.458333333333334,18.0,0.8032407407407408
HHN-LON-02,2024-08-13,General Medicine Ward B,12.208333333333334,17.916666666666668,0.6820023148148149
HHN-LON-02,2024-08-14,General Medicine Ward B,11.083333333333334,17.916666666666668,0.6186342592592593
HHN-LON-02,2024-08-15,General Medicine Ward B,11.166666666666666,17.833333333333332,0.626736111111111
HHN-LON-02,2024-08-16,General Medicine Ward B,13.291666666666666,17.875,0.7442129629629629
HHN-LON-02,2024-08-17,General Medicine Ward B,14.791666666666666,17.875,0.827001633986928
HHN-LON-02,2024-08-18,General Medicine Ward B,11.875,17.625,0.6744791666666666
HHN-LON-02,2024-08-19,General Medicine Ward B,14.125,17.958333333333332,0.7867647058823529
HHN-LON-02,2024-08-20,General Medicine Ward B,14.833333333333334,18.0,0.8240740740740741
HHN-LON-02,2024-08-21,General Medicine Ward B,13.333333333333334,18.0,0.7407407407407408
HHN-LON-02,2024-08-22,General Medicine Ward B,13.375,17.916666666666668,0.7468171296296297
HHN-LON-02,2024-08-23,General Medicine Ward B,11.291666666666666,17.958333333333332,0.6286764705882353
HHN-LON-02,2024-08-24,General Medicine Ward B,13.291666666666666,17.916666666666668,0.7424768518518517
HHN-LON-02,2024-08-25,General Medicine Ward B,15.208333333333334,18.0,0.8449074074074074
HHN-LON-02,2024-08-26,General Medicine Ward B,17.791666666666668,18.0,0.9884259259259259
HHN-LON-02,2024-08-27,General Medicine Ward B,17.75,17.916666666666668,0.9907407407407408
HHN-LON-02,2024-08-28,General Medicine Ward B,17.916666666666668,17.916666666666668,1.0
HHN-LON-02,2024-08-29,General Medicine Ward B,17.958333333333332,18.0,0.9976851851851851
HHN-LON-02,2024-08-30,General Medicine Ward B,17.291666666666668,17.833333333333332,0.9696180555555555
HHN-LON-02,2024-08-31,General Medicine Ward B,17.125,17.916666666666668,0.9560185185185185
HHN-LON-02,2024-09-01,General Medicine Ward B,17.916666666666668,17.916666666666668,1.0
HHN-LON-02,2024-09-02,General Medicine Ward B,17.916666666666668,17.916666666666668,1.0
HHN-LON-02,2024-09-03,General Medicine Ward B,17.875,17.875,1.0
HHN-LON-02,2024-09-04,General Medicine Ward B,18.0,18.0,1.0
HHN-LON-02,2024-09-05,General Medicine Ward B,17.875,17.875,1.0
HHN-LON-02,2024-09-06,General Medicine Ward B,17.958333333333332,18.0,0.9976851851851851
HHN-LON-02,2024-09-07,General Medicine Ward B,12.416666666666666,17.791666666666668,0.6998740468409586
HHN-LON-02,2024-09-08,General Medicine Ward B,12.041666666666666,17.75,0.6794151688453159
HHN-LON-02,2024-09-09,General Medicine Ward B,17.833333333333332,17.916666666666668,0.9953703703703703
HHN-LON-02,2024-09-10,General Medicine Ward B,17.875,17.875,1.0
HHN-LON-02,2024-09-11,General Medicine Ward B,16.833333333333332,18.0,0.9351851851851851
HHN-LON-02,2024-09-12,General Medicine Ward B,10.916666666666666,17.958333333333332,0.6077069716775599
HHN-LON-02,2024-09-13,General Medicine Ward B,10.041666666666666,17.833333333333332,0.5625
HHN-LON-02,2024-09-14,General Medicine Ward B,12.375,17.666666666666668,0.7012697440087146
HHN-LON-02,2024-09-15,General Medicine Ward B,13.416666666666666,17.916666666666668,0.7494212962962963
HHN-LON-02,2024-09-16,General Medicine Ward B,15.0,17.833333333333332,0.8423032407407408
HHN-LON-02,2024-09-17,General Medicine Ward B,15.625,17.833333333333332,0.8769063180827886
HHN-LON-02,2024-09-18,General Medicine Ward B,10.416666666666666,17.875,0.5834014161220044
HHN-LON-02,2024-09-19,General Medicine Ward B,8.083333333333334,17.791666666666668,0.45523556644880175
HHN-LON-02,2024-09-20,General Medicine Ward B,8.125,17.875,0.45450367647058826
HHN-LON-02,2024-09-21,General Medicine Ward B,15.041666666666666,17.958333333333332,0.8379629629629629
HHN-LON-02,2024-09-22,General Medicine Ward B,17.708333333333332,17.708333333333332,1.0
HHN-LON-02,2024-09-23,General Medicine Ward B,18.0,18.0,1.0
HHN-LON-02,2024-09-24,General Medicine Ward B,17.875,17.875,1.0
HHN-LON-02,2024-09-25,General Medicine Ward B,12.958333333333334,17.875,0.7251157407407408
HHN-LON-02,2024-09-26,General Medicine Ward B,11.708333333333334,18.0,0.6504629629629629
HHN-LON-02,2024-09-27,General Medicine Ward B,14.75,17.916666666666668,0.8236655773420479
HHN-LON-02,2024-09-28,General Medicine Ward B,17.958333333333332,17.958333333333332,1.0
HHN-LON-02,2024-09-29,General Medicine Ward B,17.916666666666668,17.916666666666668,1.0
HHN-LON-02,2024-09-30,General Medicine Ward B,17.833333333333332,17.833333333333332,1.0
HHN-LON-02,2024-10-01,General Medicine Ward B,18.0,18.0,1.0
HHN-LON-02,2024-10-02,General Medicine Ward B,18.0,18.0,1.0
HHN-LON-02,2024-10-03,General Medicine Ward B,17.791666666666668,17.791666666666668,1.0
HHN-LON-02,2024-10-04,General Medicine Ward B,17.916666666666668,17.916666666666668,1.0
HHN-LON-02,2024-10-05,General Medicine Ward B,16.166666666666668,17.583333333333332,0.9210069444444445
HHN-LON-02,2024-10-06,General Medicine Ward B,15.666666666666666,17.75,0.8831188725490197
HHN-LON-02,2024-10-07,General Medicine Ward B,17.875,17.875,1.0
HHN-LON-02,2024-10-08,General Medicine Ward B,18.0,18.0,1.0
HHN-LON-02,2024-10-09,General Medicine Ward B,17.875,17.875,1.0
HHN-LON-02,2024-10-10,General Medicine Ward B,17.875,17.875,1.0
HHN-LON-02,2024-10-11,General Medicine Ward B,17.916666666666668,17.916666666666668,1.0
HHN-LON-02,2024-10-12,General Medicine Ward B,17.833333333333332,17.833333333333332,1.0
HHN-LON-02,2024-10-13,General Medicine Ward B,17.958333333333332,17.958333333333332,1.0
HHN-LON-02,2024-10-14,General Medicine Ward B,17.916666666666668,17.916666666666668,1.0
HHN-LON-02,2024-10-15,General Medicine Ward B,17.916666666666668,17.916666666666668,1.0
HHN-LON-02,2024-10-16,General Medicine Ward B,17.25,17.833333333333332,0.9675925925925926
HHN-LON-02,2024-10-17,General Medicine Ward B,15.75,17.916666666666668,0.8796296296296297
HHN-LON-02,2024-10-18,General Medicine Ward B,16.791666666666668,17.958333333333332,0.9350490196078431
HHN-LON-02,2024-10-19,General Medicine Ward B,15.875,17.875,0.8886165577342048
HHN-LON-02,2024-10-20,General Medicine Ward B,15.916666666666666,17.875,0.8909313725490197
HHN-LON-02,2024-10-21,General Medicine Ward B,16.916666666666668,17.875,0.9467592592592592
HHN-LON-02,2024-10-22,General Medicine Ward B,18.0,17.916666666666668,1.0
HHN-LON-02,2024-10-23,General Medicine Ward B,17.875,17.875,1.0
HHN-LON-02,2024-10-24,General Medicine Ward B,17.916666666666668,17.916666666666668,1.0
HHN-LON-02,2024-10-25,General Medicine Ward B,17.791666666666668,17.791666666666668,1.0
HHN-LON-02,2024-10-26,General Medicine Ward B,18.0,18.0,1.0
HHN-LON-02,2024-10-27,General Medicine Ward B,18.0,18.0,1.0
HHN-LON-02,2024-10-28,General Medicine Ward B,17.916666666666668,17.958333333333332,0.9976851851851851
HHN-LON-02,2024-10-29,General Medicine Ward B,18.0,18.0,1.0
HHN-LON-02,2024-10-30,General Medicine Ward B,17.916666666666668,17.916666666666668,1.0
HHN-LON-02,2024-10-31,General Medicine Ward B,17.375,17.75,0.9791666666666666
HHN-LON-02,2024-11-01,General Medicine Ward B,17.666666666666668,17.75,0.9953703703703703
HHN-LON-02,2024-11-02,General Medicine Ward B,15.333333333333334,17.75,0.8654684095860566
HHN-LON-02,2024-11-03,General Medicine Ward B,10.666666666666666,17.958333333333332,0.5943627450980392
HHN-LON-02,2024-11-04,General Medicine Ward B,8.083333333333334,18.0,0.449074074074074
HHN-LON-02,2024-11-05,General Medicine Ward B,8.0,17.958333333333332,0.44566993464052285
HHN-LON-02,2024-11-06,General Medicine Ward B,15.0,17.791666666666668,0.8443627450980392
HHN-LON-02,2024-11-07,General Medicine Ward B,17.458333333333332,17.958333333333332,0.9722222222222222
HHN-LON-02,2024-11-08,General Medicine Ward B,17.916666666666668,17.916666666666668,1.0
HHN-LON-02,2024-11-09,General Medicine Ward B,18.0,18.0,1.0
HHN-LON-02,2024-11-10,General Medicine Ward B,17.833333333333332,17.875,0.9976851851851851
HHN-LON-02,2024-11-11,General Medicine Ward B,15.041666666666666,17.958333333333332,0.8374183006535948
HHN-LON-02,2024-11-12,General Medicine Ward B,15.291666666666666,18.0,0.8495370370370371
HHN-LON-02,2024-11-13,General Medicine Ward B,18.0,18.0,1.0
HHN-LON-02,2024-11-14,General Medicine Ward B,18.0,18.0,1.0
HHN-LON-02,2024-11-15,General Medicine Ward B,17.791666666666668,17.791666666666668,1.0
HHN-LON-02,2024-11-16,General Medicine Ward B,17.833333333333332,17.833333333333332,1.0
HHN-LON-02,2024-11-17,General Medicine Ward B,17.041666666666668,17.916666666666668,0.9513888888888888
HHN-LON-02,2024-11-18,General Medicine Ward B,13.583333333333334,17.791666666666668,0.7653696895424836
HHN-LON-02,2024-11-19,General Medicine Ward B,14.458333333333334,17.958333333333332,0.8048747276688454
HHN-LON-02,2024-11-20,General Medicine Ward B,17.916666666666668,17.916666666666668,1.0
HHN-LON-02,2024-11-21,General Medicine Ward B,17.958333333333332,17.958333333333332,1.0
HHN-LON-02,2024-11-22,General Medicine Ward B,17.833333333333332,17.833333333333332,1.0
HHN-LON-02,2024-11-23,General Medicine Ward B,17.833333333333332,17.833333333333332,1.0
HHN-LON-02,2024-11-24,General Medicine Ward B,17.75,17.75,1.0
HHN-LON-02,2024-11-25,General Medicine Ward B,18.0,18.0,1.0
HHN-LON-02,2024-11-26,General Medicine Ward B,17.583333333333332,17.958333333333332,0.9791666666666666
HHN-LON-02,2024-11-27,General Medicine Ward B,16.833333333333332,17.916666666666668,0.9398148148148148
HHN-LON-02,2024-11-28,General Medicine Ward B,17.666666666666668,17.916666666666668,0.9861111111111112
HHN-LON-02,2024-11-29,General Medicine Ward B,17.875,17.875,1.0
HHN-LON-02,2024-11-30,General Medicine Ward B,17.625,17.791666666666668,0.9907407407407408
HHN-LON-02,2024-12-01,General Medicine Ward B,17.666666666666668,17.666666666666668,1.0
HHN-LON-02,2024-12-02,General Medicine Ward B,17.833333333333332,17.833333333333332,1.0
HHN-LON-02,2024-12-03,General Medicine Ward B,18.0,18.0,1.0
HHN-LON-02,2024-12-04,General Medicine Ward B,17.875,17.875,1.0
HHN-LON-02,2024-12-05,General Medicine Ward B,17.833333333333332,17.833333333333332,1.0
HHN-LON-02,2024-12-06,General Medicine Ward B,17.958333333333332,17.958333333333332,1.0
HHN-LON-02,2024-12-07,General Medicine Ward B,17.833333333333332,17.833333333333332,1.0
HHN-LON-02,2024-12-08,General Medicine Ward B,17.833333333333332,17.833333333333332,1.0
HHN-LON-02,2024-12-09,General Medicine Ward B,17.916666666666668,17.916666666666668,1.0
HHN-LON-02,2024-12-10,General Medicine Ward B,17.916666666666668,17.916666666666668,1.0
HHN-LON-02,2024-12-11,General Medicine Ward B,17.791666666666668,17.791666666666668,1.0
HHN-LON-02,2024-12-12,General Medicine Ward B,17.875,17.875,1.0
HHN-LON-02,2024-12-13,General Medicine Ward B,17.916666666666668,17.916666666666668,1.0
HHN-LON-02,2024-12-14,General Medicine Ward B,17.708333333333332,17.708333333333332,1.0
HHN-LON-02,2024-12-15,General Medicine Ward B,17.875,17.875,1.0
HHN-LON-02,2024-12-16,General Medicine Ward B,17.833333333333332,17.833333333333332,1.0
HHN-LON-02,2024-12-17,General Medicine Ward B,17.791666666666668,17.791666666666668,1.0
HHN-LON-02,2024-12-18,General Medicine Ward B,17.625,17.75,0.9930555555555555
HHN-LON-02,2024-12-19,General Medicine Ward B,17.833333333333332,17.833333333333332,1.0
HHN-LON-02,2024-12-20,General Medicine Ward B,18.0,18.0,1.0
HHN-LON-02,2024-12-21,General Medicine Ward B,17.291666666666668,17.791666666666668,0.971949891067538
HHN-LON-02,2024-12-22,General Medicine Ward B,15.375,17.708333333333332,0.8693661492374728
HHN-LON-02,2024-12-23,General Medicine Ward B,15.625,17.791666666666668,0.8792041122004357
HHN-LON-02,2024-12-24,General Medicine Ward B,16.333333333333332,17.666666666666668,0.9256535947712418
HHN-LON-02,2024-12-25,General Medicine Ward B,17.791666666666668,17.791666666666668,1.0
HHN-LON-02,2024-12-26,General Medicine Ward B,17.75,17.958333333333332,0.9884259259259259
HHN-LON-02,2024-12-27,General Medicine Ward B,17.416666666666668,17.708333333333332,0.9837962962962963
HHN-LON-02,2024-12-28,General Medicine Ward B,17.583333333333332,17.583333333333332,1.0
HHN-LON-02,2024-12-29,General Medicine Ward B,17.916666666666668,17.916666666666668,1.0
HHN-LON-02,2024-12-30,General Medicine Ward B,17.958333333333332,17.958333333333332,1.0
HHN-LON-02,2024-12-31,General Medicine Ward B,17.75,17.75,1.0
HHN-LON-02,2025-01-01,General Medicine Ward B,15.708333333333334,17.833333333333332,0.8812295751633986
HHN-LON-02,2025-01-02,General Medicine Ward B,16.291666666666668,17.958333333333332,0.9072712418300654
HHN-LON-02,2025-01-03,General Medicine Ward B,17.5,17.75,0.9861111111111112
HHN-LON-02,2025-01-04,General Medicine Ward B,17.583333333333332,17.583333333333332,1.0
HHN-LON-02,2025-01-05,General Medicine Ward B,17.916666666666668,17.916666666666668,1.0
HHN-LON-02,2025-01-06,General Medicine Ward B,18.0,18.0,1.0
HHN-LON-02,2025-01-07,General Medicine Ward B,17.958333333333332,17.958333333333332,1.0
HHN-LON-02,2025-01-08,General Medicine Ward B,17.541666666666668,17.541666666666668,1.0
HHN-LON-02,2025-01-09,General Medicine Ward B,17.875,17.875,1.0
HHN-LON-02,2025-01-10,General Medicine Ward B,17.875,17.875,1.0
HHN-LON-02,2025-01-11,General Medicine Ward B,17.708333333333332,17.708333333333332,1.0
HHN-LON-02,2025-01-12,General Medicine Ward B,17.916666666666668,17.916666666666668,1.0
HHN-LON-02,2025-01-13,General Medicine Ward B,17.875,17.875,1.0
HHN-LON-02,2025-01-14,General Medicine Ward B,17.833333333333332,17.833333333333332,1.0
HHN-LON-02,2025-01-15,General Medicine Ward B,17.916666666666668,17.916666666666668,1.0
HHN-LON-02,2025-01-16,General Medicine Ward B,17.916666666666668,17.833333333333332,1.0
HHN-LON-02,2025-01-17,General Medicine Ward B,17.916666666666668,17.958333333333332,0.9976851851851851
HHN-LON-02,2025-01-18,General Medicine Ward B,17.833333333333332,17.833333333333332,1.0
HHN-LON-02,2025-01-19,General Medicine Ward B,17.916666666666668,17.916666666666668,1.0
HHN-LON-02,2025-01-20,General Medicine Ward B,17.833333333333332,17.833333333333332,1.0
HHN-LON-02,2025-01-21,General Medicine Ward B,17.916666666666668,17.916666666666668,1.0
HHN-LON-02,2025-01-22,General Medicine Ward B,17.958333333333332,17.958333333333332,1.0
HHN-LON-02,2025-01-23,General Medicine Ward B,17.916666666666668,17.916666666666668,1.0
HHN-LON-02,2025-01-24,General Medicine Ward B,17.833333333333332,17.833333333333332,1.0
HHN-LON-02,2025-01-25,General Medicine Ward B,17.666666666666668,17.666666666666668,1.0
HHN-LON-02,2025-01-26,General Medicine Ward B,18.0,18.0,1.0
HHN-LON-02,2025-01-27,General Medicine Ward B,17.875,17.875,1.0
HHN-LON-02,2025-01-28,General Medicine Ward B,17.958333333333332,17.958333333333332,1.0
HHN-LON-02,2025-01-29,General Medicine Ward B,17.75,17.75,1.0
HHN-LON-02,2025-01-30,General Medicine Ward B,17.791666666666668,17.791666666666668,1.0
HHN-LON-02,2025-01-31,General Medicine Ward B,17.791666666666668,17.791666666666668,1.0
HHN-LON-02,2025-02-01,General Medicine Ward B,17.708333333333332,17.708333333333332,1.0
HHN-LON-02,2025-02-02,General Medicine Ward B,17.875,17.875,1.0
HHN-LON-02,2025-02-03,General Medicine Ward B,17.75,17.75,1.0
HHN-LON-02,2025-02-04,General Medicine Ward B,17.791666666666668,17.791666666666668,1.0
HHN-LON-02,2025-02-05,General Medicine Ward B,17.958333333333332,17.958333333333332,1.0
HHN-LON-02,2025-02-06,General Medicine Ward B,17.791666666666668,17.791666666666668,1.0
HHN-LON-02,2025-02-07,General Medicine Ward B,17.916666666666668,17.916666666666668,1.0
HHN-LON-02,2025-02-08,General Medicine Ward B,17.916666666666668,17.916666666666668,1.0
HHN-LON-02,2025-02-09,General Medicine Ward B,17.875,17.875,1.0
HHN-LON-02,2025-02-10,General Medicine Ward B,17.875,17.875,1.0
HHN-LON-02,2025-02-11,General Medicine Ward B,16.458333333333332,17.833333333333332,0.9236111111111112
HHN-LON-02,2025-02-12,General Medicine Ward B,17.833333333333332,17.875,0.9976851851851851
HHN-LON-02,2025-02-13,General Medicine Ward B,17.833333333333332,17.833333333333332,1.0
HHN-LON-02,2025-02-14,General Medicine Ward B,18.0,18.0,1.0
HHN-LON-02,2025-02-15,General Medicine Ward B,18.0,18.0,1.0
HHN-LON-02,2025-02-16,General Medicine Ward B,18.0,18.0,1.0
HHN-LON-02,2025-02-17,General Medicine Ward B,18.0,18.0,1.0
HHN-LON-02,2025-02-18,General Medicine Ward B,16.416666666666668,17.916666666666668,0.9166666666666666
HHN-LON-02,2025-02-19,General Medicine Ward B,11.416666666666666,17.666666666666668,0.6501736111111112
HHN-LON-02,2025-02-20,General Medicine Ward B,5.208333333333333,17.75,0.2945601851851852
HHN-LON-02,2025-02-21,General Medicine Ward B,3.7916666666666665,17.833333333333332,0.21296296296296294
HHN-LON-02,2025-02-22,General Medicine Ward B,9.25,17.833333333333332,0.517361111111111
HHN-LON-02,2025-02-23,General Medicine Ward B,16.916666666666668,17.791666666666668,0.9512527233115469
HHN-LON-02,2025-02-24,General Medicine Ward B,17.75,17.75,1.0
HHN-LON-02,2025-02-25,General Medicine Ward B,17.916666666666668,17.916666666666668,1.0
HHN-LON-02,2025-02-26,General Medicine Ward B,17.958333333333332,17.958333333333332,1.0
HHN-LON-02,2025-02-27,General Medicine Ward B,17.708333333333332,17.708333333333332,1.0
HHN-LON-02,2025-02-28,General Medicine Ward B,17.5,17.916666666666668,0.9768518518518517
HHN-LON-02,2025-03-01,General Medicine Ward B,16.333333333333332,17.875,0.9139433551198257
HHN-LON-02,2025-03-02,General Medicine Ward B,16.083333333333332,17.833333333333332,0.9022160947712418
HHN-LON-02,2025-03-03,General Medicine Ward B,17.875,17.875,1.0
HHN-LON-02,2025-03-04,General Medicine Ward B,17.458333333333332,17.833333333333332,0.9791666666666666
HHN-LON-02,2025-03-05,General Medicine Ward B,17.916666666666668,17.916666666666668,1.0
HHN-LON-02,2025-03-06,General Medicine Ward B,17.916666666666668,17.958333333333332,0.9976851851851851
HHN-LON-02,2025-03-07,General Medicine Ward B,17.5,17.708333333333332,0.9884259259259259
HHN-LON-02,2025-03-08,General Medicine Ward B,17.916666666666668,17.916666666666668,1.0
HHN-LON-02,2025-03-09,General Medicine Ward B,17.833333333333332,17.833333333333332,1.0
HHN-LON-02,2025-03-10,General Medicine Ward B,17.958333333333332,17.958333333333332,1.0
HHN-LON-02,2025-03-11,General Medicine Ward B,17.958333333333332,17.958333333333332,1.0
HHN-LON-02,2025-03-12,General Medicine Ward B,18.0,18.0,1.0
HHN-LON-02,2025-03-13,General Medicine Ward B,17.75,17.75,1.0
HHN-LON-02,2025-03-14,General Medicine Ward B,17.875,17.875,1.0
HHN-LON-02,2025-03-15,General Medicine Ward B,17.875,17.875,1.0
HHN-LON-02,2025-03-16,General Medicine Ward B,16.583333333333332,17.833333333333332,0.9305555555555555
HHN-LON-02,2025-03-17,General Medicine Ward B,17.5,17.958333333333332,0.9745370370370371
HHN-LON-02,2025-03-18,General Medicine Ward B,18.0,18.0,1.0
HHN-LON-02,2025-03-19,General Medicine Ward B,18.0,18.0,1.0
HHN-LON-02,2025-03-20,General Medicine Ward B,17.833333333333332,17.833333333333332,1.0
HHN-LON-02,2025-03-21,General Medicine Ward B,17.833333333333332,17.833333333333332,1.0
HHN-LON-02,2025-03-22,General Medicine Ward B,17.833333333333332,17.833333333333332,1.0
HHN-LON-02,2025-03-23,General Medicine Ward B,17.833333333333332,17.833333333333332,1.0
HHN-LON-02,2025-03-24,General Medicine Ward B,17.916666666666668,17.916666666666668,1.0
HHN-LON-02,2025-03-25,General Medicine Ward B,17.916666666666668,17.916666666666668,1.0
HHN-LON-02,2025-03-26,General Medicine Ward B,18.0,18.0,1.0
HHN-LON-02,2025-03-27,General Medicine Ward B,17.875,17.875,1.0
HHN-LON-02,2025-03-28,General Medicine Ward B,17.958333333333332,18.0,0.9976851851851851
HHN-LON-02,2025-03-29,General Medicine Ward B,17.666666666666668,17.833333333333332,0.9907407407407408
HHN-LON-02,2025-03-30,General Medicine Ward B,16.375,17.708333333333332,0.9255174291938998
HHN-LON-02,2025-03-31,General Medicine Ward B,17.916666666666668,17.916666666666668,1.0
HHN-LON-02,2025-04-01,General Medicine Ward B,17.833333333333332,17.916666666666668,0.9953703703703703
HHN-LON-02,2025-04-02,General Medicine Ward B,16.583333333333332,18.0,0.9212962962962963
HHN-LON-02,2025-04-03,General Medicine Ward B,17.375,17.958333333333332,0.9675925925925926
HHN-LON-02,2025-04-04,General Medicine Ward B,17.916666666666668,17.916666666666668,1.0
HHN-LON-02,2025-04-05,General Medicine Ward B,17.833333333333332,17.833333333333332,1.0
HHN-LON-02,2025-04-06,General Medicine Ward B,17.625,17.625,1.0
HHN-LON-02,2025-04-07,General Medicine Ward B,17.958333333333332,17.958333333333332,1.0
HHN-LON-02,2025-04-08,General Medicine Ward B,17.916666666666668,17.916666666666668,1.0
HHN-LON-02,2025-04-09,General Medicine Ward B,17.958333333333332,17.958333333333332,1.0
HHN-LON-02,2025-04-10,General Medicine Ward B,17.958333333333332,17.958333333333332,1.0
HHN-LON-02,2025-04-11,General Medicine Ward B,17.958333333333332,17.958333333333332,1.0
HHN-LON-02,2025-04-12,General Medicine Ward B,17.666666666666668,17.666666666666668,1.0
HHN-LON-02,2025-04-13,General Medicine Ward B,17.916666666666668,17.916666666666668,1.0
HHN-LON-02,2025-04-14,General Medicine Ward B,17.916666666666668,17.916666666666668,1.0
HHN-LON-02,2025-04-15,General Medicine Ward B,17.916666666666668,17.916666666666668,1.0
HHN-LON-02,2025-04-16,General Medicine Ward B,17.833333333333332,17.916666666666668,0.9953703703703703
HHN-LON-02,2025-04-17,General Medicine Ward B,17.75,17.75,1.0
HHN-LON-02,2025-04-18,General Medicine Ward B,17.541666666666668,17.833333333333332,0.9837962962962963
HHN-LON-02,2025-04-19,General Medicine Ward B,16.5,17.875,0.9236111111111112
HHN-LON-02,2025-04-20,General Medicine Ward B,17.708333333333332,17.791666666666668,0.9953703703703703
HHN-LON-02,2025-04-21,General Medicine Ward B,15.791666666666666,17.875,0.8836805555555555
HHN-LON-02,2025-04-22,General Medicine Ward B,17.75,17.875,0.9930555555555555
HHN-LON-02,2025-04-23,General Medicine Ward B,17.958333333333332,17.958333333333332,1.0
HHN-LON-02,2025-04-24,General Medicine Ward B,17.958333333333332,17.958333333333332,1.0
HHN-LON-02,2025-04-25,General Medicine Ward B,15.625,17.875,0.8742851307189543
HHN-LON-02,2025-04-26,General Medicine Ward B,17.041666666666668,17.958333333333332,0.9490740740740741
HHN-LON-02,2025-04-27,General Medicine Ward B,16.958333333333332,17.791666666666668,0.9524441721132897
HHN-LON-02,2025-04-28,General Medicine Ward B,16.25,17.916666666666668,0.9074074074074074
HHN-LON-02,2025-04-29,General Medicine Ward B,18.0,18.0,1.0
HHN-LON-02,2025-04-30,General Medicine Ward B,17.75,17.958333333333332,0.9884259259259259
HHN-LON-02,2025-05-01,General Medicine Ward B,16.666666666666668,17.916666666666668,0.9302832244008714
HHN-LON-02,2025-05-02,General Medicine Ward B,17.75,17.958333333333332,0.988289760348584
HHN-LON-02,2025-05-03,General Medicine Ward B,14.625,17.833333333333332,0.8204997276688454
HHN-LON-02,2025-05-04,General Medicine Ward B,16.708333333333332,18.0,0.9282407407407408
HHN-LON-02,2025-05-05,General Medicine Ward B,17.541666666666668,17.875,0.9814814814814815
HHN-LON-02,2025-05-06,General Medicine Ward B,16.125,17.958333333333332,0.897875816993464
HHN-LON-02,2025-05-07,General Medicine Ward B,17.625,17.875,0.9861111111111112
HHN-LON-02,2025-05-08,General Medicine Ward B,18.0,18.0,1.0
HHN-LON-02,2025-05-09,General Medicine Ward B,17.916666666666668,17.916666666666668,1.0
HHN-LON-02,2025-05-10,General Medicine Ward B,17.875,17.875,1.0
HHN-LON-02,2025-05-11,General Medicine Ward B,17.875,17.916666666666668,0.9976851851851851
HHN-LON-02,2025-05-12,General Medicine Ward B,17.666666666666668,17.958333333333332,0.9837962962962963
HHN-LON-02,2025-05-13,General Medicine Ward B,18.0,18.0,1.0
HHN-LON-02,2025-05-14,General Medicine Ward B,18.0,18.0,1.0
HHN-LON-02,2025-05-15,General Medicine Ward B,16.666666666666668,17.958333333333332,0.9282407407407408
HHN-LON-02,2025-05-16,General Medicine Ward B,14.208333333333334,17.916666666666668,0.7936921296296297
HHN-LON-02,2025-05-17,General Medicine Ward B,12.041666666666666,17.958333333333332,0.6708877995642702
HHN-LON-02,2025-05-18,General Medicine Ward B,15.041666666666666,17.708333333333332,0.8502859477124183
HHN-LON-02,2025-05-19,General Medicine Ward B,17.708333333333332,18.0,0.9837962962962963
HHN-LON-02,2025-05-20,General Medicine Ward B,17.916666666666668,17.916666666666668,1.0
HHN-LON-02,2025-05-21,General Medicine Ward B,18.0,18.0,1.0
HHN-LON-02,2025-05-22,General Medicine Ward B,17.25,18.0,0.9583333333333334
HHN-LON-02,2025-05-23,General Medicine Ward B,17.666666666666668,18.0,0.9814814814814815
HHN-LON-02,2025-05-24,General Medicine Ward B,15.541666666666666,17.958333333333332,0.8656045751633986
HHN-LON-02,2025-05-25,General Medicine Ward B,14.458333333333334,17.75,0.815291394335512
HHN-LON-02,2025-05-26,General Medicine Ward B,13.416666666666666,17.958333333333332,0.7474128540305012
HHN-LON-02,2025-05-27,General Medicine Ward B,10.958333333333334,17.916666666666668,0.6116898148148148
HHN-LON-02,2025-05-28,General Medicine Ward B,14.875,17.958333333333332,0.8285675381263616
HHN-LON-02,2025-05-29,General Medicine Ward B,13.25,17.958333333333332,0.7380174291938998
HHN-LON-02,2025-05-30,General Medicine Ward B,16.916666666666668,17.875,0.9464869281045751
HHN-LON-02,2025-05-31,General Medicine Ward B,17.875,17.875,1.0
HHN-LON-02,2025-06-01,General Medicine Ward B,17.916666666666668,17.916666666666668,1.0
HHN-LON-02,2025-06-02,General Medicine Ward B,17.833333333333332,17.833333333333332,1.0
HHN-LON-02,2025-06-03,General Medicine Ward B,17.916666666666668,17.916666666666668,1.0
HHN-LON-02,2025-06-04,General Medicine Ward B,17.041666666666668,17.791666666666668,0.9581971677559912
HHN-LON-02,2025-06-05,General Medicine Ward B,15.041666666666666,17.875,0.8423202614379085
HHN-LON-02,2025-06-06,General Medicine Ward B,14.291666666666666,18.0,0.7939814814814815
HHN-LON-02,2025-06-07,General Medicine Ward B,15.583333333333334,17.833333333333332,0.8744553376906318
HHN-LON-02,2025-06-08,General Medicine Ward B,17.583333333333332,17.583333333333332,1.0
HHN-LON-02,2025-06-09,General Medicine Ward B,15.083333333333334,17.916666666666668,0.8425925925925926
HHN-LON-02,2025-06-10,General Medicine Ward B,12.583333333333334,18.0,0.6990740740740741
HHN-LON-02,2025-06-11,General Medicine Ward B,11.166666666666666,17.875,0.6244893790849674
HHN-LON-02,2025-06-12,General Medicine Ward B,17.083333333333332,17.916666666666668,0.9532952069716775
HHN-LON-02,2025-06-13,General Medicine Ward B,17.916666666666668,17.916666666666668,1.0
HHN-LON-02,2025-06-14,General Medicine Ward B,17.916666666666668,17.916666666666668,1.0
HHN-LON-02,2025-06-15,General Medicine Ward B,17.541666666666668,17.666666666666668,0.9930555555555555
HHN-LON-02,2025-06-16,General Medicine Ward B,12.958333333333334,17.916666666666668,0.7230902777777778
HHN-LON-02,2025-06-17,General Medicine Ward B,12.041666666666666,18.0,0.6689814814814815
HHN-LON-02,2025-06-18,General Medicine Ward B,11.708333333333334,18.0,0.6504629629629629
HHN-LON-02,2025-06-19,General Medicine Ward B,12.375,17.916666666666668,0.6909722222222222
HHN-LON-02,2025-06-20,General Medicine Ward B,12.791666666666666,17.916666666666668,0.7138310185185186
HHN-LON-02,2025-06-21,General Medicine Ward B,14.75,17.958333333333332,0.8213507625272332
HHN-LON-02,2025-06-22,General Medicine Ward B,13.916666666666666,17.708333333333332,0.786832788671024
HHN-LON-02,2025-06-23,General Medicine Ward B,12.958333333333334,17.916666666666668,0.7233115468409586
HHN-LON-02,2025-06-24,General Medicine Ward B,16.375,17.916666666666668,0.9140625
HHN-LON-02,2025-06-25,General Medicine Ward B,17.583333333333332,17.958333333333332,0.9790305010893245
HHN-LON-02,2025-06-26,General Medicine Ward B,15.875,17.833333333333332,0.890625
HHN-LON-02,2025-06-27,General Medicine Ward B,17.916666666666668,17.916666666666668,1.0
HHN-LON-02,2025-06-28,General Medicine Ward B,17.041666666666668,18.0,0.9467592592592592
HHN-LON-02,2025-06-29,General Medicine Ward B,14.791666666666666,17.875,0.8282952069716775
HHN-LON-02,2025-06-30,General Medicine Ward B,17.208333333333332,18.0,0.9560185185185185
HHN-LON-02,2025-07-01,General Medicine Ward B,13.416666666666666,17.916666666666668,0.7491319444444445
HHN-LON-02,2025-07-02,General Medicine Ward B,15.583333333333334,17.708333333333332,0.8813827614379085
HHN-LON-02,2025-07-03,General Medicine Ward B,15.041666666666666,18.0,0.8356481481481483
HHN-LON-02,2025-07-04,General Medicine Ward B,11.625,18.0,0.6458333333333334
HHN-LON-02,2025-07-05,General Medicine Ward B,11.041666666666666,18.0,0.6134259259259259
HHN-LON-02,2025-07-06,General Medicine Ward B,11.75,17.75,0.6631944444444444
HHN-LON-02,2025-07-07,General Medicine Ward B,15.75,17.875,0.8818082788671023
HHN-LON-02,2025-07-08,General Medicine Ward B,16.666666666666668,18.0,0.9259259259259259
HHN-LON-02,2025-07-09,General Medicine Ward B,13.541666666666666,17.916666666666668,0.7554976851851851
HHN-LON-02,2025-07-10,General Medicine Ward B,10.541666666666666,17.958333333333332,0.5871459694989106
HHN-LON-02,2025-07-11,General Medicine Ward B,11.291666666666666,17.791666666666668,0.6351443355119826
HHN-LON-02,2025-07-12,General Medicine Ward B,13.75,17.916666666666668,0.7679398148148149
HHN-LON-02,2025-07-13,General Medicine Ward B,14.625,17.916666666666668,0.8168402777777778
HHN-LON-02,2025-07-14,General Medicine Ward B,12.5,17.791666666666668,0.7037207244008714
HHN-LON-02,2025-07-15,General Medicine Ward B,13.375,18.0,0.7430555555555555
HHN-LON-02,2025-07-16,General Medicine Ward B,14.75,17.875,0.8259803921568628
HHN-LON-02,2025-07-17,General Medicine Ward B,17.958333333333332,18.0,0.9976851851851851
HHN-LON-02,2025-07-18,General Medicine Ward B,15.291666666666666,17.958333333333332,0.8515795206971677
HHN-LON-02,2025-07-19,General Medicine Ward B,16.458333333333332,17.791666666666668,0.9252110566448802
HHN-LON-02,2025-07-20,General Medicine Ward B,17.958333333333332,17.958333333333332,1.0
HHN-LON-02,2025-07-21,General Medicine Ward B,17.916666666666668,17.916666666666668,1.0
HHN-LON-02,2025-07-22,General Medicine Ward B,17.666666666666668,17.75,0.9953703703703703
HHN-LON-02,2025-07-23,General Medicine Ward B,13.041666666666666,17.833333333333332,0.7320601851851851
HHN-LON-02,2025-07-24,General Medicine Ward B,11.041666666666666,17.916666666666668,0.6163194444444445
HHN-LON-02,2025-07-25,General Medicine Ward B,12.083333333333334,17.958333333333332,0.6730664488017429
HHN-LON-02,2025-07-26,General Medicine Ward B,9.25,17.75,0.5224162581699346
HHN-LON-02,2025-07-27,General Medicine Ward B,9.125,17.666666666666668,0.5170547385620915
HHN-LON-02,2025-07-28,General Medicine Ward B,9.75,17.916666666666668,0.5442708333333334
HHN-LON-02,2025-07-29,General Medicine Ward B,11.875,18.0,0.6597222222222222
HHN-LON-02,2025-07-30,General Medicine Ward B,13.0,17.958333333333332,0.7239923747276689
HHN-LON-02,2025-07-31,General Medicine Ward B,12.833333333333334,18.0,0.7129629629629629
HHN-LON-02,2025-08-01,General Medicine Ward B,16.5,17.958333333333332,0.9188453159041394
HHN-LON-02,2025-08-02,General Medicine Ward B,17.625,17.625,1.0
HHN-LON-02,2025-08-03,General Medicine Ward B,17.916666666666668,17.916666666666668,1.0
HHN-LON-02,2025-08-04,General Medicine Ward B,15.125,17.791666666666668,0.851136982570806
HHN-LON-02,2025-08-05,General Medicine Ward B,14.75,17.875,0.8255548747276689
HHN-LON-02,2025-08-06,General Medicine Ward B,14.708333333333334,17.916666666666668,0.8211805555555555
HHN-LON-02,2025-08-07,General Medicine Ward B,17.333333333333332,17.958333333333332,0.9651416122004357
HHN-LON-02,2025-08-08,General Medicine Ward B,17.958333333333332,17.958333333333332,1.0
HHN-LON-02,2025-08-09,General Medicine Ward B,17.75,17.75,1.0
HHN-LON-02,2025-08-10,General Medicine Ward B,16.958333333333332,17.916666666666668,0.9467592592592592
HHN-LON-02,2025-08-11,General Medicine Ward B,15.791666666666666,17.875,0.8838337418300654
HHN-LON-02,2025-08-12,General Medicine Ward B,13.291666666666666,18.0,0.7384259259259259
HHN-LON-02,2025-08-13,General Medicine Ward B,12.458333333333334,17.833333333333332,0.6990740740740741
HHN-LON-02,2025-08-14,General Medicine Ward B,15.0,17.916666666666668,0.8373842592592592
HHN-LON-02,2025-08-15,General Medicine Ward B,16.916666666666668,18.0,0.9398148148148149
HHN-LON-02,2025-08-16,General Medicine Ward B,17.75,17.75,1.0
HHN-LON-02,2025-08-17,General Medicine Ward B,17.791666666666668,17.791666666666668,1.0
HHN-LON-02,2025-08-18,General Medicine Ward B,16.291666666666668,17.916666666666668,0.9097222222222222
HHN-LON-02,2025-08-19,General Medicine Ward B,14.75,17.75,0.8321759259259259
HHN-LON-02,2025-08-20,General Medicine Ward B,11.75,18.0,0.6527777777777778
HHN-LON-02,2025-08-21,General Medicine Ward B,10.166666666666666,17.833333333333332,0.5706018518518519
HHN-LON-02,2025-08-22,General Medicine Ward B,7.125,17.958333333333332,0.3969226579520697
HHN-LON-02,2025-08-23,General Medicine Ward B,11.791666666666666,17.875,0.6606072984749455
HHN-LON-02,2025-08-24,General Medicine Ward B,14.291666666666666,17.875,0.8002280773420479
HHN-LON-02,2025-08-25,General Medicine Ward B,12.708333333333334,17.833333333333332,0.7135416666666666
HHN-LON-02,2025-08-26,General Medicine Ward B,12.083333333333334,17.916666666666668,0.6747685185185185
HHN-LON-02,2025-08-27,General Medicine Ward B,10.583333333333334,17.916666666666668,0.5908564814814815
HHN-LON-02,2025-08-28,General Medicine Ward B,12.291666666666666,18.0,0.6828703703703703
HHN-LON-02,2025-08-29,General Medicine Ward B,10.458333333333334,17.916666666666668,0.5850694444444445
HHN-LON-02,2025-08-30,General Medicine Ward B,8.666666666666666,17.916666666666668,0.4837962962962963
HHN-LON-02,2025-08-31,General Medicine Ward B,8.625,17.666666666666668,0.48886846405228757
HHN-LON-02,2025-09-01,General Medicine Ward B,9.958333333333334,17.916666666666668,0.5556917211328977
HHN-LON-02,2025-09-02,General Medicine Ward B,13.875,17.958333333333332,0.7728758169934641
HHN-LON-02,2025-09-03,General Medicine Ward B,11.75,17.916666666666668,0.65625
HHN-LON-02,2025-09-04,General Medicine Ward B,12.583333333333334,18.0,0.6990740740740741
HHN-LON-02,2025-09-05,General Medicine Ward B,10.125,17.916666666666668,0.5653935185185185
HHN-LON-02,2025-09-06,General Medicine Ward B,10.333333333333334,17.833333333333332,0.5796738834422658
HHN-LON-02,2025-09-07,General Medicine Ward B,17.208333333333332,17.875,0.9628267973856209
HHN-LON-02,2025-09-08,General Medicine Ward B,17.833333333333332,17.958333333333332,0.9930555555555555
HHN-LON-02,2025-09-09,General Medicine Ward B,17.916666666666668,17.958333333333332,0.9976851851851851
HHN-LON-02,2025-09-10,General Medicine Ward B,18.0,18.0,1.0
HHN-LON-02,2025-09-11,General Medicine Ward B,17.916666666666668,17.916666666666668,1.0
HHN-LON-02,2025-09-12,General Medicine Ward B,17.958333333333332,17.958333333333332,1.0
HHN-LON-02,2025-09-13,General Medicine Ward B,18.0,18.0,1.0
HHN-LON-02,2025-09-14,General Medicine Ward B,17.833333333333332,17.833333333333332,1.0
HHN-LON-02,2025-09-15,General Medicine Ward B,17.791666666666668,17.791666666666668,1.0
HHN-LON-02,2025-09-16,General Medicine Ward B,17.458333333333332,17.875,0.9768518518518517
HHN-LON-02,2025-09-17,General Medicine Ward B,17.541666666666668,18.0,0.9745370370370371
HHN-LON-02,2025-09-18,General Medicine Ward B,16.291666666666668,18.0,0.9050925925925926
HHN-LON-02,2025-09-19,General Medicine Ward B,14.208333333333334,17.916666666666668,0.7934027777777778
HHN-LON-02,2025-09-20,General Medicine Ward B,13.166666666666666,17.833333333333332,0.7392939814814815
HHN-LON-02,2025-09-21,General Medicine Ward B,14.416666666666666,17.833333333333332,0.8090277777777777
HHN-LON-02,2025-09-22,General Medicine Ward B,15.875,17.958333333333332,0.8842592592592592
HHN-LON-02,2025-09-23,General Medicine Ward B,16.208333333333332,17.958333333333332,0.9023692810457516
HHN-LON-02,2025-09-24,General Medicine Ward B,17.833333333333332,17.958333333333332,0.9930555555555555
HHN-LON-02,2025-09-25,General Medicine Ward B,13.875,17.833333333333332,0.7798032407407408
HHN-LON-02,2025-09-26,General Medicine Ward B,15.916666666666666,17.916666666666668,0.8883101851851851
HHN-LON-02,2025-09-27,General Medicine Ward B,12.916666666666666,17.875,0.7227668845315903
HHN-LON-02,2025-09-28,General Medicine Ward B,13.958333333333334,17.916666666666668,0.7795138888888888
HHN-LON-02,2025-09-29,General Medicine Ward B,17.125,17.916666666666668,0.9560185185185185
HHN-LON-02,2025-09-30,General Medicine Ward B,17.625,17.791666666666668,0.9906045751633986
HHN-LON-02,2025-10-01,General Medicine Ward B,17.541666666666668,17.708333333333332,0.9907407407407408
HHN-LON-02,2025-10-02,General Medicine Ward B,18.0,18.0,1.0
HHN-LON-02,2025-10-03,General Medicine Ward B,14.791666666666666,17.875,0.8278696895424836
HHN-LON-02,2025-10-04,General Medicine Ward B,16.166666666666668,17.833333333333332,0.9074074074074074
HHN-LON-02,2025-10-05,General Medicine Ward B,13.625,17.833333333333332,0.7642463235294118
HHN-LON-02,2025-10-06,General Medicine Ward B,14.041666666666666,17.916666666666668,0.7838541666666666
HHN-LON-02,2025-10-07,General Medicine Ward B,13.5,17.75,0.7609953703703703
HHN-LON-02,2025-10-08,General Medicine Ward B,12.458333333333334,17.958333333333332,0.6940359477124183
HHN-LON-02,2025-10-09,General Medicine Ward B,16.708333333333332,18.0,0.9282407407407408
HHN-LON-02,2025-10-10,General Medicine Ward B,17.958333333333332,17.958333333333332,1.0
HHN-LON-02,2025-10-11,General Medicine Ward B,17.75,17.75,1.0
HHN-LON-02,2025-10-12,General Medicine Ward B,17.916666666666668,17.916666666666668,1.0
HHN-LON-02,2025-10-13,General Medicine Ward B,17.916666666666668,17.916666666666668,1.0
HHN-LON-02,2025-10-14,General Medicine Ward B,18.0,18.0,1.0
HHN-LON-02,2025-10-15,General Medicine Ward B,17.916666666666668,17.916666666666668,1.0
HHN-LON-02,2025-10-16,General Medicine Ward B,17.958333333333332,17.958333333333332,1.0
HHN-LON-02,2025-10-17,General Medicine Ward B,17.833333333333332,17.833333333333332,1.0
HHN-LON-02,2025-10-18,General Medicine Ward B,17.666666666666668,17.666666666666668,1.0
HHN-LON-02,2025-10-19,General Medicine Ward B,17.833333333333332,17.833333333333332,1.0
HHN-LON-02,2025-10-20,General Medicine Ward B,18.0,18.0,1.0
HHN-LON-02,2025-10-21,General Medicine Ward B,17.875,17.875,1.0
HHN-LON-02,2025-10-22,General Medicine Ward B,17.0,17.958333333333332,0.9467592592592592
HHN-LON-02,2025-10-23,General Medicine Ward B,14.666666666666666,18.0,0.8148148148148148
HHN-LON-02,2025-10-24,General Medicine Ward B,14.25,18.0,0.7916666666666666
HHN-LON-02,2025-10-25,General Medicine Ward B,14.875,17.75,0.8383203976034858
HHN-LON-02,2025-10-26,General Medicine Ward B,12.333333333333334,17.875,0.6905807461873638
HHN-LON-02,2025-10-27,General Medicine Ward B,15.083333333333334,17.916666666666668,0.8425925925925926
HHN-LON-02,2025-10-28,General Medicine Ward B,17.583333333333332,17.916666666666668,0.9814814814814815
HHN-LON-02,2025-10-29,General Medicine Ward B,18.0,18.0,1.0
HHN-LON-02,2025-10-30,General Medicine Ward B,17.666666666666668,17.666666666666668,1.0
HHN-LON-02,2025-10-31,General Medicine Ward B,18.0,18.0,1.0
HHN-LON-02,2025-11-01,General Medicine Ward B,17.833333333333332,17.833333333333332,1.0
HHN-LON-02,2025-11-02,General Medicine Ward B,17.958333333333332,17.958333333333332,1.0
HHN-LON-02,2025-11-03,General Medicine Ward B,17.958333333333332,17.958333333333332,1.0
HHN-LON-02,2025-11-04,General Medicine Ward B,18.0,18.0,1.0
HHN-LON-02,2025-11-05,General Medicine Ward B,17.958333333333332,17.958333333333332,1.0
HHN-LON-02,2025-11-06,General Medicine Ward B,17.958333333333332,17.958333333333332,1.0
HHN-LON-02,2025-11-07,General Medicine Ward B,17.958333333333332,17.958333333333332,1.0
HHN-LON-02,2025-11-08,General Medicine Ward B,16.333333333333332,17.833333333333332,0.9166666666666666
HHN-LON-02,2025-11-09,General Medicine Ward B,15.875,17.875,0.8887527233115469
HHN-LON-02,2025-11-10,General Medicine Ward B,15.75,17.916666666666668,0.8796296296296297
HHN-LON-02,2025-11-11,General Medicine Ward B,17.541666666666668,18.0,0.9745370370370371
HHN-LON-02,2025-11-12,General Medicine Ward B,17.791666666666668,17.791666666666668,1.0
HHN-LON-02,2025-11-13,General Medicine Ward B,17.958333333333332,17.958333333333332,1.0
HHN-LON-02,2025-11-14,General Medicine Ward B,18.0,18.0,1.0
HHN-LON-02,2025-11-15,General Medicine Ward B,17.791666666666668,17.791666666666668,1.0
HHN-LON-02,2025-11-16,General Medicine Ward B,17.958333333333332,17.958333333333332,1.0
HHN-LON-02,2025-11-17,General Medicine Ward B,17.958333333333332,17.958333333333332,1.0
HHN-LON-02,2025-11-18,General Medicine Ward B,17.833333333333332,17.833333333333332,1.0
HHN-LON-02,2025-11-19,General Medicine Ward B,17.208333333333332,17.958333333333332,0.9583333333333334
HHN-LON-02,2025-11-20,General Medicine Ward B,15.833333333333334,17.833333333333332,0.8880208333333334
HHN-LON-02,2025-11-21,General Medicine Ward B,17.875,17.875,1.0
HHN-LON-02,2025-11-22,General Medicine Ward B,17.916666666666668,17.916666666666668,1.0
HHN-LON-02,2025-11-23,General Medicine Ward B,17.708333333333332,17.75,0.9976851851851851
HHN-LON-02,2025-11-24,General Medicine Ward B,17.916666666666668,17.916666666666668,1.0
HHN-LON-02,2025-11-25,General Medicine Ward B,17.958333333333332,17.958333333333332,1.0
HHN-LON-02,2025-11-26,General Medicine Ward B,17.875,17.875,1.0
HHN-LON-02,2025-11-27,General Medicine Ward B,17.958333333333332,17.958333333333332,1.0
HHN-LON-02,2025-11-28,General Medicine Ward B,17.708333333333332,17.708333333333332,1.0
HHN-LON-02,2025-11-29,General Medicine Ward B,17.833333333333332,17.833333333333332,1.0
HHN-LON-02,2025-11-30,General Medicine Ward B,16.0,17.875,0.8958333333333334
HHN-LON-02,2025-12-01,General Medicine Ward B,16.208333333333332,17.75,0.9140795206971677
HHN-LON-02,2025-12-02,General Medicine Ward B,17.541666666666668,17.875,0.9814814814814815
HHN-LON-02,2025-12-03,General Medicine Ward B,17.916666666666668,17.916666666666668,1.0
HHN-LON-02,2025-12-04,General Medicine Ward B,18.0,18.0,1.0
HHN-LON-02,2025-12-05,General Medicine Ward B,17.916666666666668,17.916666666666668,1.0
HHN-LON-02,2025-12-06,General Medicine Ward B,17.791666666666668,17.791666666666668,1.0
HHN-LON-02,2025-12-07,General Medicine Ward B,17.791666666666668,17.791666666666668,1.0
HHN-LON-02,2025-12-08,General Medicine Ward B,17.791666666666668,17.791666666666668,1.0
HHN-LON-02,2025-12-09,General Medicine Ward B,17.958333333333332,17.958333333333332,1.0
HHN-LON-02,2025-12-10,General Medicine Ward B,17.791666666666668,17.791666666666668,1.0
HHN-LON-02,2025-12-11,General Medicine Ward B,17.875,17.875,1.0
HHN-LON-02,2025-12-12,General Medicine Ward B,17.791666666666668,17.791666666666668,1.0
HHN-LON-02,2025-12-13,General Medicine Ward B,17.833333333333332,17.833333333333332,1.0
HHN-LON-02,2025-12-14,General Medicine Ward B,17.833333333333332,17.833333333333332,1.0
HHN-LON-02,2025-12-15,General Medicine Ward B,17.958333333333332,17.958333333333332,1.0
HHN-LON-02,2025-12-16,General Medicine Ward B,17.916666666666668,17.916666666666668,1.0
HHN-LON-02,2025-12-17,General Medicine Ward B,17.666666666666668,17.666666666666668,1.0
HHN-LON-02,2025-12-18,General Medicine Ward B,17.958333333333332,17.958333333333332,1.0
HHN-LON-02,2025-12-19,General Medicine Ward B,18.0,18.0,1.0
HHN-LON-02,2025-12-20,General Medicine Ward B,17.583333333333332,17.625,0.9975490196078431
HHN-LON-02,2025-12-21,General Medicine Ward B,17.833333333333332,17.833333333333332,1.0
HHN-LON-02,2025-12-22,General Medicine Ward B,17.875,17.875,1.0
HHN-LON-02,2025-12-23,General Medicine Ward B,18.0,18.0,1.0
HHN-LON-02,2025-12-24,General Medicine Ward B,16.208333333333332,17.958333333333332,0.9027777777777778
HHN-LON-02,2025-12-25,General Medicine Ward B,17.833333333333332,17.833333333333332,1.0
HHN-LON-02,2025-12-26,General Medicine Ward B,17.833333333333332,17.833333333333332,1.0
HHN-LON-02,2025-12-27,General Medicine Ward B,17.666666666666668,17.666666666666668,1.0
HHN-LON-02,2025-12-28,General Medicine Ward B,17.958333333333332,17.958333333333332,1.0
HHN-LON-02,2025-12-29,General Medicine Ward B,17.833333333333332,17.833333333333332,1.0
HHN-LON-02,2025-12-30,General Medicine Ward B,17.791666666666668,17.791666666666668,1.0
HHN-LON-02,2025-12-31,General Medicine Ward B,17.958333333333332,17.958333333333332,1.0
HHN-MAN-01,2024-01-01,General Medicine Ward B,3.625,20.833333333333332,0.17526455026455023
HHN-MAN-01,2024-01-02,General Medicine Ward B,10.416666666666666,20.708333333333332,0.5043320105820105
HHN-MAN-01,2024-01-03,General Medicine Ward B,13.625,20.791666666666668,0.6562412976886661
HHN-MAN-01,2024-01-04,General Medicine Ward B,14.625,21.0,0.6964285714285715
HHN-MAN-01,2024-01-05,General Medicine Ward B,19.25,20.958333333333332,0.9186507936507936
HHN-MAN-01,2024-01-06,General Medicine Ward B,19.833333333333332,20.625,0.9623015873015873
HHN-MAN-01,2024-01-07,General Medicine Ward B,17.0,20.916666666666668,0.81265664160401
HHN-MAN-01,2024-01-08,General Medicine Ward B,15.208333333333334,20.75,0.7335578529657477
HHN-MAN-01,2024-01-09,General Medicine Ward B,19.625,20.791666666666668,0.9444444444444445
HHN-MAN-01,2024-01-10,General Medicine Ward B,20.875,20.875,1.0
HHN-MAN-01,2024-01-11,General Medicine Ward B,20.875,20.875,1.0
HHN-MAN-01,2024-01-12,General Medicine Ward B,20.833333333333332,20.833333333333332,1.0
HHN-MAN-01,2024-01-13,General Medicine Ward B,19.208333333333332,20.875,0.920436507936508
HHN-MAN-01,2024-01-14,General Medicine Ward B,18.75,20.75,0.9034844054580896
HHN-MAN-01,2024-01-15,General Medicine Ward B,18.833333333333332,20.833333333333332,0.9039264828738514
HHN-MAN-01,2024-01-16,General Medicine Ward B,18.791666666666668,20.791666666666668,0.9037037037037038
HHN-MAN-01,2024-01-17,General Medicine Ward B,18.25,20.875,0.8743838763575605
HHN-MAN-01,2024-01-18,General Medicine Ward B,16.583333333333332,20.75,0.7999338624338624
HHN-MAN-01,2024-01-19,General Medicine Ward B,18.916666666666668,20.916666666666668,0.9043441938178781
HHN-MAN-01,2024-01-20,General Medicine Ward B,20.708333333333332,20.791666666666668,0.996031746031746
HHN-MAN-01,2024-01-21,General Medicine Ward B,20.916666666666668,20.916666666666668,1.0
HHN-MAN-01,2024-01-22,General Medicine Ward B,20.708333333333332,20.708333333333332,1.0
HHN-MAN-01,2024-01-23,General Medicine Ward B,21.0,21.0,1.0
HHN-MAN-01,2024-01-24,General Medicine Ward B,20.833333333333332,20.833333333333332,1.0
HHN-MAN-01,2024-01-25,General Medicine Ward B,20.916666666666668,20.916666666666668,1.0
HHN-MAN-01,2024-01-26,General Medicine Ward B,20.791666666666668,20.791666666666668,1.0
HHN-MAN-01,2024-01-27,General Medicine Ward B,20.583333333333332,20.583333333333332,1.0
HHN-MAN-01,2024-01-28,General Medicine Ward B,19.375,20.708333333333332,0.9365079365079364
HHN-MAN-01,2024-01-29,General Medicine Ward B,19.541666666666668,20.75,0.9419434001670844
HHN-MAN-01,2024-01-30,General Medicine Ward B,20.958333333333332,20.958333333333332,1.0
HHN-MAN-01,2024-01-31,General Medicine Ward B,20.291666666666668,20.291666666666668,1.0
HHN-MAN-01,2024-02-01,General Medicine Ward B,20.958333333333332,20.958333333333332,1.0
HHN-MAN-01,2024-02-02,General Medicine Ward B,20.666666666666668,20.666666666666668,1.0
HHN-MAN-01,2024-02-03,General Medicine Ward B,20.791666666666668,20.791666666666668,1.0
HHN-MAN-01,2024-02-04,General Medicine Ward B,20.666666666666668,20.666666666666668,1.0
HHN-MAN-01,2024-02-05,General Medicine Ward B,20.25,20.25,1.0
HHN-MAN-01,2024-02-06,General Medicine Ward B,20.75,20.75,1.0
HHN-MAN-01,2024-02-07,General Medicine Ward B,20.708333333333332,20.708333333333332,1.0
HHN-MAN-01,2024-02-08,General Medicine Ward B,20.166666666666668,20.916666666666668,0.9642857142857143
HHN-MAN-01,2024-02-09,General Medicine Ward B,19.875,20.833333333333332,0.9541666666666667
HHN-MAN-01,2024-02-10,General Medicine Ward B,20.083333333333332,20.75,0.9682539682539683
HHN-MAN-01,2024-02-11,General Medicine Ward B,20.375,20.625,0.9880952380952381
HHN-MAN-01,2024-02-12,General Medicine Ward B,20.875,20.875,1.0
HHN-MAN-01,2024-02-13,General Medicine Ward B,20.708333333333332,20.708333333333332,1.0
HHN-MAN-01,2024-02-14,General Medicine Ward B,20.958333333333332,20.958333333333332,1.0
HHN-MAN-01,2024-02-15,General Medicine Ward B,20.958333333333332,20.958333333333332,1.0
HHN-MAN-01,2024-02-16,General Medicine Ward B,20.666666666666668,20.666666666666668,1.0
HHN-MAN-01,2024-02-17,General Medicine Ward B,20.791666666666668,20.791666666666668,1.0
HHN-MAN-01,2024-02-18,General Medicine Ward B,20.833333333333332,20.833333333333332,1.0
HHN-MAN-01,2024-02-19,General Medicine Ward B,20.75,20.75,1.0
HHN-MAN-01,2024-02-20,General Medicine Ward B,20.708333333333332,20.708333333333332,1.0
HHN-MAN-01,2024-02-21,General Medicine Ward B,20.833333333333332,20.833333333333332,1.0
HHN-MAN-01,2024-02-22,General Medicine Ward B,20.875,20.875,1.0
HHN-MAN-01,2024-02-23,General Medicine Ward B,20.791666666666668,20.791666666666668,1.0
HHN-MAN-01,2024-02-24,General Medicine Ward B,20.75,20.75,1.0
HHN-MAN-01,2024-02-25,General Medicine Ward B,20.875,20.875,1.0
HHN-MAN-01,2024-02-26,General Medicine Ward B,20.916666666666668,20.916666666666668,1.0
HHN-MAN-01,2024-02-27,General Medicine Ward B,21.0,21.0,1.0
HHN-MAN-01,2024-02-28,General Medicine Ward B,20.958333333333332,20.958333333333332,1.0
HHN-MAN-01,2024-02-29,General Medicine Ward B,21.0,21.0,1.0
HHN-MAN-01,2024-03-01,General Medicine Ward B,20.875,20.875,1.0
HHN-MAN-01,2024-03-02,General Medicine Ward B,20.875,20.875,1.0
HHN-MAN-01,2024-03-03,General Medicine Ward B,20.875,20.875,1.0
HHN-MAN-01,2024-03-04,General Medicine Ward B,20.708333333333332,20.708333333333332,1.0
HHN-MAN-01,2024-03-05,General Medicine Ward B,20.916666666666668,20.916666666666668,1.0
HHN-MAN-01,2024-03-06,General Medicine Ward B,20.708333333333332,20.708333333333332,1.0
HHN-MAN-01,2024-03-07,General Medicine Ward B,20.833333333333332,20.833333333333332,1.0
HHN-MAN-01,2024-03-08,General Medicine Ward B,20.916666666666668,20.916666666666668,1.0
HHN-MAN-01,2024-03-09,General Medicine Ward B,21.0,21.0,1.0
HHN-MAN-01,2024-03-10,General Medicine Ward B,20.958333333333332,20.958333333333332,1.0
HHN-MAN-01,2024-03-11,General Medicine Ward B,21.0,21.0,1.0
HHN-MAN-01,2024-03-12,General Medicine Ward B,21.0,21.0,1.0
HHN-MAN-01,2024-03-13,General Medicine Ward B,20.875,20.875,1.0
HHN-MAN-01,2024-03-14,General Medicine Ward B,20.125,20.916666666666668,0.9623015873015873
HHN-MAN-01,2024-03-15,General Medicine Ward B,20.833333333333332,20.958333333333332,0.9940476190476191
HHN-MAN-01,2024-03-16,General Medicine Ward B,20.958333333333332,20.958333333333332,1.0
HHN-MAN-01,2024-03-17,General Medicine Ward B,20.708333333333332,20.708333333333332,1.0
HHN-MAN-01,2024-03-18,General Medicine Ward B,20.875,20.875,1.0
HHN-MAN-01,2024-03-19,General Medicine Ward B,20.875,20.875,1.0
HHN-MAN-01,2024-03-20,General Medicine Ward B,20.75,20.75,1.0
HHN-MAN-01,2024-03-21,General Medicine Ward B,20.916666666666668,20.916666666666668,1.0
HHN-MAN-01,2024-03-22,General Medicine Ward B,20.958333333333332,20.958333333333332,1.0
HHN-MAN-01,2024-03-23,General Medicine Ward B,20.833333333333332,20.833333333333332,1.0
HHN-MAN-01,2024-03-24,General Medicine Ward B,20.916666666666668,20.916666666666668,1.0
HHN-MAN-01,2024-03-25,General Medicine Ward B,20.875,20.875,1.0
HHN-MAN-01,2024-03-26,General Medicine Ward B,20.916666666666668,20.916666666666668,1.0
HHN-MAN-01,2024-03-27,General Medicine Ward B,20.958333333333332,20.958333333333332,1.0
HHN-MAN-01,2024-03-28,General Medicine Ward B,21.0,21.0,1.0
HHN-MAN-01,2024-03-29,General Medicine Ward B,20.083333333333332,21.0,0.9563492063492064
HHN-MAN-01,2024-03-30,General Medicine Ward B,19.666666666666668,20.875,0.9424603174603176
HHN-MAN-01,2024-03-31,General Medicine Ward B,18.125,20.916666666666668,0.8670634920634921
HHN-MAN-01,2024-04-01,General Medicine Ward B,17.041666666666668,20.875,0.8167989417989419
HHN-MAN-01,2024-04-02,General Medicine Ward B,15.125,20.916666666666668,0.7235797827903091
HHN-MAN-01,2024-04-03,General Medicine Ward B,17.208333333333332,20.958333333333332,0.8209325396825397
HHN-MAN-01,2024-04-04,General Medicine Ward B,17.541666666666668,21.0,0.8353174603174603
HHN-MAN-01,2024-04-05,General Medicine Ward B,16.916666666666668,20.916666666666668,0.808688387635756
HHN-MAN-01,2024-04-06,General Medicine Ward B,16.625,20.625,0.8055555555555555
HHN-MAN-01,2024-04-07,General Medicine Ward B,16.958333333333332,20.958333333333332,0.809126984126984
HHN-MAN-01,2024-04-08,General Medicine Ward B,16.916666666666668,20.916666666666668,0.808688387635756
HHN-MAN-01,2024-04-09,General Medicine Ward B,18.666666666666668,21.0,0.8888888888888888
HHN-MAN-01,2024-04-10,General Medicine Ward B,20.708333333333332,20.833333333333332,0.9940476190476191
HHN-MAN-01,2024-04-11,General Medicine Ward B,20.625,20.791666666666668,0.9920634920634921
HHN-MAN-01,2024-04-12,General Medicine Ward B,19.916666666666668,20.791666666666668,0.9583333333333334
HHN-MAN-01,2024-04-13,General Medicine Ward B,15.541666666666666,21.0,0.7400793650793651
HHN-MAN-01,2024-04-14,General Medicine Ward B,17.208333333333332,20.791666666666668,0.8276246170983014
HHN-MAN-01,2024-04-15,General Medicine Ward B,20.0,20.875,0.9523809523809524
HHN-MAN-01,2024-04-16,General Medicine Ward B,20.791666666666668,20.875,0.996031746031746
HHN-MAN-01,2024-04-17,General Medicine Ward B,19.333333333333332,21.0,0.9206349206349206
HHN-MAN-01,2024-04-18,General Medicine Ward B,16.458333333333332,20.916666666666668,0.7870718462823726
HHN-MAN-01,2024-04-19,General Medicine Ward B,12.583333333333334,20.75,0.606516290726817
HHN-MAN-01,2024-04-20,General Medicine Ward B,13.333333333333334,20.708333333333332,0.6450396825396826
HHN-MAN-01,2024-04-21,General Medicine Ward B,15.041666666666666,20.958333333333332,0.7177579365079364
HHN-MAN-01,2024-04-22,General Medicine Ward B,15.916666666666666,20.666666666666668,0.7704191033138401
HHN-MAN-01,2024-04-23,General Medicine Ward B,16.0,20.875,0.7671957671957671
HHN-MAN-01,2024-04-24,General Medicine Ward B,19.75,20.916666666666668,0.9444444444444445
HHN-MAN-01,2024-04-25,General Medicine Ward B,18.666666666666668,20.75,0.9007936507936508
HHN-MAN-01,2024-04-26,General Medicine Ward B,20.625,20.791666666666668,0.9920634920634921
HHN-MAN-01,2024-04-27,General Medicine Ward B,19.041666666666668,20.833333333333332,0.914484126984127
HHN-MAN-01,2024-04-28,General Medicine Ward B,19.875,20.875,0.952281746031746
HHN-MAN-01,2024-04-29,General Medicine Ward B,21.0,21.0,1.0
HHN-MAN-01,2024-04-30,General Medicine Ward B,20.916666666666668,20.916666666666668,1.0
HHN-MAN-01,2024-05-01,General Medicine Ward B,20.75,20.75,1.0
HHN-MAN-01,2024-05-02,General Medicine Ward B,20.875,20.875,1.0
HHN-MAN-01,2024-05-03,General Medicine Ward B,20.75,20.75,1.0
HHN-MAN-01,2024-05-04,General Medicine Ward B,20.75,20.958333333333332,0.9900793650793651
HHN-MAN-01,2024-05-05,General Medicine Ward B,19.958333333333332,20.708333333333332,0.9642857142857143
HHN-MAN-01,2024-05-06,General Medicine Ward B,20.958333333333332,20.958333333333332,1.0
HHN-MAN-01,2024-05-07,General Medicine Ward B,19.666666666666668,21.0,0.9365079365079366
HHN-MAN-01,2024-05-08,General Medicine Ward B,20.958333333333332,21.0,0.998015873015873
HHN-MAN-01,2024-05-09,General Medicine Ward B,20.916666666666668,20.916666666666668,1.0
HHN-MAN-01,2024-05-10,General Medicine Ward B,19.083333333333332,20.875,0.9146825396825397
HHN-MAN-01,2024-05-11,General Medicine Ward B,18.083333333333332,20.833333333333332,0.86875
HHN-MAN-01,2024-05-12,General Medicine Ward B,19.583333333333332,20.583333333333332,0.9521825396825396
HHN-MAN-01,2024-05-13,General Medicine Ward B,18.916666666666668,20.916666666666668,0.9047619047619048
HHN-MAN-01,2024-05-14,General Medicine Ward B,15.833333333333334,21.0,0.753968253968254
HHN-MAN-01,2024-05-15,General Medicine Ward B,16.25,20.916666666666668,0.776984126984127
HHN-MAN-01,2024-05-16,General Medicine Ward B,20.916666666666668,20.916666666666668,1.0
HHN-MAN-01,2024-05-17,General Medicine Ward B,20.833333333333332,20.833333333333332,1.0
HHN-MAN-01,2024-05-18,General Medicine Ward B,18.916666666666668,20.5,0.9243943191311613
HHN-MAN-01,2024-05-19,General Medicine Ward B,20.875,20.958333333333332,0.996031746031746
HHN-MAN-01,2024-05-20,General Medicine Ward B,21.0,21.0,1.0
HHN-MAN-01,2024-05-21,General Medicine Ward B,20.875,20.875,1.0
HHN-MAN-01,2024-05-22,General Medicine Ward B,20.833333333333332,20.833333333333332,1.0
HHN-MAN-01,2024-05-23,General Medicine Ward B,20.958333333333332,20.958333333333332,1.0
HHN-MAN-01,2024-05-24,General Medicine Ward B,19.791666666666668,20.875,0.9484126984126985
HHN-MAN-01,2024-05-25,General Medicine Ward B,17.833333333333332,20.791666666666668,0.8587962962962963
HHN-MAN-01,2024-05-26,General Medicine Ward B,20.5,20.916666666666668,0.9801587301587302
HHN-MAN-01,2024-05-27,General Medicine Ward B,19.958333333333332,20.958333333333332,0.9523809523809524
HHN-MAN-01,2024-05-28,General Medicine Ward B,20.833333333333332,20.875,0.998015873015873
HHN-MAN-01,2024-05-29,General Medicine Ward B,20.541666666666668,21.0,0.9781746031746031
HHN-MAN-01,2024-05-30,General Medicine Ward B,17.041666666666668,21.0,0.8115079365079364
HHN-MAN-01,2024-05-31,General Medicine Ward B,17.083333333333332,21.0,0.8134920634920636
HHN-MAN-01,2024-06-01,General Medicine Ward B,16.291666666666668,20.833333333333332,0.7829260651629073
HHN-MAN-01,2024-06-02,General Medicine Ward B,17.25,20.75,0.8326058201058201
HHN-MAN-01,2024-06-03,General Medicine Ward B,20.25,20.833333333333332,0.9722222222222222
HHN-MAN-01,2024-06-04,General Medicine Ward B,19.083333333333332,21.0,0.9087301587301587
HHN-MAN-01,2024-06-05,General Medicine Ward B,19.25,20.625,0.9344246031746032
HHN-MAN-01,2024-06-06,General Medicine Ward B,20.458333333333332,20.916666666666668,0.9781746031746031
HHN-MAN-01,2024-06-07,General Medicine Ward B,20.916666666666668,20.916666666666668,1.0
HHN-MAN-01,2024-06-08,General Medicine Ward B,20.541666666666668,20.916666666666668,0.9821428571428572
HHN-MAN-01,2024-06-09,General Medicine Ward B,17.875,20.625,0.8681216931216932
HHN-MAN-01,2024-06-10,General Medicine Ward B,18.708333333333332,20.833333333333332,0.8988095238095237
HHN-MAN-01,2024-06-11,General Medicine Ward B,20.541666666666668,20.625,0.996031746031746
HHN-MAN-01,2024-06-12,General Medicine Ward B,16.375,20.791666666666668,0.7886382623224728
HHN-MAN-01,2024-06-13,General Medicine Ward B,15.833333333333334,20.916666666666668,0.7570436507936508
HHN-MAN-01,2024-06-14,General Medicine Ward B,12.791666666666666,20.833333333333332,0.6150462962962963
HHN-MAN-01,2024-06-15,General Medicine Ward B,14.416666666666666,20.875,0.6911375661375662
HHN-MAN-01,2024-06-16,General Medicine Ward B,18.291666666666668,21.0,0.871031746031746
HHN-MAN-01,2024-06-17,General Medicine Ward B,19.958333333333332,21.0,0.9503968253968255
HHN-MAN-01,2024-06-18,General Medicine Ward B,20.625,20.791666666666668,0.9920634920634921
HHN-MAN-01,2024-06-19,General Medicine Ward B,19.375,20.833333333333332,0.9305555555555555
HHN-MAN-01,2024-06-20,General Medicine Ward B,18.5,20.916666666666668,0.8847117794486216
HHN-MAN-01,2024-06-21,General Medicine Ward B,16.375,21.0,0.7797619047619048
HHN-MAN-01,2024-06-22,General Medicine Ward B,16.583333333333332,20.833333333333332,0.796298036758563
HHN-MAN-01,2024-06-23,General Medicine Ward B,16.625,21.0,0.7916666666666666
HHN-MAN-01,2024-06-24,General Medicine Ward B,18.541666666666668,21.0,0.8829365079365079
HHN-MAN-01,2024-06-25,General Medicine Ward B,18.833333333333332,20.958333333333332,0.8988095238095238
HHN-MAN-01,2024-06-26,General Medicine Ward B,14.708333333333334,20.875,0.7053571428571428
HHN-MAN-01,2024-06-27,General Medicine Ward B,15.25,21.0,0.7261904761904762
HHN-MAN-01,2024-06-28,General Medicine Ward B,15.291666666666666,20.875,0.7337962962962963
HHN-MAN-01,2024-06-29,General Medicine Ward B,14.833333333333334,20.916666666666668,0.7094820384294068
HHN-MAN-01,2024-06-30,General Medicine Ward B,16.666666666666668,20.875,0.7996031746031745
HHN-MAN-01,2024-07-01,General Medicine Ward B,14.583333333333334,20.916666666666668,0.697577276524645
HHN-MAN-01,2024-07-02,General Medicine Ward B,12.041666666666666,20.958333333333332,0.5748015873015873
HHN-MAN-01,2024-07-03,General Medicine Ward B,17.041666666666668,20.958333333333332,0.8134920634920636
HHN-MAN-01,2024-07-04,General Medicine Ward B,20.708333333333332,20.708333333333332,1.0
HHN-MAN-01,2024-07-05,General Medicine Ward B,19.041666666666668,20.916666666666668,0.9107142857142857
HHN-MAN-01,2024-07-06,General Medicine Ward B,15.583333333333334,21.0,0.7420634920634921
HHN-MAN-01,2024-07-07,General Medicine Ward B,11.916666666666666,20.75,0.5750661375661376
HHN-MAN-01,2024-07-08,General Medicine Ward B,11.208333333333334,21.0,0.5337301587301587
HHN-MAN-01,2024-07-09,General Medicine Ward B,11.708333333333334,21.0,0.5575396825396826
HHN-MAN-01,2024-07-10,General Medicine Ward B,14.75,20.875,0.7066798941798943
HHN-MAN-01,2024-07-11,General Medicine Ward B,16.833333333333332,20.958333333333332,0.8033730158730159
HHN-MAN-01,2024-07-12,General Medicine Ward B,16.5,20.75,0.7962423419660262
HHN-MAN-01,2024-07-13,General Medicine Ward B,15.541666666666666,21.0,0.7400793650793651
HHN-MAN-01,2024-07-14,General Medicine Ward B,13.291666666666666,20.75,0.6414734753550543
HHN-MAN-01,2024-07-15,General Medicine Ward B,15.25,20.791666666666668,0.7337962962962963
HHN-MAN-01,2024-07-16,General Medicine Ward B,17.291666666666668,21.0,0.8234126984126985
HHN-MAN-01,2024-07-17,General Medicine Ward B,16.041666666666668,20.75,0.7733796296296296
HHN-MAN-01,2024-07-18,General Medicine Ward B,12.208333333333334,20.916666666666668,0.5836466165413533
HHN-MAN-01,2024-07-19,General Medicine Ward B,12.916666666666666,21.0,0.615079365079365
HHN-MAN-01,2024-07-20,General Medicine Ward B,14.916666666666666,20.791666666666668,0.7181704260651629
HHN-MAN-01,2024-07-21,General Medicine Ward B,17.083333333333332,20.666666666666668,0.828042328042328
HHN-MAN-01,2024-07-22,General Medicine Ward B,17.125,20.958333333333332,0.8170634920634922
HHN-MAN-01,2024-07-23,General Medicine Ward B,15.75,21.0,0.75
HHN-MAN-01,2024-07-24,General Medicine Ward B,19.0,21.0,0.9047619047619048
HHN-MAN-01,2024-07-25,General Medicine Ward B,17.5,21.0,0.8333333333333334
HHN-MAN-01,2024-07-26,General Medicine Ward B,16.916666666666668,21.0,0.8055555555555555
HHN-MAN-01,2024-07-27,General Medicine Ward B,14.416666666666666,20.833333333333332,0.692824074074074
HHN-MAN-01,2024-07-28,General Medicine Ward B,11.291666666666666,20.708333333333332,0.5463450292397661
HHN-MAN-01,2024-07-29,General Medicine Ward B,12.375,20.875,0.593584656084656
HHN-MAN-01,2024-07-30,General Medicine Ward B,14.625,20.958333333333332,0.6979166666666666
HHN-MAN-01,2024-07-31,General Medicine Ward B,14.833333333333334,20.875,0.7109788359788359
HHN-MAN-01,2024-08-01,General Medicine Ward B,15.791666666666666,21.0,0.751984126984127
HHN-MAN-01,2024-08-02,General Medicine Ward B,14.75,20.958333333333332,0.7038690476190476
HHN-MAN-01,2024-08-03,General Medicine Ward B,14.5,20.958333333333332,0.6918650793650793
HHN-MAN-01,2024-08-04,General Medicine Ward B,18.375,20.875,0.8809523809523809
HHN-MAN-01,2024-08-05,General Medicine Ward B,20.875,21.0,0.9940476190476191
HHN-MAN-01,2024-08-06,General Medicine Ward B,16.5,20.916666666666668,0.7896825396825397
HHN-MAN-01,2024-08-07,General Medicine Ward B,14.125,21.0,0.6726190476190476
HHN-MAN-01,2024-08-08,General Medicine Ward B,14.041666666666666,21.0,0.6686507936507936
HHN-MAN-01,2024-08-09,General Medicine Ward B,12.916666666666666,20.875,0.6193783068783069
HHN-MAN-01,2024-08-10,General Medicine Ward B,12.833333333333334,20.75,0.6190841687552214
HHN-MAN-01,2024-08-11,General Medicine Ward B,13.833333333333334,20.833333333333332,0.6643692564745196
HHN-MAN-01,2024-08-12,General Medicine Ward B,13.708333333333334,21.0,0.6527777777777778
HHN-MAN-01,2024-08-13,General Medicine Ward B,14.541666666666666,21.0,0.6924603174603176
HHN-MAN-01,2024-08-14,General Medicine Ward B,17.25,20.833333333333332,0.828042328042328
HHN-MAN-01,2024-08-15,General Medicine Ward B,19.416666666666668,20.875,0.9305555555555557
HHN-MAN-01,2024-08-16,General Medicine Ward B,15.041666666666666,21.0,0.7162698412698413
HHN-MAN-01,2024-08-17,General Medicine Ward B,15.083333333333334,20.875,0.7222587719298246
HHN-MAN-01,2024-08-18,General Medicine Ward B,17.625,20.625,0.8564814814814814
HHN-MAN-01,2024-08-19,General Medicine Ward B,17.833333333333332,21.0,0.8492063492063492
HHN-MAN-01,2024-08-20,General Medicine Ward B,20.375,20.916666666666668,0.974107142857143
HHN-MAN-01,2024-08-21,General Medicine Ward B,19.208333333333332,20.833333333333332,0.9226190476190476
HHN-MAN-01,2024-08-22,General Medicine Ward B,18.75,20.875,0.8988095238095238
HHN-MAN-01,2024-08-23,General Medicine Ward B,18.333333333333332,20.833333333333332,0.8807539682539683
HHN-MAN-01,2024-08-24,General Medicine Ward B,19.458333333333332,20.875,0.9325396825396827
HHN-MAN-01,2024-08-25,General Medicine Ward B,20.916666666666668,20.916666666666668,1.0
HHN-MAN-01,2024-08-26,General Medicine Ward B,20.958333333333332,20.958333333333332,1.0
HHN-MAN-01,2024-08-27,General Medicine Ward B,19.583333333333332,21.0,0.9325396825396824
HHN-MAN-01,2024-08-28,General Medicine Ward B,16.375,20.875,0.7845916875522138
HHN-MAN-01,2024-08-29,General Medicine Ward B,12.083333333333334,20.833333333333332,0.5804232804232804
HHN-MAN-01,2024-08-30,General Medicine Ward B,6.916666666666667,20.916666666666668,0.3308270676691729
HHN-MAN-01,2024-08-31,General Medicine Ward B,6.625,20.625,0.3230820105820105
HHN-MAN-01,2024-09-01,General Medicine Ward B,11.583333333333334,20.75,0.5605158730158729
HHN-MAN-01,2024-09-02,General Medicine Ward B,13.625,20.958333333333332,0.6500992063492064
HHN-MAN-01,2024-09-03,General Medicine Ward B,18.083333333333332,20.916666666666668,0.8644527986633249
HHN-MAN-01,2024-09-04,General Medicine Ward B,16.791666666666668,21.0,0.7996031746031745
HHN-MAN-01,2024-09-05,General Medicine Ward B,16.291666666666668,21.0,0.7757936507936507
HHN-MAN-01,2024-09-06,General Medicine Ward B,15.25,21.0,0.7261904761904762
HHN-MAN-01,2024-09-07,General Medicine Ward B,19.208333333333332,20.708333333333332,0.9283625730994153
HHN-MAN-01,2024-09-08,General Medicine Ward B,18.166666666666668,20.916666666666668,0.8690476190476191
HHN-MAN-01,2024-09-09,General Medicine Ward B,17.541666666666668,21.0,0.8353174603174603
HHN-MAN-01,2024-09-10,General Medicine Ward B,15.333333333333334,21.0,0.7301587301587301
HHN-MAN-01,2024-09-11,General Medicine Ward B,18.0,21.0,0.8571428571428571
HHN-MAN-01,2024-09-12,General Medicine Ward B,17.708333333333332,20.875,0.8488756613756614
HHN-MAN-01,2024-09-13,General Medicine Ward B,18.708333333333332,21.0,0.8908730158730158
HHN-MAN-01,2024-09-14,General Medicine Ward B,21.0,21.0,1.0
HHN-MAN-01,2024-09-15,General Medicine Ward B,20.875,20.875,1.0
HHN-MAN-01,2024-09-16,General Medicine Ward B,21.0,21.0,1.0
HHN-MAN-01,2024-09-17,General Medicine Ward B,20.833333333333332,20.833333333333332,1.0
HHN-MAN-01,2024-09-18,General Medicine Ward B,17.541666666666668,21.0,0.8353174603174603
HHN-MAN-01,2024-09-19,General Medicine Ward B,13.541666666666666,21.0,0.6448412698412699
HHN-MAN-01,2024-09-20,General Medicine Ward B,15.291666666666666,20.708333333333332,0.7400132275132275
HHN-MAN-01,2024-09-21,General Medicine Ward B,15.666666666666666,20.833333333333332,0.7525062656641603
HHN-MAN-01,2024-09-22,General Medicine Ward B,14.291666666666666,20.708333333333332,0.6912332915622389
HHN-MAN-01,2024-09-23,General Medicine Ward B,10.458333333333334,20.791666666666668,0.5039108187134502
HHN-MAN-01,2024-09-24,General Medicine Ward B,12.333333333333334,20.875,0.5916005291005291
HHN-MAN-01,2024-09-25,General Medicine Ward B,11.666666666666666,20.791666666666668,0.5622389306599833
HHN-MAN-01,2024-09-26,General Medicine Ward B,15.125,21.0,0.7202380952380952
HHN-MAN-01,2024-09-27,General Medicine Ward B,18.25,20.875,0.875
HHN-MAN-01,2024-09-28,General Medicine Ward B,20.541666666666668,20.75,0.9900793650793651
HHN-MAN-01,2024-09-29,General Medicine Ward B,18.166666666666668,20.875,0.871031746031746
HHN-MAN-01,2024-09-30,General Medicine Ward B,18.666666666666668,20.916666666666668,0.892439431913116
HHN-MAN-01,2024-10-01,General Medicine Ward B,19.666666666666668,20.958333333333332,0.9384920634920636
HHN-MAN-01,2024-10-02,General Medicine Ward B,16.541666666666668,21.0,0.7876984126984127
HHN-MAN-01,2024-10-03,General Medicine Ward B,17.666666666666668,20.875,0.8468149540517961
HHN-MAN-01,2024-10-04,General Medicine Ward B,18.333333333333332,20.875,0.8786601921470343
HHN-MAN-01,2024-10-05,General Medicine Ward B,16.0,20.708333333333332,0.7742098301308827
HHN-MAN-01,2024-10-06,General Medicine Ward B,16.333333333333332,20.708333333333332,0.7902777777777777
HHN-MAN-01,2024-10-07,General Medicine Ward B,15.166666666666666,20.958333333333332,0.7236111111111111
HHN-MAN-01,2024-10-08,General Medicine Ward B,17.666666666666668,21.0,0.8412698412698413
HHN-MAN-01,2024-10-09,General Medicine Ward B,20.708333333333332,20.875,0.9920634920634921
HHN-MAN-01,2024-10-10,General Medicine Ward B,19.541666666666668,21.0,0.9305555555555555
HHN-MAN-01,2024-10-11,General Medicine Ward B,20.958333333333332,21.0,0.998015873015873
HHN-MAN-01,2024-10-12,General Medicine Ward B,20.875,20.875,1.0
HHN-MAN-01,2024-10-13,General Medicine Ward B,20.791666666666668,20.791666666666668,1.0
HHN-MAN-01,2024-10-14,General Medicine Ward B,21.0,21.0,1.0
HHN-MAN-01,2024-10-15,General Medicine Ward B,18.333333333333332,20.916666666666668,0.876984126984127
HHN-MAN-01,2024-10-16,General Medicine Ward B,16.75,20.916666666666668,0.8007518796992481
HHN-MAN-01,2024-10-17,General Medicine Ward B,17.0,20.875,0.8154761904761904
HHN-MAN-01,2024-10-18,General Medicine Ward B,15.625,21.0,0.7440476190476191
HHN-MAN-01,2024-10-19,General Medicine Ward B,19.083333333333332,20.666666666666668,0.924404761904762
HHN-MAN-01,2024-10-20,General Medicine Ward B,16.583333333333332,20.833333333333332,0.7965277777777778
HHN-MAN-01,2024-10-21,General Medicine Ward B,15.75,21.0,0.75
HHN-MAN-01,2024-10-22,General Medicine Ward B,21.0,21.0,1.0
HHN-MAN-01,2024-10-23,General Medicine Ward B,20.75,20.791666666666668,0.998015873015873
HHN-MAN-01,2024-10-24,General Medicine Ward B,20.833333333333332,20.833333333333332,1.0
HHN-MAN-01,2024-10-25,General Medicine Ward B,19.666666666666668,20.75,0.9484126984126985
HHN-MAN-01,2024-10-26,General Medicine Ward B,19.708333333333332,20.708333333333332,0.9523809523809524
HHN-MAN-01,2024-10-27,General Medicine Ward B,18.75,20.625,0.9102078111946533
HHN-MAN-01,2024-10-28,General Medicine Ward B,18.916666666666668,20.875,0.9064153439153438
HHN-MAN-01,2024-10-29,General Medicine Ward B,20.625,21.0,0.9821428571428572
HHN-MAN-01,2024-10-30,General Medicine Ward B,19.125,20.916666666666668,0.9144736842105262
HHN-MAN-01,2024-10-31,General Medicine Ward B,18.0,20.791666666666668,0.8656537176274018
HHN-MAN-01,2024-11-01,General Medicine Ward B,20.041666666666668,21.0,0.9543650793650794
HHN-MAN-01,2024-11-02,General Medicine Ward B,20.375,20.791666666666668,0.9801587301587302
HHN-MAN-01,2024-11-03,General Medicine Ward B,20.75,20.916666666666668,0.9920634920634921
HHN-MAN-01,2024-11-04,General Medicine Ward B,20.958333333333332,20.958333333333332,1.0
HHN-MAN-01,2024-11-05,General Medicine Ward B,20.958333333333332,20.958333333333332,1.0
HHN-MAN-01,2024-11-06,General Medicine Ward B,21.0,21.0,1.0
HHN-MAN-01,2024-11-07,General Medicine Ward B,20.791666666666668,20.791666666666668,1.0
HHN-MAN-01,2024-11-08,General Medicine Ward B,21.0,21.0,1.0
HHN-MAN-01,2024-11-09,General Medicine Ward B,20.875,20.875,1.0
HHN-MAN-01,2024-11-10,General Medicine Ward B,20.75,20.75,1.0
HHN-MAN-01,2024-11-11,General Medicine Ward B,21.0,21.0,1.0
HHN-MAN-01,2024-11-12,General Medicine Ward B,20.833333333333332,20.833333333333332,1.0
HHN-MAN-01,2024-11-13,General Medicine Ward B,21.0,21.0,1.0
HHN-MAN-01,2024-11-14,General Medicine Ward B,21.0,21.0,1.0
HHN-MAN-01,2024-11-15,General Medicine Ward B,17.958333333333332,20.875,0.8600877192982456
HHN-MAN-01,2024-11-16,General Medicine Ward B,17.333333333333332,20.541666666666668,0.8456366610971874
HHN-MAN-01,2024-11-17,General Medicine Ward B,17.958333333333332,20.833333333333332,0.8628968253968253
HHN-MAN-01,2024-11-18,General Medicine Ward B,19.625,20.791666666666668,0.9444444444444445
HHN-MAN-01,2024-11-19,General Medicine Ward B,20.958333333333332,21.0,0.998015873015873
HHN-MAN-01,2024-11-20,General Medicine Ward B,20.958333333333332,20.958333333333332,1.0
HHN-MAN-01,2024-11-21,General Medicine Ward B,20.916666666666668,20.916666666666668,1.0
HHN-MAN-01,2024-11-22,General Medicine Ward B,20.916666666666668,20.916666666666668,1.0
HHN-MAN-01,2024-11-23,General Medicine Ward B,20.375,20.708333333333332,0.9841269841269842
HHN-MAN-01,2024-11-24,General Medicine Ward B,20.583333333333332,20.583333333333332,1.0
HHN-MAN-01,2024-11-25,General Medicine Ward B,20.833333333333332,20.875,0.998015873015873
HHN-MAN-01,2024-11-26,General Medicine Ward B,19.833333333333332,20.916666666666668,0.9484126984126985
HHN-MAN-01,2024-11-27,General Medicine Ward B,20.541666666666668,20.541666666666668,1.0
HHN-MAN-01,2024-11-28,General Medicine Ward B,21.0,21.0,1.0
HHN-MAN-01,2024-11-29,General Medicine Ward B,20.916666666666668,20.916666666666668,1.0
HHN-MAN-01,2024-11-30,General Medicine Ward B,20.625,20.625,1.0
HHN-MAN-01,2024-12-01,General Medicine Ward B,20.791666666666668,20.791666666666668,1.0
HHN-MAN-01,2024-12-02,General Medicine Ward B,20.875,20.875,1.0
HHN-MAN-01,2024-12-03,General Medicine Ward B,20.916666666666668,20.916666666666668,1.0
HHN-MAN-01,2024-12-04,General Medicine Ward B,20.666666666666668,20.666666666666668,1.0
HHN-MAN-01,2024-12-05,General Medicine Ward B,20.75,20.75,1.0
HHN-MAN-01,2024-12-06,General Medicine Ward B,20.916666666666668,20.916666666666668,1.0
HHN-MAN-01,2024-12-07,General Medicine Ward B,20.708333333333332,20.708333333333332,1.0
HHN-MAN-01,2024-12-08,General Medicine Ward B,20.833333333333332,20.833333333333332,1.0
HHN-MAN-01,2024-12-09,General Medicine Ward B,20.875,20.875,1.0
HHN-MAN-01,2024-12-10,General Medicine Ward B,20.791666666666668,20.791666666666668,1.0
HHN-MAN-01,2024-12-11,General Medicine Ward B,20.875,20.875,1.0
HHN-MAN-01,2024-12-12,General Medicine Ward B,20.791666666666668,20.791666666666668,1.0
HHN-MAN-01,2024-12-13,General Medicine Ward B,20.541666666666668,20.541666666666668,1.0
HHN-MAN-01,2024-12-14,General Medicine Ward B,20.708333333333332,20.708333333333332,1.0
HHN-MAN-01,2024-12-15,General Medicine Ward B,20.625,20.625,1.0
HHN-MAN-01,2024-12-16,General Medicine Ward B,21.0,21.0,1.0
HHN-MAN-01,2024-12-17,General Medicine Ward B,21.0,21.0,1.0
HHN-MAN-01,2024-12-18,General Medicine Ward B,20.875,20.875,1.0
HHN-MAN-01,2024-12-19,General Medicine Ward B,20.75,20.75,1.0
HHN-MAN-01,2024-12-20,General Medicine Ward B,20.958333333333332,20.958333333333332,1.0
HHN-MAN-01,2024-12-21,General Medicine Ward B,20.833333333333332,20.833333333333332,1.0
HHN-MAN-01,2024-12-22,General Medicine Ward B,21.0,21.0,1.0
HHN-MAN-01,2024-12-23,General Medicine Ward B,20.791666666666668,20.791666666666668,1.0
HHN-MAN-01,2024-12-24,General Medicine Ward B,20.875,20.875,1.0
HHN-MAN-01,2024-12-25,General Medicine Ward B,20.375,21.0,0.9702380952380952
HHN-MAN-01,2024-12-26,General Medicine Ward B,20.5,21.0,0.9761904761904763
HHN-MAN-01,2024-12-27,General Medicine Ward B,20.916666666666668,20.916666666666668,1.0
HHN-MAN-01,2024-12-28,General Medicine Ward B,20.875,20.875,1.0
HHN-MAN-01,2024-12-29,General Medicine Ward B,20.875,20.875,1.0
HHN-MAN-01,2024-12-30,General Medicine Ward B,20.875,20.875,1.0
HHN-MAN-01,2024-12-31,General Medicine Ward B,20.916666666666668,20.916666666666668,1.0
HHN-MAN-01,2025-01-01,General Medicine Ward B,20.833333333333332,20.833333333333332,1.0
HHN-MAN-01,2025-01-02,General Medicine Ward B,20.875,20.958333333333332,0.996031746031746
HHN-MAN-01,2025-01-03,General Medicine Ward B,20.833333333333332,20.833333333333332,1.0
HHN-MAN-01,2025-01-04,General Medicine Ward B,20.875,20.875,1.0
HHN-MAN-01,2025-01-05,General Medicine Ward B,20.958333333333332,20.958333333333332,1.0
HHN-MAN-01,2025-01-06,General Medicine Ward B,20.666666666666668,20.666666666666668,1.0
HHN-MAN-01,2025-01-07,General Medicine Ward B,20.166666666666668,20.541666666666668,0.9821428571428572
HHN-MAN-01,2025-01-08,General Medicine Ward B,17.5,21.0,0.8333333333333334
HHN-MAN-01,2025-01-09,General Medicine Ward B,15.541666666666666,20.916666666666668,0.7432539682539683
HHN-MAN-01,2025-01-10,General Medicine Ward B,20.5,20.833333333333332,0.9840277777777778
HHN-MAN-01,2025-01-11,General Medicine Ward B,20.958333333333332,20.958333333333332,1.0
HHN-MAN-01,2025-01-12,General Medicine Ward B,20.625,20.625,1.0
HHN-MAN-01,2025-01-13,General Medicine Ward B,20.291666666666668,20.666666666666668,0.9820436507936509
HHN-MAN-01,2025-01-14,General Medicine Ward B,20.791666666666668,20.791666666666668,1.0
HHN-MAN-01,2025-01-15,General Medicine Ward B,21.0,21.0,1.0
HHN-MAN-01,2025-01-16,General Medicine Ward B,20.666666666666668,20.666666666666668,1.0
HHN-MAN-01,2025-01-17,General Medicine Ward B,20.875,20.875,1.0
HHN-MAN-01,2025-01-18,General Medicine Ward B,20.791666666666668,20.791666666666668,1.0
HHN-MAN-01,2025-01-19,General Medicine Ward B,19.25,20.916666666666668,0.920436507936508
HHN-MAN-01,2025-01-20,General Medicine Ward B,20.5,20.916666666666668,0.9801587301587302
HHN-MAN-01,2025-01-21,General Medicine Ward B,21.0,21.0,1.0
HHN-MAN-01,2025-01-22,General Medicine Ward B,20.791666666666668,20.791666666666668,1.0
HHN-MAN-01,2025-01-23,General Medicine Ward B,20.833333333333332,20.833333333333332,1.0
HHN-MAN-01,2025-01-24,General Medicine Ward B,20.541666666666668,20.75,0.9900793650793651
HHN-MAN-01,2025-01-25,General Medicine Ward B,20.375,20.375,1.0
HHN-MAN-01,2025-01-26,General Medicine Ward B,21.0,21.0,1.0
HHN-MAN-01,2025-01-27,General Medicine Ward B,20.833333333333332,20.833333333333332,1.0
HHN-MAN-01,2025-01-28,General Medicine Ward B,20.791666666666668,20.791666666666668,1.0
HHN-MAN-01,2025-01-29,General Medicine Ward B,18.333333333333332,20.833333333333332,0.8799603174603176
HHN-MAN-01,2025-01-30,General Medicine Ward B,15.333333333333334,20.75,0.7417328042328042
HHN-MAN-01,2025-01-31,General Medicine Ward B,20.875,20.875,1.0
HHN-MAN-01,2025-02-01,General Medicine Ward B,20.833333333333332,20.833333333333332,1.0
HHN-MAN-01,2025-02-02,General Medicine Ward B,19.666666666666668,20.75,0.9484126984126985
HHN-MAN-01,2025-02-03,General Medicine Ward B,17.5,20.833333333333332,0.8408521303258145
HHN-MAN-01,2025-02-04,General Medicine Ward B,18.791666666666668,20.458333333333332,0.9193574213311054
HHN-MAN-01,2025-02-05,General Medicine Ward B,20.833333333333332,20.916666666666668,0.996031746031746
HHN-MAN-01,2025-02-06,General Medicine Ward B,20.875,20.875,1.0
HHN-MAN-01,2025-02-07,General Medicine Ward B,20.625,20.625,1.0
HHN-MAN-01,2025-02-08,General Medicine Ward B,20.875,20.875,1.0
HHN-MAN-01,2025-02-09,General Medicine Ward B,20.875,20.875,1.0
HHN-MAN-01,2025-02-10,General Medicine Ward B,20.791666666666668,20.791666666666668,1.0
HHN-MAN-01,2025-02-11,General Medicine Ward B,20.958333333333332,20.958333333333332,1.0
HHN-MAN-01,2025-02-12,General Medicine Ward B,20.916666666666668,20.916666666666668,1.0
HHN-MAN-01,2025-02-13,General Medicine Ward B,20.916666666666668,20.916666666666668,1.0
HHN-MAN-01,2025-02-14,General Medicine Ward B,18.25,20.583333333333332,0.8885912698412698
HHN-MAN-01,2025-02-15,General Medicine Ward B,19.708333333333332,20.541666666666668,0.9601086048454469
HHN-MAN-01,2025-02-16,General Medicine Ward B,20.833333333333332,20.833333333333332,1.0
HHN-MAN-01,2025-02-17,General Medicine Ward B,20.833333333333332,20.833333333333332,1.0
HHN-MAN-01,2025-02-18,General Medicine Ward B,19.541666666666668,20.666666666666668,0.9462301587301587
HHN-MAN-01,2025-02-19,General Medicine Ward B,20.0,20.833333333333332,0.9603174603174603
HHN-MAN-01,2025-02-20,General Medicine Ward B,20.458333333333332,20.958333333333332,0.9761904761904763
HHN-MAN-01,2025-02-21,General Medicine Ward B,20.958333333333332,20.958333333333332,1.0
HHN-MAN-01,2025-02-22,General Medicine Ward B,20.416666666666668,20.416666666666668,1.0
HHN-MAN-01,2025-02-23,General Medicine Ward B,20.791666666666668,20.791666666666668,1.0
HHN-MAN-01,2025-02-24,General Medicine Ward B,19.166666666666668,21.0,0.9126984126984127
HHN-MAN-01,2025-02-25,General Medicine Ward B,19.708333333333332,20.875,0.9444444444444445
HHN-MAN-01,2025-02-26,General Medicine Ward B,18.625,20.875,0.8923611111111112
HHN-MAN-01,2025-02-27,General Medicine Ward B,20.833333333333332,20.958333333333332,0.9940476190476191
HHN-MAN-01,2025-02-28,General Medicine Ward B,20.708333333333332,20.791666666666668,0.996031746031746
HHN-MAN-01,2025-03-01,General Medicine Ward B,20.625,20.625,1.0
HHN-MAN-01,2025-03-02,General Medicine Ward B,20.958333333333332,20.958333333333332,1.0
HHN-MAN-01,2025-03-03,General Medicine Ward B,19.833333333333332,20.916666666666668,0.948313492063492
HHN-MAN-01,2025-03-04,General Medicine Ward B,16.541666666666668,20.958333333333332,0.7893849206349207
HHN-MAN-01,2025-03-05,General Medicine Ward B,17.333333333333332,20.708333333333332,0.8384502923976608
HHN-MAN-01,2025-03-06,General Medicine Ward B,16.291666666666668,20.75,0.7876984126984127
HHN-MAN-01,2025-03-07,General Medicine Ward B,8.458333333333334,20.958333333333332,0.40386904761904757
HHN-MAN-01,2025-03-08,General Medicine Ward B,14.333333333333334,20.541666666666668,0.701058201058201
HHN-MAN-01,2025-03-09,General Medicine Ward B,19.708333333333332,20.375,0.9682539682539683
HHN-MAN-01,2025-03-10,General Medicine Ward B,19.458333333333332,20.958333333333332,0.9284722222222223
HHN-MAN-01,2025-03-11,General Medicine Ward B,20.5,20.625,0.9940476190476191
HHN-MAN-01,2025-03-12,General Medicine Ward B,20.166666666666668,20.791666666666668,0.9702380952380952
HHN-MAN-01,2025-03-13,General Medicine Ward B,20.875,20.875,1.0
HHN-MAN-01,2025-03-14,General Medicine Ward B,20.791666666666668,21.0,0.9900793650793651
HHN-MAN-01,2025-03-15,General Medicine Ward B,20.791666666666668,20.875,0.996031746031746
HHN-MAN-01,2025-03-16,General Medicine Ward B,20.375,20.916666666666668,0.9742063492063492
HHN-MAN-01,2025-03-17,General Medicine Ward B,21.0,21.0,1.0
HHN-MAN-01,2025-03-18,General Medicine Ward B,20.875,20.875,1.0
HHN-MAN-01,2025-03-19,General Medicine Ward B,20.958333333333332,20.958333333333332,1.0
HHN-MAN-01,2025-03-20,General Medicine Ward B,20.458333333333332,20.75,0.9861111111111112
HHN-MAN-01,2025-03-21,General Medicine Ward B,20.416666666666668,20.75,0.9841269841269842
HHN-MAN-01,2025-03-22,General Medicine Ward B,19.875,20.833333333333332,0.954265873015873
HHN-MAN-01,2025-03-23,General Medicine Ward B,20.75,20.75,1.0
HHN-MAN-01,2025-03-24,General Medicine Ward B,20.75,20.75,1.0
HHN-MAN-01,2025-03-25,General Medicine Ward B,20.916666666666668,20.916666666666668,1.0
HHN-MAN-01,2025-03-26,General Medicine Ward B,20.791666666666668,20.791666666666668,1.0
HHN-MAN-01,2025-03-27,General Medicine Ward B,21.0,21.0,1.0
HHN-MAN-01,2025-03-28,General Medicine Ward B,21.0,21.0,1.0
HHN-MAN-01,2025-03-29,General Medicine Ward B,20.75,20.75,1.0
HHN-MAN-01,2025-03-30,General Medicine Ward B,20.875,20.875,1.0
HHN-MAN-01,2025-03-31,General Medicine Ward B,20.875,20.875,1.0
HHN-MAN-01,2025-04-01,General Medicine Ward B,20.958333333333332,20.958333333333332,1.0
HHN-MAN-01,2025-04-02,General Medicine Ward B,19.375,20.916666666666668,0.9263784461152883
HHN-MAN-01,2025-04-03,General Medicine Ward B,21.0,21.0,1.0
HHN-MAN-01,2025-04-04,General Medicine Ward B,18.791666666666668,20.833333333333332,0.9027777777777778
HHN-MAN-01,2025-04-05,General Medicine Ward B,16.791666666666668,20.958333333333332,0.8011904761904761
HHN-MAN-01,2025-04-06,General Medicine Ward B,16.416666666666668,20.708333333333332,0.7941137566137565
HHN-MAN-01,2025-04-07,General Medicine Ward B,19.416666666666668,21.0,0.9246031746031745
HHN-MAN-01,2025-04-08,General Medicine Ward B,20.666666666666668,20.833333333333332,0.9920634920634921
HHN-MAN-01,2025-04-09,General Medicine Ward B,20.333333333333332,20.916666666666668,0.9722222222222223
HHN-MAN-01,2025-04-10,General Medicine Ward B,19.916666666666668,21.0,0.9484126984126985
HHN-MAN-01,2025-04-11,General Medicine Ward B,18.541666666666668,20.791666666666668,0.8924603174603174
HHN-MAN-01,2025-04-12,General Medicine Ward B,18.458333333333332,20.833333333333332,0.8866959064327485
HHN-MAN-01,2025-04-13,General Medicine Ward B,19.166666666666668,20.875,0.9186507936507936
HHN-MAN-01,2025-04-14,General Medicine Ward B,20.5,21.0,0.9761904761904763
HHN-MAN-01,2025-04-15,General Medicine Ward B,19.75,20.958333333333332,0.9424603174603176
HHN-MAN-01,2025-04-16,General Medicine Ward B,16.625,20.958333333333332,0.7929563492063493
HHN-MAN-01,2025-04-17,General Medicine Ward B,12.25,21.0,0.5833333333333334
HHN-MAN-01,2025-04-18,General Medicine Ward B,13.125,20.916666666666668,0.6275062656641605
HHN-MAN-01,2025-04-19,General Medicine Ward B,14.708333333333334,20.875,0.7053571428571428
HHN-MAN-01,2025-04-20,General Medicine Ward B,20.375,21.0,0.9702380952380952
HHN-MAN-01,2025-04-21,General Medicine Ward B,21.0,21.0,1.0
HHN-MAN-01,2025-04-22,General Medicine Ward B,20.708333333333332,20.916666666666668,0.9900793650793651
HHN-MAN-01,2025-04-23,General Medicine Ward B,18.458333333333332,20.916666666666668,0.8825187969924811
HHN-MAN-01,2025-04-24,General Medicine Ward B,17.583333333333332,21.0,0.8373015873015873
HHN-MAN-01,2025-04-25,General Medicine Ward B,18.958333333333332,21.0,0.9027777777777778
HHN-MAN-01,2025-04-26,General Medicine Ward B,20.958333333333332,20.958333333333332,1.0
HHN-MAN-01,2025-04-27,General Medicine Ward B,20.875,20.875,1.0
HHN-MAN-01,2025-04-28,General Medicine Ward B,21.0,21.0,1.0
HHN-MAN-01,2025-04-29,General Medicine Ward B,21.0,21.0,1.0
HHN-MAN-01,2025-04-30,General Medicine Ward B,20.875,20.875,1.0
HHN-MAN-01,2025-05-01,General Medicine Ward B,16.166666666666668,21.0,0.7698412698412698
HHN-MAN-01,2025-05-02,General Medicine Ward B,13.375,21.0,0.6369047619047619
HHN-MAN-01,2025-05-03,General Medicine Ward B,16.5,20.75,0.7962318991924255
HHN-MAN-01,2025-05-04,General Medicine Ward B,17.958333333333332,20.583333333333332,0.8744604566972988
HHN-MAN-01,2025-05-05,General Medicine Ward B,17.791666666666668,21.0,0.8472222222222222
HHN-MAN-01,2025-05-06,General Medicine Ward B,16.666666666666668,21.0,0.7936507936507936
HHN-MAN-01,2025-05-07,General Medicine Ward B,18.041666666666668,20.875,0.8650793650793651
HHN-MAN-01,2025-05-08,General Medicine Ward B,18.041666666666668,20.916666666666668,0.8628863826232247
HHN-MAN-01,2025-05-09,General Medicine Ward B,19.333333333333332,20.875,0.9265873015873015
HHN-MAN-01,2025-05-10,General Medicine Ward B,19.333333333333332,20.708333333333332,0.9343253968253968
HHN-MAN-01,2025-05-11,General Medicine Ward B,19.666666666666668,20.708333333333332,0.9503968253968255
HHN-MAN-01,2025-05-12,General Medicine Ward B,20.791666666666668,21.0,0.9900793650793651
HHN-MAN-01,2025-05-13,General Medicine Ward B,20.5,21.0,0.9761904761904762
HHN-MAN-01,2025-05-14,General Medicine Ward B,18.416666666666668,20.875,0.8824300334168754
HHN-MAN-01,2025-05-15,General Medicine Ward B,16.958333333333332,20.958333333333332,0.8092261904761905
HHN-MAN-01,2025-05-16,General Medicine Ward B,15.708333333333334,21.0,0.748015873015873
HHN-MAN-01,2025-05-17,General Medicine Ward B,14.166666666666666,20.833333333333332,0.6806216931216932
HHN-MAN-01,2025-05-18,General Medicine Ward B,13.291666666666666,20.75,0.6413394597605123
HHN-MAN-01,2025-05-19,General Medicine Ward B,12.666666666666666,20.958333333333332,0.604563492063492
HHN-MAN-01,2025-05-20,General Medicine Ward B,12.416666666666666,20.791666666666668,0.598196881091618
HHN-MAN-01,2025-05-21,General Medicine Ward B,13.583333333333334,20.875,0.6509294068504595
HHN-MAN-01,2025-05-22,General Medicine Ward B,12.541666666666666,20.833333333333332,0.602910052910053
HHN-MAN-01,2025-05-23,General Medicine Ward B,13.541666666666666,20.875,0.6504629629629629
HHN-MAN-01,2025-05-24,General Medicine Ward B,17.583333333333332,20.833333333333332,0.8446115288220551
HHN-MAN-01,2025-05-25,General Medicine Ward B,20.5,20.583333333333332,0.996031746031746
HHN-MAN-01,2025-05-26,General Medicine Ward B,20.291666666666668,20.75,0.9781746031746033
HHN-MAN-01,2025-05-27,General Medicine Ward B,20.875,20.875,1.0
HHN-MAN-01,2025-05-28,General Medicine Ward B,20.916666666666668,20.916666666666668,1.0
HHN-MAN-01,2025-05-29,General Medicine Ward B,20.875,20.875,1.0
HHN-MAN-01,2025-05-30,General Medicine Ward B,20.875,20.875,1.0
HHN-MAN-01,2025-05-31,General Medicine Ward B,20.833333333333332,20.833333333333332,1.0
HHN-MAN-01,2025-06-01,General Medicine Ward B,17.625,20.625,0.855489417989418
HHN-MAN-01,2025-06-02,General Medicine Ward B,15.25,20.625,0.7417328042328042
HHN-MAN-01,2025-06-03,General Medicine Ward B,16.708333333333332,20.708333333333332,0.8074004455583403
HHN-MAN-01,2025-06-04,General Medicine Ward B,16.583333333333332,20.958333333333332,0.7911706349206349
HHN-MAN-01,2025-06-05,General Medicine Ward B,20.583333333333332,20.875,0.9861111111111112
HHN-MAN-01,2025-06-06,General Medicine Ward B,20.583333333333332,21.0,0.9801587301587302
HHN-MAN-01,2025-06-07,General Medicine Ward B,21.0,21.0,1.0
HHN-MAN-01,2025-06-08,General Medicine Ward B,20.916666666666668,20.916666666666668,1.0
HHN-MAN-01,2025-06-09,General Medicine Ward B,21.0,21.0,1.0
HHN-MAN-01,2025-06-10,General Medicine Ward B,20.666666666666668,20.666666666666668,1.0
HHN-MAN-01,2025-06-11,General Medicine Ward B,19.75,20.875,0.9464285714285715
HHN-MAN-01,2025-06-12,General Medicine Ward B,16.416666666666668,21.0,0.7817460317460317
HHN-MAN-01,2025-06-13,General Medicine Ward B,15.958333333333334,20.833333333333332,0.7670217209690894
HHN-MAN-01,2025-06-14,General Medicine Ward B,14.0,20.875,0.6711988304093568
HHN-MAN-01,2025-06-15,General Medicine Ward B,15.333333333333334,20.791666666666668,0.7379211918685603
HHN-MAN-01,2025-06-16,General Medicine Ward B,12.041666666666666,20.833333333333332,0.5788429406850459
HHN-MAN-01,2025-06-17,General Medicine Ward B,12.333333333333334,21.0,0.5873015873015873
HHN-MAN-01,2025-06-18,General Medicine Ward B,12.75,20.958333333333332,0.6084325396825397
HHN-MAN-01,2025-06-19,General Medicine Ward B,15.25,21.0,0.7261904761904762
HHN-MAN-01,2025-06-20,General Medicine Ward B,16.958333333333332,20.875,0.8121693121693122
HHN-MAN-01,2025-06-21,General Medicine Ward B,17.416666666666668,20.791666666666668,0.8387461709830131
HHN-MAN-01,2025-06-22,General Medicine Ward B,20.875,20.875,1.0
HHN-MAN-01,2025-06-23,General Medicine Ward B,20.916666666666668,20.916666666666668,1.0
HHN-MAN-01,2025-06-24,General Medicine Ward B,19.083333333333332,21.0,0.9087301587301587
HHN-MAN-01,2025-06-25,General Medicine Ward B,13.416666666666666,20.875,0.6431878306878307
HHN-MAN-01,2025-06-26,General Medicine Ward B,13.208333333333334,20.916666666666668,0.6316833751044277
HHN-MAN-01,2025-06-27,General Medicine Ward B,13.125,20.833333333333332,0.6309193121693122
HHN-MAN-01,2025-06-28,General Medicine Ward B,14.25,20.916666666666668,0.6812865497076023
HHN-MAN-01,2025-06-29,General Medicine Ward B,16.166666666666668,20.833333333333332,0.7767195767195766
HHN-MAN-01,2025-06-30,General Medicine Ward B,17.208333333333332,20.875,0.8247354497354498
HHN-MAN-01,2025-07-01,General Medicine Ward B,17.125,20.916666666666668,0.8190267335004177
HHN-MAN-01,2025-07-02,General Medicine Ward B,13.791666666666666,20.958333333333332,0.6578373015873016
HHN-MAN-01,2025-07-03,General Medicine Ward B,11.625,20.666666666666668,0.5636835143414091
HHN-MAN-01,2025-07-04,General Medicine Ward B,12.375,20.875,0.5935846560846562
HHN-MAN-01,2025-07-05,General Medicine Ward B,13.958333333333334,20.875,0.6693121693121693
HHN-MAN-01,2025-07-06,General Medicine Ward B,14.0,20.875,0.6709656084656085
HHN-MAN-01,2025-07-07,General Medicine Ward B,14.625,20.875,0.7013888888888888
HHN-MAN-01,2025-07-08,General Medicine Ward B,12.458333333333334,20.875,0.5975529100529101
HHN-MAN-01,2025-07-09,General Medicine Ward B,9.666666666666666,20.875,0.4628811612364243
HHN-MAN-01,2025-07-10,General Medicine Ward B,9.0,20.833333333333332,0.4324404761904761
HHN-MAN-01,2025-07-11,General Medicine Ward B,7.25,21.0,0.3452380952380952
HHN-MAN-01,2025-07-12,General Medicine Ward B,10.416666666666666,20.833333333333332,0.5017526455026454
HHN-MAN-01,2025-07-13,General Medicine Ward B,14.166666666666666,20.583333333333332,0.6904065719855194
HHN-MAN-01,2025-07-14,General Medicine Ward B,14.458333333333334,20.791666666666668,0.6959986772486771
HHN-MAN-01,2025-07-15,General Medicine Ward B,10.916666666666666,20.916666666666668,0.5219298245614035
HHN-MAN-01,2025-07-16,General Medicine Ward B,8.5,20.916666666666668,0.40643274853801165
HHN-MAN-01,2025-07-17,General Medicine Ward B,15.916666666666666,20.875,0.7625661375661376
HHN-MAN-01,2025-07-18,General Medicine Ward B,20.375,20.833333333333332,0.9781746031746031
HHN-MAN-01,2025-07-19,General Medicine Ward B,19.5,20.791666666666668,0.9383928571428571
HHN-MAN-01,2025-07-20,General Medicine Ward B,19.541666666666668,20.791666666666668,0.9404761904761906
HHN-MAN-01,2025-07-21,General Medicine Ward B,19.708333333333332,21.0,0.9384920634920636
HHN-MAN-01,2025-07-22,General Medicine Ward B,18.583333333333332,21.0,0.8849206349206349
HHN-MAN-01,2025-07-23,General Medicine Ward B,17.375,21.0,0.8273809523809524
HHN-MAN-01,2025-07-24,General Medicine Ward B,17.833333333333332,20.708333333333332,0.8622702589807852
HHN-MAN-01,2025-07-25,General Medicine Ward B,14.541666666666666,20.875,0.6984126984126985
HHN-MAN-01,2025-07-26,General Medicine Ward B,11.625,20.916666666666668,0.556077694235589
HHN-MAN-01,2025-07-27,General Medicine Ward B,15.833333333333334,20.625,0.7698412698412698
HHN-MAN-01,2025-07-28,General Medicine Ward B,12.791666666666666,20.916666666666668,0.6116332497911445
HHN-MAN-01,2025-07-29,General Medicine Ward B,8.583333333333334,20.916666666666668,0.4101921470342523
HHN-MAN-01,2025-07-30,General Medicine Ward B,7.708333333333333,20.833333333333332,0.37030423280423275
HHN-MAN-01,2025-07-31,General Medicine Ward B,10.75,20.916666666666668,0.5139933166248956
HHN-MAN-01,2025-08-01,General Medicine Ward B,11.583333333333334,21.0,0.5515873015873015
HHN-MAN-01,2025-08-02,General Medicine Ward B,16.291666666666668,21.0,0.7757936507936508
HHN-MAN-01,2025-08-03,General Medicine Ward B,15.916666666666666,20.833333333333332,0.7644110275689223
HHN-MAN-01,2025-08-04,General Medicine Ward B,15.333333333333334,21.0,0.7301587301587301
HHN-MAN-01,2025-08-05,General Medicine Ward B,14.791666666666666,20.791666666666668,0.712249373433584
HHN-MAN-01,2025-08-06,General Medicine Ward B,14.666666666666666,21.0,0.6984126984126985
HHN-MAN-01,2025-08-07,General Medicine Ward B,17.916666666666668,20.916666666666668,0.8571428571428571
HHN-MAN-01,2025-08-08,General Medicine Ward B,20.583333333333332,20.875,0.9861111111111112
HHN-MAN-01,2025-08-09,General Medicine Ward B,20.875,21.0,0.9940476190476191
HHN-MAN-01,2025-08-10,General Medicine Ward B,20.791666666666668,20.791666666666668,1.0
HHN-MAN-01,2025-08-11,General Medicine Ward B,18.375,20.791666666666668,0.8845029239766081
HHN-MAN-01,2025-08-12,General Medicine Ward B,17.75,20.875,0.8503968253968254
HHN-MAN-01,2025-08-13,General Medicine Ward B,16.958333333333332,20.875,0.8131613756613757
HHN-MAN-01,2025-08-14,General Medicine Ward B,19.166666666666668,20.916666666666668,0.9166666666666666
HHN-MAN-01,2025-08-15,General Medicine Ward B,18.125,20.958333333333332,0.8649801587301588
HHN-MAN-01,2025-08-16,General Medicine Ward B,16.208333333333332,20.875,0.7767648287385129
HHN-MAN-01,2025-08-17,General Medicine Ward B,15.375,20.708333333333332,0.7439727791701475
HHN-MAN-01,2025-08-18,General Medicine Ward B,15.0,21.0,0.7142857142857143
HHN-MAN-01,2025-08-19,General Medicine Ward B,12.625,20.916666666666668,0.60390559732665
HHN-MAN-01,2025-08-20,General Medicine Ward B,14.0,20.791666666666668,0.6740462266778056
HHN-MAN-01,2025-08-21,General Medicine Ward B,13.0,21.0,0.6190476190476191
HHN-MAN-01,2025-08-22,General Medicine Ward B,9.0,20.875,0.43121693121693117
HHN-MAN-01,2025-08-23,General Medicine Ward B,9.583333333333334,20.875,0.45922096908939003
HHN-MAN-01,2025-08-24,General Medicine Ward B,8.458333333333334,20.75,0.40928710665552764
HHN-MAN-01,2025-08-25,General Medicine Ward B,10.833333333333334,20.958333333333332,0.5168650793650793
HHN-MAN-01,2025-08-26,General Medicine Ward B,10.625,20.875,0.5092592592592592
HHN-MAN-01,2025-08-27,General Medicine Ward B,14.5,21.0,0.6904761904761906
HHN-MAN-01,2025-08-28,General Medicine Ward B,16.083333333333332,20.833333333333332,0.773181216931217
HHN-MAN-01,2025-08-29,General Medicine Ward B,19.5,20.75,0.9404761904761906
HHN-MAN-01,2025-08-30,General Medicine Ward B,19.958333333333332,20.833333333333332,0.9583333333333334
HHN-MAN-01,2025-08-31,General Medicine Ward B,16.958333333333332,20.833333333333332,0.8145520050125313
HHN-MAN-01,2025-09-01,General Medicine Ward B,18.583333333333332,20.875,0.8906641604010025
HHN-MAN-01,2025-09-02,General Medicine Ward B,20.625,20.916666666666668,0.9861111111111112
HHN-MAN-01,2025-09-03,General Medicine Ward B,20.958333333333332,21.0,0.998015873015873
HHN-MAN-01,2025-09-04,General Medicine Ward B,17.458333333333332,21.0,0.8313492063492064
HHN-MAN-01,2025-09-05,General Medicine Ward B,15.125,20.75,0.729720133667502
HHN-MAN-01,2025-09-06,General Medicine Ward B,17.875,20.708333333333332,0.8645502645502646
HHN-MAN-01,2025-09-07,General Medicine Ward B,19.875,20.958333333333332,0.9484126984126985
HHN-MAN-01,2025-09-08,General Medicine Ward B,19.75,20.958333333333332,0.9424603174603176
HHN-MAN-01,2025-09-09,General Medicine Ward B,17.791666666666668,21.0,0.8472222222222222
HHN-MAN-01,2025-09-10,General Medicine Ward B,19.25,21.0,0.9166666666666666
HHN-MAN-01,2025-09-11,General Medicine Ward B,21.0,21.0,1.0
HHN-MAN-01,2025-09-12,General Medicine Ward B,17.833333333333332,21.0,0.8492063492063492
HHN-MAN-01,2025-09-13,General Medicine Ward B,14.916666666666666,20.833333333333332,0.7168337510442774
HHN-MAN-01,2025-09-14,General Medicine Ward B,15.625,20.833333333333332,0.7515542328042328
HHN-MAN-01,2025-09-15,General Medicine Ward B,18.791666666666668,21.0,0.8948412698412698
HHN-MAN-01,2025-09-16,General Medicine Ward B,19.958333333333332,20.958333333333332,0.9523809523809524
HHN-MAN-01,2025-09-17,General Medicine Ward B,16.083333333333332,21.0,0.7658730158730158
HHN-MAN-01,2025-09-18,General Medicine Ward B,13.583333333333334,21.0,0.6468253968253969
HHN-MAN-01,2025-09-19,General Medicine Ward B,13.75,20.916666666666668,0.6572681704260651
HHN-MAN-01,2025-09-20,General Medicine Ward B,16.833333333333332,20.833333333333332,0.8078947368421052
HHN-MAN-01,2025-09-21,General Medicine Ward B,16.75,20.75,0.8068783068783069
HHN-MAN-01,2025-09-22,General Medicine Ward B,17.0,21.0,0.8095238095238096
HHN-MAN-01,2025-09-23,General Medicine Ward B,17.75,20.708333333333332,0.8574561403508771
HHN-MAN-01,2025-09-24,General Medicine Ward B,17.958333333333332,21.0,0.8551587301587302
HHN-MAN-01,2025-09-25,General Medicine Ward B,17.958333333333332,20.833333333333332,0.8628968253968253
HHN-MAN-01,2025-09-26,General Medicine Ward B,21.0,21.0,1.0
HHN-MAN-01,2025-09-27,General Medicine Ward B,20.75,21.0,0.9880952380952381
HHN-MAN-01,2025-09-28,General Medicine Ward B,20.958333333333332,20.958333333333332,1.0
HHN-MAN-01,2025-09-29,General Medicine Ward B,20.625,20.833333333333332,0.9900793650793651
HHN-MAN-01,2025-09-30,General Medicine Ward B,20.291666666666668,20.875,0.9722222222222222
HHN-MAN-01,2025-10-01,General Medicine Ward B,19.833333333333332,21.0,0.9444444444444445
HHN-MAN-01,2025-10-02,General Medicine Ward B,20.791666666666668,20.791666666666668,1.0
HHN-MAN-01,2025-10-03,General Medicine Ward B,20.916666666666668,20.916666666666668,1.0
HHN-MAN-01,2025-10-04,General Medicine Ward B,20.333333333333332,20.625,0.9861111111111112
HHN-MAN-01,2025-10-05,General Medicine Ward B,20.458333333333332,20.916666666666668,0.9781746031746033
HHN-MAN-01,2025-10-06,General Medicine Ward B,19.125,21.0,0.9107142857142857
HHN-MAN-01,2025-10-07,General Medicine Ward B,20.916666666666668,20.916666666666668,1.0
HHN-MAN-01,2025-10-08,General Medicine Ward B,20.916666666666668,20.916666666666668,1.0
HHN-MAN-01,2025-10-09,General Medicine Ward B,18.5,21.0,0.8809523809523809
HHN-MAN-01,2025-10-10,General Medicine Ward B,17.166666666666668,21.0,0.8174603174603176
HHN-MAN-01,2025-10-11,General Medicine Ward B,20.0,20.75,0.9642857142857143
HHN-MAN-01,2025-10-12,General Medicine Ward B,21.0,21.0,1.0
HHN-MAN-01,2025-10-13,General Medicine Ward B,20.916666666666668,20.916666666666668,1.0
HHN-MAN-01,2025-10-14,General Medicine Ward B,20.916666666666668,20.916666666666668,1.0
HHN-MAN-01,2025-10-15,General Medicine Ward B,20.916666666666668,20.916666666666668,1.0
HHN-MAN-01,2025-10-16,General Medicine Ward B,20.416666666666668,20.791666666666668,0.9821428571428572
HHN-MAN-01,2025-10-17,General Medicine Ward B,19.25,21.0,0.9166666666666666
HHN-MAN-01,2025-10-18,General Medicine Ward B,16.875,20.958333333333332,0.8052579365079365
HHN-MAN-01,2025-10-19,General Medicine Ward B,15.541666666666666,20.708333333333332,0.7518187830687831
HHN-MAN-01,2025-10-20,General Medicine Ward B,15.25,20.875,0.7311507936507936
HHN-MAN-01,2025-10-21,General Medicine Ward B,19.291666666666668,20.75,0.9303467000835423
HHN-MAN-01,2025-10-22,General Medicine Ward B,15.291666666666666,20.875,0.732473544973545
HHN-MAN-01,2025-10-23,General Medicine Ward B,11.958333333333334,20.833333333333332,0.5742220133667503
HHN-MAN-01,2025-10-24,General Medicine Ward B,11.791666666666666,20.916666666666668,0.5638053467000835
HHN-MAN-01,2025-10-25,General Medicine Ward B,13.75,20.833333333333332,0.6601190476190476
HHN-MAN-01,2025-10-26,General Medicine Ward B,17.625,20.875,0.8452380952380952
HHN-MAN-01,2025-10-27,General Medicine Ward B,20.875,20.958333333333332,0.996031746031746
HHN-MAN-01,2025-10-28,General Medicine Ward B,18.666666666666668,21.0,0.8888888888888888
HHN-MAN-01,2025-10-29,General Medicine Ward B,15.666666666666666,20.916666666666668,0.7491645781119466
HHN-MAN-01,2025-10-30,General Medicine Ward B,17.333333333333332,20.875,0.8310185185185185
HHN-MAN-01,2025-10-31,General Medicine Ward B,15.375,20.958333333333332,0.7336309523809524
HHN-MAN-01,2025-11-01,General Medicine Ward B,15.666666666666666,20.666666666666668,0.7594837788916736
HHN-MAN-01,2025-11-02,General Medicine Ward B,17.041666666666668,20.916666666666668,0.8144319131161236
HHN-MAN-01,2025-11-03,General Medicine Ward B,19.458333333333332,20.791666666666668,0.9365079365079366
HHN-MAN-01,2025-11-04,General Medicine Ward B,20.083333333333332,21.0,0.9563492063492064
HHN-MAN-01,2025-11-05,General Medicine Ward B,20.916666666666668,20.916666666666668,1.0
HHN-MAN-01,2025-11-06,General Medicine Ward B,18.208333333333332,21.0,0.8670634920634921
HHN-MAN-01,2025-11-07,General Medicine Ward B,18.333333333333332,21.0,0.873015873015873
HHN-MAN-01,2025-11-08,General Medicine Ward B,19.791666666666668,21.0,0.9424603174603176
HHN-MAN-01,2025-11-09,General Medicine Ward B,19.833333333333332,20.708333333333332,0.9583333333333334
HHN-MAN-01,2025-11-10,General Medicine Ward B,20.541666666666668,20.666666666666668,0.9940476190476191
HHN-MAN-01,2025-11-11,General Medicine Ward B,20.833333333333332,20.875,0.998015873015873
HHN-MAN-01,2025-11-12,General Medicine Ward B,20.458333333333332,20.958333333333332,0.9761904761904763
HHN-MAN-01,2025-11-13,General Medicine Ward B,20.833333333333332,21.0,0.9920634920634921
HHN-MAN-01,2025-11-14,General Medicine Ward B,18.833333333333332,20.666666666666668,0.9125
HHN-MAN-01,2025-11-15,General Medicine Ward B,20.958333333333332,20.958333333333332,1.0
HHN-MAN-01,2025-11-16,General Medicine Ward B,20.75,20.75,1.0
HHN-MAN-01,2025-11-17,General Medicine Ward B,21.0,21.0,1.0
HHN-MAN-01,2025-11-18,General Medicine Ward B,20.916666666666668,20.916666666666668,1.0
HHN-MAN-01,2025-11-19,General Medicine Ward B,20.708333333333332,20.708333333333332,1.0
HHN-MAN-01,2025-11-20,General Medicine Ward B,20.958333333333332,20.958333333333332,1.0
HHN-MAN-01,2025-11-21,General Medicine Ward B,20.875,20.875,1.0
HHN-MAN-01,2025-11-22,General Medicine Ward B,20.791666666666668,20.791666666666668,1.0
HHN-MAN-01,2025-11-23,General Medicine Ward B,20.708333333333332,20.708333333333332,1.0
HHN-MAN-01,2025-11-24,General Medicine Ward B,21.0,21.0,1.0
HHN-MAN-01,2025-11-25,General Medicine Ward B,20.916666666666668,20.916666666666668,1.0
HHN-MAN-01,2025-11-26,General Medicine Ward B,20.916666666666668,20.916666666666668,1.0
HHN-MAN-01,2025-11-27,General Medicine Ward B,19.5,20.875,0.9345238095238096
HHN-MAN-01,2025-11-28,General Medicine Ward B,20.291666666666668,20.958333333333332,0.9682539682539683
HHN-MAN-01,2025-11-29,General Medicine Ward B,20.833333333333332,20.833333333333332,1.0
HHN-MAN-01,2025-11-30,General Medicine Ward B,20.666666666666668,20.666666666666668,1.0
HHN-MAN-01,2025-12-01,General Medicine Ward B,20.375,20.75,0.9821428571428572
HHN-MAN-01,2025-12-02,General Medicine Ward B,18.583333333333332,20.625,0.9005952380952381
HHN-MAN-01,2025-12-03,General Medicine Ward B,15.208333333333334,20.833333333333332,0.7305242272347535
HHN-MAN-01,2025-12-04,General Medicine Ward B,15.5,20.958333333333332,0.7398809523809523
HHN-MAN-01,2025-12-05,General Medicine Ward B,20.541666666666668,20.875,0.9841269841269842
HHN-MAN-01,2025-12-06,General Medicine Ward B,20.625,20.625,1.0
HHN-MAN-01,2025-12-07,General Medicine Ward B,20.458333333333332,20.458333333333332,1.0
HHN-MAN-01,2025-12-08,General Medicine Ward B,20.916666666666668,20.916666666666668,1.0
HHN-MAN-01,2025-12-09,General Medicine Ward B,21.0,21.0,1.0
HHN-MAN-01,2025-12-10,General Medicine Ward B,20.875,20.875,1.0
HHN-MAN-01,2025-12-11,General Medicine Ward B,20.875,20.875,1.0
HHN-MAN-01,2025-12-12,General Medicine Ward B,20.666666666666668,20.666666666666668,1.0
HHN-MAN-01,2025-12-13,General Medicine Ward B,19.333333333333332,20.916666666666668,0.9246031746031745
HHN-MAN-01,2025-12-14,General Medicine Ward B,19.958333333333332,20.958333333333332,0.952281746031746
HHN-MAN-01,2025-12-15,General Medicine Ward B,19.416666666666668,20.875,0.9305555555555557
HHN-MAN-01,2025-12-16,General Medicine Ward B,20.375,20.833333333333332,0.9781746031746033
HHN-MAN-01,2025-12-17,General Medicine Ward B,21.0,21.0,1.0
HHN-MAN-01,2025-12-18,General Medicine Ward B,20.666666666666668,20.916666666666668,0.9880952380952381
HHN-MAN-01,2025-12-19,General Medicine Ward B,20.958333333333332,20.958333333333332,1.0
HHN-MAN-01,2025-12-20,General Medicine Ward B,20.791666666666668,20.791666666666668,1.0
HHN-MAN-01,2025-12-21,General Medicine Ward B,20.75,20.75,1.0
HHN-MAN-01,2025-12-22,General Medicine Ward B,19.833333333333332,20.833333333333332,0.9523809523809524
HHN-MAN-01,2025-12-23,General Medicine Ward B,17.166666666666668,20.916666666666668,0.8214285714285715
HHN-MAN-01,2025-12-24,General Medicine Ward B,20.666666666666668,20.666666666666668,1.0
HHN-MAN-01,2025-12-25,General Medicine Ward B,20.625,20.916666666666668,0.9861111111111112
HHN-MAN-01,2025-12-26,General Medicine Ward B,18.25,20.791666666666668,0.8787593984962406
HHN-MAN-01,2025-12-27,General Medicine Ward B,20.708333333333332,20.916666666666668,0.9900793650793651
HHN-MAN-01,2025-12-28,General Medicine Ward B,21.0,21.0,1.0
HHN-MAN-01,2025-12-29,General Medicine Ward B,20.75,20.75,1.0
HHN-MAN-01,2025-12-30,General Medicine Ward B,20.583333333333332,20.583333333333332,1.0
HHN-MAN-01,2025-12-31,General Medicine Ward B,20.541666666666668,20.833333333333332,0.9861111111111112
