hospital_id,datetime,ward,occupied_beds,staffed_beds,occupancy_rate
HHN-BIR-01,2024-01-01,ICU,2.0416666666666665,8.958333333333334,0.22743055555555555
HHN-BIR-01,2024-01-02,ICU,4.583333333333333,8.833333333333334,0.5196759259259259
HHN-BIR-01,2024-01-03,ICU,4.916666666666667,9.0,0.5462962962962963
HHN-BIR-01,2024-01-04,ICU,5.0,8.958333333333334,0.5584490740740741
HHN-BIR-01,2024-01-05,ICU,5.166666666666667,8.958333333333334,0.5775462962962963
HHN-BIR-01,2024-01-06,ICU,6.291666666666667,8.916666666666666,0.7060185185185185
HHN-BIR-01,2024-01-07,ICU,8.958333333333334,8.958333333333334,1.0
HHN-BIR-01,2024-01-08,ICU,8.916666666666666,8.916666666666666,1.0
HHN-BIR-01,2024-01-09,ICU,8.916666666666666,8.916666666666666,1.0
HHN-BIR-01,2024-01-10,ICU,8.791666666666666,8.791666666666666,1.0
HHN-BIR-01,2024-01-11,ICU,8.791666666666666,8.958333333333334,0.9814814814814815
HHN-BIR-01,2024-01-12,ICU,8.875,8.875,1.0
HHN-BIR-01,2024-01-13,ICU,8.791666666666666,8.791666666666666,1.0
HHN-BIR-01,2024-01-14,ICU,8.875,8.875,1.0
HHN-BIR-01,2024-01-15,ICU,8.875,8.875,1.0
HHN-BIR-01,2024-01-16,ICU,8.958333333333334,8.958333333333334,1.0
HHN-BIR-01,2024-01-17,ICU,8.875,8.875,1.0
HHN-BIR-01,2024-01-18,ICU,8.958333333333334,8.958333333333334,1.0
HHN-BIR-01,2024-01-19,ICU,8.875,8.875,1.0
HHN-BIR-01,2024-01-20,ICU,8.958333333333334,8.958333333333334,1.0
HHN-BIR-01,2024-01-21,ICU,8.875,8.875,1.0
HHN-BIR-01,2024-01-22,ICU,8.958333333333334,8.958333333333334,1.0
HHN-BIR-01,2024-01-23,ICU,8.958333333333334,8.958333333333334,1.0
HHN-BIR-01,2024-01-24,ICU,8.958333333333334,8.958333333333334,1.0
HHN-BIR-01,2024-01-25,ICU,8.916666666666666,8.916666666666666,1.0
HHN-BIR-01,2024-01-26,ICU,8.791666666666666,8.791666666666666,1.0
HHN-BIR-01,2024-01-27,ICU,8.958333333333334,8.958333333333334,1.0
HHN-BIR-01,2024-01-28,ICU,8.791666666666666,8.791666666666666,1.0
HHN-BIR-01,2024-01-29,ICU,9.0,9.0,1.0
HHN-BIR-01,2024-01-30,ICU,9.0,9.0,1.0
HHN-BIR-01,2024-01-31,ICU,8.958333333333334,8.958333333333334,1.0
HHN-BIR-01,2024-02-01,ICU,8.916666666666666,8.916666666666666,1.0
HHN-BIR-01,2024-02-02,ICU,7.25,9.0,0.8055555555555555
HHN-BIR-01,2024-02-03,ICU,7.208333333333333,8.75,0.8240740740740741
HHN-BIR-01,2024-02-04,ICU,8.916666666666666,8.916666666666666,1.0
HHN-BIR-01,2024-02-05,ICU,8.833333333333334,8.833333333333334,1.0
HHN-BIR-01,2024-02-06,ICU,8.958333333333334,8.958333333333334,1.0
HHN-BIR-01,2024-02-07,ICU,8.875,8.875,1.0
HHN-BIR-01,2024-02-08,ICU,8.875,8.875,1.0
HHN-BIR-01,2024-02-09,ICU,8.833333333333334,8.833333333333334,1.0
HHN-BIR-01,2024-02-10,ICU,8.916666666666666,8.916666666666666,1.0
HHN-BIR-01,2024-02-11,ICU,8.916666666666666,8.916666666666666,1.0
HHN-BIR-01,2024-02-12,ICU,8.916666666666666,8.916666666666666,1.0
HHN-BIR-01,2024-02-13,ICU,8.958333333333334,8.958333333333334,1.0
HHN-BIR-01,2024-02-14,ICU,8.916666666666666,8.916666666666666,1.0
HHN-BIR-01,2024-02-15,ICU,8.958333333333334,8.958333333333334,1.0
HHN-BIR-01,2024-02-16,ICU,8.916666666666666,8.916666666666666,1.0
HHN-BIR-01,2024-02-17,ICU,8.833333333333334,8.833333333333334,1.0
HHN-BIR-01,2024-02-18,ICU,9.0,9.0,1.0
HHN-BIR-01,2024-02-19,ICU,8.875,8.875,1.0
HHN-BIR-01,2024-02-20,ICU,8.75,8.958333333333334,0.9768518518518517
HHN-BIR-01,2024-02-21,ICU,8.25,8.916666666666666,0.9259259259259259
HHN-BIR-01,2024-02-22,ICU,7.541666666666667,8.958333333333334,0.8425925925925926
HHN-BIR-01,2024-02-23,ICU,6.25,8.916666666666666,0.7013888888888888
HHN-BIR-01,2024-02-24,ICU,5.333333333333333,8.791666666666666,0.6070601851851852
HHN-BIR-01,2024-02-25,ICU,4.0,9.0,0.4444444444444444
HHN-BIR-01,2024-02-26,ICU,3.7916666666666665,8.916666666666666,0.42534722222222215
HHN-BIR-01,2024-02-27,ICU,3.7083333333333335,8.958333333333334,0.41435185185185186
HHN-BIR-01,2024-02-28,ICU,5.375,8.875,0.6053240740740741
HHN-BIR-01,2024-02-29,ICU,4.5,8.875,0.5069444444444444
HHN-BIR-01,2024-03-01,ICU,5.125,9.0,0.5694444444444444
HHN-BIR-01,2024-03-02,ICU,3.875,8.916666666666666,0.43634259259259256
HHN-BIR-01,2024-03-03,ICU,7.125,8.916666666666666,0.7986111111111112
HHN-BIR-01,2024-03-04,ICU,8.75,8.958333333333334,0.9768518518518517
HHN-BIR-01,2024-03-05,ICU,6.166666666666667,8.958333333333334,0.6892361111111112
HHN-BIR-01,2024-03-06,ICU,5.458333333333333,8.916666666666666,0.6116898148148148
HHN-BIR-01,2024-03-07,ICU,6.875,8.958333333333334,0.7685185185185185
HHN-BIR-01,2024-03-08,ICU,4.916666666666667,8.958333333333334,0.5491898148148148
HHN-BIR-01,2024-03-09,ICU,5.916666666666667,8.958333333333334,0.6608796296296297
HHN-BIR-01,2024-03-10,ICU,3.6666666666666665,8.875,0.41377314814814814
HHN-BIR-01,2024-03-11,ICU,5.708333333333333,9.0,0.6342592592592592
HHN-BIR-01,2024-03-12,ICU,6.916666666666667,8.958333333333334,0.7725694444444445
HHN-BIR-01,2024-03-13,ICU,7.0,8.916666666666666,0.7858796296296297
HHN-BIR-01,2024-03-14,ICU,7.166666666666667,8.916666666666666,0.8049768518518517
HHN-BIR-01,2024-03-15,ICU,7.083333333333333,8.958333333333334,0.7910879629629629
HHN-BIR-01,2024-03-16,ICU,6.833333333333333,8.875,0.7714120370370371
HHN-BIR-01,2024-03-17,ICU,4.916666666666667,8.958333333333334,0.5497685185185185
HHN-BIR-01,2024-03-18,ICU,5.708333333333333,9.0,0.6342592592592592
HHN-BIR-01,2024-03-19,ICU,6.875,9.0,0.7638888888888888
HHN-BIR-01,2024-03-20,ICU,5.083333333333333,8.958333333333334,0.5682870370370371
HHN-BIR-01,2024-03-21,ICU,4.625,8.916666666666666,0.5190972222222222
HHN-BIR-01,2024-03-22,ICU,5.291666666666667,8.833333333333334,0.6006944444444444
HHN-BIR-01,2024-03-23,ICU,6.541666666666667,8.875,0.7378472222222222
HHN-BIR-01,2024-03-24,ICU,8.0,9.0,0.8888888888888888
HHN-BIR-01,2024-03-25,ICU,8.833333333333334,8.958333333333334,0.9861111111111112
HHN-BIR-01,2024-03-26,ICU,7.708333333333333,8.958333333333334,0.8611111111111112
HHN-BIR-01,2024-03-27,ICU,6.0,8.958333333333334,0.6707175925925926
HHN-BIR-01,2024-03-28,ICU,7.875,9.0,0.875
HHN-BIR-01,2024-03-29,ICU,8.958333333333334,8.958333333333334,1.0
HHN-BIR-01,2024-03-30,ICU,8.875,8.875,1.0
HHN-BIR-01,2024-03-31,ICU,8.916666666666666,8.916666666666666,1.0
HHN-BIR-01,2024-04-01,ICU,8.875,8.875,1.0
HHN-BIR-01,2024-04-02,ICU,8.875,8.875,1.0
HHN-BIR-01,2024-04-03,ICU,8.958333333333334,8.958333333333334,1.0
HHN-BIR-01,2024-04-04,ICU,9.0,9.0,1.0
HHN-BIR-01,2024-04-05,ICU,8.916666666666666,8.916666666666666,1.0
HHN-BIR-01,2024-04-06,ICU,8.791666666666666,8.791666666666666,1.0
HHN-BIR-01,2024-04-07,ICU,9.0,9.0,1.0
HHN-BIR-01,2024-04-08,ICU,8.958333333333334,8.958333333333334,1.0
HHN-BIR-01,2024-04-09,ICU,9.0,9.0,1.0
HHN-BIR-01,2024-04-10,ICU,8.958333333333334,8.958333333333334,1.0
HHN-BIR-01,2024-04-11,ICU,8.958333333333334,8.958333333333334,1.0
HHN-BIR-01,2024-04-12,ICU,8.166666666666666,8.875,0.9212962962962963
HHN-BIR-01,2024-04-13,ICU,7.666666666666667,9.0,0.8518518518518517
HHN-BIR-01,2024-04-14,ICU,6.791666666666667,8.958333333333334,0.7586805555555555
HHN-BIR-01,2024-04-15,ICU,7.458333333333333,9.0,0.8287037037037037
HHN-BIR-01,2024-04-16,ICU,8.0,9.0,0.8888888888888888
HHN-BIR-01,2024-04-17,ICU,8.25,9.0,0.9166666666666666
HHN-BIR-01,2024-04-18,ICU,9.0,9.0,1.0
HHN-BIR-01,2024-04-19,ICU,8.791666666666666,8.958333333333334,0.9814814814814815
HHN-BIR-01,2024-04-20,ICU,8.916666666666666,8.916666666666666,1.0
HHN-BIR-01,2024-04-21,ICU,8.75,8.958333333333334,0.9768518518518517
HHN-BIR-01,2024-04-22,ICU,8.916666666666666,8.958333333333334,0.9953703703703703
HHN-BIR-01,2024-04-23,ICU,8.958333333333334,8.958333333333334,1.0
HHN-BIR-01,2024-04-24,ICU,7.25,9.0,0.8055555555555555
HHN-BIR-01,2024-04-25,ICU,3.5416666666666665,9.0,0.39351851851851855
HHN-BIR-01,2024-04-26,ICU,3.6666666666666665,8.916666666666666,0.4108796296296296
HHN-BIR-01,2024-04-27,ICU,6.791666666666667,9.0,0.7546296296296297
HHN-BIR-01,2024-04-28,ICU,8.916666666666666,8.916666666666666,1.0
HHN-BIR-01,2024-04-29,ICU,8.166666666666666,8.958333333333334,0.9120370370370371
HHN-BIR-01,2024-04-30,ICU,8.958333333333334,9.0,0.9953703703703703
HHN-BIR-01,2024-05-01,ICU,9.0,9.0,1.0
HHN-BIR-01,2024-05-02,ICU,8.875,8.916666666666666,0.9953703703703703
HHN-BIR-01,2024-05-03,ICU,8.291666666666666,8.875,0.9351851851851851
HHN-BIR-01,2024-05-04,ICU,7.916666666666667,8.833333333333334,0.8975694444444445
HHN-BIR-01,2024-05-05,ICU,6.833333333333333,8.833333333333334,0.7748842592592592
HHN-BIR-01,2024-05-06,ICU,7.625,8.875,0.8605324074074074
HHN-BIR-01,2024-05-07,ICU,8.666666666666666,8.958333333333334,0.9675925925925926
HHN-BIR-01,2024-05-08,ICU,8.875,9.0,0.9861111111111112
HHN-BIR-01,2024-05-09,ICU,8.958333333333334,8.958333333333334,1.0
HHN-BIR-01,2024-05-10,ICU,8.958333333333334,8.958333333333334,1.0
HHN-BIR-01,2024-05-11,ICU,8.958333333333334,8.958333333333334,1.0
HHN-BIR-01,2024-05-12,ICU,8.833333333333334,8.833333333333334,1.0
HHN-BIR-01,2024-05-13,ICU,8.5,8.916666666666666,0.9537037037037037
HHN-BIR-01,2024-05-14,ICU,8.083333333333334,9.0,0.898148148148148
HHN-BIR-01,2024-05-15,ICU,9.0,9.0,1.0
HHN-BIR-01,2024-05-16,ICU,8.5,8.916666666666666,0.953125
HHN-BIR-01,2024-05-17,ICU,8.166666666666666,8.916666666666666,0.9155092592592592
HHN-BIR-01,2024-05-18,ICU,8.208333333333334,8.875,0.9259259259259259
HHN-BIR-01,2024-05-19,ICU,8.375,9.0,0.9305555555555555
HHN-BIR-01,2024-05-20,ICU,7.166666666666667,8.875,0.8084490740740741
HHN-BIR-01,2024-05-21,ICU,6.041666666666667,8.916666666666666,0.6782407407407408
HHN-BIR-01,2024-05-22,ICU,6.75,9.0,0.75
HHN-BIR-01,2024-05-23,ICU,7.833333333333333,9.0,0.8703703703703703
HHN-BIR-01,2024-05-24,ICU,7.0,8.875,0.7899305555555555
HHN-BIR-01,2024-05-25,ICU,8.958333333333334,9.0,0.9953703703703703
HHN-BIR-01,2024-05-26,ICU,9.0,9.0,1.0
HHN-BIR-01,2024-05-27,ICU,8.958333333333334,8.958333333333334,1.0
HHN-BIR-01,2024-05-28,ICU,9.0,9.0,1.0
HHN-BIR-01,2024-05-29,ICU,8.916666666666666,8.916666666666666,1.0
HHN-BIR-01,2024-05-30,ICU,8.958333333333334,8.958333333333334,1.0
HHN-BIR-01,2024-05-31,ICU,8.958333333333334,8.958333333333334,1.0
HHN-BIR-01,2024-06-01,ICU,8.958333333333334,8.958333333333334,1.0
HHN-BIR-01,2024-06-02,ICU,8.125,8.958333333333334,0.9074074074074074
HHN-BIR-01,2024-06-03,ICU,9.0,9.0,1.0
HHN-BIR-01,2024-06-04,ICU,7.5,8.875,0.8472222222222222
HHN-BIR-01,2024-06-05,ICU,8.75,9.0,0.9722222222222222
HHN-BIR-01,2024-06-06,ICU,8.583333333333334,9.0,0.9537037037037037
HHN-BIR-01,2024-06-07,ICU,8.5,9.0,0.9444444444444445
HHN-BIR-01,2024-06-08,ICU,8.875,8.958333333333334,0.9907407407407408
HHN-BIR-01,2024-06-09,ICU,8.708333333333334,8.791666666666666,0.9907407407407408
HHN-BIR-01,2024-06-10,ICU,8.458333333333334,8.916666666666666,0.9479166666666666
HHN-BIR-01,2024-06-11,ICU,8.875,8.875,1.0
HHN-BIR-01,2024-06-12,ICU,9.0,9.0,1.0
HHN-BIR-01,2024-06-13,ICU,8.791666666666666,8.958333333333334,0.9814814814814815
HHN-BIR-01,2024-06-14,ICU,8.0,9.0,0.8888888888888888
HHN-BIR-01,2024-06-15,ICU,7.166666666666667,8.916666666666666,0.804398148148148
HHN-BIR-01,2024-06-16,ICU,6.666666666666667,8.958333333333334,0.7442129629629629
HHN-BIR-01,2024-06-17,ICU,8.541666666666666,9.0,0.9490740740740741
HHN-BIR-01,2024-06-18,ICU,7.916666666666667,8.958333333333334,0.8842592592592592
HHN-BIR-01,2024-06-19,ICU,5.125,8.958333333333334,0.5723379629629629
HHN-BIR-01,2024-06-20,ICU,2.4166666666666665,8.958333333333334,0.2702546296296296
HHN-BIR-01,2024-06-21,ICU,2.0,9.0,0.2222222222222222
HHN-BIR-01,2024-06-22,ICU,3.5,8.875,0.39641203703703703
HHN-BIR-01,2024-06-23,ICU,5.958333333333333,8.958333333333334,0.6655092592592592
HHN-BIR-01,2024-06-24,ICU,6.541666666666667,8.958333333333334,0.7309027777777778
HHN-BIR-01,2024-06-25,ICU,7.541666666666667,8.875,0.8512731481481483
HHN-BIR-01,2024-06-26,ICU,7.666666666666667,8.958333333333334,0.8559027777777778
HHN-BIR-01,2024-06-27,ICU,6.541666666666667,8.916666666666666,0.734375
HHN-BIR-01,2024-06-28,ICU,8.416666666666666,9.0,0.9351851851851851
HHN-BIR-01,2024-06-29,ICU,8.75,8.916666666666666,0.9814814814814815
HHN-BIR-01,2024-06-30,ICU,6.208333333333333,8.833333333333334,0.7060185185185185
HHN-BIR-01,2024-07-01,ICU,5.416666666666667,9.0,0.6018518518518519
HHN-BIR-01,2024-07-02,ICU,6.125,8.916666666666666,0.6869212962962963
HHN-BIR-01,2024-07-03,ICU,6.375,8.916666666666666,0.7158564814814814
HHN-BIR-01,2024-07-04,ICU,6.291666666666667,8.958333333333334,0.7025462962962963
HHN-BIR-01,2024-07-05,ICU,6.166666666666667,8.958333333333334,0.6875
HHN-BIR-01,2024-07-06,ICU,3.1666666666666665,8.833333333333334,0.3587962962962963
HHN-BIR-01,2024-07-07,ICU,3.125,8.875,0.35300925925925924
HHN-BIR-01,2024-07-08,ICU,5.208333333333333,8.916666666666666,0.5833333333333334
HHN-BIR-01,2024-07-09,ICU,6.833333333333333,8.916666666666666,0.7667824074074074
HHN-BIR-01,2024-07-10,ICU,5.958333333333333,8.916666666666666,0.6689814814814814
HHN-BIR-01,2024-07-11,ICU,4.916666666666667,9.0,0.5462962962962963
HHN-BIR-01,2024-07-12,ICU,5.208333333333333,9.0,0.5787037037037037
HHN-BIR-01,2024-07-13,ICU,5.083333333333333,8.708333333333334,0.5856481481481481
HHN-BIR-01,2024-07-14,ICU,3.0833333333333335,8.875,0.3478009259259259
HHN-BIR-01,2024-07-15,ICU,3.4583333333333335,9.0,0.38425925925925924
HHN-BIR-01,2024-07-16,ICU,5.833333333333333,8.958333333333334,0.6527777777777778
HHN-BIR-01,2024-07-17,ICU,7.833333333333333,8.916666666666666,0.8796296296296297
HHN-BIR-01,2024-07-18,ICU,6.5,9.0,0.7222222222222222
HHN-BIR-01,2024-07-19,ICU,6.0,8.875,0.6770833333333334
HHN-BIR-01,2024-07-20,ICU,6.0,9.0,0.6666666666666666
HHN-BIR-01,2024-07-21,ICU,6.666666666666667,8.958333333333334,0.7453703703703703
HHN-BIR-01,2024-07-22,ICU,8.666666666666666,8.916666666666666,0.9722222222222222
HHN-BIR-01,2024-07-23,ICU,8.458333333333334,8.958333333333334,0.9444444444444445
HHN-BIR-01,2024-07-24,ICU,6.5,8.875,0.7332175925925926
HHN-BIR-01,2024-07-25,ICU,7.041666666666667,9.0,0.7824074074074074
HHN-BIR-01,2024-07-26,ICU,6.958333333333333,9.0,0.7731481481481483
HHN-BIR-01,2024-07-27,ICU,7.916666666666667,8.958333333333334,0.8842592592592592
HHN-BIR-01,2024-07-28,ICU,7.791666666666667,8.958333333333334,0.8697916666666666
HHN-BIR-01,2024-07-29,ICU,7.083333333333333,8.916666666666666,0.7951388888888888
HHN-BIR-01,2024-07-30,ICU,8.166666666666666,8.958333333333334,0.9120370370370371
HHN-BIR-01,2024-07-31,ICU,7.125,9.0,0.7916666666666666
HHN-BIR-01,2024-08-01,ICU,5.166666666666667,8.958333333333334,0.5769675925925926
HHN-BIR-01,2024-08-02,ICU,3.5,9.0,0.38888888888888884
HHN-BIR-01,2024-08-03,ICU,3.7083333333333335,8.958333333333334,0.41377314814814814
HHN-BIR-01,2024-08-04,ICU,5.416666666666667,8.958333333333334,0.6053240740740741
HHN-BIR-01,2024-08-05,ICU,5.75,8.958333333333334,0.6417824074074074
HHN-BIR-01,2024-08-06,ICU,5.208333333333333,8.875,0.5885416666666666
HHN-BIR-01,2024-08-07,ICU,5.166666666666667,8.875,0.5827546296296297
HHN-BIR-01,2024-08-08,ICU,3.5,8.958333333333334,0.390625
HHN-BIR-01,2024-08-09,ICU,4.166666666666667,8.916666666666666,0.4664351851851852
HHN-BIR-01,2024-08-10,ICU,5.958333333333333,9.0,0.662037037037037
HHN-BIR-01,2024-08-11,ICU,4.958333333333333,8.916666666666666,0.5567129629629629
HHN-BIR-01,2024-08-12,ICU,5.708333333333333,8.958333333333334,0.6371527777777778
HHN-BIR-01,2024-08-13,ICU,7.5,9.0,0.8333333333333334
HHN-BIR-01,2024-08-14,ICU,6.166666666666667,9.0,0.6851851851851851
HHN-BIR-01,2024-08-15,ICU,4.166666666666667,8.958333333333334,0.464699074074074
HHN-BIR-01,2024-08-16,ICU,3.75,9.0,0.4166666666666667
HHN-BIR-01,2024-08-17,ICU,6.541666666666667,8.958333333333334,0.7303240740740741
HHN-BIR-01,2024-08-18,ICU,6.458333333333333,8.916666666666666,0.7245370370370371
HHN-BIR-01,2024-08-19,ICU,3.7916666666666665,8.833333333333334,0.43171296296296297
HHN-BIR-01,2024-08-20,ICU,3.7083333333333335,8.916666666666666,0.41608796296296297
HHN-BIR-01,2024-08-21,ICU,2.7916666666666665,8.833333333333334,0.3171296296296296
HHN-BIR-01,2024-08-22,ICU,1.8333333333333333,9.0,0.2037037037037037
HHN-BIR-01,2024-08-23,ICU,2.9583333333333335,8.875,0.3333333333333333
HHN-BIR-01,2024-08-24,ICU,3.0,8.916666666666666,0.3368055555555555
HHN-BIR-01,2024-08-25,ICU,3.5833333333333335,9.0,0.39814814814814814
HHN-BIR-01,2024-08-26,ICU,5.625,8.916666666666666,0.6319444444444444
HHN-BIR-01,2024-08-27,ICU,6.083333333333333,8.958333333333334,0.6799768518518517
HHN-BIR-01,2024-08-28,ICU,5.208333333333333,8.875,0.5873842592592593
HHN-BIR-01,2024-08-29,ICU,4.375,9.0,0.4861111111111111
HHN-BIR-01,2024-08-30,ICU,5.458333333333333,8.916666666666666,0.6134259259259259
HHN-BIR-01,2024-08-31,ICU,4.5,8.875,0.5081018518518519
HHN-BIR-01,2024-09-01,ICU,3.4583333333333335,8.916666666666666,0.38773148148148145
HHN-BIR-01,2024-09-02,ICU,5.0,8.958333333333334,0.5584490740740741
HHN-BIR-01,2024-09-03,ICU,5.5,9.0,0.6111111111111112
HHN-BIR-01,2024-09-04,ICU,7.916666666666667,8.875,0.8923611111111112
HHN-BIR-01,2024-09-05,ICU,8.958333333333334,8.958333333333334,1.0
HHN-BIR-01,2024-09-06,ICU,7.916666666666667,9.0,0.8796296296296297
HHN-BIR-01,2024-09-07,ICU,7.375,8.875,0.8304398148148149
HHN-BIR-01,2024-09-08,ICU,7.25,8.958333333333334,0.8101851851851851
HHN-BIR-01,2024-09-09,ICU,7.333333333333333,8.916666666666666,0.8229166666666666
HHN-BIR-01,2024-09-10,ICU,7.0,8.958333333333334,0.7818287037037037
HHN-BIR-01,2024-09-11,ICU,6.25,9.0,0.6944444444444445
HHN-BIR-01,2024-09-12,ICU,4.583333333333333,8.958333333333334,0.5115740740740741
HHN-BIR-01,2024-09-13,ICU,4.708333333333333,9.0,0.5231481481481481
HHN-BIR-01,2024-09-14,ICU,4.958333333333333,8.75,0.5677083333333334
HHN-BIR-01,2024-09-15,ICU,5.125,8.958333333333334,0.5723379629629629
HHN-BIR-01,2024-09-16,ICU,5.75,8.916666666666666,0.6440972222222222
HHN-BIR-01,2024-09-17,ICU,8.583333333333334,9.0,0.9537037037037037
HHN-BIR-01,2024-09-18,ICU,9.0,9.0,1.0
HHN-BIR-01,2024-09-19,ICU,8.75,8.875,0.9861111111111112
HHN-BIR-01,2024-09-20,ICU,6.916666666666667,9.0,0.7685185185185185
HHN-BIR-01,2024-09-21,ICU,6.125,8.958333333333334,0.6834490740740741
HHN-BIR-01,2024-09-22,ICU,5.958333333333333,9.0,0.6620370370370371
HHN-BIR-01,2024-09-23,ICU,5.0,9.0,0.5555555555555556
HHN-BIR-01,2024-09-24,ICU,4.958333333333333,8.958333333333334,0.5538194444444445
HHN-BIR-01,2024-09-25,ICU,5.666666666666667,9.0,0.6296296296296297
HHN-BIR-01,2024-09-26,ICU,7.583333333333333,8.958333333333334,0.8466435185185185
HHN-BIR-01,2024-09-27,ICU,8.333333333333334,8.958333333333334,0.9305555555555555
HHN-BIR-01,2024-09-28,ICU,8.416666666666666,8.916666666666666,0.9444444444444443
HHN-BIR-01,2024-09-29,ICU,8.916666666666666,8.916666666666666,1.0
HHN-BIR-01,2024-09-30,ICU,8.958333333333334,8.958333333333334,1.0
HHN-BIR-01,2024-10-01,ICU,8.208333333333334,8.916666666666666,0.9207175925925926
HHN-BIR-01,2024-10-02,ICU,7.375,8.916666666666666,0.8275462962962963
HHN-BIR-01,2024-10-03,ICU,8.541666666666666,8.958333333333334,0.9537037037037037
HHN-BIR-01,2024-10-04,ICU,9.0,9.0,1.0
HHN-BIR-01,2024-10-05,ICU,8.916666666666666,8.916666666666666,1.0
HHN-BIR-01,2024-10-06,ICU,8.833333333333334,8.833333333333334,1.0
HHN-BIR-01,2024-10-07,ICU,8.208333333333334,8.958333333333334,0.9166666666666666
HHN-BIR-01,2024-10-08,ICU,7.375,8.916666666666666,0.828125
HHN-BIR-01,2024-10-09,ICU,8.666666666666666,8.958333333333334,0.9675925925925926
HHN-BIR-01,2024-10-10,ICU,8.916666666666666,8.916666666666666,1.0
HHN-BIR-01,2024-10-11,ICU,8.875,8.875,1.0
HHN-BIR-01,2024-10-12,ICU,8.916666666666666,8.916666666666666,1.0
HHN-BIR-01,2024-10-13,ICU,8.916666666666666,8.916666666666666,1.0
HHN-BIR-01,2024-10-14,ICU,8.916666666666666,8.916666666666666,1.0
HHN-BIR-01,2024-10-15,ICU,8.916666666666666,8.916666666666666,1.0
HHN-BIR-01,2024-10-16,ICU,9.0,9.0,1.0
HHN-BIR-01,2024-10-17,ICU,8.958333333333334,8.958333333333334,1.0
HHN-BIR-01,2024-10-18,ICU,8.958333333333334,8.958333333333334,1.0
HHN-BIR-01,2024-10-19,ICU,8.875,8.875,1.0
HHN-BIR-01,2024-10-20,ICU,8.875,8.875,1.0
HHN-BIR-01,2024-10-21,ICU,8.916666666666666,8.916666666666666,1.0
HHN-BIR-01,2024-10-22,ICU,8.833333333333334,8.833333333333334,1.0
HHN-BIR-01,2024-10-23,ICU,8.5,8.958333333333334,0.9490740740740741
HHN-BIR-01,2024-10-24,ICU,8.416666666666666,8.958333333333334,0.9398148148148148
HHN-BIR-01,2024-10-25,ICU,9.0,9.0,1.0
HHN-BIR-01,2024-10-26,ICU,8.958333333333334,8.958333333333334,1.0
HHN-BIR-01,2024-10-27,ICU,8.916666666666666,8.916666666666666,1.0
HHN-BIR-01,2024-10-28,ICU,9.0,9.0,1.0
HHN-BIR-01,2024-10-29,ICU,8.916666666666666,9.0,0.9907407407407408
HHN-BIR-01,2024-10-30,ICU,8.0,8.958333333333334,0.8923611111111112
HHN-BIR-01,2024-10-31,ICU,6.166666666666667,8.916666666666666,0.6927083333333334
HHN-BIR-01,2024-11-01,ICU,5.75,8.958333333333334,0.6429398148148148
HHN-BIR-01,2024-11-02,ICU,3.2083333333333335,8.958333333333334,0.35821759259259256
HHN-BIR-01,2024-11-03,ICU,4.0,8.833333333333334,0.4537037037037037
HHN-BIR-01,2024-11-04,ICU,4.375,8.875,0.49363425925925924
HHN-BIR-01,2024-11-05,ICU,5.0,8.916666666666666,0.5613425925925926
HHN-BIR-01,2024-11-06,ICU,6.625,8.833333333333334,0.7494212962962963
HHN-BIR-01,2024-11-07,ICU,8.958333333333334,8.958333333333334,1.0
HHN-BIR-01,2024-11-08,ICU,8.916666666666666,8.916666666666666,1.0
HHN-BIR-01,2024-11-09,ICU,8.833333333333334,8.833333333333334,1.0
HHN-BIR-01,2024-11-10,ICU,8.875,8.875,1.0
HHN-BIR-01,2024-11-11,ICU,8.333333333333334,9.0,0.9259259259259259
HHN-BIR-01,2024-11-12,ICU,9.0,9.0,1.0
HHN-BIR-01,2024-11-13,ICU,9.0,9.0,1.0
HHN-BIR-01,2024-11-14,ICU,9.0,9.0,1.0
HHN-BIR-01,2024-11-15,ICU,8.75,8.958333333333334,0.9768518518518517
HHN-BIR-01,2024-11-16,ICU,8.833333333333334,8.833333333333334,1.0
HHN-BIR-01,2024-11-17,ICU,8.916666666666666,8.916666666666666,1.0
HHN-BIR-01,2024-11-18,ICU,8.083333333333334,9.0,0.8981481481481483
HHN-BIR-01,2024-11-19,ICU,8.625,8.958333333333334,0.9629629629629629
HHN-BIR-01,2024-11-20,ICU,8.916666666666666,8.916666666666666,1.0
HHN-BIR-01,2024-11-21,ICU,8.875,8.875,1.0
HHN-BIR-01,2024-11-22,ICU,8.916666666666666,8.916666666666666,1.0
HHN-BIR-01,2024-11-23,ICU,8.875,8.958333333333334,0.9907407407407408
HHN-BIR-01,2024-11-24,ICU,6.458333333333333,8.875,0.7303240740740741
HHN-BIR-01,2024-11-25,ICU,4.541666666666667,8.791666666666666,0.517361111111111
HHN-BIR-01,2024-11-26,ICU,4.583333333333333,9.0,0.5092592592592592
HHN-BIR-01,2024-11-27,ICU,6.333333333333333,8.958333333333334,0.7083333333333334
HHN-BIR-01,2024-11-28,ICU,7.166666666666667,8.916666666666666,0.8038194444444443
HHN-BIR-01,2024-11-29,ICU,5.5,8.916666666666666,0.6180555555555555
HHN-BIR-01,2024-11-30,ICU,3.5,8.875,0.3952546296296296
HHN-BIR-01,2024-12-01,ICU,3.8333333333333335,8.875,0.4328703703703704
HHN-BIR-01,2024-12-02,ICU,3.375,8.833333333333334,0.3836805555555555
HHN-BIR-01,2024-12-03,ICU,3.0,8.916666666666666,0.3368055555555555
HHN-BIR-01,2024-12-04,ICU,3.9166666666666665,8.833333333333334,0.4444444444444444
HHN-BIR-01,2024-12-05,ICU,5.833333333333333,8.916666666666666,0.65625
HHN-BIR-01,2024-12-06,ICU,7.375,8.958333333333334,0.8229166666666666
HHN-BIR-01,2024-12-07,ICU,7.416666666666667,8.791666666666666,0.8460648148148149
HHN-BIR-01,2024-12-08,ICU,6.666666666666667,8.916666666666666,0.7488425925925926
HHN-BIR-01,2024-12-09,ICU,6.041666666666667,8.958333333333334,0.6747685185185185
HHN-BIR-01,2024-12-10,ICU,6.5,8.958333333333334,0.7268518518518517
HHN-BIR-01,2024-12-11,ICU,7.5,8.958333333333334,0.8379629629629629
HHN-BIR-01,2024-12-12,ICU,8.833333333333334,8.958333333333334,0.9861111111111112
HHN-BIR-01,2024-12-13,ICU,8.916666666666666,8.916666666666666,1.0
HHN-BIR-01,2024-12-14,ICU,8.916666666666666,8.916666666666666,1.0
HHN-BIR-01,2024-12-15,ICU,8.791666666666666,8.791666666666666,1.0
HHN-BIR-01,2024-12-16,ICU,8.833333333333334,8.833333333333334,1.0
HHN-BIR-01,2024-12-17,ICU,8.916666666666666,8.916666666666666,1.0
HHN-BIR-01,2024-12-18,ICU,8.958333333333334,8.958333333333334,1.0
HHN-BIR-01,2024-12-19,ICU,8.916666666666666,8.916666666666666,1.0
HHN-BIR-01,2024-12-20,ICU,8.958333333333334,8.958333333333334,1.0
HHN-BIR-01,2024-12-21,ICU,8.375,8.958333333333334,0.9351851851851851
HHN-BIR-01,2024-12-22,ICU,7.083333333333333,8.875,0.8003472222222222
HHN-BIR-01,2024-12-23,ICU,7.5,9.0,0.8333333333333334
HHN-BIR-01,2024-12-24,ICU,7.5,8.916666666666666,0.8425925925925926
HHN-BIR-01,2024-12-25,ICU,8.291666666666666,8.75,0.9490740740740741
HHN-BIR-01,2024-12-26,ICU,9.0,9.0,1.0
HHN-BIR-01,2024-12-27,ICU,8.875,8.875,1.0
HHN-BIR-01,2024-12-28,ICU,8.833333333333334,8.833333333333334,1.0
HHN-BIR-01,2024-12-29,ICU,8.875,8.875,1.0
HHN-BIR-01,2024-12-30,ICU,9.0,9.0,1.0
HHN-BIR-01,2024-12-31,ICU,8.958333333333334,8.958333333333334,1.0
HHN-BIR-01,2025-01-01,ICU,8.875,8.875,1.0
HHN-BIR-01,2025-01-02,ICU,8.958333333333334,8.916666666666666,1.0
HHN-BIR-01,2025-01-03,ICU,8.875,8.875,1.0
HHN-BIR-01,2025-01-04,ICU,9.0,9.0,1.0
HHN-BIR-01,2025-01-05,ICU,8.916666666666666,8.916666666666666,1.0
HHN-BIR-01,2025-01-06,ICU,8.833333333333334,8.833333333333334,1.0
HHN-BIR-01,2025-01-07,ICU,8.75,8.875,0.9861111111111112
HHN-BIR-01,2025-01-08,ICU,8.916666666666666,8.916666666666666,1.0
HHN-BIR-01,2025-01-09,ICU,8.5,9.0,0.9444444444444443
HHN-BIR-01,2025-01-10,ICU,6.875,8.916666666666666,0.7725694444444443
HHN-BIR-01,2025-01-11,ICU,8.291666666666666,8.916666666666666,0.9305555555555555
HHN-BIR-01,2025-01-12,ICU,8.75,8.791666666666666,0.9953703703703703
HHN-BIR-01,2025-01-13,ICU,8.958333333333334,8.958333333333334,1.0
HHN-BIR-01,2025-01-14,ICU,8.916666666666666,8.916666666666666,1.0
HHN-BIR-01,2025-01-15,ICU,8.916666666666666,8.916666666666666,1.0
HHN-BIR-01,2025-01-16,ICU,8.958333333333334,8.958333333333334,1.0
HHN-BIR-01,2025-01-17,ICU,8.625,8.791666666666666,0.9814814814814815
HHN-BIR-01,2025-01-18,ICU,7.541666666666667,8.833333333333334,0.8553240740740741
HHN-BIR-01,2025-01-19,ICU,8.875,8.875,1.0
HHN-BIR-01,2025-01-20,ICU,8.916666666666666,8.916666666666666,1.0
HHN-BIR-01,2025-01-21,ICU,8.875,8.875,1.0
HHN-BIR-01,2025-01-22,ICU,8.916666666666666,8.916666666666666,1.0
HHN-BIR-01,2025-01-23,ICU,8.958333333333334,8.958333333333334,1.0
HHN-BIR-01,2025-01-24,ICU,8.875,8.875,1.0
HHN-BIR-01,2025-01-25,ICU,8.791666666666666,8.791666666666666,1.0
HHN-BIR-01,2025-01-26,ICU,8.833333333333334,8.833333333333334,1.0
HHN-BIR-01,2025-01-27,ICU,8.333333333333334,8.958333333333334,0.9305555555555555
HHN-BIR-01,2025-01-28,ICU,6.5,8.958333333333334,0.726273148148148
HHN-BIR-01,2025-01-29,ICU,6.708333333333333,8.875,0.7569444444444445
HHN-BIR-01,2025-01-30,ICU,7.375,8.916666666666666,0.8275462962962963
HHN-BIR-01,2025-01-31,ICU,7.125,8.916666666666666,0.7997685185185185
HHN-BIR-01,2025-02-01,ICU,8.083333333333334,8.916666666666666,0.9068287037037037
HHN-BIR-01,2025-02-02,ICU,8.625,8.958333333333334,0.9629629629629629
HHN-BIR-01,2025-02-03,ICU,8.083333333333334,8.875,0.9120370370370371
HHN-BIR-01,2025-02-04,ICU,8.333333333333334,8.916666666666666,0.9351851851851851
HHN-BIR-01,2025-02-05,ICU,8.416666666666666,8.875,0.9490740740740741
HHN-BIR-01,2025-02-06,ICU,8.916666666666666,8.916666666666666,1.0
HHN-BIR-01,2025-02-07,ICU,9.0,9.0,1.0
HHN-BIR-01,2025-02-08,ICU,8.916666666666666,8.916666666666666,1.0
HHN-BIR-01,2025-02-09,ICU,8.833333333333334,8.833333333333334,1.0
HHN-BIR-01,2025-02-10,ICU,8.875,8.875,1.0
HHN-BIR-01,2025-02-11,ICU,8.875,8.916666666666666,0.9953703703703703
HHN-BIR-01,2025-02-12,ICU,8.916666666666666,8.916666666666666,1.0
HHN-BIR-01,2025-02-13,ICU,8.375,8.875,0.9444444444444443
HHN-BIR-01,2025-02-14,ICU,8.5,8.916666666666666,0.9537037037037037
HHN-BIR-01,2025-02-15,ICU,8.875,8.875,1.0
HHN-BIR-01,2025-02-16,ICU,8.916666666666666,8.916666666666666,1.0
HHN-BIR-01,2025-02-17,ICU,8.833333333333334,8.833333333333334,1.0
HHN-BIR-01,2025-02-18,ICU,8.958333333333334,8.958333333333334,1.0
HHN-BIR-01,2025-02-19,ICU,8.875,8.875,1.0
HHN-BIR-01,2025-02-20,ICU,8.958333333333334,8.958333333333334,1.0
HHN-BIR-01,2025-02-21,ICU,8.958333333333334,8.958333333333334,1.0
HHN-BIR-01,2025-02-22,ICU,8.125,8.875,0.9166666666666666
HHN-BIR-01,2025-02-23,ICU,6.875,8.916666666666666,0.7725694444444445
HHN-BIR-01,2025-02-24,ICU,4.833333333333333,8.875,0.5457175925925927
HHN-BIR-01,2025-02-25,ICU,5.375,9.0,0.5972222222222222
HHN-BIR-01,2025-02-26,ICU,7.666666666666667,8.958333333333334,0.8564814814814815
HHN-BIR-01,2025-02-27,ICU,8.625,8.958333333333334,0.9629629629629629
HHN-BIR-01,2025-02-28,ICU,7.458333333333333,9.0,0.8287037037037037
HHN-BIR-01,2025-03-01,ICU,6.625,9.0,0.736111111111111
HHN-BIR-01,2025-03-02,ICU,5.375,8.916666666666666,0.6035879629629629
HHN-BIR-01,2025-03-03,ICU,4.875,9.0,0.5416666666666666
HHN-BIR-01,2025-03-04,ICU,6.0,8.875,0.6770833333333334
HHN-BIR-01,2025-03-05,ICU,5.708333333333333,9.0,0.6342592592592592
HHN-BIR-01,2025-03-06,ICU,6.0,8.958333333333334,0.6701388888888888
HHN-BIR-01,2025-03-07,ICU,7.166666666666667,9.0,0.7962962962962963
HHN-BIR-01,2025-03-08,ICU,7.291666666666667,8.75,0.8350694444444445
HHN-BIR-01,2025-03-09,ICU,5.541666666666667,8.833333333333334,0.6284722222222222
HHN-BIR-01,2025-03-10,ICU,5.541666666666667,8.916666666666666,0.6215277777777778
HHN-BIR-01,2025-03-11,ICU,6.291666666666667,8.875,0.7094907407407408
HHN-BIR-01,2025-03-12,ICU,7.75,8.958333333333334,0.8657407407407408
HHN-BIR-01,2025-03-13,ICU,8.916666666666666,8.916666666666666,1.0
HHN-BIR-01,2025-03-14,ICU,9.0,9.0,1.0
HHN-BIR-01,2025-03-15,ICU,7.083333333333333,8.916666666666666,0.7951388888888888
HHN-BIR-01,2025-03-16,ICU,6.75,8.875,0.7615740740740741
HHN-BIR-01,2025-03-17,ICU,7.916666666666667,8.958333333333334,0.8836805555555555
HHN-BIR-01,2025-03-18,ICU,7.291666666666667,9.0,0.8101851851851851
HHN-BIR-01,2025-03-19,ICU,7.875,9.0,0.875
HHN-BIR-01,2025-03-20,ICU,6.875,8.875,0.7766203703703703
HHN-BIR-01,2025-03-21,ICU,6.625,8.916666666666666,0.741898148148148
HHN-BIR-01,2025-03-22,ICU,4.958333333333333,8.916666666666666,0.5567129629629629
HHN-BIR-01,2025-03-23,ICU,5.291666666666667,9.0,0.5879629629629629
HHN-BIR-01,2025-03-24,ICU,7.625,8.958333333333334,0.8512731481481483
HHN-BIR-01,2025-03-25,ICU,8.916666666666666,8.916666666666666,1.0
HHN-BIR-01,2025-03-26,ICU,9.0,9.0,1.0
HHN-BIR-01,2025-03-27,ICU,8.958333333333334,8.958333333333334,1.0
HHN-BIR-01,2025-03-28,ICU,8.958333333333334,8.958333333333334,1.0
HHN-BIR-01,2025-03-29,ICU,9.0,9.0,1.0
HHN-BIR-01,2025-03-30,ICU,8.875,8.875,1.0
HHN-BIR-01,2025-03-31,ICU,9.0,9.0,1.0
HHN-BIR-01,2025-04-01,ICU,9.0,9.0,1.0
HHN-BIR-01,2025-04-02,ICU,8.958333333333334,8.958333333333334,1.0
HHN-BIR-01,2025-04-03,ICU,8.958333333333334,8.958333333333334,1.0
HHN-BIR-01,2025-04-04,ICU,8.333333333333334,8.916666666666666,0.9351851851851851
HHN-BIR-01,2025-04-05,ICU,8.0,8.916666666666666,0.8969907407407408
HHN-BIR-01,2025-04-06,ICU,8.791666666666666,8.791666666666666,1.0
HHN-BIR-01,2025-04-07,ICU,8.75,8.916666666666666,0.9814814814814815
HHN-BIR-01,2025-04-08,ICU,8.416666666666666,8.958333333333334,0.9398148148148148
HHN-BIR-01,2025-04-09,ICU,9.0,9.0,1.0
HHN-BIR-01,2025-04-10,ICU,8.958333333333334,8.958333333333334,1.0
HHN-BIR-01,2025-04-11,ICU,8.916666666666666,8.916666666666666,1.0
HHN-BIR-01,2025-04-12,ICU,8.958333333333334,8.958333333333334,1.0
HHN-BIR-01,2025-04-13,ICU,8.833333333333334,9.0,0.9814814814814815
HHN-BIR-01,2025-04-14,ICU,8.291666666666666,8.958333333333334,0.9259259259259259
HHN-BIR-01,2025-04-15,ICU,7.75,8.916666666666666,0.8703703703703703
HHN-BIR-01,2025-04-16,ICU,8.541666666666666,8.958333333333334,0.9537037037037037
HHN-BIR-01,2025-04-17,ICU,9.0,9.0,1.0
HHN-BIR-01,2025-04-18,ICU,8.958333333333334,8.958333333333334,1.0
HHN-BIR-01,2025-04-19,ICU,8.958333333333334,8.958333333333334,1.0
HHN-BIR-01,2025-04-20,ICU,8.958333333333334,8.958333333333334,1.0
HHN-BIR-01,2025-04-21,ICU,8.958333333333334,8.958333333333334,1.0
HHN-BIR-01,2025-04-22,ICU,8.916666666666666,8.916666666666666,1.0
HHN-BIR-01,2025-04-23,ICU,7.916666666666667,8.916666666666666,0.8877314814814814
HHN-BIR-01,2025-04-24,ICU,6.708333333333333,8.916666666666666,0.7528935185185185
HHN-BIR-01,2025-04-25,ICU,5.583333333333333,8.958333333333334,0.6238425925925926
HHN-BIR-01,2025-04-26,ICU,5.166666666666667,8.916666666666666,0.5804398148148148
HHN-BIR-01,2025-04-27,ICU,7.0,8.958333333333334,0.7818287037037037
HHN-BIR-01,2025-04-28,ICU,6.916666666666667,8.916666666666666,0.7766203703703703
HHN-BIR-01,2025-04-29,ICU,5.416666666666667,9.0,0.6018518518518519
HHN-BIR-01,2025-04-30,ICU,4.375,8.958333333333334,0.48784722222222227
HHN-BIR-01,2025-05-01,ICU,2.7083333333333335,8.916666666666666,0.3038194444444444
HHN-BIR-01,2025-05-02,ICU,1.125,8.916666666666666,0.1261574074074074
HHN-BIR-01,2025-05-03,ICU,3.75,8.875,0.421875
HHN-BIR-01,2025-05-04,ICU,7.333333333333333,8.791666666666666,0.8356481481481483
HHN-BIR-01,2025-05-05,ICU,7.458333333333333,9.0,0.8287037037037037
HHN-BIR-01,2025-05-06,ICU,8.625,9.0,0.9583333333333334
HHN-BIR-01,2025-05-07,ICU,7.208333333333333,8.958333333333334,0.8055555555555555
HHN-BIR-01,2025-05-08,ICU,6.583333333333333,8.916666666666666,0.7390046296296297
HHN-BIR-01,2025-05-09,ICU,5.708333333333333,9.0,0.6342592592592593
HHN-BIR-01,2025-05-10,ICU,6.791666666666667,8.875,0.7662037037037037
HHN-BIR-01,2025-05-11,ICU,6.5,8.958333333333334,0.7256944444444445
HHN-BIR-01,2025-05-12,ICU,7.375,9.0,0.8194444444444443
HHN-BIR-01,2025-05-13,ICU,8.916666666666666,8.916666666666666,1.0
HHN-BIR-01,2025-05-14,ICU,9.0,9.0,1.0
HHN-BIR-01,2025-05-15,ICU,9.0,9.0,1.0
HHN-BIR-01,2025-05-16,ICU,8.958333333333334,8.958333333333334,1.0
HHN-BIR-01,2025-05-17,ICU,8.875,8.875,1.0
HHN-BIR-01,2025-05-18,ICU,8.958333333333334,8.958333333333334,1.0
HHN-BIR-01,2025-05-19,ICU,8.916666666666666,8.916666666666666,1.0
HHN-BIR-01,2025-05-20,ICU,8.875,8.875,1.0
HHN-BIR-01,2025-05-21,ICU,9.0,9.0,1.0
HHN-BIR-01,2025-05-22,ICU,8.75,8.916666666666666,0.9814814814814815
HHN-BIR-01,2025-05-23,ICU,8.25,9.0,0.9166666666666666
HHN-BIR-01,2025-05-24,ICU,8.916666666666666,8.916666666666666,1.0
HHN-BIR-01,2025-05-25,ICU,8.666666666666666,8.958333333333334,0.9675925925925926
HHN-BIR-01,2025-05-26,ICU,7.791666666666667,8.958333333333334,0.8703703703703703
HHN-BIR-01,2025-05-27,ICU,6.958333333333333,8.916666666666666,0.78125
HHN-BIR-01,2025-05-28,ICU,7.666666666666667,8.916666666666666,0.861111111111111
HHN-BIR-01,2025-05-29,ICU,6.583333333333333,8.875,0.7436342592592592
HHN-BIR-01,2025-05-30,ICU,5.083333333333333,8.958333333333334,0.5677083333333334
HHN-BIR-01,2025-05-31,ICU,5.75,8.916666666666666,0.6452546296296297
HHN-BIR-01,2025-06-01,ICU,8.416666666666666,8.791666666666666,0.9583333333333334
HHN-BIR-01,2025-06-02,ICU,7.041666666666667,8.958333333333334,0.7870370370370371
HHN-BIR-01,2025-06-03,ICU,5.583333333333333,8.916666666666666,0.6273148148148148
HHN-BIR-01,2025-06-04,ICU,5.166666666666667,8.958333333333334,0.578125
HHN-BIR-01,2025-06-05,ICU,3.5,8.958333333333334,0.3912037037037037
HHN-BIR-01,2025-06-06,ICU,4.416666666666667,9.0,0.49074074074074076
HHN-BIR-01,2025-06-07,ICU,5.0,8.833333333333334,0.5671296296296297
HHN-BIR-01,2025-06-08,ICU,6.625,8.875,0.7476851851851851
HHN-BIR-01,2025-06-09,ICU,8.333333333333334,8.958333333333334,0.9305555555555555
HHN-BIR-01,2025-06-10,ICU,7.583333333333333,8.916666666666666,0.851273148148148
HHN-BIR-01,2025-06-11,ICU,7.5,8.875,0.8460648148148148
HHN-BIR-01,2025-06-12,ICU,7.625,8.958333333333334,0.851273148148148
HHN-BIR-01,2025-06-13,ICU,6.916666666666667,8.875,0.78125
HHN-BIR-01,2025-06-14,ICU,6.5,8.916666666666666,0.7303240740740741
HHN-BIR-01,2025-06-15,ICU,6.666666666666667,8.958333333333334,0.7447916666666666
HHN-BIR-01,2025-06-16,ICU,7.583333333333333,9.0,0.8425925925925926
HHN-BIR-01,2025-06-17,ICU,8.666666666666666,8.833333333333334,0.9814814814814815
HHN-BIR-01,2025-06-18,ICU,8.958333333333334,8.958333333333334,1.0
HHN-BIR-01,2025-06-19,ICU,8.958333333333334,8.958333333333334,1.0
HHN-BIR-01,2025-06-20,ICU,8.083333333333334,8.958333333333334,0.9027777777777778
HHN-BIR-01,2025-06-21,ICU,6.208333333333333,8.833333333333334,0.704861111111111
HHN-BIR-01,2025-06-22,ICU,5.416666666666667,8.833333333333334,0.6145833333333334
HHN-BIR-01,2025-06-23,ICU,4.125,9.0,0.4583333333333333
HHN-BIR-01,2025-06-24,ICU,5.0,8.958333333333334,0.5584490740740741
HHN-BIR-01,2025-06-25,ICU,5.208333333333333,8.958333333333334,0.5815972222222222
HHN-BIR-01,2025-06-26,ICU,6.0,8.958333333333334,0.6701388888888888
HHN-BIR-01,2025-06-27,ICU,5.375,8.916666666666666,0.6024305555555555
HHN-BIR-01,2025-06-28,ICU,2.375,8.875,0.2679398148148148
HHN-BIR-01,2025-06-29,ICU,2.0833333333333335,9.0,0.23148148148148148
HHN-BIR-01,2025-06-30,ICU,3.6666666666666665,8.958333333333334,0.40972222222222215
HHN-BIR-01,2025-07-01,ICU,2.25,8.958333333333334,0.2517361111111111
HHN-BIR-01,2025-07-02,ICU,1.25,8.958333333333334,0.1394675925925926
HHN-BIR-01,2025-07-03,ICU,2.4166666666666665,8.875,0.27199074074074076
HHN-BIR-01,2025-07-04,ICU,4.0,8.875,0.44965277777777773
HHN-BIR-01,2025-07-05,ICU,6.583333333333333,8.833333333333334,0.7465277777777778
HHN-BIR-01,2025-07-06,ICU,8.0,8.958333333333334,0.8929398148148148
HHN-BIR-01,2025-07-07,ICU,7.583333333333333,8.916666666666666,0.8506944444444443
HHN-BIR-01,2025-07-08,ICU,5.083333333333333,9.0,0.5648148148148148
HHN-BIR-01,2025-07-09,ICU,3.7083333333333335,8.916666666666666,0.41550925925925924
HHN-BIR-01,2025-07-10,ICU,3.625,8.958333333333334,0.40509259259259256
HHN-BIR-01,2025-07-11,ICU,4.291666666666667,9.0,0.47685185185185186
HHN-BIR-01,2025-07-12,ICU,5.541666666666667,8.875,0.6255787037037037
HHN-BIR-01,2025-07-13,ICU,4.666666666666667,8.916666666666666,0.5231481481481481
HHN-BIR-01,2025-07-14,ICU,3.5,8.958333333333334,0.390625
HHN-BIR-01,2025-07-15,ICU,3.3333333333333335,8.916666666666666,0.3744212962962963
HHN-BIR-01,2025-07-16,ICU,3.0,8.958333333333334,0.3350694444444444
HHN-BIR-01,2025-07-17,ICU,2.9166666666666665,8.958333333333334,0.3258101851851852
HHN-BIR-01,2025-07-18,ICU,4.791666666666667,8.916666666666666,0.5381944444444444
HHN-BIR-01,2025-07-19,ICU,6.166666666666667,8.958333333333334,0.6886574074074074
HHN-BIR-01,2025-07-20,ICU,6.0,8.958333333333334,0.6701388888888888
HHN-BIR-01,2025-07-21,ICU,6.541666666666667,9.0,0.7268518518518517
HHN-BIR-01,2025-07-22,ICU,6.5,8.875,0.7337962962962963
HHN-BIR-01,2025-07-23,ICU,4.0,8.916666666666666,0.449074074074074
HHN-BIR-01,2025-07-24,ICU,4.5,9.0,0.5
HHN-BIR-01,2025-07-25,ICU,4.0,8.916666666666666,0.449074074074074
HHN-BIR-01,2025-07-26,ICU,4.625,8.916666666666666,0.5196759259259259
HHN-BIR-01,2025-07-27,ICU,6.416666666666667,8.958333333333334,0.7164351851851851
HHN-BIR-01,2025-07-28,ICU,6.958333333333333,9.0,0.773148148148148
HHN-BIR-01,2025-07-29,ICU,8.458333333333334,8.958333333333334,0.9444444444444443
HHN-BIR-01,2025-07-30,ICU,8.916666666666666,8.916666666666666,1.0
HHN-BIR-01,2025-07-31,ICU,8.916666666666666,8.916666666666666,1.0
HHN-BIR-01,2025-08-01,ICU,9.0,9.0,1.0
HHN-BIR-01,2025-08-02,ICU,8.875,8.875,1.0
HHN-BIR-01,2025-08-03,ICU,8.916666666666666,8.916666666666666,1.0
HHN-BIR-01,2025-08-04,ICU,8.958333333333334,8.958333333333334,1.0
HHN-BIR-01,2025-08-05,ICU,8.916666666666666,8.916666666666666,1.0
HHN-BIR-01,2025-08-06,ICU,9.0,9.0,1.0
HHN-BIR-01,2025-08-07,ICU,8.958333333333334,8.958333333333334,1.0
HHN-BIR-01,2025-08-08,ICU,8.958333333333334,8.958333333333334,1.0
HHN-BIR-01,2025-08-09,ICU,8.833333333333334,8.833333333333334,1.0
HHN-BIR-01,2025-08-10,ICU,8.916666666666666,8.916666666666666,1.0
HHN-BIR-01,2025-08-11,ICU,8.541666666666666,8.916666666666666,0.9583333333333334
HHN-BIR-01,2025-08-12,ICU,8.958333333333334,8.958333333333334,1.0
HHN-BIR-01,2025-08-13,ICU,9.0,9.0,1.0
HHN-BIR-01,2025-08-14,ICU,8.958333333333334,8.958333333333334,1.0
HHN-BIR-01,2025-08-15,ICU,8.958333333333334,8.958333333333334,1.0
HHN-BIR-01,2025-08-16,ICU,8.916666666666666,8.916666666666666,1.0
HHN-BIR-01,2025-08-17,ICU,8.916666666666666,8.916666666666666,1.0
HHN-BIR-01,2025-08-18,ICU,8.958333333333334,8.958333333333334,1.0
HHN-BIR-01,2025-08-19,ICU,8.875,8.958333333333334,0.9907407407407408
HHN-BIR-01,2025-08-20,ICU,7.416666666666667,8.958333333333334,0.828125
HHN-BIR-01,2025-08-21,ICU,7.166666666666667,9.0,0.7962962962962963
HHN-BIR-01,2025-08-22,ICU,6.416666666666667,8.958333333333334,0.7164351851851851
HHN-BIR-01,2025-08-23,ICU,5.125,9.0,0.5694444444444444
HHN-BIR-01,2025-08-24,ICU,6.041666666666667,8.958333333333334,0.6747685185185185
HHN-BIR-01,2025-08-25,ICU,6.666666666666667,9.0,0.7407407407407408
HHN-BIR-01,2025-08-26,ICU,8.25,9.0,0.9166666666666666
HHN-BIR-01,2025-08-27,ICU,8.375,8.958333333333334,0.9351851851851851
HHN-BIR-01,2025-08-28,ICU,7.791666666666667,9.0,0.8657407407407408
HHN-BIR-01,2025-08-29,ICU,4.875,8.958333333333334,0.5439814814814815
HHN-BIR-01,2025-08-30,ICU,4.666666666666667,8.791666666666666,0.5324074074074073
HHN-BIR-01,2025-08-31,ICU,6.041666666666667,8.958333333333334,0.6747685185185185
HHN-BIR-01,2025-09-01,ICU,5.208333333333333,8.958333333333334,0.5815972222222222
HHN-BIR-01,2025-09-02,ICU,5.0,8.958333333333334,0.5584490740740741
HHN-BIR-01,2025-09-03,ICU,4.416666666666667,8.916666666666666,0.49652777777777773
HHN-BIR-01,2025-09-04,ICU,6.458333333333333,8.875,0.7268518518518517
HHN-BIR-01,2025-09-05,ICU,6.375,9.0,0.7083333333333334
HHN-BIR-01,2025-09-06,ICU,6.958333333333333,9.0,0.7731481481481483
HHN-BIR-01,2025-09-07,ICU,5.583333333333333,8.833333333333334,0.6348379629629629
HHN-BIR-01,2025-09-08,ICU,7.083333333333333,8.958333333333334,0.7910879629629629
HHN-BIR-01,2025-09-09,ICU,7.333333333333333,8.958333333333334,0.8194444444444443
HHN-BIR-01,2025-09-10,ICU,7.208333333333333,8.958333333333334,0.8055555555555555
HHN-BIR-01,2025-09-11,ICU,8.0,8.916666666666666,0.8975694444444445
HHN-BIR-01,2025-09-12,ICU,8.875,8.958333333333334,0.9907407407407408
HHN-BIR-01,2025-09-13,ICU,8.0,8.875,0.9027777777777777
HHN-BIR-01,2025-09-14,ICU,7.375,8.958333333333334,0.8240740740740741
HHN-BIR-01,2025-09-15,ICU,5.75,8.958333333333334,0.6417824074074073
HHN-BIR-01,2025-09-16,ICU,4.791666666666667,8.958333333333334,0.5347222222222222
HHN-BIR-01,2025-09-17,ICU,5.125,8.958333333333334,0.5717592592592592
HHN-BIR-01,2025-09-18,ICU,6.375,8.916666666666666,0.7152777777777778
HHN-BIR-01,2025-09-19,ICU,7.0,8.958333333333334,0.7818287037037037
HHN-BIR-01,2025-09-20,ICU,7.291666666666667,8.833333333333334,0.8252314814814814
HHN-BIR-01,2025-09-21,ICU,8.458333333333334,8.958333333333334,0.9444444444444443
HHN-BIR-01,2025-09-22,ICU,7.541666666666667,9.0,0.8379629629629629
HHN-BIR-01,2025-09-23,ICU,7.541666666666667,8.916666666666666,0.8466435185185185
HHN-BIR-01,2025-09-24,ICU,7.666666666666667,8.958333333333334,0.8559027777777778
HHN-BIR-01,2025-09-25,ICU,8.583333333333334,9.0,0.9537037037037037
HHN-BIR-01,2025-09-26,ICU,7.583333333333333,9.0,0.8425925925925926
HHN-BIR-01,2025-09-27,ICU,5.666666666666667,8.833333333333334,0.642361111111111
HHN-BIR-01,2025-09-28,ICU,6.416666666666667,8.916666666666666,0.7199074074074074
HHN-BIR-01,2025-09-29,ICU,6.125,8.958333333333334,0.6840277777777778
HHN-BIR-01,2025-09-30,ICU,5.208333333333333,8.916666666666666,0.5844907407407408
HHN-BIR-01,2025-10-01,ICU,6.166666666666667,9.0,0.6851851851851851
HHN-BIR-01,2025-10-02,ICU,8.833333333333334,9.0,0.9814814814814815
HHN-BIR-01,2025-10-03,ICU,7.625,8.916666666666666,0.8559027777777778
HHN-BIR-01,2025-10-04,ICU,6.125,8.916666666666666,0.6875
HHN-BIR-01,2025-10-05,ICU,6.083333333333333,8.958333333333334,0.679398148148148
HHN-BIR-01,2025-10-06,ICU,8.125,9.0,0.9027777777777778
HHN-BIR-01,2025-10-07,ICU,8.583333333333334,8.916666666666666,0.9629629629629629
HHN-BIR-01,2025-10-08,ICU,8.875,9.0,0.9861111111111112
HHN-BIR-01,2025-10-09,ICU,6.791666666666667,8.916666666666666,0.7627314814814815
HHN-BIR-01,2025-10-10,ICU,4.291666666666667,9.0,0.47685185185185186
HHN-BIR-01,2025-10-11,ICU,3.125,8.875,0.3524305555555555
HHN-BIR-01,2025-10-12,ICU,6.166666666666667,8.875,0.6927083333333334
HHN-BIR-01,2025-10-13,ICU,8.833333333333334,8.875,0.9953703703703703
HHN-BIR-01,2025-10-14,ICU,9.0,9.0,1.0
HHN-BIR-01,2025-10-15,ICU,8.833333333333334,8.958333333333334,0.9861111111111112
HHN-BIR-01,2025-10-16,ICU,8.833333333333334,9.0,0.9814814814814815
HHN-BIR-01,2025-10-17,ICU,8.958333333333334,8.958333333333334,1.0
HHN-BIR-01,2025-10-18,ICU,8.75,8.958333333333334,0.9768518518518517
HHN-BIR-01,2025-10-19,ICU,8.708333333333334,8.916666666666666,0.9768518518518517
HHN-BIR-01,2025-10-20,ICU,8.916666666666666,8.916666666666666,1.0
HHN-BIR-01,2025-10-21,ICU,8.166666666666666,8.958333333333334,0.9120370370370371
HHN-BIR-01,2025-10-22,ICU,7.291666666666667,8.958333333333334,0.8148148148148148
HHN-BIR-01,2025-10-23,ICU,7.458333333333333,8.916666666666666,0.8379629629629629
HHN-BIR-01,2025-10-24,ICU,6.416666666666667,9.0,0.7129629629629629
HHN-BIR-01,2025-10-25,ICU,7.25,8.916666666666666,0.8136574074074074
HHN-BIR-01,2025-10-26,ICU,7.583333333333333,8.958333333333334,0.8460648148148148
HHN-BIR-01,2025-10-27,ICU,9.0,9.0,1.0
HHN-BIR-01,2025-10-28,ICU,8.958333333333334,8.958333333333334,1.0
HHN-BIR-01,2025-10-29,ICU,8.958333333333334,8.958333333333334,1.0
HHN-BIR-01,2025-10-30,ICU,8.875,8.875,1.0
HHN-BIR-01,2025-10-31,ICU,9.0,9.0,1.0
HHN-BIR-01,2025-11-01,ICU,7.458333333333333,8.875,0.8420138888888888
HHN-BIR-01,2025-11-02,ICU,8.375,8.916666666666666,0.9398148148148148
HHN-BIR-01,2025-11-03,ICU,7.708333333333333,8.958333333333334,0.8611111111111112
HHN-BIR-01,2025-11-04,ICU,8.0,8.875,0.9016203703703703
HHN-BIR-01,2025-11-05,ICU,7.208333333333333,9.0,0.8009259259259259
HHN-BIR-01,2025-11-06,ICU,6.0,8.958333333333334,0.6701388888888888
HHN-BIR-01,2025-11-07,ICU,6.916666666666667,8.958333333333334,0.7719907407407408
HHN-BIR-01,2025-11-08,ICU,8.875,8.875,1.0
HHN-BIR-01,2025-11-09,ICU,8.958333333333334,8.958333333333334,1.0
HHN-BIR-01,2025-11-10,ICU,8.75,8.958333333333334,0.9768518518518517
HHN-BIR-01,2025-11-11,ICU,6.833333333333333,8.958333333333334,0.7627314814814814
HHN-BIR-01,2025-11-12,ICU,8.375,8.958333333333334,0.9351851851851851
HHN-BIR-01,2025-11-13,ICU,8.375,8.916666666666666,0.9386574074074074
HHN-BIR-01,2025-11-14,ICU,8.125,9.0,0.9027777777777777
HHN-BIR-01,2025-11-15,ICU,8.583333333333334,8.916666666666666,0.9629629629629629
HHN-BIR-01,2025-11-16,ICU,9.0,9.0,1.0
HHN-BIR-01,2025-11-17,ICU,8.916666666666666,8.916666666666666,1.0
HHN-BIR-01,2025-11-18,ICU,8.958333333333334,8.958333333333334,1.0
HHN-BIR-01,2025-11-19,ICU,8.458333333333334,8.958333333333334,0.9444444444444445
HHN-BIR-01,2025-11-20,ICU,6.583333333333333,9.0,0.7314814814814815
HHN-BIR-01,2025-11-21,ICU,8.458333333333334,8.958333333333334,0.9444444444444445
HHN-BIR-01,2025-11-22,ICU,8.916666666666666,8.916666666666666,1.0
HHN-BIR-01,2025-11-23,ICU,8.916666666666666,8.916666666666666,1.0
HHN-BIR-01,2025-11-24,ICU,8.916666666666666,8.916666666666666,1.0
HHN-BIR-01,2025-11-25,ICU,9.0,9.0,1.0
HHN-BIR-01,2025-11-26,ICU,8.958333333333334,8.958333333333334,1.0
HHN-BIR-01,2025-11-27,ICU,8.875,8.916666666666666,0.9953703703703703
HHN-BIR-01,2025-11-28,ICU,8.5,8.916666666666666,0.9537037037037037
HHN-BIR-01,2025-11-29,ICU,8.75,8.875,0.9855324074074074
HHN-BIR-01,2025-11-30,ICU,7.958333333333333,8.958333333333334,0.8883101851851851
HHN-BIR-01,2025-12-01,ICU,7.916666666666667,8.916666666666666,0.8877314814814814
HHN-BIR-01,2025-12-02,ICU,7.958333333333333,8.958333333333334,0.8883101851851851
HHN-BIR-01,2025-12-03,ICU,8.5,8.958333333333334,0.9490740740740741
HHN-BIR-01,2025-12-04,ICU,7.208333333333333,8.958333333333334,0.8055555555555555
HHN-BIR-01,2025-12-05,ICU,5.541666666666667,8.958333333333334,0.6192129629629629
HHN-BIR-01,2025-12-06,ICU,5.25,8.916666666666666,0.5896990740740741
HHN-BIR-01,2025-12-07,ICU,6.166666666666667,8.875,0.6956018518518517
HHN-BIR-01,2025-12-08,ICU,5.541666666666667,8.791666666666666,0.6313657407407407
HHN-BIR-01,2025-12-09,ICU,6.208333333333333,8.916666666666666,0.6973379629629629
HHN-BIR-01,2025-12-10,ICU,6.541666666666667,8.833333333333334,0.7418981481481483
HHN-BIR-01,2025-12-11,ICU,5.875,8.833333333333334,0.6678240740740741
HHN-BIR-01,2025-12-12,ICU,7.291666666666667,8.875,0.8229166666666666
HHN-BIR-01,2025-12-13,ICU,8.541666666666666,8.875,0.9629629629629629
HHN-BIR-01,2025-12-14,ICU,8.875,8.875,1.0
HHN-BIR-01,2025-12-15,ICU,8.875,8.875,1.0
HHN-BIR-01,2025-12-16,ICU,8.75,8.791666666666666,0.9953703703703703
HHN-BIR-01,2025-12-17,ICU,8.833333333333334,8.833333333333334,1.0
HHN-BIR-01,2025-12-18,ICU,9.0,9.0,1.0
HHN-BIR-01,2025-12-19,ICU,8.958333333333334,8.958333333333334,1.0
HHN-BIR-01,2025-12-20,ICU,8.958333333333334,8.958333333333334,1.0
HHN-BIR-01,2025-12-21,ICU,8.916666666666666,8.916666666666666,1.0
HHN-BIR-01,2025-12-22,ICU,8.958333333333334,8.958333333333334,1.0
HHN-BIR-01,2025-12-23,ICU,8.916666666666666,8.916666666666666,1.0
HHN-BIR-01,2025-12-24,ICU,8.916666666666666,8.916666666666666,1.0
HHN-BIR-01,2025-12-25,ICU,9.0,9.0,1.0
HHN-BIR-01,2025-12-26,ICU,9.0,9.0,1.0
HHN-BIR-01,2025-12-27,ICU,8.5,8.875,0.9583333333333334
HHN-BIR-01,2025-12-28,ICU,7.541666666666667,8.958333333333334,0.8414351851851851
HHN-BIR-01,2025-12-29,ICU,8.791666666666666,8.875,0.9907407407407408
HHN-BIR-01,2025-12-30,ICU,8.958333333333334,8.958333333333334,1.0
HHN-BIR-01,2025-12-31,ICU,8.916666666666666,8.916666666666666,1.0
HHN-EDI-01,2024-01-01,ICU,0.375,7.916666666666667,0.046875
HHN-EDI-01,2024-01-02,ICU,2.0,7.875,0.2544642857142857
HHN-EDI-01,2024-01-03,ICU,1.9166666666666667,8.0,0.23958333333333334
HHN-EDI-01,2024-01-04,ICU,1.0,7.916666666666667,0.12648809523809523
HHN-EDI-01,2024-01-05,ICU,0.2916666666666667,7.791666666666667,0.0394345238095238
HHN-EDI-01,2024-01-06,ICU,2.625,7.958333333333333,0.32961309523809523
HHN-EDI-01,2024-01-07,ICU,3.7083333333333335,7.916666666666667,0.46875
HHN-EDI-01,2024-01-08,ICU,4.416666666666667,7.875,0.5617559523809524
HHN-EDI-01,2024-01-09,ICU,4.5,7.833333333333333,0.5751488095238095
HHN-EDI-01,2024-01-10,ICU,3.875,7.833333333333333,0.49553571428571425
HHN-EDI-01,2024-01-11,ICU,6.166666666666667,7.875,0.7849702380952381
HHN-EDI-01,2024-01-12,ICU,6.5,7.916666666666667,0.8229166666666666
HHN-EDI-01,2024-01-13,ICU,6.375,7.791666666666667,0.8206845238095238
HHN-EDI-01,2024-01-14,ICU,7.0,7.833333333333333,0.8950892857142857
HHN-EDI-01,2024-01-15,ICU,7.958333333333333,7.958333333333333,1.0
HHN-EDI-01,2024-01-16,ICU,7.875,7.875,1.0
HHN-EDI-01,2024-01-17,ICU,7.791666666666667,7.916666666666667,0.984375
HHN-EDI-01,2024-01-18,ICU,5.75,7.875,0.7313988095238094
HHN-EDI-01,2024-01-19,ICU,5.5,7.958333333333333,0.6912202380952381
HHN-EDI-01,2024-01-20,ICU,7.291666666666667,8.0,0.9114583333333334
HHN-EDI-01,2024-01-21,ICU,6.708333333333333,7.875,0.8541666666666666
HHN-EDI-01,2024-01-22,ICU,6.291666666666667,7.916666666666667,0.7961309523809524
HHN-EDI-01,2024-01-23,ICU,7.916666666666667,8.0,0.9895833333333334
HHN-EDI-01,2024-01-24,ICU,8.0,8.0,1.0
HHN-EDI-01,2024-01-25,ICU,7.916666666666667,8.0,0.9895833333333334
HHN-EDI-01,2024-01-26,ICU,7.0,7.916666666666667,0.8846726190476191
HHN-EDI-01,2024-01-27,ICU,7.791666666666667,7.791666666666667,1.0
HHN-EDI-01,2024-01-28,ICU,7.833333333333333,7.833333333333333,1.0
HHN-EDI-01,2024-01-29,ICU,8.0,8.0,1.0
HHN-EDI-01,2024-01-30,ICU,7.958333333333333,7.958333333333333,1.0
HHN-EDI-01,2024-01-31,ICU,7.875,7.916666666666667,0.9947916666666666
HHN-EDI-01,2024-02-01,ICU,5.75,7.875,0.7313988095238094
HHN-EDI-01,2024-02-02,ICU,6.291666666666667,7.916666666666667,0.7953869047619048
HHN-EDI-01,2024-02-03,ICU,4.75,7.875,0.605654761904762
HHN-EDI-01,2024-02-04,ICU,5.458333333333333,7.833333333333333,0.6986607142857143
HHN-EDI-01,2024-02-05,ICU,7.291666666666667,7.875,0.9270833333333334
HHN-EDI-01,2024-02-06,ICU,7.916666666666667,7.916666666666667,1.0
HHN-EDI-01,2024-02-07,ICU,7.375,7.958333333333333,0.9270833333333334
HHN-EDI-01,2024-02-08,ICU,6.541666666666667,7.875,0.8318452380952381
HHN-EDI-01,2024-02-09,ICU,7.666666666666667,7.958333333333333,0.9635416666666666
HHN-EDI-01,2024-02-10,ICU,7.875,7.875,1.0
HHN-EDI-01,2024-02-11,ICU,7.958333333333333,7.958333333333333,1.0
HHN-EDI-01,2024-02-12,ICU,7.916666666666667,7.916666666666667,1.0
HHN-EDI-01,2024-02-13,ICU,7.916666666666667,7.916666666666667,1.0
HHN-EDI-01,2024-02-14,ICU,8.0,8.0,1.0
HHN-EDI-01,2024-02-15,ICU,7.833333333333333,7.833333333333333,1.0
HHN-EDI-01,2024-02-16,ICU,7.75,7.75,1.0
HHN-EDI-01,2024-02-17,ICU,7.458333333333333,7.875,0.9479166666666666
HHN-EDI-01,2024-02-18,ICU,7.875,7.875,1.0
HHN-EDI-01,2024-02-19,ICU,8.0,8.0,1.0
HHN-EDI-01,2024-02-20,ICU,7.791666666666667,7.791666666666667,1.0
HHN-EDI-01,2024-02-21,ICU,7.875,7.875,1.0
HHN-EDI-01,2024-02-22,ICU,8.0,8.0,1.0
HHN-EDI-01,2024-02-23,ICU,7.916666666666667,7.916666666666667,1.0
HHN-EDI-01,2024-02-24,ICU,7.791666666666667,7.791666666666667,1.0
HHN-EDI-01,2024-02-25,ICU,7.916666666666667,7.916666666666667,1.0
HHN-EDI-01,2024-02-26,ICU,7.916666666666667,7.916666666666667,1.0
HHN-EDI-01,2024-02-27,ICU,8.0,8.0,1.0
HHN-EDI-01,2024-02-28,ICU,7.875,7.875,1.0
HHN-EDI-01,2024-02-29,ICU,7.916666666666667,7.916666666666667,1.0
HHN-EDI-01,2024-03-01,ICU,7.916666666666667,7.916666666666667,1.0
HHN-EDI-01,2024-03-02,ICU,7.875,7.916666666666667,0.9947916666666666
HHN-EDI-01,2024-03-03,ICU,6.041666666666667,8.0,0.7552083333333334
HHN-EDI-01,2024-03-04,ICU,4.416666666666667,7.958333333333333,0.5565476190476191
HHN-EDI-01,2024-03-05,ICU,3.2083333333333335,7.916666666666667,0.4069940476190476
HHN-EDI-01,2024-03-06,ICU,2.3333333333333335,7.958333333333333,0.29389880952380953
HHN-EDI-01,2024-03-07,ICU,2.9166666666666665,8.0,0.3645833333333333
HHN-EDI-01,2024-03-08,ICU,3.5833333333333335,7.958333333333333,0.45014880952380953
HHN-EDI-01,2024-03-09,ICU,3.3333333333333335,7.958333333333333,0.41889880952380953
HHN-EDI-01,2024-03-10,ICU,2.6666666666666665,7.875,0.34002976190476186
HHN-EDI-01,2024-03-11,ICU,2.0,7.916666666666667,0.25297619047619047
HHN-EDI-01,2024-03-12,ICU,1.9166666666666667,7.958333333333333,0.24107142857142858
HHN-EDI-01,2024-03-13,ICU,2.8333333333333335,7.916666666666667,0.35714285714285715
HHN-EDI-01,2024-03-14,ICU,3.2916666666666665,7.916666666666667,0.41592261904761907
HHN-EDI-01,2024-03-15,ICU,2.6666666666666665,8.0,0.3333333333333333
HHN-EDI-01,2024-03-16,ICU,3.7916666666666665,7.875,0.4828869047619047
HHN-EDI-01,2024-03-17,ICU,5.208333333333333,7.833333333333333,0.6666666666666666
HHN-EDI-01,2024-03-18,ICU,6.166666666666667,7.875,0.7842261904761906
HHN-EDI-01,2024-03-19,ICU,4.708333333333333,7.958333333333333,0.5930059523809524
HHN-EDI-01,2024-03-20,ICU,3.2916666666666665,7.958333333333333,0.4144345238095238
HHN-EDI-01,2024-03-21,ICU,4.458333333333333,7.958333333333333,0.5602678571428571
HHN-EDI-01,2024-03-22,ICU,4.208333333333333,7.916666666666667,0.5327380952380952
HHN-EDI-01,2024-03-23,ICU,4.916666666666667,7.958333333333333,0.6183035714285714
HHN-EDI-01,2024-03-24,ICU,4.0,7.958333333333333,0.5022321428571429
HHN-EDI-01,2024-03-25,ICU,5.458333333333333,8.0,0.6822916666666666
HHN-EDI-01,2024-03-26,ICU,5.583333333333333,7.916666666666667,0.7068452380952381
HHN-EDI-01,2024-03-27,ICU,2.8333333333333335,8.0,0.3541666666666667
HHN-EDI-01,2024-03-28,ICU,2.6666666666666665,8.0,0.3333333333333333
HHN-EDI-01,2024-03-29,ICU,3.5833333333333335,7.875,0.4546130952380952
HHN-EDI-01,2024-03-30,ICU,3.4166666666666665,7.875,0.43377976190476186
HHN-EDI-01,2024-03-31,ICU,4.333333333333333,7.875,0.5513392857142857
HHN-EDI-01,2024-04-01,ICU,4.583333333333333,7.833333333333333,0.5870535714285714
HHN-EDI-01,2024-04-02,ICU,5.291666666666667,7.916666666666667,0.6681547619047619
HHN-EDI-01,2024-04-03,ICU,5.833333333333333,7.958333333333333,0.7328869047619048
HHN-EDI-01,2024-04-04,ICU,4.833333333333333,7.958333333333333,0.6078869047619048
HHN-EDI-01,2024-04-05,ICU,4.791666666666667,8.0,0.5989583333333334
HHN-EDI-01,2024-04-06,ICU,6.458333333333333,7.875,0.8221726190476191
HHN-EDI-01,2024-04-07,ICU,6.541666666666667,7.958333333333333,0.8229166666666666
HHN-EDI-01,2024-04-08,ICU,7.166666666666667,7.916666666666667,0.9055059523809524
HHN-EDI-01,2024-04-09,ICU,8.0,8.0,1.0
HHN-EDI-01,2024-04-10,ICU,7.666666666666667,7.958333333333333,0.9635416666666666
HHN-EDI-01,2024-04-11,ICU,4.291666666666667,7.875,0.546875
HHN-EDI-01,2024-04-12,ICU,4.625,7.833333333333333,0.5915178571428571
HHN-EDI-01,2024-04-13,ICU,6.291666666666667,7.833333333333333,0.8028273809523809
HHN-EDI-01,2024-04-14,ICU,5.041666666666667,7.958333333333333,0.6346726190476191
HHN-EDI-01,2024-04-15,ICU,3.4583333333333335,7.958333333333333,0.43526785714285715
HHN-EDI-01,2024-04-16,ICU,2.3333333333333335,7.916666666666667,0.29538690476190477
HHN-EDI-01,2024-04-17,ICU,2.9166666666666665,7.958333333333333,0.3668154761904762
HHN-EDI-01,2024-04-18,ICU,2.7083333333333335,7.916666666666667,0.3422619047619047
HHN-EDI-01,2024-04-19,ICU,3.0,7.958333333333333,0.37723214285714285
HHN-EDI-01,2024-04-20,ICU,3.7083333333333335,8.0,0.4635416666666667
HHN-EDI-01,2024-04-21,ICU,6.083333333333333,7.833333333333333,0.7782738095238094
HHN-EDI-01,2024-04-22,ICU,5.0,7.916666666666667,0.6324404761904762
HHN-EDI-01,2024-04-23,ICU,6.375,7.916666666666667,0.8065476190476191
HHN-EDI-01,2024-04-24,ICU,7.458333333333333,7.958333333333333,0.9375
HHN-EDI-01,2024-04-25,ICU,6.5,8.0,0.8125
HHN-EDI-01,2024-04-26,ICU,5.458333333333333,7.916666666666667,0.6919642857142857
HHN-EDI-01,2024-04-27,ICU,3.875,7.916666666666667,0.4895833333333333
HHN-EDI-01,2024-04-28,ICU,6.041666666666667,7.875,0.7678571428571428
HHN-EDI-01,2024-04-29,ICU,7.0,7.958333333333333,0.8802083333333334
HHN-EDI-01,2024-04-30,ICU,4.583333333333333,7.958333333333333,0.578125
HHN-EDI-01,2024-05-01,ICU,3.375,8.0,0.421875
HHN-EDI-01,2024-05-02,ICU,5.291666666666667,7.958333333333333,0.6651785714285714
HHN-EDI-01,2024-05-03,ICU,6.0,7.958333333333333,0.7544642857142857
HHN-EDI-01,2024-05-04,ICU,4.541666666666667,7.916666666666667,0.574404761904762
HHN-EDI-01,2024-05-05,ICU,5.0,7.916666666666667,0.6302083333333334
HHN-EDI-01,2024-05-06,ICU,5.833333333333333,7.916666666666667,0.7373511904761906
HHN-EDI-01,2024-05-07,ICU,5.75,8.0,0.71875
HHN-EDI-01,2024-05-08,ICU,7.958333333333333,7.958333333333333,1.0
HHN-EDI-01,2024-05-09,ICU,8.0,8.0,1.0
HHN-EDI-01,2024-05-10,ICU,7.583333333333333,7.916666666666667,0.9583333333333334
HHN-EDI-01,2024-05-11,ICU,7.833333333333333,7.833333333333333,1.0
HHN-EDI-01,2024-05-12,ICU,7.625,7.791666666666667,0.9791666666666666
HHN-EDI-01,2024-05-13,ICU,8.0,8.0,1.0
HHN-EDI-01,2024-05-14,ICU,7.958333333333333,7.958333333333333,1.0
HHN-EDI-01,2024-05-15,ICU,7.083333333333333,8.0,0.8854166666666666
HHN-EDI-01,2024-05-16,ICU,6.791666666666667,7.958333333333333,0.8541666666666666
HHN-EDI-01,2024-05-17,ICU,7.458333333333333,7.958333333333333,0.9375
HHN-EDI-01,2024-05-18,ICU,7.875,7.875,1.0
HHN-EDI-01,2024-05-19,ICU,7.916666666666667,7.916666666666667,1.0
HHN-EDI-01,2024-05-20,ICU,7.958333333333333,7.958333333333333,1.0
HHN-EDI-01,2024-05-21,ICU,8.0,8.0,1.0
HHN-EDI-01,2024-05-22,ICU,7.875,7.875,1.0
HHN-EDI-01,2024-05-23,ICU,7.958333333333333,7.958333333333333,1.0
HHN-EDI-01,2024-05-24,ICU,7.916666666666667,7.958333333333333,0.9947916666666666
HHN-EDI-01,2024-05-25,ICU,5.5,7.916666666666667,0.6956845238095238
HHN-EDI-01,2024-05-26,ICU,2.8333333333333335,7.958333333333333,0.35639880952380953
HHN-EDI-01,2024-05-27,ICU,2.8333333333333335,7.875,0.3601190476190476
HHN-EDI-01,2024-05-28,ICU,4.291666666666667,7.875,0.5461309523809524
HHN-EDI-01,2024-05-29,ICU,4.291666666666667,7.958333333333333,0.5394345238095238
HHN-EDI-01,2024-05-30,ICU,3.9166666666666665,7.916666666666667,0.49553571428571425
HHN-EDI-01,2024-05-31,ICU,4.375,7.958333333333333,0.5498511904761905
HHN-EDI-01,2024-06-01,ICU,4.041666666666667,7.916666666666667,0.511904761904762
HHN-EDI-01,2024-06-02,ICU,5.0,7.958333333333333,0.6294642857142857
HHN-EDI-01,2024-06-03,ICU,5.5,7.916666666666667,0.6964285714285715
HHN-EDI-01,2024-06-04,ICU,4.416666666666667,7.958333333333333,0.5550595238095238
HHN-EDI-01,2024-06-05,ICU,5.625,7.916666666666667,0.7105654761904762
HHN-EDI-01,2024-06-06,ICU,5.125,7.958333333333333,0.6450892857142857
HHN-EDI-01,2024-06-07,ICU,4.291666666666667,7.916666666666667,0.5438988095238095
HHN-EDI-01,2024-06-08,ICU,5.666666666666667,7.875,0.7217261904761906
HHN-EDI-01,2024-06-09,ICU,5.458333333333333,7.958333333333333,0.6860119047619048
HHN-EDI-01,2024-06-10,ICU,5.208333333333333,8.0,0.6510416666666666
HHN-EDI-01,2024-06-11,ICU,5.25,7.958333333333333,0.659970238095238
HHN-EDI-01,2024-06-12,ICU,4.75,8.0,0.59375
HHN-EDI-01,2024-06-13,ICU,5.291666666666667,7.916666666666667,0.6688988095238094
HHN-EDI-01,2024-06-14,ICU,4.791666666666667,8.0,0.5989583333333334
HHN-EDI-01,2024-06-15,ICU,4.583333333333333,7.916666666666667,0.5803571428571429
HHN-EDI-01,2024-06-16,ICU,5.0,7.958333333333333,0.628720238095238
HHN-EDI-01,2024-06-17,ICU,6.583333333333333,7.833333333333333,0.8422619047619048
HHN-EDI-01,2024-06-18,ICU,6.0,7.916666666666667,0.7589285714285715
HHN-EDI-01,2024-06-19,ICU,6.041666666666667,8.0,0.7552083333333334
HHN-EDI-01,2024-06-20,ICU,5.583333333333333,8.0,0.6979166666666666
HHN-EDI-01,2024-06-21,ICU,5.583333333333333,7.916666666666667,0.7061011904761906
HHN-EDI-01,2024-06-22,ICU,4.208333333333333,7.916666666666667,0.5319940476190476
HHN-EDI-01,2024-06-23,ICU,4.708333333333333,7.791666666666667,0.605654761904762
HHN-EDI-01,2024-06-24,ICU,5.083333333333333,8.0,0.6354166666666666
HHN-EDI-01,2024-06-25,ICU,6.541666666666667,7.958333333333333,0.8221726190476191
HHN-EDI-01,2024-06-26,ICU,5.958333333333333,7.958333333333333,0.7492559523809524
HHN-EDI-01,2024-06-27,ICU,6.0,7.958333333333333,0.7544642857142857
HHN-EDI-01,2024-06-28,ICU,4.416666666666667,7.958333333333333,0.5550595238095238
HHN-EDI-01,2024-06-29,ICU,5.0,7.833333333333333,0.6398809523809524
HHN-EDI-01,2024-06-30,ICU,4.0,8.0,0.5
HHN-EDI-01,2024-07-01,ICU,3.8333333333333335,7.958333333333333,0.48139880952380953
HHN-EDI-01,2024-07-02,ICU,5.0,8.0,0.625
HHN-EDI-01,2024-07-03,ICU,4.916666666666667,7.916666666666667,0.6220238095238095
HHN-EDI-01,2024-07-04,ICU,5.375,8.0,0.671875
HHN-EDI-01,2024-07-05,ICU,5.125,7.916666666666667,0.6488095238095238
HHN-EDI-01,2024-07-06,ICU,3.6666666666666665,8.0,0.4583333333333333
HHN-EDI-01,2024-07-07,ICU,3.625,7.958333333333333,0.4546130952380953
HHN-EDI-01,2024-07-08,ICU,2.0,7.958333333333333,0.25148809523809523
HHN-EDI-01,2024-07-09,ICU,2.4166666666666665,7.916666666666667,0.3050595238095238
HHN-EDI-01,2024-07-10,ICU,2.125,7.958333333333333,0.26711309523809523
HHN-EDI-01,2024-07-11,ICU,2.0,8.0,0.25
HHN-EDI-01,2024-07-12,ICU,1.75,7.875,0.2224702380952381
HHN-EDI-01,2024-07-13,ICU,1.8333333333333333,7.916666666666667,0.23214285714285712
HHN-EDI-01,2024-07-14,ICU,1.5833333333333333,8.0,0.19791666666666666
HHN-EDI-01,2024-07-15,ICU,2.125,7.958333333333333,0.26785714285714285
HHN-EDI-01,2024-07-16,ICU,1.7083333333333333,8.0,0.21354166666666666
HHN-EDI-01,2024-07-17,ICU,1.0,8.0,0.125
HHN-EDI-01,2024-07-18,ICU,1.375,7.958333333333333,0.1726190476190476
HHN-EDI-01,2024-07-19,ICU,2.1666666666666665,7.958333333333333,0.27232142857142855
HHN-EDI-01,2024-07-20,ICU,3.2916666666666665,7.916666666666667,0.41592261904761907
HHN-EDI-01,2024-07-21,ICU,6.625,7.958333333333333,0.8333333333333334
HHN-EDI-01,2024-07-22,ICU,7.583333333333333,7.958333333333333,0.953125
HHN-EDI-01,2024-07-23,ICU,6.833333333333333,8.0,0.8541666666666666
HHN-EDI-01,2024-07-24,ICU,5.583333333333333,8.0,0.6979166666666666
HHN-EDI-01,2024-07-25,ICU,5.625,7.916666666666667,0.7113095238095238
HHN-EDI-01,2024-07-26,ICU,5.291666666666667,7.916666666666667,0.6696428571428572
HHN-EDI-01,2024-07-27,ICU,5.875,7.75,0.7619047619047619
HHN-EDI-01,2024-07-28,ICU,6.083333333333333,7.916666666666667,0.7693452380952381
HHN-EDI-01,2024-07-29,ICU,4.333333333333333,7.958333333333333,0.5453869047619048
HHN-EDI-01,2024-07-30,ICU,4.25,7.916666666666667,0.5364583333333334
HHN-EDI-01,2024-07-31,ICU,5.458333333333333,7.916666666666667,0.6897321428571428
HHN-EDI-01,2024-08-01,ICU,6.125,7.916666666666667,0.7745535714285715
HHN-EDI-01,2024-08-02,ICU,6.083333333333333,8.0,0.7604166666666666
HHN-EDI-01,2024-08-03,ICU,7.875,7.875,1.0
HHN-EDI-01,2024-08-04,ICU,7.0,7.833333333333333,0.8943452380952381
HHN-EDI-01,2024-08-05,ICU,5.541666666666667,7.958333333333333,0.6964285714285715
HHN-EDI-01,2024-08-06,ICU,7.375,7.916666666666667,0.9322916666666666
HHN-EDI-01,2024-08-07,ICU,5.208333333333333,7.958333333333333,0.65625
HHN-EDI-01,2024-08-08,ICU,4.958333333333333,7.916666666666667,0.6264880952380952
HHN-EDI-01,2024-08-09,ICU,4.75,8.0,0.59375
HHN-EDI-01,2024-08-10,ICU,2.7916666666666665,7.875,0.35491071428571425
HHN-EDI-01,2024-08-11,ICU,2.8333333333333335,7.916666666666667,0.3586309523809524
HHN-EDI-01,2024-08-12,ICU,2.4166666666666665,8.0,0.3020833333333333
HHN-EDI-01,2024-08-13,ICU,2.9583333333333335,7.958333333333333,0.37202380952380953
HHN-EDI-01,2024-08-14,ICU,3.25,7.958333333333333,0.40922619047619047
HHN-EDI-01,2024-08-15,ICU,4.375,7.958333333333333,0.550595238095238
HHN-EDI-01,2024-08-16,ICU,6.416666666666667,7.958333333333333,0.8058035714285715
HHN-EDI-01,2024-08-17,ICU,7.833333333333333,7.833333333333333,1.0
HHN-EDI-01,2024-08-18,ICU,7.958333333333333,7.958333333333333,1.0
HHN-EDI-01,2024-08-19,ICU,6.875,7.958333333333333,0.8645833333333334
HHN-EDI-01,2024-08-20,ICU,5.875,7.916666666666667,0.7433035714285715
HHN-EDI-01,2024-08-21,ICU,7.958333333333333,7.958333333333333,1.0
HHN-EDI-01,2024-08-22,ICU,7.916666666666667,7.916666666666667,1.0
HHN-EDI-01,2024-08-23,ICU,7.916666666666667,7.916666666666667,1.0
HHN-EDI-01,2024-08-24,ICU,7.916666666666667,7.916666666666667,1.0
HHN-EDI-01,2024-08-25,ICU,7.291666666666667,7.916666666666667,0.921875
HHN-EDI-01,2024-08-26,ICU,6.291666666666667,8.0,0.7864583333333334
HHN-EDI-01,2024-08-27,ICU,6.708333333333333,8.0,0.8385416666666666
HHN-EDI-01,2024-08-28,ICU,7.208333333333333,7.958333333333333,0.90625
HHN-EDI-01,2024-08-29,ICU,7.041666666666667,8.0,0.8802083333333334
HHN-EDI-01,2024-08-30,ICU,5.333333333333333,7.833333333333333,0.6822916666666666
HHN-EDI-01,2024-08-31,ICU,5.375,7.833333333333333,0.6897321428571428
HHN-EDI-01,2024-09-01,ICU,5.291666666666667,7.875,0.6733630952380952
HHN-EDI-01,2024-09-02,ICU,3.25,7.916666666666667,0.41220238095238093
HHN-EDI-01,2024-09-03,ICU,3.0,7.958333333333333,0.37723214285714285
HHN-EDI-01,2024-09-04,ICU,3.5,7.958333333333333,0.43973214285714285
HHN-EDI-01,2024-09-05,ICU,4.875,7.916666666666667,0.6168154761904762
HHN-EDI-01,2024-09-06,ICU,4.458333333333333,7.833333333333333,0.5706845238095238
HHN-EDI-01,2024-09-07,ICU,4.75,7.875,0.6041666666666666
HHN-EDI-01,2024-09-08,ICU,6.041666666666667,7.833333333333333,0.7730654761904762
HHN-EDI-01,2024-09-09,ICU,5.083333333333333,8.0,0.6354166666666666
HHN-EDI-01,2024-09-10,ICU,5.375,7.958333333333333,0.6748511904761906
HHN-EDI-01,2024-09-11,ICU,6.875,7.958333333333333,0.8645833333333334
HHN-EDI-01,2024-09-12,ICU,4.916666666666667,7.916666666666667,0.6220238095238095
HHN-EDI-01,2024-09-13,ICU,4.083333333333333,8.0,0.5104166666666666
HHN-EDI-01,2024-09-14,ICU,6.291666666666667,7.916666666666667,0.7946428571428572
HHN-EDI-01,2024-09-15,ICU,7.75,7.916666666666667,0.9791666666666666
HHN-EDI-01,2024-09-16,ICU,7.875,8.0,0.984375
HHN-EDI-01,2024-09-17,ICU,7.166666666666667,8.0,0.8958333333333334
HHN-EDI-01,2024-09-18,ICU,5.083333333333333,8.0,0.6354166666666666
HHN-EDI-01,2024-09-19,ICU,3.4166666666666665,7.916666666666667,0.43303571428571425
HHN-EDI-01,2024-09-20,ICU,2.4166666666666665,7.958333333333333,0.30357142857142855
HHN-EDI-01,2024-09-21,ICU,2.7083333333333335,7.833333333333333,0.34672619047619047
HHN-EDI-01,2024-09-22,ICU,2.5833333333333335,7.833333333333333,0.3318452380952381
HHN-EDI-01,2024-09-23,ICU,4.166666666666667,8.0,0.5208333333333334
HHN-EDI-01,2024-09-24,ICU,5.416666666666667,7.958333333333333,0.6800595238095238
HHN-EDI-01,2024-09-25,ICU,6.333333333333333,7.916666666666667,0.8013392857142857
HHN-EDI-01,2024-09-26,ICU,6.583333333333333,7.916666666666667,0.8318452380952381
HHN-EDI-01,2024-09-27,ICU,6.833333333333333,7.958333333333333,0.859375
HHN-EDI-01,2024-09-28,ICU,6.875,7.916666666666667,0.8690476190476191
HHN-EDI-01,2024-09-29,ICU,5.666666666666667,8.0,0.7083333333333334
HHN-EDI-01,2024-09-30,ICU,7.375,8.0,0.921875
HHN-EDI-01,2024-10-01,ICU,6.916666666666667,7.958333333333333,0.8697916666666666
HHN-EDI-01,2024-10-02,ICU,6.5,7.916666666666667,0.8221726190476191
HHN-EDI-01,2024-10-03,ICU,5.083333333333333,8.0,0.6354166666666666
HHN-EDI-01,2024-10-04,ICU,4.166666666666667,7.916666666666667,0.5260416666666666
HHN-EDI-01,2024-10-05,ICU,3.875,8.0,0.484375
HHN-EDI-01,2024-10-06,ICU,3.2916666666666665,7.833333333333333,0.421875
HHN-EDI-01,2024-10-07,ICU,3.75,8.0,0.46875
HHN-EDI-01,2024-10-08,ICU,4.541666666666667,8.0,0.5677083333333334
HHN-EDI-01,2024-10-09,ICU,3.375,8.0,0.421875
HHN-EDI-01,2024-10-10,ICU,2.875,7.916666666666667,0.3630952380952381
HHN-EDI-01,2024-10-11,ICU,3.9166666666666665,8.0,0.4895833333333333
HHN-EDI-01,2024-10-12,ICU,2.3333333333333335,7.916666666666667,0.29464285714285715
HHN-EDI-01,2024-10-13,ICU,1.4583333333333333,7.916666666666667,0.18452380952380953
HHN-EDI-01,2024-10-14,ICU,1.0,7.958333333333333,0.12574404761904762
HHN-EDI-01,2024-10-15,ICU,1.0,8.0,0.125
HHN-EDI-01,2024-10-16,ICU,0.7916666666666666,7.958333333333333,0.09970238095238095
HHN-EDI-01,2024-10-17,ICU,1.9166666666666667,7.958333333333333,0.24107142857142858
HHN-EDI-01,2024-10-18,ICU,3.4583333333333335,7.958333333333333,0.4367559523809524
HHN-EDI-01,2024-10-19,ICU,6.416666666666667,7.958333333333333,0.8072916666666666
HHN-EDI-01,2024-10-20,ICU,5.666666666666667,7.875,0.7209821428571428
HHN-EDI-01,2024-10-21,ICU,6.541666666666667,7.958333333333333,0.8221726190476191
HHN-EDI-01,2024-10-22,ICU,6.791666666666667,8.0,0.8489583333333334
HHN-EDI-01,2024-10-23,ICU,7.333333333333333,7.916666666666667,0.9270833333333334
HHN-EDI-01,2024-10-24,ICU,7.416666666666667,8.0,0.9270833333333334
HHN-EDI-01,2024-10-25,ICU,4.791666666666667,8.0,0.5989583333333334
HHN-EDI-01,2024-10-26,ICU,5.541666666666667,7.875,0.7053571428571428
HHN-EDI-01,2024-10-27,ICU,7.416666666666667,7.875,0.9427083333333334
HHN-EDI-01,2024-10-28,ICU,6.083333333333333,7.916666666666667,0.7693452380952381
HHN-EDI-01,2024-10-29,ICU,6.083333333333333,8.0,0.7604166666666666
HHN-EDI-01,2024-10-30,ICU,5.291666666666667,8.0,0.6614583333333334
HHN-EDI-01,2024-10-31,ICU,5.916666666666667,7.958333333333333,0.7425595238095238
HHN-EDI-01,2024-11-01,ICU,6.25,7.916666666666667,0.7909226190476191
HHN-EDI-01,2024-11-02,ICU,7.958333333333333,7.958333333333333,1.0
HHN-EDI-01,2024-11-03,ICU,7.875,7.875,1.0
HHN-EDI-01,2024-11-04,ICU,7.958333333333333,7.958333333333333,1.0
HHN-EDI-01,2024-11-05,ICU,7.916666666666667,7.916666666666667,1.0
HHN-EDI-01,2024-11-06,ICU,7.458333333333333,7.875,0.9479166666666666
HHN-EDI-01,2024-11-07,ICU,5.75,7.958333333333333,0.7224702380952381
HHN-EDI-01,2024-11-08,ICU,4.708333333333333,7.875,0.5997023809523809
HHN-EDI-01,2024-11-09,ICU,2.375,7.916666666666667,0.29985119047619047
HHN-EDI-01,2024-11-10,ICU,3.0,7.916666666666667,0.37946428571428575
HHN-EDI-01,2024-11-11,ICU,4.0,7.958333333333333,0.5029761904761905
HHN-EDI-01,2024-11-12,ICU,3.5416666666666665,7.916666666666667,0.44866071428571425
HHN-EDI-01,2024-11-13,ICU,3.0,7.875,0.38169642857142855
HHN-EDI-01,2024-11-14,ICU,3.625,8.0,0.453125
HHN-EDI-01,2024-11-15,ICU,4.541666666666667,7.958333333333333,0.5714285714285714
HHN-EDI-01,2024-11-16,ICU,4.041666666666667,7.791666666666667,0.5215773809523809
HHN-EDI-01,2024-11-17,ICU,6.583333333333333,7.916666666666667,0.8318452380952381
HHN-EDI-01,2024-11-18,ICU,7.041666666666667,7.875,0.8958333333333334
HHN-EDI-01,2024-11-19,ICU,7.583333333333333,7.958333333333333,0.953125
HHN-EDI-01,2024-11-20,ICU,7.375,7.916666666666667,0.9322916666666666
HHN-EDI-01,2024-11-21,ICU,6.166666666666667,7.916666666666667,0.7797619047619048
HHN-EDI-01,2024-11-22,ICU,6.916666666666667,8.0,0.8645833333333334
HHN-EDI-01,2024-11-23,ICU,6.875,7.875,0.8742559523809524
HHN-EDI-01,2024-11-24,ICU,5.0,7.916666666666667,0.6339285714285714
HHN-EDI-01,2024-11-25,ICU,3.9583333333333335,7.958333333333333,0.49776785714285715
HHN-EDI-01,2024-11-26,ICU,4.0,8.0,0.5
HHN-EDI-01,2024-11-27,ICU,4.208333333333333,7.958333333333333,0.5290178571428571
HHN-EDI-01,2024-11-28,ICU,4.75,7.958333333333333,0.597470238095238
HHN-EDI-01,2024-11-29,ICU,4.5,7.958333333333333,0.5647321428571429
HHN-EDI-01,2024-11-30,ICU,5.791666666666667,7.958333333333333,0.7284226190476191
HHN-EDI-01,2024-12-01,ICU,5.958333333333333,7.833333333333333,0.7619047619047619
HHN-EDI-01,2024-12-02,ICU,6.833333333333333,7.958333333333333,0.8586309523809524
HHN-EDI-01,2024-12-03,ICU,5.75,7.916666666666667,0.7269345238095238
HHN-EDI-01,2024-12-04,ICU,5.541666666666667,7.791666666666667,0.7142857142857143
HHN-EDI-01,2024-12-05,ICU,4.791666666666667,7.875,0.6101190476190476
HHN-EDI-01,2024-12-06,ICU,5.208333333333333,7.833333333333333,0.6674107142857143
HHN-EDI-01,2024-12-07,ICU,5.5,7.875,0.7001488095238094
HHN-EDI-01,2024-12-08,ICU,6.166666666666667,7.75,0.7991071428571428
HHN-EDI-01,2024-12-09,ICU,5.541666666666667,7.958333333333333,0.6964285714285715
HHN-EDI-01,2024-12-10,ICU,3.0,7.958333333333333,0.37797619047619047
HHN-EDI-01,2024-12-11,ICU,5.625,7.916666666666667,0.7113095238095238
HHN-EDI-01,2024-12-12,ICU,5.75,7.958333333333333,0.7224702380952381
HHN-EDI-01,2024-12-13,ICU,4.958333333333333,7.916666666666667,0.6272321428571429
HHN-EDI-01,2024-12-14,ICU,6.333333333333333,7.833333333333333,0.8095238095238094
HHN-EDI-01,2024-12-15,ICU,6.916666666666667,7.833333333333333,0.8839285714285715
HHN-EDI-01,2024-12-16,ICU,4.916666666666667,7.875,0.625
HHN-EDI-01,2024-12-17,ICU,5.0,7.916666666666667,0.6316964285714286
HHN-EDI-01,2024-12-18,ICU,5.208333333333333,7.958333333333333,0.6547619047619048
HHN-EDI-01,2024-12-19,ICU,6.541666666666667,7.958333333333333,0.8221726190476191
HHN-EDI-01,2024-12-20,ICU,7.333333333333333,7.875,0.9322916666666666
HHN-EDI-01,2024-12-21,ICU,7.625,7.875,0.96875
HHN-EDI-01,2024-12-22,ICU,7.583333333333333,7.875,0.9635416666666666
HHN-EDI-01,2024-12-23,ICU,7.875,7.875,1.0
HHN-EDI-01,2024-12-24,ICU,7.958333333333333,7.958333333333333,1.0
HHN-EDI-01,2024-12-25,ICU,7.875,7.875,1.0
HHN-EDI-01,2024-12-26,ICU,7.875,7.875,1.0
HHN-EDI-01,2024-12-27,ICU,7.916666666666667,7.916666666666667,1.0
HHN-EDI-01,2024-12-28,ICU,7.375,7.875,0.9375
HHN-EDI-01,2024-12-29,ICU,7.541666666666667,7.916666666666667,0.953125
HHN-EDI-01,2024-12-30,ICU,7.875,7.875,1.0
HHN-EDI-01,2024-12-31,ICU,7.916666666666667,7.916666666666667,1.0
HHN-EDI-01,2025-01-01,ICU,7.916666666666667,7.916666666666667,1.0
HHN-EDI-01,2025-01-02,ICU,7.958333333333333,7.958333333333333,1.0
HHN-EDI-01,2025-01-03,ICU,4.416666666666667,7.958333333333333,0.5558035714285714
HHN-EDI-01,2025-01-04,ICU,4.0,7.875,0.5089285714285714
HHN-EDI-01,2025-01-05,ICU,4.791666666666667,7.916666666666667,0.605654761904762
HHN-EDI-01,2025-01-06,ICU,4.041666666666667,7.958333333333333,0.5089285714285714
HHN-EDI-01,2025-01-07,ICU,3.0,7.958333333333333,0.37723214285714285
HHN-EDI-01,2025-01-08,ICU,2.7083333333333335,7.958333333333333,0.34151785714285715
HHN-EDI-01,2025-01-09,ICU,4.0,7.916666666666667,0.5059523809523809
HHN-EDI-01,2025-01-10,ICU,4.75,7.875,0.6041666666666666
HHN-EDI-01,2025-01-11,ICU,5.75,7.958333333333333,0.7232142857142857
HHN-EDI-01,2025-01-12,ICU,6.041666666666667,7.833333333333333,0.7730654761904762
HHN-EDI-01,2025-01-13,ICU,6.083333333333333,7.875,0.7738095238095238
HHN-EDI-01,2025-01-14,ICU,6.291666666666667,7.875,0.7998511904761906
HHN-EDI-01,2025-01-15,ICU,5.916666666666667,7.916666666666667,0.7485119047619048
HHN-EDI-01,2025-01-16,ICU,7.125,7.875,0.90625
HHN-EDI-01,2025-01-17,ICU,7.833333333333333,7.875,0.9947916666666666
HHN-EDI-01,2025-01-18,ICU,7.333333333333333,7.833333333333333,0.9375
HHN-EDI-01,2025-01-19,ICU,7.625,7.791666666666667,0.9791666666666666
HHN-EDI-01,2025-01-20,ICU,7.791666666666667,7.791666666666667,1.0
HHN-EDI-01,2025-01-21,ICU,7.916666666666667,7.916666666666667,1.0
HHN-EDI-01,2025-01-22,ICU,7.875,7.875,1.0
HHN-EDI-01,2025-01-23,ICU,7.833333333333333,7.791666666666667,1.0
HHN-EDI-01,2025-01-24,ICU,7.958333333333333,7.958333333333333,1.0
HHN-EDI-01,2025-01-25,ICU,7.916666666666667,7.916666666666667,1.0
HHN-EDI-01,2025-01-26,ICU,7.708333333333333,7.708333333333333,1.0
HHN-EDI-01,2025-01-27,ICU,7.916666666666667,7.916666666666667,1.0
HHN-EDI-01,2025-01-28,ICU,7.875,7.875,1.0
HHN-EDI-01,2025-01-29,ICU,7.416666666666667,8.0,0.9270833333333334
HHN-EDI-01,2025-01-30,ICU,6.333333333333333,7.833333333333333,0.8102678571428572
HHN-EDI-01,2025-01-31,ICU,6.0,7.916666666666667,0.7589285714285715
HHN-EDI-01,2025-02-01,ICU,5.541666666666667,7.875,0.7053571428571428
HHN-EDI-01,2025-02-02,ICU,6.541666666666667,7.916666666666667,0.8266369047619048
HHN-EDI-01,2025-02-03,ICU,5.541666666666667,7.875,0.7053571428571428
HHN-EDI-01,2025-02-04,ICU,4.791666666666667,7.958333333333333,0.6026785714285714
HHN-EDI-01,2025-02-05,ICU,4.458333333333333,7.875,0.5684523809523809
HHN-EDI-01,2025-02-06,ICU,3.5,7.833333333333333,0.4479166666666667
HHN-EDI-01,2025-02-07,ICU,2.625,7.916666666666667,0.3318452380952381
HHN-EDI-01,2025-02-08,ICU,2.125,7.875,0.2700892857142857
HHN-EDI-01,2025-02-09,ICU,1.0,7.833333333333333,0.12797619047619047
HHN-EDI-01,2025-02-10,ICU,1.4166666666666667,7.916666666666667,0.17857142857142858
HHN-EDI-01,2025-02-11,ICU,1.125,8.0,0.140625
HHN-EDI-01,2025-02-12,ICU,2.125,7.875,0.2708333333333333
HHN-EDI-01,2025-02-13,ICU,2.0416666666666665,7.958333333333333,0.25669642857142855
HHN-EDI-01,2025-02-14,ICU,4.041666666666667,7.916666666666667,0.5111607142857143
HHN-EDI-01,2025-02-15,ICU,7.833333333333333,7.833333333333333,1.0
HHN-EDI-01,2025-02-16,ICU,7.916666666666667,7.916666666666667,1.0
HHN-EDI-01,2025-02-17,ICU,7.791666666666667,7.916666666666667,0.984375
HHN-EDI-01,2025-02-18,ICU,7.166666666666667,7.875,0.9114583333333334
HHN-EDI-01,2025-02-19,ICU,6.791666666666667,7.875,0.8630952380952381
HHN-EDI-01,2025-02-20,ICU,7.875,7.875,1.0
HHN-EDI-01,2025-02-21,ICU,7.958333333333333,7.958333333333333,1.0
HHN-EDI-01,2025-02-22,ICU,7.083333333333333,7.833333333333333,0.90625
HHN-EDI-01,2025-02-23,ICU,7.458333333333333,7.875,0.9479166666666666
HHN-EDI-01,2025-02-24,ICU,6.833333333333333,7.958333333333333,0.859375
HHN-EDI-01,2025-02-25,ICU,5.041666666666667,7.875,0.640625
HHN-EDI-01,2025-02-26,ICU,4.833333333333333,7.791666666666667,0.6220238095238095
HHN-EDI-01,2025-02-27,ICU,7.416666666666667,7.958333333333333,0.9322916666666666
HHN-EDI-01,2025-02-28,ICU,7.958333333333333,7.958333333333333,1.0
HHN-EDI-01,2025-03-01,ICU,7.958333333333333,7.958333333333333,1.0
HHN-EDI-01,2025-03-02,ICU,7.875,7.875,1.0
HHN-EDI-01,2025-03-03,ICU,7.875,7.875,1.0
HHN-EDI-01,2025-03-04,ICU,7.416666666666667,8.0,0.9270833333333334
HHN-EDI-01,2025-03-05,ICU,7.875,7.958333333333333,0.9895833333333334
HHN-EDI-01,2025-03-06,ICU,5.083333333333333,7.958333333333333,0.640625
HHN-EDI-01,2025-03-07,ICU,5.125,7.958333333333333,0.6450892857142857
HHN-EDI-01,2025-03-08,ICU,6.291666666666667,7.958333333333333,0.7916666666666666
HHN-EDI-01,2025-03-09,ICU,7.25,7.916666666666667,0.9166666666666666
HHN-EDI-01,2025-03-10,ICU,7.958333333333333,7.958333333333333,1.0
HHN-EDI-01,2025-03-11,ICU,7.958333333333333,7.958333333333333,1.0
HHN-EDI-01,2025-03-12,ICU,7.291666666666667,7.958333333333333,0.9166666666666666
HHN-EDI-01,2025-03-13,ICU,6.583333333333333,8.0,0.8229166666666666
HHN-EDI-01,2025-03-14,ICU,7.833333333333333,7.833333333333333,1.0
HHN-EDI-01,2025-03-15,ICU,8.0,8.0,1.0
HHN-EDI-01,2025-03-16,ICU,7.75,7.958333333333333,0.9739583333333334
HHN-EDI-01,2025-03-17,ICU,6.625,7.916666666666667,0.8377976190476191
HHN-EDI-01,2025-03-18,ICU,5.875,7.875,0.7470238095238094
HHN-EDI-01,2025-03-19,ICU,6.833333333333333,7.958333333333333,0.8586309523809524
HHN-EDI-01,2025-03-20,ICU,7.875,7.958333333333333,0.9895833333333334
HHN-EDI-01,2025-03-21,ICU,6.666666666666667,8.0,0.8333333333333334
HHN-EDI-01,2025-03-22,ICU,6.166666666666667,7.916666666666667,0.7797619047619048
HHN-EDI-01,2025-03-23,ICU,5.416666666666667,7.833333333333333,0.6927083333333334
HHN-EDI-01,2025-03-24,ICU,6.458333333333333,7.958333333333333,0.8117559523809524
HHN-EDI-01,2025-03-25,ICU,6.333333333333333,8.0,0.7916666666666666
HHN-EDI-01,2025-03-26,ICU,5.75,7.958333333333333,0.7224702380952381
HHN-EDI-01,2025-03-27,ICU,6.75,7.958333333333333,0.8489583333333334
HHN-EDI-01,2025-03-28,ICU,7.583333333333333,7.791666666666667,0.9739583333333334
HHN-EDI-01,2025-03-29,ICU,7.625,7.833333333333333,0.9739583333333334
HHN-EDI-01,2025-03-30,ICU,7.875,8.0,0.984375
HHN-EDI-01,2025-03-31,ICU,7.583333333333333,7.875,0.9635416666666666
HHN-EDI-01,2025-04-01,ICU,7.166666666666667,7.958333333333333,0.9010416666666666
HHN-EDI-01,2025-04-02,ICU,7.708333333333333,7.916666666666667,0.9739583333333334
HHN-EDI-01,2025-04-03,ICU,7.958333333333333,7.958333333333333,1.0
HHN-EDI-01,2025-04-04,ICU,8.0,8.0,1.0
HHN-EDI-01,2025-04-05,ICU,7.875,7.875,1.0
HHN-EDI-01,2025-04-06,ICU,7.958333333333333,7.958333333333333,1.0
HHN-EDI-01,2025-04-07,ICU,7.875,7.875,1.0
HHN-EDI-01,2025-04-08,ICU,7.958333333333333,7.958333333333333,1.0
HHN-EDI-01,2025-04-09,ICU,7.791666666666667,8.0,0.9739583333333334
HHN-EDI-01,2025-04-10,ICU,6.833333333333333,7.875,0.8697916666666666
HHN-EDI-01,2025-04-11,ICU,6.708333333333333,7.916666666666667,0.8474702380952381
HHN-EDI-01,2025-04-12,ICU,7.5,7.833333333333333,0.9583333333333334
HHN-EDI-01,2025-04-13,ICU,7.583333333333333,7.916666666666667,0.9583333333333334
HHN-EDI-01,2025-04-14,ICU,7.291666666666667,7.958333333333333,0.9166666666666666
HHN-EDI-01,2025-04-15,ICU,5.125,7.958333333333333,0.6450892857142857
HHN-EDI-01,2025-04-16,ICU,4.0,8.0,0.5
HHN-EDI-01,2025-04-17,ICU,4.25,7.958333333333333,0.5342261904761905
HHN-EDI-01,2025-04-18,ICU,4.458333333333333,7.916666666666667,0.5647321428571429
HHN-EDI-01,2025-04-19,ICU,6.75,7.875,0.859375
HHN-EDI-01,2025-04-20,ICU,7.208333333333333,7.916666666666667,0.9114583333333334
HHN-EDI-01,2025-04-21,ICU,7.0,7.958333333333333,0.8802083333333334
HHN-EDI-01,2025-04-22,ICU,5.791666666666667,7.916666666666667,0.7328869047619048
HHN-EDI-01,2025-04-23,ICU,5.875,7.958333333333333,0.7388392857142857
HHN-EDI-01,2025-04-24,ICU,6.041666666666667,7.916666666666667,0.7641369047619048
HHN-EDI-01,2025-04-25,ICU,5.541666666666667,8.0,0.6927083333333334
HHN-EDI-01,2025-04-26,ICU,5.083333333333333,7.958333333333333,0.6391369047619048
HHN-EDI-01,2025-04-27,ICU,3.8333333333333335,7.875,0.48660714285714285
HHN-EDI-01,2025-04-28,ICU,4.625,8.0,0.578125
HHN-EDI-01,2025-04-29,ICU,6.583333333333333,7.958333333333333,0.828125
HHN-EDI-01,2025-04-30,ICU,2.6666666666666665,8.0,0.3333333333333333
HHN-EDI-01,2025-05-01,ICU,2.0,7.958333333333333,0.25148809523809523
HHN-EDI-01,2025-05-02,ICU,1.375,7.916666666666667,0.17485119047619047
HHN-EDI-01,2025-05-03,ICU,1.5,7.958333333333333,0.18898809523809523
HHN-EDI-01,2025-05-04,ICU,1.25,7.916666666666667,0.15922619047619047
HHN-EDI-01,2025-05-05,ICU,1.7083333333333333,8.0,0.21354166666666666
HHN-EDI-01,2025-05-06,ICU,1.25,7.916666666666667,0.15773809523809523
HHN-EDI-01,2025-05-07,ICU,3.0,7.916666666666667,0.37946428571428575
HHN-EDI-01,2025-05-08,ICU,3.6666666666666665,8.0,0.4583333333333333
HHN-EDI-01,2025-05-09,ICU,4.5,7.958333333333333,0.566220238095238
HHN-EDI-01,2025-05-10,ICU,4.208333333333333,7.916666666666667,0.5319940476190476
HHN-EDI-01,2025-05-11,ICU,5.916666666666667,7.833333333333333,0.7559523809523809
HHN-EDI-01,2025-05-12,ICU,5.25,7.958333333333333,0.6614583333333334
HHN-EDI-01,2025-05-13,ICU,5.291666666666667,7.958333333333333,0.6644345238095238
HHN-EDI-01,2025-05-14,ICU,4.291666666666667,8.0,0.5364583333333334
HHN-EDI-01,2025-05-15,ICU,3.5416666666666665,8.0,0.4427083333333333
HHN-EDI-01,2025-05-16,ICU,3.0,7.916666666666667,0.37946428571428575
HHN-EDI-01,2025-05-17,ICU,2.1666666666666665,8.0,0.2708333333333333
HHN-EDI-01,2025-05-18,ICU,4.125,7.958333333333333,0.5200892857142857
HHN-EDI-01,2025-05-19,ICU,6.833333333333333,8.0,0.8541666666666666
HHN-EDI-01,2025-05-20,ICU,7.666666666666667,7.916666666666667,0.96875
HHN-EDI-01,2025-05-21,ICU,6.458333333333333,8.0,0.8072916666666666
HHN-EDI-01,2025-05-22,ICU,4.958333333333333,7.958333333333333,0.6235119047619048
HHN-EDI-01,2025-05-23,ICU,4.0,7.875,0.5089285714285714
HHN-EDI-01,2025-05-24,ICU,3.9583333333333335,7.875,0.5029761904761905
HHN-EDI-01,2025-05-25,ICU,3.5833333333333335,7.875,0.4568452380952381
HHN-EDI-01,2025-05-26,ICU,3.9583333333333335,8.0,0.4947916666666667
HHN-EDI-01,2025-05-27,ICU,3.0,7.875,0.38169642857142855
HHN-EDI-01,2025-05-28,ICU,3.0,8.0,0.375
HHN-EDI-01,2025-05-29,ICU,3.375,8.0,0.421875
HHN-EDI-01,2025-05-30,ICU,2.8333333333333335,7.958333333333333,0.35639880952380953
HHN-EDI-01,2025-05-31,ICU,3.0,8.0,0.375
HHN-EDI-01,2025-06-01,ICU,3.375,7.958333333333333,0.42485119047619047
HHN-EDI-01,2025-06-02,ICU,3.1666666666666665,7.958333333333333,0.3980654761904762
HHN-EDI-01,2025-06-03,ICU,2.2083333333333335,7.875,0.28125
HHN-EDI-01,2025-06-04,ICU,1.4166666666666667,7.875,0.18080357142857142
HHN-EDI-01,2025-06-05,ICU,3.1666666666666665,7.916666666666667,0.4010416666666667
HHN-EDI-01,2025-06-06,ICU,6.375,7.958333333333333,0.8005952380952381
HHN-EDI-01,2025-06-07,ICU,7.666666666666667,8.0,0.9583333333333334
HHN-EDI-01,2025-06-08,ICU,6.541666666666667,7.958333333333333,0.8221726190476191
HHN-EDI-01,2025-06-09,ICU,6.0,8.0,0.75
HHN-EDI-01,2025-06-10,ICU,6.0,7.958333333333333,0.7544642857142857
HHN-EDI-01,2025-06-11,ICU,5.458333333333333,7.958333333333333,0.6867559523809524
HHN-EDI-01,2025-06-12,ICU,5.583333333333333,7.958333333333333,0.7008928571428572
HHN-EDI-01,2025-06-13,ICU,4.0,7.916666666666667,0.5059523809523809
HHN-EDI-01,2025-06-14,ICU,3.7083333333333335,7.833333333333333,0.4739583333333333
HHN-EDI-01,2025-06-15,ICU,3.75,7.916666666666667,0.47470238095238093
HHN-EDI-01,2025-06-16,ICU,4.0,7.958333333333333,0.5029761904761905
HHN-EDI-01,2025-06-17,ICU,3.5833333333333335,7.958333333333333,0.45089285714285715
HHN-EDI-01,2025-06-18,ICU,3.0,7.916666666666667,0.37946428571428575
HHN-EDI-01,2025-06-19,ICU,3.0,7.916666666666667,0.37946428571428575
HHN-EDI-01,2025-06-20,ICU,3.125,7.958333333333333,0.39285714285714285
HHN-EDI-01,2025-06-21,ICU,2.875,7.916666666666667,0.36532738095238093
HHN-EDI-01,2025-06-22,ICU,1.6666666666666667,7.875,0.21205357142857142
HHN-EDI-01,2025-06-23,ICU,1.4166666666666667,7.916666666666667,0.1800595238095238
HHN-EDI-01,2025-06-24,ICU,1.0,8.0,0.125
HHN-EDI-01,2025-06-25,ICU,1.4166666666666667,7.916666666666667,0.1793154761904762
HHN-EDI-01,2025-06-26,ICU,1.3333333333333333,8.0,0.16666666666666666
HHN-EDI-01,2025-06-27,ICU,1.0,7.958333333333333,0.12574404761904762
HHN-EDI-01,2025-06-28,ICU,0.75,8.0,0.09375
HHN-EDI-01,2025-06-29,ICU,0.0,7.958333333333333,0.0
HHN-EDI-01,2025-06-30,ICU,0.16666666666666666,7.916666666666667,0.022321428571428565
HHN-EDI-01,2025-07-01,ICU,1.0,8.0,0.125
HHN-EDI-01,2025-07-02,ICU,1.0833333333333333,7.958333333333333,0.13616071428571427
HHN-EDI-01,2025-07-03,ICU,1.1666666666666667,7.916666666666667,0.1480654761904762
HHN-EDI-01,2025-07-04,ICU,1.5,8.0,0.1875
HHN-EDI-01,2025-07-05,ICU,1.1666666666666667,7.916666666666667,0.1480654761904762
HHN-EDI-01,2025-07-06,ICU,2.0,7.916666666666667,0.25297619047619047
HHN-EDI-01,2025-07-07,ICU,2.125,7.958333333333333,0.26711309523809523
HHN-EDI-01,2025-07-08,ICU,2.0,8.0,0.25
HHN-EDI-01,2025-07-09,ICU,2.4166666666666665,8.0,0.3020833333333333
HHN-EDI-01,2025-07-10,ICU,3.9166666666666665,7.916666666666667,0.4933035714285714
HHN-EDI-01,2025-07-11,ICU,5.291666666666667,7.833333333333333,0.6785714285714285
HHN-EDI-01,2025-07-12,ICU,4.125,7.875,0.5252976190476191
HHN-EDI-01,2025-07-13,ICU,3.375,7.833333333333333,0.4322916666666667
HHN-EDI-01,2025-07-14,ICU,3.875,8.0,0.484375
HHN-EDI-01,2025-07-15,ICU,1.125,8.0,0.140625
HHN-EDI-01,2025-07-16,ICU,0.9166666666666666,7.916666666666667,0.11607142857142856
HHN-EDI-01,2025-07-17,ICU,0.0,8.0,0.0
HHN-EDI-01,2025-07-18,ICU,0.4583333333333333,8.0,0.057291666666666664
HHN-EDI-01,2025-07-19,ICU,1.5416666666666667,7.958333333333333,0.19419642857142858
HHN-EDI-01,2025-07-20,ICU,1.4166666666666667,7.875,0.18080357142857142
HHN-EDI-01,2025-07-21,ICU,1.5416666666666667,8.0,0.19270833333333334
HHN-EDI-01,2025-07-22,ICU,2.9583333333333335,8.0,0.3697916666666667
HHN-EDI-01,2025-07-23,ICU,2.0833333333333335,8.0,0.2604166666666667
HHN-EDI-01,2025-07-24,ICU,4.125,7.958333333333333,0.5186011904761905
HHN-EDI-01,2025-07-25,ICU,4.416666666666667,7.916666666666667,0.5580357142857143
HHN-EDI-01,2025-07-26,ICU,4.375,7.833333333333333,0.5602678571428571
HHN-EDI-01,2025-07-27,ICU,4.833333333333333,7.791666666666667,0.6227678571428571
HHN-EDI-01,2025-07-28,ICU,5.166666666666667,7.958333333333333,0.6495535714285714
HHN-EDI-01,2025-07-29,ICU,5.0,8.0,0.625
HHN-EDI-01,2025-07-30,ICU,3.375,8.0,0.421875
HHN-EDI-01,2025-07-31,ICU,4.0,7.958333333333333,0.5029761904761905
HHN-EDI-01,2025-08-01,ICU,4.458333333333333,8.0,0.5572916666666666
HHN-EDI-01,2025-08-02,ICU,5.333333333333333,8.0,0.6666666666666666
HHN-EDI-01,2025-08-03,ICU,5.583333333333333,7.958333333333333,0.7023809523809524
HHN-EDI-01,2025-08-04,ICU,6.291666666666667,7.958333333333333,0.7916666666666666
HHN-EDI-01,2025-08-05,ICU,5.5,7.916666666666667,0.6956845238095238
HHN-EDI-01,2025-08-06,ICU,3.5416666666666665,7.875,0.44940476190476186
HHN-EDI-01,2025-08-07,ICU,2.0,7.958333333333333,0.25148809523809523
HHN-EDI-01,2025-08-08,ICU,2.2083333333333335,7.958333333333333,0.2775297619047619
HHN-EDI-01,2025-08-09,ICU,2.4583333333333335,7.958333333333333,0.3087797619047619
HHN-EDI-01,2025-08-10,ICU,1.5833333333333333,7.875,0.20163690476190477
HHN-EDI-01,2025-08-11,ICU,1.3333333333333333,7.958333333333333,0.16741071428571427
HHN-EDI-01,2025-08-12,ICU,1.7083333333333333,7.958333333333333,0.21428571428571427
HHN-EDI-01,2025-08-13,ICU,4.625,7.958333333333333,0.5811011904761905
HHN-EDI-01,2025-08-14,ICU,5.166666666666667,8.0,0.6458333333333334
HHN-EDI-01,2025-08-15,ICU,6.416666666666667,8.0,0.8020833333333334
HHN-EDI-01,2025-08-16,ICU,7.125,7.958333333333333,0.8950892857142857
HHN-EDI-01,2025-08-17,ICU,7.958333333333333,7.958333333333333,1.0
HHN-EDI-01,2025-08-18,ICU,7.541666666666667,8.0,0.9427083333333334
HHN-EDI-01,2025-08-19,ICU,5.416666666666667,7.958333333333333,0.6808035714285715
HHN-EDI-01,2025-08-20,ICU,5.833333333333333,7.958333333333333,0.7336309523809524
HHN-EDI-01,2025-08-21,ICU,4.583333333333333,7.958333333333333,0.5751488095238095
HHN-EDI-01,2025-08-22,ICU,3.5,8.0,0.4375
HHN-EDI-01,2025-08-23,ICU,4.0,7.833333333333333,0.5119047619047619
HHN-EDI-01,2025-08-24,ICU,2.7916666666666665,7.958333333333333,0.3511904761904762
HHN-EDI-01,2025-08-25,ICU,3.0,8.0,0.375
HHN-EDI-01,2025-08-26,ICU,3.2083333333333335,7.958333333333333,0.40327380952380953
HHN-EDI-01,2025-08-27,ICU,4.458333333333333,7.958333333333333,0.5602678571428571
HHN-EDI-01,2025-08-28,ICU,6.791666666666667,8.0,0.8489583333333334
HHN-EDI-01,2025-08-29,ICU,7.875,7.916666666666667,0.9947916666666666
HHN-EDI-01,2025-08-30,ICU,6.541666666666667,7.875,0.8303571428571428
HHN-EDI-01,2025-08-31,ICU,5.0,7.833333333333333,0.6398809523809524
HHN-EDI-01,2025-09-01,ICU,4.625,7.916666666666667,0.5848214285714286
HHN-EDI-01,2025-09-02,ICU,3.125,7.916666666666667,0.3958333333333333
HHN-EDI-01,2025-09-03,ICU,2.375,8.0,0.296875
HHN-EDI-01,2025-09-04,ICU,3.125,7.958333333333333,0.39285714285714285
HHN-EDI-01,2025-09-05,ICU,3.9583333333333335,8.0,0.4947916666666667
HHN-EDI-01,2025-09-06,ICU,5.125,8.0,0.640625
HHN-EDI-01,2025-09-07,ICU,7.541666666666667,7.958333333333333,0.9479166666666666
HHN-EDI-01,2025-09-08,ICU,7.083333333333333,7.958333333333333,0.890625
HHN-EDI-01,2025-09-09,ICU,6.0,8.0,0.75
HHN-EDI-01,2025-09-10,ICU,6.0,7.958333333333333,0.7544642857142857
HHN-EDI-01,2025-09-11,ICU,6.333333333333333,7.916666666666667,0.8013392857142857
HHN-EDI-01,2025-09-12,ICU,6.333333333333333,7.958333333333333,0.796875
HHN-EDI-01,2025-09-13,ICU,7.5,7.916666666666667,0.9479166666666666
HHN-EDI-01,2025-09-14,ICU,6.083333333333333,7.958333333333333,0.7648809523809524
HHN-EDI-01,2025-09-15,ICU,6.0,7.958333333333333,0.7544642857142857
HHN-EDI-01,2025-09-16,ICU,5.791666666666667,7.875,0.7373511904761906
HHN-EDI-01,2025-09-17,ICU,4.5,8.0,0.5625
HHN-EDI-01,2025-09-18,ICU,5.416666666666667,7.958333333333333,0.6815476190476191
HHN-EDI-01,2025-09-19,ICU,5.875,7.958333333333333,0.7388392857142857
HHN-EDI-01,2025-09-20,ICU,6.583333333333333,7.958333333333333,0.828125
HHN-EDI-01,2025-09-21,ICU,7.666666666666667,7.875,0.9739583333333334
HHN-EDI-01,2025-09-22,ICU,7.958333333333333,7.958333333333333,1.0
HHN-EDI-01,2025-09-23,ICU,8.0,8.0,1.0
HHN-EDI-01,2025-09-24,ICU,7.958333333333333,7.958333333333333,1.0
HHN-EDI-01,2025-09-25,ICU,8.0,8.0,1.0
HHN-EDI-01,2025-09-26,ICU,7.416666666666667,7.916666666666667,0.9375
HHN-EDI-01,2025-09-27,ICU,7.541666666666667,7.875,0.9583333333333334
HHN-EDI-01,2025-09-28,ICU,6.791666666666667,7.958333333333333,0.8541666666666666
HHN-EDI-01,2025-09-29,ICU,6.291666666666667,7.916666666666667,0.7953869047619048
HHN-EDI-01,2025-09-30,ICU,7.916666666666667,7.958333333333333,0.9947916666666666
HHN-EDI-01,2025-10-01,ICU,6.708333333333333,7.958333333333333,0.8430059523809524
HHN-EDI-01,2025-10-02,ICU,7.875,7.958333333333333,0.9895833333333334
HHN-EDI-01,2025-10-03,ICU,7.333333333333333,7.916666666666667,0.9270833333333334
HHN-EDI-01,2025-10-04,ICU,6.083333333333333,7.958333333333333,0.7648809523809524
HHN-EDI-01,2025-10-05,ICU,5.666666666666667,8.0,0.7083333333333334
HHN-EDI-01,2025-10-06,ICU,4.5,7.958333333333333,0.566220238095238
HHN-EDI-01,2025-10-07,ICU,5.458333333333333,7.958333333333333,0.6845238095238094
HHN-EDI-01,2025-10-08,ICU,7.75,7.958333333333333,0.9739583333333334
HHN-EDI-01,2025-10-09,ICU,7.125,8.0,0.890625
HHN-EDI-01,2025-10-10,ICU,7.958333333333333,7.958333333333333,1.0
HHN-EDI-01,2025-10-11,ICU,6.708333333333333,8.0,0.8385416666666666
HHN-EDI-01,2025-10-12,ICU,7.0,7.916666666666667,0.8854166666666666
HHN-EDI-01,2025-10-13,ICU,7.625,7.958333333333333,0.9583333333333334
HHN-EDI-01,2025-10-14,ICU,7.958333333333333,7.958333333333333,1.0
HHN-EDI-01,2025-10-15,ICU,7.958333333333333,7.958333333333333,1.0
HHN-EDI-01,2025-10-16,ICU,6.541666666666667,8.0,0.8177083333333334
HHN-EDI-01,2025-10-17,ICU,7.166666666666667,7.916666666666667,0.90625
HHN-EDI-01,2025-10-18,ICU,6.958333333333333,7.791666666666667,0.8943452380952381
HHN-EDI-01,2025-10-19,ICU,7.958333333333333,7.958333333333333,1.0
HHN-EDI-01,2025-10-20,ICU,7.833333333333333,8.0,0.9791666666666666
HHN-EDI-01,2025-10-21,ICU,5.666666666666667,7.916666666666667,0.71875
HHN-EDI-01,2025-10-22,ICU,7.541666666666667,7.875,0.9583333333333334
HHN-EDI-01,2025-10-23,ICU,8.0,8.0,1.0
HHN-EDI-01,2025-10-24,ICU,7.333333333333333,7.958333333333333,0.921875
HHN-EDI-01,2025-10-25,ICU,7.125,7.916666666666667,0.9010416666666666
HHN-EDI-01,2025-10-26,ICU,7.875,7.916666666666667,0.9947916666666666
HHN-EDI-01,2025-10-27,ICU,8.0,8.0,1.0
HHN-EDI-01,2025-10-28,ICU,7.916666666666667,7.916666666666667,1.0
HHN-EDI-01,2025-10-29,ICU,7.75,7.875,0.984375
HHN-EDI-01,2025-10-30,ICU,7.041666666666667,7.916666666666667,0.8898809523809524
HHN-EDI-01,2025-10-31,ICU,5.666666666666667,7.875,0.7194940476190476
HHN-EDI-01,2025-11-01,ICU,5.458333333333333,7.875,0.6941964285714285
HHN-EDI-01,2025-11-02,ICU,6.416666666666667,7.875,0.8169642857142857
HHN-EDI-01,2025-11-03,ICU,7.625,7.958333333333333,0.9583333333333334
HHN-EDI-01,2025-11-04,ICU,7.875,8.0,0.984375
HHN-EDI-01,2025-11-05,ICU,7.208333333333333,8.0,0.9010416666666666
HHN-EDI-01,2025-11-06,ICU,5.375,8.0,0.671875
HHN-EDI-01,2025-11-07,ICU,5.708333333333333,7.958333333333333,0.71875
HHN-EDI-01,2025-11-08,ICU,6.833333333333333,8.0,0.8541666666666666
HHN-EDI-01,2025-11-09,ICU,6.5,7.958333333333333,0.8177083333333334
HHN-EDI-01,2025-11-10,ICU,7.125,8.0,0.890625
HHN-EDI-01,2025-11-11,ICU,6.041666666666667,7.958333333333333,0.7596726190476191
HHN-EDI-01,2025-11-12,ICU,5.291666666666667,7.916666666666667,0.6696428571428572
HHN-EDI-01,2025-11-13,ICU,4.125,7.958333333333333,0.5186011904761905
HHN-EDI-01,2025-11-14,ICU,4.166666666666667,7.916666666666667,0.5267857142857143
HHN-EDI-01,2025-11-15,ICU,5.0,7.916666666666667,0.6324404761904762
HHN-EDI-01,2025-11-16,ICU,4.708333333333333,7.875,0.5989583333333334
HHN-EDI-01,2025-11-17,ICU,4.5,8.0,0.5625
HHN-EDI-01,2025-11-18,ICU,4.916666666666667,7.958333333333333,0.6183035714285714
HHN-EDI-01,2025-11-19,ICU,5.666666666666667,7.958333333333333,0.7127976190476191
HHN-EDI-01,2025-11-20,ICU,6.125,8.0,0.765625
HHN-EDI-01,2025-11-21,ICU,7.0,7.916666666666667,0.8846726190476191
HHN-EDI-01,2025-11-22,ICU,7.916666666666667,7.916666666666667,1.0
HHN-EDI-01,2025-11-23,ICU,7.708333333333333,7.875,0.9791666666666666
HHN-EDI-01,2025-11-24,ICU,7.0,7.875,0.890625
HHN-EDI-01,2025-11-25,ICU,6.958333333333333,7.958333333333333,0.875
HHN-EDI-01,2025-11-26,ICU,7.458333333333333,8.0,0.9322916666666666
HHN-EDI-01,2025-11-27,ICU,7.375,7.875,0.9375
HHN-EDI-01,2025-11-28,ICU,7.083333333333333,8.0,0.8854166666666666
HHN-EDI-01,2025-11-29,ICU,6.0,7.875,0.7633928571428572
HHN-EDI-01,2025-11-30,ICU,5.416666666666667,7.791666666666667,0.6964285714285715
HHN-EDI-01,2025-12-01,ICU,6.25,7.875,0.7953869047619048
HHN-EDI-01,2025-12-02,ICU,8.0,8.0,1.0
HHN-EDI-01,2025-12-03,ICU,7.916666666666667,7.916666666666667,1.0
HHN-EDI-01,2025-12-04,ICU,7.958333333333333,7.958333333333333,1.0
HHN-EDI-01,2025-12-05,ICU,7.791666666666667,7.791666666666667,1.0
HHN-EDI-01,2025-12-06,ICU,6.666666666666667,7.875,0.8474702380952381
HHN-EDI-01,2025-12-07,ICU,7.041666666666667,7.916666666666667,0.8891369047619048
HHN-EDI-01,2025-12-08,ICU,7.958333333333333,7.958333333333333,1.0
HHN-EDI-01,2025-12-09,ICU,7.75,8.0,0.96875
HHN-EDI-01,2025-12-10,ICU,7.208333333333333,7.958333333333333,0.90625
HHN-EDI-01,2025-12-11,ICU,7.166666666666667,7.958333333333333,0.9010416666666666
HHN-EDI-01,2025-12-12,ICU,7.083333333333333,7.75,0.9151785714285715
HHN-EDI-01,2025-12-13,ICU,6.708333333333333,7.916666666666667,0.8489583333333334
HHN-EDI-01,2025-12-14,ICU,6.458333333333333,7.791666666666667,0.8318452380952381
HHN-EDI-01,2025-12-15,ICU,7.958333333333333,7.958333333333333,1.0
HHN-EDI-01,2025-12-16,ICU,8.0,8.0,1.0
HHN-EDI-01,2025-12-17,ICU,8.0,8.0,1.0
HHN-EDI-01,2025-12-18,ICU,7.916666666666667,7.916666666666667,1.0
HHN-EDI-01,2025-12-19,ICU,6.708333333333333,7.916666666666667,0.8482142857142857
HHN-EDI-01,2025-12-20,ICU,6.708333333333333,7.833333333333333,0.8563988095238094
HHN-EDI-01,2025-12-21,ICU,4.333333333333333,7.833333333333333,0.5535714285714285
HHN-EDI-01,2025-12-22,ICU,5.291666666666667,7.958333333333333,0.6651785714285714
HHN-EDI-01,2025-12-23,ICU,5.625,7.875,0.7157738095238094
HHN-EDI-01,2025-12-24,ICU,7.125,7.916666666666667,0.9010416666666666
HHN-EDI-01,2025-12-25,ICU,6.333333333333333,7.916666666666667,0.8013392857142857
HHN-EDI-01,2025-12-26,ICU,7.791666666666667,7.916666666666667,0.984375
HHN-EDI-01,2025-12-27,ICU,7.916666666666667,7.916666666666667,1.0
HHN-EDI-01,2025-12-28,ICU,7.791666666666667,7.958333333333333,0.9791666666666666
HHN-EDI-01,2025-12-29,ICU,7.958333333333333,7.958333333333333,1.0
HHN-EDI-01,2025-12-30,ICU,7.916666666666667,7.916666666666667,1.0
HHN-EDI-01,2025-12-31,ICU,7.916666666666667,7.916666666666667,1.0
HHN-LON-01,2024-01-01,ICU,2.375,17.916666666666668,0.13194444444444442
HHN-LON-01,2024-01-02,ICU,6.916666666666667,17.791666666666668,0.3887527233115468
HHN-LON-01,2024-01-03,ICU,8.958333333333334,17.875,0.5018041938997821
HHN-LON-01,2024-01-04,ICU,9.791666666666666,18.0,0.5439814814814815
HHN-LON-01,2024-01-05,ICU,11.291666666666666,17.833333333333332,0.6337826797385621
HHN-LON-01,2024-01-06,ICU,12.083333333333334,17.708333333333332,0.6830746187363834
HHN-LON-01,2024-01-07,ICU,12.416666666666666,17.666666666666668,0.7037037037037037
HHN-LON-01,2024-01-08,ICU,12.0,17.916666666666668,0.670070806100218
HHN-LON-01,2024-01-09,ICU,12.416666666666666,17.958333333333332,0.6914488017429194
HHN-LON-01,2024-01-10,ICU,16.125,17.708333333333332,0.9120370370370371
HHN-LON-01,2024-01-11,ICU,13.0,17.791666666666668,0.7308687363834423
HHN-LON-01,2024-01-12,ICU,10.75,17.916666666666668,0.599826388888889
HHN-LON-01,2024-01-13,ICU,16.291666666666668,17.791666666666668,0.9163943355119826
HHN-LON-01,2024-01-14,ICU,17.958333333333332,17.916666666666668,1.0
HHN-LON-01,2024-01-15,ICU,17.916666666666668,17.916666666666668,1.0
HHN-LON-01,2024-01-16,ICU,18.0,18.0,1.0
HHN-LON-01,2024-01-17,ICU,17.625,17.625,1.0
HHN-LON-01,2024-01-18,ICU,17.916666666666668,17.916666666666668,1.0
HHN-LON-01,2024-01-19,ICU,17.916666666666668,17.916666666666668,1.0
HHN-LON-01,2024-01-20,ICU,17.583333333333332,17.875,0.9837962962962963
HHN-LON-01,2024-01-21,ICU,18.0,18.0,1.0
HHN-LON-01,2024-01-22,ICU,17.833333333333332,17.833333333333332,1.0
HHN-LON-01,2024-01-23,ICU,17.708333333333332,17.708333333333332,1.0
HHN-LON-01,2024-01-24,ICU,17.916666666666668,17.916666666666668,1.0
HHN-LON-01,2024-01-25,ICU,17.75,17.916666666666668,0.9907407407407408
HHN-LON-01,2024-01-26,ICU,17.833333333333332,17.833333333333332,1.0
HHN-LON-01,2024-01-27,ICU,17.708333333333332,17.708333333333332,1.0
HHN-LON-01,2024-01-28,ICU,17.958333333333332,17.958333333333332,1.0
HHN-LON-01,2024-01-29,ICU,17.958333333333332,17.958333333333332,1.0
HHN-LON-01,2024-01-30,ICU,17.958333333333332,17.958333333333332,1.0
HHN-LON-01,2024-01-31,ICU,17.833333333333332,17.833333333333332,1.0
HHN-LON-01,2024-02-01,ICU,17.625,17.625,1.0
HHN-LON-01,2024-02-02,ICU,18.0,18.0,1.0
HHN-LON-01,2024-02-03,ICU,17.875,17.875,1.0
HHN-LON-01,2024-02-04,ICU,17.791666666666668,17.791666666666668,1.0
HHN-LON-01,2024-02-05,ICU,17.833333333333332,17.833333333333332,1.0
HHN-LON-01,2024-02-06,ICU,17.666666666666668,17.875,0.9884259259259259
HHN-LON-01,2024-02-07,ICU,17.166666666666668,17.916666666666668,0.9583333333333334
HHN-LON-01,2024-02-08,ICU,13.125,17.708333333333332,0.7412854030501089
HHN-LON-01,2024-02-09,ICU,11.166666666666666,18.0,0.6203703703703703
HHN-LON-01,2024-02-10,ICU,13.333333333333334,17.916666666666668,0.7441448801742919
HHN-LON-01,2024-02-11,ICU,16.875,17.791666666666668,0.9490740740740741
HHN-LON-01,2024-02-12,ICU,16.916666666666668,17.833333333333332,0.9490740740740741
HHN-LON-01,2024-02-13,ICU,17.25,18.0,0.9583333333333334
HHN-LON-01,2024-02-14,ICU,17.833333333333332,17.833333333333332,1.0
HHN-LON-01,2024-02-15,ICU,17.833333333333332,17.833333333333332,1.0
HHN-LON-01,2024-02-16,ICU,17.791666666666668,17.791666666666668,1.0
HHN-LON-01,2024-02-17,ICU,17.708333333333332,17.708333333333332,1.0
HHN-LON-01,2024-02-18,ICU,17.875,17.875,1.0
HHN-LON-01,2024-02-19,ICU,17.708333333333332,17.958333333333332,0.9861111111111112
HHN-LON-01,2024-02-20,ICU,17.666666666666668,17.958333333333332,0.9837962962962963
HHN-LON-01,2024-02-21,ICU,16.208333333333332,17.916666666666668,0.9050925925925926
HHN-LON-01,2024-02-22,ICU,12.833333333333334,17.791666666666668,0.7216605392156863
HHN-LON-01,2024-02-23,ICU,10.791666666666666,17.958333333333332,0.6011710239651417
HHN-LON-01,2024-02-24,ICU,12.5,17.791666666666668,0.7041802832244008
HHN-LON-01,2024-02-25,ICU,14.25,17.791666666666668,0.8011131535947712
HHN-LON-01,2024-02-26,ICU,16.833333333333332,17.916666666666668,0.9398148148148148
HHN-LON-01,2024-02-27,ICU,16.875,17.791666666666668,0.9490740740740741
HHN-LON-01,2024-02-28,ICU,17.291666666666668,18.0,0.960648148148148
HHN-LON-01,2024-02-29,ICU,17.708333333333332,17.708333333333332,1.0
HHN-LON-01,2024-03-01,ICU,17.791666666666668,17.791666666666668,1.0
HHN-LON-01,2024-03-02,ICU,17.791666666666668,17.875,0.9953703703703703
HHN-LON-01,2024-03-03,ICU,14.375,17.916666666666668,0.8026960784313726
HHN-LON-01,2024-03-04,ICU,13.5,17.958333333333332,0.7519063180827886
HHN-LON-01,2024-03-05,ICU,11.375,17.916666666666668,0.6351273148148148
HHN-LON-01,2024-03-06,ICU,10.916666666666666,17.916666666666668,0.609375
HHN-LON-01,2024-03-07,ICU,11.875,17.916666666666668,0.6629050925925926
HHN-LON-01,2024-03-08,ICU,12.625,17.875,0.7069206154684095
HHN-LON-01,2024-03-09,ICU,14.708333333333334,17.916666666666668,0.8210784313725491
HHN-LON-01,2024-03-10,ICU,17.958333333333332,17.958333333333332,1.0
HHN-LON-01,2024-03-11,ICU,17.833333333333332,17.833333333333332,1.0
HHN-LON-01,2024-03-12,ICU,18.0,18.0,1.0
HHN-LON-01,2024-03-13,ICU,17.958333333333332,17.958333333333332,1.0
HHN-LON-01,2024-03-14,ICU,17.875,17.875,1.0
HHN-LON-01,2024-03-15,ICU,17.291666666666668,18.0,0.9606481481481483
HHN-LON-01,2024-03-16,ICU,14.916666666666666,17.833333333333332,0.8373842592592592
HHN-LON-01,2024-03-17,ICU,18.0,18.0,1.0
HHN-LON-01,2024-03-18,ICU,17.208333333333332,17.958333333333332,0.9583333333333334
HHN-LON-01,2024-03-19,ICU,16.166666666666668,17.958333333333332,0.9004629629629629
HHN-LON-01,2024-03-20,ICU,17.583333333333332,17.833333333333332,0.9861111111111112
HHN-LON-01,2024-03-21,ICU,17.833333333333332,17.833333333333332,1.0
HHN-LON-01,2024-03-22,ICU,18.0,18.0,1.0
HHN-LON-01,2024-03-23,ICU,17.916666666666668,17.916666666666668,1.0
HHN-LON-01,2024-03-24,ICU,17.541666666666668,17.833333333333332,0.9837962962962963
HHN-LON-01,2024-03-25,ICU,17.916666666666668,17.916666666666668,1.0
HHN-LON-01,2024-03-26,ICU,17.916666666666668,17.916666666666668,1.0
HHN-LON-01,2024-03-27,ICU,17.916666666666668,17.916666666666668,1.0
HHN-LON-01,2024-03-28,ICU,17.708333333333332,17.958333333333332,0.9861111111111112
HHN-LON-01,2024-03-29,ICU,15.291666666666666,18.0,0.8495370370370371
HHN-LON-01,2024-03-30,ICU,13.083333333333334,17.75,0.7383408224400871
HHN-LON-01,2024-03-31,ICU,12.208333333333334,18.0,0.6782407407407408
HHN-LON-01,2024-04-01,ICU,17.0,18.0,0.9444444444444443
HHN-LON-01,2024-04-02,ICU,17.833333333333332,17.833333333333332,1.0
HHN-LON-01,2024-04-03,ICU,17.416666666666668,18.0,0.9675925925925926
HHN-LON-01,2024-04-04,ICU,17.625,18.0,0.9791666666666666
HHN-LON-01,2024-04-05,ICU,17.875,18.0,0.9930555555555555
HHN-LON-01,2024-04-06,ICU,17.541666666666668,17.708333333333332,0.9907407407407408
HHN-LON-01,2024-04-07,ICU,18.0,18.0,1.0
HHN-LON-01,2024-04-08,ICU,17.666666666666668,18.0,0.9814814814814815
HHN-LON-01,2024-04-09,ICU,17.791666666666668,17.791666666666668,1.0
HHN-LON-01,2024-04-10,ICU,17.833333333333332,17.833333333333332,1.0
HHN-LON-01,2024-04-11,ICU,18.0,18.0,1.0
HHN-LON-01,2024-04-12,ICU,17.916666666666668,17.916666666666668,1.0
HHN-LON-01,2024-04-13,ICU,17.75,17.75,1.0
HHN-LON-01,2024-04-14,ICU,17.916666666666668,17.916666666666668,1.0
HHN-LON-01,2024-04-15,ICU,17.875,17.875,1.0
HHN-LON-01,2024-04-16,ICU,18.0,18.0,1.0
HHN-LON-01,2024-04-17,ICU,17.833333333333332,17.916666666666668,0.9953703703703703
HHN-LON-01,2024-04-18,ICU,16.666666666666668,17.875,0.9327342047930283
HHN-LON-01,2024-04-19,ICU,17.208333333333332,17.916666666666668,0.960511982570806
HHN-LON-01,2024-04-20,ICU,17.375,17.583333333333332,0.9884259259259259
HHN-LON-01,2024-04-21,ICU,18.0,18.0,1.0
HHN-LON-01,2024-04-22,ICU,18.0,18.0,1.0
HHN-LON-01,2024-04-23,ICU,17.958333333333332,17.958333333333332,1.0
HHN-LON-01,2024-04-24,ICU,16.416666666666668,17.958333333333332,0.9140795206971677
HHN-LON-01,2024-04-25,ICU,13.833333333333334,18.0,0.7685185185185185
HHN-LON-01,2024-04-26,ICU,12.291666666666666,18.0,0.6828703703703703
HHN-LON-01,2024-04-27,ICU,14.0,17.916666666666668,0.7818287037037037
HHN-LON-01,2024-04-28,ICU,16.833333333333332,18.0,0.9351851851851851
HHN-LON-01,2024-04-29,ICU,17.083333333333332,17.958333333333332,0.9513888888888888
HHN-LON-01,2024-04-30,ICU,16.5,17.875,0.923611111111111
HHN-LON-01,2024-05-01,ICU,15.541666666666666,17.916666666666668,0.8677662037037037
HHN-LON-01,2024-05-02,ICU,14.208333333333334,18.0,0.789351851851852
HHN-LON-01,2024-05-03,ICU,13.75,17.958333333333332,0.7656590413943355
HHN-LON-01,2024-05-04,ICU,12.541666666666666,17.875,0.701865468409586
HHN-LON-01,2024-05-05,ICU,11.916666666666666,17.833333333333332,0.6690495642701525
HHN-LON-01,2024-05-06,ICU,12.083333333333334,17.875,0.6761301742919391
HHN-LON-01,2024-05-07,ICU,13.166666666666666,18.0,0.7314814814814815
HHN-LON-01,2024-05-08,ICU,11.666666666666666,17.833333333333332,0.6548713235294118
HHN-LON-01,2024-05-09,ICU,11.125,18.0,0.6180555555555556
HHN-LON-01,2024-05-10,ICU,14.0,18.0,0.7777777777777778
HHN-LON-01,2024-05-11,ICU,12.583333333333334,17.833333333333332,0.7059504357298475
HHN-LON-01,2024-05-12,ICU,9.75,17.875,0.5460580065359477
HHN-LON-01,2024-05-13,ICU,9.25,17.833333333333332,0.5192333877995643
HHN-LON-01,2024-05-14,ICU,10.541666666666666,17.875,0.5900394880174292
HHN-LON-01,2024-05-15,ICU,10.125,17.958333333333332,0.5639978213507625
HHN-LON-01,2024-05-16,ICU,8.916666666666666,18.0,0.4953703703703704
HHN-LON-01,2024-05-17,ICU,11.208333333333334,18.0,0.6226851851851852
HHN-LON-01,2024-05-18,ICU,10.416666666666666,17.75,0.5873672385620915
HHN-LON-01,2024-05-19,ICU,9.583333333333334,17.666666666666668,0.5423815359477124
HHN-LON-01,2024-05-20,ICU,10.75,17.916666666666668,0.6004050925925927
HHN-LON-01,2024-05-21,ICU,9.416666666666666,17.708333333333332,0.5324584694989106
HHN-LON-01,2024-05-22,ICU,7.333333333333333,18.0,0.40740740740740744
HHN-LON-01,2024-05-23,ICU,5.125,18.0,0.2847222222222222
HHN-LON-01,2024-05-24,ICU,5.416666666666667,17.916666666666668,0.30324074074074076
HHN-LON-01,2024-05-25,ICU,9.375,17.875,0.5251906318082789
HHN-LON-01,2024-05-26,ICU,11.083333333333334,17.875,0.6205575980392157
HHN-LON-01,2024-05-27,ICU,10.5,17.916666666666668,0.5862268518518519
HHN-LON-01,2024-05-28,ICU,12.708333333333334,17.875,0.7115502450980392
HHN-LON-01,2024-05-29,ICU,13.208333333333334,17.875,0.7397535403050108
HHN-LON-01,2024-05-30,ICU,14.625,18.0,0.8125
HHN-LON-01,2024-05-31,ICU,15.583333333333334,18.0,0.8657407407407408
HHN-LON-01,2024-06-01,ICU,15.083333333333334,17.875,0.8446350762527234
HHN-LON-01,2024-06-02,ICU,15.583333333333334,17.75,0.8786424291938998
HHN-LON-01,2024-06-03,ICU,17.833333333333332,18.0,0.9907407407407408
HHN-LON-01,2024-06-04,ICU,16.708333333333332,17.916666666666668,0.9328703703703703
HHN-LON-01,2024-06-05,ICU,16.875,17.916666666666668,0.9421296296296297
HHN-LON-01,2024-06-06,ICU,16.0,17.916666666666668,0.8932461873638343
HHN-LON-01,2024-06-07,ICU,14.541666666666666,17.958333333333332,0.8099128540305011
HHN-LON-01,2024-06-08,ICU,10.875,17.833333333333332,0.6106515522875817
HHN-LON-01,2024-06-09,ICU,8.75,17.833333333333332,0.4913194444444444
HHN-LON-01,2024-06-10,ICU,9.083333333333334,18.0,0.5046296296296297
HHN-LON-01,2024-06-11,ICU,12.75,18.0,0.7083333333333334
HHN-LON-01,2024-06-12,ICU,15.541666666666666,17.916666666666668,0.8676470588235294
HHN-LON-01,2024-06-13,ICU,14.333333333333334,18.0,0.7962962962962963
HHN-LON-01,2024-06-14,ICU,14.0,17.833333333333332,0.7856413398692811
HHN-LON-01,2024-06-15,ICU,12.291666666666666,17.875,0.6879765795206971
HHN-LON-01,2024-06-16,ICU,13.5,18.0,0.75
HHN-LON-01,2024-06-17,ICU,14.375,18.0,0.7986111111111112
HHN-LON-01,2024-06-18,ICU,13.375,17.833333333333332,0.7508680555555555
HHN-LON-01,2024-06-19,ICU,13.583333333333334,17.916666666666668,0.7583912037037037
HHN-LON-01,2024-06-20,ICU,14.208333333333334,17.833333333333332,0.7972154139433552
HHN-LON-01,2024-06-21,ICU,13.291666666666666,17.833333333333332,0.7459490740740741
HHN-LON-01,2024-06-22,ICU,12.708333333333334,17.791666666666668,0.7150905501089325
HHN-LON-01,2024-06-23,ICU,14.833333333333334,17.875,0.8306100217864923
HHN-LON-01,2024-06-24,ICU,13.25,17.916666666666668,0.7395833333333334
HHN-LON-01,2024-06-25,ICU,14.208333333333334,17.958333333333332,0.7912581699346406
HHN-LON-01,2024-06-26,ICU,16.375,17.958333333333332,0.9116285403050108
HHN-LON-01,2024-06-27,ICU,14.541666666666666,17.916666666666668,0.8125
HHN-LON-01,2024-06-28,ICU,14.541666666666666,17.833333333333332,0.8157339324618736
HHN-LON-01,2024-06-29,ICU,13.916666666666666,17.75,0.7858796296296297
HHN-LON-01,2024-06-30,ICU,12.041666666666666,17.916666666666668,0.6724537037037037
HHN-LON-01,2024-07-01,ICU,10.375,17.875,0.5809334150326798
HHN-LON-01,2024-07-02,ICU,10.208333333333334,17.916666666666668,0.5701252723311547
HHN-LON-01,2024-07-03,ICU,11.0,18.0,0.6111111111111112
HHN-LON-01,2024-07-04,ICU,9.708333333333334,17.875,0.5431815087145969
HHN-LON-01,2024-07-05,ICU,8.0,17.916666666666668,0.4470486111111111
HHN-LON-01,2024-07-06,ICU,7.166666666666667,17.583333333333332,0.4081563180827887
HHN-LON-01,2024-07-07,ICU,5.75,17.916666666666668,0.32107843137254904
HHN-LON-01,2024-07-08,ICU,7.041666666666667,18.0,0.3912037037037037
HHN-LON-01,2024-07-09,ICU,7.25,17.916666666666668,0.4048032407407407
HHN-LON-01,2024-07-10,ICU,10.125,18.0,0.5625
HHN-LON-01,2024-07-11,ICU,9.541666666666666,18.0,0.5300925925925927
HHN-LON-01,2024-07-12,ICU,9.0,17.958333333333332,0.5010893246187363
HHN-LON-01,2024-07-13,ICU,11.583333333333334,18.0,0.6435185185185185
HHN-LON-01,2024-07-14,ICU,10.583333333333334,17.916666666666668,0.5906862745098039
HHN-LON-01,2024-07-15,ICU,11.625,18.0,0.6458333333333334
HHN-LON-01,2024-07-16,ICU,11.958333333333334,17.916666666666668,0.6681134259259259
HHN-LON-01,2024-07-17,ICU,14.791666666666666,17.916666666666668,0.8263888888888888
HHN-LON-01,2024-07-18,ICU,16.291666666666668,18.0,0.9050925925925926
HHN-LON-01,2024-07-19,ICU,15.333333333333334,18.0,0.8518518518518517
HHN-LON-01,2024-07-20,ICU,12.5,17.916666666666668,0.6982060185185185
HHN-LON-01,2024-07-21,ICU,11.583333333333334,17.916666666666668,0.6469907407407408
HHN-LON-01,2024-07-22,ICU,12.583333333333334,17.833333333333332,0.7065972222222222
HHN-LON-01,2024-07-23,ICU,11.75,17.958333333333332,0.6544117647058824
HHN-LON-01,2024-07-24,ICU,13.25,17.708333333333332,0.7496595860566448
HHN-LON-01,2024-07-25,ICU,12.583333333333334,18.0,0.6990740740740741
HHN-LON-01,2024-07-26,ICU,14.916666666666666,17.916666666666668,0.8324652777777778
HHN-LON-01,2024-07-27,ICU,11.083333333333334,17.958333333333332,0.6171023965141612
HHN-LON-01,2024-07-28,ICU,11.25,18.0,0.625
HHN-LON-01,2024-07-29,ICU,13.083333333333334,17.916666666666668,0.7306134259259259
HHN-LON-01,2024-07-30,ICU,12.083333333333334,17.75,0.681491693899782
HHN-LON-01,2024-07-31,ICU,10.416666666666666,18.0,0.5787037037037037
HHN-LON-01,2024-08-01,ICU,10.541666666666666,18.0,0.5856481481481483
HHN-LON-01,2024-08-02,ICU,11.208333333333334,17.958333333333332,0.6243191721132898
HHN-LON-01,2024-08-03,ICU,10.125,17.916666666666668,0.5653594771241831
HHN-LON-01,2024-08-04,ICU,9.333333333333334,18.0,0.5185185185185185
HHN-LON-01,2024-08-05,ICU,9.875,17.875,0.5528662854030502
HHN-LON-01,2024-08-06,ICU,7.333333333333333,17.958333333333332,0.40863289760348587
HHN-LON-01,2024-08-07,ICU,6.125,17.833333333333332,0.3435457516339869
HHN-LON-01,2024-08-08,ICU,4.958333333333333,17.875,0.27759055010893247
HHN-LON-01,2024-08-09,ICU,4.791666666666667,18.0,0.26620370370370366
HHN-LON-01,2024-08-10,ICU,5.25,17.958333333333332,0.2923474945533769
HHN-LON-01,2024-08-11,ICU,4.875,17.791666666666668,0.2746800108932462
HHN-LON-01,2024-08-12,ICU,5.833333333333333,17.958333333333332,0.32489106753812635
HHN-LON-01,2024-08-13,ICU,4.5,18.0,0.25
HHN-LON-01,2024-08-14,ICU,4.958333333333333,18.0,0.27546296296296297
HHN-LON-01,2024-08-15,ICU,7.166666666666667,17.875,0.40054806644880175
HHN-LON-01,2024-08-16,ICU,9.25,17.875,0.5177355664488018
HHN-LON-01,2024-08-17,ICU,7.041666666666667,17.833333333333332,0.394880174291939
HHN-LON-01,2024-08-18,ICU,10.541666666666666,17.875,0.5903288398692811
HHN-LON-01,2024-08-19,ICU,12.541666666666666,18.0,0.6967592592592592
HHN-LON-01,2024-08-20,ICU,11.083333333333334,18.0,0.6157407407407408
HHN-LON-01,2024-08-21,ICU,10.458333333333334,17.833333333333332,0.5870949074074074
HHN-LON-01,2024-08-22,ICU,9.333333333333334,17.833333333333332,0.524135348583878
HHN-LON-01,2024-08-23,ICU,9.791666666666666,17.833333333333332,0.5497685185185185
HHN-LON-01,2024-08-24,ICU,8.875,17.791666666666668,0.4994893790849673
HHN-LON-01,2024-08-25,ICU,6.041666666666667,17.916666666666668,0.33709490740740744
HHN-LON-01,2024-08-26,ICU,4.875,18.0,0.2708333333333333
HHN-LON-01,2024-08-27,ICU,4.333333333333333,17.875,0.24257897603485837
HHN-LON-01,2024-08-28,ICU,5.291666666666667,17.916666666666668,0.2951388888888889
HHN-LON-01,2024-08-29,ICU,6.583333333333333,17.875,0.36786832788671026
HHN-LON-01,2024-08-30,ICU,5.166666666666667,18.0,0.28703703703703703
HHN-LON-01,2024-08-31,ICU,5.166666666666667,17.875,0.2895901416122004
HHN-LON-01,2024-09-01,ICU,3.75,17.875,0.209609885620915
HHN-LON-01,2024-09-02,ICU,4.708333333333333,17.833333333333332,0.26417824074074076
HHN-LON-01,2024-09-03,ICU,6.958333333333333,17.958333333333332,0.38752723311546844
HHN-LON-01,2024-09-04,ICU,8.875,17.916666666666668,0.4953703703703704
HHN-LON-01,2024-09-05,ICU,10.0,18.0,0.5555555555555556
HHN-LON-01,2024-09-06,ICU,10.041666666666666,18.0,0.5578703703703703
HHN-LON-01,2024-09-07,ICU,14.041666666666666,17.916666666666668,0.784177559912854
HHN-LON-01,2024-09-08,ICU,16.125,17.958333333333332,0.898011982570806
HHN-LON-01,2024-09-09,ICU,14.75,18.0,0.8194444444444445
HHN-LON-01,2024-09-10,ICU,15.75,18.0,0.875
HHN-LON-01,2024-09-11,ICU,14.25,17.833333333333332,0.8001089324618736
HHN-LON-01,2024-09-12,ICU,12.375,17.916666666666668,0.6909722222222222
HHN-LON-01,2024-09-13,ICU,13.041666666666666,17.916666666666668,0.7282986111111112
HHN-LON-01,2024-09-14,ICU,11.708333333333334,17.875,0.6550074891067538
HHN-LON-01,2024-09-15,ICU,13.291666666666666,17.958333333333332,0.7404684095860566
HHN-LON-01,2024-09-16,ICU,13.041666666666666,17.958333333333332,0.7263071895424836
HHN-LON-01,2024-09-17,ICU,11.458333333333334,17.958333333333332,0.6382080610021786
HHN-LON-01,2024-09-18,ICU,9.333333333333334,18.0,0.5185185185185185
HHN-LON-01,2024-09-19,ICU,8.708333333333334,17.833333333333332,0.4890046296296296
HHN-LON-01,2024-09-20,ICU,6.875,17.833333333333332,0.3854507080610022
HHN-LON-01,2024-09-21,ICU,10.875,17.875,0.608949482570806
HHN-LON-01,2024-09-22,ICU,14.916666666666666,17.833333333333332,0.8371289488017429
HHN-LON-01,2024-09-23,ICU,13.875,18.0,0.7708333333333334
HHN-LON-01,2024-09-24,ICU,14.041666666666666,17.833333333333332,0.7873093681917211
HHN-LON-01,2024-09-25,ICU,13.916666666666666,17.958333333333332,0.7751906318082789
HHN-LON-01,2024-09-26,ICU,13.708333333333334,17.916666666666668,0.7653356481481483
HHN-LON-01,2024-09-27,ICU,11.416666666666666,17.833333333333332,0.6409143518518519
HHN-LON-01,2024-09-28,ICU,13.25,17.875,0.7417790032679737
HHN-LON-01,2024-09-29,ICU,15.125,17.833333333333332,0.8489753540305012
HHN-LON-01,2024-09-30,ICU,17.625,18.0,0.9791666666666666
HHN-LON-01,2024-10-01,ICU,17.958333333333332,17.958333333333332,1.0
HHN-LON-01,2024-10-02,ICU,17.291666666666668,17.875,0.9675925925925926
HHN-LON-01,2024-10-03,ICU,15.833333333333334,17.958333333333332,0.8815359477124183
HHN-LON-01,2024-10-04,ICU,13.708333333333334,17.875,0.7675313180827886
HHN-LON-01,2024-10-05,ICU,12.791666666666666,17.875,0.7163160403050108
HHN-LON-01,2024-10-06,ICU,12.291666666666666,17.916666666666668,0.6863425925925926
HHN-LON-01,2024-10-07,ICU,14.625,17.916666666666668,0.8168402777777778
HHN-LON-01,2024-10-08,ICU,15.916666666666666,17.958333333333332,0.88630174291939
HHN-LON-01,2024-10-09,ICU,17.25,18.0,0.9583333333333334
HHN-LON-01,2024-10-10,ICU,17.791666666666668,17.791666666666668,1.0
HHN-LON-01,2024-10-11,ICU,17.5,18.0,0.9722222222222222
HHN-LON-01,2024-10-12,ICU,17.416666666666668,17.75,0.9814814814814815
HHN-LON-01,2024-10-13,ICU,14.75,17.875,0.8249761710239651
HHN-LON-01,2024-10-14,ICU,15.333333333333334,17.875,0.8573665577342048
HHN-LON-01,2024-10-15,ICU,17.333333333333332,17.958333333333332,0.9652777777777778
HHN-LON-01,2024-10-16,ICU,17.166666666666668,18.0,0.9537037037037037
HHN-LON-01,2024-10-17,ICU,17.958333333333332,17.958333333333332,1.0
HHN-LON-01,2024-10-18,ICU,17.708333333333332,17.875,0.9907407407407408
HHN-LON-01,2024-10-19,ICU,17.666666666666668,17.666666666666668,1.0
HHN-LON-01,2024-10-20,ICU,17.875,17.875,1.0
HHN-LON-01,2024-10-21,ICU,17.666666666666668,17.916666666666668,0.9861111111111112
HHN-LON-01,2024-10-22,ICU,17.875,17.833333333333332,1.0
HHN-LON-01,2024-10-23,ICU,17.916666666666668,17.916666666666668,1.0
HHN-LON-01,2024-10-24,ICU,16.666666666666668,17.958333333333332,0.9281045751633986
HHN-LON-01,2024-10-25,ICU,15.625,17.875,0.874574482570806
HHN-LON-01,2024-10-26,ICU,17.25,18.0,0.9583333333333334
HHN-LON-01,2024-10-27,ICU,17.125,17.916666666666668,0.9556100217864923
HHN-LON-01,2024-10-28,ICU,14.833333333333334,17.916666666666668,0.8284143518518517
HHN-LON-01,2024-10-29,ICU,15.583333333333334,17.708333333333332,0.8819444444444445
HHN-LON-01,2024-10-30,ICU,17.291666666666668,17.791666666666668,0.9722222222222222
HHN-LON-01,2024-10-31,ICU,16.0,17.916666666666668,0.8935185185185185
HHN-LON-01,2024-11-01,ICU,15.125,17.916666666666668,0.8446350762527234
HHN-LON-01,2024-11-02,ICU,12.958333333333334,17.791666666666668,0.7291836873638343
HHN-LON-01,2024-11-03,ICU,14.541666666666666,17.708333333333332,0.8210784313725491
HHN-LON-01,2024-11-04,ICU,16.583333333333332,18.0,0.9212962962962963
HHN-LON-01,2024-11-05,ICU,17.416666666666668,17.916666666666668,0.9722222222222222
HHN-LON-01,2024-11-06,ICU,17.583333333333332,17.833333333333332,0.9861111111111112
HHN-LON-01,2024-11-07,ICU,17.916666666666668,17.916666666666668,1.0
HHN-LON-01,2024-11-08,ICU,17.083333333333332,17.875,0.9560185185185185
HHN-LON-01,2024-11-09,ICU,12.833333333333334,17.791666666666668,0.721966911764706
HHN-LON-01,2024-11-10,ICU,14.541666666666666,17.916666666666668,0.8116830065359477
HHN-LON-01,2024-11-11,ICU,17.25,18.0,0.9583333333333334
HHN-LON-01,2024-11-12,ICU,12.75,18.0,0.7083333333333334
HHN-LON-01,2024-11-13,ICU,9.958333333333334,18.0,0.5532407407407408
HHN-LON-01,2024-11-14,ICU,12.25,17.833333333333332,0.6875
HHN-LON-01,2024-11-15,ICU,11.166666666666666,17.875,0.6250510620915033
HHN-LON-01,2024-11-16,ICU,12.416666666666666,17.666666666666668,0.7040951797385621
HHN-LON-01,2024-11-17,ICU,13.291666666666666,17.75,0.7497617102396514
HHN-LON-01,2024-11-18,ICU,14.791666666666666,17.958333333333332,0.8236655773420479
HHN-LON-01,2024-11-19,ICU,14.125,17.958333333333332,0.7864923747276689
HHN-LON-01,2024-11-20,ICU,13.541666666666666,18.0,0.7523148148148149
HHN-LON-01,2024-11-21,ICU,13.583333333333334,18.0,0.7546296296296297
HHN-LON-01,2024-11-22,ICU,10.958333333333334,17.916666666666668,0.6122685185185185
HHN-LON-01,2024-11-23,ICU,10.625,17.833333333333332,0.5964562908496732
HHN-LON-01,2024-11-24,ICU,8.666666666666666,17.833333333333332,0.48682598039215685
HHN-LON-01,2024-11-25,ICU,7.5,17.875,0.419781454248366
HHN-LON-01,2024-11-26,ICU,9.708333333333334,18.0,0.5393518518518519
HHN-LON-01,2024-11-27,ICU,10.0,17.916666666666668,0.5582788671023965
HHN-LON-01,2024-11-28,ICU,10.75,17.958333333333332,0.5984477124183006
HHN-LON-01,2024-11-29,ICU,14.166666666666666,18.0,0.7870370370370371
HHN-LON-01,2024-11-30,ICU,13.75,17.833333333333332,0.7708333333333334
HHN-LON-01,2024-12-01,ICU,16.083333333333332,17.875,0.9000374455337691
HHN-LON-01,2024-12-02,ICU,17.0,17.958333333333332,0.9466230936819171
HHN-LON-01,2024-12-03,ICU,16.916666666666668,17.916666666666668,0.9444444444444445
HHN-LON-01,2024-12-04,ICU,15.625,17.791666666666668,0.8790509259259259
HHN-LON-01,2024-12-05,ICU,12.208333333333334,18.0,0.6782407407407408
HHN-LON-01,2024-12-06,ICU,12.916666666666666,17.791666666666668,0.7266135620915032
HHN-LON-01,2024-12-07,ICU,13.041666666666666,17.916666666666668,0.7278050108932462
HHN-LON-01,2024-12-08,ICU,12.583333333333334,17.875,0.7047589869281046
HHN-LON-01,2024-12-09,ICU,13.458333333333334,17.875,0.7531318082788672
HHN-LON-01,2024-12-10,ICU,13.958333333333334,17.916666666666668,0.7795138888888888
HHN-LON-01,2024-12-11,ICU,15.166666666666666,17.916666666666668,0.8466435185185185
HHN-LON-01,2024-12-12,ICU,13.833333333333334,17.916666666666668,0.7725694444444445
HHN-LON-01,2024-12-13,ICU,15.833333333333334,17.916666666666668,0.8842592592592592
HHN-LON-01,2024-12-14,ICU,11.166666666666666,17.875,0.6250510620915033
HHN-LON-01,2024-12-15,ICU,11.875,17.875,0.6644029139433552
HHN-LON-01,2024-12-16,ICU,13.083333333333334,17.916666666666668,0.7309027777777778
HHN-LON-01,2024-12-17,ICU,11.5,17.958333333333332,0.6405228758169935
HHN-LON-01,2024-12-18,ICU,11.916666666666666,17.708333333333332,0.6742408769063181
HHN-LON-01,2024-12-19,ICU,11.458333333333334,17.875,0.6411015795206972
HHN-LON-01,2024-12-20,ICU,12.541666666666666,17.791666666666668,0.7069376361655774
HHN-LON-01,2024-12-21,ICU,14.916666666666666,17.458333333333332,0.8572303921568628
HHN-LON-01,2024-12-22,ICU,17.458333333333332,17.875,0.9768518518518517
HHN-LON-01,2024-12-23,ICU,17.958333333333332,17.958333333333332,1.0
HHN-LON-01,2024-12-24,ICU,15.458333333333334,17.833333333333332,0.8672385620915032
HHN-LON-01,2024-12-25,ICU,14.25,18.0,0.7916666666666666
HHN-LON-01,2024-12-26,ICU,13.041666666666666,18.0,0.7245370370370371
HHN-LON-01,2024-12-27,ICU,15.125,17.916666666666668,0.8444989106753812
HHN-LON-01,2024-12-28,ICU,14.25,17.75,0.8041598583877995
HHN-LON-01,2024-12-29,ICU,15.5,17.583333333333332,0.8834252450980392
HHN-LON-01,2024-12-30,ICU,14.583333333333334,17.875,0.8165849673202614
HHN-LON-01,2024-12-31,ICU,14.75,17.916666666666668,0.8240740740740741
HHN-LON-01,2025-01-01,ICU,13.458333333333334,17.958333333333332,0.7493191721132897
HHN-LON-01,2025-01-02,ICU,10.416666666666666,17.958333333333332,0.5803376906318083
HHN-LON-01,2025-01-03,ICU,12.041666666666666,17.833333333333332,0.6767939814814815
HHN-LON-01,2025-01-04,ICU,13.416666666666666,17.791666666666668,0.7547147331154683
HHN-LON-01,2025-01-05,ICU,11.416666666666666,17.833333333333332,0.6419866557734205
HHN-LON-01,2025-01-06,ICU,11.583333333333334,17.916666666666668,0.646701388888889
HHN-LON-01,2025-01-07,ICU,9.708333333333334,17.666666666666668,0.5509259259259259
HHN-LON-01,2025-01-08,ICU,9.333333333333334,17.708333333333332,0.5282713779956427
HHN-LON-01,2025-01-09,ICU,10.416666666666666,17.833333333333332,0.5850694444444445
HHN-LON-01,2025-01-10,ICU,12.041666666666666,17.541666666666668,0.6879765795206971
HHN-LON-01,2025-01-11,ICU,11.5,17.708333333333332,0.6509395424836601
HHN-LON-01,2025-01-12,ICU,11.75,17.916666666666668,0.6559095860566448
HHN-LON-01,2025-01-13,ICU,11.041666666666666,17.833333333333332,0.6201831427015251
HHN-LON-01,2025-01-14,ICU,13.541666666666666,17.833333333333332,0.7598890250544662
HHN-LON-01,2025-01-15,ICU,15.291666666666666,17.958333333333332,0.8515795206971677
HHN-LON-01,2025-01-16,ICU,15.833333333333334,17.875,0.8861485566448802
HHN-LON-01,2025-01-17,ICU,17.0,17.666666666666668,0.9629629629629629
HHN-LON-01,2025-01-18,ICU,17.416666666666668,17.708333333333332,0.9837962962962963
HHN-LON-01,2025-01-19,ICU,15.583333333333334,17.75,0.8794934640522877
HHN-LON-01,2025-01-20,ICU,13.875,17.916666666666668,0.7745949074074074
HHN-LON-01,2025-01-21,ICU,14.666666666666666,17.666666666666668,0.8324652777777778
HHN-LON-01,2025-01-22,ICU,10.208333333333334,17.791666666666668,0.5753676470588235
HHN-LON-01,2025-01-23,ICU,7.375,17.916666666666668,0.41203703703703703
HHN-LON-01,2025-01-24,ICU,10.25,18.0,0.5694444444444444
HHN-LON-01,2025-01-25,ICU,13.083333333333334,17.791666666666668,0.7358558006535948
HHN-LON-01,2025-01-26,ICU,16.291666666666668,17.791666666666668,0.9153901143790849
HHN-LON-01,2025-01-27,ICU,17.75,17.916666666666668,0.9907407407407408
HHN-LON-01,2025-01-28,ICU,17.666666666666668,18.0,0.9814814814814815
HHN-LON-01,2025-01-29,ICU,17.916666666666668,17.916666666666668,1.0
HHN-LON-01,2025-01-30,ICU,16.208333333333332,17.833333333333332,0.9091435185185185
HHN-LON-01,2025-01-31,ICU,15.166666666666666,17.916666666666668,0.8468137254901961
HHN-LON-01,2025-02-01,ICU,16.791666666666668,17.791666666666668,0.9441550925925926
HHN-LON-01,2025-02-02,ICU,17.875,17.875,1.0
HHN-LON-01,2025-02-03,ICU,17.75,17.75,1.0
HHN-LON-01,2025-02-04,ICU,17.833333333333332,17.833333333333332,1.0
HHN-LON-01,2025-02-05,ICU,17.791666666666668,17.791666666666668,1.0
HHN-LON-01,2025-02-06,ICU,17.875,17.875,1.0
HHN-LON-01,2025-02-07,ICU,16.208333333333332,17.958333333333332,0.9027777777777778
HHN-LON-01,2025-02-08,ICU,17.375,17.958333333333332,0.9675925925925926
HHN-LON-01,2025-02-09,ICU,18.0,18.0,1.0
HHN-LON-01,2025-02-10,ICU,17.166666666666668,17.958333333333332,0.9560185185185185
HHN-LON-01,2025-02-11,ICU,17.666666666666668,17.833333333333332,0.9907407407407408
HHN-LON-01,2025-02-12,ICU,14.791666666666666,17.916666666666668,0.8263888888888888
HHN-LON-01,2025-02-13,ICU,12.708333333333334,17.958333333333332,0.7077886710239651
HHN-LON-01,2025-02-14,ICU,13.125,17.875,0.7344090413943355
HHN-LON-01,2025-02-15,ICU,13.25,17.958333333333332,0.7378812636165577
HHN-LON-01,2025-02-16,ICU,13.208333333333334,18.0,0.7337962962962963
HHN-LON-01,2025-02-17,ICU,11.541666666666666,18.0,0.6412037037037037
HHN-LON-01,2025-02-18,ICU,11.75,17.958333333333332,0.6544117647058824
HHN-LON-01,2025-02-19,ICU,12.25,17.916666666666668,0.6838235294117646
HHN-LON-01,2025-02-20,ICU,11.541666666666666,17.75,0.6507523148148148
HHN-LON-01,2025-02-21,ICU,13.5,17.916666666666668,0.7538126361655774
HHN-LON-01,2025-02-22,ICU,15.166666666666666,17.833333333333332,0.8510178376906318
HHN-LON-01,2025-02-23,ICU,16.25,17.708333333333332,0.9189814814814815
HHN-LON-01,2025-02-24,ICU,17.958333333333332,17.958333333333332,1.0
HHN-LON-01,2025-02-25,ICU,18.0,18.0,1.0
HHN-LON-01,2025-02-26,ICU,17.625,17.625,1.0
HHN-LON-01,2025-02-27,ICU,17.916666666666668,17.916666666666668,1.0
HHN-LON-01,2025-02-28,ICU,17.833333333333332,17.833333333333332,1.0
HHN-LON-01,2025-03-01,ICU,17.958333333333332,17.958333333333332,1.0
HHN-LON-01,2025-03-02,ICU,17.833333333333332,17.833333333333332,1.0
HHN-LON-01,2025-03-03,ICU,18.0,18.0,1.0
HHN-LON-01,2025-03-04,ICU,17.875,17.875,1.0
HHN-LON-01,2025-03-05,ICU,18.0,18.0,1.0
HHN-LON-01,2025-03-06,ICU,17.958333333333332,17.958333333333332,1.0
HHN-LON-01,2025-03-07,ICU,18.0,18.0,1.0
HHN-LON-01,2025-03-08,ICU,17.916666666666668,17.916666666666668,1.0
HHN-LON-01,2025-03-09,ICU,17.958333333333332,17.958333333333332,1.0
HHN-LON-01,2025-03-10,ICU,17.875,17.875,1.0
HHN-LON-01,2025-03-11,ICU,17.833333333333332,17.833333333333332,1.0
HHN-LON-01,2025-03-12,ICU,18.0,18.0,1.0
HHN-LON-01,2025-03-13,ICU,17.875,17.875,1.0
HHN-LON-01,2025-03-14,ICU,18.0,18.0,1.0
HHN-LON-01,2025-03-15,ICU,17.791666666666668,17.791666666666668,1.0
HHN-LON-01,2025-03-16,ICU,17.375,17.875,0.9722222222222222
HHN-LON-01,2025-03-17,ICU,12.916666666666666,17.916666666666668,0.7219328703703703
HHN-LON-01,2025-03-18,ICU,10.458333333333334,17.916666666666668,0.5836056644880174
HHN-LON-01,2025-03-19,ICU,12.708333333333334,17.875,0.7109715413943355
HHN-LON-01,2025-03-20,ICU,15.666666666666666,17.958333333333332,0.8726851851851851
HHN-LON-01,2025-03-21,ICU,15.791666666666666,17.875,0.8836975762527234
HHN-LON-01,2025-03-22,ICU,12.875,17.958333333333332,0.7171840958605665
HHN-LON-01,2025-03-23,ICU,16.25,17.916666666666668,0.9068627450980392
HHN-LON-01,2025-03-24,ICU,17.875,17.875,1.0
HHN-LON-01,2025-03-25,ICU,14.958333333333334,17.916666666666668,0.835375816993464
HHN-LON-01,2025-03-26,ICU,13.041666666666666,18.0,0.7245370370370371
HHN-LON-01,2025-03-27,ICU,12.208333333333334,17.916666666666668,0.6820023148148149
HHN-LON-01,2025-03-28,ICU,13.375,18.0,0.7430555555555555
HHN-LON-01,2025-03-29,ICU,13.0,17.75,0.7326388888888888
HHN-LON-01,2025-03-30,ICU,13.416666666666666,17.75,0.7567061546840957
HHN-LON-01,2025-03-31,ICU,11.666666666666666,17.916666666666668,0.6516203703703703
HHN-LON-01,2025-04-01,ICU,8.5,17.958333333333332,0.4731753812636166
HHN-LON-01,2025-04-02,ICU,8.708333333333334,17.833333333333332,0.48898760893246185
HHN-LON-01,2025-04-03,ICU,10.458333333333334,17.958333333333332,0.5826525054466231
HHN-LON-01,2025-04-04,ICU,12.375,18.0,0.6875
HHN-LON-01,2025-04-05,ICU,11.125,17.958333333333332,0.6194172113289761
HHN-LON-01,2025-04-06,ICU,10.625,17.875,0.5946691176470589
HHN-LON-01,2025-04-07,ICU,10.916666666666666,17.875,0.6108558006535948
HHN-LON-01,2025-04-08,ICU,16.083333333333332,17.875,0.9003267973856209
HHN-LON-01,2025-04-09,ICU,15.333333333333334,17.916666666666668,0.8564814814814815
HHN-LON-01,2025-04-10,ICU,9.625,18.0,0.5347222222222222
HHN-LON-01,2025-04-11,ICU,9.083333333333334,18.0,0.5046296296296297
HHN-LON-01,2025-04-12,ICU,11.416666666666666,18.0,0.6342592592592592
HHN-LON-01,2025-04-13,ICU,10.5,17.75,0.5922691993464052
HHN-LON-01,2025-04-14,ICU,9.75,17.958333333333332,0.5428921568627451
HHN-LON-01,2025-04-15,ICU,12.291666666666666,17.875,0.6892531318082789
HHN-LON-01,2025-04-16,ICU,16.041666666666668,17.958333333333332,0.8935185185185185
HHN-LON-01,2025-04-17,ICU,15.375,17.791666666666668,0.8654513888888888
HHN-LON-01,2025-04-18,ICU,15.0,17.916666666666668,0.8376736111111112
HHN-LON-01,2025-04-19,ICU,13.166666666666666,17.791666666666668,0.740791802832244
HHN-LON-01,2025-04-20,ICU,10.958333333333334,17.958333333333332,0.6102941176470589
HHN-LON-01,2025-04-21,ICU,11.041666666666666,18.0,0.6134259259259259
HHN-LON-01,2025-04-22,ICU,10.208333333333334,18.0,0.5671296296296297
HHN-LON-01,2025-04-23,ICU,10.791666666666666,17.958333333333332,0.6008986928104575
HHN-LON-01,2025-04-24,ICU,10.416666666666666,17.958333333333332,0.5800653594771242
HHN-LON-01,2025-04-25,ICU,8.791666666666666,18.0,0.4884259259259259
HHN-LON-01,2025-04-26,ICU,10.208333333333334,17.833333333333332,0.572337962962963
HHN-LON-01,2025-04-27,ICU,9.75,17.916666666666668,0.5445601851851852
HHN-LON-01,2025-04-28,ICU,8.458333333333334,17.875,0.4733115468409586
HHN-LON-01,2025-04-29,ICU,7.666666666666667,17.958333333333332,0.4271514161220043
HHN-LON-01,2025-04-30,ICU,7.958333333333333,17.958333333333332,0.443355119825708
HHN-LON-01,2025-05-01,ICU,7.458333333333333,18.0,0.41435185185185186
HHN-LON-01,2025-05-02,ICU,9.375,18.0,0.5208333333333334
HHN-LON-01,2025-05-03,ICU,9.75,17.916666666666668,0.5445601851851852
HHN-LON-01,2025-05-04,ICU,13.333333333333334,17.958333333333332,0.7423747276688454
HHN-LON-01,2025-05-05,ICU,13.916666666666666,17.958333333333332,0.7753267973856209
HHN-LON-01,2025-05-06,ICU,11.0,17.833333333333332,0.6174257897603487
HHN-LON-01,2025-05-07,ICU,9.208333333333334,17.958333333333332,0.5132080610021786
HHN-LON-01,2025-05-08,ICU,10.666666666666666,17.958333333333332,0.5939542483660131
HHN-LON-01,2025-05-09,ICU,11.458333333333334,18.0,0.6365740740740741
HHN-LON-01,2025-05-10,ICU,12.458333333333334,17.833333333333332,0.6988698257080611
HHN-LON-01,2025-05-11,ICU,16.875,17.791666666666668,0.9490740740740741
HHN-LON-01,2025-05-12,ICU,17.916666666666668,17.916666666666668,1.0
HHN-LON-01,2025-05-13,ICU,17.166666666666668,18.0,0.9537037037037037
HHN-LON-01,2025-05-14,ICU,14.5,17.958333333333332,0.8074618736383442
HHN-LON-01,2025-05-15,ICU,13.125,17.833333333333332,0.7369791666666666
HHN-LON-01,2025-05-16,ICU,12.916666666666666,17.958333333333332,0.7192265795206971
HHN-LON-01,2025-05-17,ICU,12.583333333333334,17.916666666666668,0.7023420479302832
HHN-LON-01,2025-05-18,ICU,11.25,17.833333333333332,0.631076388888889
HHN-LON-01,2025-05-19,ICU,14.416666666666666,18.0,0.8009259259259259
HHN-LON-01,2025-05-20,ICU,15.0,17.916666666666668,0.8379629629629629
HHN-LON-01,2025-05-21,ICU,15.083333333333334,18.0,0.8379629629629629
HHN-LON-01,2025-05-22,ICU,14.666666666666666,18.0,0.8148148148148149
HHN-LON-01,2025-05-23,ICU,15.083333333333334,17.875,0.8446350762527234
HHN-LON-01,2025-05-24,ICU,10.5,17.916666666666668,0.5866013071895425
HHN-LON-01,2025-05-25,ICU,9.083333333333334,17.791666666666668,0.5111655773420479
HHN-LON-01,2025-05-26,ICU,10.166666666666666,17.916666666666668,0.5678104575163399
HHN-LON-01,2025-05-27,ICU,12.333333333333334,17.916666666666668,0.6885893246187363
HHN-LON-01,2025-05-28,ICU,16.041666666666668,18.0,0.8912037037037037
HHN-LON-01,2025-05-29,ICU,14.916666666666666,17.958333333333332,0.8306100217864923
HHN-LON-01,2025-05-30,ICU,14.416666666666666,17.916666666666668,0.8052662037037037
HHN-LON-01,2025-05-31,ICU,13.666666666666666,17.833333333333332,0.7666973039215687
HHN-LON-01,2025-06-01,ICU,13.666666666666666,17.875,0.7644335511982571
HHN-LON-01,2025-06-02,ICU,14.458333333333334,18.0,0.8032407407407408
HHN-LON-01,2025-06-03,ICU,14.833333333333334,18.0,0.8240740740740741
HHN-LON-01,2025-06-04,ICU,13.833333333333334,17.666666666666668,0.7847732843137255
HHN-LON-01,2025-06-05,ICU,16.5,17.875,0.9234749455337691
HHN-LON-01,2025-06-06,ICU,16.166666666666668,17.916666666666668,0.9027777777777778
HHN-LON-01,2025-06-07,ICU,13.875,18.0,0.7708333333333334
HHN-LON-01,2025-06-08,ICU,11.416666666666666,17.875,0.6387527233115469
HHN-LON-01,2025-06-09,ICU,12.0,17.916666666666668,0.670070806100218
HHN-LON-01,2025-06-10,ICU,10.583333333333334,18.0,0.587962962962963
HHN-LON-01,2025-06-11,ICU,13.0,18.0,0.7222222222222222
HHN-LON-01,2025-06-12,ICU,10.416666666666666,17.916666666666668,0.5813078703703703
HHN-LON-01,2025-06-13,ICU,10.666666666666666,18.0,0.5925925925925927
HHN-LON-01,2025-06-14,ICU,14.125,18.0,0.7847222222222222
HHN-LON-01,2025-06-15,ICU,14.708333333333334,17.916666666666668,0.8210784313725491
HHN-LON-01,2025-06-16,ICU,12.75,17.916666666666668,0.7118055555555555
HHN-LON-01,2025-06-17,ICU,15.791666666666666,17.833333333333332,0.8862847222222222
HHN-LON-01,2025-06-18,ICU,15.083333333333334,18.0,0.8379629629629629
HHN-LON-01,2025-06-19,ICU,14.708333333333334,17.958333333333332,0.8193082788671023
HHN-LON-01,2025-06-20,ICU,14.708333333333334,17.916666666666668,0.8208912037037037
HHN-LON-01,2025-06-21,ICU,16.666666666666668,17.833333333333332,0.9351851851851851
HHN-LON-01,2025-06-22,ICU,14.791666666666666,18.0,0.8217592592592592
HHN-LON-01,2025-06-23,ICU,13.791666666666666,17.875,0.7720247821350763
HHN-LON-01,2025-06-24,ICU,14.25,18.0,0.7916666666666666
HHN-LON-01,2025-06-25,ICU,16.666666666666668,18.0,0.9259259259259259
HHN-LON-01,2025-06-26,ICU,16.958333333333332,17.791666666666668,0.9537037037037037
HHN-LON-01,2025-06-27,ICU,15.25,18.0,0.8472222222222222
HHN-LON-01,2025-06-28,ICU,12.916666666666666,17.666666666666668,0.7327069716775599
HHN-LON-01,2025-06-29,ICU,14.083333333333334,17.875,0.7887901688453159
HHN-LON-01,2025-06-30,ICU,13.375,18.0,0.7430555555555555
HHN-LON-01,2025-07-01,ICU,13.791666666666666,18.0,0.7662037037037037
HHN-LON-01,2025-07-02,ICU,14.5,17.958333333333332,0.8074618736383442
HHN-LON-01,2025-07-03,ICU,14.291666666666666,17.875,0.80036424291939
HHN-LON-01,2025-07-04,ICU,12.916666666666666,17.875,0.7231243191721132
HHN-LON-01,2025-07-05,ICU,14.958333333333334,17.75,0.8428138616557734
HHN-LON-01,2025-07-06,ICU,16.333333333333332,17.791666666666668,0.9187091503267973
HHN-LON-01,2025-07-07,ICU,14.791666666666666,18.0,0.8217592592592592
HHN-LON-01,2025-07-08,ICU,13.0,18.0,0.7222222222222222
HHN-LON-01,2025-07-09,ICU,13.208333333333334,17.916666666666668,0.7372004357298475
HHN-LON-01,2025-07-10,ICU,10.291666666666666,17.958333333333332,0.5731209150326798
HHN-LON-01,2025-07-11,ICU,9.583333333333334,17.916666666666668,0.5347222222222222
HHN-LON-01,2025-07-12,ICU,10.25,17.916666666666668,0.5726273148148148
HHN-LON-01,2025-07-13,ICU,13.416666666666666,17.833333333333332,0.7528935185185185
HHN-LON-01,2025-07-14,ICU,15.583333333333334,18.0,0.8657407407407408
HHN-LON-01,2025-07-15,ICU,13.416666666666666,17.875,0.7511574074074074
HHN-LON-01,2025-07-16,ICU,10.708333333333334,17.666666666666668,0.6080473856209151
HHN-LON-01,2025-07-17,ICU,9.791666666666666,18.0,0.5439814814814815
HHN-LON-01,2025-07-18,ICU,9.041666666666666,17.958333333333332,0.5035403050108932
HHN-LON-01,2025-07-19,ICU,8.791666666666666,18.0,0.4884259259259259
HHN-LON-01,2025-07-20,ICU,10.416666666666666,17.875,0.5836737472766885
HHN-LON-01,2025-07-21,ICU,10.625,17.958333333333332,0.5917755991285404
HHN-LON-01,2025-07-22,ICU,11.041666666666666,17.958333333333332,0.6147875816993463
HHN-LON-01,2025-07-23,ICU,12.583333333333334,17.958333333333332,0.7007080610021786
HHN-LON-01,2025-07-24,ICU,14.125,17.958333333333332,0.7864923747276689
HHN-LON-01,2025-07-25,ICU,14.166666666666666,17.833333333333332,0.7953090958605665
HHN-LON-01,2025-07-26,ICU,11.166666666666666,17.833333333333332,0.6266680283224401
HHN-LON-01,2025-07-27,ICU,12.458333333333334,17.791666666666668,0.7002655228758169
HHN-LON-01,2025-07-28,ICU,14.0,17.833333333333332,0.7857775054466232
HHN-LON-01,2025-07-29,ICU,10.75,17.833333333333332,0.6041666666666666
HHN-LON-01,2025-07-30,ICU,9.041666666666666,18.0,0.5023148148148148
HHN-LON-01,2025-07-31,ICU,8.916666666666666,18.0,0.4953703703703704
HHN-LON-01,2025-08-01,ICU,11.625,17.916666666666668,0.6490162037037037
HHN-LON-01,2025-08-02,ICU,10.541666666666666,17.875,0.5899033224400871
HHN-LON-01,2025-08-03,ICU,11.166666666666666,17.958333333333332,0.6220043572984749
HHN-LON-01,2025-08-04,ICU,13.791666666666666,17.916666666666668,0.7699652777777778
HHN-LON-01,2025-08-05,ICU,12.625,18.0,0.7013888888888888
HHN-LON-01,2025-08-06,ICU,8.708333333333334,17.958333333333332,0.4848856209150327
HHN-LON-01,2025-08-07,ICU,8.291666666666666,18.0,0.46064814814814814
HHN-LON-01,2025-08-08,ICU,6.041666666666667,17.958333333333332,0.3363289760348584
HHN-LON-01,2025-08-09,ICU,5.833333333333333,17.833333333333332,0.32701865468409586
HHN-LON-01,2025-08-10,ICU,10.333333333333334,17.791666666666668,0.5816653050108932
HHN-LON-01,2025-08-11,ICU,12.666666666666666,17.875,0.7089460784313726
HHN-LON-01,2025-08-12,ICU,12.041666666666666,17.958333333333332,0.670751633986928
HHN-LON-01,2025-08-13,ICU,15.166666666666666,17.875,0.8488221677559912
HHN-LON-01,2025-08-14,ICU,16.166666666666668,17.958333333333332,0.9004629629629629
HHN-LON-01,2025-08-15,ICU,17.666666666666668,17.916666666666668,0.9861111111111112
HHN-LON-01,2025-08-16,ICU,17.833333333333332,17.833333333333332,1.0
HHN-LON-01,2025-08-17,ICU,17.833333333333332,17.833333333333332,1.0
HHN-LON-01,2025-08-18,ICU,17.875,17.875,1.0
HHN-LON-01,2025-08-19,ICU,16.791666666666668,17.916666666666668,0.9375
HHN-LON-01,2025-08-20,ICU,15.25,18.0,0.8472222222222222
HHN-LON-01,2025-08-21,ICU,10.791666666666666,18.0,0.5995370370370371
HHN-LON-01,2025-08-22,ICU,12.833333333333334,17.916666666666668,0.7165032679738562
HHN-LON-01,2025-08-23,ICU,14.75,17.916666666666668,0.8240740740740741
HHN-LON-01,2025-08-24,ICU,17.833333333333332,17.833333333333332,1.0
HHN-LON-01,2025-08-25,ICU,16.458333333333332,17.958333333333332,0.9163943355119826
HHN-LON-01,2025-08-26,ICU,13.541666666666666,17.75,0.7633101851851851
HHN-LON-01,2025-08-27,ICU,8.666666666666666,18.0,0.48148148148148145
HHN-LON-01,2025-08-28,ICU,7.041666666666667,18.0,0.3912037037037037
HHN-LON-01,2025-08-29,ICU,8.416666666666666,17.916666666666668,0.47019675925925924
HHN-LON-01,2025-08-30,ICU,12.333333333333334,17.833333333333332,0.6909722222222222
HHN-LON-01,2025-08-31,ICU,15.416666666666666,17.541666666666668,0.8806678921568628
HHN-LON-01,2025-09-01,ICU,12.791666666666666,17.958333333333332,0.7124183006535948
HHN-LON-01,2025-09-02,ICU,9.625,17.958333333333332,0.5359477124183006
HHN-LON-01,2025-09-03,ICU,9.458333333333334,18.0,0.5254629629629629
HHN-LON-01,2025-09-04,ICU,10.125,17.666666666666668,0.5741932189542484
HHN-LON-01,2025-09-05,ICU,9.25,17.916666666666668,0.5163398692810458
HHN-LON-01,2025-09-06,ICU,8.791666666666666,17.958333333333332,0.4895152505446623
HHN-LON-01,2025-09-07,ICU,8.708333333333334,17.916666666666668,0.4861111111111111
HHN-LON-01,2025-09-08,ICU,11.208333333333334,18.0,0.6226851851851852
HHN-LON-01,2025-09-09,ICU,10.666666666666666,18.0,0.5925925925925927
HHN-LON-01,2025-09-10,ICU,8.458333333333334,17.833333333333332,0.474400871459695
HHN-LON-01,2025-09-11,ICU,7.666666666666667,18.0,0.4259259259259259
HHN-LON-01,2025-09-12,ICU,8.875,18.0,0.4930555555555556
HHN-LON-01,2025-09-13,ICU,7.916666666666667,17.916666666666668,0.4415849673202614
HHN-LON-01,2025-09-14,ICU,7.375,18.0,0.40972222222222227
HHN-LON-01,2025-09-15,ICU,6.833333333333333,17.958333333333332,0.3804466230936819
HHN-LON-01,2025-09-16,ICU,7.625,17.958333333333332,0.42470043572984745
HHN-LON-01,2025-09-17,ICU,8.708333333333334,18.0,0.4837962962962963
HHN-LON-01,2025-09-18,ICU,5.708333333333333,18.0,0.3171296296296296
HHN-LON-01,2025-09-19,ICU,6.166666666666667,17.916666666666668,0.34403935185185186
HHN-LON-01,2025-09-20,ICU,7.333333333333333,17.958333333333332,0.40849673202614384
HHN-LON-01,2025-09-21,ICU,8.5,17.916666666666668,0.4742476851851852
HHN-LON-01,2025-09-22,ICU,7.833333333333333,18.0,0.4351851851851852
HHN-LON-01,2025-09-23,ICU,7.25,17.875,0.40548406862745096
HHN-LON-01,2025-09-24,ICU,5.083333333333333,17.833333333333332,0.2855902777777778
HHN-LON-01,2025-09-25,ICU,6.041666666666667,17.875,0.3382182734204793
HHN-LON-01,2025-09-26,ICU,9.541666666666666,18.0,0.5300925925925927
HHN-LON-01,2025-09-27,ICU,11.0,17.833333333333332,0.6168981481481481
HHN-LON-01,2025-09-28,ICU,12.166666666666666,17.791666666666668,0.6845043572984749
HHN-LON-01,2025-09-29,ICU,11.333333333333334,17.833333333333332,0.6365740740740741
HHN-LON-01,2025-09-30,ICU,8.25,18.0,0.4583333333333333
HHN-LON-01,2025-10-01,ICU,10.416666666666666,18.0,0.5787037037037037
HHN-LON-01,2025-10-02,ICU,9.125,17.875,0.5107741013071895
HHN-LON-01,2025-10-03,ICU,8.708333333333334,18.0,0.4837962962962963
HHN-LON-01,2025-10-04,ICU,9.958333333333334,17.916666666666668,0.5559640522875817
HHN-LON-01,2025-10-05,ICU,9.875,17.875,0.5528662854030502
HHN-LON-01,2025-10-06,ICU,10.0,17.958333333333332,0.5571895424836601
HHN-LON-01,2025-10-07,ICU,11.416666666666666,17.875,0.6390761165577342
HHN-LON-01,2025-10-08,ICU,9.166666666666666,17.875,0.5135144335511982
HHN-LON-01,2025-10-09,ICU,8.416666666666666,17.958333333333332,0.46868191721132896
HHN-LON-01,2025-10-10,ICU,10.208333333333334,17.708333333333332,0.5771718409586056
HHN-LON-01,2025-10-11,ICU,10.5,17.875,0.5881672113289761
HHN-LON-01,2025-10-12,ICU,10.583333333333334,17.916666666666668,0.590822440087146
HHN-LON-01,2025-10-13,ICU,8.166666666666666,17.916666666666668,0.4563078703703704
HHN-LON-01,2025-10-14,ICU,10.0,17.916666666666668,0.5587384259259259
HHN-LON-01,2025-10-15,ICU,11.166666666666666,17.875,0.6244723583877996
HHN-LON-01,2025-10-16,ICU,9.958333333333334,18.0,0.5532407407407408
HHN-LON-01,2025-10-17,ICU,15.291666666666666,17.875,0.8559368191721134
HHN-LON-01,2025-10-18,ICU,17.75,17.75,1.0
HHN-LON-01,2025-10-19,ICU,17.666666666666668,18.0,0.9814814814814815
HHN-LON-01,2025-10-20,ICU,17.833333333333332,17.875,0.9976851851851851
HHN-LON-01,2025-10-21,ICU,17.916666666666668,17.916666666666668,1.0
HHN-LON-01,2025-10-22,ICU,17.875,17.875,1.0
HHN-LON-01,2025-10-23,ICU,17.083333333333332,17.916666666666668,0.9537037037037037
HHN-LON-01,2025-10-24,ICU,16.083333333333332,17.916666666666668,0.898148148148148
HHN-LON-01,2025-10-25,ICU,16.833333333333332,17.791666666666668,0.9464699074074074
HHN-LON-01,2025-10-26,ICU,16.958333333333332,17.791666666666668,0.9537037037037037
HHN-LON-01,2025-10-27,ICU,15.375,17.916666666666668,0.8587962962962963
HHN-LON-01,2025-10-28,ICU,17.958333333333332,18.0,0.9976851851851851
HHN-LON-01,2025-10-29,ICU,17.833333333333332,17.833333333333332,1.0
HHN-LON-01,2025-10-30,ICU,14.708333333333334,18.0,0.8171296296296297
HHN-LON-01,2025-10-31,ICU,16.916666666666668,17.958333333333332,0.9421296296296297
HHN-LON-01,2025-11-01,ICU,14.75,17.791666666666668,0.8301674836601308
HHN-LON-01,2025-11-02,ICU,12.5,17.958333333333332,0.6960784313725491
HHN-LON-01,2025-11-03,ICU,14.041666666666666,17.875,0.7869008714596949
HHN-LON-01,2025-11-04,ICU,18.0,18.0,1.0
HHN-LON-01,2025-11-05,ICU,14.833333333333334,17.875,0.8310185185185185
HHN-LON-01,2025-11-06,ICU,12.833333333333334,18.0,0.7129629629629629
HHN-LON-01,2025-11-07,ICU,16.375,17.958333333333332,0.9117647058823529
HHN-LON-01,2025-11-08,ICU,17.583333333333332,17.958333333333332,0.9791666666666666
HHN-LON-01,2025-11-09,ICU,15.666666666666666,17.708333333333332,0.8858762254901961
HHN-LON-01,2025-11-10,ICU,16.916666666666668,18.0,0.9398148148148149
HHN-LON-01,2025-11-11,ICU,15.625,17.916666666666668,0.8720043572984749
HHN-LON-01,2025-11-12,ICU,12.833333333333334,18.0,0.7129629629629629
HHN-LON-01,2025-11-13,ICU,14.041666666666666,17.916666666666668,0.7847222222222222
HHN-LON-01,2025-11-14,ICU,16.625,18.0,0.923611111111111
HHN-LON-01,2025-11-15,ICU,13.708333333333334,17.916666666666668,0.765625
HHN-LON-01,2025-11-16,ICU,13.333333333333334,17.916666666666668,0.744281045751634
HHN-LON-01,2025-11-17,ICU,11.583333333333334,17.916666666666668,0.646701388888889
HHN-LON-01,2025-11-18,ICU,10.833333333333334,17.875,0.6066516884531591
HHN-LON-01,2025-11-19,ICU,14.208333333333334,17.916666666666668,0.7936921296296297
HHN-LON-01,2025-11-20,ICU,12.875,17.916666666666668,0.719039351851852
HHN-LON-01,2025-11-21,ICU,9.166666666666666,18.0,0.5092592592592592
HHN-LON-01,2025-11-22,ICU,11.291666666666666,17.916666666666668,0.6304976851851852
HHN-LON-01,2025-11-23,ICU,12.208333333333334,17.916666666666668,0.6817129629629629
HHN-LON-01,2025-11-24,ICU,12.708333333333334,18.0,0.7060185185185185
HHN-LON-01,2025-11-25,ICU,17.0,18.0,0.9444444444444445
HHN-LON-01,2025-11-26,ICU,16.916666666666668,18.0,0.9398148148148148
HHN-LON-01,2025-11-27,ICU,16.625,17.875,0.9305555555555555
HHN-LON-01,2025-11-28,ICU,17.916666666666668,17.916666666666668,1.0
HHN-LON-01,2025-11-29,ICU,17.041666666666668,17.916666666666668,0.9513888888888888
HHN-LON-01,2025-11-30,ICU,16.791666666666668,17.916666666666668,0.9375
HHN-LON-01,2025-12-01,ICU,14.25,18.0,0.7916666666666666
HHN-LON-01,2025-12-02,ICU,15.208333333333334,17.875,0.8510348583877995
HHN-LON-01,2025-12-03,ICU,16.791666666666668,18.0,0.9328703703703703
HHN-LON-01,2025-12-04,ICU,17.875,17.916666666666668,0.9976851851851851
HHN-LON-01,2025-12-05,ICU,16.666666666666668,17.875,0.9327342047930283
HHN-LON-01,2025-12-06,ICU,17.833333333333332,17.833333333333332,1.0
HHN-LON-01,2025-12-07,ICU,17.708333333333332,17.708333333333332,1.0
HHN-LON-01,2025-12-08,ICU,18.0,18.0,1.0
HHN-LON-01,2025-12-09,ICU,17.666666666666668,17.75,0.9953703703703703
HHN-LON-01,2025-12-10,ICU,17.916666666666668,17.916666666666668,1.0
HHN-LON-01,2025-12-11,ICU,17.833333333333332,17.916666666666668,0.9953703703703703
HHN-LON-01,2025-12-12,ICU,16.458333333333332,17.791666666666668,0.9256365740740741
HHN-LON-01,2025-12-13,ICU,15.208333333333334,17.708333333333332,0.8596983932461874
HHN-LON-01,2025-12-14,ICU,11.75,17.791666666666668,0.6606753812636166
HHN-LON-01,2025-12-15,ICU,11.583333333333334,17.958333333333332,0.6451525054466231
HHN-LON-01,2025-12-16,ICU,10.875,17.958333333333332,0.6059368191721133
HHN-LON-01,2025-12-17,ICU,15.208333333333334,17.916666666666668,0.8487200435729848
HHN-LON-01,2025-12-18,ICU,15.166666666666666,17.708333333333332,0.8571282679738562
HHN-LON-01,2025-12-19,ICU,17.541666666666668,17.875,0.9814814814814815
HHN-LON-01,2025-12-20,ICU,17.333333333333332,17.75,0.9768518518518517
HHN-LON-01,2025-12-21,ICU,17.583333333333332,17.875,0.9836601307189543
HHN-LON-01,2025-12-22,ICU,17.875,17.875,1.0
HHN-LON-01,2025-12-23,ICU,17.625,17.833333333333332,0.9884259259259259
HHN-LON-01,2025-12-24,ICU,17.0,17.875,0.9513888888888888
HHN-LON-01,2025-12-25,ICU,17.75,17.833333333333332,0.9953703703703703
HHN-LON-01,2025-12-26,ICU,17.958333333333332,17.958333333333332,1.0
HHN-LON-01,2025-12-27,ICU,17.708333333333332,17.708333333333332,1.0
HHN-LON-01,2025-12-28,ICU,17.833333333333332,17.833333333333332,1.0
HHN-LON-01,2025-12-29,ICU,17.958333333333332,17.958333333333332,1.0
HHN-LON-01,2025-12-30,ICU,17.916666666666668,17.916666666666668,1.0
HHN-LON-01,2025-12-31,ICU,17.666666666666668,17.666666666666668,1.0
HHN-LON-02,2024-01-01,ICU,2.0,12.0,0.16666666666666666
HHN-LON-02,2024-01-02,ICU,6.375,11.75,0.5429292929292929
HHN-LON-02,2024-01-03,ICU,7.583333333333333,11.875,0.639520202020202
HHN-LON-02,2024-01-04,ICU,7.666666666666667,12.0,0.638888888888889
HHN-LON-02,2024-01-05,ICU,8.458333333333334,11.958333333333334,0.7070707070707071
HHN-LON-02,2024-01-06,ICU,10.541666666666666,11.875,0.8882575757575757
HHN-LON-02,2024-01-07,ICU,10.625,11.791666666666666,0.9024621212121212
HHN-LON-02,2024-01-08,ICU,11.708333333333334,11.916666666666666,0.9826388888888888
HHN-LON-02,2024-01-09,ICU,9.333333333333334,11.916666666666666,0.7840909090909092
HHN-LON-02,2024-01-10,ICU,10.958333333333334,11.916666666666666,0.9201388888888888
HHN-LON-02,2024-01-11,ICU,10.0,12.0,0.8333333333333334
HHN-LON-02,2024-01-12,ICU,9.208333333333334,11.958333333333334,0.7702020202020202
HHN-LON-02,2024-01-13,ICU,9.208333333333334,11.958333333333334,0.7705176767676768
HHN-LON-02,2024-01-14,ICU,8.833333333333334,11.916666666666666,0.7417929292929294
HHN-LON-02,2024-01-15,ICU,7.833333333333333,11.916666666666666,0.6571969696969697
HHN-LON-02,2024-01-16,ICU,7.5,11.875,0.6319444444444444
HHN-LON-02,2024-01-17,ICU,9.625,11.916666666666666,0.8077651515151515
HHN-LON-02,2024-01-18,ICU,11.75,12.0,0.9791666666666666
HHN-LON-02,2024-01-19,ICU,9.041666666666666,11.916666666666666,0.7604166666666666
HHN-LON-02,2024-01-20,ICU,5.875,11.875,0.4955808080808081
HHN-LON-02,2024-01-21,ICU,5.916666666666667,11.75,0.5053661616161617
HHN-LON-02,2024-01-22,ICU,5.125,12.0,0.4270833333333333
HHN-LON-02,2024-01-23,ICU,9.208333333333334,11.916666666666666,0.7743055555555555
HHN-LON-02,2024-01-24,ICU,10.416666666666666,11.916666666666666,0.8746843434343434
HHN-LON-02,2024-01-25,ICU,9.25,11.875,0.7799873737373737
HHN-LON-02,2024-01-26,ICU,7.375,11.833333333333334,0.6237373737373738
HHN-LON-02,2024-01-27,ICU,10.208333333333334,12.0,0.8506944444444445
HHN-LON-02,2024-01-28,ICU,11.25,11.833333333333334,0.9513888888888888
HHN-LON-02,2024-01-29,ICU,10.208333333333334,11.958333333333334,0.8535353535353535
HHN-LON-02,2024-01-30,ICU,10.25,11.958333333333334,0.8576388888888888
HHN-LON-02,2024-01-31,ICU,11.5,11.916666666666666,0.9652777777777778
HHN-LON-02,2024-02-01,ICU,11.541666666666666,11.958333333333334,0.9652777777777778
HHN-LON-02,2024-02-02,ICU,10.416666666666666,11.833333333333334,0.8806818181818182
HHN-LON-02,2024-02-03,ICU,8.875,11.833333333333334,0.7506313131313131
HHN-LON-02,2024-02-04,ICU,10.125,11.916666666666666,0.8494318181818182
HHN-LON-02,2024-02-05,ICU,11.5,11.958333333333334,0.9618055555555555
HHN-LON-02,2024-02-06,ICU,11.916666666666666,11.916666666666666,1.0
HHN-LON-02,2024-02-07,ICU,12.0,12.0,1.0
HHN-LON-02,2024-02-08,ICU,11.875,11.875,1.0
HHN-LON-02,2024-02-09,ICU,11.875,11.875,1.0
HHN-LON-02,2024-02-10,ICU,11.75,11.75,1.0
HHN-LON-02,2024-02-11,ICU,11.958333333333334,11.958333333333334,1.0
HHN-LON-02,2024-02-12,ICU,11.833333333333334,11.833333333333334,1.0
HHN-LON-02,2024-02-13,ICU,11.875,11.875,1.0
HHN-LON-02,2024-02-14,ICU,11.875,11.875,1.0
HHN-LON-02,2024-02-15,ICU,11.916666666666666,11.916666666666666,1.0
HHN-LON-02,2024-02-16,ICU,11.916666666666666,11.916666666666666,1.0
HHN-LON-02,2024-02-17,ICU,11.833333333333334,11.833333333333334,1.0
HHN-LON-02,2024-02-18,ICU,11.75,11.75,1.0
HHN-LON-02,2024-02-19,ICU,11.833333333333334,11.833333333333334,1.0
HHN-LON-02,2024-02-20,ICU,11.916666666666666,11.916666666666666,1.0
HHN-LON-02,2024-02-21,ICU,10.125,11.875,0.8535353535353535
HHN-LON-02,2024-02-22,ICU,9.916666666666666,11.916666666666666,0.8320707070707071
HHN-LON-02,2024-02-23,ICU,9.916666666666666,11.916666666666666,0.8320707070707071
HHN-LON-02,2024-02-24,ICU,9.916666666666666,11.875,0.8352272727272728
HHN-LON-02,2024-02-25,ICU,9.875,11.875,0.831439393939394
HHN-LON-02,2024-02-26,ICU,9.875,11.875,0.831439393939394
HHN-LON-02,2024-02-27,ICU,9.75,11.833333333333334,0.8241792929292929
HHN-LON-02,2024-02-28,ICU,9.083333333333334,12.0,0.7569444444444445
HHN-LON-02,2024-02-29,ICU,8.208333333333334,12.0,0.6840277777777777
HHN-LON-02,2024-03-01,ICU,8.291666666666666,11.958333333333334,0.6938131313131314
HHN-LON-02,2024-03-02,ICU,9.416666666666666,11.875,0.7932449494949495
HHN-LON-02,2024-03-03,ICU,9.791666666666666,11.916666666666666,0.8219696969696969
HHN-LON-02,2024-03-04,ICU,10.333333333333334,11.916666666666666,0.8671085858585857
HHN-LON-02,2024-03-05,ICU,11.083333333333334,12.0,0.9236111111111112
HHN-LON-02,2024-03-06,ICU,7.583333333333333,11.958333333333334,0.6347853535353535
HHN-LON-02,2024-03-07,ICU,5.791666666666667,12.0,0.4826388888888889
HHN-LON-02,2024-03-08,ICU,5.708333333333333,11.875,0.481060606060606
HHN-LON-02,2024-03-09,ICU,5.541666666666667,11.958333333333334,0.46401515151515155
HHN-LON-02,2024-03-10,ICU,8.916666666666666,11.958333333333334,0.7462121212121212
HHN-LON-02,2024-03-11,ICU,10.25,11.958333333333334,0.8573232323232324
HHN-LON-02,2024-03-12,ICU,10.916666666666666,11.833333333333334,0.9236111111111112
HHN-LON-02,2024-03-13,ICU,11.625,12.0,0.96875
HHN-LON-02,2024-03-14,ICU,12.0,12.0,1.0
HHN-LON-02,2024-03-15,ICU,11.041666666666666,11.916666666666666,0.9264520202020202
HHN-LON-02,2024-03-16,ICU,11.166666666666666,11.916666666666666,0.9368686868686869
HHN-LON-02,2024-03-17,ICU,11.625,11.958333333333334,0.9722222222222222
HHN-LON-02,2024-03-18,ICU,10.958333333333334,12.0,0.9131944444444443
HHN-LON-02,2024-03-19,ICU,11.583333333333334,12.0,0.9652777777777778
HHN-LON-02,2024-03-20,ICU,11.958333333333334,11.958333333333334,1.0
HHN-LON-02,2024-03-21,ICU,11.958333333333334,11.958333333333334,1.0
HHN-LON-02,2024-03-22,ICU,11.958333333333334,11.958333333333334,1.0
HHN-LON-02,2024-03-23,ICU,11.958333333333334,11.958333333333334,1.0
HHN-LON-02,2024-03-24,ICU,12.0,12.0,1.0
HHN-LON-02,2024-03-25,ICU,12.0,12.0,1.0
HHN-LON-02,2024-03-26,ICU,12.0,12.0,1.0
HHN-LON-02,2024-03-27,ICU,11.958333333333334,11.958333333333334,1.0
HHN-LON-02,2024-03-28,ICU,12.0,12.0,1.0
HHN-LON-02,2024-03-29,ICU,11.916666666666666,12.0,0.9930555555555555
HHN-LON-02,2024-03-30,ICU,11.25,11.916666666666666,0.9444444444444443
HHN-LON-02,2024-03-31,ICU,10.958333333333334,11.916666666666666,0.9201388888888888
HHN-LON-02,2024-04-01,ICU,10.541666666666666,11.958333333333334,0.8819444444444445
HHN-LON-02,2024-04-02,ICU,9.708333333333334,12.0,0.8090277777777778
HHN-LON-02,2024-04-03,ICU,11.458333333333334,11.958333333333334,0.9583333333333334
HHN-LON-02,2024-04-04,ICU,11.958333333333334,11.958333333333334,1.0
HHN-LON-02,2024-04-05,ICU,12.0,12.0,1.0
HHN-LON-02,2024-04-06,ICU,11.958333333333334,11.958333333333334,1.0
HHN-LON-02,2024-04-07,ICU,11.875,11.875,1.0
HHN-LON-02,2024-04-08,ICU,12.0,12.0,1.0
HHN-LON-02,2024-04-09,ICU,11.916666666666666,11.916666666666666,1.0
HHN-LON-02,2024-04-10,ICU,12.0,12.0,1.0
HHN-LON-02,2024-04-11,ICU,10.833333333333334,11.833333333333334,0.9160353535353535
HHN-LON-02,2024-04-12,ICU,9.833333333333334,11.958333333333334,0.82260101010101
HHN-LON-02,2024-04-13,ICU,10.583333333333334,12.0,0.8819444444444445
HHN-LON-02,2024-04-14,ICU,11.0,12.0,0.9166666666666666
HHN-LON-02,2024-04-15,ICU,10.916666666666666,11.958333333333334,0.9131944444444445
HHN-LON-02,2024-04-16,ICU,11.541666666666666,11.958333333333334,0.9652777777777778
HHN-LON-02,2024-04-17,ICU,9.166666666666666,11.875,0.7717803030303031
HHN-LON-02,2024-04-18,ICU,7.041666666666667,11.916666666666666,0.5912247474747475
HHN-LON-02,2024-04-19,ICU,7.916666666666667,11.875,0.6669823232323232
HHN-LON-02,2024-04-20,ICU,7.25,11.916666666666666,0.6085858585858586
HHN-LON-02,2024-04-21,ICU,6.083333333333333,11.916666666666666,0.5107323232323232
HHN-LON-02,2024-04-22,ICU,6.583333333333333,11.958333333333334,0.5508207070707071
HHN-LON-02,2024-04-23,ICU,5.25,11.875,0.4416035353535353
HHN-LON-02,2024-04-24,ICU,6.25,11.875,0.5265151515151515
HHN-LON-02,2024-04-25,ICU,8.583333333333334,11.916666666666666,0.720959595959596
HHN-LON-02,2024-04-26,ICU,8.166666666666666,11.958333333333334,0.6833964646464646
HHN-LON-02,2024-04-27,ICU,6.708333333333333,11.833333333333334,0.5678661616161617
HHN-LON-02,2024-04-28,ICU,7.041666666666667,11.958333333333334,0.5890151515151515
HHN-LON-02,2024-04-29,ICU,7.791666666666667,11.958333333333334,0.6515151515151515
HHN-LON-02,2024-04-30,ICU,6.166666666666667,11.958333333333334,0.5157828282828283
HHN-LON-02,2024-05-01,ICU,5.541666666666667,11.958333333333334,0.46401515151515155
HHN-LON-02,2024-05-02,ICU,5.666666666666667,11.875,0.4772727272727273
HHN-LON-02,2024-05-03,ICU,6.166666666666667,11.958333333333334,0.5157828282828283
HHN-LON-02,2024-05-04,ICU,6.666666666666667,12.0,0.5555555555555556
HHN-LON-02,2024-05-05,ICU,7.833333333333333,11.875,0.6600378787878788
HHN-LON-02,2024-05-06,ICU,6.75,12.0,0.5625
HHN-LON-02,2024-05-07,ICU,5.583333333333333,11.916666666666666,0.4690656565656566
HHN-LON-02,2024-05-08,ICU,6.541666666666667,12.0,0.545138888888889
HHN-LON-02,2024-05-09,ICU,7.5,11.958333333333334,0.6272095959595959
HHN-LON-02,2024-05-10,ICU,6.291666666666667,11.833333333333334,0.5325126262626263
HHN-LON-02,2024-05-11,ICU,7.625,11.958333333333334,0.6373106060606061
HHN-LON-02,2024-05-12,ICU,9.083333333333334,11.916666666666666,0.7629419191919192
HHN-LON-02,2024-05-13,ICU,9.833333333333334,11.958333333333334,0.82260101010101
HHN-LON-02,2024-05-14,ICU,8.708333333333334,11.875,0.7345328282828283
HHN-LON-02,2024-05-15,ICU,8.541666666666666,12.0,0.7118055555555555
HHN-LON-02,2024-05-16,ICU,7.833333333333333,11.958333333333334,0.6549873737373737
HHN-LON-02,2024-05-17,ICU,8.416666666666666,12.0,0.7013888888888888
HHN-LON-02,2024-05-18,ICU,9.375,11.958333333333334,0.7840909090909092
HHN-LON-02,2024-05-19,ICU,9.541666666666666,11.916666666666666,0.8008207070707071
HHN-LON-02,2024-05-20,ICU,9.375,12.0,0.78125
HHN-LON-02,2024-05-21,ICU,9.291666666666666,11.875,0.783459595959596
HHN-LON-02,2024-05-22,ICU,7.875,12.0,0.65625
HHN-LON-02,2024-05-23,ICU,4.041666666666667,12.0,0.3368055555555555
HHN-LON-02,2024-05-24,ICU,6.583333333333333,11.916666666666666,0.5511363636363636
HHN-LON-02,2024-05-25,ICU,11.25,11.958333333333334,0.9409722222222222
HHN-LON-02,2024-05-26,ICU,11.833333333333334,11.833333333333334,1.0
HHN-LON-02,2024-05-27,ICU,11.041666666666666,11.916666666666666,0.9267676767676768
HHN-LON-02,2024-05-28,ICU,7.958333333333333,11.958333333333334,0.6654040404040404
HHN-LON-02,2024-05-29,ICU,6.75,12.0,0.5625
HHN-LON-02,2024-05-30,ICU,7.875,12.0,0.65625
HHN-LON-02,2024-05-31,ICU,10.5,12.0,0.875
HHN-LON-02,2024-06-01,ICU,11.333333333333334,11.875,0.954229797979798
HHN-LON-02,2024-06-02,ICU,10.291666666666666,12.0,0.857638888888889
HHN-LON-02,2024-06-03,ICU,11.25,11.875,0.9472853535353535
HHN-LON-02,2024-06-04,ICU,8.666666666666666,11.958333333333334,0.7250631313131314
HHN-LON-02,2024-06-05,ICU,5.666666666666667,11.916666666666666,0.4756944444444444
HHN-LON-02,2024-06-06,ICU,4.958333333333333,11.958333333333334,0.4147727272727273
HHN-LON-02,2024-06-07,ICU,4.041666666666667,11.958333333333334,0.3380681818181818
HHN-LON-02,2024-06-08,ICU,7.0,11.916666666666666,0.5877525252525253
HHN-LON-02,2024-06-09,ICU,6.625,11.916666666666666,0.5561868686868686
HHN-LON-02,2024-06-10,ICU,7.458333333333333,12.0,0.6215277777777778
HHN-LON-02,2024-06-11,ICU,7.0,12.0,0.5833333333333334
HHN-LON-02,2024-06-12,ICU,6.0,11.958333333333334,0.5018939393939393
HHN-LON-02,2024-06-13,ICU,5.666666666666667,12.0,0.47222222222222227
HHN-LON-02,2024-06-14,ICU,5.291666666666667,12.0,0.44097222222222227
HHN-LON-02,2024-06-15,ICU,5.041666666666667,11.916666666666666,0.42266414141414144
HHN-LON-02,2024-06-16,ICU,5.708333333333333,11.875,0.48200757575757575
HHN-LON-02,2024-06-17,ICU,5.0,12.0,0.4166666666666667
HHN-LON-02,2024-06-18,ICU,5.75,11.958333333333334,0.48074494949494956
HHN-LON-02,2024-06-19,ICU,5.416666666666667,11.958333333333334,0.4529671717171717
HHN-LON-02,2024-06-20,ICU,4.416666666666667,11.958333333333334,0.3693181818181818
HHN-LON-02,2024-06-21,ICU,4.625,11.916666666666666,0.38825757575757575
HHN-LON-02,2024-06-22,ICU,7.208333333333333,11.916666666666666,0.6057449494949495
HHN-LON-02,2024-06-23,ICU,8.583333333333334,11.791666666666666,0.7291666666666666
HHN-LON-02,2024-06-24,ICU,9.958333333333334,11.958333333333334,0.8333333333333334
HHN-LON-02,2024-06-25,ICU,8.541666666666666,11.958333333333334,0.7143308080808081
HHN-LON-02,2024-06-26,ICU,8.25,11.916666666666666,0.6928661616161617
HHN-LON-02,2024-06-27,ICU,4.958333333333333,12.0,0.4131944444444444
HHN-LON-02,2024-06-28,ICU,4.458333333333333,11.958333333333334,0.3731060606060606
HHN-LON-02,2024-06-29,ICU,5.0,11.875,0.4217171717171717
HHN-LON-02,2024-06-30,ICU,5.958333333333333,11.875,0.5022095959595959
HHN-LON-02,2024-07-01,ICU,7.0,12.0,0.5833333333333334
HHN-LON-02,2024-07-02,ICU,9.875,11.958333333333334,0.8257575757575758
HHN-LON-02,2024-07-03,ICU,8.583333333333334,11.958333333333334,0.7178030303030303
HHN-LON-02,2024-07-04,ICU,8.666666666666666,11.958333333333334,0.7250631313131314
HHN-LON-02,2024-07-05,ICU,6.375,12.0,0.53125
HHN-LON-02,2024-07-06,ICU,6.125,11.916666666666666,0.5142045454545455
HHN-LON-02,2024-07-07,ICU,6.75,12.0,0.5625
HHN-LON-02,2024-07-08,ICU,5.625,12.0,0.46875
HHN-LON-02,2024-07-09,ICU,6.416666666666667,12.0,0.5347222222222222
HHN-LON-02,2024-07-10,ICU,5.875,11.958333333333334,0.4914772727272727
HHN-LON-02,2024-07-11,ICU,4.0,11.958333333333334,0.33459595959595956
HHN-LON-02,2024-07-12,ICU,3.5416666666666665,12.0,0.2951388888888889
HHN-LON-02,2024-07-13,ICU,6.5,12.0,0.5416666666666666
HHN-LON-02,2024-07-14,ICU,8.25,11.875,0.6957070707070706
HHN-LON-02,2024-07-15,ICU,7.875,11.916666666666666,0.6613005050505051
HHN-LON-02,2024-07-16,ICU,6.916666666666667,11.958333333333334,0.5785984848484849
HHN-LON-02,2024-07-17,ICU,6.791666666666667,11.958333333333334,0.5681818181818182
HHN-LON-02,2024-07-18,ICU,6.541666666666667,11.916666666666666,0.5489267676767676
HHN-LON-02,2024-07-19,ICU,6.0,11.958333333333334,0.5018939393939393
HHN-LON-02,2024-07-20,ICU,6.375,11.916666666666666,0.5350378787878788
HHN-LON-02,2024-07-21,ICU,7.416666666666667,11.958333333333334,0.6199494949494949
HHN-LON-02,2024-07-22,ICU,8.958333333333334,12.0,0.7465277777777778
HHN-LON-02,2024-07-23,ICU,9.333333333333334,11.833333333333334,0.7894570707070706
HHN-LON-02,2024-07-24,ICU,11.208333333333334,11.916666666666666,0.9409722222222222
HHN-LON-02,2024-07-25,ICU,10.375,11.916666666666666,0.8712121212121212
HHN-LON-02,2024-07-26,ICU,9.208333333333334,11.958333333333334,0.7702020202020202
HHN-LON-02,2024-07-27,ICU,8.083333333333334,11.958333333333334,0.6761363636363636
HHN-LON-02,2024-07-28,ICU,8.291666666666666,11.916666666666666,0.6966540404040403
HHN-LON-02,2024-07-29,ICU,8.791666666666666,11.958333333333334,0.735479797979798
HHN-LON-02,2024-07-30,ICU,8.125,12.0,0.6770833333333334
HHN-LON-02,2024-07-31,ICU,6.916666666666667,11.958333333333334,0.5782828282828283
HHN-LON-02,2024-08-01,ICU,7.083333333333333,12.0,0.5902777777777778
HHN-LON-02,2024-08-02,ICU,5.625,11.958333333333334,0.47095959595959597
HHN-LON-02,2024-08-03,ICU,6.833333333333333,11.958333333333334,0.5716540404040404
HHN-LON-02,2024-08-04,ICU,9.208333333333334,11.916666666666666,0.7736742424242423
HHN-LON-02,2024-08-05,ICU,10.666666666666666,12.0,0.8888888888888888
HHN-LON-02,2024-08-06,ICU,9.75,11.958333333333334,0.8156565656565657
HHN-LON-02,2024-08-07,ICU,9.791666666666666,11.958333333333334,0.8194444444444445
HHN-LON-02,2024-08-08,ICU,7.541666666666667,11.958333333333334,0.6309974747474748
HHN-LON-02,2024-08-09,ICU,7.833333333333333,11.958333333333334,0.6556186868686869
HHN-LON-02,2024-08-10,ICU,6.416666666666667,11.916666666666666,0.5391414141414141
HHN-LON-02,2024-08-11,ICU,7.0,11.875,0.5899621212121212
HHN-LON-02,2024-08-12,ICU,7.666666666666667,12.0,0.638888888888889
HHN-LON-02,2024-08-13,ICU,7.125,11.958333333333334,0.5962752525252525
HHN-LON-02,2024-08-14,ICU,6.625,12.0,0.5520833333333334
HHN-LON-02,2024-08-15,ICU,7.458333333333333,11.916666666666666,0.6268939393939394
HHN-LON-02,2024-08-16,ICU,9.5,11.958333333333334,0.7948232323232324
HHN-LON-02,2024-08-17,ICU,8.708333333333334,11.958333333333334,0.7285353535353535
HHN-LON-02,2024-08-18,ICU,8.166666666666666,11.875,0.6878156565656566
HHN-LON-02,2024-08-19,ICU,7.0,11.916666666666666,0.5877525252525253
HHN-LON-02,2024-08-20,ICU,7.083333333333333,11.916666666666666,0.5946969696969697
HHN-LON-02,2024-08-21,ICU,8.208333333333334,12.0,0.6840277777777777
HHN-LON-02,2024-08-22,ICU,8.25,11.958333333333334,0.6903409090909091
HHN-LON-02,2024-08-23,ICU,8.458333333333334,11.958333333333334,0.7077020202020202
HHN-LON-02,2024-08-24,ICU,9.25,11.875,0.7796717171717171
HHN-LON-02,2024-08-25,ICU,6.125,11.875,0.5160984848484849
HHN-LON-02,2024-08-26,ICU,8.25,11.875,0.694128787878788
HHN-LON-02,2024-08-27,ICU,9.875,12.0,0.8229166666666666
HHN-LON-02,2024-08-28,ICU,8.208333333333334,12.0,0.6840277777777778
HHN-LON-02,2024-08-29,ICU,9.375,11.958333333333334,0.7837752525252525
HHN-LON-02,2024-08-30,ICU,10.541666666666666,11.958333333333334,0.881628787878788
HHN-LON-02,2024-08-31,ICU,12.0,12.0,1.0
HHN-LON-02,2024-09-01,ICU,11.791666666666666,11.916666666666666,0.9895833333333334
HHN-LON-02,2024-09-02,ICU,11.416666666666666,11.916666666666666,0.9583333333333334
HHN-LON-02,2024-09-03,ICU,11.208333333333334,11.958333333333334,0.9375
HHN-LON-02,2024-09-04,ICU,11.125,11.916666666666666,0.9340277777777777
HHN-LON-02,2024-09-05,ICU,9.083333333333334,11.916666666666666,0.7632575757575757
HHN-LON-02,2024-09-06,ICU,7.333333333333333,11.916666666666666,0.6158459595959597
HHN-LON-02,2024-09-07,ICU,7.666666666666667,11.916666666666666,0.6433080808080808
HHN-LON-02,2024-09-08,ICU,6.458333333333333,11.916666666666666,0.5426136363636364
HHN-LON-02,2024-09-09,ICU,4.375,12.0,0.3645833333333333
HHN-LON-02,2024-09-10,ICU,8.083333333333334,12.0,0.6736111111111112
HHN-LON-02,2024-09-11,ICU,9.208333333333334,11.916666666666666,0.773358585858586
HHN-LON-02,2024-09-12,ICU,8.125,11.958333333333334,0.6799242424242423
HHN-LON-02,2024-09-13,ICU,8.291666666666666,11.958333333333334,0.6934974747474748
HHN-LON-02,2024-09-14,ICU,9.625,11.791666666666666,0.8172348484848485
HHN-LON-02,2024-09-15,ICU,11.583333333333334,11.875,0.9756944444444445
HHN-LON-02,2024-09-16,ICU,11.916666666666666,11.916666666666666,1.0
HHN-LON-02,2024-09-17,ICU,12.0,12.0,1.0
HHN-LON-02,2024-09-18,ICU,11.958333333333334,11.958333333333334,1.0
HHN-LON-02,2024-09-19,ICU,10.958333333333334,12.0,0.9131944444444445
HHN-LON-02,2024-09-20,ICU,10.125,11.958333333333334,0.8472222222222223
HHN-LON-02,2024-09-21,ICU,11.25,12.0,0.9375
HHN-LON-02,2024-09-22,ICU,11.958333333333334,11.958333333333334,1.0
HHN-LON-02,2024-09-23,ICU,12.0,12.0,1.0
HHN-LON-02,2024-09-24,ICU,11.958333333333334,11.958333333333334,1.0
HHN-LON-02,2024-09-25,ICU,11.916666666666666,11.916666666666666,1.0
HHN-LON-02,2024-09-26,ICU,11.708333333333334,12.0,0.9756944444444445
HHN-LON-02,2024-09-27,ICU,8.25,12.0,0.6875
HHN-LON-02,2024-09-28,ICU,8.083333333333334,11.958333333333334,0.6764520202020202
HHN-LON-02,2024-09-29,ICU,9.958333333333334,11.958333333333334,0.8330176767676768
HHN-LON-02,2024-09-30,ICU,11.791666666666666,11.875,0.9930555555555555
HHN-LON-02,2024-10-01,ICU,11.5,11.958333333333334,0.9618055555555555
HHN-LON-02,2024-10-02,ICU,11.958333333333334,11.958333333333334,1.0
HHN-LON-02,2024-10-03,ICU,11.958333333333334,11.958333333333334,1.0
HHN-LON-02,2024-10-04,ICU,11.958333333333334,11.958333333333334,1.0
HHN-LON-02,2024-10-05,ICU,11.875,11.875,1.0
HHN-LON-02,2024-10-06,ICU,11.958333333333334,11.958333333333334,1.0
HHN-LON-02,2024-10-07,ICU,12.0,12.0,1.0
HHN-LON-02,2024-10-08,ICU,12.0,12.0,1.0
HHN-LON-02,2024-10-09,ICU,11.916666666666666,11.916666666666666,1.0
HHN-LON-02,2024-10-10,ICU,11.958333333333334,11.958333333333334,1.0
HHN-LON-02,2024-10-11,ICU,12.0,12.0,1.0
HHN-LON-02,2024-10-12,ICU,11.666666666666666,11.833333333333334,0.9861111111111112
HHN-LON-02,2024-10-13,ICU,11.916666666666666,11.916666666666666,1.0
HHN-LON-02,2024-10-14,ICU,11.958333333333334,11.958333333333334,1.0
HHN-LON-02,2024-10-15,ICU,11.916666666666666,11.916666666666666,1.0
HHN-LON-02,2024-10-16,ICU,11.416666666666666,11.916666666666666,0.9583333333333334
HHN-LON-02,2024-10-17,ICU,9.625,11.916666666666666,0.8080808080808081
HHN-LON-02,2024-10-18,ICU,10.416666666666666,11.958333333333334,0.8715277777777778
HHN-LON-02,2024-10-19,ICU,11.916666666666666,11.916666666666666,1.0
HHN-LON-02,2024-10-20,ICU,11.5,11.916666666666666,0.9652777777777778
HHN-LON-02,2024-10-21,ICU,11.875,11.875,1.0
HHN-LON-02,2024-10-22,ICU,11.416666666666666,11.958333333333334,0.9548611111111112
HHN-LON-02,2024-10-23,ICU,11.125,11.958333333333334,0.9305555555555555
HHN-LON-02,2024-10-24,ICU,11.25,12.0,0.9375
HHN-LON-02,2024-10-25,ICU,9.583333333333334,12.0,0.7986111111111112
HHN-LON-02,2024-10-26,ICU,9.791666666666666,11.958333333333334,0.8188131313131314
HHN-LON-02,2024-10-27,ICU,6.916666666666667,11.958333333333334,0.5782828282828283
HHN-LON-02,2024-10-28,ICU,7.458333333333333,11.958333333333334,0.6237373737373738
HHN-LON-02,2024-10-29,ICU,10.5,11.958333333333334,0.8781565656565656
HHN-LON-02,2024-10-30,ICU,9.0,11.958333333333334,0.7531565656565656
HHN-LON-02,2024-10-31,ICU,6.333333333333333,12.0,0.5277777777777778
HHN-LON-02,2024-11-01,ICU,5.25,11.958333333333334,0.4393939393939394
HHN-LON-02,2024-11-02,ICU,5.041666666666667,11.916666666666666,0.4236111111111111
HHN-LON-02,2024-11-03,ICU,5.166666666666667,11.916666666666666,0.43402777777777773
HHN-LON-02,2024-11-04,ICU,4.333333333333333,12.0,0.3611111111111111
HHN-LON-02,2024-11-05,ICU,3.8333333333333335,12.0,0.3194444444444444
HHN-LON-02,2024-11-06,ICU,4.25,11.958333333333334,0.3554292929292929
HHN-LON-02,2024-11-07,ICU,3.9166666666666665,11.875,0.3298611111111111
HHN-LON-02,2024-11-08,ICU,5.291666666666667,11.958333333333334,0.4428661616161616
HHN-LON-02,2024-11-09,ICU,7.583333333333333,11.833333333333334,0.6414141414141414
HHN-LON-02,2024-11-10,ICU,8.708333333333334,11.875,0.7342171717171717
HHN-LON-02,2024-11-11,ICU,8.666666666666666,11.958333333333334,0.7250631313131314
HHN-LON-02,2024-11-12,ICU,9.708333333333334,11.958333333333334,0.8125
HHN-LON-02,2024-11-13,ICU,10.458333333333334,11.958333333333334,0.875
HHN-LON-02,2024-11-14,ICU,10.916666666666666,12.0,0.9097222222222222
HHN-LON-02,2024-11-15,ICU,11.0,12.0,0.9166666666666666
HHN-LON-02,2024-11-16,ICU,9.166666666666666,11.958333333333334,0.766729797979798
HHN-LON-02,2024-11-17,ICU,7.958333333333333,11.833333333333334,0.6732954545454546
HHN-LON-02,2024-11-18,ICU,9.166666666666666,11.875,0.7727272727272728
HHN-LON-02,2024-11-19,ICU,10.708333333333334,11.958333333333334,0.8955176767676768
HHN-LON-02,2024-11-20,ICU,11.416666666666666,11.916666666666666,0.9583333333333334
HHN-LON-02,2024-11-21,ICU,10.333333333333334,11.875,0.8705808080808081
HHN-LON-02,2024-11-22,ICU,8.166666666666666,11.958333333333334,0.6830808080808081
HHN-LON-02,2024-11-23,ICU,7.458333333333333,11.875,0.6287878787878788
HHN-LON-02,2024-11-24,ICU,7.833333333333333,11.958333333333334,0.6553030303030303
HHN-LON-02,2024-11-25,ICU,8.666666666666666,12.0,0.7222222222222222
HHN-LON-02,2024-11-26,ICU,9.25,11.958333333333334,0.7739898989898989
HHN-LON-02,2024-11-27,ICU,7.833333333333333,11.958333333333334,0.6556186868686869
HHN-LON-02,2024-11-28,ICU,9.708333333333334,11.833333333333334,0.8213383838383838
HHN-LON-02,2024-11-29,ICU,11.958333333333334,11.958333333333334,1.0
HHN-LON-02,2024-11-30,ICU,11.25,11.791666666666666,0.9548611111111112
HHN-LON-02,2024-12-01,ICU,8.0,11.916666666666666,0.6720328282828283
HHN-LON-02,2024-12-02,ICU,7.5,11.958333333333334,0.6268939393939394
HHN-LON-02,2024-12-03,ICU,9.875,11.791666666666666,0.8380681818181818
HHN-LON-02,2024-12-04,ICU,11.5,12.0,0.9583333333333334
HHN-LON-02,2024-12-05,ICU,10.666666666666666,11.875,0.8989898989898989
HHN-LON-02,2024-12-06,ICU,8.625,11.875,0.726641414141414
HHN-LON-02,2024-12-07,ICU,6.75,11.875,0.569128787878788
HHN-LON-02,2024-12-08,ICU,6.208333333333333,11.791666666666666,0.5274621212121212
HHN-LON-02,2024-12-09,ICU,4.666666666666667,11.958333333333334,0.3904671717171717
HHN-LON-02,2024-12-10,ICU,5.0,11.875,0.42140151515151514
HHN-LON-02,2024-12-11,ICU,8.0,11.958333333333334,0.6688762626262627
HHN-LON-02,2024-12-12,ICU,10.25,11.916666666666666,0.8598484848484849
HHN-LON-02,2024-12-13,ICU,10.75,11.875,0.9056186868686869
HHN-LON-02,2024-12-14,ICU,10.875,11.833333333333334,0.9195075757575758
HHN-LON-02,2024-12-15,ICU,11.666666666666666,11.833333333333334,0.9861111111111112
HHN-LON-02,2024-12-16,ICU,11.958333333333334,11.958333333333334,1.0
HHN-LON-02,2024-12-17,ICU,12.0,12.0,1.0
HHN-LON-02,2024-12-18,ICU,11.958333333333334,11.958333333333334,1.0
HHN-LON-02,2024-12-19,ICU,9.583333333333334,11.916666666666666,0.8049242424242423
HHN-LON-02,2024-12-20,ICU,7.833333333333333,11.916666666666666,0.6575126262626262
HHN-LON-02,2024-12-21,ICU,9.0,11.875,0.7585227272727274
HHN-LON-02,2024-12-22,ICU,9.791666666666666,11.708333333333334,0.8374368686868688
HHN-LON-02,2024-12-23,ICU,8.916666666666666,11.958333333333334,0.7458964646464646
HHN-LON-02,2024-12-24,ICU,8.166666666666666,11.916666666666666,0.6856060606060606
HHN-LON-02,2024-12-25,ICU,8.833333333333334,11.875,0.7443181818181818
HHN-LON-02,2024-12-26,ICU,10.208333333333334,11.958333333333334,0.8535353535353535
HHN-LON-02,2024-12-27,ICU,11.25,11.833333333333334,0.9513888888888888
HHN-LON-02,2024-12-28,ICU,10.583333333333334,11.791666666666666,0.8986742424242423
HHN-LON-02,2024-12-29,ICU,11.583333333333334,11.916666666666666,0.9722222222222222
HHN-LON-02,2024-12-30,ICU,11.833333333333334,11.833333333333334,1.0
HHN-LON-02,2024-12-31,ICU,11.875,11.875,1.0
HHN-LON-02,2025-01-01,ICU,11.833333333333334,11.833333333333334,1.0
HHN-LON-02,2025-01-02,ICU,11.666666666666666,11.958333333333334,0.9756944444444445
HHN-LON-02,2025-01-03,ICU,11.916666666666666,11.916666666666666,1.0
HHN-LON-02,2025-01-04,ICU,11.875,11.875,1.0
HHN-LON-02,2025-01-05,ICU,11.625,11.791666666666666,0.9861111111111112
HHN-LON-02,2025-01-06,ICU,8.333333333333334,11.958333333333334,0.6969696969696969
HHN-LON-02,2025-01-07,ICU,8.333333333333334,11.958333333333334,0.69760101010101
HHN-LON-02,2025-01-08,ICU,9.625,11.916666666666666,0.8083964646464646
HHN-LON-02,2025-01-09,ICU,8.166666666666666,11.916666666666666,0.6859217171717171
HHN-LON-02,2025-01-10,ICU,7.041666666666667,11.791666666666666,0.5981691919191919
HHN-LON-02,2025-01-11,ICU,7.916666666666667,11.916666666666666,0.6650883838383839
HHN-LON-02,2025-01-12,ICU,9.291666666666666,11.916666666666666,0.7799873737373737
HHN-LON-02,2025-01-13,ICU,10.958333333333334,11.916666666666666,0.9201388888888888
HHN-LON-02,2025-01-14,ICU,11.875,11.875,1.0
HHN-LON-02,2025-01-15,ICU,11.791666666666666,11.916666666666666,0.9895833333333334
HHN-LON-02,2025-01-16,ICU,10.458333333333334,11.791666666666666,0.8882575757575758
HHN-LON-02,2025-01-17,ICU,7.666666666666667,11.833333333333334,0.6486742424242424
HHN-LON-02,2025-01-18,ICU,9.5,11.958333333333334,0.7945075757575757
HHN-LON-02,2025-01-19,ICU,9.583333333333334,11.875,0.8077651515151515
HHN-LON-02,2025-01-20,ICU,11.5,11.833333333333334,0.9722222222222222
HHN-LON-02,2025-01-21,ICU,10.958333333333334,11.875,0.923611111111111
HHN-LON-02,2025-01-22,ICU,11.0,11.875,0.9264520202020202
HHN-LON-02,2025-01-23,ICU,11.916666666666666,11.916666666666666,1.0
HHN-LON-02,2025-01-24,ICU,11.75,11.791666666666666,0.9965277777777778
HHN-LON-02,2025-01-25,ICU,11.791666666666666,11.791666666666666,1.0
HHN-LON-02,2025-01-26,ICU,11.916666666666666,11.916666666666666,1.0
HHN-LON-02,2025-01-27,ICU,11.833333333333334,11.833333333333334,1.0
HHN-LON-02,2025-01-28,ICU,11.916666666666666,11.916666666666666,1.0
HHN-LON-02,2025-01-29,ICU,11.833333333333334,11.833333333333334,1.0
HHN-LON-02,2025-01-30,ICU,11.916666666666666,11.916666666666666,1.0
HHN-LON-02,2025-01-31,ICU,11.875,11.875,1.0
HHN-LON-02,2025-02-01,ICU,11.875,11.875,1.0
HHN-LON-02,2025-02-02,ICU,11.791666666666666,11.791666666666666,1.0
HHN-LON-02,2025-02-03,ICU,11.916666666666666,11.916666666666666,1.0
HHN-LON-02,2025-02-04,ICU,11.916666666666666,11.916666666666666,1.0
HHN-LON-02,2025-02-05,ICU,11.875,11.875,1.0
HHN-LON-02,2025-02-06,ICU,12.0,12.0,1.0
HHN-LON-02,2025-02-07,ICU,11.958333333333334,11.958333333333334,1.0
HHN-LON-02,2025-02-08,ICU,11.791666666666666,11.791666666666666,1.0
HHN-LON-02,2025-02-09,ICU,11.833333333333334,11.833333333333334,1.0
HHN-LON-02,2025-02-10,ICU,11.958333333333334,11.958333333333334,1.0
HHN-LON-02,2025-02-11,ICU,11.916666666666666,11.958333333333334,0.9965277777777778
HHN-LON-02,2025-02-12,ICU,11.875,11.875,1.0
HHN-LON-02,2025-02-13,ICU,11.916666666666666,11.916666666666666,1.0
HHN-LON-02,2025-02-14,ICU,11.958333333333334,11.958333333333334,1.0
HHN-LON-02,2025-02-15,ICU,11.875,11.875,1.0
HHN-LON-02,2025-02-16,ICU,11.875,11.875,1.0
HHN-LON-02,2025-02-17,ICU,11.875,11.875,1.0
HHN-LON-02,2025-02-18,ICU,11.833333333333334,11.833333333333334,1.0
HHN-LON-02,2025-02-19,ICU,10.708333333333334,11.708333333333334,0.9150883838383838
HHN-LON-02,2025-02-20,ICU,7.875,11.875,0.6625631313131314
HHN-LON-02,2025-02-21,ICU,5.625,11.708333333333334,0.4813762626262626
HHN-LON-02,2025-02-22,ICU,8.208333333333334,11.791666666666666,0.6966540404040403
HHN-LON-02,2025-02-23,ICU,8.75,11.875,0.7376893939393939
HHN-LON-02,2025-02-24,ICU,6.625,11.958333333333334,0.5542929292929293
HHN-LON-02,2025-02-25,ICU,6.958333333333333,11.833333333333334,0.5886994949494949
HHN-LON-02,2025-02-26,ICU,8.375,11.875,0.7058080808080808
HHN-LON-02,2025-02-27,ICU,7.083333333333333,11.916666666666666,0.5943813131313131
HHN-LON-02,2025-02-28,ICU,8.958333333333334,11.791666666666666,0.7607323232323232
HHN-LON-02,2025-03-01,ICU,8.75,11.875,0.7370580808080808
HHN-LON-02,2025-03-02,ICU,7.25,11.875,0.6114267676767676
HHN-LON-02,2025-03-03,ICU,7.958333333333333,12.0,0.6631944444444444
HHN-LON-02,2025-03-04,ICU,8.333333333333334,12.0,0.6944444444444445
HHN-LON-02,2025-03-05,ICU,9.125,11.916666666666666,0.7664141414141414
HHN-LON-02,2025-03-06,ICU,9.958333333333334,11.958333333333334,0.8333333333333334
HHN-LON-02,2025-03-07,ICU,11.416666666666666,12.0,0.9513888888888888
HHN-LON-02,2025-03-08,ICU,11.416666666666666,11.958333333333334,0.9548611111111112
HHN-LON-02,2025-03-09,ICU,10.708333333333334,11.875,0.9024621212121212
HHN-LON-02,2025-03-10,ICU,9.125,11.916666666666666,0.7660984848484849
HHN-LON-02,2025-03-11,ICU,9.458333333333334,12.0,0.7881944444444445
HHN-LON-02,2025-03-12,ICU,10.958333333333334,11.958333333333334,0.9166666666666666
HHN-LON-02,2025-03-13,ICU,10.25,11.916666666666666,0.860479797979798
HHN-LON-02,2025-03-14,ICU,11.291666666666666,11.958333333333334,0.9444444444444445
HHN-LON-02,2025-03-15,ICU,10.208333333333334,11.958333333333334,0.85385101010101
HHN-LON-02,2025-03-16,ICU,8.166666666666666,11.791666666666666,0.6922348484848485
HHN-LON-02,2025-03-17,ICU,8.333333333333334,11.875,0.7017045454545454
HHN-LON-02,2025-03-18,ICU,9.166666666666666,11.875,0.7720959595959597
HHN-LON-02,2025-03-19,ICU,10.291666666666666,12.0,0.8576388888888888
HHN-LON-02,2025-03-20,ICU,10.0,12.0,0.8333333333333334
HHN-LON-02,2025-03-21,ICU,11.416666666666666,11.958333333333334,0.9548611111111112
HHN-LON-02,2025-03-22,ICU,10.833333333333334,11.916666666666666,0.9090909090909092
HHN-LON-02,2025-03-23,ICU,11.958333333333334,11.958333333333334,1.0
HHN-LON-02,2025-03-24,ICU,12.0,12.0,1.0
HHN-LON-02,2025-03-25,ICU,11.583333333333334,11.958333333333334,0.96875
HHN-LON-02,2025-03-26,ICU,8.875,11.916666666666666,0.7452651515151515
HHN-LON-02,2025-03-27,ICU,8.416666666666666,11.916666666666666,0.7064393939393939
HHN-LON-02,2025-03-28,ICU,8.416666666666666,12.0,0.7013888888888888
HHN-LON-02,2025-03-29,ICU,10.208333333333334,11.958333333333334,0.8535353535353535
HHN-LON-02,2025-03-30,ICU,11.291666666666666,11.958333333333334,0.9444444444444443
HHN-LON-02,2025-03-31,ICU,11.333333333333334,11.958333333333334,0.9479166666666666
HHN-LON-02,2025-04-01,ICU,11.875,11.875,1.0
HHN-LON-02,2025-04-02,ICU,11.958333333333334,12.0,0.9965277777777778
HHN-LON-02,2025-04-03,ICU,12.0,12.0,1.0
HHN-LON-02,2025-04-04,ICU,11.916666666666666,11.916666666666666,1.0
HHN-LON-02,2025-04-05,ICU,11.875,12.0,0.9895833333333334
HHN-LON-02,2025-04-06,ICU,11.541666666666666,11.916666666666666,0.96875
HHN-LON-02,2025-04-07,ICU,11.541666666666666,12.0,0.9618055555555555
HHN-LON-02,2025-04-08,ICU,11.958333333333334,11.958333333333334,1.0
HHN-LON-02,2025-04-09,ICU,11.666666666666666,11.916666666666666,0.9791666666666666
HHN-LON-02,2025-04-10,ICU,10.208333333333334,11.958333333333334,0.8541666666666666
HHN-LON-02,2025-04-11,ICU,10.875,11.958333333333334,0.9097222222222222
HHN-LON-02,2025-04-12,ICU,10.958333333333334,11.958333333333334,0.9166666666666666
HHN-LON-02,2025-04-13,ICU,11.208333333333334,11.916666666666666,0.9406565656565657
HHN-LON-02,2025-04-14,ICU,11.458333333333334,12.0,0.9548611111111112
HHN-LON-02,2025-04-15,ICU,11.958333333333334,11.958333333333334,1.0
HHN-LON-02,2025-04-16,ICU,11.958333333333334,12.0,0.9965277777777778
HHN-LON-02,2025-04-17,ICU,10.416666666666666,11.958333333333334,0.8715277777777778
HHN-LON-02,2025-04-18,ICU,9.541666666666666,11.916666666666666,0.8014520202020202
HHN-LON-02,2025-04-19,ICU,9.5,11.958333333333334,0.7948232323232323
HHN-LON-02,2025-04-20,ICU,10.166666666666666,11.875,0.8570075757575758
HHN-LON-02,2025-04-21,ICU,11.875,11.958333333333334,0.9930555555555555
HHN-LON-02,2025-04-22,ICU,11.958333333333334,11.958333333333334,1.0
HHN-LON-02,2025-04-23,ICU,11.75,11.916666666666666,0.9861111111111112
HHN-LON-02,2025-04-24,ICU,10.0,12.0,0.8333333333333334
HHN-LON-02,2025-04-25,ICU,9.958333333333334,11.916666666666666,0.8364898989898991
HHN-LON-02,2025-04-26,ICU,10.041666666666666,11.916666666666666,0.8434343434343434
HHN-LON-02,2025-04-27,ICU,7.916666666666667,11.916666666666666,0.6647727272727273
HHN-LON-02,2025-04-28,ICU,8.541666666666666,12.0,0.7118055555555555
HHN-LON-02,2025-04-29,ICU,7.375,12.0,0.6145833333333334
HHN-LON-02,2025-04-30,ICU,10.375,12.0,0.8645833333333334
HHN-LON-02,2025-05-01,ICU,11.541666666666666,11.916666666666666,0.96875
HHN-LON-02,2025-05-02,ICU,9.916666666666666,11.958333333333334,0.8295454545454546
HHN-LON-02,2025-05-03,ICU,7.5,11.833333333333334,0.6341540404040403
HHN-LON-02,2025-05-04,ICU,5.708333333333333,11.916666666666666,0.47948232323232326
HHN-LON-02,2025-05-05,ICU,6.458333333333333,11.958333333333334,0.5400883838383839
HHN-LON-02,2025-05-06,ICU,7.541666666666667,11.958333333333334,0.6306818181818182
HHN-LON-02,2025-05-07,ICU,8.166666666666666,11.958333333333334,0.6833964646464646
HHN-LON-02,2025-05-08,ICU,7.041666666666667,11.916666666666666,0.5912247474747475
HHN-LON-02,2025-05-09,ICU,8.041666666666666,11.916666666666666,0.6751893939393939
HHN-LON-02,2025-05-10,ICU,8.208333333333334,12.0,0.6840277777777778
HHN-LON-02,2025-05-11,ICU,8.791666666666666,11.916666666666666,0.7383207070707071
HHN-LON-02,2025-05-12,ICU,8.875,11.958333333333334,0.7424242424242423
HHN-LON-02,2025-05-13,ICU,9.375,11.875,0.7900883838383838
HHN-LON-02,2025-05-14,ICU,9.833333333333334,11.958333333333334,0.82260101010101
HHN-LON-02,2025-05-15,ICU,11.583333333333334,11.875,0.9750631313131314
HHN-LON-02,2025-05-16,ICU,11.333333333333334,11.916666666666666,0.9513888888888888
HHN-LON-02,2025-05-17,ICU,11.166666666666666,11.833333333333334,0.9444444444444445
HHN-LON-02,2025-05-18,ICU,10.375,11.875,0.8743686868686869
HHN-LON-02,2025-05-19,ICU,9.166666666666666,11.916666666666666,0.7692550505050505
HHN-LON-02,2025-05-20,ICU,8.708333333333334,11.875,0.7342171717171717
HHN-LON-02,2025-05-21,ICU,4.916666666666667,11.875,0.4147727272727273
HHN-LON-02,2025-05-22,ICU,5.625,11.958333333333334,0.4703282828282828
HHN-LON-02,2025-05-23,ICU,6.208333333333333,12.0,0.5173611111111112
HHN-LON-02,2025-05-24,ICU,7.625,11.875,0.642361111111111
HHN-LON-02,2025-05-25,ICU,7.041666666666667,11.791666666666666,0.5981691919191919
HHN-LON-02,2025-05-26,ICU,6.041666666666667,12.0,0.5034722222222222
HHN-LON-02,2025-05-27,ICU,4.916666666666667,12.0,0.40972222222222227
HHN-LON-02,2025-05-28,ICU,5.125,12.0,0.4270833333333333
HHN-LON-02,2025-05-29,ICU,3.6666666666666665,12.0,0.3055555555555555
HHN-LON-02,2025-05-30,ICU,2.6666666666666665,12.0,0.22222222222222218
HHN-LON-02,2025-05-31,ICU,7.791666666666667,11.875,0.6556186868686869
HHN-LON-02,2025-06-01,ICU,11.208333333333334,11.958333333333334,0.9375
HHN-LON-02,2025-06-02,ICU,11.25,12.0,0.9375
HHN-LON-02,2025-06-03,ICU,10.5,11.958333333333334,0.8781565656565657
HHN-LON-02,2025-06-04,ICU,9.0,11.958333333333334,0.7528409090909091
HHN-LON-02,2025-06-05,ICU,7.208333333333333,11.958333333333334,0.6035353535353535
HHN-LON-02,2025-06-06,ICU,5.875,11.916666666666666,0.4930555555555556
HHN-LON-02,2025-06-07,ICU,7.708333333333333,11.833333333333334,0.6511994949494949
HHN-LON-02,2025-06-08,ICU,8.833333333333334,11.791666666666666,0.75
HHN-LON-02,2025-06-09,ICU,8.041666666666666,11.958333333333334,0.6726641414141414
HHN-LON-02,2025-06-10,ICU,7.333333333333333,12.0,0.611111111111111
HHN-LON-02,2025-06-11,ICU,6.083333333333333,11.958333333333334,0.5088383838383839
HHN-LON-02,2025-06-12,ICU,3.4166666666666665,11.958333333333334,0.28598484848484845
HHN-LON-02,2025-06-13,ICU,4.0,11.916666666666666,0.33585858585858586
HHN-LON-02,2025-06-14,ICU,3.0,11.875,0.25315656565656564
HHN-LON-02,2025-06-15,ICU,3.375,11.875,0.28440656565656564
HHN-LON-02,2025-06-16,ICU,5.208333333333333,12.0,0.43402777777777773
HHN-LON-02,2025-06-17,ICU,5.625,12.0,0.46875
HHN-LON-02,2025-06-18,ICU,7.041666666666667,12.0,0.5868055555555556
HHN-LON-02,2025-06-19,ICU,7.541666666666667,11.916666666666666,0.6332070707070707
HHN-LON-02,2025-06-20,ICU,6.125,12.0,0.5104166666666666
HHN-LON-02,2025-06-21,ICU,4.583333333333333,12.0,0.3819444444444444
HHN-LON-02,2025-06-22,ICU,5.708333333333333,11.916666666666666,0.4788510101010101
HHN-LON-02,2025-06-23,ICU,7.708333333333333,11.958333333333334,0.6448863636363636
HHN-LON-02,2025-06-24,ICU,7.333333333333333,11.833333333333334,0.6202651515151515
HHN-LON-02,2025-06-25,ICU,9.041666666666666,11.958333333333334,0.7563131313131314
HHN-LON-02,2025-06-26,ICU,6.666666666666667,12.0,0.5555555555555556
HHN-LON-02,2025-06-27,ICU,5.208333333333333,12.0,0.43402777777777785
HHN-LON-02,2025-06-28,ICU,5.75,11.875,0.48674242424242425
HHN-LON-02,2025-06-29,ICU,8.666666666666666,11.875,0.7307449494949495
HHN-LON-02,2025-06-30,ICU,8.833333333333334,11.958333333333334,0.7386363636363636
HHN-LON-02,2025-07-01,ICU,10.083333333333334,12.0,0.8402777777777778
HHN-LON-02,2025-07-02,ICU,11.708333333333334,12.0,0.9756944444444445
HHN-LON-02,2025-07-03,ICU,11.833333333333334,12.0,0.9861111111111112
HHN-LON-02,2025-07-04,ICU,10.333333333333334,11.875,0.8708964646464646
HHN-LON-02,2025-07-05,ICU,9.25,12.0,0.7708333333333334
HHN-LON-02,2025-07-06,ICU,7.625,11.875,0.6429924242424242
HHN-LON-02,2025-07-07,ICU,9.916666666666666,11.958333333333334,0.8295454545454546
HHN-LON-02,2025-07-08,ICU,10.125,12.0,0.84375
HHN-LON-02,2025-07-09,ICU,8.0,12.0,0.6666666666666666
HHN-LON-02,2025-07-10,ICU,7.958333333333333,11.958333333333334,0.6657196969696969
HHN-LON-02,2025-07-11,ICU,7.666666666666667,11.958333333333334,0.6414141414141414
HHN-LON-02,2025-07-12,ICU,7.75,11.958333333333334,0.6480429292929293
HHN-LON-02,2025-07-13,ICU,5.416666666666667,11.791666666666666,0.4602272727272727
HHN-LON-02,2025-07-14,ICU,5.791666666666667,11.916666666666666,0.485479797979798
HHN-LON-02,2025-07-15,ICU,8.25,11.875,0.695391414141414
HHN-LON-02,2025-07-16,ICU,8.125,11.916666666666666,0.6824494949494949
HHN-LON-02,2025-07-17,ICU,9.833333333333334,11.958333333333334,0.8229166666666666
HHN-LON-02,2025-07-18,ICU,9.0,11.958333333333334,0.7531565656565656
HHN-LON-02,2025-07-19,ICU,5.291666666666667,11.958333333333334,0.4428661616161616
HHN-LON-02,2025-07-20,ICU,5.208333333333333,11.958333333333334,0.4356060606060606
HHN-LON-02,2025-07-21,ICU,6.958333333333333,11.875,0.5874368686868686
HHN-LON-02,2025-07-22,ICU,7.708333333333333,11.958333333333334,0.6448863636363636
HHN-LON-02,2025-07-23,ICU,8.25,11.958333333333334,0.6900252525252525
HHN-LON-02,2025-07-24,ICU,8.375,11.916666666666666,0.7029671717171717
HHN-LON-02,2025-07-25,ICU,11.583333333333334,11.916666666666666,0.9722222222222222
HHN-LON-02,2025-07-26,ICU,12.0,12.0,1.0
HHN-LON-02,2025-07-27,ICU,11.958333333333334,11.958333333333334,1.0
HHN-LON-02,2025-07-28,ICU,11.208333333333334,11.958333333333334,0.9375
HHN-LON-02,2025-07-29,ICU,9.0,12.0,0.75
HHN-LON-02,2025-07-30,ICU,9.291666666666666,11.875,0.783459595959596
HHN-LON-02,2025-07-31,ICU,8.5,11.958333333333334,0.7108585858585857
HHN-LON-02,2025-08-01,ICU,9.041666666666666,11.958333333333334,0.7556818181818182
HHN-LON-02,2025-08-02,ICU,11.875,11.875,1.0
HHN-LON-02,2025-08-03,ICU,11.875,11.875,1.0
HHN-LON-02,2025-08-04,ICU,12.0,12.0,1.0
HHN-LON-02,2025-08-05,ICU,10.041666666666666,11.958333333333334,0.8396464646464646
HHN-LON-02,2025-08-06,ICU,7.208333333333333,12.0,0.6006944444444444
HHN-LON-02,2025-08-07,ICU,7.125,12.0,0.59375
HHN-LON-02,2025-08-08,ICU,7.458333333333333,12.0,0.6215277777777778
HHN-LON-02,2025-08-09,ICU,6.75,12.0,0.5625
HHN-LON-02,2025-08-10,ICU,5.75,11.875,0.48484848484848486
HHN-LON-02,2025-08-11,ICU,4.375,12.0,0.3645833333333333
HHN-LON-02,2025-08-12,ICU,2.3333333333333335,12.0,0.19444444444444442
HHN-LON-02,2025-08-13,ICU,1.875,12.0,0.15624999999999994
HHN-LON-02,2025-08-14,ICU,2.125,11.958333333333334,0.1777146464646464
HHN-LON-02,2025-08-15,ICU,3.75,12.0,0.3125
HHN-LON-02,2025-08-16,ICU,5.041666666666667,11.875,0.4248737373737374
HHN-LON-02,2025-08-17,ICU,4.916666666666667,11.833333333333334,0.41603535353535354
HHN-LON-02,2025-08-18,ICU,5.333333333333333,11.833333333333334,0.45075757575757575
HHN-LON-02,2025-08-19,ICU,6.208333333333333,12.0,0.517361111111111
HHN-LON-02,2025-08-20,ICU,7.0,11.958333333333334,0.5855429292929293
HHN-LON-02,2025-08-21,ICU,7.916666666666667,11.958333333333334,0.6622474747474747
HHN-LON-02,2025-08-22,ICU,7.625,12.0,0.6354166666666666
HHN-LON-02,2025-08-23,ICU,6.125,11.958333333333334,0.5126262626262627
HHN-LON-02,2025-08-24,ICU,6.375,11.875,0.5363005050505051
HHN-LON-02,2025-08-25,ICU,6.791666666666667,11.958333333333334,0.5678661616161617
HHN-LON-02,2025-08-26,ICU,4.916666666666667,11.916666666666666,0.4128787878787879
HHN-LON-02,2025-08-27,ICU,7.25,11.958333333333334,0.6060606060606061
HHN-LON-02,2025-08-28,ICU,8.333333333333334,11.875,0.7023358585858586
HHN-LON-02,2025-08-29,ICU,7.666666666666667,11.916666666666666,0.6442550505050505
HHN-LON-02,2025-08-30,ICU,7.5,11.916666666666666,0.6297348484848485
HHN-LON-02,2025-08-31,ICU,6.875,11.875,0.579229797979798
HHN-LON-02,2025-09-01,ICU,7.041666666666667,12.0,0.5868055555555556
HHN-LON-02,2025-09-02,ICU,10.166666666666666,11.958333333333334,0.850378787878788
HHN-LON-02,2025-09-03,ICU,11.708333333333334,11.916666666666666,0.9826388888888888
HHN-LON-02,2025-09-04,ICU,11.583333333333334,11.875,0.9756944444444445
HHN-LON-02,2025-09-05,ICU,11.333333333333334,11.916666666666666,0.9513888888888888
HHN-LON-02,2025-09-06,ICU,8.791666666666666,11.916666666666666,0.7376893939393939
HHN-LON-02,2025-09-07,ICU,5.875,11.958333333333334,0.49116161616161613
HHN-LON-02,2025-09-08,ICU,3.25,11.958333333333334,0.27146464646464646
HHN-LON-02,2025-09-09,ICU,3.7916666666666665,11.916666666666666,0.31849747474747475
HHN-LON-02,2025-09-10,ICU,5.125,11.958333333333334,0.4289772727272727
HHN-LON-02,2025-09-11,ICU,6.333333333333333,11.916666666666666,0.5315656565656566
HHN-LON-02,2025-09-12,ICU,8.125,11.916666666666666,0.6815025252525252
HHN-LON-02,2025-09-13,ICU,11.958333333333334,12.0,0.9965277777777778
HHN-LON-02,2025-09-14,ICU,11.958333333333334,11.958333333333334,1.0
HHN-LON-02,2025-09-15,ICU,11.708333333333334,12.0,0.9756944444444445
HHN-LON-02,2025-09-16,ICU,11.333333333333334,11.958333333333334,0.9479166666666666
HHN-LON-02,2025-09-17,ICU,11.666666666666666,11.916666666666666,0.9791666666666666
HHN-LON-02,2025-09-18,ICU,8.708333333333334,11.875,0.7335858585858586
HHN-LON-02,2025-09-19,ICU,6.208333333333333,11.833333333333334,0.5249368686868686
HHN-LON-02,2025-09-20,ICU,7.25,11.916666666666666,0.6098484848484849
HHN-LON-02,2025-09-21,ICU,8.416666666666666,11.958333333333334,0.704229797979798
HHN-LON-02,2025-09-22,ICU,6.291666666666667,12.0,0.5243055555555556
HHN-LON-02,2025-09-23,ICU,5.25,12.0,0.4375
HHN-LON-02,2025-09-24,ICU,6.125,11.958333333333334,0.5123106060606061
HHN-LON-02,2025-09-25,ICU,7.0,11.958333333333334,0.5855429292929294
HHN-LON-02,2025-09-26,ICU,6.416666666666667,11.958333333333334,0.5366161616161617
HHN-LON-02,2025-09-27,ICU,6.375,11.875,0.5369318181818182
HHN-LON-02,2025-09-28,ICU,5.916666666666667,11.916666666666666,0.49652777777777773
HHN-LON-02,2025-09-29,ICU,7.791666666666667,11.958333333333334,0.6511994949494949
HHN-LON-02,2025-09-30,ICU,9.708333333333334,12.0,0.8090277777777778
HHN-LON-02,2025-10-01,ICU,10.666666666666666,11.916666666666666,0.8955176767676768
HHN-LON-02,2025-10-02,ICU,10.541666666666666,11.958333333333334,0.881628787878788
HHN-LON-02,2025-10-03,ICU,10.583333333333334,11.958333333333334,0.88510101010101
HHN-LON-02,2025-10-04,ICU,8.208333333333334,12.0,0.6840277777777778
HHN-LON-02,2025-10-05,ICU,8.583333333333334,11.875,0.7231691919191919
HHN-LON-02,2025-10-06,ICU,9.208333333333334,11.916666666666666,0.7730429292929294
HHN-LON-02,2025-10-07,ICU,7.541666666666667,11.958333333333334,0.6309974747474748
HHN-LON-02,2025-10-08,ICU,9.416666666666666,11.916666666666666,0.7910353535353535
HHN-LON-02,2025-10-09,ICU,10.5,11.916666666666666,0.8813131313131314
HHN-LON-02,2025-10-10,ICU,9.333333333333334,11.958333333333334,0.7806186868686869
HHN-LON-02,2025-10-11,ICU,11.5,11.958333333333334,0.9618055555555555
HHN-LON-02,2025-10-12,ICU,11.916666666666666,11.916666666666666,1.0
HHN-LON-02,2025-10-13,ICU,11.958333333333334,11.958333333333334,1.0
HHN-LON-02,2025-10-14,ICU,10.541666666666666,11.958333333333334,0.8819444444444445
HHN-LON-02,2025-10-15,ICU,8.75,11.916666666666666,0.7348484848484849
HHN-LON-02,2025-10-16,ICU,5.958333333333333,11.958333333333334,0.4984217171717172
HHN-LON-02,2025-10-17,ICU,7.708333333333333,11.958333333333334,0.6445707070707071
HHN-LON-02,2025-10-18,ICU,6.208333333333333,11.958333333333334,0.5195707070707071
HHN-LON-02,2025-10-19,ICU,6.708333333333333,11.916666666666666,0.5637626262626263
HHN-LON-02,2025-10-20,ICU,9.083333333333334,12.0,0.7569444444444445
HHN-LON-02,2025-10-21,ICU,8.291666666666666,12.0,0.6909722222222222
HHN-LON-02,2025-10-22,ICU,6.875,11.958333333333334,0.5751262626262627
HHN-LON-02,2025-10-23,ICU,5.5,12.0,0.4583333333333333
HHN-LON-02,2025-10-24,ICU,4.708333333333333,11.916666666666666,0.39520202020202017
HHN-LON-02,2025-10-25,ICU,4.166666666666667,11.916666666666666,0.34974747474747475
HHN-LON-02,2025-10-26,ICU,6.041666666666667,11.833333333333334,0.5107323232323232
HHN-LON-02,2025-10-27,ICU,6.833333333333333,12.0,0.5694444444444445
HHN-LON-02,2025-10-28,ICU,6.75,11.916666666666666,0.5669191919191919
HHN-LON-02,2025-10-29,ICU,7.416666666666667,11.916666666666666,0.6227904040404041
HHN-LON-02,2025-10-30,ICU,7.916666666666667,12.0,0.6597222222222222
HHN-LON-02,2025-10-31,ICU,9.458333333333334,11.958333333333334,0.7910353535353535
HHN-LON-02,2025-11-01,ICU,6.541666666666667,12.0,0.545138888888889
HHN-LON-02,2025-11-02,ICU,8.0,11.958333333333334,0.6691919191919191
HHN-LON-02,2025-11-03,ICU,10.041666666666666,11.958333333333334,0.8402777777777778
HHN-LON-02,2025-11-04,ICU,7.125,11.875,0.6006944444444445
HHN-LON-02,2025-11-05,ICU,6.333333333333333,11.916666666666666,0.53125
HHN-LON-02,2025-11-06,ICU,5.958333333333333,11.958333333333334,0.49873737373737376
HHN-LON-02,2025-11-07,ICU,8.125,11.958333333333334,0.6792929292929294
HHN-LON-02,2025-11-08,ICU,8.208333333333334,11.916666666666666,0.6890782828282829
HHN-LON-02,2025-11-09,ICU,6.458333333333333,11.958333333333334,0.5404040404040404
HHN-LON-02,2025-11-10,ICU,7.333333333333333,11.916666666666666,0.6155303030303031
HHN-LON-02,2025-11-11,ICU,7.458333333333333,11.875,0.6281565656565656
HHN-LON-02,2025-11-12,ICU,8.333333333333334,11.958333333333334,0.6969696969696969
HHN-LON-02,2025-11-13,ICU,7.0,12.0,0.5833333333333334
HHN-LON-02,2025-11-14,ICU,6.541666666666667,11.916666666666666,0.5489267676767676
HHN-LON-02,2025-11-15,ICU,7.916666666666667,11.875,0.66635101010101
HHN-LON-02,2025-11-16,ICU,11.333333333333334,11.958333333333334,0.94760101010101
HHN-LON-02,2025-11-17,ICU,11.833333333333334,11.958333333333334,0.9895833333333334
HHN-LON-02,2025-11-18,ICU,10.791666666666666,12.0,0.8993055555555555
HHN-LON-02,2025-11-19,ICU,10.208333333333334,12.0,0.8506944444444445
HHN-LON-02,2025-11-20,ICU,10.916666666666666,11.833333333333334,0.9236111111111112
HHN-LON-02,2025-11-21,ICU,11.541666666666666,11.916666666666666,0.96875
HHN-LON-02,2025-11-22,ICU,10.416666666666666,11.958333333333334,0.8715277777777778
HHN-LON-02,2025-11-23,ICU,9.666666666666666,11.916666666666666,0.8112373737373737
HHN-LON-02,2025-11-24,ICU,10.583333333333334,12.0,0.8819444444444445
HHN-LON-02,2025-11-25,ICU,11.208333333333334,11.916666666666666,0.9409722222222222
HHN-LON-02,2025-11-26,ICU,8.75,11.958333333333334,0.7316919191919191
HHN-LON-02,2025-11-27,ICU,8.625,11.958333333333334,0.7212752525252526
HHN-LON-02,2025-11-28,ICU,8.583333333333334,11.958333333333334,0.7178030303030303
HHN-LON-02,2025-11-29,ICU,8.083333333333334,11.875,0.680871212121212
HHN-LON-02,2025-11-30,ICU,8.083333333333334,11.875,0.6821338383838383
HHN-LON-02,2025-12-01,ICU,6.541666666666667,11.958333333333334,0.5470328282828283
HHN-LON-02,2025-12-02,ICU,7.541666666666667,11.916666666666666,0.6332070707070707
HHN-LON-02,2025-12-03,ICU,7.083333333333333,12.0,0.5902777777777778
HHN-LON-02,2025-12-04,ICU,9.291666666666666,11.875,0.783459595959596
HHN-LON-02,2025-12-05,ICU,10.291666666666666,11.916666666666666,0.8639520202020202
HHN-LON-02,2025-12-06,ICU,9.875,11.875,0.8317550505050506
HHN-LON-02,2025-12-07,ICU,9.958333333333334,11.958333333333334,0.8327020202020202
HHN-LON-02,2025-12-08,ICU,9.916666666666666,11.916666666666666,0.8320707070707071
HHN-LON-02,2025-12-09,ICU,11.416666666666666,11.916666666666666,0.9570707070707071
HHN-LON-02,2025-12-10,ICU,11.875,11.875,1.0
HHN-LON-02,2025-12-11,ICU,11.875,11.875,1.0
HHN-LON-02,2025-12-12,ICU,10.791666666666666,11.958333333333334,0.9027777777777778
HHN-LON-02,2025-12-13,ICU,10.333333333333334,11.833333333333334,0.8734217171717171
HHN-LON-02,2025-12-14,ICU,11.833333333333334,11.833333333333334,1.0
HHN-LON-02,2025-12-15,ICU,11.958333333333334,11.958333333333334,1.0
HHN-LON-02,2025-12-16,ICU,12.0,12.0,1.0
HHN-LON-02,2025-12-17,ICU,11.916666666666666,11.916666666666666,1.0
HHN-LON-02,2025-12-18,ICU,11.791666666666666,11.791666666666666,1.0
HHN-LON-02,2025-12-19,ICU,11.875,11.875,1.0
HHN-LON-02,2025-12-20,ICU,11.791666666666666,11.791666666666666,1.0
HHN-LON-02,2025-12-21,ICU,11.875,11.875,1.0
HHN-LON-02,2025-12-22,ICU,10.5,11.916666666666666,0.881628787878788
HHN-LON-02,2025-12-23,ICU,9.083333333333334,11.916666666666666,0.7632575757575758
HHN-LON-02,2025-12-24,ICU,8.708333333333334,11.916666666666666,0.7310606060606061
HHN-LON-02,2025-12-25,ICU,10.375,12.0,0.8645833333333334
HHN-LON-02,2025-12-26,ICU,10.166666666666666,11.958333333333334,0.8500631313131314
HHN-LON-02,2025-12-27,ICU,7.583333333333333,11.958333333333334,0.6344696969696969
HHN-LON-02,2025-12-28,ICU,7.041666666666667,11.875,0.5950126262626263
HHN-LON-02,2025-12-29,ICU,8.416666666666666,11.958333333333334,0.7045454545454546
HHN-LON-02,2025-12-30,ICU,8.375,11.875,0.7061237373737373
HHN-LON-02,2025-12-31,ICU,9.666666666666666,11.958333333333334,0.8087121212121212
HHN-MAN-01,2024-01-01,ICU,1.5416666666666667,9.875,0.15555555555555556
HHN-MAN-01,2024-01-02,ICU,2.0833333333333335,9.916666666666666,0.21018518518518517
HHN-MAN-01,2024-01-03,ICU,2.0,9.875,0.2027777777777778
HHN-MAN-01,2024-01-04,ICU,1.875,9.958333333333334,0.1884259259259259
HHN-MAN-01,2024-01-05,ICU,4.166666666666667,9.958333333333334,0.41944444444444445
HHN-MAN-01,2024-01-06,ICU,7.208333333333333,9.791666666666666,0.737037037037037
HHN-MAN-01,2024-01-07,ICU,7.916666666666667,9.791666666666666,0.8101851851851851
HHN-MAN-01,2024-01-08,ICU,9.791666666666666,9.791666666666666,1.0
HHN-MAN-01,2024-01-09,ICU,9.833333333333334,9.833333333333334,1.0
HHN-MAN-01,2024-01-10,ICU,9.916666666666666,9.916666666666666,1.0
HHN-MAN-01,2024-01-11,ICU,9.125,9.875,0.924074074074074
HHN-MAN-01,2024-01-12,ICU,9.625,9.916666666666666,0.9708333333333333
HHN-MAN-01,2024-01-13,ICU,9.458333333333334,9.916666666666666,0.9541666666666666
HHN-MAN-01,2024-01-14,ICU,9.166666666666666,9.833333333333334,0.9333333333333332
HHN-MAN-01,2024-01-15,ICU,8.083333333333334,9.958333333333334,0.8125
HHN-MAN-01,2024-01-16,ICU,9.958333333333334,9.958333333333334,1.0
HHN-MAN-01,2024-01-17,ICU,9.958333333333334,9.958333333333334,1.0
HHN-MAN-01,2024-01-18,ICU,9.916666666666666,9.916666666666666,1.0
HHN-MAN-01,2024-01-19,ICU,9.916666666666666,9.916666666666666,1.0
HHN-MAN-01,2024-01-20,ICU,9.833333333333334,9.833333333333334,1.0
HHN-MAN-01,2024-01-21,ICU,9.916666666666666,9.916666666666666,1.0
HHN-MAN-01,2024-01-22,ICU,9.958333333333334,9.958333333333334,1.0
HHN-MAN-01,2024-01-23,ICU,9.916666666666666,9.916666666666666,1.0
HHN-MAN-01,2024-01-24,ICU,9.958333333333334,9.958333333333334,1.0
HHN-MAN-01,2024-01-25,ICU,9.958333333333334,9.958333333333334,1.0
HHN-MAN-01,2024-01-26,ICU,9.916666666666666,9.916666666666666,1.0
HHN-MAN-01,2024-01-27,ICU,9.958333333333334,9.958333333333334,1.0
HHN-MAN-01,2024-01-28,ICU,9.875,9.875,1.0
HHN-MAN-01,2024-01-29,ICU,9.958333333333334,9.958333333333334,1.0
HHN-MAN-01,2024-01-30,ICU,9.916666666666666,9.916666666666666,1.0
HHN-MAN-01,2024-01-31,ICU,10.0,10.0,1.0
HHN-MAN-01,2024-02-01,ICU,9.75,9.75,1.0
HHN-MAN-01,2024-02-02,ICU,9.916666666666666,9.916666666666666,1.0
HHN-MAN-01,2024-02-03,ICU,9.958333333333334,9.958333333333334,1.0
HHN-MAN-01,2024-02-04,ICU,9.833333333333334,9.833333333333334,1.0
HHN-MAN-01,2024-02-05,ICU,10.0,10.0,1.0
HHN-MAN-01,2024-02-06,ICU,9.833333333333334,9.833333333333334,1.0
HHN-MAN-01,2024-02-07,ICU,9.916666666666666,9.916666666666666,1.0
HHN-MAN-01,2024-02-08,ICU,10.0,10.0,1.0
HHN-MAN-01,2024-02-09,ICU,9.833333333333334,9.833333333333334,1.0
HHN-MAN-01,2024-02-10,ICU,10.0,10.0,1.0
HHN-MAN-01,2024-02-11,ICU,9.916666666666666,9.916666666666666,1.0
HHN-MAN-01,2024-02-12,ICU,9.958333333333334,9.958333333333334,1.0
HHN-MAN-01,2024-02-13,ICU,10.0,10.0,1.0
HHN-MAN-01,2024-02-14,ICU,10.0,10.0,1.0
HHN-MAN-01,2024-02-15,ICU,10.0,10.0,1.0
HHN-MAN-01,2024-02-16,ICU,9.916666666666666,9.916666666666666,1.0
HHN-MAN-01,2024-02-17,ICU,9.875,9.875,1.0
HHN-MAN-01,2024-02-18,ICU,9.833333333333334,9.833333333333334,1.0
HHN-MAN-01,2024-02-19,ICU,10.0,10.0,1.0
HHN-MAN-01,2024-02-20,ICU,9.916666666666666,9.916666666666666,1.0
HHN-MAN-01,2024-02-21,ICU,9.916666666666666,9.916666666666666,1.0
HHN-MAN-01,2024-02-22,ICU,9.916666666666666,9.916666666666666,1.0
HHN-MAN-01,2024-02-23,ICU,9.958333333333334,9.958333333333334,1.0
HHN-MAN-01,2024-02-24,ICU,9.833333333333334,9.833333333333334,1.0
HHN-MAN-01,2024-02-25,ICU,9.916666666666666,9.916666666666666,1.0
HHN-MAN-01,2024-02-26,ICU,9.875,9.875,1.0
HHN-MAN-01,2024-02-27,ICU,9.958333333333334,9.958333333333334,1.0
HHN-MAN-01,2024-02-28,ICU,9.916666666666666,9.916666666666666,1.0
HHN-MAN-01,2024-02-29,ICU,10.0,10.0,1.0
HHN-MAN-01,2024-03-01,ICU,9.875,9.875,1.0
HHN-MAN-01,2024-03-02,ICU,9.958333333333334,9.958333333333334,1.0
HHN-MAN-01,2024-03-03,ICU,9.916666666666666,9.916666666666666,1.0
HHN-MAN-01,2024-03-04,ICU,10.0,10.0,1.0
HHN-MAN-01,2024-03-05,ICU,9.958333333333334,9.958333333333334,1.0
HHN-MAN-01,2024-03-06,ICU,10.0,10.0,1.0
HHN-MAN-01,2024-03-07,ICU,9.916666666666666,9.916666666666666,1.0
HHN-MAN-01,2024-03-08,ICU,9.958333333333334,9.958333333333334,1.0
HHN-MAN-01,2024-03-09,ICU,10.0,10.0,1.0
HHN-MAN-01,2024-03-10,ICU,9.833333333333334,9.833333333333334,1.0
HHN-MAN-01,2024-03-11,ICU,9.958333333333334,9.958333333333334,1.0
HHN-MAN-01,2024-03-12,ICU,10.0,10.0,1.0
HHN-MAN-01,2024-03-13,ICU,9.916666666666666,9.916666666666666,1.0
HHN-MAN-01,2024-03-14,ICU,9.916666666666666,9.916666666666666,1.0
HHN-MAN-01,2024-03-15,ICU,9.958333333333334,9.958333333333334,1.0
HHN-MAN-01,2024-03-16,ICU,9.958333333333334,9.958333333333334,1.0
HHN-MAN-01,2024-03-17,ICU,9.916666666666666,9.916666666666666,1.0
HHN-MAN-01,2024-03-18,ICU,9.958333333333334,9.958333333333334,1.0
HHN-MAN-01,2024-03-19,ICU,9.916666666666666,9.916666666666666,1.0
HHN-MAN-01,2024-03-20,ICU,9.958333333333334,9.958333333333334,1.0
HHN-MAN-01,2024-03-21,ICU,9.875,9.875,1.0
HHN-MAN-01,2024-03-22,ICU,9.958333333333334,9.958333333333334,1.0
HHN-MAN-01,2024-03-23,ICU,9.916666666666666,9.916666666666666,1.0
HHN-MAN-01,2024-03-24,ICU,9.916666666666666,9.916666666666666,1.0
HHN-MAN-01,2024-03-25,ICU,9.958333333333334,9.958333333333334,1.0
HHN-MAN-01,2024-03-26,ICU,9.916666666666666,9.916666666666666,1.0
HHN-MAN-01,2024-03-27,ICU,10.0,10.0,1.0
HHN-MAN-01,2024-03-28,ICU,9.958333333333334,9.958333333333334,1.0
HHN-MAN-01,2024-03-29,ICU,10.0,10.0,1.0
HHN-MAN-01,2024-03-30,ICU,9.833333333333334,9.833333333333334,1.0
HHN-MAN-01,2024-03-31,ICU,9.833333333333334,9.833333333333334,1.0
HHN-MAN-01,2024-04-01,ICU,9.916666666666666,9.916666666666666,1.0
HHN-MAN-01,2024-04-02,ICU,7.708333333333333,9.916666666666666,0.7777777777777778
HHN-MAN-01,2024-04-03,ICU,7.625,9.958333333333334,0.7657407407407407
HHN-MAN-01,2024-04-04,ICU,7.0,9.875,0.7097222222222221
HHN-MAN-01,2024-04-05,ICU,6.666666666666667,10.0,0.6666666666666666
HHN-MAN-01,2024-04-06,ICU,8.125,9.916666666666666,0.8199074074074074
HHN-MAN-01,2024-04-07,ICU,9.958333333333334,10.0,0.9958333333333332
HHN-MAN-01,2024-04-08,ICU,9.75,10.0,0.975
HHN-MAN-01,2024-04-09,ICU,8.375,10.0,0.8375
HHN-MAN-01,2024-04-10,ICU,5.791666666666667,9.916666666666666,0.5837962962962963
HHN-MAN-01,2024-04-11,ICU,7.416666666666667,10.0,0.7416666666666667
HHN-MAN-01,2024-04-12,ICU,6.875,9.958333333333334,0.6907407407407407
HHN-MAN-01,2024-04-13,ICU,6.208333333333333,9.875,0.6291666666666667
HHN-MAN-01,2024-04-14,ICU,4.875,9.958333333333334,0.48981481481481487
HHN-MAN-01,2024-04-15,ICU,5.041666666666667,10.0,0.5041666666666667
HHN-MAN-01,2024-04-16,ICU,6.25,9.916666666666666,0.6305555555555555
HHN-MAN-01,2024-04-17,ICU,5.958333333333333,10.0,0.5958333333333333
HHN-MAN-01,2024-04-18,ICU,9.5,9.958333333333334,0.9541666666666666
HHN-MAN-01,2024-04-19,ICU,8.875,10.0,0.8875000000000001
HHN-MAN-01,2024-04-20,ICU,8.708333333333334,9.958333333333334,0.875
HHN-MAN-01,2024-04-21,ICU,9.875,9.875,1.0
HHN-MAN-01,2024-04-22,ICU,9.958333333333334,9.958333333333334,1.0
HHN-MAN-01,2024-04-23,ICU,10.0,10.0,1.0
HHN-MAN-01,2024-04-24,ICU,9.958333333333334,9.958333333333334,1.0
HHN-MAN-01,2024-04-25,ICU,10.0,10.0,1.0
HHN-MAN-01,2024-04-26,ICU,9.916666666666666,9.916666666666666,1.0
HHN-MAN-01,2024-04-27,ICU,9.875,9.875,1.0
HHN-MAN-01,2024-04-28,ICU,9.875,9.875,1.0
HHN-MAN-01,2024-04-29,ICU,9.916666666666666,9.916666666666666,1.0
HHN-MAN-01,2024-04-30,ICU,9.875,9.875,1.0
HHN-MAN-01,2024-05-01,ICU,10.0,10.0,1.0
HHN-MAN-01,2024-05-02,ICU,9.958333333333334,9.958333333333334,1.0
HHN-MAN-01,2024-05-03,ICU,9.875,9.875,1.0
HHN-MAN-01,2024-05-04,ICU,10.0,10.0,1.0
HHN-MAN-01,2024-05-05,ICU,9.875,9.875,1.0
HHN-MAN-01,2024-05-06,ICU,9.833333333333334,9.916666666666666,0.9916666666666667
HHN-MAN-01,2024-05-07,ICU,9.791666666666666,9.958333333333334,0.9833333333333334
HHN-MAN-01,2024-05-08,ICU,9.083333333333334,9.916666666666666,0.9166666666666666
HHN-MAN-01,2024-05-09,ICU,10.0,10.0,1.0
HHN-MAN-01,2024-05-10,ICU,9.875,9.875,1.0
HHN-MAN-01,2024-05-11,ICU,8.0,9.916666666666666,0.8074074074074074
HHN-MAN-01,2024-05-12,ICU,8.125,9.833333333333334,0.8268518518518518
HHN-MAN-01,2024-05-13,ICU,10.0,10.0,1.0
HHN-MAN-01,2024-05-14,ICU,9.916666666666666,9.916666666666666,1.0
HHN-MAN-01,2024-05-15,ICU,10.0,10.0,1.0
HHN-MAN-01,2024-05-16,ICU,9.833333333333334,9.833333333333334,1.0
HHN-MAN-01,2024-05-17,ICU,9.791666666666666,9.958333333333334,0.9833333333333334
HHN-MAN-01,2024-05-18,ICU,9.875,9.875,1.0
HHN-MAN-01,2024-05-19,ICU,9.916666666666666,9.916666666666666,1.0
HHN-MAN-01,2024-05-20,ICU,9.958333333333334,9.958333333333334,1.0
HHN-MAN-01,2024-05-21,ICU,9.916666666666666,9.916666666666666,1.0
HHN-MAN-01,2024-05-22,ICU,9.875,9.875,1.0
HHN-MAN-01,2024-05-23,ICU,10.0,10.0,1.0
HHN-MAN-01,2024-05-24,ICU,9.833333333333334,9.833333333333334,1.0
HHN-MAN-01,2024-05-25,ICU,9.791666666666666,9.875,0.9916666666666667
HHN-MAN-01,2024-05-26,ICU,9.958333333333334,9.958333333333334,1.0
HHN-MAN-01,2024-05-27,ICU,9.25,9.958333333333334,0.9287037037037037
HHN-MAN-01,2024-05-28,ICU,9.875,9.916666666666666,0.9958333333333332
HHN-MAN-01,2024-05-29,ICU,8.125,9.958333333333334,0.8166666666666668
HHN-MAN-01,2024-05-30,ICU,7.375,9.958333333333334,0.7407407407407408
HHN-MAN-01,2024-05-31,ICU,8.916666666666666,10.0,0.8916666666666666
HHN-MAN-01,2024-06-01,ICU,9.875,9.875,1.0
HHN-MAN-01,2024-06-02,ICU,9.25,9.875,0.9375
HHN-MAN-01,2024-06-03,ICU,9.958333333333334,9.958333333333334,1.0
HHN-MAN-01,2024-06-04,ICU,10.0,10.0,1.0
HHN-MAN-01,2024-06-05,ICU,9.666666666666666,9.916666666666666,0.975
HHN-MAN-01,2024-06-06,ICU,8.5,9.916666666666666,0.8574074074074075
HHN-MAN-01,2024-06-07,ICU,9.75,10.0,0.975
HHN-MAN-01,2024-06-08,ICU,9.916666666666666,9.916666666666666,1.0
HHN-MAN-01,2024-06-09,ICU,9.875,9.875,1.0
HHN-MAN-01,2024-06-10,ICU,9.916666666666666,9.916666666666666,1.0
HHN-MAN-01,2024-06-11,ICU,9.916666666666666,9.916666666666666,1.0
HHN-MAN-01,2024-06-12,ICU,10.0,10.0,1.0
HHN-MAN-01,2024-06-13,ICU,9.708333333333334,10.0,0.9708333333333333
HHN-MAN-01,2024-06-14,ICU,9.958333333333334,9.958333333333334,1.0
HHN-MAN-01,2024-06-15,ICU,10.0,10.0,1.0
HHN-MAN-01,2024-06-16,ICU,9.875,9.875,1.0
HHN-MAN-01,2024-06-17,ICU,8.916666666666666,10.0,0.8916666666666667
HHN-MAN-01,2024-06-18,ICU,7.791666666666667,9.875,0.789351851851852
HHN-MAN-01,2024-06-19,ICU,9.416666666666666,9.875,0.9541666666666666
HHN-MAN-01,2024-06-20,ICU,9.041666666666666,9.958333333333334,0.9083333333333333
HHN-MAN-01,2024-06-21,ICU,8.75,9.916666666666666,0.8828703703703704
HHN-MAN-01,2024-06-22,ICU,9.416666666666666,9.958333333333334,0.9458333333333333
HHN-MAN-01,2024-06-23,ICU,9.958333333333334,9.958333333333334,1.0
HHN-MAN-01,2024-06-24,ICU,9.958333333333334,9.958333333333334,1.0
HHN-MAN-01,2024-06-25,ICU,9.625,9.916666666666666,0.9708333333333333
HHN-MAN-01,2024-06-26,ICU,9.875,10.0,0.9874999999999999
HHN-MAN-01,2024-06-27,ICU,10.0,10.0,1.0
HHN-MAN-01,2024-06-28,ICU,9.916666666666666,9.916666666666666,1.0
HHN-MAN-01,2024-06-29,ICU,9.375,9.875,0.9500000000000001
HHN-MAN-01,2024-06-30,ICU,7.916666666666667,9.916666666666666,0.7981481481481482
HHN-MAN-01,2024-07-01,ICU,7.958333333333333,9.958333333333334,0.799074074074074
HHN-MAN-01,2024-07-02,ICU,7.875,9.958333333333334,0.7907407407407407
HHN-MAN-01,2024-07-03,ICU,7.958333333333333,9.958333333333334,0.799074074074074
HHN-MAN-01,2024-07-04,ICU,8.0,10.0,0.8000000000000002
HHN-MAN-01,2024-07-05,ICU,9.916666666666666,10.0,0.9916666666666667
HHN-MAN-01,2024-07-06,ICU,9.958333333333334,9.958333333333334,1.0
HHN-MAN-01,2024-07-07,ICU,9.875,9.875,1.0
HHN-MAN-01,2024-07-08,ICU,9.875,9.875,1.0
HHN-MAN-01,2024-07-09,ICU,10.0,10.0,1.0
HHN-MAN-01,2024-07-10,ICU,9.958333333333334,9.958333333333334,1.0
HHN-MAN-01,2024-07-11,ICU,9.75,9.958333333333334,0.9791666666666666
HHN-MAN-01,2024-07-12,ICU,9.916666666666666,9.916666666666666,1.0
HHN-MAN-01,2024-07-13,ICU,9.791666666666666,9.791666666666666,1.0
HHN-MAN-01,2024-07-14,ICU,9.875,9.875,1.0
HHN-MAN-01,2024-07-15,ICU,9.958333333333334,9.958333333333334,1.0
HHN-MAN-01,2024-07-16,ICU,9.916666666666666,9.916666666666666,1.0
HHN-MAN-01,2024-07-17,ICU,10.0,10.0,1.0
HHN-MAN-01,2024-07-18,ICU,9.958333333333334,9.958333333333334,1.0
HHN-MAN-01,2024-07-19,ICU,8.416666666666666,10.0,0.8416666666666667
HHN-MAN-01,2024-07-20,ICU,6.625,9.958333333333334,0.6652777777777777
HHN-MAN-01,2024-07-21,ICU,8.541666666666666,9.916666666666666,0.862037037037037
HHN-MAN-01,2024-07-22,ICU,9.291666666666666,9.958333333333334,0.9328703703703703
HHN-MAN-01,2024-07-23,ICU,7.458333333333333,10.0,0.7458333333333332
HHN-MAN-01,2024-07-24,ICU,6.458333333333333,9.958333333333334,0.6481481481481481
HHN-MAN-01,2024-07-25,ICU,4.25,9.958333333333334,0.4263888888888889
HHN-MAN-01,2024-07-26,ICU,4.083333333333333,9.916666666666666,0.41111111111111115
HHN-MAN-01,2024-07-27,ICU,5.416666666666667,9.916666666666666,0.5462962962962963
HHN-MAN-01,2024-07-28,ICU,5.75,9.958333333333334,0.5773148148148147
HHN-MAN-01,2024-07-29,ICU,3.375,9.958333333333334,0.33888888888888885
HHN-MAN-01,2024-07-30,ICU,2.5833333333333335,9.958333333333334,0.25972222222222224
HHN-MAN-01,2024-07-31,ICU,1.5,10.0,0.15
HHN-MAN-01,2024-08-01,ICU,2.5416666666666665,9.916666666666666,0.2569444444444445
HHN-MAN-01,2024-08-02,ICU,4.333333333333333,9.958333333333334,0.4351851851851852
HHN-MAN-01,2024-08-03,ICU,5.083333333333333,9.958333333333334,0.5101851851851852
HHN-MAN-01,2024-08-04,ICU,6.833333333333333,9.916666666666666,0.6902777777777778
HHN-MAN-01,2024-08-05,ICU,9.375,9.958333333333334,0.9412037037037037
HHN-MAN-01,2024-08-06,ICU,9.916666666666666,9.916666666666666,1.0
HHN-MAN-01,2024-08-07,ICU,9.75,9.916666666666666,0.9833333333333334
HHN-MAN-01,2024-08-08,ICU,8.375,9.958333333333334,0.8416666666666667
HHN-MAN-01,2024-08-09,ICU,7.125,9.958333333333334,0.7152777777777778
HHN-MAN-01,2024-08-10,ICU,4.958333333333333,9.875,0.5027777777777778
HHN-MAN-01,2024-08-11,ICU,3.5416666666666665,9.875,0.3597222222222222
HHN-MAN-01,2024-08-12,ICU,4.125,9.875,0.41759259259259257
HHN-MAN-01,2024-08-13,ICU,5.583333333333333,9.958333333333334,0.5606481481481481
HHN-MAN-01,2024-08-14,ICU,6.5,9.958333333333334,0.6527777777777778
HHN-MAN-01,2024-08-15,ICU,8.083333333333334,9.958333333333334,0.8115740740740741
HHN-MAN-01,2024-08-16,ICU,9.958333333333334,9.958333333333334,1.0
HHN-MAN-01,2024-08-17,ICU,9.958333333333334,9.958333333333334,1.0
HHN-MAN-01,2024-08-18,ICU,9.958333333333334,9.958333333333334,1.0
HHN-MAN-01,2024-08-19,ICU,9.958333333333334,9.958333333333334,1.0
HHN-MAN-01,2024-08-20,ICU,9.958333333333334,9.958333333333334,1.0
HHN-MAN-01,2024-08-21,ICU,9.875,10.0,0.9874999999999999
HHN-MAN-01,2024-08-22,ICU,9.75,9.916666666666666,0.9833333333333334
HHN-MAN-01,2024-08-23,ICU,9.625,10.0,0.9625
HHN-MAN-01,2024-08-24,ICU,7.041666666666667,9.916666666666666,0.7106481481481483
HHN-MAN-01,2024-08-25,ICU,6.375,9.958333333333334,0.6407407407407407
HHN-MAN-01,2024-08-26,ICU,6.291666666666667,9.958333333333334,0.6319444444444444
HHN-MAN-01,2024-08-27,ICU,5.5,9.958333333333334,0.5527777777777777
HHN-MAN-01,2024-08-28,ICU,4.875,10.0,0.4875
HHN-MAN-01,2024-08-29,ICU,6.458333333333333,10.0,0.6458333333333334
HHN-MAN-01,2024-08-30,ICU,8.541666666666666,9.916666666666666,0.8624999999999999
HHN-MAN-01,2024-08-31,ICU,9.375,9.916666666666666,0.9458333333333333
HHN-MAN-01,2024-09-01,ICU,9.083333333333334,9.916666666666666,0.9162037037037037
HHN-MAN-01,2024-09-02,ICU,9.958333333333334,9.958333333333334,1.0
HHN-MAN-01,2024-09-03,ICU,9.916666666666666,9.916666666666666,1.0
HHN-MAN-01,2024-09-04,ICU,9.416666666666666,9.958333333333334,0.9458333333333333
HHN-MAN-01,2024-09-05,ICU,9.083333333333334,10.0,0.9083333333333333
HHN-MAN-01,2024-09-06,ICU,8.291666666666666,9.916666666666666,0.837037037037037
HHN-MAN-01,2024-09-07,ICU,9.833333333333334,9.833333333333334,1.0
HHN-MAN-01,2024-09-08,ICU,9.916666666666666,9.916666666666666,1.0
HHN-MAN-01,2024-09-09,ICU,9.916666666666666,9.916666666666666,1.0
HHN-MAN-01,2024-09-10,ICU,9.958333333333334,9.958333333333334,1.0
HHN-MAN-01,2024-09-11,ICU,10.0,10.0,1.0
HHN-MAN-01,2024-09-12,ICU,9.958333333333334,9.958333333333334,1.0
HHN-MAN-01,2024-09-13,ICU,10.0,10.0,1.0
HHN-MAN-01,2024-09-14,ICU,9.875,9.875,1.0
HHN-MAN-01,2024-09-15,ICU,9.958333333333334,9.958333333333334,1.0
HHN-MAN-01,2024-09-16,ICU,9.958333333333334,9.958333333333334,1.0
HHN-MAN-01,2024-09-17,ICU,10.0,10.0,1.0
HHN-MAN-01,2024-09-18,ICU,9.916666666666666,9.916666666666666,1.0
HHN-MAN-01,2024-09-19,ICU,9.916666666666666,9.916666666666666,1.0
HHN-MAN-01,2024-09-20,ICU,9.875,9.875,1.0
HHN-MAN-01,2024-09-21,ICU,9.958333333333334,9.958333333333334,1.0
HHN-MAN-01,2024-09-22,ICU,9.833333333333334,9.833333333333334,1.0
HHN-MAN-01,2024-09-23,ICU,10.0,10.0,1.0
HHN-MAN-01,2024-09-24,ICU,9.958333333333334,9.958333333333334,1.0
HHN-MAN-01,2024-09-25,ICU,10.0,10.0,1.0
HHN-MAN-01,2024-09-26,ICU,10.0,10.0,1.0
HHN-MAN-01,2024-09-27,ICU,9.958333333333334,9.958333333333334,1.0
HHN-MAN-01,2024-09-28,ICU,9.916666666666666,9.916666666666666,1.0
HHN-MAN-01,2024-09-29,ICU,9.708333333333334,9.875,0.9833333333333334
HHN-MAN-01,2024-09-30,ICU,9.875,9.875,1.0
HHN-MAN-01,2024-10-01,ICU,9.958333333333334,9.958333333333334,1.0
HHN-MAN-01,2024-10-02,ICU,9.875,9.875,1.0
HHN-MAN-01,2024-10-03,ICU,9.916666666666666,9.916666666666666,1.0
HHN-MAN-01,2024-10-04,ICU,9.958333333333334,9.958333333333334,1.0
HHN-MAN-01,2024-10-05,ICU,9.916666666666666,9.916666666666666,1.0
HHN-MAN-01,2024-10-06,ICU,9.875,9.875,1.0
HHN-MAN-01,2024-10-07,ICU,10.0,10.0,1.0
HHN-MAN-01,2024-10-08,ICU,8.666666666666666,9.916666666666666,0.875
HHN-MAN-01,2024-10-09,ICU,7.958333333333333,9.958333333333334,0.799074074074074
HHN-MAN-01,2024-10-10,ICU,9.833333333333334,9.916666666666666,0.9916666666666667
HHN-MAN-01,2024-10-11,ICU,9.791666666666666,10.0,0.9791666666666666
HHN-MAN-01,2024-10-12,ICU,9.958333333333334,9.958333333333334,1.0
HHN-MAN-01,2024-10-13,ICU,9.875,9.875,1.0
HHN-MAN-01,2024-10-14,ICU,9.958333333333334,9.958333333333334,1.0
HHN-MAN-01,2024-10-15,ICU,9.958333333333334,9.958333333333334,1.0
HHN-MAN-01,2024-10-16,ICU,8.583333333333334,9.958333333333334,0.8624999999999999
HHN-MAN-01,2024-10-17,ICU,8.333333333333334,10.0,0.8333333333333334
HHN-MAN-01,2024-10-18,ICU,6.916666666666667,9.958333333333334,0.6944444444444445
HHN-MAN-01,2024-10-19,ICU,7.958333333333333,9.916666666666666,0.8032407407407408
HHN-MAN-01,2024-10-20,ICU,8.0,9.833333333333334,0.8157407407407408
HHN-MAN-01,2024-10-21,ICU,7.333333333333333,9.916666666666666,0.7402777777777777
HHN-MAN-01,2024-10-22,ICU,8.0,9.916666666666666,0.8074074074074075
HHN-MAN-01,2024-10-23,ICU,7.333333333333333,9.916666666666666,0.7402777777777777
HHN-MAN-01,2024-10-24,ICU,6.375,9.958333333333334,0.6402777777777778
HHN-MAN-01,2024-10-25,ICU,9.583333333333334,9.916666666666666,0.9666666666666667
HHN-MAN-01,2024-10-26,ICU,9.833333333333334,9.833333333333334,1.0
HHN-MAN-01,2024-10-27,ICU,8.333333333333334,9.958333333333334,0.8365740740740741
HHN-MAN-01,2024-10-28,ICU,7.708333333333333,9.958333333333334,0.7740740740740741
HHN-MAN-01,2024-10-29,ICU,7.25,9.875,0.7351851851851853
HHN-MAN-01,2024-10-30,ICU,8.458333333333334,9.958333333333334,0.85
HHN-MAN-01,2024-10-31,ICU,9.833333333333334,9.916666666666666,0.9916666666666667
HHN-MAN-01,2024-11-01,ICU,10.0,10.0,1.0
HHN-MAN-01,2024-11-02,ICU,9.208333333333334,9.875,0.9333333333333332
HHN-MAN-01,2024-11-03,ICU,9.875,9.875,1.0
HHN-MAN-01,2024-11-04,ICU,9.833333333333334,9.833333333333334,1.0
HHN-MAN-01,2024-11-05,ICU,9.916666666666666,9.916666666666666,1.0
HHN-MAN-01,2024-11-06,ICU,9.375,9.958333333333334,0.9416666666666668
HHN-MAN-01,2024-11-07,ICU,9.916666666666666,9.916666666666666,1.0
HHN-MAN-01,2024-11-08,ICU,9.916666666666666,9.916666666666666,1.0
HHN-MAN-01,2024-11-09,ICU,9.041666666666666,9.958333333333334,0.9083333333333333
HHN-MAN-01,2024-11-10,ICU,9.5,10.0,0.9500000000000001
HHN-MAN-01,2024-11-11,ICU,10.0,10.0,1.0
HHN-MAN-01,2024-11-12,ICU,9.916666666666666,9.916666666666666,1.0
HHN-MAN-01,2024-11-13,ICU,9.958333333333334,9.958333333333334,1.0
HHN-MAN-01,2024-11-14,ICU,9.958333333333334,9.958333333333334,1.0
HHN-MAN-01,2024-11-15,ICU,9.916666666666666,9.916666666666666,1.0
HHN-MAN-01,2024-11-16,ICU,9.833333333333334,9.833333333333334,1.0
HHN-MAN-01,2024-11-17,ICU,9.916666666666666,9.916666666666666,1.0
HHN-MAN-01,2024-11-18,ICU,9.916666666666666,9.916666666666666,1.0
HHN-MAN-01,2024-11-19,ICU,10.0,10.0,1.0
HHN-MAN-01,2024-11-20,ICU,9.958333333333334,9.958333333333334,1.0
HHN-MAN-01,2024-11-21,ICU,9.916666666666666,9.916666666666666,1.0
HHN-MAN-01,2024-11-22,ICU,9.958333333333334,9.958333333333334,1.0
HHN-MAN-01,2024-11-23,ICU,9.916666666666666,9.916666666666666,1.0
HHN-MAN-01,2024-11-24,ICU,9.916666666666666,9.916666666666666,1.0
HHN-MAN-01,2024-11-25,ICU,10.0,10.0,1.0
HHN-MAN-01,2024-11-26,ICU,9.791666666666666,10.0,0.9791666666666666
HHN-MAN-01,2024-11-27,ICU,9.625,10.0,0.9625
HHN-MAN-01,2024-11-28,ICU,9.958333333333334,9.958333333333334,1.0
HHN-MAN-01,2024-11-29,ICU,9.958333333333334,9.958333333333334,1.0
HHN-MAN-01,2024-11-30,ICU,9.916666666666666,9.916666666666666,1.0
HHN-MAN-01,2024-12-01,ICU,9.916666666666666,9.916666666666666,1.0
HHN-MAN-01,2024-12-02,ICU,9.875,9.875,1.0
HHN-MAN-01,2024-12-03,ICU,9.958333333333334,9.958333333333334,1.0
HHN-MAN-01,2024-12-04,ICU,9.958333333333334,9.958333333333334,1.0
HHN-MAN-01,2024-12-05,ICU,9.916666666666666,9.916666666666666,1.0
HHN-MAN-01,2024-12-06,ICU,9.875,9.875,1.0
HHN-MAN-01,2024-12-07,ICU,9.916666666666666,9.916666666666666,1.0
HHN-MAN-01,2024-12-08,ICU,9.791666666666666,9.791666666666666,1.0
HHN-MAN-01,2024-12-09,ICU,9.916666666666666,9.916666666666666,1.0
HHN-MAN-01,2024-12-10,ICU,9.875,9.875,1.0
HHN-MAN-01,2024-12-11,ICU,9.916666666666666,9.916666666666666,1.0
HHN-MAN-01,2024-12-12,ICU,10.0,10.0,1.0
HHN-MAN-01,2024-12-13,ICU,9.791666666666666,9.791666666666666,1.0
HHN-MAN-01,2024-12-14,ICU,9.958333333333334,9.958333333333334,1.0
HHN-MAN-01,2024-12-15,ICU,9.916666666666666,9.916666666666666,1.0
HHN-MAN-01,2024-12-16,ICU,9.958333333333334,9.958333333333334,1.0
HHN-MAN-01,2024-12-17,ICU,9.125,9.875,0.9249999999999999
HHN-MAN-01,2024-12-18,ICU,9.833333333333334,9.833333333333334,1.0
HHN-MAN-01,2024-12-19,ICU,9.75,9.958333333333334,0.9791666666666666
HHN-MAN-01,2024-12-20,ICU,7.041666666666667,9.958333333333334,0.7078703703703703
HHN-MAN-01,2024-12-21,ICU,9.0,9.916666666666666,0.9083333333333333
HHN-MAN-01,2024-12-22,ICU,9.875,9.875,1.0
HHN-MAN-01,2024-12-23,ICU,10.0,10.0,1.0
HHN-MAN-01,2024-12-24,ICU,9.958333333333334,9.958333333333334,1.0
HHN-MAN-01,2024-12-25,ICU,9.833333333333334,9.875,0.9958333333333332
HHN-MAN-01,2024-12-26,ICU,9.833333333333334,9.833333333333334,1.0
HHN-MAN-01,2024-12-27,ICU,9.875,9.875,1.0
HHN-MAN-01,2024-12-28,ICU,9.708333333333334,9.708333333333334,1.0
HHN-MAN-01,2024-12-29,ICU,9.75,9.75,1.0
HHN-MAN-01,2024-12-30,ICU,9.916666666666666,9.916666666666666,1.0
HHN-MAN-01,2024-12-31,ICU,9.875,9.875,1.0
HHN-MAN-01,2025-01-01,ICU,10.0,10.0,1.0
HHN-MAN-01,2025-01-02,ICU,9.791666666666666,9.791666666666666,1.0
HHN-MAN-01,2025-01-03,ICU,9.833333333333334,9.833333333333334,1.0
HHN-MAN-01,2025-01-04,ICU,9.958333333333334,9.958333333333334,1.0
HHN-MAN-01,2025-01-05,ICU,9.916666666666666,9.916666666666666,1.0
HHN-MAN-01,2025-01-06,ICU,9.916666666666666,9.916666666666666,1.0
HHN-MAN-01,2025-01-07,ICU,9.833333333333334,9.833333333333334,1.0
HHN-MAN-01,2025-01-08,ICU,10.0,10.0,1.0
HHN-MAN-01,2025-01-09,ICU,9.833333333333334,9.833333333333334,1.0
HHN-MAN-01,2025-01-10,ICU,9.958333333333334,9.958333333333334,1.0
HHN-MAN-01,2025-01-11,ICU,9.791666666666666,9.791666666666666,1.0
HHN-MAN-01,2025-01-12,ICU,9.833333333333334,9.833333333333334,1.0
HHN-MAN-01,2025-01-13,ICU,9.791666666666666,9.791666666666666,1.0
HHN-MAN-01,2025-01-14,ICU,10.0,10.0,1.0
HHN-MAN-01,2025-01-15,ICU,9.958333333333334,9.958333333333334,1.0
HHN-MAN-01,2025-01-16,ICU,9.875,9.875,1.0
HHN-MAN-01,2025-01-17,ICU,9.958333333333334,9.958333333333334,1.0
HHN-MAN-01,2025-01-18,ICU,9.916666666666666,9.916666666666666,1.0
HHN-MAN-01,2025-01-19,ICU,9.875,9.875,1.0
HHN-MAN-01,2025-01-20,ICU,9.958333333333334,9.958333333333334,1.0
HHN-MAN-01,2025-01-21,ICU,9.708333333333334,10.0,0.9708333333333333
HHN-MAN-01,2025-01-22,ICU,9.875,9.875,1.0
HHN-MAN-01,2025-01-23,ICU,9.958333333333334,9.958333333333334,1.0
HHN-MAN-01,2025-01-24,ICU,9.916666666666666,9.916666666666666,1.0
HHN-MAN-01,2025-01-25,ICU,9.916666666666666,9.916666666666666,1.0
HHN-MAN-01,2025-01-26,ICU,9.875,9.875,1.0
HHN-MAN-01,2025-01-27,ICU,9.958333333333334,9.958333333333334,1.0
HHN-MAN-01,2025-01-28,ICU,9.916666666666666,9.916666666666666,1.0
HHN-MAN-01,2025-01-29,ICU,9.833333333333334,9.833333333333334,1.0
HHN-MAN-01,2025-01-30,ICU,9.875,9.875,1.0
HHN-MAN-01,2025-01-31,ICU,9.958333333333334,9.958333333333334,1.0
HHN-MAN-01,2025-02-01,ICU,9.833333333333334,9.833333333333334,1.0
HHN-MAN-01,2025-02-02,ICU,9.875,9.875,1.0
HHN-MAN-01,2025-02-03,ICU,9.916666666666666,9.916666666666666,1.0
HHN-MAN-01,2025-02-04,ICU,9.958333333333334,9.958333333333334,1.0
HHN-MAN-01,2025-02-05,ICU,9.916666666666666,9.916666666666666,1.0
HHN-MAN-01,2025-02-06,ICU,7.666666666666667,9.791666666666666,0.7847222222222222
HHN-MAN-01,2025-02-07,ICU,8.458333333333334,9.958333333333334,0.8495370370370371
HHN-MAN-01,2025-02-08,ICU,7.166666666666667,9.916666666666666,0.7226851851851852
HHN-MAN-01,2025-02-09,ICU,5.041666666666667,9.875,0.5106481481481482
HHN-MAN-01,2025-02-10,ICU,6.333333333333333,9.875,0.6416666666666667
HHN-MAN-01,2025-02-11,ICU,8.833333333333334,9.875,0.8944444444444445
HHN-MAN-01,2025-02-12,ICU,10.0,10.0,1.0
HHN-MAN-01,2025-02-13,ICU,9.875,9.875,1.0
HHN-MAN-01,2025-02-14,ICU,9.958333333333334,9.958333333333334,1.0
HHN-MAN-01,2025-02-15,ICU,9.708333333333334,9.708333333333334,1.0
HHN-MAN-01,2025-02-16,ICU,9.958333333333334,9.958333333333334,1.0
HHN-MAN-01,2025-02-17,ICU,9.958333333333334,9.958333333333334,1.0
HHN-MAN-01,2025-02-18,ICU,9.958333333333334,9.958333333333334,1.0
HHN-MAN-01,2025-02-19,ICU,9.958333333333334,9.958333333333334,1.0
HHN-MAN-01,2025-02-20,ICU,10.0,10.0,1.0
HHN-MAN-01,2025-02-21,ICU,9.916666666666666,9.916666666666666,1.0
HHN-MAN-01,2025-02-22,ICU,9.833333333333334,9.833333333333334,1.0
HHN-MAN-01,2025-02-23,ICU,9.75,9.75,1.0
HHN-MAN-01,2025-02-24,ICU,9.916666666666666,9.916666666666666,1.0
HHN-MAN-01,2025-02-25,ICU,9.875,9.875,1.0
HHN-MAN-01,2025-02-26,ICU,9.916666666666666,9.916666666666666,1.0
HHN-MAN-01,2025-02-27,ICU,9.916666666666666,9.916666666666666,1.0
HHN-MAN-01,2025-02-28,ICU,9.916666666666666,9.916666666666666,1.0
HHN-MAN-01,2025-03-01,ICU,9.958333333333334,9.958333333333334,1.0
HHN-MAN-01,2025-03-02,ICU,9.916666666666666,9.916666666666666,1.0
HHN-MAN-01,2025-03-03,ICU,9.875,9.875,1.0
HHN-MAN-01,2025-03-04,ICU,9.916666666666666,9.916666666666666,1.0
HHN-MAN-01,2025-03-05,ICU,9.833333333333334,9.833333333333334,1.0
HHN-MAN-01,2025-03-06,ICU,10.0,10.0,1.0
HHN-MAN-01,2025-03-07,ICU,10.0,10.0,1.0
HHN-MAN-01,2025-03-08,ICU,9.958333333333334,9.958333333333334,1.0
HHN-MAN-01,2025-03-09,ICU,9.875,9.875,1.0
HHN-MAN-01,2025-03-10,ICU,9.958333333333334,9.958333333333334,1.0
HHN-MAN-01,2025-03-11,ICU,9.916666666666666,9.916666666666666,1.0
HHN-MAN-01,2025-03-12,ICU,9.958333333333334,9.958333333333334,1.0
HHN-MAN-01,2025-03-13,ICU,9.958333333333334,9.958333333333334,1.0
HHN-MAN-01,2025-03-14,ICU,9.583333333333334,9.916666666666666,0.9666666666666667
HHN-MAN-01,2025-03-15,ICU,7.083333333333333,9.958333333333334,0.7111111111111111
HHN-MAN-01,2025-03-16,ICU,7.0,9.833333333333334,0.713425925925926
HHN-MAN-01,2025-03-17,ICU,8.0,9.916666666666666,0.8069444444444445
HHN-MAN-01,2025-03-18,ICU,9.666666666666666,9.916666666666666,0.975
HHN-MAN-01,2025-03-19,ICU,10.0,10.0,1.0
HHN-MAN-01,2025-03-20,ICU,9.958333333333334,9.958333333333334,1.0
HHN-MAN-01,2025-03-21,ICU,9.916666666666666,9.916666666666666,1.0
HHN-MAN-01,2025-03-22,ICU,9.75,9.833333333333334,0.9916666666666667
HHN-MAN-01,2025-03-23,ICU,9.958333333333334,9.958333333333334,1.0
HHN-MAN-01,2025-03-24,ICU,9.791666666666666,10.0,0.9791666666666666
HHN-MAN-01,2025-03-25,ICU,9.916666666666666,9.958333333333334,0.9958333333333332
HHN-MAN-01,2025-03-26,ICU,9.416666666666666,9.833333333333334,0.9583333333333334
HHN-MAN-01,2025-03-27,ICU,9.416666666666666,9.875,0.9541666666666666
HHN-MAN-01,2025-03-28,ICU,9.083333333333334,10.0,0.9083333333333333
HHN-MAN-01,2025-03-29,ICU,8.916666666666666,9.916666666666666,0.9
HHN-MAN-01,2025-03-30,ICU,6.291666666666667,9.916666666666666,0.6356481481481481
HHN-MAN-01,2025-03-31,ICU,6.083333333333333,9.916666666666666,0.6143518518518518
HHN-MAN-01,2025-04-01,ICU,7.0,9.958333333333334,0.7032407407407407
HHN-MAN-01,2025-04-02,ICU,7.375,9.916666666666666,0.7439814814814815
HHN-MAN-01,2025-04-03,ICU,7.333333333333333,10.0,0.7333333333333334
HHN-MAN-01,2025-04-04,ICU,9.625,9.958333333333334,0.9666666666666667
HHN-MAN-01,2025-04-05,ICU,9.958333333333334,9.958333333333334,1.0
HHN-MAN-01,2025-04-06,ICU,9.916666666666666,9.916666666666666,1.0
HHN-MAN-01,2025-04-07,ICU,8.916666666666666,9.958333333333334,0.8958333333333334
HHN-MAN-01,2025-04-08,ICU,8.75,9.916666666666666,0.8824074074074074
HHN-MAN-01,2025-04-09,ICU,9.625,9.916666666666666,0.9708333333333333
HHN-MAN-01,2025-04-10,ICU,8.791666666666666,9.916666666666666,0.8875000000000001
HHN-MAN-01,2025-04-11,ICU,8.833333333333334,9.958333333333334,0.8865740740740741
HHN-MAN-01,2025-04-12,ICU,9.208333333333334,9.916666666666666,0.9291666666666667
HHN-MAN-01,2025-04-13,ICU,9.375,9.958333333333334,0.9416666666666668
HHN-MAN-01,2025-04-14,ICU,9.958333333333334,9.958333333333334,1.0
HHN-MAN-01,2025-04-15,ICU,9.916666666666666,9.916666666666666,1.0
HHN-MAN-01,2025-04-16,ICU,9.583333333333334,9.958333333333334,0.9625
HHN-MAN-01,2025-04-17,ICU,8.083333333333334,9.833333333333334,0.8231481481481482
HHN-MAN-01,2025-04-18,ICU,8.541666666666666,9.916666666666666,0.861574074074074
HHN-MAN-01,2025-04-19,ICU,8.625,9.958333333333334,0.8666666666666667
HHN-MAN-01,2025-04-20,ICU,9.125,9.958333333333334,0.9162037037037037
HHN-MAN-01,2025-04-21,ICU,10.0,10.0,1.0
HHN-MAN-01,2025-04-22,ICU,10.0,10.0,1.0
HHN-MAN-01,2025-04-23,ICU,10.0,10.0,1.0
HHN-MAN-01,2025-04-24,ICU,9.875,9.875,1.0
HHN-MAN-01,2025-04-25,ICU,9.875,9.916666666666666,0.9958333333333332
HHN-MAN-01,2025-04-26,ICU,9.875,9.875,1.0
HHN-MAN-01,2025-04-27,ICU,9.916666666666666,9.916666666666666,1.0
HHN-MAN-01,2025-04-28,ICU,9.166666666666666,9.958333333333334,0.9203703703703704
HHN-MAN-01,2025-04-29,ICU,7.416666666666667,9.875,0.7518518518518519
HHN-MAN-01,2025-04-30,ICU,6.916666666666667,9.958333333333334,0.6944444444444445
HHN-MAN-01,2025-05-01,ICU,8.583333333333334,9.958333333333334,0.8624999999999999
HHN-MAN-01,2025-05-02,ICU,6.458333333333333,9.916666666666666,0.6523148148148148
HHN-MAN-01,2025-05-03,ICU,5.291666666666667,9.958333333333334,0.5314814814814814
HHN-MAN-01,2025-05-04,ICU,6.0,9.958333333333334,0.6027777777777777
HHN-MAN-01,2025-05-05,ICU,6.0,9.958333333333334,0.6027777777777777
HHN-MAN-01,2025-05-06,ICU,5.916666666666667,9.916666666666666,0.5972222222222222
HHN-MAN-01,2025-05-07,ICU,8.291666666666666,9.958333333333334,0.8333333333333334
HHN-MAN-01,2025-05-08,ICU,9.583333333333334,9.958333333333334,0.9625
HHN-MAN-01,2025-05-09,ICU,10.0,10.0,1.0
HHN-MAN-01,2025-05-10,ICU,9.958333333333334,9.958333333333334,1.0
HHN-MAN-01,2025-05-11,ICU,9.833333333333334,9.833333333333334,1.0
HHN-MAN-01,2025-05-12,ICU,9.291666666666666,9.875,0.9416666666666668
HHN-MAN-01,2025-05-13,ICU,8.833333333333334,10.0,0.8833333333333333
HHN-MAN-01,2025-05-14,ICU,10.0,10.0,1.0
HHN-MAN-01,2025-05-15,ICU,8.958333333333334,9.958333333333334,0.9
HHN-MAN-01,2025-05-16,ICU,9.458333333333334,9.958333333333334,0.9500000000000001
HHN-MAN-01,2025-05-17,ICU,9.916666666666666,9.916666666666666,1.0
HHN-MAN-01,2025-05-18,ICU,8.25,9.958333333333334,0.8282407407407408
HHN-MAN-01,2025-05-19,ICU,8.5,9.958333333333334,0.8541666666666666
HHN-MAN-01,2025-05-20,ICU,7.916666666666667,9.958333333333334,0.7958333333333334
HHN-MAN-01,2025-05-21,ICU,10.0,10.0,1.0
HHN-MAN-01,2025-05-22,ICU,10.0,10.0,1.0
HHN-MAN-01,2025-05-23,ICU,9.916666666666666,9.958333333333334,0.9958333333333332
HHN-MAN-01,2025-05-24,ICU,8.708333333333334,9.916666666666666,0.8791666666666668
HHN-MAN-01,2025-05-25,ICU,8.625,9.833333333333334,0.8782407407407408
HHN-MAN-01,2025-05-26,ICU,7.541666666666667,10.0,0.7541666666666668
HHN-MAN-01,2025-05-27,ICU,8.375,9.958333333333334,0.8407407407407407
HHN-MAN-01,2025-05-28,ICU,10.0,10.0,1.0
HHN-MAN-01,2025-05-29,ICU,8.083333333333334,10.0,0.8083333333333332
HHN-MAN-01,2025-05-30,ICU,6.25,9.958333333333334,0.6282407407407408
HHN-MAN-01,2025-05-31,ICU,6.458333333333333,9.916666666666666,0.6518518518518518
HHN-MAN-01,2025-06-01,ICU,7.208333333333333,9.916666666666666,0.7273148148148149
HHN-MAN-01,2025-06-02,ICU,8.791666666666666,9.958333333333334,0.8833333333333333
HHN-MAN-01,2025-06-03,ICU,8.791666666666666,9.958333333333334,0.8828703703703704
HHN-MAN-01,2025-06-04,ICU,9.583333333333334,9.875,0.9708333333333333
HHN-MAN-01,2025-06-05,ICU,9.958333333333334,9.958333333333334,1.0
HHN-MAN-01,2025-06-06,ICU,10.0,10.0,1.0
HHN-MAN-01,2025-06-07,ICU,10.0,10.0,1.0
HHN-MAN-01,2025-06-08,ICU,9.958333333333334,9.958333333333334,1.0
HHN-MAN-01,2025-06-09,ICU,10.0,10.0,1.0
HHN-MAN-01,2025-06-10,ICU,9.958333333333334,9.958333333333334,1.0
HHN-MAN-01,2025-06-11,ICU,9.958333333333334,9.958333333333334,1.0
HHN-MAN-01,2025-06-12,ICU,9.958333333333334,9.958333333333334,1.0
HHN-MAN-01,2025-06-13,ICU,9.958333333333334,9.958333333333334,1.0
HHN-MAN-01,2025-06-14,ICU,9.083333333333334,9.875,0.9208333333333334
HHN-MAN-01,2025-06-15,ICU,7.5,9.958333333333334,0.7532407407407408
HHN-MAN-01,2025-06-16,ICU,7.708333333333333,9.958333333333334,0.774074074074074
HHN-MAN-01,2025-06-17,ICU,9.125,9.916666666666666,0.9208333333333334
HHN-MAN-01,2025-06-18,ICU,9.958333333333334,10.0,0.9958333333333332
HHN-MAN-01,2025-06-19,ICU,7.291666666666667,9.958333333333334,0.7333333333333334
HHN-MAN-01,2025-06-20,ICU,7.416666666666667,9.958333333333334,0.7444444444444445
HHN-MAN-01,2025-06-21,ICU,9.333333333333334,10.0,0.9333333333333335
HHN-MAN-01,2025-06-22,ICU,9.291666666666666,9.916666666666666,0.9375
HHN-MAN-01,2025-06-23,ICU,9.166666666666666,9.958333333333334,0.9208333333333334
HHN-MAN-01,2025-06-24,ICU,7.458333333333333,10.0,0.7458333333333332
HHN-MAN-01,2025-06-25,ICU,8.291666666666666,9.916666666666666,0.8365740740740741
HHN-MAN-01,2025-06-26,ICU,7.666666666666667,9.958333333333334,0.7708333333333334
HHN-MAN-01,2025-06-27,ICU,8.541666666666666,10.0,0.8541666666666666
HHN-MAN-01,2025-06-28,ICU,7.833333333333333,9.916666666666666,0.7902777777777779
HHN-MAN-01,2025-06-29,ICU,8.125,9.875,0.8226851851851852
HHN-MAN-01,2025-06-30,ICU,6.0,9.958333333333334,0.6027777777777777
HHN-MAN-01,2025-07-01,ICU,5.083333333333333,9.791666666666666,0.5203703703703704
HHN-MAN-01,2025-07-02,ICU,4.458333333333333,10.0,0.44583333333333336
HHN-MAN-01,2025-07-03,ICU,4.916666666666667,9.916666666666666,0.4962962962962963
HHN-MAN-01,2025-07-04,ICU,4.666666666666667,10.0,0.4666666666666666
HHN-MAN-01,2025-07-05,ICU,6.291666666666667,9.958333333333334,0.6319444444444444
HHN-MAN-01,2025-07-06,ICU,7.0,9.958333333333334,0.7032407407407407
HHN-MAN-01,2025-07-07,ICU,6.625,9.958333333333334,0.6657407407407407
HHN-MAN-01,2025-07-08,ICU,6.541666666666667,9.958333333333334,0.6569444444444444
HHN-MAN-01,2025-07-09,ICU,6.291666666666667,10.0,0.6291666666666667
HHN-MAN-01,2025-07-10,ICU,6.083333333333333,10.0,0.6083333333333333
HHN-MAN-01,2025-07-11,ICU,5.5,9.958333333333334,0.5523148148148148
HHN-MAN-01,2025-07-12,ICU,3.8333333333333335,9.958333333333334,0.3856481481481482
HHN-MAN-01,2025-07-13,ICU,4.541666666666667,9.916666666666666,0.46064814814814814
HHN-MAN-01,2025-07-14,ICU,6.875,9.916666666666666,0.6939814814814814
HHN-MAN-01,2025-07-15,ICU,6.083333333333333,9.958333333333334,0.611111111111111
HHN-MAN-01,2025-07-16,ICU,5.25,9.916666666666666,0.5300925925925926
HHN-MAN-01,2025-07-17,ICU,3.75,10.0,0.375
HHN-MAN-01,2025-07-18,ICU,3.9583333333333335,9.916666666666666,0.40046296296296297
HHN-MAN-01,2025-07-19,ICU,4.0,9.916666666666666,0.40416666666666673
HHN-MAN-01,2025-07-20,ICU,3.5416666666666665,9.958333333333334,0.35555555555555557
HHN-MAN-01,2025-07-21,ICU,4.0,9.958333333333334,0.4018518518518519
HHN-MAN-01,2025-07-22,ICU,4.333333333333333,10.0,0.43333333333333335
HHN-MAN-01,2025-07-23,ICU,6.416666666666667,9.958333333333334,0.6444444444444445
HHN-MAN-01,2025-07-24,ICU,7.625,10.0,0.7625000000000001
HHN-MAN-01,2025-07-25,ICU,5.25,9.916666666666666,0.5296296296296296
HHN-MAN-01,2025-07-26,ICU,2.8333333333333335,9.875,0.287962962962963
HHN-MAN-01,2025-07-27,ICU,6.75,9.916666666666666,0.6810185185185186
HHN-MAN-01,2025-07-28,ICU,9.958333333333334,9.958333333333334,1.0
HHN-MAN-01,2025-07-29,ICU,9.916666666666666,9.916666666666666,1.0
HHN-MAN-01,2025-07-30,ICU,9.833333333333334,9.958333333333334,0.9874999999999999
HHN-MAN-01,2025-07-31,ICU,8.583333333333334,10.0,0.8583333333333334
HHN-MAN-01,2025-08-01,ICU,6.0,9.958333333333334,0.6027777777777777
HHN-MAN-01,2025-08-02,ICU,6.083333333333333,9.875,0.6180555555555555
HHN-MAN-01,2025-08-03,ICU,9.916666666666666,9.916666666666666,1.0
HHN-MAN-01,2025-08-04,ICU,9.791666666666666,9.958333333333334,0.9833333333333334
HHN-MAN-01,2025-08-05,ICU,8.875,9.916666666666666,0.8949074074074074
HHN-MAN-01,2025-08-06,ICU,8.458333333333334,9.875,0.8583333333333334
HHN-MAN-01,2025-08-07,ICU,9.458333333333334,9.916666666666666,0.9541666666666666
HHN-MAN-01,2025-08-08,ICU,8.583333333333334,10.0,0.8583333333333334
HHN-MAN-01,2025-08-09,ICU,7.0,10.0,0.6999999999999998
HHN-MAN-01,2025-08-10,ICU,7.708333333333333,9.916666666666666,0.7773148148148148
HHN-MAN-01,2025-08-11,ICU,9.625,10.0,0.9625
HHN-MAN-01,2025-08-12,ICU,9.416666666666666,9.916666666666666,0.9500000000000001
HHN-MAN-01,2025-08-13,ICU,9.958333333333334,9.958333333333334,1.0
HHN-MAN-01,2025-08-14,ICU,10.0,10.0,1.0
HHN-MAN-01,2025-08-15,ICU,10.0,10.0,1.0
HHN-MAN-01,2025-08-16,ICU,9.833333333333334,9.833333333333334,1.0
HHN-MAN-01,2025-08-17,ICU,9.791666666666666,9.791666666666666,1.0
HHN-MAN-01,2025-08-18,ICU,9.958333333333334,9.958333333333334,1.0
HHN-MAN-01,2025-08-19,ICU,10.0,10.0,1.0
HHN-MAN-01,2025-08-20,ICU,9.958333333333334,9.958333333333334,1.0
HHN-MAN-01,2025-08-21,ICU,9.958333333333334,9.958333333333334,1.0
HHN-MAN-01,2025-08-22,ICU,9.916666666666666,9.916666666666666,1.0
HHN-MAN-01,2025-08-23,ICU,9.958333333333334,9.958333333333334,1.0
HHN-MAN-01,2025-08-24,ICU,9.791666666666666,9.791666666666666,1.0
HHN-MAN-01,2025-08-25,ICU,9.916666666666666,9.916666666666666,1.0
HHN-MAN-01,2025-08-26,ICU,9.875,9.875,1.0
HHN-MAN-01,2025-08-27,ICU,9.0,9.833333333333334,0.9162037037037037
HHN-MAN-01,2025-08-28,ICU,8.791666666666666,10.0,0.8791666666666668
HHN-MAN-01,2025-08-29,ICU,8.375,9.875,0.8495370370370371
HHN-MAN-01,2025-08-30,ICU,6.041666666666667,9.875,0.6124999999999999
HHN-MAN-01,2025-08-31,ICU,5.708333333333333,9.958333333333334,0.5736111111111111
HHN-MAN-01,2025-09-01,ICU,7.375,9.958333333333334,0.7412037037037037
HHN-MAN-01,2025-09-02,ICU,7.375,9.958333333333334,0.7412037037037037
HHN-MAN-01,2025-09-03,ICU,6.083333333333333,9.958333333333334,0.611574074074074
HHN-MAN-01,2025-09-04,ICU,4.708333333333333,9.958333333333334,0.4726851851851852
HHN-MAN-01,2025-09-05,ICU,5.208333333333333,9.958333333333334,0.5231481481481481
HHN-MAN-01,2025-09-06,ICU,7.166666666666667,9.958333333333334,0.7194444444444444
HHN-MAN-01,2025-09-07,ICU,8.458333333333334,10.0,0.8458333333333333
HHN-MAN-01,2025-09-08,ICU,9.375,9.916666666666666,0.9458333333333333
HHN-MAN-01,2025-09-09,ICU,9.958333333333334,9.958333333333334,1.0
HHN-MAN-01,2025-09-10,ICU,9.791666666666666,9.875,0.9916666666666667
HHN-MAN-01,2025-09-11,ICU,8.791666666666666,10.0,0.8791666666666668
HHN-MAN-01,2025-09-12,ICU,5.791666666666667,9.833333333333334,0.5912037037037037
HHN-MAN-01,2025-09-13,ICU,8.208333333333334,9.833333333333334,0.8356481481481483
HHN-MAN-01,2025-09-14,ICU,7.083333333333333,9.916666666666666,0.7138888888888889
HHN-MAN-01,2025-09-15,ICU,5.083333333333333,10.0,0.5083333333333333
HHN-MAN-01,2025-09-16,ICU,6.458333333333333,10.0,0.6458333333333334
HHN-MAN-01,2025-09-17,ICU,10.0,10.0,1.0
HHN-MAN-01,2025-09-18,ICU,9.708333333333334,10.0,0.9708333333333333
HHN-MAN-01,2025-09-19,ICU,8.875,9.833333333333334,0.9032407407407407
HHN-MAN-01,2025-09-20,ICU,7.708333333333333,9.958333333333334,0.774537037037037
HHN-MAN-01,2025-09-21,ICU,7.541666666666667,9.875,0.7652777777777778
HHN-MAN-01,2025-09-22,ICU,8.375,9.958333333333334,0.8412037037037038
HHN-MAN-01,2025-09-23,ICU,10.0,10.0,1.0
HHN-MAN-01,2025-09-24,ICU,9.875,9.875,1.0
HHN-MAN-01,2025-09-25,ICU,9.958333333333334,9.958333333333334,1.0
HHN-MAN-01,2025-09-26,ICU,9.958333333333334,9.958333333333334,1.0
HHN-MAN-01,2025-09-27,ICU,9.916666666666666,9.916666666666666,1.0
HHN-MAN-01,2025-09-28,ICU,9.875,9.875,1.0
HHN-MAN-01,2025-09-29,ICU,9.958333333333334,9.958333333333334,1.0
HHN-MAN-01,2025-09-30,ICU,9.958333333333334,9.958333333333334,1.0
HHN-MAN-01,2025-10-01,ICU,9.791666666666666,9.958333333333334,0.9833333333333334
HHN-MAN-01,2025-10-02,ICU,8.375,9.958333333333334,0.8416666666666667
HHN-MAN-01,2025-10-03,ICU,8.708333333333334,9.958333333333334,0.8745370370370371
HHN-MAN-01,2025-10-04,ICU,9.833333333333334,9.833333333333334,1.0
HHN-MAN-01,2025-10-05,ICU,9.666666666666666,9.875,0.9791666666666666
HHN-MAN-01,2025-10-06,ICU,9.875,10.0,0.9874999999999999
HHN-MAN-01,2025-10-07,ICU,10.0,10.0,1.0
HHN-MAN-01,2025-10-08,ICU,9.916666666666666,9.916666666666666,1.0
HHN-MAN-01,2025-10-09,ICU,9.958333333333334,9.916666666666666,1.0
HHN-MAN-01,2025-10-10,ICU,9.958333333333334,9.958333333333334,1.0
HHN-MAN-01,2025-10-11,ICU,9.875,9.875,1.0
HHN-MAN-01,2025-10-12,ICU,10.0,10.0,1.0
HHN-MAN-01,2025-10-13,ICU,9.916666666666666,9.916666666666666,1.0
HHN-MAN-01,2025-10-14,ICU,9.833333333333334,9.958333333333334,0.9874999999999999
HHN-MAN-01,2025-10-15,ICU,9.958333333333334,9.958333333333334,1.0
HHN-MAN-01,2025-10-16,ICU,9.708333333333334,9.958333333333334,0.975
HHN-MAN-01,2025-10-17,ICU,9.958333333333334,9.958333333333334,1.0
HHN-MAN-01,2025-10-18,ICU,9.916666666666666,9.916666666666666,1.0
HHN-MAN-01,2025-10-19,ICU,9.833333333333334,9.833333333333334,1.0
HHN-MAN-01,2025-10-20,ICU,9.916666666666666,9.916666666666666,1.0
HHN-MAN-01,2025-10-21,ICU,9.958333333333334,9.958333333333334,1.0
HHN-MAN-01,2025-10-22,ICU,9.916666666666666,9.916666666666666,1.0
HHN-MAN-01,2025-10-23,ICU,10.0,10.0,1.0
HHN-MAN-01,2025-10-24,ICU,8.875,9.958333333333334,0.8916666666666667
HHN-MAN-01,2025-10-25,ICU,7.666666666666667,9.916666666666666,0.7731481481481483
HHN-MAN-01,2025-10-26,ICU,6.875,9.958333333333334,0.6907407407407407
HHN-MAN-01,2025-10-27,ICU,7.625,9.916666666666666,0.7694444444444444
HHN-MAN-01,2025-10-28,ICU,9.708333333333334,9.875,0.9833333333333334
HHN-MAN-01,2025-10-29,ICU,10.0,10.0,1.0
HHN-MAN-01,2025-10-30,ICU,8.875,10.0,0.8875000000000001
HHN-MAN-01,2025-10-31,ICU,8.333333333333334,9.875,0.8453703703703703
HHN-MAN-01,2025-11-01,ICU,9.208333333333334,9.875,0.9333333333333332
HHN-MAN-01,2025-11-02,ICU,9.083333333333334,10.0,0.9083333333333333
HHN-MAN-01,2025-11-03,ICU,9.833333333333334,9.833333333333334,1.0
HHN-MAN-01,2025-11-04,ICU,10.0,10.0,1.0
HHN-MAN-01,2025-11-05,ICU,9.791666666666666,10.0,0.9791666666666666
HHN-MAN-01,2025-11-06,ICU,9.958333333333334,9.958333333333334,1.0
HHN-MAN-01,2025-11-07,ICU,9.875,9.875,1.0
HHN-MAN-01,2025-11-08,ICU,9.958333333333334,9.958333333333334,1.0
HHN-MAN-01,2025-11-09,ICU,9.875,9.875,1.0
HHN-MAN-01,2025-11-10,ICU,9.958333333333334,9.958333333333334,1.0
HHN-MAN-01,2025-11-11,ICU,9.958333333333334,9.958333333333334,1.0
HHN-MAN-01,2025-11-12,ICU,9.916666666666666,9.916666666666666,1.0
HHN-MAN-01,2025-11-13,ICU,9.875,9.875,1.0
HHN-MAN-01,2025-11-14,ICU,9.875,9.875,1.0
HHN-MAN-01,2025-11-15,ICU,9.958333333333334,9.958333333333334,1.0
HHN-MAN-01,2025-11-16,ICU,9.916666666666666,9.916666666666666,1.0
HHN-MAN-01,2025-11-17,ICU,9.916666666666666,9.916666666666666,1.0
HHN-MAN-01,2025-11-18,ICU,9.916666666666666,9.916666666666666,1.0
HHN-MAN-01,2025-11-19,ICU,9.958333333333334,9.958333333333334,1.0
HHN-MAN-01,2025-11-20,ICU,10.0,10.0,1.0
HHN-MAN-01,2025-11-21,ICU,9.708333333333334,9.916666666666666,0.9791666666666666
HHN-MAN-01,2025-11-22,ICU,7.416666666666667,10.0,0.7416666666666667
HHN-MAN-01,2025-11-23,ICU,6.708333333333333,9.958333333333334,0.674074074074074
HHN-MAN-01,2025-11-24,ICU,8.125,10.0,0.8125
HHN-MAN-01,2025-11-25,ICU,8.958333333333334,9.958333333333334,0.9
HHN-MAN-01,2025-11-26,ICU,9.916666666666666,9.916666666666666,1.0
HHN-MAN-01,2025-11-27,ICU,8.333333333333334,9.916666666666666,0.8416666666666667
HHN-MAN-01,2025-11-28,ICU,8.541666666666666,9.916666666666666,0.8606481481481482
HHN-MAN-01,2025-11-29,ICU,9.666666666666666,9.833333333333334,0.9833333333333334
HHN-MAN-01,2025-11-30,ICU,10.0,10.0,1.0
HHN-MAN-01,2025-12-01,ICU,9.916666666666666,9.916666666666666,1.0
HHN-MAN-01,2025-12-02,ICU,9.875,9.875,1.0
HHN-MAN-01,2025-12-03,ICU,9.916666666666666,9.916666666666666,1.0
HHN-MAN-01,2025-12-04,ICU,9.916666666666666,9.916666666666666,1.0
HHN-MAN-01,2025-12-05,ICU,9.875,9.875,1.0
HHN-MAN-01,2025-12-06,ICU,9.875,9.875,1.0
HHN-MAN-01,2025-12-07,ICU,9.875,9.875,1.0
HHN-MAN-01,2025-12-08,ICU,9.875,9.875,1.0
HHN-MAN-01,2025-12-09,ICU,9.916666666666666,9.916666666666666,1.0
HHN-MAN-01,2025-12-10,ICU,9.833333333333334,9.833333333333334,1.0
HHN-MAN-01,2025-12-11,ICU,9.791666666666666,9.875,0.9916666666666667
HHN-MAN-01,2025-12-12,ICU,9.958333333333334,9.958333333333334,1.0
HHN-MAN-01,2025-12-13,ICU,8.791666666666666,9.875,0.8916666666666667
HHN-MAN-01,2025-12-14,ICU,8.375,9.916666666666666,0.8453703703703704
HHN-MAN-01,2025-12-15,ICU,6.375,9.875,0.6458333333333334
HHN-MAN-01,2025-12-16,ICU,6.875,9.875,0.6972222222222223
HHN-MAN-01,2025-12-17,ICU,5.291666666666667,9.916666666666666,0.5342592592592593
HHN-MAN-01,2025-12-18,ICU,2.25,9.958333333333334,0.2263888888888889
HHN-MAN-01,2025-12-19,ICU,2.625,9.833333333333334,0.26851851851851855
HHN-MAN-01,2025-12-20,ICU,6.75,9.708333333333334,0.6944444444444445
HHN-MAN-01,2025-12-21,ICU,8.416666666666666,9.791666666666666,0.861574074074074
HHN-MAN-01,2025-12-22,ICU,9.458333333333334,9.875,0.9583333333333334
HHN-MAN-01,2025-12-23,ICU,9.916666666666666,9.916666666666666,1.0
HHN-MAN-01,2025-12-24,ICU,10.0,10.0,1.0
HHN-MAN-01,2025-12-25,ICU,9.875,9.875,1.0
HHN-MAN-01,2025-12-26,ICU,9.916666666666666,9.916666666666666,1.0
HHN-MAN-01,2025-12-27,ICU,9.833333333333334,9.833333333333334,1.0
HHN-MAN-01,2025-12-28,ICU,9.791666666666666,9.791666666666666,1.0
HHN-MAN-01,2025-12-29,ICU,9.791666666666666,9.791666666666666,1.0
HHN-MAN-01,2025-12-30,ICU,9.791666666666666,9.958333333333334,0.9833333333333334
HHN-MAN-01,2025-12-31,ICU,9.041666666666666,9.958333333333334,0.9083333333333333
