hospital_id,datetime,ward,occupied_beds,staffed_beds,occupancy_rate
HHN-BIR-01,2024-01-01,Oncology Ward,0.0,17.916666666666668,0.0
HHN-BIR-01,2024-01-02,Oncology Ward,1.0,17.958333333333332,0.055555555555555504
HHN-BIR-01,2024-01-03,Oncology Ward,1.375,17.916666666666668,0.07696759259259255
HHN-BIR-01,2024-01-04,Oncology Ward,3.4166666666666665,17.791666666666668,0.1916019880174292
HHN-BIR-01,2024-01-05,Oncology Ward,6.5,17.875,0.3633748638344227
HHN-BIR-01,2024-01-06,Oncology Ward,9.875,17.875,0.5526960784313726
HHN-BIR-01,2024-01-07,Oncology Ward,10.0,17.916666666666668,0.5582788671023965
HHN-BIR-01,2024-01-08,Oncology Ward,11.375,17.75,0.6414930555555555
HHN-BIR-01,2024-01-09,Oncology Ward,13.833333333333334,17.958333333333332,0.7705610021786492
HHN-BIR-01,2024-01-10,Oncology Ward,13.583333333333334,17.708333333333332,0.7686887254901961
HHN-BIR-01,2024-01-11,Oncology Ward,13.666666666666666,17.791666666666668,0.7695738017429194
HHN-BIR-01,2024-01-12,Oncology Ward,12.916666666666666,17.875,0.7231243191721132
HHN-BIR-01,2024-01-13,Oncology Ward,10.791666666666666,17.708333333333332,0.6098345588235294
HHN-BIR-01,2024-01-14,Oncology Ward,10.0,17.625,0.5695125272331155
HHN-BIR-01,2024-01-15,Oncology Ward,13.75,17.958333333333332,0.7659313725490197
HHN-BIR-01,2024-01-16,Oncology Ward,14.083333333333334,17.875,0.7881263616557734
HHN-BIR-01,2024-01-17,Oncology Ward,15.666666666666666,17.958333333333332,0.8722766884531591
HHN-BIR-01,2024-01-18,Oncology Ward,16.833333333333332,17.833333333333332,0.9444444444444443
HHN-BIR-01,2024-01-19,Oncology Ward,16.958333333333332,17.958333333333332,0.9444444444444443
HHN-BIR-01,2024-01-20,Oncology Ward,15.625,17.708333333333332,0.8838337418300654
HHN-BIR-01,2024-01-21,Oncology Ward,15.916666666666666,17.75,0.897314133986928
HHN-BIR-01,2024-01-22,Oncology Ward,17.708333333333332,17.791666666666668,0.9953703703703703
HHN-BIR-01,2024-01-23,Oncology Ward,16.625,17.875,0.9305555555555555
HHN-BIR-01,2024-01-24,Oncology Ward,17.458333333333332,17.958333333333332,0.9722222222222222
HHN-BIR-01,2024-01-25,Oncology Ward,15.708333333333334,17.791666666666668,0.8839869281045751
HHN-BIR-01,2024-01-26,Oncology Ward,15.583333333333334,18.0,0.8657407407407408
HHN-BIR-01,2024-01-27,Oncology Ward,17.0,18.0,0.9444444444444443
HHN-BIR-01,2024-01-28,Oncology Ward,13.0,17.916666666666668,0.7253540305010894
HHN-BIR-01,2024-01-29,Oncology Ward,14.5,17.666666666666668,0.82380174291939
HHN-BIR-01,2024-01-30,Oncology Ward,17.458333333333332,17.791666666666668,0.9812091503267973
HHN-BIR-01,2024-01-31,Oncology Ward,17.916666666666668,17.916666666666668,1.0
HHN-BIR-01,2024-02-01,Oncology Ward,17.541666666666668,17.708333333333332,0.9907407407407408
HHN-BIR-01,2024-02-02,Oncology Ward,17.625,17.708333333333332,0.9953703703703703
HHN-BIR-01,2024-02-03,Oncology Ward,17.833333333333332,17.833333333333332,1.0
HHN-BIR-01,2024-02-04,Oncology Ward,16.875,17.708333333333332,0.9537037037037037
HHN-BIR-01,2024-02-05,Oncology Ward,16.458333333333332,17.958333333333332,0.9163943355119826
HHN-BIR-01,2024-02-06,Oncology Ward,16.25,17.791666666666668,0.9142156862745098
HHN-BIR-01,2024-02-07,Oncology Ward,17.666666666666668,17.916666666666668,0.9861111111111112
HHN-BIR-01,2024-02-08,Oncology Ward,17.708333333333332,17.708333333333332,1.0
HHN-BIR-01,2024-02-09,Oncology Ward,17.166666666666668,17.75,0.9673032407407408
HHN-BIR-01,2024-02-10,Oncology Ward,16.75,17.666666666666668,0.9490740740740741
HHN-BIR-01,2024-02-11,Oncology Ward,17.166666666666668,17.708333333333332,0.9699074074074074
HHN-BIR-01,2024-02-12,Oncology Ward,17.5,17.791666666666668,0.9837962962962963
HHN-BIR-01,2024-02-13,Oncology Ward,17.583333333333332,17.916666666666668,0.9814814814814815
HHN-BIR-01,2024-02-14,Oncology Ward,14.208333333333334,17.833333333333332,0.7974537037037037
HHN-BIR-01,2024-02-15,Oncology Ward,12.958333333333334,17.708333333333332,0.733677151416122
HHN-BIR-01,2024-02-16,Oncology Ward,13.208333333333334,17.875,0.7393280228758169
HHN-BIR-01,2024-02-17,Oncology Ward,11.333333333333334,17.916666666666668,0.6333912037037037
HHN-BIR-01,2024-02-18,Oncology Ward,13.291666666666666,17.708333333333332,0.7510552832244008
HHN-BIR-01,2024-02-19,Oncology Ward,14.958333333333334,17.75,0.844039351851852
HHN-BIR-01,2024-02-20,Oncology Ward,13.083333333333334,17.916666666666668,0.7303240740740741
HHN-BIR-01,2024-02-21,Oncology Ward,10.458333333333334,17.958333333333332,0.5825163398692811
HHN-BIR-01,2024-02-22,Oncology Ward,9.875,17.916666666666668,0.5515046296296297
HHN-BIR-01,2024-02-23,Oncology Ward,9.208333333333334,17.958333333333332,0.5127995642701525
HHN-BIR-01,2024-02-24,Oncology Ward,10.791666666666666,17.916666666666668,0.6027199074074074
HHN-BIR-01,2024-02-25,Oncology Ward,9.416666666666666,17.916666666666668,0.5257352941176471
HHN-BIR-01,2024-02-26,Oncology Ward,10.25,17.958333333333332,0.5708061002178649
HHN-BIR-01,2024-02-27,Oncology Ward,11.666666666666666,17.916666666666668,0.6510416666666666
HHN-BIR-01,2024-02-28,Oncology Ward,12.541666666666666,17.916666666666668,0.7004357298474946
HHN-BIR-01,2024-02-29,Oncology Ward,16.875,17.833333333333332,0.9462145969498911
HHN-BIR-01,2024-03-01,Oncology Ward,17.916666666666668,17.916666666666668,1.0
HHN-BIR-01,2024-03-02,Oncology Ward,17.958333333333332,17.958333333333332,1.0
HHN-BIR-01,2024-03-03,Oncology Ward,13.5,17.75,0.7612847222222222
HHN-BIR-01,2024-03-04,Oncology Ward,11.208333333333334,17.875,0.6273658769063181
HHN-BIR-01,2024-03-05,Oncology Ward,13.0,17.916666666666668,0.7254050925925926
HHN-BIR-01,2024-03-06,Oncology Ward,15.291666666666666,17.875,0.8560729847494554
HHN-BIR-01,2024-03-07,Oncology Ward,13.5,17.916666666666668,0.7537615740740741
HHN-BIR-01,2024-03-08,Oncology Ward,12.625,17.875,0.7064950980392157
HHN-BIR-01,2024-03-09,Oncology Ward,9.875,17.791666666666668,0.5558959694989106
HHN-BIR-01,2024-03-10,Oncology Ward,8.083333333333334,18.0,0.449074074074074
HHN-BIR-01,2024-03-11,Oncology Ward,11.125,18.0,0.6180555555555555
HHN-BIR-01,2024-03-12,Oncology Ward,12.5,18.0,0.6944444444444443
HHN-BIR-01,2024-03-13,Oncology Ward,13.0,17.916666666666668,0.7256944444444445
HHN-BIR-01,2024-03-14,Oncology Ward,14.458333333333334,18.0,0.8032407407407408
HHN-BIR-01,2024-03-15,Oncology Ward,16.583333333333332,17.75,0.9347766884531591
HHN-BIR-01,2024-03-16,Oncology Ward,17.291666666666668,17.916666666666668,0.9652777777777778
HHN-BIR-01,2024-03-17,Oncology Ward,17.875,17.875,1.0
HHN-BIR-01,2024-03-18,Oncology Ward,17.875,18.0,0.9930555555555555
HHN-BIR-01,2024-03-19,Oncology Ward,16.875,17.875,0.9444444444444443
HHN-BIR-01,2024-03-20,Oncology Ward,17.5,17.958333333333332,0.9745370370370371
HHN-BIR-01,2024-03-21,Oncology Ward,16.708333333333332,17.958333333333332,0.9305555555555555
HHN-BIR-01,2024-03-22,Oncology Ward,17.916666666666668,17.916666666666668,1.0
HHN-BIR-01,2024-03-23,Oncology Ward,17.75,17.75,1.0
HHN-BIR-01,2024-03-24,Oncology Ward,17.958333333333332,17.958333333333332,1.0
HHN-BIR-01,2024-03-25,Oncology Ward,15.708333333333334,18.0,0.8726851851851852
HHN-BIR-01,2024-03-26,Oncology Ward,14.458333333333334,17.833333333333332,0.8116319444444445
HHN-BIR-01,2024-03-27,Oncology Ward,14.083333333333334,17.791666666666668,0.79255174291939
HHN-BIR-01,2024-03-28,Oncology Ward,14.291666666666666,18.0,0.7939814814814815
HHN-BIR-01,2024-03-29,Oncology Ward,15.583333333333334,17.958333333333332,0.8679193899782135
HHN-BIR-01,2024-03-30,Oncology Ward,10.708333333333334,17.833333333333332,0.6011199618736384
HHN-BIR-01,2024-03-31,Oncology Ward,11.791666666666666,17.916666666666668,0.6582244008714596
HHN-BIR-01,2024-04-01,Oncology Ward,11.416666666666666,18.0,0.6342592592592593
HHN-BIR-01,2024-04-02,Oncology Ward,11.875,18.0,0.6597222222222222
HHN-BIR-01,2024-04-03,Oncology Ward,16.125,17.875,0.9025054466230937
HHN-BIR-01,2024-04-04,Oncology Ward,17.333333333333332,17.958333333333332,0.9652777777777778
HHN-BIR-01,2024-04-05,Oncology Ward,17.75,17.958333333333332,0.9884259259259259
HHN-BIR-01,2024-04-06,Oncology Ward,17.708333333333332,17.833333333333332,0.9930555555555555
HHN-BIR-01,2024-04-07,Oncology Ward,17.583333333333332,17.875,0.9837962962962963
HHN-BIR-01,2024-04-08,Oncology Ward,18.0,18.0,1.0
HHN-BIR-01,2024-04-09,Oncology Ward,17.958333333333332,17.958333333333332,1.0
HHN-BIR-01,2024-04-10,Oncology Ward,17.916666666666668,17.916666666666668,1.0
HHN-BIR-01,2024-04-11,Oncology Ward,17.958333333333332,17.958333333333332,1.0
HHN-BIR-01,2024-04-12,Oncology Ward,17.916666666666668,17.916666666666668,1.0
HHN-BIR-01,2024-04-13,Oncology Ward,15.208333333333334,17.791666666666668,0.8559368191721134
HHN-BIR-01,2024-04-14,Oncology Ward,12.375,17.791666666666668,0.6960784313725491
HHN-BIR-01,2024-04-15,Oncology Ward,12.0,17.916666666666668,0.6701388888888888
HHN-BIR-01,2024-04-16,Oncology Ward,10.541666666666666,18.0,0.5856481481481481
HHN-BIR-01,2024-04-17,Oncology Ward,9.625,17.791666666666668,0.5417177287581699
HHN-BIR-01,2024-04-18,Oncology Ward,10.5,18.0,0.5833333333333334
HHN-BIR-01,2024-04-19,Oncology Ward,11.541666666666666,18.0,0.6412037037037037
HHN-BIR-01,2024-04-20,Oncology Ward,13.625,17.875,0.7623910675381264
HHN-BIR-01,2024-04-21,Oncology Ward,12.916666666666666,17.833333333333332,0.7245370370370371
HHN-BIR-01,2024-04-22,Oncology Ward,16.0,18.0,0.8888888888888888
HHN-BIR-01,2024-04-23,Oncology Ward,17.958333333333332,17.958333333333332,1.0
HHN-BIR-01,2024-04-24,Oncology Ward,18.0,18.0,1.0
HHN-BIR-01,2024-04-25,Oncology Ward,17.75,17.75,1.0
HHN-BIR-01,2024-04-26,Oncology Ward,17.916666666666668,17.958333333333332,0.9976851851851851
HHN-BIR-01,2024-04-27,Oncology Ward,17.583333333333332,17.625,0.9976851851851851
HHN-BIR-01,2024-04-28,Oncology Ward,17.125,17.916666666666668,0.9560185185185185
HHN-BIR-01,2024-04-29,Oncology Ward,15.583333333333334,17.916666666666668,0.8703703703703703
HHN-BIR-01,2024-04-30,Oncology Ward,11.958333333333334,18.0,0.6643518518518519
HHN-BIR-01,2024-05-01,Oncology Ward,11.291666666666666,17.916666666666668,0.6307870370370371
HHN-BIR-01,2024-05-02,Oncology Ward,13.958333333333334,17.958333333333332,0.7770969498910675
HHN-BIR-01,2024-05-03,Oncology Ward,16.666666666666668,17.875,0.9324618736383442
HHN-BIR-01,2024-05-04,Oncology Ward,15.125,17.916666666666668,0.8443287037037037
HHN-BIR-01,2024-05-05,Oncology Ward,13.75,17.875,0.7694206154684097
HHN-BIR-01,2024-05-06,Oncology Ward,13.25,17.791666666666668,0.7452001633986928
HHN-BIR-01,2024-05-07,Oncology Ward,11.666666666666666,17.916666666666668,0.6512799564270152
HHN-BIR-01,2024-05-08,Oncology Ward,9.708333333333334,18.0,0.5393518518518519
HHN-BIR-01,2024-05-09,Oncology Ward,13.958333333333334,17.958333333333332,0.7772331154684097
HHN-BIR-01,2024-05-10,Oncology Ward,10.916666666666666,18.0,0.6064814814814815
HHN-BIR-01,2024-05-11,Oncology Ward,10.875,17.875,0.6087111928104575
HHN-BIR-01,2024-05-12,Oncology Ward,9.125,17.875,0.5107741013071895
HHN-BIR-01,2024-05-13,Oncology Ward,8.875,18.0,0.4930555555555556
HHN-BIR-01,2024-05-14,Oncology Ward,9.416666666666666,18.0,0.5231481481481481
HHN-BIR-01,2024-05-15,Oncology Ward,11.416666666666666,18.0,0.6342592592592592
HHN-BIR-01,2024-05-16,Oncology Ward,14.166666666666666,17.791666666666668,0.7969090413943355
HHN-BIR-01,2024-05-17,Oncology Ward,15.375,17.875,0.8605494281045751
HHN-BIR-01,2024-05-18,Oncology Ward,15.666666666666666,17.875,0.8766169662309369
HHN-BIR-01,2024-05-19,Oncology Ward,12.666666666666666,18.0,0.7037037037037037
HHN-BIR-01,2024-05-20,Oncology Ward,11.583333333333334,17.958333333333332,0.6451525054466231
HHN-BIR-01,2024-05-21,Oncology Ward,14.041666666666666,17.916666666666668,0.7836328976034858
HHN-BIR-01,2024-05-22,Oncology Ward,17.041666666666668,17.916666666666668,0.9510995370370371
HHN-BIR-01,2024-05-23,Oncology Ward,16.958333333333332,17.916666666666668,0.9467592592592592
HHN-BIR-01,2024-05-24,Oncology Ward,15.125,17.833333333333332,0.8489583333333334
HHN-BIR-01,2024-05-25,Oncology Ward,15.75,17.833333333333332,0.8836805555555555
HHN-BIR-01,2024-05-26,Oncology Ward,17.833333333333332,17.958333333333332,0.9930555555555555
HHN-BIR-01,2024-05-27,Oncology Ward,14.708333333333334,17.958333333333332,0.8191721132897604
HHN-BIR-01,2024-05-28,Oncology Ward,15.833333333333334,17.833333333333332,0.8883442265795206
HHN-BIR-01,2024-05-29,Oncology Ward,17.666666666666668,17.791666666666668,0.9930555555555555
HHN-BIR-01,2024-05-30,Oncology Ward,17.916666666666668,17.916666666666668,1.0
HHN-BIR-01,2024-05-31,Oncology Ward,17.958333333333332,17.958333333333332,1.0
HHN-BIR-01,2024-06-01,Oncology Ward,17.958333333333332,17.958333333333332,1.0
HHN-BIR-01,2024-06-02,Oncology Ward,17.791666666666668,17.791666666666668,1.0
HHN-BIR-01,2024-06-03,Oncology Ward,18.0,18.0,1.0
HHN-BIR-01,2024-06-04,Oncology Ward,18.0,18.0,1.0
HHN-BIR-01,2024-06-05,Oncology Ward,18.0,18.0,1.0
HHN-BIR-01,2024-06-06,Oncology Ward,16.958333333333332,17.958333333333332,0.9444444444444445
HHN-BIR-01,2024-06-07,Oncology Ward,14.125,18.0,0.7847222222222222
HHN-BIR-01,2024-06-08,Oncology Ward,13.083333333333334,17.541666666666668,0.7477192265795206
HHN-BIR-01,2024-06-09,Oncology Ward,12.666666666666666,17.791666666666668,0.7121289488017429
HHN-BIR-01,2024-06-10,Oncology Ward,12.083333333333334,17.958333333333332,0.6729302832244008
HHN-BIR-01,2024-06-11,Oncology Ward,16.75,17.791666666666668,0.9415509259259259
HHN-BIR-01,2024-06-12,Oncology Ward,17.708333333333332,17.916666666666668,0.9884259259259259
HHN-BIR-01,2024-06-13,Oncology Ward,17.166666666666668,17.958333333333332,0.9560185185185185
HHN-BIR-01,2024-06-14,Oncology Ward,16.416666666666668,18.0,0.9120370370370371
HHN-BIR-01,2024-06-15,Oncology Ward,16.5,17.916666666666668,0.9212962962962963
HHN-BIR-01,2024-06-16,Oncology Ward,13.333333333333334,17.958333333333332,0.7429193899782135
HHN-BIR-01,2024-06-17,Oncology Ward,7.291666666666667,17.916666666666668,0.40740740740740744
HHN-BIR-01,2024-06-18,Oncology Ward,7.375,17.833333333333332,0.4139433551198257
HHN-BIR-01,2024-06-19,Oncology Ward,9.5,17.875,0.5320329520697168
HHN-BIR-01,2024-06-20,Oncology Ward,8.5,17.916666666666668,0.47482638888888884
HHN-BIR-01,2024-06-21,Oncology Ward,8.041666666666666,17.958333333333332,0.4478485838779956
HHN-BIR-01,2024-06-22,Oncology Ward,7.458333333333333,17.875,0.41733047385620914
HHN-BIR-01,2024-06-23,Oncology Ward,7.25,18.0,0.40277777777777773
HHN-BIR-01,2024-06-24,Oncology Ward,5.916666666666667,17.916666666666668,0.33015046296296297
HHN-BIR-01,2024-06-25,Oncology Ward,7.458333333333333,18.0,0.41435185185185186
HHN-BIR-01,2024-06-26,Oncology Ward,8.708333333333334,18.0,0.4837962962962963
HHN-BIR-01,2024-06-27,Oncology Ward,10.541666666666666,18.0,0.5856481481481481
HHN-BIR-01,2024-06-28,Oncology Ward,13.833333333333334,17.958333333333332,0.7701525054466232
HHN-BIR-01,2024-06-29,Oncology Ward,15.083333333333334,17.833333333333332,0.8456733387799563
HHN-BIR-01,2024-06-30,Oncology Ward,16.541666666666668,17.875,0.9253812636165577
HHN-BIR-01,2024-07-01,Oncology Ward,16.333333333333332,17.958333333333332,0.909449891067538
HHN-BIR-01,2024-07-02,Oncology Ward,17.583333333333332,17.958333333333332,0.9791666666666666
HHN-BIR-01,2024-07-03,Oncology Ward,17.916666666666668,18.0,0.9953703703703703
HHN-BIR-01,2024-07-04,Oncology Ward,17.958333333333332,17.958333333333332,1.0
HHN-BIR-01,2024-07-05,Oncology Ward,18.0,18.0,1.0
HHN-BIR-01,2024-07-06,Oncology Ward,17.458333333333332,17.708333333333332,0.9861111111111112
HHN-BIR-01,2024-07-07,Oncology Ward,14.583333333333334,17.916666666666668,0.8145254629629629
HHN-BIR-01,2024-07-08,Oncology Ward,11.0,18.0,0.6111111111111112
HHN-BIR-01,2024-07-09,Oncology Ward,10.541666666666666,17.75,0.5950095315904139
HHN-BIR-01,2024-07-10,Oncology Ward,9.875,18.0,0.5486111111111112
HHN-BIR-01,2024-07-11,Oncology Ward,15.25,18.0,0.8472222222222222
HHN-BIR-01,2024-07-12,Oncology Ward,17.416666666666668,17.916666666666668,0.9722222222222222
HHN-BIR-01,2024-07-13,Oncology Ward,17.25,17.916666666666668,0.9629629629629629
HHN-BIR-01,2024-07-14,Oncology Ward,13.75,17.708333333333332,0.7776586328976035
HHN-BIR-01,2024-07-15,Oncology Ward,14.5,17.916666666666668,0.8096064814814814
HHN-BIR-01,2024-07-16,Oncology Ward,16.375,18.0,0.9097222222222222
HHN-BIR-01,2024-07-17,Oncology Ward,16.916666666666668,17.875,0.9467592592592592
HHN-BIR-01,2024-07-18,Oncology Ward,14.083333333333334,17.916666666666668,0.7862200435729848
HHN-BIR-01,2024-07-19,Oncology Ward,13.125,17.916666666666668,0.7326388888888888
HHN-BIR-01,2024-07-20,Oncology Ward,11.458333333333334,17.916666666666668,0.6397058823529412
HHN-BIR-01,2024-07-21,Oncology Ward,10.666666666666666,17.833333333333332,0.5984987745098039
HHN-BIR-01,2024-07-22,Oncology Ward,9.125,17.958333333333332,0.5081699346405228
HHN-BIR-01,2024-07-23,Oncology Ward,10.25,17.916666666666668,0.5723039215686275
HHN-BIR-01,2024-07-24,Oncology Ward,9.916666666666666,17.916666666666668,0.5538194444444445
HHN-BIR-01,2024-07-25,Oncology Ward,11.541666666666666,17.875,0.6457312091503268
HHN-BIR-01,2024-07-26,Oncology Ward,12.833333333333334,18.0,0.7129629629629629
HHN-BIR-01,2024-07-27,Oncology Ward,12.875,17.791666666666668,0.7244349128540305
HHN-BIR-01,2024-07-28,Oncology Ward,11.625,17.541666666666668,0.6643178104575164
HHN-BIR-01,2024-07-29,Oncology Ward,8.416666666666666,17.875,0.4709967320261437
HHN-BIR-01,2024-07-30,Oncology Ward,10.625,17.916666666666668,0.5925925925925927
HHN-BIR-01,2024-07-31,Oncology Ward,13.25,17.833333333333332,0.7436342592592592
HHN-BIR-01,2024-08-01,Oncology Ward,14.666666666666666,17.916666666666668,0.8191550925925926
HHN-BIR-01,2024-08-02,Oncology Ward,14.583333333333334,18.0,0.8101851851851851
HHN-BIR-01,2024-08-03,Oncology Ward,14.416666666666666,17.75,0.8129765795206971
HHN-BIR-01,2024-08-04,Oncology Ward,14.666666666666666,17.833333333333332,0.8234953703703703
HHN-BIR-01,2024-08-05,Oncology Ward,13.625,17.833333333333332,0.7644675925925926
HHN-BIR-01,2024-08-06,Oncology Ward,13.208333333333334,17.916666666666668,0.7375578703703703
HHN-BIR-01,2024-08-07,Oncology Ward,12.0,17.958333333333332,0.6683006535947712
HHN-BIR-01,2024-08-08,Oncology Ward,9.625,18.0,0.5347222222222222
HHN-BIR-01,2024-08-09,Oncology Ward,8.333333333333334,17.916666666666668,0.46527777777777773
HHN-BIR-01,2024-08-10,Oncology Ward,8.875,17.916666666666668,0.4953703703703704
HHN-BIR-01,2024-08-11,Oncology Ward,11.25,17.583333333333332,0.6394675925925927
HHN-BIR-01,2024-08-12,Oncology Ward,14.125,18.0,0.7847222222222222
HHN-BIR-01,2024-08-13,Oncology Ward,13.833333333333334,17.75,0.7795138888888888
HHN-BIR-01,2024-08-14,Oncology Ward,11.541666666666666,18.0,0.6412037037037037
HHN-BIR-01,2024-08-15,Oncology Ward,11.416666666666666,17.833333333333332,0.6409143518518519
HHN-BIR-01,2024-08-16,Oncology Ward,12.083333333333334,17.916666666666668,0.6747685185185185
HHN-BIR-01,2024-08-17,Oncology Ward,12.0,17.958333333333332,0.6683006535947712
HHN-BIR-01,2024-08-18,Oncology Ward,12.625,17.708333333333332,0.714154411764706
HHN-BIR-01,2024-08-19,Oncology Ward,12.541666666666666,18.0,0.6967592592592592
HHN-BIR-01,2024-08-20,Oncology Ward,10.875,17.958333333333332,0.6055283224400871
HHN-BIR-01,2024-08-21,Oncology Ward,10.166666666666666,17.916666666666668,0.5675381263616558
HHN-BIR-01,2024-08-22,Oncology Ward,8.875,17.833333333333332,0.498536220043573
HHN-BIR-01,2024-08-23,Oncology Ward,9.625,17.916666666666668,0.5373093681917211
HHN-BIR-01,2024-08-24,Oncology Ward,9.0,17.791666666666668,0.5068593409586056
HHN-BIR-01,2024-08-25,Oncology Ward,8.583333333333334,17.958333333333332,0.4782135076252723
HHN-BIR-01,2024-08-26,Oncology Ward,10.708333333333334,18.0,0.5949074074074074
HHN-BIR-01,2024-08-27,Oncology Ward,11.0,17.916666666666668,0.6142939814814815
HHN-BIR-01,2024-08-28,Oncology Ward,10.583333333333334,17.75,0.5975115740740741
HHN-BIR-01,2024-08-29,Oncology Ward,8.083333333333334,17.875,0.4527675653594771
HHN-BIR-01,2024-08-30,Oncology Ward,8.333333333333334,17.916666666666668,0.4649884259259259
HHN-BIR-01,2024-08-31,Oncology Ward,8.166666666666666,17.916666666666668,0.4557291666666667
HHN-BIR-01,2024-09-01,Oncology Ward,8.833333333333334,17.875,0.494281045751634
HHN-BIR-01,2024-09-02,Oncology Ward,8.833333333333334,18.0,0.49074074074074076
HHN-BIR-01,2024-09-03,Oncology Ward,12.083333333333334,17.833333333333332,0.6779173474945533
HHN-BIR-01,2024-09-04,Oncology Ward,13.375,18.0,0.7430555555555555
HHN-BIR-01,2024-09-05,Oncology Ward,13.208333333333334,17.958333333333332,0.7352941176470589
HHN-BIR-01,2024-09-06,Oncology Ward,14.541666666666666,18.0,0.8078703703703703
HHN-BIR-01,2024-09-07,Oncology Ward,12.166666666666666,17.833333333333332,0.6828363289760349
HHN-BIR-01,2024-09-08,Oncology Ward,11.0,17.833333333333332,0.617476851851852
HHN-BIR-01,2024-09-09,Oncology Ward,11.375,17.833333333333332,0.6379697712418301
HHN-BIR-01,2024-09-10,Oncology Ward,13.625,18.0,0.7569444444444445
HHN-BIR-01,2024-09-11,Oncology Ward,15.041666666666666,18.0,0.8356481481481483
HHN-BIR-01,2024-09-12,Oncology Ward,14.041666666666666,18.0,0.7800925925925926
HHN-BIR-01,2024-09-13,Oncology Ward,13.708333333333334,18.0,0.7615740740740741
HHN-BIR-01,2024-09-14,Oncology Ward,11.416666666666666,17.75,0.6452035675381264
HHN-BIR-01,2024-09-15,Oncology Ward,8.333333333333334,17.833333333333332,0.4681712962962963
HHN-BIR-01,2024-09-16,Oncology Ward,8.875,18.0,0.4930555555555556
HHN-BIR-01,2024-09-17,Oncology Ward,12.333333333333334,18.0,0.6851851851851851
HHN-BIR-01,2024-09-18,Oncology Ward,13.25,17.958333333333332,0.7377450980392157
HHN-BIR-01,2024-09-19,Oncology Ward,14.125,17.833333333333332,0.7931134259259259
HHN-BIR-01,2024-09-20,Oncology Ward,12.875,17.875,0.7209456699346405
HHN-BIR-01,2024-09-21,Oncology Ward,11.416666666666666,17.833333333333332,0.6408632897603486
HHN-BIR-01,2024-09-22,Oncology Ward,9.541666666666666,18.0,0.5300925925925927
HHN-BIR-01,2024-09-23,Oncology Ward,10.791666666666666,17.916666666666668,0.6030092592592593
HHN-BIR-01,2024-09-24,Oncology Ward,14.125,17.833333333333332,0.7928240740740741
HHN-BIR-01,2024-09-25,Oncology Ward,14.0,17.958333333333332,0.7799564270152506
HHN-BIR-01,2024-09-26,Oncology Ward,13.916666666666666,17.958333333333332,0.7746459694989106
HHN-BIR-01,2024-09-27,Oncology Ward,14.708333333333334,18.0,0.8171296296296297
HHN-BIR-01,2024-09-28,Oncology Ward,12.916666666666666,18.0,0.7175925925925926
HHN-BIR-01,2024-09-29,Oncology Ward,10.666666666666666,17.916666666666668,0.5954861111111112
HHN-BIR-01,2024-09-30,Oncology Ward,10.333333333333334,17.875,0.578482434640523
HHN-BIR-01,2024-10-01,Oncology Ward,10.0,18.0,0.5555555555555556
HHN-BIR-01,2024-10-02,Oncology Ward,10.041666666666666,17.833333333333332,0.5636574074074074
HHN-BIR-01,2024-10-03,Oncology Ward,10.166666666666666,17.916666666666668,0.5671296296296297
HHN-BIR-01,2024-10-04,Oncology Ward,13.458333333333334,17.958333333333332,0.7497276688453159
HHN-BIR-01,2024-10-05,Oncology Ward,15.875,17.833333333333332,0.890625
HHN-BIR-01,2024-10-06,Oncology Ward,16.541666666666668,17.958333333333332,0.9212962962962963
HHN-BIR-01,2024-10-07,Oncology Ward,16.166666666666668,17.875,0.9049564270152506
HHN-BIR-01,2024-10-08,Oncology Ward,14.75,17.916666666666668,0.8234953703703703
HHN-BIR-01,2024-10-09,Oncology Ward,14.125,17.958333333333332,0.7869008714596949
HHN-BIR-01,2024-10-10,Oncology Ward,16.75,17.833333333333332,0.9398148148148148
HHN-BIR-01,2024-10-11,Oncology Ward,15.0,17.875,0.8397160947712418
HHN-BIR-01,2024-10-12,Oncology Ward,15.25,17.875,0.8536049836601308
HHN-BIR-01,2024-10-13,Oncology Ward,12.166666666666666,17.916666666666668,0.6791087962962963
HHN-BIR-01,2024-10-14,Oncology Ward,12.583333333333334,17.916666666666668,0.7025462962962963
HHN-BIR-01,2024-10-15,Oncology Ward,13.583333333333334,17.875,0.7600081699346406
HHN-BIR-01,2024-10-16,Oncology Ward,9.541666666666666,17.833333333333332,0.5361689814814815
HHN-BIR-01,2024-10-17,Oncology Ward,13.583333333333334,18.0,0.7546296296296297
HHN-BIR-01,2024-10-18,Oncology Ward,15.916666666666666,17.916666666666668,0.8888888888888888
HHN-BIR-01,2024-10-19,Oncology Ward,16.083333333333332,18.0,0.8935185185185185
HHN-BIR-01,2024-10-20,Oncology Ward,15.75,17.958333333333332,0.8771786492374728
HHN-BIR-01,2024-10-21,Oncology Ward,15.333333333333334,17.916666666666668,0.8561921296296297
HHN-BIR-01,2024-10-22,Oncology Ward,14.666666666666666,17.916666666666668,0.818576388888889
HHN-BIR-01,2024-10-23,Oncology Ward,14.875,17.875,0.8320567810457516
HHN-BIR-01,2024-10-24,Oncology Ward,13.583333333333334,18.0,0.7546296296296297
HHN-BIR-01,2024-10-25,Oncology Ward,11.625,18.0,0.6458333333333334
HHN-BIR-01,2024-10-26,Oncology Ward,12.291666666666666,17.916666666666668,0.6858660130718954
HHN-BIR-01,2024-10-27,Oncology Ward,15.0,17.916666666666668,0.8372821350762528
HHN-BIR-01,2024-10-28,Oncology Ward,14.625,17.875,0.8188827614379085
HHN-BIR-01,2024-10-29,Oncology Ward,13.833333333333334,18.0,0.7685185185185185
HHN-BIR-01,2024-10-30,Oncology Ward,16.083333333333332,18.0,0.8935185185185185
HHN-BIR-01,2024-10-31,Oncology Ward,15.083333333333334,17.958333333333332,0.8402777777777778
HHN-BIR-01,2024-11-01,Oncology Ward,13.875,17.833333333333332,0.7792245370370371
HHN-BIR-01,2024-11-02,Oncology Ward,14.416666666666666,17.833333333333332,0.8088065087145969
HHN-BIR-01,2024-11-03,Oncology Ward,15.875,17.791666666666668,0.8933823529411765
HHN-BIR-01,2024-11-04,Oncology Ward,14.875,18.0,0.826388888888889
HHN-BIR-01,2024-11-05,Oncology Ward,15.833333333333334,18.0,0.8796296296296297
HHN-BIR-01,2024-11-06,Oncology Ward,17.791666666666668,17.875,0.9953703703703703
HHN-BIR-01,2024-11-07,Oncology Ward,17.916666666666668,17.916666666666668,1.0
HHN-BIR-01,2024-11-08,Oncology Ward,14.625,17.958333333333332,0.8148148148148149
HHN-BIR-01,2024-11-09,Oncology Ward,13.25,17.916666666666668,0.7398726851851851
HHN-BIR-01,2024-11-10,Oncology Ward,11.916666666666666,17.916666666666668,0.6651688453159041
HHN-BIR-01,2024-11-11,Oncology Ward,14.458333333333334,18.0,0.8032407407407408
HHN-BIR-01,2024-11-12,Oncology Ward,17.583333333333332,17.833333333333332,0.9861111111111112
HHN-BIR-01,2024-11-13,Oncology Ward,18.0,18.0,1.0
HHN-BIR-01,2024-11-14,Oncology Ward,18.0,18.0,1.0
HHN-BIR-01,2024-11-15,Oncology Ward,18.0,18.0,1.0
HHN-BIR-01,2024-11-16,Oncology Ward,17.791666666666668,17.833333333333332,0.9976851851851851
HHN-BIR-01,2024-11-17,Oncology Ward,15.416666666666666,17.875,0.8630174291938998
HHN-BIR-01,2024-11-18,Oncology Ward,12.125,17.75,0.6837384259259259
HHN-BIR-01,2024-11-19,Oncology Ward,11.541666666666666,17.916666666666668,0.6443355119825708
HHN-BIR-01,2024-11-20,Oncology Ward,15.083333333333334,17.958333333333332,0.8401416122004357
HHN-BIR-01,2024-11-21,Oncology Ward,17.833333333333332,17.875,0.9976851851851851
HHN-BIR-01,2024-11-22,Oncology Ward,16.958333333333332,17.958333333333332,0.9441721132897604
HHN-BIR-01,2024-11-23,Oncology Ward,11.25,17.666666666666668,0.6373059640522877
HHN-BIR-01,2024-11-24,Oncology Ward,10.291666666666666,17.916666666666668,0.5746527777777778
HHN-BIR-01,2024-11-25,Oncology Ward,13.625,17.875,0.7621868191721134
HHN-BIR-01,2024-11-26,Oncology Ward,13.375,17.916666666666668,0.7468171296296297
HHN-BIR-01,2024-11-27,Oncology Ward,11.875,17.875,0.6649816176470588
HHN-BIR-01,2024-11-28,Oncology Ward,11.791666666666666,17.916666666666668,0.6583605664488017
HHN-BIR-01,2024-11-29,Oncology Ward,11.041666666666666,17.833333333333332,0.6197916666666666
HHN-BIR-01,2024-11-30,Oncology Ward,11.708333333333334,17.916666666666668,0.6536458333333334
HHN-BIR-01,2024-12-01,Oncology Ward,10.5,17.833333333333332,0.5892395152505446
HHN-BIR-01,2024-12-02,Oncology Ward,15.0,17.833333333333332,0.8423032407407408
HHN-BIR-01,2024-12-03,Oncology Ward,17.666666666666668,17.791666666666668,0.9930555555555555
HHN-BIR-01,2024-12-04,Oncology Ward,17.5,17.666666666666668,0.9907407407407408
HHN-BIR-01,2024-12-05,Oncology Ward,17.958333333333332,17.958333333333332,1.0
HHN-BIR-01,2024-12-06,Oncology Ward,17.541666666666668,17.833333333333332,0.9837962962962963
HHN-BIR-01,2024-12-07,Oncology Ward,17.791666666666668,17.791666666666668,1.0
HHN-BIR-01,2024-12-08,Oncology Ward,17.25,17.75,0.9720860566448802
HHN-BIR-01,2024-12-09,Oncology Ward,15.5,17.875,0.8679193899782135
HHN-BIR-01,2024-12-10,Oncology Ward,14.958333333333334,18.0,0.8310185185185186
HHN-BIR-01,2024-12-11,Oncology Ward,14.333333333333334,18.0,0.7962962962962963
HHN-BIR-01,2024-12-12,Oncology Ward,14.458333333333334,17.833333333333332,0.8110532407407408
HHN-BIR-01,2024-12-13,Oncology Ward,16.375,17.833333333333332,0.9189814814814814
HHN-BIR-01,2024-12-14,Oncology Ward,15.875,17.75,0.8952886710239651
HHN-BIR-01,2024-12-15,Oncology Ward,15.0,17.875,0.8397160947712418
HHN-BIR-01,2024-12-16,Oncology Ward,17.0,17.875,0.9512527233115469
HHN-BIR-01,2024-12-17,Oncology Ward,17.25,17.833333333333332,0.9675925925925926
HHN-BIR-01,2024-12-18,Oncology Ward,17.791666666666668,17.791666666666668,1.0
HHN-BIR-01,2024-12-19,Oncology Ward,17.416666666666668,17.583333333333332,0.9907407407407408
HHN-BIR-01,2024-12-20,Oncology Ward,16.583333333333332,17.916666666666668,0.9257897603485837
HHN-BIR-01,2024-12-21,Oncology Ward,14.416666666666666,18.0,0.8009259259259259
HHN-BIR-01,2024-12-22,Oncology Ward,9.708333333333334,17.791666666666668,0.5459048202614379
HHN-BIR-01,2024-12-23,Oncology Ward,9.0,17.75,0.5076593137254902
HHN-BIR-01,2024-12-24,Oncology Ward,10.208333333333334,17.958333333333332,0.5686274509803922
HHN-BIR-01,2024-12-25,Oncology Ward,9.166666666666666,17.916666666666668,0.5118464052287582
HHN-BIR-01,2024-12-26,Oncology Ward,9.375,17.75,0.5292245370370371
HHN-BIR-01,2024-12-27,Oncology Ward,9.083333333333334,17.375,0.5233523965141612
HHN-BIR-01,2024-12-28,Oncology Ward,11.625,17.708333333333332,0.6574584694989106
HHN-BIR-01,2024-12-29,Oncology Ward,13.958333333333334,17.833333333333332,0.7835648148148149
HHN-BIR-01,2024-12-30,Oncology Ward,12.541666666666666,17.833333333333332,0.7042824074074074
HHN-BIR-01,2024-12-31,Oncology Ward,14.083333333333334,17.833333333333332,0.7905092592592592
HHN-BIR-01,2025-01-01,Oncology Ward,11.75,17.666666666666668,0.6660198801742919
HHN-BIR-01,2025-01-02,Oncology Ward,13.375,17.833333333333332,0.7494212962962963
HHN-BIR-01,2025-01-03,Oncology Ward,15.875,17.708333333333332,0.8975694444444445
HHN-BIR-01,2025-01-04,Oncology Ward,14.875,17.75,0.8391203703703703
HHN-BIR-01,2025-01-05,Oncology Ward,15.333333333333334,17.75,0.8644982298474946
HHN-BIR-01,2025-01-06,Oncology Ward,17.875,17.875,1.0
HHN-BIR-01,2025-01-07,Oncology Ward,17.916666666666668,17.916666666666668,1.0
HHN-BIR-01,2025-01-08,Oncology Ward,17.791666666666668,17.833333333333332,0.9976851851851851
HHN-BIR-01,2025-01-09,Oncology Ward,17.375,17.875,0.9720860566448802
HHN-BIR-01,2025-01-10,Oncology Ward,16.083333333333332,17.875,0.9004629629629629
HHN-BIR-01,2025-01-11,Oncology Ward,13.25,17.833333333333332,0.7436683006535948
HHN-BIR-01,2025-01-12,Oncology Ward,13.791666666666666,17.875,0.7721609477124183
HHN-BIR-01,2025-01-13,Oncology Ward,13.291666666666666,17.708333333333332,0.7522126906318083
HHN-BIR-01,2025-01-14,Oncology Ward,16.125,17.75,0.909449891067538
HHN-BIR-01,2025-01-15,Oncology Ward,17.833333333333332,17.833333333333332,1.0
HHN-BIR-01,2025-01-16,Oncology Ward,17.916666666666668,17.916666666666668,1.0
HHN-BIR-01,2025-01-17,Oncology Ward,17.875,17.875,1.0
HHN-BIR-01,2025-01-18,Oncology Ward,17.833333333333332,17.833333333333332,1.0
HHN-BIR-01,2025-01-19,Oncology Ward,17.916666666666668,17.916666666666668,1.0
HHN-BIR-01,2025-01-20,Oncology Ward,17.875,17.875,1.0
HHN-BIR-01,2025-01-21,Oncology Ward,17.75,18.0,0.9861111111111112
HHN-BIR-01,2025-01-22,Oncology Ward,17.208333333333332,17.791666666666668,0.9674564270152506
HHN-BIR-01,2025-01-23,Oncology Ward,17.791666666666668,17.833333333333332,0.9976851851851851
HHN-BIR-01,2025-01-24,Oncology Ward,17.583333333333332,17.833333333333332,0.9861111111111112
HHN-BIR-01,2025-01-25,Oncology Ward,17.875,17.875,1.0
HHN-BIR-01,2025-01-26,Oncology Ward,17.958333333333332,17.958333333333332,1.0
HHN-BIR-01,2025-01-27,Oncology Ward,17.875,17.875,1.0
HHN-BIR-01,2025-01-28,Oncology Ward,17.75,17.75,1.0
HHN-BIR-01,2025-01-29,Oncology Ward,17.208333333333332,17.791666666666668,0.9674564270152506
HHN-BIR-01,2025-01-30,Oncology Ward,15.75,17.75,0.8885995370370371
HHN-BIR-01,2025-01-31,Oncology Ward,17.208333333333332,17.916666666666668,0.960648148148148
HHN-BIR-01,2025-02-01,Oncology Ward,16.916666666666668,17.833333333333332,0.9490740740740741
HHN-BIR-01,2025-02-02,Oncology Ward,14.666666666666666,18.0,0.8148148148148149
HHN-BIR-01,2025-02-03,Oncology Ward,13.625,18.0,0.7569444444444445
HHN-BIR-01,2025-02-04,Oncology Ward,12.333333333333334,17.875,0.690427559912854
HHN-BIR-01,2025-02-05,Oncology Ward,14.833333333333334,17.833333333333332,0.8327546296296297
HHN-BIR-01,2025-02-06,Oncology Ward,12.916666666666666,17.791666666666668,0.7266135620915032
HHN-BIR-01,2025-02-07,Oncology Ward,10.375,17.833333333333332,0.5821759259259259
HHN-BIR-01,2025-02-08,Oncology Ward,9.75,17.833333333333332,0.5469941448801743
HHN-BIR-01,2025-02-09,Oncology Ward,12.166666666666666,17.875,0.6814576525054465
HHN-BIR-01,2025-02-10,Oncology Ward,12.875,17.916666666666668,0.7193287037037037
HHN-BIR-01,2025-02-11,Oncology Ward,16.458333333333332,17.791666666666668,0.92536424291939
HHN-BIR-01,2025-02-12,Oncology Ward,17.375,17.791666666666668,0.9768518518518517
HHN-BIR-01,2025-02-13,Oncology Ward,17.125,17.833333333333332,0.960511982570806
HHN-BIR-01,2025-02-14,Oncology Ward,17.916666666666668,17.916666666666668,1.0
HHN-BIR-01,2025-02-15,Oncology Ward,17.875,17.875,1.0
HHN-BIR-01,2025-02-16,Oncology Ward,17.083333333333332,17.833333333333332,0.9583333333333334
HHN-BIR-01,2025-02-17,Oncology Ward,14.875,17.833333333333332,0.8345247821350763
HHN-BIR-01,2025-02-18,Oncology Ward,17.875,17.916666666666668,0.9976851851851851
HHN-BIR-01,2025-02-19,Oncology Ward,17.625,17.625,1.0
HHN-BIR-01,2025-02-20,Oncology Ward,17.708333333333332,17.875,0.9907407407407408
HHN-BIR-01,2025-02-21,Oncology Ward,17.666666666666668,17.958333333333332,0.9837962962962963
HHN-BIR-01,2025-02-22,Oncology Ward,16.875,17.708333333333332,0.9535675381263616
HHN-BIR-01,2025-02-23,Oncology Ward,13.083333333333334,17.75,0.7383238017429194
HHN-BIR-01,2025-02-24,Oncology Ward,16.791666666666668,17.916666666666668,0.9369553376906318
HHN-BIR-01,2025-02-25,Oncology Ward,18.0,18.0,1.0
HHN-BIR-01,2025-02-26,Oncology Ward,17.833333333333332,17.833333333333332,1.0
HHN-BIR-01,2025-02-27,Oncology Ward,17.833333333333332,17.833333333333332,1.0
HHN-BIR-01,2025-02-28,Oncology Ward,17.791666666666668,17.791666666666668,1.0
HHN-BIR-01,2025-03-01,Oncology Ward,17.875,17.875,1.0
HHN-BIR-01,2025-03-02,Oncology Ward,17.75,17.916666666666668,0.9907407407407408
HHN-BIR-01,2025-03-03,Oncology Ward,17.5,18.0,0.9722222222222222
HHN-BIR-01,2025-03-04,Oncology Ward,17.958333333333332,17.958333333333332,1.0
HHN-BIR-01,2025-03-05,Oncology Ward,17.5,17.958333333333332,0.9745370370370371
HHN-BIR-01,2025-03-06,Oncology Ward,16.333333333333332,17.916666666666668,0.9120370370370371
HHN-BIR-01,2025-03-07,Oncology Ward,17.583333333333332,17.916666666666668,0.9814814814814815
HHN-BIR-01,2025-03-08,Oncology Ward,16.833333333333332,17.75,0.9490740740740741
HHN-BIR-01,2025-03-09,Oncology Ward,15.625,17.708333333333332,0.8839869281045751
HHN-BIR-01,2025-03-10,Oncology Ward,12.375,17.958333333333332,0.6892701525054465
HHN-BIR-01,2025-03-11,Oncology Ward,12.125,17.875,0.6787173202614379
HHN-BIR-01,2025-03-12,Oncology Ward,11.75,17.833333333333332,0.6597222222222222
HHN-BIR-01,2025-03-13,Oncology Ward,12.791666666666666,17.958333333333332,0.7124183006535948
HHN-BIR-01,2025-03-14,Oncology Ward,14.958333333333334,17.833333333333332,0.8393075980392157
HHN-BIR-01,2025-03-15,Oncology Ward,14.916666666666666,17.958333333333332,0.8307461873638345
HHN-BIR-01,2025-03-16,Oncology Ward,12.25,17.875,0.6856447440087146
HHN-BIR-01,2025-03-17,Oncology Ward,10.333333333333334,18.0,0.5740740740740741
HHN-BIR-01,2025-03-18,Oncology Ward,10.333333333333334,17.875,0.5781760620915033
HHN-BIR-01,2025-03-19,Oncology Ward,12.125,17.875,0.6785811546840957
HHN-BIR-01,2025-03-20,Oncology Ward,16.291666666666668,18.0,0.9050925925925926
HHN-BIR-01,2025-03-21,Oncology Ward,18.0,18.0,1.0
HHN-BIR-01,2025-03-22,Oncology Ward,16.416666666666668,17.833333333333332,0.9212962962962963
HHN-BIR-01,2025-03-23,Oncology Ward,15.458333333333334,17.791666666666668,0.8695193355119826
HHN-BIR-01,2025-03-24,Oncology Ward,13.75,17.916666666666668,0.7682291666666666
HHN-BIR-01,2025-03-25,Oncology Ward,14.333333333333334,17.833333333333332,0.8046875
HHN-BIR-01,2025-03-26,Oncology Ward,15.125,18.0,0.8402777777777778
HHN-BIR-01,2025-03-27,Oncology Ward,17.791666666666668,17.833333333333332,0.9976851851851851
HHN-BIR-01,2025-03-28,Oncology Ward,17.875,17.958333333333332,0.9953703703703703
HHN-BIR-01,2025-03-29,Oncology Ward,17.666666666666668,17.833333333333332,0.9907407407407408
HHN-BIR-01,2025-03-30,Oncology Ward,17.875,17.875,1.0
HHN-BIR-01,2025-03-31,Oncology Ward,17.833333333333332,17.833333333333332,1.0
HHN-BIR-01,2025-04-01,Oncology Ward,18.0,18.0,1.0
HHN-BIR-01,2025-04-02,Oncology Ward,17.875,17.875,1.0
HHN-BIR-01,2025-04-03,Oncology Ward,17.958333333333332,17.958333333333332,1.0
HHN-BIR-01,2025-04-04,Oncology Ward,17.958333333333332,17.958333333333332,1.0
HHN-BIR-01,2025-04-05,Oncology Ward,17.791666666666668,17.791666666666668,1.0
HHN-BIR-01,2025-04-06,Oncology Ward,17.333333333333332,17.916666666666668,0.9675925925925926
HHN-BIR-01,2025-04-07,Oncology Ward,16.625,18.0,0.923611111111111
HHN-BIR-01,2025-04-08,Oncology Ward,13.916666666666666,17.833333333333332,0.7815393518518517
HHN-BIR-01,2025-04-09,Oncology Ward,11.583333333333334,17.916666666666668,0.646701388888889
HHN-BIR-01,2025-04-10,Oncology Ward,12.208333333333334,17.791666666666668,0.6869553376906318
HHN-BIR-01,2025-04-11,Oncology Ward,14.25,17.875,0.7972494553376906
HHN-BIR-01,2025-04-12,Oncology Ward,14.625,17.916666666666668,0.8168402777777778
HHN-BIR-01,2025-04-13,Oncology Ward,14.541666666666666,18.0,0.8078703703703703
HHN-BIR-01,2025-04-14,Oncology Ward,17.5,18.0,0.9722222222222222
HHN-BIR-01,2025-04-15,Oncology Ward,17.791666666666668,17.791666666666668,1.0
HHN-BIR-01,2025-04-16,Oncology Ward,17.958333333333332,17.958333333333332,1.0
HHN-BIR-01,2025-04-17,Oncology Ward,17.083333333333332,17.875,0.9560185185185185
HHN-BIR-01,2025-04-18,Oncology Ward,16.75,18.0,0.9305555555555555
HHN-BIR-01,2025-04-19,Oncology Ward,15.041666666666666,17.875,0.8423202614379085
HHN-BIR-01,2025-04-20,Oncology Ward,15.75,18.0,0.875
HHN-BIR-01,2025-04-21,Oncology Ward,15.75,17.916666666666668,0.8790849673202614
HHN-BIR-01,2025-04-22,Oncology Ward,17.875,17.875,1.0
HHN-BIR-01,2025-04-23,Oncology Ward,17.916666666666668,17.916666666666668,1.0
HHN-BIR-01,2025-04-24,Oncology Ward,17.916666666666668,17.916666666666668,1.0
HHN-BIR-01,2025-04-25,Oncology Ward,18.0,18.0,1.0
HHN-BIR-01,2025-04-26,Oncology Ward,17.916666666666668,17.916666666666668,1.0
HHN-BIR-01,2025-04-27,Oncology Ward,17.583333333333332,17.583333333333332,1.0
HHN-BIR-01,2025-04-28,Oncology Ward,17.875,17.875,1.0
HHN-BIR-01,2025-04-29,Oncology Ward,17.875,17.875,1.0
HHN-BIR-01,2025-04-30,Oncology Ward,17.958333333333332,17.958333333333332,1.0
HHN-BIR-01,2025-05-01,Oncology Ward,17.916666666666668,17.916666666666668,1.0
HHN-BIR-01,2025-05-02,Oncology Ward,17.833333333333332,17.833333333333332,1.0
HHN-BIR-01,2025-05-03,Oncology Ward,17.75,17.75,1.0
HHN-BIR-01,2025-05-04,Oncology Ward,17.916666666666668,17.916666666666668,1.0
HHN-BIR-01,2025-05-05,Oncology Ward,17.916666666666668,17.916666666666668,1.0
HHN-BIR-01,2025-05-06,Oncology Ward,17.875,17.875,1.0
HHN-BIR-01,2025-05-07,Oncology Ward,18.0,18.0,1.0
HHN-BIR-01,2025-05-08,Oncology Ward,17.833333333333332,17.833333333333332,1.0
HHN-BIR-01,2025-05-09,Oncology Ward,18.0,18.0,1.0
HHN-BIR-01,2025-05-10,Oncology Ward,17.25,17.958333333333332,0.960648148148148
HHN-BIR-01,2025-05-11,Oncology Ward,14.583333333333334,17.708333333333332,0.8243123638344226
HHN-BIR-01,2025-05-12,Oncology Ward,12.708333333333334,17.875,0.7115672657952069
HHN-BIR-01,2025-05-13,Oncology Ward,13.666666666666666,17.916666666666668,0.7630208333333334
HHN-BIR-01,2025-05-14,Oncology Ward,12.916666666666666,17.916666666666668,0.7213541666666666
HHN-BIR-01,2025-05-15,Oncology Ward,12.166666666666666,18.0,0.6759259259259259
HHN-BIR-01,2025-05-16,Oncology Ward,14.833333333333334,18.0,0.8240740740740741
HHN-BIR-01,2025-05-17,Oncology Ward,14.25,17.833333333333332,0.7997685185185185
HHN-BIR-01,2025-05-18,Oncology Ward,10.75,17.666666666666668,0.6094771241830066
HHN-BIR-01,2025-05-19,Oncology Ward,8.541666666666666,17.958333333333332,0.47576252723311546
HHN-BIR-01,2025-05-20,Oncology Ward,8.833333333333334,18.0,0.49074074074074076
HHN-BIR-01,2025-05-21,Oncology Ward,8.916666666666666,18.0,0.4953703703703704
HHN-BIR-01,2025-05-22,Oncology Ward,9.75,18.0,0.5416666666666666
HHN-BIR-01,2025-05-23,Oncology Ward,9.708333333333334,18.0,0.5393518518518519
HHN-BIR-01,2025-05-24,Oncology Ward,11.958333333333334,17.958333333333332,0.6658496732026143
HHN-BIR-01,2025-05-25,Oncology Ward,9.375,17.833333333333332,0.525871459694989
HHN-BIR-01,2025-05-26,Oncology Ward,8.541666666666666,18.0,0.47453703703703703
HHN-BIR-01,2025-05-27,Oncology Ward,9.291666666666666,17.875,0.5200333605664488
HHN-BIR-01,2025-05-28,Oncology Ward,12.333333333333334,18.0,0.6851851851851851
HHN-BIR-01,2025-05-29,Oncology Ward,9.666666666666666,18.0,0.5370370370370371
HHN-BIR-01,2025-05-30,Oncology Ward,8.583333333333334,18.0,0.47685185185185186
HHN-BIR-01,2025-05-31,Oncology Ward,9.208333333333334,17.916666666666668,0.5144675925925926
HHN-BIR-01,2025-06-01,Oncology Ward,8.666666666666666,17.833333333333332,0.4866898148148148
HHN-BIR-01,2025-06-02,Oncology Ward,12.083333333333334,18.0,0.6712962962962963
HHN-BIR-01,2025-06-03,Oncology Ward,16.791666666666668,17.958333333333332,0.9350490196078431
HHN-BIR-01,2025-06-04,Oncology Ward,14.666666666666666,18.0,0.8148148148148149
HHN-BIR-01,2025-06-05,Oncology Ward,13.875,18.0,0.7708333333333334
HHN-BIR-01,2025-06-06,Oncology Ward,12.208333333333334,18.0,0.6782407407407408
HHN-BIR-01,2025-06-07,Oncology Ward,8.333333333333334,18.0,0.46296296296296297
HHN-BIR-01,2025-06-08,Oncology Ward,5.833333333333333,17.958333333333332,0.32489106753812635
HHN-BIR-01,2025-06-09,Oncology Ward,6.916666666666667,17.916666666666668,0.3859953703703704
HHN-BIR-01,2025-06-10,Oncology Ward,6.833333333333333,18.0,0.3796296296296296
HHN-BIR-01,2025-06-11,Oncology Ward,9.125,17.916666666666668,0.5089699074074074
HHN-BIR-01,2025-06-12,Oncology Ward,10.416666666666666,18.0,0.5787037037037037
HHN-BIR-01,2025-06-13,Oncology Ward,11.375,17.916666666666668,0.6348379629629629
HHN-BIR-01,2025-06-14,Oncology Ward,11.458333333333334,17.833333333333332,0.6435185185185185
HHN-BIR-01,2025-06-15,Oncology Ward,8.708333333333334,17.958333333333332,0.4850217864923747
HHN-BIR-01,2025-06-16,Oncology Ward,9.625,17.916666666666668,0.537326388888889
HHN-BIR-01,2025-06-17,Oncology Ward,8.0,17.875,0.4480017701525054
HHN-BIR-01,2025-06-18,Oncology Ward,11.041666666666666,17.833333333333332,0.6203703703703703
HHN-BIR-01,2025-06-19,Oncology Ward,13.916666666666666,17.75,0.7849094498910675
HHN-BIR-01,2025-06-20,Oncology Ward,10.75,17.833333333333332,0.6032986111111112
HHN-BIR-01,2025-06-21,Oncology Ward,11.333333333333334,17.833333333333332,0.6362847222222222
HHN-BIR-01,2025-06-22,Oncology Ward,11.208333333333334,17.916666666666668,0.6261574074074074
HHN-BIR-01,2025-06-23,Oncology Ward,13.875,18.0,0.7708333333333334
HHN-BIR-01,2025-06-24,Oncology Ward,15.916666666666666,17.833333333333332,0.8920717592592592
HHN-BIR-01,2025-06-25,Oncology Ward,17.583333333333332,17.791666666666668,0.9884259259259259
HHN-BIR-01,2025-06-26,Oncology Ward,18.0,18.0,1.0
HHN-BIR-01,2025-06-27,Oncology Ward,17.125,17.833333333333332,0.9606481481481483
HHN-BIR-01,2025-06-28,Oncology Ward,17.958333333333332,17.958333333333332,1.0
HHN-BIR-01,2025-06-29,Oncology Ward,17.75,17.75,1.0
HHN-BIR-01,2025-06-30,Oncology Ward,17.583333333333332,17.958333333333332,0.9791666666666666
HHN-BIR-01,2025-07-01,Oncology Ward,17.875,17.875,1.0
HHN-BIR-01,2025-07-02,Oncology Ward,17.25,18.0,0.9583333333333334
HHN-BIR-01,2025-07-03,Oncology Ward,17.666666666666668,17.875,0.9884259259259259
HHN-BIR-01,2025-07-04,Oncology Ward,16.25,17.625,0.9225217864923748
HHN-BIR-01,2025-07-05,Oncology Ward,13.75,18.0,0.7638888888888888
HHN-BIR-01,2025-07-06,Oncology Ward,16.25,17.666666666666668,0.9201729302832243
HHN-BIR-01,2025-07-07,Oncology Ward,18.0,18.0,1.0
HHN-BIR-01,2025-07-08,Oncology Ward,17.875,17.875,1.0
HHN-BIR-01,2025-07-09,Oncology Ward,18.0,18.0,1.0
HHN-BIR-01,2025-07-10,Oncology Ward,17.916666666666668,17.916666666666668,1.0
HHN-BIR-01,2025-07-11,Oncology Ward,17.833333333333332,17.833333333333332,1.0
HHN-BIR-01,2025-07-12,Oncology Ward,17.75,17.75,1.0
HHN-BIR-01,2025-07-13,Oncology Ward,17.916666666666668,17.916666666666668,1.0
HHN-BIR-01,2025-07-14,Oncology Ward,17.958333333333332,17.958333333333332,1.0
HHN-BIR-01,2025-07-15,Oncology Ward,17.833333333333332,17.833333333333332,1.0
HHN-BIR-01,2025-07-16,Oncology Ward,17.958333333333332,17.958333333333332,1.0
HHN-BIR-01,2025-07-17,Oncology Ward,17.833333333333332,17.958333333333332,0.9930555555555555
HHN-BIR-01,2025-07-18,Oncology Ward,17.708333333333332,17.958333333333332,0.9861111111111112
HHN-BIR-01,2025-07-19,Oncology Ward,15.625,17.75,0.8811104302832243
HHN-BIR-01,2025-07-20,Oncology Ward,13.083333333333334,18.0,0.7268518518518517
HHN-BIR-01,2025-07-21,Oncology Ward,13.083333333333334,17.833333333333332,0.734375
HHN-BIR-01,2025-07-22,Oncology Ward,12.666666666666666,18.0,0.7037037037037037
HHN-BIR-01,2025-07-23,Oncology Ward,10.75,17.833333333333332,0.6032986111111112
HHN-BIR-01,2025-07-24,Oncology Ward,10.583333333333334,18.0,0.587962962962963
HHN-BIR-01,2025-07-25,Oncology Ward,12.166666666666666,18.0,0.6759259259259259
HHN-BIR-01,2025-07-26,Oncology Ward,12.5,17.833333333333332,0.7013888888888888
HHN-BIR-01,2025-07-27,Oncology Ward,11.916666666666666,17.916666666666668,0.6655773420479303
HHN-BIR-01,2025-07-28,Oncology Ward,14.041666666666666,18.0,0.7800925925925926
HHN-BIR-01,2025-07-29,Oncology Ward,14.583333333333334,17.916666666666668,0.8139467592592592
HHN-BIR-01,2025-07-30,Oncology Ward,13.75,18.0,0.7638888888888888
HHN-BIR-01,2025-07-31,Oncology Ward,16.291666666666668,17.833333333333332,0.9143518518518517
HHN-BIR-01,2025-08-01,Oncology Ward,16.0,17.916666666666668,0.8932461873638343
HHN-BIR-01,2025-08-02,Oncology Ward,15.791666666666666,17.958333333333332,0.8794934640522875
HHN-BIR-01,2025-08-03,Oncology Ward,15.541666666666666,17.708333333333332,0.8787785947712418
HHN-BIR-01,2025-08-04,Oncology Ward,14.791666666666666,18.0,0.8217592592592592
HHN-BIR-01,2025-08-05,Oncology Ward,13.75,17.958333333333332,0.7657952069716775
HHN-BIR-01,2025-08-06,Oncology Ward,11.458333333333334,18.0,0.6365740740740741
HHN-BIR-01,2025-08-07,Oncology Ward,8.416666666666666,17.791666666666668,0.4727328431372549
HHN-BIR-01,2025-08-08,Oncology Ward,7.666666666666667,17.875,0.42890454793028326
HHN-BIR-01,2025-08-09,Oncology Ward,8.708333333333334,17.75,0.49103009259259256
HHN-BIR-01,2025-08-10,Oncology Ward,9.458333333333334,18.0,0.5254629629629629
HHN-BIR-01,2025-08-11,Oncology Ward,10.291666666666666,18.0,0.5717592592592593
HHN-BIR-01,2025-08-12,Oncology Ward,11.375,18.0,0.6319444444444445
HHN-BIR-01,2025-08-13,Oncology Ward,13.0,18.0,0.7222222222222222
HHN-BIR-01,2025-08-14,Oncology Ward,12.0,18.0,0.6666666666666666
HHN-BIR-01,2025-08-15,Oncology Ward,13.083333333333334,17.875,0.7328090958605665
HHN-BIR-01,2025-08-16,Oncology Ward,13.166666666666666,17.875,0.7365876906318083
HHN-BIR-01,2025-08-17,Oncology Ward,10.833333333333334,17.791666666666668,0.6104302832244008
HHN-BIR-01,2025-08-18,Oncology Ward,9.458333333333334,17.833333333333332,0.5300925925925927
HHN-BIR-01,2025-08-19,Oncology Ward,8.625,17.791666666666668,0.4854473039215686
HHN-BIR-01,2025-08-20,Oncology Ward,10.208333333333334,17.916666666666668,0.5699891067538126
HHN-BIR-01,2025-08-21,Oncology Ward,11.541666666666666,17.75,0.6509906045751633
HHN-BIR-01,2025-08-22,Oncology Ward,11.5,17.958333333333332,0.6403867102396514
HHN-BIR-01,2025-08-23,Oncology Ward,10.833333333333334,17.875,0.6063793572984749
HHN-BIR-01,2025-08-24,Oncology Ward,10.75,17.833333333333332,0.603587962962963
HHN-BIR-01,2025-08-25,Oncology Ward,9.791666666666666,17.916666666666668,0.546875
HHN-BIR-01,2025-08-26,Oncology Ward,9.208333333333334,17.916666666666668,0.513888888888889
HHN-BIR-01,2025-08-27,Oncology Ward,12.291666666666666,17.916666666666668,0.6869212962962963
HHN-BIR-01,2025-08-28,Oncology Ward,14.958333333333334,17.875,0.8372651143790849
HHN-BIR-01,2025-08-29,Oncology Ward,12.291666666666666,18.0,0.6828703703703703
HHN-BIR-01,2025-08-30,Oncology Ward,11.5,17.666666666666668,0.6519607843137255
HHN-BIR-01,2025-08-31,Oncology Ward,10.208333333333334,17.958333333333332,0.5686274509803922
HHN-BIR-01,2025-09-01,Oncology Ward,10.833333333333334,17.916666666666668,0.6050347222222222
HHN-BIR-01,2025-09-02,Oncology Ward,13.333333333333334,17.875,0.7464256535947712
HHN-BIR-01,2025-09-03,Oncology Ward,14.125,17.833333333333332,0.7925857843137255
HHN-BIR-01,2025-09-04,Oncology Ward,15.541666666666666,17.958333333333332,0.8656045751633986
HHN-BIR-01,2025-09-05,Oncology Ward,14.708333333333334,18.0,0.8171296296296297
HHN-BIR-01,2025-09-06,Oncology Ward,13.125,17.958333333333332,0.7312091503267973
HHN-BIR-01,2025-09-07,Oncology Ward,11.958333333333334,17.75,0.6738494008714597
HHN-BIR-01,2025-09-08,Oncology Ward,11.416666666666666,17.875,0.6389399509803922
HHN-BIR-01,2025-09-09,Oncology Ward,11.708333333333334,17.958333333333332,0.6520969498910675
HHN-BIR-01,2025-09-10,Oncology Ward,12.041666666666666,17.875,0.6740876906318083
HHN-BIR-01,2025-09-11,Oncology Ward,14.333333333333334,17.916666666666668,0.8006365740740741
HHN-BIR-01,2025-09-12,Oncology Ward,16.833333333333332,18.0,0.9351851851851851
HHN-BIR-01,2025-09-13,Oncology Ward,14.791666666666666,17.958333333333332,0.8240740740740741
HHN-BIR-01,2025-09-14,Oncology Ward,14.791666666666666,17.958333333333332,0.8236655773420479
HHN-BIR-01,2025-09-15,Oncology Ward,16.958333333333332,18.0,0.9421296296296297
HHN-BIR-01,2025-09-16,Oncology Ward,17.541666666666668,17.958333333333332,0.9768518518518517
HHN-BIR-01,2025-09-17,Oncology Ward,15.25,18.0,0.8472222222222222
HHN-BIR-01,2025-09-18,Oncology Ward,17.75,18.0,0.9861111111111112
HHN-BIR-01,2025-09-19,Oncology Ward,16.75,17.875,0.9375
HHN-BIR-01,2025-09-20,Oncology Ward,13.125,17.958333333333332,0.7312091503267973
HHN-BIR-01,2025-09-21,Oncology Ward,12.916666666666666,17.958333333333332,0.7193627450980392
HHN-BIR-01,2025-09-22,Oncology Ward,13.916666666666666,17.875,0.7791053921568628
HHN-BIR-01,2025-09-23,Oncology Ward,17.041666666666668,17.916666666666668,0.9510995370370371
HHN-BIR-01,2025-09-24,Oncology Ward,18.0,18.0,1.0
HHN-BIR-01,2025-09-25,Oncology Ward,17.875,17.875,1.0
HHN-BIR-01,2025-09-26,Oncology Ward,17.416666666666668,17.875,0.9745370370370371
HHN-BIR-01,2025-09-27,Oncology Ward,17.958333333333332,17.958333333333332,1.0
HHN-BIR-01,2025-09-28,Oncology Ward,15.958333333333334,17.791666666666668,0.897314133986928
HHN-BIR-01,2025-09-29,Oncology Ward,12.833333333333334,17.875,0.7180691721132897
HHN-BIR-01,2025-09-30,Oncology Ward,14.25,17.958333333333332,0.7938453159041394
HHN-BIR-01,2025-10-01,Oncology Ward,15.541666666666666,17.833333333333332,0.8723958333333334
HHN-BIR-01,2025-10-02,Oncology Ward,14.041666666666666,17.916666666666668,0.7844328703703703
HHN-BIR-01,2025-10-03,Oncology Ward,13.541666666666666,17.833333333333332,0.7601273148148149
HHN-BIR-01,2025-10-04,Oncology Ward,11.458333333333334,17.916666666666668,0.6403356481481481
HHN-BIR-01,2025-10-05,Oncology Ward,12.0,17.833333333333332,0.6736111111111112
HHN-BIR-01,2025-10-06,Oncology Ward,12.0,17.958333333333332,0.6684368191721134
HHN-BIR-01,2025-10-07,Oncology Ward,14.041666666666666,18.0,0.7800925925925926
HHN-BIR-01,2025-10-08,Oncology Ward,15.291666666666666,18.0,0.8495370370370371
HHN-BIR-01,2025-10-09,Oncology Ward,17.166666666666668,18.0,0.9537037037037037
HHN-BIR-01,2025-10-10,Oncology Ward,17.916666666666668,17.916666666666668,1.0
HHN-BIR-01,2025-10-11,Oncology Ward,13.625,17.75,0.7667824074074074
HHN-BIR-01,2025-10-12,Oncology Ward,10.375,17.833333333333332,0.5826014433551198
HHN-BIR-01,2025-10-13,Oncology Ward,13.5,17.916666666666668,0.7540509259259259
HHN-BIR-01,2025-10-14,Oncology Ward,14.541666666666666,18.0,0.8078703703703703
HHN-BIR-01,2025-10-15,Oncology Ward,17.208333333333332,18.0,0.9560185185185185
HHN-BIR-01,2025-10-16,Oncology Ward,18.0,18.0,1.0
HHN-BIR-01,2025-10-17,Oncology Ward,17.916666666666668,17.916666666666668,1.0
HHN-BIR-01,2025-10-18,Oncology Ward,17.833333333333332,17.833333333333332,1.0
HHN-BIR-01,2025-10-19,Oncology Ward,16.041666666666668,17.833333333333332,0.8996289488017429
HHN-BIR-01,2025-10-20,Oncology Ward,15.958333333333334,18.0,0.8865740740740741
HHN-BIR-01,2025-10-21,Oncology Ward,17.0,17.916666666666668,0.9490740740740741
HHN-BIR-01,2025-10-22,Oncology Ward,17.583333333333332,18.0,0.9768518518518517
HHN-BIR-01,2025-10-23,Oncology Ward,17.458333333333332,18.0,0.9699074074074074
HHN-BIR-01,2025-10-24,Oncology Ward,14.75,18.0,0.8194444444444445
HHN-BIR-01,2025-10-25,Oncology Ward,13.791666666666666,17.916666666666668,0.7702546296296297
HHN-BIR-01,2025-10-26,Oncology Ward,11.083333333333334,17.833333333333332,0.6215107570806101
HHN-BIR-01,2025-10-27,Oncology Ward,10.041666666666666,17.916666666666668,0.5607298474945533
HHN-BIR-01,2025-10-28,Oncology Ward,9.708333333333334,18.0,0.5393518518518519
HHN-BIR-01,2025-10-29,Oncology Ward,11.291666666666666,17.916666666666668,0.6303104575163399
HHN-BIR-01,2025-10-30,Oncology Ward,13.208333333333334,17.916666666666668,0.7378472222222222
HHN-BIR-01,2025-10-31,Oncology Ward,13.916666666666666,17.958333333333332,0.7750544662309369
HHN-BIR-01,2025-11-01,Oncology Ward,13.333333333333334,17.708333333333332,0.7542211328976035
HHN-BIR-01,2025-11-02,Oncology Ward,12.333333333333334,17.875,0.690427559912854
HHN-BIR-01,2025-11-03,Oncology Ward,15.708333333333334,17.916666666666668,0.8773148148148148
HHN-BIR-01,2025-11-04,Oncology Ward,16.375,17.958333333333332,0.9120370370370371
HHN-BIR-01,2025-11-05,Oncology Ward,17.25,17.875,0.9652777777777778
HHN-BIR-01,2025-11-06,Oncology Ward,17.541666666666668,17.833333333333332,0.9837962962962963
HHN-BIR-01,2025-11-07,Oncology Ward,17.791666666666668,17.833333333333332,0.9976851851851851
HHN-BIR-01,2025-11-08,Oncology Ward,16.083333333333332,17.958333333333332,0.8955610021786492
HHN-BIR-01,2025-11-09,Oncology Ward,12.541666666666666,17.916666666666668,0.7002314814814815
HHN-BIR-01,2025-11-10,Oncology Ward,11.708333333333334,17.833333333333332,0.6573393246187363
HHN-BIR-01,2025-11-11,Oncology Ward,12.333333333333334,17.958333333333332,0.6868191721132897
HHN-BIR-01,2025-11-12,Oncology Ward,10.916666666666666,17.833333333333332,0.6128472222222222
HHN-BIR-01,2025-11-13,Oncology Ward,10.541666666666666,17.916666666666668,0.5888310185185185
HHN-BIR-01,2025-11-14,Oncology Ward,12.416666666666666,17.958333333333332,0.6915849673202614
HHN-BIR-01,2025-11-15,Oncology Ward,14.291666666666666,18.0,0.7939814814814815
HHN-BIR-01,2025-11-16,Oncology Ward,17.083333333333332,17.875,0.9560185185185185
HHN-BIR-01,2025-11-17,Oncology Ward,16.416666666666668,18.0,0.9120370370370371
HHN-BIR-01,2025-11-18,Oncology Ward,16.916666666666668,17.833333333333332,0.948937908496732
HHN-BIR-01,2025-11-19,Oncology Ward,17.541666666666668,17.958333333333332,0.9767156862745098
HHN-BIR-01,2025-11-20,Oncology Ward,18.0,18.0,1.0
HHN-BIR-01,2025-11-21,Oncology Ward,17.916666666666668,17.916666666666668,1.0
HHN-BIR-01,2025-11-22,Oncology Ward,17.916666666666668,17.916666666666668,1.0
HHN-BIR-01,2025-11-23,Oncology Ward,17.916666666666668,17.916666666666668,1.0
HHN-BIR-01,2025-11-24,Oncology Ward,17.916666666666668,18.0,0.9953703703703703
HHN-BIR-01,2025-11-25,Oncology Ward,17.833333333333332,18.0,0.9907407407407408
HHN-BIR-01,2025-11-26,Oncology Ward,17.625,17.875,0.9861111111111112
HHN-BIR-01,2025-11-27,Oncology Ward,16.708333333333332,18.0,0.9282407407407408
HHN-BIR-01,2025-11-28,Oncology Ward,13.25,17.958333333333332,0.7378812636165577
HHN-BIR-01,2025-11-29,Oncology Ward,12.25,17.75,0.6916190087145969
HHN-BIR-01,2025-11-30,Oncology Ward,10.791666666666666,17.958333333333332,0.6010348583877996
HHN-BIR-01,2025-12-01,Oncology Ward,11.125,17.833333333333332,0.6244212962962963
HHN-BIR-01,2025-12-02,Oncology Ward,12.583333333333334,17.708333333333332,0.7115502450980392
HHN-BIR-01,2025-12-03,Oncology Ward,15.166666666666666,17.833333333333332,0.8512731481481483
HHN-BIR-01,2025-12-04,Oncology Ward,17.541666666666668,17.833333333333332,0.9837962962962963
HHN-BIR-01,2025-12-05,Oncology Ward,17.708333333333332,17.791666666666668,0.9953703703703703
HHN-BIR-01,2025-12-06,Oncology Ward,16.583333333333332,17.833333333333332,0.9304193899782135
HHN-BIR-01,2025-12-07,Oncology Ward,14.958333333333334,17.708333333333332,0.846677559912854
HHN-BIR-01,2025-12-08,Oncology Ward,14.0,17.791666666666668,0.7879221132897604
HHN-BIR-01,2025-12-09,Oncology Ward,14.75,18.0,0.8194444444444445
HHN-BIR-01,2025-12-10,Oncology Ward,14.875,17.666666666666668,0.8427968409586056
HHN-BIR-01,2025-12-11,Oncology Ward,14.625,17.958333333333332,0.8145424836601308
HHN-BIR-01,2025-12-12,Oncology Ward,12.333333333333334,17.791666666666668,0.6945465686274509
HHN-BIR-01,2025-12-13,Oncology Ward,9.041666666666666,17.833333333333332,0.5070976307189542
HHN-BIR-01,2025-12-14,Oncology Ward,9.75,17.916666666666668,0.5439814814814815
HHN-BIR-01,2025-12-15,Oncology Ward,12.791666666666666,18.0,0.710648148148148
HHN-BIR-01,2025-12-16,Oncology Ward,12.833333333333334,17.875,0.7185117102396514
HHN-BIR-01,2025-12-17,Oncology Ward,15.833333333333334,17.916666666666668,0.8835784313725491
HHN-BIR-01,2025-12-18,Oncology Ward,15.75,17.583333333333332,0.8975694444444445
HHN-BIR-01,2025-12-19,Oncology Ward,14.916666666666666,18.0,0.8287037037037037
HHN-BIR-01,2025-12-20,Oncology Ward,11.333333333333334,17.791666666666668,0.6380378540305011
HHN-BIR-01,2025-12-21,Oncology Ward,10.625,17.875,0.5952478213507626
HHN-BIR-01,2025-12-22,Oncology Ward,8.625,17.708333333333332,0.4882046568627451
HHN-BIR-01,2025-12-23,Oncology Ward,9.791666666666666,17.875,0.5485430283224401
HHN-BIR-01,2025-12-24,Oncology Ward,12.541666666666666,17.791666666666668,0.7054738562091503
HHN-BIR-01,2025-12-25,Oncology Ward,11.083333333333334,17.958333333333332,0.6172385620915033
HHN-BIR-01,2025-12-26,Oncology Ward,11.458333333333334,17.958333333333332,0.6382080610021786
HHN-BIR-01,2025-12-27,Oncology Ward,11.083333333333334,18.0,0.6157407407407408
HHN-BIR-01,2025-12-28,Oncology Ward,10.083333333333334,17.791666666666668,0.5684742647058824
HHN-BIR-01,2025-12-29,Oncology Ward,10.458333333333334,17.916666666666668,0.584201388888889
HHN-BIR-01,2025-12-30,Oncology Ward,9.791666666666666,17.625,0.5566108387799564
HHN-BIR-01,2025-12-31,Oncology Ward,9.625,17.958333333333332,0.5360838779956427
HHN-EDI-01,2024-01-01,Oncology Ward,0.16666666666666666,12.791666666666666,0.012820512820512817
HHN-EDI-01,2024-01-02,Oncology Ward,3.7083333333333335,12.958333333333334,0.28632478632478625
HHN-EDI-01,2024-01-03,Oncology Ward,8.75,12.833333333333334,0.6824252136752137
HHN-EDI-01,2024-01-04,Oncology Ward,11.125,12.958333333333334,0.8587072649572649
HHN-EDI-01,2024-01-05,Oncology Ward,11.541666666666666,12.916666666666666,0.8939636752136754
HHN-EDI-01,2024-01-06,Oncology Ward,10.958333333333334,12.958333333333334,0.8461538461538463
HHN-EDI-01,2024-01-07,Oncology Ward,10.708333333333334,12.916666666666666,0.829326923076923
HHN-EDI-01,2024-01-08,Oncology Ward,8.958333333333334,12.958333333333334,0.6915064102564102
HHN-EDI-01,2024-01-09,Oncology Ward,12.833333333333334,12.833333333333334,1.0
HHN-EDI-01,2024-01-10,Oncology Ward,12.875,12.875,1.0
HHN-EDI-01,2024-01-11,Oncology Ward,12.958333333333334,12.958333333333334,1.0
HHN-EDI-01,2024-01-12,Oncology Ward,12.833333333333334,12.958333333333334,0.9903846153846154
HHN-EDI-01,2024-01-13,Oncology Ward,10.75,12.75,0.8442841880341881
HHN-EDI-01,2024-01-14,Oncology Ward,10.208333333333334,12.875,0.7940705128205128
HHN-EDI-01,2024-01-15,Oncology Ward,10.708333333333334,12.875,0.8317307692307693
HHN-EDI-01,2024-01-16,Oncology Ward,11.708333333333334,12.916666666666666,0.9067841880341881
HHN-EDI-01,2024-01-17,Oncology Ward,10.166666666666666,12.833333333333334,0.7930021367521368
HHN-EDI-01,2024-01-18,Oncology Ward,10.166666666666666,12.916666666666666,0.7876602564102564
HHN-EDI-01,2024-01-19,Oncology Ward,8.708333333333334,12.958333333333334,0.672275641025641
HHN-EDI-01,2024-01-20,Oncology Ward,8.25,12.875,0.640491452991453
HHN-EDI-01,2024-01-21,Oncology Ward,9.375,12.833333333333334,0.7305021367521367
HHN-EDI-01,2024-01-22,Oncology Ward,12.0,12.875,0.9324252136752137
HHN-EDI-01,2024-01-23,Oncology Ward,12.916666666666666,12.958333333333334,0.9967948717948718
HHN-EDI-01,2024-01-24,Oncology Ward,11.708333333333334,12.875,0.9094551282051283
HHN-EDI-01,2024-01-25,Oncology Ward,7.541666666666667,12.958333333333334,0.5819978632478633
HHN-EDI-01,2024-01-26,Oncology Ward,7.0,12.916666666666666,0.5422008547008547
HHN-EDI-01,2024-01-27,Oncology Ward,6.458333333333333,12.791666666666666,0.5053418803418803
HHN-EDI-01,2024-01-28,Oncology Ward,6.5,12.958333333333334,0.5018696581196581
HHN-EDI-01,2024-01-29,Oncology Ward,7.291666666666667,13.0,0.5608974358974359
HHN-EDI-01,2024-01-30,Oncology Ward,6.958333333333333,12.875,0.5408653846153846
HHN-EDI-01,2024-01-31,Oncology Ward,6.208333333333333,12.833333333333334,0.484508547008547
HHN-EDI-01,2024-02-01,Oncology Ward,8.166666666666666,12.958333333333334,0.6308760683760684
HHN-EDI-01,2024-02-02,Oncology Ward,12.041666666666666,12.833333333333334,0.9388354700854701
HHN-EDI-01,2024-02-03,Oncology Ward,11.25,12.833333333333334,0.8776709401709403
HHN-EDI-01,2024-02-04,Oncology Ward,11.458333333333334,12.875,0.890758547008547
HHN-EDI-01,2024-02-05,Oncology Ward,12.625,12.958333333333334,0.9743589743589745
HHN-EDI-01,2024-02-06,Oncology Ward,12.666666666666666,12.875,0.983974358974359
HHN-EDI-01,2024-02-07,Oncology Ward,12.958333333333334,12.958333333333334,1.0
HHN-EDI-01,2024-02-08,Oncology Ward,12.958333333333334,12.958333333333334,1.0
HHN-EDI-01,2024-02-09,Oncology Ward,12.916666666666666,12.916666666666666,1.0
HHN-EDI-01,2024-02-10,Oncology Ward,12.875,12.875,1.0
HHN-EDI-01,2024-02-11,Oncology Ward,12.916666666666666,12.916666666666666,1.0
HHN-EDI-01,2024-02-12,Oncology Ward,12.916666666666666,12.916666666666666,1.0
HHN-EDI-01,2024-02-13,Oncology Ward,12.958333333333334,12.958333333333334,1.0
HHN-EDI-01,2024-02-14,Oncology Ward,12.958333333333334,12.958333333333334,1.0
HHN-EDI-01,2024-02-15,Oncology Ward,12.916666666666666,12.916666666666666,1.0
HHN-EDI-01,2024-02-16,Oncology Ward,12.916666666666666,12.916666666666666,1.0
HHN-EDI-01,2024-02-17,Oncology Ward,12.875,12.875,1.0
HHN-EDI-01,2024-02-18,Oncology Ward,11.416666666666666,12.916666666666666,0.8840811965811967
HHN-EDI-01,2024-02-19,Oncology Ward,11.541666666666666,12.833333333333334,0.8995726495726496
HHN-EDI-01,2024-02-20,Oncology Ward,12.666666666666666,12.958333333333334,0.9775641025641026
HHN-EDI-01,2024-02-21,Oncology Ward,12.958333333333334,12.958333333333334,1.0
HHN-EDI-01,2024-02-22,Oncology Ward,12.958333333333334,12.958333333333334,1.0
HHN-EDI-01,2024-02-23,Oncology Ward,11.375,12.958333333333334,0.8779380341880342
HHN-EDI-01,2024-02-24,Oncology Ward,10.583333333333334,12.75,0.8309294871794872
HHN-EDI-01,2024-02-25,Oncology Ward,12.916666666666666,12.916666666666666,1.0
HHN-EDI-01,2024-02-26,Oncology Ward,12.916666666666666,12.916666666666666,1.0
HHN-EDI-01,2024-02-27,Oncology Ward,12.958333333333334,12.958333333333334,1.0
HHN-EDI-01,2024-02-28,Oncology Ward,12.958333333333334,12.958333333333334,1.0
HHN-EDI-01,2024-02-29,Oncology Ward,12.958333333333334,12.958333333333334,1.0
HHN-EDI-01,2024-03-01,Oncology Ward,12.916666666666666,12.916666666666666,1.0
HHN-EDI-01,2024-03-02,Oncology Ward,12.875,12.875,1.0
HHN-EDI-01,2024-03-03,Oncology Ward,12.875,12.875,1.0
HHN-EDI-01,2024-03-04,Oncology Ward,13.0,13.0,1.0
HHN-EDI-01,2024-03-05,Oncology Ward,12.916666666666666,12.958333333333334,0.9967948717948718
HHN-EDI-01,2024-03-06,Oncology Ward,11.916666666666666,12.916666666666666,0.923076923076923
HHN-EDI-01,2024-03-07,Oncology Ward,12.25,13.0,0.9423076923076924
HHN-EDI-01,2024-03-08,Oncology Ward,11.833333333333334,13.0,0.9102564102564102
HHN-EDI-01,2024-03-09,Oncology Ward,11.0,12.875,0.8544337606837608
HHN-EDI-01,2024-03-10,Oncology Ward,9.458333333333334,12.958333333333334,0.7302350427350427
HHN-EDI-01,2024-03-11,Oncology Ward,8.625,12.916666666666666,0.6682692307692308
HHN-EDI-01,2024-03-12,Oncology Ward,9.0,12.916666666666666,0.6973824786324787
HHN-EDI-01,2024-03-13,Oncology Ward,9.041666666666666,12.958333333333334,0.6979166666666666
HHN-EDI-01,2024-03-14,Oncology Ward,9.666666666666666,12.958333333333334,0.7462606837606839
HHN-EDI-01,2024-03-15,Oncology Ward,8.791666666666666,13.0,0.6762820512820512
HHN-EDI-01,2024-03-16,Oncology Ward,7.916666666666667,12.875,0.6153846153846154
HHN-EDI-01,2024-03-17,Oncology Ward,11.583333333333334,12.833333333333334,0.9030448717948718
HHN-EDI-01,2024-03-18,Oncology Ward,12.416666666666666,12.958333333333334,0.9583333333333335
HHN-EDI-01,2024-03-19,Oncology Ward,11.583333333333334,12.833333333333334,0.9030448717948718
HHN-EDI-01,2024-03-20,Oncology Ward,12.583333333333334,12.916666666666666,0.9743589743589745
HHN-EDI-01,2024-03-21,Oncology Ward,10.958333333333334,12.916666666666666,0.8493589743589745
HHN-EDI-01,2024-03-22,Oncology Ward,10.083333333333334,12.958333333333334,0.7780448717948718
HHN-EDI-01,2024-03-23,Oncology Ward,12.0,12.916666666666666,0.9294871794871796
HHN-EDI-01,2024-03-24,Oncology Ward,12.0,12.791666666666666,0.9391025641025642
HHN-EDI-01,2024-03-25,Oncology Ward,12.083333333333334,12.958333333333334,0.9324252136752138
HHN-EDI-01,2024-03-26,Oncology Ward,11.083333333333334,12.875,0.8613782051282052
HHN-EDI-01,2024-03-27,Oncology Ward,10.708333333333334,13.0,0.8237179487179488
HHN-EDI-01,2024-03-28,Oncology Ward,9.208333333333334,13.0,0.7083333333333334
HHN-EDI-01,2024-03-29,Oncology Ward,8.916666666666666,12.875,0.6928418803418803
HHN-EDI-01,2024-03-30,Oncology Ward,6.583333333333333,12.833333333333334,0.5133547008547008
HHN-EDI-01,2024-03-31,Oncology Ward,4.375,12.916666666666666,0.33920940170940167
HHN-EDI-01,2024-04-01,Oncology Ward,4.333333333333333,12.875,0.3368055555555556
HHN-EDI-01,2024-04-02,Oncology Ward,7.041666666666667,12.958333333333334,0.5440705128205129
HHN-EDI-01,2024-04-03,Oncology Ward,11.25,12.875,0.8736645299145299
HHN-EDI-01,2024-04-04,Oncology Ward,11.625,12.875,0.9030448717948719
HHN-EDI-01,2024-04-05,Oncology Ward,12.666666666666666,12.875,0.983974358974359
HHN-EDI-01,2024-04-06,Oncology Ward,12.833333333333334,12.833333333333334,1.0
HHN-EDI-01,2024-04-07,Oncology Ward,12.916666666666666,12.916666666666666,1.0
HHN-EDI-01,2024-04-08,Oncology Ward,12.958333333333334,12.958333333333334,1.0
HHN-EDI-01,2024-04-09,Oncology Ward,12.958333333333334,12.958333333333334,1.0
HHN-EDI-01,2024-04-10,Oncology Ward,13.0,13.0,1.0
HHN-EDI-01,2024-04-11,Oncology Ward,12.958333333333334,12.958333333333334,1.0
HHN-EDI-01,2024-04-12,Oncology Ward,12.833333333333334,12.875,0.9967948717948718
HHN-EDI-01,2024-04-13,Oncology Ward,12.916666666666666,12.916666666666666,1.0
HHN-EDI-01,2024-04-14,Oncology Ward,12.5,12.875,0.9711538461538463
HHN-EDI-01,2024-04-15,Oncology Ward,12.166666666666666,12.916666666666666,0.9420405982905984
HHN-EDI-01,2024-04-16,Oncology Ward,12.916666666666666,12.916666666666666,1.0
HHN-EDI-01,2024-04-17,Oncology Ward,12.708333333333334,13.0,0.9775641025641026
HHN-EDI-01,2024-04-18,Oncology Ward,13.0,13.0,1.0
HHN-EDI-01,2024-04-19,Oncology Ward,12.916666666666666,12.916666666666666,1.0
HHN-EDI-01,2024-04-20,Oncology Ward,12.958333333333334,12.958333333333334,1.0
HHN-EDI-01,2024-04-21,Oncology Ward,12.916666666666666,12.916666666666666,1.0
HHN-EDI-01,2024-04-22,Oncology Ward,12.291666666666666,12.958333333333334,0.9487179487179489
HHN-EDI-01,2024-04-23,Oncology Ward,13.0,13.0,1.0
HHN-EDI-01,2024-04-24,Oncology Ward,12.916666666666666,12.916666666666666,1.0
HHN-EDI-01,2024-04-25,Oncology Ward,12.958333333333334,12.958333333333334,1.0
HHN-EDI-01,2024-04-26,Oncology Ward,12.958333333333334,12.958333333333334,1.0
HHN-EDI-01,2024-04-27,Oncology Ward,12.916666666666666,12.916666666666666,1.0
HHN-EDI-01,2024-04-28,Oncology Ward,12.791666666666666,12.916666666666666,0.9903846153846154
HHN-EDI-01,2024-04-29,Oncology Ward,11.416666666666666,12.833333333333334,0.889957264957265
HHN-EDI-01,2024-04-30,Oncology Ward,10.166666666666666,12.875,0.7911324786324787
HHN-EDI-01,2024-05-01,Oncology Ward,8.958333333333334,12.958333333333334,0.6917735042735043
HHN-EDI-01,2024-05-02,Oncology Ward,9.166666666666666,12.916666666666666,0.7099358974358975
HHN-EDI-01,2024-05-03,Oncology Ward,8.875,12.958333333333334,0.6850961538461539
HHN-EDI-01,2024-05-04,Oncology Ward,7.583333333333333,12.916666666666666,0.5873397435897436
HHN-EDI-01,2024-05-05,Oncology Ward,9.166666666666666,12.958333333333334,0.7077991452991452
HHN-EDI-01,2024-05-06,Oncology Ward,8.416666666666666,13.0,0.6474358974358975
HHN-EDI-01,2024-05-07,Oncology Ward,8.041666666666666,12.958333333333334,0.6209935897435898
HHN-EDI-01,2024-05-08,Oncology Ward,10.541666666666666,12.958333333333334,0.8141025641025642
HHN-EDI-01,2024-05-09,Oncology Ward,11.208333333333334,12.958333333333334,0.8653846153846154
HHN-EDI-01,2024-05-10,Oncology Ward,12.666666666666666,12.916666666666666,0.9807692307692308
HHN-EDI-01,2024-05-11,Oncology Ward,12.916666666666666,12.916666666666666,1.0
HHN-EDI-01,2024-05-12,Oncology Ward,11.791666666666666,12.875,0.9166666666666669
HHN-EDI-01,2024-05-13,Oncology Ward,12.375,12.833333333333334,0.9647435897435899
HHN-EDI-01,2024-05-14,Oncology Ward,11.0,12.958333333333334,0.8490918803418803
HHN-EDI-01,2024-05-15,Oncology Ward,9.791666666666666,12.958333333333334,0.7558760683760685
HHN-EDI-01,2024-05-16,Oncology Ward,12.0,12.958333333333334,0.9257478632478633
HHN-EDI-01,2024-05-17,Oncology Ward,12.958333333333334,12.958333333333334,1.0
HHN-EDI-01,2024-05-18,Oncology Ward,11.5,12.916666666666666,0.8910256410256411
HHN-EDI-01,2024-05-19,Oncology Ward,8.166666666666666,12.875,0.6348824786324786
HHN-EDI-01,2024-05-20,Oncology Ward,8.291666666666666,13.0,0.6378205128205128
HHN-EDI-01,2024-05-21,Oncology Ward,9.958333333333334,12.958333333333334,0.7689636752136751
HHN-EDI-01,2024-05-22,Oncology Ward,12.083333333333334,12.958333333333334,0.9326923076923078
HHN-EDI-01,2024-05-23,Oncology Ward,11.083333333333334,12.916666666666666,0.858173076923077
HHN-EDI-01,2024-05-24,Oncology Ward,11.75,12.875,0.9129273504273505
HHN-EDI-01,2024-05-25,Oncology Ward,11.75,12.875,0.9134615384615387
HHN-EDI-01,2024-05-26,Oncology Ward,9.333333333333334,12.916666666666666,0.7227564102564102
HHN-EDI-01,2024-05-27,Oncology Ward,9.25,13.0,0.7115384615384616
HHN-EDI-01,2024-05-28,Oncology Ward,6.916666666666667,12.958333333333334,0.5339209401709402
HHN-EDI-01,2024-05-29,Oncology Ward,8.583333333333334,12.916666666666666,0.6650641025641025
HHN-EDI-01,2024-05-30,Oncology Ward,11.25,12.916666666666666,0.8712606837606839
HHN-EDI-01,2024-05-31,Oncology Ward,10.875,12.875,0.8450854700854701
HHN-EDI-01,2024-06-01,Oncology Ward,9.833333333333334,12.958333333333334,0.7593482905982906
HHN-EDI-01,2024-06-02,Oncology Ward,9.375,12.916666666666666,0.7259615384615384
HHN-EDI-01,2024-06-03,Oncology Ward,10.583333333333334,12.958333333333334,0.8167735042735043
HHN-EDI-01,2024-06-04,Oncology Ward,10.083333333333334,12.875,0.7831196581196581
HHN-EDI-01,2024-06-05,Oncology Ward,10.5,12.916666666666666,0.8135683760683761
HHN-EDI-01,2024-06-06,Oncology Ward,7.791666666666667,13.0,0.5993589743589743
HHN-EDI-01,2024-06-07,Oncology Ward,7.5,12.916666666666666,0.5806623931623932
HHN-EDI-01,2024-06-08,Oncology Ward,8.125,12.916666666666666,0.6295405982905983
HHN-EDI-01,2024-06-09,Oncology Ward,7.916666666666667,12.958333333333334,0.6111111111111112
HHN-EDI-01,2024-06-10,Oncology Ward,6.375,12.958333333333334,0.4922542735042735
HHN-EDI-01,2024-06-11,Oncology Ward,5.666666666666667,12.958333333333334,0.4375
HHN-EDI-01,2024-06-12,Oncology Ward,6.041666666666667,13.0,0.4647435897435897
HHN-EDI-01,2024-06-13,Oncology Ward,6.208333333333333,13.0,0.4775641025641025
HHN-EDI-01,2024-06-14,Oncology Ward,5.375,12.958333333333334,0.4147970085470085
HHN-EDI-01,2024-06-15,Oncology Ward,5.5,12.916666666666666,0.42628205128205127
HHN-EDI-01,2024-06-16,Oncology Ward,5.291666666666667,12.75,0.41533119658119655
HHN-EDI-01,2024-06-17,Oncology Ward,3.5,13.0,0.2692307692307692
HHN-EDI-01,2024-06-18,Oncology Ward,5.333333333333333,12.958333333333334,0.4110576923076923
HHN-EDI-01,2024-06-19,Oncology Ward,7.291666666666667,12.958333333333334,0.562767094017094
HHN-EDI-01,2024-06-20,Oncology Ward,7.625,13.0,0.5865384615384616
HHN-EDI-01,2024-06-21,Oncology Ward,7.916666666666667,12.958333333333334,0.6113782051282052
HHN-EDI-01,2024-06-22,Oncology Ward,9.125,12.875,0.7091346153846154
HHN-EDI-01,2024-06-23,Oncology Ward,9.0,12.958333333333334,0.6947115384615384
HHN-EDI-01,2024-06-24,Oncology Ward,10.625,12.958333333333334,0.8202457264957266
HHN-EDI-01,2024-06-25,Oncology Ward,12.708333333333334,13.0,0.9775641025641026
HHN-EDI-01,2024-06-26,Oncology Ward,9.291666666666666,12.958333333333334,0.7171474358974358
HHN-EDI-01,2024-06-27,Oncology Ward,10.958333333333334,12.916666666666666,0.8493589743589745
HHN-EDI-01,2024-06-28,Oncology Ward,10.5,12.916666666666666,0.8135683760683761
HHN-EDI-01,2024-06-29,Oncology Ward,8.416666666666666,12.875,0.6541132478632479
HHN-EDI-01,2024-06-30,Oncology Ward,7.375,12.833333333333334,0.5750534188034188
HHN-EDI-01,2024-07-01,Oncology Ward,9.0,13.0,0.6923076923076924
HHN-EDI-01,2024-07-02,Oncology Ward,9.666666666666666,12.958333333333334,0.7462606837606839
HHN-EDI-01,2024-07-03,Oncology Ward,8.75,12.958333333333334,0.6757478632478633
HHN-EDI-01,2024-07-04,Oncology Ward,7.541666666666667,12.958333333333334,0.5819978632478633
HHN-EDI-01,2024-07-05,Oncology Ward,7.125,12.958333333333334,0.5499465811965812
HHN-EDI-01,2024-07-06,Oncology Ward,6.333333333333333,12.958333333333334,0.48878205128205127
HHN-EDI-01,2024-07-07,Oncology Ward,6.833333333333333,12.916666666666666,0.5293803418803419
HHN-EDI-01,2024-07-08,Oncology Ward,6.541666666666667,12.958333333333334,0.5048076923076923
HHN-EDI-01,2024-07-09,Oncology Ward,7.833333333333333,13.0,0.6025641025641025
HHN-EDI-01,2024-07-10,Oncology Ward,10.666666666666666,13.0,0.8205128205128206
HHN-EDI-01,2024-07-11,Oncology Ward,12.375,12.958333333333334,0.9548611111111112
HHN-EDI-01,2024-07-12,Oncology Ward,12.916666666666666,12.916666666666666,1.0
HHN-EDI-01,2024-07-13,Oncology Ward,12.166666666666666,12.875,0.9449786324786325
HHN-EDI-01,2024-07-14,Oncology Ward,8.958333333333334,12.916666666666666,0.6941773504273504
HHN-EDI-01,2024-07-15,Oncology Ward,11.875,12.916666666666666,0.9188034188034188
HHN-EDI-01,2024-07-16,Oncology Ward,12.916666666666666,12.916666666666666,1.0
HHN-EDI-01,2024-07-17,Oncology Ward,12.916666666666666,12.916666666666666,1.0
HHN-EDI-01,2024-07-18,Oncology Ward,13.0,13.0,1.0
HHN-EDI-01,2024-07-19,Oncology Ward,13.0,13.0,1.0
HHN-EDI-01,2024-07-20,Oncology Ward,12.833333333333334,12.833333333333334,1.0
HHN-EDI-01,2024-07-21,Oncology Ward,12.791666666666666,12.791666666666666,1.0
HHN-EDI-01,2024-07-22,Oncology Ward,13.0,13.0,1.0
HHN-EDI-01,2024-07-23,Oncology Ward,12.958333333333334,12.958333333333334,1.0
HHN-EDI-01,2024-07-24,Oncology Ward,12.958333333333334,12.958333333333334,1.0
HHN-EDI-01,2024-07-25,Oncology Ward,12.166666666666666,12.916666666666666,0.9423076923076924
HHN-EDI-01,2024-07-26,Oncology Ward,9.958333333333334,12.958333333333334,0.7686965811965812
HHN-EDI-01,2024-07-27,Oncology Ward,10.0,12.833333333333334,0.7796474358974358
HHN-EDI-01,2024-07-28,Oncology Ward,8.125,12.916666666666666,0.6292735042735043
HHN-EDI-01,2024-07-29,Oncology Ward,8.375,13.0,0.6442307692307693
HHN-EDI-01,2024-07-30,Oncology Ward,9.541666666666666,13.0,0.733974358974359
HHN-EDI-01,2024-07-31,Oncology Ward,10.0,13.0,0.7692307692307693
HHN-EDI-01,2024-08-01,Oncology Ward,10.666666666666666,13.0,0.8205128205128206
HHN-EDI-01,2024-08-02,Oncology Ward,10.958333333333334,12.875,0.8517628205128206
HHN-EDI-01,2024-08-03,Oncology Ward,9.666666666666666,12.916666666666666,0.7494658119658121
HHN-EDI-01,2024-08-04,Oncology Ward,9.166666666666666,12.958333333333334,0.7075320512820512
HHN-EDI-01,2024-08-05,Oncology Ward,10.625,13.0,0.8173076923076924
HHN-EDI-01,2024-08-06,Oncology Ward,12.625,12.958333333333334,0.9743589743589745
HHN-EDI-01,2024-08-07,Oncology Ward,12.916666666666666,12.916666666666666,1.0
HHN-EDI-01,2024-08-08,Oncology Ward,12.958333333333334,12.958333333333334,1.0
HHN-EDI-01,2024-08-09,Oncology Ward,13.0,13.0,1.0
HHN-EDI-01,2024-08-10,Oncology Ward,12.208333333333334,12.875,0.9484508547008548
HHN-EDI-01,2024-08-11,Oncology Ward,11.0,12.833333333333334,0.857905982905983
HHN-EDI-01,2024-08-12,Oncology Ward,10.583333333333334,13.0,0.8141025641025642
HHN-EDI-01,2024-08-13,Oncology Ward,12.666666666666666,12.958333333333334,0.9775641025641026
HHN-EDI-01,2024-08-14,Oncology Ward,12.958333333333334,12.958333333333334,1.0
HHN-EDI-01,2024-08-15,Oncology Ward,12.875,12.875,1.0
HHN-EDI-01,2024-08-16,Oncology Ward,12.875,12.875,1.0
HHN-EDI-01,2024-08-17,Oncology Ward,12.833333333333334,12.833333333333334,1.0
HHN-EDI-01,2024-08-18,Oncology Ward,12.916666666666666,12.916666666666666,1.0
HHN-EDI-01,2024-08-19,Oncology Ward,12.333333333333334,13.0,0.9487179487179488
HHN-EDI-01,2024-08-20,Oncology Ward,12.25,12.958333333333334,0.9455128205128206
HHN-EDI-01,2024-08-21,Oncology Ward,12.958333333333334,12.958333333333334,1.0
HHN-EDI-01,2024-08-22,Oncology Ward,12.75,12.916666666666666,0.9871794871794872
HHN-EDI-01,2024-08-23,Oncology Ward,12.458333333333334,12.875,0.9679487179487181
HHN-EDI-01,2024-08-24,Oncology Ward,11.291666666666666,12.875,0.8779380341880342
HHN-EDI-01,2024-08-25,Oncology Ward,8.25,12.958333333333334,0.6362179487179487
HHN-EDI-01,2024-08-26,Oncology Ward,5.041666666666667,13.0,0.3878205128205128
HHN-EDI-01,2024-08-27,Oncology Ward,5.0,12.916666666666666,0.38728632478632474
HHN-EDI-01,2024-08-28,Oncology Ward,4.333333333333333,12.958333333333334,0.3344017094017094
HHN-EDI-01,2024-08-29,Oncology Ward,4.125,12.958333333333334,0.31837606837606836
HHN-EDI-01,2024-08-30,Oncology Ward,3.9583333333333335,12.916666666666666,0.3063568376068376
HHN-EDI-01,2024-08-31,Oncology Ward,5.0,12.916666666666666,0.38728632478632474
HHN-EDI-01,2024-09-01,Oncology Ward,6.875,12.75,0.5403311965811965
HHN-EDI-01,2024-09-02,Oncology Ward,6.208333333333333,12.875,0.4829059829059829
HHN-EDI-01,2024-09-03,Oncology Ward,6.291666666666667,12.958333333333334,0.48584401709401703
HHN-EDI-01,2024-09-04,Oncology Ward,7.416666666666667,13.0,0.5705128205128205
HHN-EDI-01,2024-09-05,Oncology Ward,10.083333333333334,13.0,0.7756410256410257
HHN-EDI-01,2024-09-06,Oncology Ward,9.541666666666666,13.0,0.733974358974359
HHN-EDI-01,2024-09-07,Oncology Ward,8.791666666666666,13.0,0.6762820512820512
HHN-EDI-01,2024-09-08,Oncology Ward,9.375,12.833333333333334,0.7307692307692308
HHN-EDI-01,2024-09-09,Oncology Ward,12.0,12.958333333333334,0.9260149572649573
HHN-EDI-01,2024-09-10,Oncology Ward,12.458333333333334,12.958333333333334,0.9615384615384616
HHN-EDI-01,2024-09-11,Oncology Ward,12.958333333333334,12.958333333333334,1.0
HHN-EDI-01,2024-09-12,Oncology Ward,13.0,13.0,1.0
HHN-EDI-01,2024-09-13,Oncology Ward,12.875,12.875,1.0
HHN-EDI-01,2024-09-14,Oncology Ward,12.916666666666666,12.916666666666666,1.0
HHN-EDI-01,2024-09-15,Oncology Ward,12.916666666666666,12.958333333333334,0.9967948717948718
HHN-EDI-01,2024-09-16,Oncology Ward,12.625,12.916666666666666,0.9775641025641026
HHN-EDI-01,2024-09-17,Oncology Ward,12.541666666666666,12.916666666666666,0.9711538461538463
HHN-EDI-01,2024-09-18,Oncology Ward,12.75,13.0,0.9807692307692308
HHN-EDI-01,2024-09-19,Oncology Ward,12.916666666666666,12.916666666666666,1.0
HHN-EDI-01,2024-09-20,Oncology Ward,13.0,13.0,1.0
HHN-EDI-01,2024-09-21,Oncology Ward,12.875,12.875,1.0
HHN-EDI-01,2024-09-22,Oncology Ward,12.916666666666666,12.916666666666666,1.0
HHN-EDI-01,2024-09-23,Oncology Ward,12.583333333333334,13.0,0.9679487179487181
HHN-EDI-01,2024-09-24,Oncology Ward,11.708333333333334,13.0,0.9006410256410257
HHN-EDI-01,2024-09-25,Oncology Ward,11.291666666666666,13.0,0.8685897435897436
HHN-EDI-01,2024-09-26,Oncology Ward,12.916666666666666,12.916666666666666,1.0
HHN-EDI-01,2024-09-27,Oncology Ward,12.958333333333334,12.958333333333334,1.0
HHN-EDI-01,2024-09-28,Oncology Ward,12.958333333333334,12.958333333333334,1.0
HHN-EDI-01,2024-09-29,Oncology Ward,12.541666666666666,12.791666666666666,0.9805021367521367
HHN-EDI-01,2024-09-30,Oncology Ward,9.375,12.958333333333334,0.7235576923076924
HHN-EDI-01,2024-10-01,Oncology Ward,7.583333333333333,13.0,0.5833333333333334
HHN-EDI-01,2024-10-02,Oncology Ward,5.5,12.958333333333334,0.42414529914529914
HHN-EDI-01,2024-10-03,Oncology Ward,5.958333333333333,12.916666666666666,0.46047008547008544
HHN-EDI-01,2024-10-04,Oncology Ward,9.416666666666666,12.958333333333334,0.7267628205128206
HHN-EDI-01,2024-10-05,Oncology Ward,9.958333333333334,12.833333333333334,0.7767094017094017
HHN-EDI-01,2024-10-06,Oncology Ward,9.958333333333334,12.958333333333334,0.7686965811965812
HHN-EDI-01,2024-10-07,Oncology Ward,12.375,12.958333333333334,0.9551282051282052
HHN-EDI-01,2024-10-08,Oncology Ward,12.583333333333334,13.0,0.9679487179487181
HHN-EDI-01,2024-10-09,Oncology Ward,11.541666666666666,13.0,0.8878205128205129
HHN-EDI-01,2024-10-10,Oncology Ward,9.25,12.958333333333334,0.7142094017094017
HHN-EDI-01,2024-10-11,Oncology Ward,9.791666666666666,13.0,0.7532051282051282
HHN-EDI-01,2024-10-12,Oncology Ward,11.625,12.958333333333334,0.8971688034188033
HHN-EDI-01,2024-10-13,Oncology Ward,13.0,13.0,1.0
HHN-EDI-01,2024-10-14,Oncology Ward,12.916666666666666,12.916666666666666,1.0
HHN-EDI-01,2024-10-15,Oncology Ward,12.916666666666666,12.916666666666666,1.0
HHN-EDI-01,2024-10-16,Oncology Ward,12.875,12.875,1.0
HHN-EDI-01,2024-10-17,Oncology Ward,12.958333333333334,12.958333333333334,1.0
HHN-EDI-01,2024-10-18,Oncology Ward,12.875,12.875,1.0
HHN-EDI-01,2024-10-19,Oncology Ward,12.625,12.916666666666666,0.9775641025641026
HHN-EDI-01,2024-10-20,Oncology Ward,11.0,12.875,0.8555021367521367
HHN-EDI-01,2024-10-21,Oncology Ward,8.5,13.0,0.6538461538461539
HHN-EDI-01,2024-10-22,Oncology Ward,9.958333333333334,12.958333333333334,0.7686965811965812
HHN-EDI-01,2024-10-23,Oncology Ward,11.583333333333334,12.958333333333334,0.8936965811965812
HHN-EDI-01,2024-10-24,Oncology Ward,13.0,13.0,1.0
HHN-EDI-01,2024-10-25,Oncology Ward,12.458333333333334,12.916666666666666,0.9647435897435898
HHN-EDI-01,2024-10-26,Oncology Ward,10.708333333333334,12.916666666666666,0.829326923076923
HHN-EDI-01,2024-10-27,Oncology Ward,8.958333333333334,12.833333333333334,0.6984508547008548
HHN-EDI-01,2024-10-28,Oncology Ward,12.041666666666666,12.958333333333334,0.9292200854700855
HHN-EDI-01,2024-10-29,Oncology Ward,12.666666666666666,12.958333333333334,0.9775641025641026
HHN-EDI-01,2024-10-30,Oncology Ward,11.791666666666666,12.958333333333334,0.9099893162393163
HHN-EDI-01,2024-10-31,Oncology Ward,12.583333333333334,13.0,0.9679487179487181
HHN-EDI-01,2024-11-01,Oncology Ward,13.0,13.0,1.0
HHN-EDI-01,2024-11-02,Oncology Ward,12.916666666666666,12.916666666666666,1.0
HHN-EDI-01,2024-11-03,Oncology Ward,12.75,12.916666666666666,0.9871794871794872
HHN-EDI-01,2024-11-04,Oncology Ward,7.958333333333333,12.791666666666666,0.6220619658119658
HHN-EDI-01,2024-11-05,Oncology Ward,9.75,12.958333333333334,0.7526709401709403
HHN-EDI-01,2024-11-06,Oncology Ward,11.625,12.916666666666666,0.9006410256410257
HHN-EDI-01,2024-11-07,Oncology Ward,12.416666666666666,13.0,0.9551282051282052
HHN-EDI-01,2024-11-08,Oncology Ward,13.0,13.0,1.0
HHN-EDI-01,2024-11-09,Oncology Ward,13.0,13.0,1.0
HHN-EDI-01,2024-11-10,Oncology Ward,12.916666666666666,12.916666666666666,1.0
HHN-EDI-01,2024-11-11,Oncology Ward,12.916666666666666,13.0,0.9935897435897436
HHN-EDI-01,2024-11-12,Oncology Ward,12.958333333333334,12.958333333333334,1.0
HHN-EDI-01,2024-11-13,Oncology Ward,12.916666666666666,12.916666666666666,1.0
HHN-EDI-01,2024-11-14,Oncology Ward,13.0,13.0,1.0
HHN-EDI-01,2024-11-15,Oncology Ward,13.0,13.0,1.0
HHN-EDI-01,2024-11-16,Oncology Ward,12.916666666666666,12.916666666666666,1.0
HHN-EDI-01,2024-11-17,Oncology Ward,12.916666666666666,12.916666666666666,1.0
HHN-EDI-01,2024-11-18,Oncology Ward,12.916666666666666,12.916666666666666,1.0
HHN-EDI-01,2024-11-19,Oncology Ward,12.875,12.875,1.0
HHN-EDI-01,2024-11-20,Oncology Ward,13.0,13.0,1.0
HHN-EDI-01,2024-11-21,Oncology Ward,12.958333333333334,12.958333333333334,1.0
HHN-EDI-01,2024-11-22,Oncology Ward,12.916666666666666,12.916666666666666,1.0
HHN-EDI-01,2024-11-23,Oncology Ward,12.916666666666666,12.916666666666666,1.0
HHN-EDI-01,2024-11-24,Oncology Ward,12.791666666666666,12.791666666666666,1.0
HHN-EDI-01,2024-11-25,Oncology Ward,12.291666666666666,12.875,0.9551282051282052
HHN-EDI-01,2024-11-26,Oncology Ward,11.458333333333334,12.958333333333334,0.8843482905982906
HHN-EDI-01,2024-11-27,Oncology Ward,12.083333333333334,13.0,0.9294871794871794
HHN-EDI-01,2024-11-28,Oncology Ward,11.791666666666666,12.916666666666666,0.9131944444444445
HHN-EDI-01,2024-11-29,Oncology Ward,12.541666666666666,13.0,0.9647435897435898
HHN-EDI-01,2024-11-30,Oncology Ward,12.791666666666666,13.0,0.983974358974359
HHN-EDI-01,2024-12-01,Oncology Ward,11.833333333333334,12.875,0.9193376068376069
HHN-EDI-01,2024-12-02,Oncology Ward,10.875,12.958333333333334,0.8394764957264957
HHN-EDI-01,2024-12-03,Oncology Ward,11.083333333333334,12.916666666666666,0.858974358974359
HHN-EDI-01,2024-12-04,Oncology Ward,12.333333333333334,12.958333333333334,0.951923076923077
HHN-EDI-01,2024-12-05,Oncology Ward,12.083333333333334,12.791666666666666,0.9455128205128206
HHN-EDI-01,2024-12-06,Oncology Ward,11.625,12.958333333333334,0.8971688034188033
HHN-EDI-01,2024-12-07,Oncology Ward,13.0,13.0,1.0
HHN-EDI-01,2024-12-08,Oncology Ward,11.5,12.875,0.8939636752136751
HHN-EDI-01,2024-12-09,Oncology Ward,12.541666666666666,12.791666666666666,0.9807692307692308
HHN-EDI-01,2024-12-10,Oncology Ward,11.458333333333334,13.0,0.8814102564102565
HHN-EDI-01,2024-12-11,Oncology Ward,11.875,12.875,0.9222756410256411
HHN-EDI-01,2024-12-12,Oncology Ward,11.75,12.75,0.921474358974359
HHN-EDI-01,2024-12-13,Oncology Ward,11.208333333333334,12.916666666666666,0.8680555555555557
HHN-EDI-01,2024-12-14,Oncology Ward,11.25,12.833333333333334,0.8774038461538463
HHN-EDI-01,2024-12-15,Oncology Ward,12.333333333333334,12.916666666666666,0.951923076923077
HHN-EDI-01,2024-12-16,Oncology Ward,12.916666666666666,12.916666666666666,1.0
HHN-EDI-01,2024-12-17,Oncology Ward,12.916666666666666,12.916666666666666,1.0
HHN-EDI-01,2024-12-18,Oncology Ward,12.833333333333334,12.833333333333334,1.0
HHN-EDI-01,2024-12-19,Oncology Ward,11.583333333333334,12.916666666666666,0.8969017094017094
HHN-EDI-01,2024-12-20,Oncology Ward,9.333333333333334,12.916666666666666,0.7230235042735043
HHN-EDI-01,2024-12-21,Oncology Ward,9.083333333333334,12.833333333333334,0.7080662393162394
HHN-EDI-01,2024-12-22,Oncology Ward,8.791666666666666,12.875,0.6834935897435898
HHN-EDI-01,2024-12-23,Oncology Ward,7.041666666666667,12.958333333333334,0.5435363247863247
HHN-EDI-01,2024-12-24,Oncology Ward,7.875,12.875,0.6119123931623932
HHN-EDI-01,2024-12-25,Oncology Ward,8.208333333333334,12.875,0.6383547008547009
HHN-EDI-01,2024-12-26,Oncology Ward,12.166666666666666,12.916666666666666,0.9423076923076925
HHN-EDI-01,2024-12-27,Oncology Ward,12.875,12.875,1.0
HHN-EDI-01,2024-12-28,Oncology Ward,12.125,12.958333333333334,0.935630341880342
HHN-EDI-01,2024-12-29,Oncology Ward,12.0,12.833333333333334,0.9350961538461539
HHN-EDI-01,2024-12-30,Oncology Ward,11.875,12.875,0.9225427350427351
HHN-EDI-01,2024-12-31,Oncology Ward,11.75,12.958333333333334,0.907051282051282
HHN-EDI-01,2025-01-01,Oncology Ward,10.875,12.916666666666666,0.8424145299145299
HHN-EDI-01,2025-01-02,Oncology Ward,11.25,12.916666666666666,0.8712606837606839
HHN-EDI-01,2025-01-03,Oncology Ward,11.791666666666666,12.916666666666666,0.9134615384615384
HHN-EDI-01,2025-01-04,Oncology Ward,12.541666666666666,12.833333333333334,0.9772970085470085
HHN-EDI-01,2025-01-05,Oncology Ward,12.458333333333334,12.791666666666666,0.9743589743589745
HHN-EDI-01,2025-01-06,Oncology Ward,10.375,12.916666666666666,0.8036858974358975
HHN-EDI-01,2025-01-07,Oncology Ward,10.291666666666666,12.916666666666666,0.7972756410256411
HHN-EDI-01,2025-01-08,Oncology Ward,12.625,12.958333333333334,0.9743589743589745
HHN-EDI-01,2025-01-09,Oncology Ward,12.875,12.875,1.0
HHN-EDI-01,2025-01-10,Oncology Ward,12.916666666666666,12.916666666666666,1.0
HHN-EDI-01,2025-01-11,Oncology Ward,12.666666666666666,12.916666666666666,0.9807692307692308
HHN-EDI-01,2025-01-12,Oncology Ward,11.458333333333334,12.833333333333334,0.8934294871794872
HHN-EDI-01,2025-01-13,Oncology Ward,12.458333333333334,12.958333333333334,0.9615384615384616
HHN-EDI-01,2025-01-14,Oncology Ward,12.625,12.875,0.9807692307692308
HHN-EDI-01,2025-01-15,Oncology Ward,10.916666666666666,12.791666666666666,0.8544337606837608
HHN-EDI-01,2025-01-16,Oncology Ward,10.458333333333334,12.958333333333334,0.8068910256410257
HHN-EDI-01,2025-01-17,Oncology Ward,12.666666666666666,12.916666666666666,0.9807692307692308
HHN-EDI-01,2025-01-18,Oncology Ward,12.375,12.791666666666666,0.9679487179487181
HHN-EDI-01,2025-01-19,Oncology Ward,10.75,12.958333333333334,0.8295940170940171
HHN-EDI-01,2025-01-20,Oncology Ward,11.541666666666666,12.958333333333334,0.890758547008547
HHN-EDI-01,2025-01-21,Oncology Ward,13.0,13.0,1.0
HHN-EDI-01,2025-01-22,Oncology Ward,12.25,12.958333333333334,0.9455128205128206
HHN-EDI-01,2025-01-23,Oncology Ward,10.791666666666666,12.875,0.8386752136752138
HHN-EDI-01,2025-01-24,Oncology Ward,9.583333333333334,13.0,0.7371794871794872
HHN-EDI-01,2025-01-25,Oncology Ward,8.333333333333334,12.875,0.6474358974358975
HHN-EDI-01,2025-01-26,Oncology Ward,7.5,12.791666666666666,0.5868055555555556
HHN-EDI-01,2025-01-27,Oncology Ward,8.208333333333334,12.875,0.6380876068376068
HHN-EDI-01,2025-01-28,Oncology Ward,8.0,12.958333333333334,0.6177884615384616
HHN-EDI-01,2025-01-29,Oncology Ward,10.0,12.875,0.7775106837606837
HHN-EDI-01,2025-01-30,Oncology Ward,12.583333333333334,12.958333333333334,0.9711538461538463
HHN-EDI-01,2025-01-31,Oncology Ward,12.75,12.75,1.0
HHN-EDI-01,2025-02-01,Oncology Ward,12.791666666666666,12.916666666666666,0.9903846153846154
HHN-EDI-01,2025-02-02,Oncology Ward,12.875,12.875,1.0
HHN-EDI-01,2025-02-03,Oncology Ward,12.958333333333334,12.958333333333334,1.0
HHN-EDI-01,2025-02-04,Oncology Ward,12.791666666666666,12.791666666666666,1.0
HHN-EDI-01,2025-02-05,Oncology Ward,12.958333333333334,12.958333333333334,1.0
HHN-EDI-01,2025-02-06,Oncology Ward,12.833333333333334,12.833333333333334,1.0
HHN-EDI-01,2025-02-07,Oncology Ward,11.25,12.916666666666666,0.8712606837606839
HHN-EDI-01,2025-02-08,Oncology Ward,12.5,12.958333333333334,0.9647435897435899
HHN-EDI-01,2025-02-09,Oncology Ward,12.416666666666666,12.875,0.9647435897435899
HHN-EDI-01,2025-02-10,Oncology Ward,11.375,12.916666666666666,0.8806089743589745
HHN-EDI-01,2025-02-11,Oncology Ward,12.291666666666666,12.833333333333334,0.9583333333333334
HHN-EDI-01,2025-02-12,Oncology Ward,12.916666666666666,12.916666666666666,1.0
HHN-EDI-01,2025-02-13,Oncology Ward,12.875,12.875,1.0
HHN-EDI-01,2025-02-14,Oncology Ward,12.958333333333334,12.958333333333334,1.0
HHN-EDI-01,2025-02-15,Oncology Ward,13.0,13.0,1.0
HHN-EDI-01,2025-02-16,Oncology Ward,12.75,12.791666666666666,0.9967948717948718
HHN-EDI-01,2025-02-17,Oncology Ward,12.875,12.875,1.0
HHN-EDI-01,2025-02-18,Oncology Ward,12.875,12.875,1.0
HHN-EDI-01,2025-02-19,Oncology Ward,12.916666666666666,12.916666666666666,1.0
HHN-EDI-01,2025-02-20,Oncology Ward,12.916666666666666,12.916666666666666,1.0
HHN-EDI-01,2025-02-21,Oncology Ward,12.958333333333334,12.958333333333334,1.0
HHN-EDI-01,2025-02-22,Oncology Ward,12.833333333333334,12.833333333333334,1.0
HHN-EDI-01,2025-02-23,Oncology Ward,12.833333333333334,12.833333333333334,1.0
HHN-EDI-01,2025-02-24,Oncology Ward,12.25,12.958333333333334,0.9455128205128206
HHN-EDI-01,2025-02-25,Oncology Ward,12.916666666666666,12.916666666666666,1.0
HHN-EDI-01,2025-02-26,Oncology Ward,12.541666666666666,12.833333333333334,0.9775641025641026
HHN-EDI-01,2025-02-27,Oncology Ward,11.958333333333334,13.0,0.919871794871795
HHN-EDI-01,2025-02-28,Oncology Ward,12.375,12.708333333333334,0.9743589743589745
HHN-EDI-01,2025-03-01,Oncology Ward,10.291666666666666,13.0,0.7916666666666666
HHN-EDI-01,2025-03-02,Oncology Ward,9.541666666666666,13.0,0.733974358974359
HHN-EDI-01,2025-03-03,Oncology Ward,10.333333333333334,12.958333333333334,0.7975427350427351
HHN-EDI-01,2025-03-04,Oncology Ward,11.208333333333334,12.916666666666666,0.8680555555555557
HHN-EDI-01,2025-03-05,Oncology Ward,12.458333333333334,13.0,0.9583333333333334
HHN-EDI-01,2025-03-06,Oncology Ward,13.0,13.0,1.0
HHN-EDI-01,2025-03-07,Oncology Ward,12.916666666666666,12.916666666666666,1.0
HHN-EDI-01,2025-03-08,Oncology Ward,12.958333333333334,12.958333333333334,1.0
HHN-EDI-01,2025-03-09,Oncology Ward,12.916666666666666,12.916666666666666,1.0
HHN-EDI-01,2025-03-10,Oncology Ward,12.333333333333334,13.0,0.9487179487179488
HHN-EDI-01,2025-03-11,Oncology Ward,12.458333333333334,12.916666666666666,0.9642094017094017
HHN-EDI-01,2025-03-12,Oncology Ward,12.958333333333334,12.958333333333334,1.0
HHN-EDI-01,2025-03-13,Oncology Ward,12.958333333333334,12.958333333333334,1.0
HHN-EDI-01,2025-03-14,Oncology Ward,12.958333333333334,12.958333333333334,1.0
HHN-EDI-01,2025-03-15,Oncology Ward,12.833333333333334,12.833333333333334,1.0
HHN-EDI-01,2025-03-16,Oncology Ward,12.416666666666666,12.958333333333334,0.9583333333333334
HHN-EDI-01,2025-03-17,Oncology Ward,9.833333333333334,12.916666666666666,0.7617521367521368
HHN-EDI-01,2025-03-18,Oncology Ward,10.75,12.916666666666666,0.8325320512820512
HHN-EDI-01,2025-03-19,Oncology Ward,9.541666666666666,13.0,0.733974358974359
HHN-EDI-01,2025-03-20,Oncology Ward,7.25,12.916666666666666,0.561698717948718
HHN-EDI-01,2025-03-21,Oncology Ward,8.541666666666666,12.958333333333334,0.6594551282051282
HHN-EDI-01,2025-03-22,Oncology Ward,9.041666666666666,12.916666666666666,0.7005876068376068
HHN-EDI-01,2025-03-23,Oncology Ward,8.0,12.958333333333334,0.6175213675213675
HHN-EDI-01,2025-03-24,Oncology Ward,8.791666666666666,12.958333333333334,0.6786858974358975
HHN-EDI-01,2025-03-25,Oncology Ward,9.375,12.916666666666666,0.7262286324786325
HHN-EDI-01,2025-03-26,Oncology Ward,6.541666666666667,12.958333333333334,0.5050747863247863
HHN-EDI-01,2025-03-27,Oncology Ward,5.333333333333333,12.958333333333334,0.4118589743589743
HHN-EDI-01,2025-03-28,Oncology Ward,5.291666666666667,12.958333333333334,0.40811965811965806
HHN-EDI-01,2025-03-29,Oncology Ward,8.208333333333334,12.958333333333334,0.6332799145299145
HHN-EDI-01,2025-03-30,Oncology Ward,6.625,12.833333333333334,0.5165598290598291
HHN-EDI-01,2025-03-31,Oncology Ward,9.708333333333334,13.0,0.7467948717948718
HHN-EDI-01,2025-04-01,Oncology Ward,12.333333333333334,12.958333333333334,0.951655982905983
HHN-EDI-01,2025-04-02,Oncology Ward,12.958333333333334,12.958333333333334,1.0
HHN-EDI-01,2025-04-03,Oncology Ward,13.0,13.0,1.0
HHN-EDI-01,2025-04-04,Oncology Ward,12.75,12.916666666666666,0.9869123931623931
HHN-EDI-01,2025-04-05,Oncology Ward,10.541666666666666,12.791666666666666,0.8247863247863249
HHN-EDI-01,2025-04-06,Oncology Ward,10.958333333333334,12.958333333333334,0.8458867521367521
HHN-EDI-01,2025-04-07,Oncology Ward,11.791666666666666,12.916666666666666,0.9134615384615384
HHN-EDI-01,2025-04-08,Oncology Ward,12.875,12.875,1.0
HHN-EDI-01,2025-04-09,Oncology Ward,12.208333333333334,12.916666666666666,0.9452457264957266
HHN-EDI-01,2025-04-10,Oncology Ward,12.958333333333334,12.958333333333334,1.0
HHN-EDI-01,2025-04-11,Oncology Ward,12.875,13.0,0.9903846153846154
HHN-EDI-01,2025-04-12,Oncology Ward,12.958333333333334,12.958333333333334,1.0
HHN-EDI-01,2025-04-13,Oncology Ward,12.625,12.958333333333334,0.9743589743589743
HHN-EDI-01,2025-04-14,Oncology Ward,12.333333333333334,12.875,0.9583333333333334
HHN-EDI-01,2025-04-15,Oncology Ward,12.333333333333334,12.958333333333334,0.951923076923077
HHN-EDI-01,2025-04-16,Oncology Ward,12.791666666666666,12.875,0.9935897435897436
HHN-EDI-01,2025-04-17,Oncology Ward,12.958333333333334,12.958333333333334,1.0
HHN-EDI-01,2025-04-18,Oncology Ward,13.0,13.0,1.0
HHN-EDI-01,2025-04-19,Oncology Ward,12.166666666666666,12.833333333333334,0.9487179487179488
HHN-EDI-01,2025-04-20,Oncology Ward,10.583333333333334,12.875,0.8226495726495727
HHN-EDI-01,2025-04-21,Oncology Ward,10.333333333333334,13.0,0.7948717948717948
HHN-EDI-01,2025-04-22,Oncology Ward,9.791666666666666,12.875,0.7609508547008548
HHN-EDI-01,2025-04-23,Oncology Ward,11.0,13.0,0.8461538461538461
HHN-EDI-01,2025-04-24,Oncology Ward,12.958333333333334,13.0,0.9967948717948718
HHN-EDI-01,2025-04-25,Oncology Ward,13.0,13.0,1.0
HHN-EDI-01,2025-04-26,Oncology Ward,12.708333333333334,12.875,0.9871794871794872
HHN-EDI-01,2025-04-27,Oncology Ward,12.25,12.833333333333334,0.9551282051282053
HHN-EDI-01,2025-04-28,Oncology Ward,9.666666666666666,12.958333333333334,0.7459935897435898
HHN-EDI-01,2025-04-29,Oncology Ward,10.458333333333334,12.916666666666666,0.8103632478632479
HHN-EDI-01,2025-04-30,Oncology Ward,12.375,12.958333333333334,0.9551282051282052
HHN-EDI-01,2025-05-01,Oncology Ward,12.75,12.916666666666666,0.9871794871794872
HHN-EDI-01,2025-05-02,Oncology Ward,12.875,12.875,1.0
HHN-EDI-01,2025-05-03,Oncology Ward,12.125,12.833333333333334,0.9455128205128206
HHN-EDI-01,2025-05-04,Oncology Ward,11.166666666666666,13.0,0.858974358974359
HHN-EDI-01,2025-05-05,Oncology Ward,11.416666666666666,12.791666666666666,0.8931623931623932
HHN-EDI-01,2025-05-06,Oncology Ward,12.333333333333334,12.875,0.9577991452991453
HHN-EDI-01,2025-05-07,Oncology Ward,12.916666666666666,12.916666666666666,1.0
HHN-EDI-01,2025-05-08,Oncology Ward,12.958333333333334,12.958333333333334,1.0
HHN-EDI-01,2025-05-09,Oncology Ward,12.958333333333334,12.958333333333334,1.0
HHN-EDI-01,2025-05-10,Oncology Ward,12.916666666666666,12.916666666666666,1.0
HHN-EDI-01,2025-05-11,Oncology Ward,12.291666666666666,12.875,0.9551282051282052
HHN-EDI-01,2025-05-12,Oncology Ward,11.375,13.0,0.8750000000000001
HHN-EDI-01,2025-05-13,Oncology Ward,12.708333333333334,13.0,0.9775641025641026
HHN-EDI-01,2025-05-14,Oncology Ward,12.958333333333334,12.958333333333334,1.0
HHN-EDI-01,2025-05-15,Oncology Ward,13.0,13.0,1.0
HHN-EDI-01,2025-05-16,Oncology Ward,12.791666666666666,12.958333333333334,0.9871794871794872
HHN-EDI-01,2025-05-17,Oncology Ward,11.791666666666666,12.916666666666666,0.9134615384615387
HHN-EDI-01,2025-05-18,Oncology Ward,9.375,12.916666666666666,0.7262286324786325
HHN-EDI-01,2025-05-19,Oncology Ward,8.75,12.958333333333334,0.6754807692307692
HHN-EDI-01,2025-05-20,Oncology Ward,9.208333333333334,12.875,0.7155448717948718
HHN-EDI-01,2025-05-21,Oncology Ward,8.833333333333334,12.958333333333334,0.6813568376068376
HHN-EDI-01,2025-05-22,Oncology Ward,9.083333333333334,12.916666666666666,0.703258547008547
HHN-EDI-01,2025-05-23,Oncology Ward,9.5,12.916666666666666,0.735844017094017
HHN-EDI-01,2025-05-24,Oncology Ward,8.208333333333334,12.916666666666666,0.6356837606837608
HHN-EDI-01,2025-05-25,Oncology Ward,10.416666666666666,12.916666666666666,0.8071581196581197
HHN-EDI-01,2025-05-26,Oncology Ward,9.041666666666666,12.958333333333334,0.6979166666666666
HHN-EDI-01,2025-05-27,Oncology Ward,8.708333333333334,12.916666666666666,0.6744123931623932
HHN-EDI-01,2025-05-28,Oncology Ward,7.583333333333333,12.958333333333334,0.5852029914529915
HHN-EDI-01,2025-05-29,Oncology Ward,8.166666666666666,12.833333333333334,0.6370192307692307
HHN-EDI-01,2025-05-30,Oncology Ward,8.666666666666666,12.958333333333334,0.6690705128205128
HHN-EDI-01,2025-05-31,Oncology Ward,9.625,12.916666666666666,0.7454594017094017
HHN-EDI-01,2025-06-01,Oncology Ward,7.958333333333333,12.875,0.6185897435897436
HHN-EDI-01,2025-06-02,Oncology Ward,7.791666666666667,13.0,0.5993589743589743
HHN-EDI-01,2025-06-03,Oncology Ward,10.5,12.958333333333334,0.80982905982906
HHN-EDI-01,2025-06-04,Oncology Ward,12.0,13.0,0.9230769230769232
HHN-EDI-01,2025-06-05,Oncology Ward,10.541666666666666,12.916666666666666,0.8167735042735043
HHN-EDI-01,2025-06-06,Oncology Ward,12.5,13.0,0.9615384615384616
HHN-EDI-01,2025-06-07,Oncology Ward,13.0,13.0,1.0
HHN-EDI-01,2025-06-08,Oncology Ward,12.916666666666666,12.916666666666666,1.0
HHN-EDI-01,2025-06-09,Oncology Ward,12.666666666666666,12.958333333333334,0.9775641025641026
HHN-EDI-01,2025-06-10,Oncology Ward,13.0,13.0,1.0
HHN-EDI-01,2025-06-11,Oncology Ward,12.958333333333334,12.958333333333334,1.0
HHN-EDI-01,2025-06-12,Oncology Ward,13.0,13.0,1.0
HHN-EDI-01,2025-06-13,Oncology Ward,12.916666666666666,12.916666666666666,1.0
HHN-EDI-01,2025-06-14,Oncology Ward,10.875,13.0,0.8365384615384616
HHN-EDI-01,2025-06-15,Oncology Ward,7.625,12.875,0.5921474358974359
HHN-EDI-01,2025-06-16,Oncology Ward,4.375,12.916666666666666,0.3389423076923077
HHN-EDI-01,2025-06-17,Oncology Ward,5.375,13.0,0.4134615384615385
HHN-EDI-01,2025-06-18,Oncology Ward,7.0,12.958333333333334,0.5405982905982906
HHN-EDI-01,2025-06-19,Oncology Ward,8.25,13.0,0.6346153846153847
HHN-EDI-01,2025-06-20,Oncology Ward,8.333333333333334,12.958333333333334,0.6434294871794871
HHN-EDI-01,2025-06-21,Oncology Ward,10.083333333333334,12.875,0.7836538461538463
HHN-EDI-01,2025-06-22,Oncology Ward,10.416666666666666,12.875,0.8098290598290597
HHN-EDI-01,2025-06-23,Oncology Ward,9.208333333333334,12.958333333333334,0.7110042735042735
HHN-EDI-01,2025-06-24,Oncology Ward,11.291666666666666,12.958333333333334,0.8717948717948718
HHN-EDI-01,2025-06-25,Oncology Ward,12.916666666666666,12.916666666666666,1.0
HHN-EDI-01,2025-06-26,Oncology Ward,12.875,13.0,0.9903846153846154
HHN-EDI-01,2025-06-27,Oncology Ward,12.958333333333334,12.958333333333334,1.0
HHN-EDI-01,2025-06-28,Oncology Ward,12.958333333333334,12.958333333333334,1.0
HHN-EDI-01,2025-06-29,Oncology Ward,12.041666666666666,12.791666666666666,0.9412393162393163
HHN-EDI-01,2025-06-30,Oncology Ward,10.958333333333334,12.958333333333334,0.8456196581196581
HHN-EDI-01,2025-07-01,Oncology Ward,11.0,13.0,0.8461538461538461
HHN-EDI-01,2025-07-02,Oncology Ward,11.0,13.0,0.8461538461538461
HHN-EDI-01,2025-07-03,Oncology Ward,12.916666666666666,13.0,0.9935897435897436
HHN-EDI-01,2025-07-04,Oncology Ward,12.708333333333334,12.958333333333334,0.9807692307692308
HHN-EDI-01,2025-07-05,Oncology Ward,11.041666666666666,12.958333333333334,0.8525641025641026
HHN-EDI-01,2025-07-06,Oncology Ward,8.291666666666666,12.875,0.6447649572649573
HHN-EDI-01,2025-07-07,Oncology Ward,10.833333333333334,13.0,0.8333333333333334
HHN-EDI-01,2025-07-08,Oncology Ward,12.125,13.0,0.9326923076923078
HHN-EDI-01,2025-07-09,Oncology Ward,11.458333333333334,12.875,0.889957264957265
HHN-EDI-01,2025-07-10,Oncology Ward,12.5,12.958333333333334,0.9647435897435899
HHN-EDI-01,2025-07-11,Oncology Ward,12.083333333333334,13.0,0.9294871794871796
HHN-EDI-01,2025-07-12,Oncology Ward,10.708333333333334,12.916666666666666,0.828525641025641
HHN-EDI-01,2025-07-13,Oncology Ward,7.125,12.833333333333334,0.5560897435897436
HHN-EDI-01,2025-07-14,Oncology Ward,9.0,12.958333333333334,0.6949786324786325
HHN-EDI-01,2025-07-15,Oncology Ward,10.041666666666666,13.0,0.7724358974358975
HHN-EDI-01,2025-07-16,Oncology Ward,10.208333333333334,13.0,0.7852564102564102
HHN-EDI-01,2025-07-17,Oncology Ward,11.375,13.0,0.875
HHN-EDI-01,2025-07-18,Oncology Ward,12.041666666666666,12.958333333333334,0.9294871794871796
HHN-EDI-01,2025-07-19,Oncology Ward,10.458333333333334,12.916666666666666,0.8100961538461539
HHN-EDI-01,2025-07-20,Oncology Ward,7.333333333333333,12.916666666666666,0.5681089743589743
HHN-EDI-01,2025-07-21,Oncology Ward,5.583333333333333,12.958333333333334,0.43082264957264954
HHN-EDI-01,2025-07-22,Oncology Ward,6.666666666666667,13.0,0.5128205128205128
HHN-EDI-01,2025-07-23,Oncology Ward,7.208333333333333,13.0,0.5544871794871794
HHN-EDI-01,2025-07-24,Oncology Ward,8.583333333333334,13.0,0.6602564102564102
HHN-EDI-01,2025-07-25,Oncology Ward,8.916666666666666,12.958333333333334,0.688301282051282
HHN-EDI-01,2025-07-26,Oncology Ward,6.708333333333333,13.0,0.5160256410256411
HHN-EDI-01,2025-07-27,Oncology Ward,4.625,12.833333333333334,0.3608440170940171
HHN-EDI-01,2025-07-28,Oncology Ward,4.416666666666667,13.0,0.3397435897435897
HHN-EDI-01,2025-07-29,Oncology Ward,6.041666666666667,12.916666666666666,0.4679487179487179
HHN-EDI-01,2025-07-30,Oncology Ward,5.75,13.0,0.4423076923076923
HHN-EDI-01,2025-07-31,Oncology Ward,6.333333333333333,12.958333333333334,0.4890491452991453
HHN-EDI-01,2025-08-01,Oncology Ward,7.916666666666667,12.833333333333334,0.6175213675213675
HHN-EDI-01,2025-08-02,Oncology Ward,7.833333333333333,12.875,0.6089743589743589
HHN-EDI-01,2025-08-03,Oncology Ward,7.25,12.916666666666666,0.561698717948718
HHN-EDI-01,2025-08-04,Oncology Ward,7.875,12.958333333333334,0.608173076923077
HHN-EDI-01,2025-08-05,Oncology Ward,7.541666666666667,12.958333333333334,0.5825320512820512
HHN-EDI-01,2025-08-06,Oncology Ward,7.791666666666667,12.958333333333334,0.6012286324786325
HHN-EDI-01,2025-08-07,Oncology Ward,7.375,13.0,0.5673076923076923
HHN-EDI-01,2025-08-08,Oncology Ward,8.666666666666666,13.0,0.6666666666666666
HHN-EDI-01,2025-08-09,Oncology Ward,6.375,12.958333333333334,0.49198717948717946
HHN-EDI-01,2025-08-10,Oncology Ward,4.333333333333333,12.916666666666666,0.33520299145299143
HHN-EDI-01,2025-08-11,Oncology Ward,3.8333333333333335,12.958333333333334,0.2956730769230769
HHN-EDI-01,2025-08-12,Oncology Ward,6.291666666666667,13.0,0.483974358974359
HHN-EDI-01,2025-08-13,Oncology Ward,5.875,12.958333333333334,0.45352564102564097
HHN-EDI-01,2025-08-14,Oncology Ward,5.916666666666667,13.0,0.45512820512820507
HHN-EDI-01,2025-08-15,Oncology Ward,6.416666666666667,13.0,0.49358974358974356
HHN-EDI-01,2025-08-16,Oncology Ward,6.5,12.958333333333334,0.5018696581196581
HHN-EDI-01,2025-08-17,Oncology Ward,6.166666666666667,13.0,0.4743589743589743
HHN-EDI-01,2025-08-18,Oncology Ward,5.625,12.958333333333334,0.43429487179487175
HHN-EDI-01,2025-08-19,Oncology Ward,5.375,12.958333333333334,0.4147970085470085
HHN-EDI-01,2025-08-20,Oncology Ward,4.416666666666667,12.958333333333334,0.34107905982905984
HHN-EDI-01,2025-08-21,Oncology Ward,4.0,13.0,0.3076923076923077
HHN-EDI-01,2025-08-22,Oncology Ward,3.25,12.916666666666666,0.2521367521367521
HHN-EDI-01,2025-08-23,Oncology Ward,4.0,12.833333333333334,0.31196581196581197
HHN-EDI-01,2025-08-24,Oncology Ward,4.208333333333333,12.916666666666666,0.32558760683760685
HHN-EDI-01,2025-08-25,Oncology Ward,4.916666666666667,12.958333333333334,0.3795405982905982
HHN-EDI-01,2025-08-26,Oncology Ward,5.416666666666667,13.0,0.4166666666666667
HHN-EDI-01,2025-08-27,Oncology Ward,5.833333333333333,13.0,0.4487179487179487
HHN-EDI-01,2025-08-28,Oncology Ward,5.791666666666667,12.958333333333334,0.4468482905982906
HHN-EDI-01,2025-08-29,Oncology Ward,6.166666666666667,13.0,0.4743589743589743
HHN-EDI-01,2025-08-30,Oncology Ward,8.041666666666666,12.791666666666666,0.6290064102564102
HHN-EDI-01,2025-08-31,Oncology Ward,9.625,12.958333333333334,0.7427884615384616
HHN-EDI-01,2025-09-01,Oncology Ward,7.0,13.0,0.5384615384615384
HHN-EDI-01,2025-09-02,Oncology Ward,4.291666666666667,13.0,0.3301282051282051
HHN-EDI-01,2025-09-03,Oncology Ward,4.5,12.875,0.3498931623931623
HHN-EDI-01,2025-09-04,Oncology Ward,4.625,13.0,0.3557692307692308
HHN-EDI-01,2025-09-05,Oncology Ward,5.541666666666667,12.958333333333334,0.42735042735042733
HHN-EDI-01,2025-09-06,Oncology Ward,5.333333333333333,12.916666666666666,0.41292735042735035
HHN-EDI-01,2025-09-07,Oncology Ward,6.916666666666667,12.916666666666666,0.5355235042735043
HHN-EDI-01,2025-09-08,Oncology Ward,6.5,12.958333333333334,0.5018696581196581
HHN-EDI-01,2025-09-09,Oncology Ward,6.041666666666667,12.916666666666666,0.46768162393162394
HHN-EDI-01,2025-09-10,Oncology Ward,5.0,12.833333333333334,0.3899572649572649
HHN-EDI-01,2025-09-11,Oncology Ward,5.75,12.958333333333334,0.4436431623931623
HHN-EDI-01,2025-09-12,Oncology Ward,6.708333333333333,12.875,0.5211004273504273
HHN-EDI-01,2025-09-13,Oncology Ward,7.5,13.0,0.576923076923077
HHN-EDI-01,2025-09-14,Oncology Ward,8.125,12.875,0.6316773504273504
HHN-EDI-01,2025-09-15,Oncology Ward,8.833333333333334,13.0,0.6794871794871794
HHN-EDI-01,2025-09-16,Oncology Ward,8.625,12.791666666666666,0.6746794871794872
HHN-EDI-01,2025-09-17,Oncology Ward,12.208333333333334,12.958333333333334,0.9423076923076924
HHN-EDI-01,2025-09-18,Oncology Ward,10.958333333333334,12.916666666666666,0.8488247863247863
HHN-EDI-01,2025-09-19,Oncology Ward,10.166666666666666,12.875,0.7897970085470085
HHN-EDI-01,2025-09-20,Oncology Ward,9.166666666666666,12.958333333333334,0.7077991452991453
HHN-EDI-01,2025-09-21,Oncology Ward,10.0,12.958333333333334,0.7719017094017094
HHN-EDI-01,2025-09-22,Oncology Ward,8.791666666666666,13.0,0.6762820512820512
HHN-EDI-01,2025-09-23,Oncology Ward,10.416666666666666,12.875,0.8092948717948718
HHN-EDI-01,2025-09-24,Oncology Ward,10.291666666666666,13.0,0.7916666666666666
HHN-EDI-01,2025-09-25,Oncology Ward,12.125,12.958333333333334,0.9358974358974358
HHN-EDI-01,2025-09-26,Oncology Ward,11.583333333333334,12.916666666666666,0.8969017094017094
HHN-EDI-01,2025-09-27,Oncology Ward,11.125,13.0,0.8557692307692308
HHN-EDI-01,2025-09-28,Oncology Ward,10.041666666666666,13.0,0.7724358974358975
HHN-EDI-01,2025-09-29,Oncology Ward,9.833333333333334,12.916666666666666,0.7609508547008548
HHN-EDI-01,2025-09-30,Oncology Ward,8.791666666666666,12.958333333333334,0.6789529914529915
HHN-EDI-01,2025-10-01,Oncology Ward,7.083333333333333,12.875,0.5507478632478633
HHN-EDI-01,2025-10-02,Oncology Ward,7.291666666666667,12.958333333333334,0.562767094017094
HHN-EDI-01,2025-10-03,Oncology Ward,8.041666666666666,12.916666666666666,0.6228632478632479
HHN-EDI-01,2025-10-04,Oncology Ward,7.5,12.916666666666666,0.5809294871794871
HHN-EDI-01,2025-10-05,Oncology Ward,7.375,12.916666666666666,0.5713141025641025
HHN-EDI-01,2025-10-06,Oncology Ward,10.708333333333334,12.916666666666666,0.8287927350427351
HHN-EDI-01,2025-10-07,Oncology Ward,11.875,13.0,0.9134615384615387
HHN-EDI-01,2025-10-08,Oncology Ward,11.541666666666666,13.0,0.8878205128205129
HHN-EDI-01,2025-10-09,Oncology Ward,8.625,13.0,0.6634615384615384
HHN-EDI-01,2025-10-10,Oncology Ward,9.791666666666666,13.0,0.7532051282051282
HHN-EDI-01,2025-10-11,Oncology Ward,9.5,12.916666666666666,0.7361111111111112
HHN-EDI-01,2025-10-12,Oncology Ward,7.0,12.875,0.5443376068376068
HHN-EDI-01,2025-10-13,Oncology Ward,6.166666666666667,12.958333333333334,0.47622863247863245
HHN-EDI-01,2025-10-14,Oncology Ward,6.75,12.916666666666666,0.5227029914529914
HHN-EDI-01,2025-10-15,Oncology Ward,7.0,12.958333333333334,0.5403311965811965
HHN-EDI-01,2025-10-16,Oncology Ward,9.166666666666666,12.958333333333334,0.7077991452991453
HHN-EDI-01,2025-10-17,Oncology Ward,11.75,13.0,0.9038461538461541
HHN-EDI-01,2025-10-18,Oncology Ward,12.0,13.0,0.9230769230769232
HHN-EDI-01,2025-10-19,Oncology Ward,11.166666666666666,12.916666666666666,0.8648504273504275
HHN-EDI-01,2025-10-20,Oncology Ward,10.791666666666666,12.958333333333334,0.8330662393162394
HHN-EDI-01,2025-10-21,Oncology Ward,12.333333333333334,12.916666666666666,0.9551282051282052
HHN-EDI-01,2025-10-22,Oncology Ward,11.333333333333334,12.833333333333334,0.8838141025641026
HHN-EDI-01,2025-10-23,Oncology Ward,9.625,12.916666666666666,0.7457264957264957
HHN-EDI-01,2025-10-24,Oncology Ward,10.5,13.0,0.8076923076923076
HHN-EDI-01,2025-10-25,Oncology Ward,10.708333333333334,12.958333333333334,0.826655982905983
HHN-EDI-01,2025-10-26,Oncology Ward,10.25,12.958333333333334,0.7911324786324787
HHN-EDI-01,2025-10-27,Oncology Ward,9.833333333333334,12.958333333333334,0.7588141025641026
HHN-EDI-01,2025-10-28,Oncology Ward,10.958333333333334,12.916666666666666,0.8485576923076924
HHN-EDI-01,2025-10-29,Oncology Ward,12.916666666666666,12.916666666666666,1.0
HHN-EDI-01,2025-10-30,Oncology Ward,12.458333333333334,13.0,0.9583333333333334
HHN-EDI-01,2025-10-31,Oncology Ward,11.041666666666666,12.916666666666666,0.8552350427350427
HHN-EDI-01,2025-11-01,Oncology Ward,10.583333333333334,12.875,0.8226495726495727
HHN-EDI-01,2025-11-02,Oncology Ward,7.666666666666667,12.958333333333334,0.5916132478632479
HHN-EDI-01,2025-11-03,Oncology Ward,5.416666666666667,12.958333333333334,0.4182692307692308
HHN-EDI-01,2025-11-04,Oncology Ward,6.125,12.958333333333334,0.4727564102564102
HHN-EDI-01,2025-11-05,Oncology Ward,4.875,12.916666666666666,0.3774038461538461
HHN-EDI-01,2025-11-06,Oncology Ward,7.791666666666667,12.958333333333334,0.6009615384615384
HHN-EDI-01,2025-11-07,Oncology Ward,11.041666666666666,13.0,0.8493589743589745
HHN-EDI-01,2025-11-08,Oncology Ward,11.25,12.875,0.8750000000000001
HHN-EDI-01,2025-11-09,Oncology Ward,9.125,12.916666666666666,0.7067307692307692
HHN-EDI-01,2025-11-10,Oncology Ward,10.416666666666666,12.875,0.810630341880342
HHN-EDI-01,2025-11-11,Oncology Ward,12.708333333333334,13.0,0.9775641025641026
HHN-EDI-01,2025-11-12,Oncology Ward,12.833333333333334,13.0,0.9871794871794872
HHN-EDI-01,2025-11-13,Oncology Ward,12.5,12.875,0.9711538461538463
HHN-EDI-01,2025-11-14,Oncology Ward,12.666666666666666,12.916666666666666,0.9807692307692308
HHN-EDI-01,2025-11-15,Oncology Ward,12.916666666666666,12.916666666666666,1.0
HHN-EDI-01,2025-11-16,Oncology Ward,13.0,13.0,1.0
HHN-EDI-01,2025-11-17,Oncology Ward,12.916666666666666,12.916666666666666,1.0
HHN-EDI-01,2025-11-18,Oncology Ward,12.958333333333334,12.958333333333334,1.0
HHN-EDI-01,2025-11-19,Oncology Ward,12.958333333333334,12.958333333333334,1.0
HHN-EDI-01,2025-11-20,Oncology Ward,12.958333333333334,12.958333333333334,1.0
HHN-EDI-01,2025-11-21,Oncology Ward,12.958333333333334,12.958333333333334,1.0
HHN-EDI-01,2025-11-22,Oncology Ward,12.875,12.875,1.0
HHN-EDI-01,2025-11-23,Oncology Ward,12.958333333333334,12.958333333333334,1.0
HHN-EDI-01,2025-11-24,Oncology Ward,12.958333333333334,12.958333333333334,1.0
HHN-EDI-01,2025-11-25,Oncology Ward,12.833333333333334,12.833333333333334,1.0
HHN-EDI-01,2025-11-26,Oncology Ward,12.916666666666666,12.916666666666666,1.0
HHN-EDI-01,2025-11-27,Oncology Ward,12.958333333333334,12.958333333333334,1.0
HHN-EDI-01,2025-11-28,Oncology Ward,13.0,13.0,1.0
HHN-EDI-01,2025-11-29,Oncology Ward,12.958333333333334,12.958333333333334,1.0
HHN-EDI-01,2025-11-30,Oncology Ward,12.875,12.875,1.0
HHN-EDI-01,2025-12-01,Oncology Ward,12.916666666666666,12.916666666666666,1.0
HHN-EDI-01,2025-12-02,Oncology Ward,12.541666666666666,12.916666666666666,0.9708867521367521
HHN-EDI-01,2025-12-03,Oncology Ward,12.958333333333334,12.958333333333334,1.0
HHN-EDI-01,2025-12-04,Oncology Ward,12.916666666666666,12.916666666666666,1.0
HHN-EDI-01,2025-12-05,Oncology Ward,13.0,13.0,1.0
HHN-EDI-01,2025-12-06,Oncology Ward,12.875,12.875,1.0
HHN-EDI-01,2025-12-07,Oncology Ward,12.916666666666666,12.916666666666666,1.0
HHN-EDI-01,2025-12-08,Oncology Ward,12.916666666666666,13.0,0.9935897435897436
HHN-EDI-01,2025-12-09,Oncology Ward,11.875,12.875,0.9222756410256411
HHN-EDI-01,2025-12-10,Oncology Ward,11.416666666666666,12.916666666666666,0.8840811965811967
HHN-EDI-01,2025-12-11,Oncology Ward,8.0,12.875,0.6220619658119658
HHN-EDI-01,2025-12-12,Oncology Ward,8.5,12.875,0.6610576923076923
HHN-EDI-01,2025-12-13,Oncology Ward,6.875,12.916666666666666,0.5325854700854701
HHN-EDI-01,2025-12-14,Oncology Ward,6.333333333333333,12.875,0.49172008547008544
HHN-EDI-01,2025-12-15,Oncology Ward,9.041666666666666,12.916666666666666,0.7003205128205128
HHN-EDI-01,2025-12-16,Oncology Ward,10.541666666666666,12.916666666666666,0.8167735042735043
HHN-EDI-01,2025-12-17,Oncology Ward,11.375,12.958333333333334,0.8782051282051282
HHN-EDI-01,2025-12-18,Oncology Ward,12.125,12.875,0.9417735042735043
HHN-EDI-01,2025-12-19,Oncology Ward,12.125,12.916666666666666,0.9391025641025642
HHN-EDI-01,2025-12-20,Oncology Ward,10.208333333333334,12.875,0.7938034188034188
HHN-EDI-01,2025-12-21,Oncology Ward,9.708333333333334,12.833333333333334,0.7572115384615384
HHN-EDI-01,2025-12-22,Oncology Ward,11.291666666666666,12.916666666666666,0.8744658119658121
HHN-EDI-01,2025-12-23,Oncology Ward,11.625,12.916666666666666,0.9006410256410257
HHN-EDI-01,2025-12-24,Oncology Ward,12.083333333333334,12.875,0.9388354700854701
HHN-EDI-01,2025-12-25,Oncology Ward,12.666666666666666,13.0,0.9743589743589745
HHN-EDI-01,2025-12-26,Oncology Ward,11.541666666666666,12.916666666666666,0.8931623931623932
HHN-EDI-01,2025-12-27,Oncology Ward,9.875,12.833333333333334,0.7697649572649573
HHN-EDI-01,2025-12-28,Oncology Ward,11.125,12.75,0.8739316239316239
HHN-EDI-01,2025-12-29,Oncology Ward,11.625,12.833333333333334,0.9065170940170941
HHN-EDI-01,2025-12-30,Oncology Ward,12.583333333333334,12.958333333333334,0.9711538461538463
HHN-EDI-01,2025-12-31,Oncology Ward,12.791666666666666,12.791666666666666,1.0
HHN-LON-01,2024-01-01,Oncology Ward,1.1666666666666667,37.75,0.030973407618144447
HHN-LON-01,2024-01-02,Oncology Ward,4.541666666666667,37.791666666666664,0.1203482190324295
HHN-LON-01,2024-01-03,Oncology Ward,8.583333333333334,38.0,0.2258771929824561
HHN-LON-01,2024-01-04,Oncology Ward,15.25,37.833333333333336,0.40325077399380804
HHN-LON-01,2024-01-05,Oncology Ward,19.291666666666668,37.5,0.5149004418354264
HHN-LON-01,2024-01-06,Oncology Ward,23.0,37.791666666666664,0.609229004546342
HHN-LON-01,2024-01-07,Oncology Ward,24.75,37.5,0.6612667475283575
HHN-LON-01,2024-01-08,Oncology Ward,21.666666666666668,38.0,0.5701754385964912
HHN-LON-01,2024-01-09,Oncology Ward,22.416666666666668,38.0,0.5899122807017544
HHN-LON-01,2024-01-10,Oncology Ward,20.875,38.0,0.5493421052631579
HHN-LON-01,2024-01-11,Oncology Ward,23.0,37.625,0.6115784487495014
HHN-LON-01,2024-01-12,Oncology Ward,29.291666666666668,38.0,0.7708333333333334
HHN-LON-01,2024-01-13,Oncology Ward,30.708333333333332,37.291666666666664,0.8246763930006965
HHN-LON-01,2024-01-14,Oncology Ward,34.208333333333336,37.375,0.9164559296138243
HHN-LON-01,2024-01-15,Oncology Ward,36.25,37.833333333333336,0.9583333333333334
HHN-LON-01,2024-01-16,Oncology Ward,33.208333333333336,37.791666666666664,0.8790498204971889
HHN-LON-01,2024-01-17,Oncology Ward,34.25,37.541666666666664,0.9132481940144479
HHN-LON-01,2024-01-18,Oncology Ward,37.458333333333336,37.875,0.9890350877192983
HHN-LON-01,2024-01-19,Oncology Ward,34.833333333333336,37.541666666666664,0.9287280701754385
HHN-LON-01,2024-01-20,Oncology Ward,34.583333333333336,37.5,0.9232456140350876
HHN-LON-01,2024-01-21,Oncology Ward,33.625,37.458333333333336,0.8986747170957696
HHN-LON-01,2024-01-22,Oncology Ward,35.041666666666664,37.708333333333336,0.9298245614035087
HHN-LON-01,2024-01-23,Oncology Ward,37.208333333333336,37.875,0.9824561403508771
HHN-LON-01,2024-01-24,Oncology Ward,37.791666666666664,37.791666666666664,1.0
HHN-LON-01,2024-01-25,Oncology Ward,35.791666666666664,37.541666666666664,0.9536893704850361
HHN-LON-01,2024-01-26,Oncology Ward,33.75,37.5,0.9010338345864661
HHN-LON-01,2024-01-27,Oncology Ward,31.916666666666668,37.416666666666664,0.8541319957728626
HHN-LON-01,2024-01-28,Oncology Ward,29.708333333333332,37.333333333333336,0.7967190704032809
HHN-LON-01,2024-01-29,Oncology Ward,30.291666666666668,37.958333333333336,0.79800853485064
HHN-LON-01,2024-01-30,Oncology Ward,34.083333333333336,37.833333333333336,0.9013157894736842
HHN-LON-01,2024-01-31,Oncology Ward,33.208333333333336,37.791666666666664,0.8789611980401454
HHN-LON-01,2024-02-01,Oncology Ward,36.458333333333336,37.875,0.962531328320802
HHN-LON-01,2024-02-02,Oncology Ward,37.916666666666664,37.916666666666664,1.0
HHN-LON-01,2024-02-03,Oncology Ward,37.791666666666664,37.833333333333336,0.9989035087719298
HHN-LON-01,2024-02-04,Oncology Ward,36.458333333333336,37.666666666666664,0.9682017543859649
HHN-LON-01,2024-02-05,Oncology Ward,35.458333333333336,37.666666666666664,0.9418250487329435
HHN-LON-01,2024-02-06,Oncology Ward,33.541666666666664,37.375,0.8986820605435156
HHN-LON-01,2024-02-07,Oncology Ward,31.083333333333332,37.666666666666664,0.8256973110881779
HHN-LON-01,2024-02-08,Oncology Ward,31.666666666666668,37.916666666666664,0.8352003319108582
HHN-LON-01,2024-02-09,Oncology Ward,32.375,37.791666666666664,0.8570499679245809
HHN-LON-01,2024-02-10,Oncology Ward,29.791666666666668,37.541666666666664,0.7946797139908596
HHN-LON-01,2024-02-11,Oncology Ward,27.625,37.791666666666664,0.7311560150375941
HHN-LON-01,2024-02-12,Oncology Ward,25.125,37.541666666666664,0.6702753802212006
HHN-LON-01,2024-02-13,Oncology Ward,24.333333333333332,37.791666666666664,0.6445042530568846
HHN-LON-01,2024-02-14,Oncology Ward,28.083333333333332,37.791666666666664,0.7440191387559808
HHN-LON-01,2024-02-15,Oncology Ward,28.916666666666668,37.916666666666664,0.7627923976608187
HHN-LON-01,2024-02-16,Oncology Ward,34.166666666666664,37.875,0.902201543648912
HHN-LON-01,2024-02-17,Oncology Ward,36.416666666666664,37.75,0.9648233760075865
HHN-LON-01,2024-02-18,Oncology Ward,36.083333333333336,37.791666666666664,0.9550438596491229
HHN-LON-01,2024-02-19,Oncology Ward,37.833333333333336,37.916666666666664,0.9978070175438596
HHN-LON-01,2024-02-20,Oncology Ward,37.166666666666664,37.583333333333336,0.9890350877192983
HHN-LON-01,2024-02-21,Oncology Ward,37.708333333333336,37.875,0.9956140350877193
HHN-LON-01,2024-02-22,Oncology Ward,37.333333333333336,37.541666666666664,0.9945175438596491
HHN-LON-01,2024-02-23,Oncology Ward,37.125,37.166666666666664,0.9989035087719298
HHN-LON-01,2024-02-24,Oncology Ward,33.333333333333336,37.541666666666664,0.8889498050682261
HHN-LON-01,2024-02-25,Oncology Ward,34.458333333333336,37.75,0.9131335282651073
HHN-LON-01,2024-02-26,Oncology Ward,33.166666666666664,37.875,0.8760025062656642
HHN-LON-01,2024-02-27,Oncology Ward,27.5,37.875,0.7264097744360902
HHN-LON-01,2024-02-28,Oncology Ward,28.541666666666668,37.625,0.7595964772822358
HHN-LON-01,2024-02-29,Oncology Ward,33.333333333333336,37.458333333333336,0.8909601972101971
HHN-LON-01,2024-03-01,Oncology Ward,32.708333333333336,38.0,0.8607456140350878
HHN-LON-01,2024-03-02,Oncology Ward,30.625,37.666666666666664,0.8133212629923157
HHN-LON-01,2024-03-03,Oncology Ward,25.583333333333332,37.916666666666664,0.6747273589378854
HHN-LON-01,2024-03-04,Oncology Ward,30.458333333333332,37.833333333333336,0.8054714488925016
HHN-LON-01,2024-03-05,Oncology Ward,34.541666666666664,37.708333333333336,0.9164786967418547
HHN-LON-01,2024-03-06,Oncology Ward,36.541666666666664,37.708333333333336,0.9692042606516291
HHN-LON-01,2024-03-07,Oncology Ward,37.75,37.75,1.0
HHN-LON-01,2024-03-08,Oncology Ward,37.791666666666664,37.791666666666664,1.0
HHN-LON-01,2024-03-09,Oncology Ward,37.666666666666664,37.666666666666664,1.0
HHN-LON-01,2024-03-10,Oncology Ward,37.041666666666664,37.791666666666664,0.9802631578947368
HHN-LON-01,2024-03-11,Oncology Ward,34.25,37.791666666666664,0.9066797060218112
HHN-LON-01,2024-03-12,Oncology Ward,36.166666666666664,37.541666666666664,0.963754873294347
HHN-LON-01,2024-03-13,Oncology Ward,31.125,37.791666666666664,0.8245614035087719
HHN-LON-01,2024-03-14,Oncology Ward,31.5,38.0,0.8289473684210527
HHN-LON-01,2024-03-15,Oncology Ward,33.375,38.0,0.8782894736842105
HHN-LON-01,2024-03-16,Oncology Ward,26.666666666666668,37.916666666666664,0.7033250355618778
HHN-LON-01,2024-03-17,Oncology Ward,29.833333333333332,37.125,0.8050865800865802
HHN-LON-01,2024-03-18,Oncology Ward,31.708333333333332,37.958333333333336,0.835318871503082
HHN-LON-01,2024-03-19,Oncology Ward,31.791666666666668,37.833333333333336,0.840750773993808
HHN-LON-01,2024-03-20,Oncology Ward,29.583333333333332,37.916666666666664,0.780214424951267
HHN-LON-01,2024-03-21,Oncology Ward,29.916666666666668,38.0,0.787280701754386
HHN-LON-01,2024-03-22,Oncology Ward,31.125,38.0,0.8190789473684211
HHN-LON-01,2024-03-23,Oncology Ward,29.875,37.666666666666664,0.7933027011974381
HHN-LON-01,2024-03-24,Oncology Ward,26.25,37.875,0.6932343527738265
HHN-LON-01,2024-03-25,Oncology Ward,27.75,38.0,0.7302631578947368
HHN-LON-01,2024-03-26,Oncology Ward,26.083333333333332,37.833333333333336,0.6893884015594542
HHN-LON-01,2024-03-27,Oncology Ward,34.458333333333336,37.916666666666664,0.9086866471734892
HHN-LON-01,2024-03-28,Oncology Ward,33.333333333333336,38.0,0.8771929824561403
HHN-LON-01,2024-03-29,Oncology Ward,26.625,37.791666666666664,0.7054758107389687
HHN-LON-01,2024-03-30,Oncology Ward,24.625,37.791666666666664,0.652345826687932
HHN-LON-01,2024-03-31,Oncology Ward,22.666666666666668,37.75,0.600916706179864
HHN-LON-01,2024-04-01,Oncology Ward,18.75,37.708333333333336,0.49772702268832303
HHN-LON-01,2024-04-02,Oncology Ward,18.291666666666668,37.958333333333336,0.48177453769559025
HHN-LON-01,2024-04-03,Oncology Ward,22.291666666666668,38.0,0.5866228070175439
HHN-LON-01,2024-04-04,Oncology Ward,28.0,38.0,0.736842105263158
HHN-LON-01,2024-04-05,Oncology Ward,30.625,38.0,0.8059210526315789
HHN-LON-01,2024-04-06,Oncology Ward,30.708333333333332,37.833333333333336,0.8119115355957461
HHN-LON-01,2024-04-07,Oncology Ward,28.0,37.708333333333336,0.7429724880382774
HHN-LON-01,2024-04-08,Oncology Ward,29.875,37.958333333333336,0.7870732574679943
HHN-LON-01,2024-04-09,Oncology Ward,31.541666666666668,37.791666666666664,0.8351940457203614
HHN-LON-01,2024-04-10,Oncology Ward,36.75,37.958333333333336,0.9682017543859649
HHN-LON-01,2024-04-11,Oncology Ward,35.208333333333336,38.0,0.9265350877192983
HHN-LON-01,2024-04-12,Oncology Ward,34.416666666666664,37.75,0.9121028923660502
HHN-LON-01,2024-04-13,Oncology Ward,31.333333333333332,37.666666666666664,0.8328173374613003
HHN-LON-01,2024-04-14,Oncology Ward,27.0,37.833333333333336,0.7140092879256965
HHN-LON-01,2024-04-15,Oncology Ward,25.5,37.916666666666664,0.6725755360623782
HHN-LON-01,2024-04-16,Oncology Ward,23.875,38.0,0.6282894736842105
HHN-LON-01,2024-04-17,Oncology Ward,23.416666666666668,38.0,0.6162280701754387
HHN-LON-01,2024-04-18,Oncology Ward,22.666666666666668,37.791666666666664,0.600010808021644
HHN-LON-01,2024-04-19,Oncology Ward,24.625,37.916666666666664,0.6496101364522417
HHN-LON-01,2024-04-20,Oncology Ward,24.25,37.708333333333336,0.6437675070028012
HHN-LON-01,2024-04-21,Oncology Ward,21.333333333333332,38.0,0.5614035087719298
HHN-LON-01,2024-04-22,Oncology Ward,24.333333333333332,38.0,0.6403508771929824
HHN-LON-01,2024-04-23,Oncology Ward,31.125,38.0,0.8190789473684211
HHN-LON-01,2024-04-24,Oncology Ward,35.541666666666664,37.791666666666664,0.9407894736842105
HHN-LON-01,2024-04-25,Oncology Ward,37.25,37.791666666666664,0.9857456140350878
HHN-LON-01,2024-04-26,Oncology Ward,37.291666666666664,37.833333333333336,0.9857456140350878
HHN-LON-01,2024-04-27,Oncology Ward,34.541666666666664,37.916666666666664,0.9110623781676414
HHN-LON-01,2024-04-28,Oncology Ward,31.666666666666668,37.708333333333336,0.8406432748538012
HHN-LON-01,2024-04-29,Oncology Ward,31.541666666666668,37.666666666666664,0.8385754175227859
HHN-LON-01,2024-04-30,Oncology Ward,33.375,37.958333333333336,0.8792674253200569
HHN-LON-01,2024-05-01,Oncology Ward,32.541666666666664,37.875,0.8592260023181075
HHN-LON-01,2024-05-02,Oncology Ward,30.416666666666668,38.0,0.8004385964912281
HHN-LON-01,2024-05-03,Oncology Ward,32.333333333333336,38.0,0.8508771929824562
HHN-LON-01,2024-05-04,Oncology Ward,28.5,37.833333333333336,0.753482972136223
HHN-LON-01,2024-05-05,Oncology Ward,24.25,37.666666666666664,0.6439697771934614
HHN-LON-01,2024-05-06,Oncology Ward,20.791666666666668,37.666666666666664,0.5527777777777777
HHN-LON-01,2024-05-07,Oncology Ward,22.333333333333332,37.625,0.5939718391343778
HHN-LON-01,2024-05-08,Oncology Ward,25.25,38.0,0.6644736842105263
HHN-LON-01,2024-05-09,Oncology Ward,25.5,37.833333333333336,0.6745356037151703
HHN-LON-01,2024-05-10,Oncology Ward,29.708333333333332,37.791666666666664,0.7867822966507177
HHN-LON-01,2024-05-11,Oncology Ward,25.0,37.916666666666664,0.6592579421526791
HHN-LON-01,2024-05-12,Oncology Ward,17.75,37.791666666666664,0.4699310378489945
HHN-LON-01,2024-05-13,Oncology Ward,16.041666666666668,37.416666666666664,0.4293185615554036
HHN-LON-01,2024-05-14,Oncology Ward,14.958333333333334,38.0,0.3936403508771929
HHN-LON-01,2024-05-15,Oncology Ward,19.041666666666668,37.916666666666664,0.502375730994152
HHN-LON-01,2024-05-16,Oncology Ward,22.0,38.0,0.5789473684210527
HHN-LON-01,2024-05-17,Oncology Ward,25.291666666666668,37.75,0.669995653548285
HHN-LON-01,2024-05-18,Oncology Ward,21.833333333333332,37.833333333333336,0.5775283797729619
HHN-LON-01,2024-05-19,Oncology Ward,23.291666666666668,37.833333333333336,0.6161635706914345
HHN-LON-01,2024-05-20,Oncology Ward,24.833333333333332,38.0,0.6535087719298246
HHN-LON-01,2024-05-21,Oncology Ward,28.625,38.0,0.7532894736842105
HHN-LON-01,2024-05-22,Oncology Ward,34.458333333333336,37.916666666666664,0.9089912280701755
HHN-LON-01,2024-05-23,Oncology Ward,36.833333333333336,37.916666666666664,0.9714912280701754
HHN-LON-01,2024-05-24,Oncology Ward,35.25,37.75,0.9342105263157895
HHN-LON-01,2024-05-25,Oncology Ward,32.166666666666664,37.958333333333336,0.8474988146040777
HHN-LON-01,2024-05-26,Oncology Ward,27.583333333333332,37.666666666666664,0.7333988380041011
HHN-LON-01,2024-05-27,Oncology Ward,21.25,37.541666666666664,0.5662706137744837
HHN-LON-01,2024-05-28,Oncology Ward,18.5,37.75,0.49026057791537664
HHN-LON-01,2024-05-29,Oncology Ward,20.375,37.791666666666664,0.5392278888795917
HHN-LON-01,2024-05-30,Oncology Ward,23.5,37.75,0.6231195310142679
HHN-LON-01,2024-05-31,Oncology Ward,23.916666666666668,37.625,0.6360588972431077
HHN-LON-01,2024-06-01,Oncology Ward,24.875,37.666666666666664,0.66062521499828
HHN-LON-01,2024-06-02,Oncology Ward,23.833333333333332,37.75,0.6321379428964568
HHN-LON-01,2024-06-03,Oncology Ward,22.291666666666668,37.75,0.5909593804330646
HHN-LON-01,2024-06-04,Oncology Ward,21.666666666666668,38.0,0.5701754385964912
HHN-LON-01,2024-06-05,Oncology Ward,24.958333333333332,37.916666666666664,0.6583211500974658
HHN-LON-01,2024-06-06,Oncology Ward,30.125,38.0,0.7927631578947368
HHN-LON-01,2024-06-07,Oncology Ward,34.666666666666664,37.708333333333336,0.9198343079922027
HHN-LON-01,2024-06-08,Oncology Ward,29.75,37.833333333333336,0.7866357069143447
HHN-LON-01,2024-06-09,Oncology Ward,24.25,37.791666666666664,0.6424774056353003
HHN-LON-01,2024-06-10,Oncology Ward,25.125,37.958333333333336,0.6619843527738265
HHN-LON-01,2024-06-11,Oncology Ward,31.75,38.0,0.8355263157894738
HHN-LON-01,2024-06-12,Oncology Ward,37.791666666666664,37.791666666666664,1.0
HHN-LON-01,2024-06-13,Oncology Ward,37.708333333333336,37.708333333333336,1.0
HHN-LON-01,2024-06-14,Oncology Ward,38.0,38.0,1.0
HHN-LON-01,2024-06-15,Oncology Ward,37.333333333333336,37.75,0.9890350877192983
HHN-LON-01,2024-06-16,Oncology Ward,33.125,37.75,0.8781954887218045
HHN-LON-01,2024-06-17,Oncology Ward,26.958333333333332,37.916666666666664,0.7110004741583689
HHN-LON-01,2024-06-18,Oncology Ward,28.416666666666668,38.0,0.7478070175438596
HHN-LON-01,2024-06-19,Oncology Ward,31.375,38.0,0.8256578947368421
HHN-LON-01,2024-06-20,Oncology Ward,28.0,37.791666666666664,0.7414938862307284
HHN-LON-01,2024-06-21,Oncology Ward,31.333333333333332,37.708333333333336,0.8311015860357966
HHN-LON-01,2024-06-22,Oncology Ward,27.291666666666668,37.958333333333336,0.7188833570412517
HHN-LON-01,2024-06-23,Oncology Ward,22.0,37.791666666666664,0.5824076785764093
HHN-LON-01,2024-06-24,Oncology Ward,25.0,37.75,0.6622484520123839
HHN-LON-01,2024-06-25,Oncology Ward,27.75,37.833333333333336,0.7336135477582846
HHN-LON-01,2024-06-26,Oncology Ward,29.666666666666668,38.0,0.7807017543859649
HHN-LON-01,2024-06-27,Oncology Ward,33.333333333333336,37.75,0.8837719298245613
HHN-LON-01,2024-06-28,Oncology Ward,35.916666666666664,37.583333333333336,0.956140350877193
HHN-LON-01,2024-06-29,Oncology Ward,33.166666666666664,37.75,0.878755303290907
HHN-LON-01,2024-06-30,Oncology Ward,28.791666666666668,37.625,0.7664154258194507
HHN-LON-01,2024-07-01,Oncology Ward,24.791666666666668,37.958333333333336,0.6530642484589854
HHN-LON-01,2024-07-02,Oncology Ward,27.083333333333332,37.875,0.7150689223057644
HHN-LON-01,2024-07-03,Oncology Ward,30.083333333333332,38.0,0.7916666666666666
HHN-LON-01,2024-07-04,Oncology Ward,28.208333333333332,37.916666666666664,0.7441520467836257
HHN-LON-01,2024-07-05,Oncology Ward,28.166666666666668,37.833333333333336,0.7445658064079117
HHN-LON-01,2024-07-06,Oncology Ward,27.791666666666668,37.833333333333336,0.735068244936666
HHN-LON-01,2024-07-07,Oncology Ward,23.375,37.75,0.619696709092994
HHN-LON-01,2024-07-08,Oncology Ward,19.958333333333332,38.0,0.5252192982456141
HHN-LON-01,2024-07-09,Oncology Ward,27.166666666666668,38.0,0.7149122807017544
HHN-LON-01,2024-07-10,Oncology Ward,30.208333333333332,37.625,0.8036068893267035
HHN-LON-01,2024-07-11,Oncology Ward,32.375,37.958333333333336,0.8529220009483168
HHN-LON-01,2024-07-12,Oncology Ward,30.333333333333332,37.833333333333336,0.8022445820433437
HHN-LON-01,2024-07-13,Oncology Ward,28.375,37.625,0.754571676940098
HHN-LON-01,2024-07-14,Oncology Ward,22.5,37.333333333333336,0.6032027577112716
HHN-LON-01,2024-07-15,Oncology Ward,21.291666666666668,38.0,0.5603070175438597
HHN-LON-01,2024-07-16,Oncology Ward,23.083333333333332,37.958333333333336,0.6081377430061641
HHN-LON-01,2024-07-17,Oncology Ward,23.75,37.916666666666664,0.6263632053105738
HHN-LON-01,2024-07-18,Oncology Ward,28.458333333333332,37.625,0.7574995309128436
HHN-LON-01,2024-07-19,Oncology Ward,30.208333333333332,37.833333333333336,0.7989551083591331
HHN-LON-01,2024-07-20,Oncology Ward,27.916666666666668,38.0,0.7346491228070176
HHN-LON-01,2024-07-21,Oncology Ward,24.208333333333332,37.416666666666664,0.6483433722210812
HHN-LON-01,2024-07-22,Oncology Ward,20.291666666666668,37.791666666666664,0.5373139287612972
HHN-LON-01,2024-07-23,Oncology Ward,18.875,38.0,0.49671052631578944
HHN-LON-01,2024-07-24,Oncology Ward,23.0,38.0,0.6052631578947368
HHN-LON-01,2024-07-25,Oncology Ward,27.458333333333332,37.875,0.724937343358396
HHN-LON-01,2024-07-26,Oncology Ward,28.125,37.625,0.7482998848130427
HHN-LON-01,2024-07-27,Oncology Ward,25.416666666666668,37.583333333333336,0.6771344396344396
HHN-LON-01,2024-07-28,Oncology Ward,24.0,38.0,0.6315789473684211
HHN-LON-01,2024-07-29,Oncology Ward,24.416666666666668,37.791666666666664,0.646697235513025
HHN-LON-01,2024-07-30,Oncology Ward,25.25,37.666666666666664,0.6701252833992771
HHN-LON-01,2024-07-31,Oncology Ward,27.125,38.0,0.7138157894736842
HHN-LON-01,2024-08-01,Oncology Ward,27.75,37.875,0.7328947368421052
HHN-LON-01,2024-08-02,Oncology Ward,26.958333333333332,38.0,0.7094298245614036
HHN-LON-01,2024-08-03,Oncology Ward,20.375,37.291666666666664,0.547103517111257
HHN-LON-01,2024-08-04,Oncology Ward,20.666666666666668,37.75,0.5477349059585902
HHN-LON-01,2024-08-05,Oncology Ward,19.541666666666668,37.708333333333336,0.5186292752082226
HHN-LON-01,2024-08-06,Oncology Ward,17.75,37.791666666666664,0.4697634237107921
HHN-LON-01,2024-08-07,Oncology Ward,19.5,38.0,0.5131578947368421
HHN-LON-01,2024-08-08,Oncology Ward,20.5,38.0,0.5394736842105263
HHN-LON-01,2024-08-09,Oncology Ward,21.875,38.0,0.5756578947368421
HHN-LON-01,2024-08-10,Oncology Ward,22.75,38.0,0.5986842105263158
HHN-LON-01,2024-08-11,Oncology Ward,24.958333333333332,37.916666666666664,0.658321150097466
HHN-LON-01,2024-08-12,Oncology Ward,24.25,37.916666666666664,0.6396198830409356
HHN-LON-01,2024-08-13,Oncology Ward,24.5,37.916666666666664,0.6461988304093568
HHN-LON-01,2024-08-14,Oncology Ward,24.291666666666668,37.75,0.6438024712018521
HHN-LON-01,2024-08-15,Oncology Ward,23.416666666666668,37.875,0.618401296032875
HHN-LON-01,2024-08-16,Oncology Ward,25.375,38.0,0.6677631578947368
HHN-LON-01,2024-08-17,Oncology Ward,20.0,38.0,0.5263157894736842
HHN-LON-01,2024-08-18,Oncology Ward,19.5,37.708333333333336,0.5176175733451275
HHN-LON-01,2024-08-19,Oncology Ward,19.291666666666668,37.583333333333336,0.5140352459431407
HHN-LON-01,2024-08-20,Oncology Ward,21.125,37.791666666666664,0.5594098883572568
HHN-LON-01,2024-08-21,Oncology Ward,21.666666666666668,37.958333333333336,0.5707681365576103
HHN-LON-01,2024-08-22,Oncology Ward,18.75,37.875,0.49492481203007516
HHN-LON-01,2024-08-23,Oncology Ward,16.708333333333332,38.0,0.43969298245614036
HHN-LON-01,2024-08-24,Oncology Ward,17.958333333333332,37.666666666666664,0.4770702093070514
HHN-LON-01,2024-08-25,Oncology Ward,15.958333333333334,37.625,0.4248827000374988
HHN-LON-01,2024-08-26,Oncology Ward,11.833333333333334,37.75,0.3137527479632743
HHN-LON-01,2024-08-27,Oncology Ward,11.958333333333334,37.958333333333336,0.3150189663347558
HHN-LON-01,2024-08-28,Oncology Ward,12.833333333333334,37.416666666666664,0.3437157957281796
HHN-LON-01,2024-08-29,Oncology Ward,12.0,37.791666666666664,0.31778309409888356
HHN-LON-01,2024-08-30,Oncology Ward,12.375,38.0,0.3256578947368421
HHN-LON-01,2024-08-31,Oncology Ward,15.583333333333334,37.291666666666664,0.4185174237805816
HHN-LON-01,2024-09-01,Oncology Ward,17.458333333333332,37.5,0.4660838802092671
HHN-LON-01,2024-09-02,Oncology Ward,16.083333333333332,37.541666666666664,0.4292614983404457
HHN-LON-01,2024-09-03,Oncology Ward,17.625,37.958333333333336,0.46426031294452347
HHN-LON-01,2024-09-04,Oncology Ward,20.291666666666668,37.875,0.5356829573934837
HHN-LON-01,2024-09-05,Oncology Ward,27.75,37.791666666666664,0.734416533758639
HHN-LON-01,2024-09-06,Oncology Ward,23.458333333333332,38.0,0.6173245614035088
HHN-LON-01,2024-09-07,Oncology Ward,20.25,37.541666666666664,0.5404737167508066
HHN-LON-01,2024-09-08,Oncology Ward,20.083333333333332,37.708333333333336,0.533062435500516
HHN-LON-01,2024-09-09,Oncology Ward,20.916666666666668,37.75,0.5541079004701296
HHN-LON-01,2024-09-10,Oncology Ward,25.916666666666668,38.0,0.6820175438596491
HHN-LON-01,2024-09-11,Oncology Ward,26.916666666666668,38.0,0.7083333333333334
HHN-LON-01,2024-09-12,Oncology Ward,26.375,38.0,0.6940789473684211
HHN-LON-01,2024-09-13,Oncology Ward,23.875,37.625,0.6353726897457548
HHN-LON-01,2024-09-14,Oncology Ward,21.375,37.5,0.569886521860206
HHN-LON-01,2024-09-15,Oncology Ward,18.625,37.666666666666664,0.4950335397316821
HHN-LON-01,2024-09-16,Oncology Ward,20.541666666666668,38.0,0.5405701754385964
HHN-LON-01,2024-09-17,Oncology Ward,26.25,38.0,0.6907894736842105
HHN-LON-01,2024-09-18,Oncology Ward,29.125,38.0,0.7664473684210527
HHN-LON-01,2024-09-19,Oncology Ward,29.625,37.583333333333336,0.7887623470440808
HHN-LON-01,2024-09-20,Oncology Ward,28.833333333333332,37.75,0.7640350877192983
HHN-LON-01,2024-09-21,Oncology Ward,29.291666666666668,38.0,0.7708333333333334
HHN-LON-01,2024-09-22,Oncology Ward,24.958333333333332,37.833333333333336,0.659765221878225
HHN-LON-01,2024-09-23,Oncology Ward,24.958333333333332,37.916666666666664,0.6580774853801169
HHN-LON-01,2024-09-24,Oncology Ward,28.625,37.541666666666664,0.7633339080707501
HHN-LON-01,2024-09-25,Oncology Ward,31.0,38.0,0.8157894736842105
HHN-LON-01,2024-09-26,Oncology Ward,33.208333333333336,37.708333333333336,0.8807150451887295
HHN-LON-01,2024-09-27,Oncology Ward,36.125,37.708333333333336,0.9583333333333334
HHN-LON-01,2024-09-28,Oncology Ward,35.166666666666664,37.75,0.9317738791423001
HHN-LON-01,2024-09-29,Oncology Ward,27.875,37.875,0.7361802592065749
HHN-LON-01,2024-09-30,Oncology Ward,27.458333333333332,37.875,0.7250313283208021
HHN-LON-01,2024-10-01,Oncology Ward,25.916666666666668,38.0,0.6820175438596491
HHN-LON-01,2024-10-02,Oncology Ward,26.166666666666668,37.916666666666664,0.6900584795321637
HHN-LON-01,2024-10-03,Oncology Ward,28.416666666666668,38.0,0.7478070175438596
HHN-LON-01,2024-10-04,Oncology Ward,27.833333333333332,37.708333333333336,0.7385865231259968
HHN-LON-01,2024-10-05,Oncology Ward,23.541666666666668,37.625,0.626581302664894
HHN-LON-01,2024-10-06,Oncology Ward,18.416666666666668,37.375,0.49407673223462695
HHN-LON-01,2024-10-07,Oncology Ward,22.75,37.708333333333336,0.6041334396597554
HHN-LON-01,2024-10-08,Oncology Ward,25.083333333333332,37.708333333333336,0.6655369484316853
HHN-LON-01,2024-10-09,Oncology Ward,27.625,37.833333333333336,0.7301986584107327
HHN-LON-01,2024-10-10,Oncology Ward,31.0,37.791666666666664,0.820773524720893
HHN-LON-01,2024-10-11,Oncology Ward,32.916666666666664,37.541666666666664,0.877719728242174
HHN-LON-01,2024-10-12,Oncology Ward,31.666666666666668,38.0,0.8333333333333334
HHN-LON-01,2024-10-13,Oncology Ward,30.25,37.958333333333336,0.7969713134186819
HHN-LON-01,2024-10-14,Oncology Ward,30.25,37.916666666666664,0.7978010905642484
HHN-LON-01,2024-10-15,Oncology Ward,30.583333333333332,38.0,0.8048245614035087
HHN-LON-01,2024-10-16,Oncology Ward,29.458333333333332,37.875,0.7779448621553885
HHN-LON-01,2024-10-17,Oncology Ward,34.166666666666664,37.791666666666664,0.9046052631578947
HHN-LON-01,2024-10-18,Oncology Ward,35.041666666666664,37.791666666666664,0.9276315789473685
HHN-LON-01,2024-10-19,Oncology Ward,32.25,37.583333333333336,0.8592731829573935
HHN-LON-01,2024-10-20,Oncology Ward,33.708333333333336,37.625,0.8968112849691797
HHN-LON-01,2024-10-21,Oncology Ward,35.125,37.958333333333336,0.9254385964912281
HHN-LON-01,2024-10-22,Oncology Ward,35.208333333333336,37.916666666666664,0.9286671539961014
HHN-LON-01,2024-10-23,Oncology Ward,34.375,38.0,0.9046052631578947
HHN-LON-01,2024-10-24,Oncology Ward,33.291666666666664,37.916666666666664,0.8780458089668616
HHN-LON-01,2024-10-25,Oncology Ward,30.125,37.916666666666664,0.7946515594541911
HHN-LON-01,2024-10-26,Oncology Ward,30.875,37.5,0.8241541353383459
HHN-LON-01,2024-10-27,Oncology Ward,29.166666666666668,38.0,0.7675438596491229
HHN-LON-01,2024-10-28,Oncology Ward,31.416666666666668,37.875,0.8299498746867168
HHN-LON-01,2024-10-29,Oncology Ward,35.916666666666664,38.0,0.9451754385964913
HHN-LON-01,2024-10-30,Oncology Ward,37.666666666666664,37.666666666666664,1.0
HHN-LON-01,2024-10-31,Oncology Ward,37.333333333333336,37.375,0.9989035087719298
HHN-LON-01,2024-11-01,Oncology Ward,36.833333333333336,37.5,0.9822681704260652
HHN-LON-01,2024-11-02,Oncology Ward,37.625,37.625,1.0
HHN-LON-01,2024-11-03,Oncology Ward,38.0,38.0,1.0
HHN-LON-01,2024-11-04,Oncology Ward,37.583333333333336,37.583333333333336,1.0
HHN-LON-01,2024-11-05,Oncology Ward,38.0,38.0,1.0
HHN-LON-01,2024-11-06,Oncology Ward,37.0,37.708333333333336,0.981359649122807
HHN-LON-01,2024-11-07,Oncology Ward,37.5,37.833333333333336,0.9912280701754387
HHN-LON-01,2024-11-08,Oncology Ward,37.083333333333336,38.0,0.9758771929824562
HHN-LON-01,2024-11-09,Oncology Ward,35.875,37.75,0.9505342748763801
HHN-LON-01,2024-11-10,Oncology Ward,34.125,37.958333333333336,0.8990042674253201
HHN-LON-01,2024-11-11,Oncology Ward,33.916666666666664,37.75,0.8990042674253199
HHN-LON-01,2024-11-12,Oncology Ward,33.25,38.0,0.875
HHN-LON-01,2024-11-13,Oncology Ward,35.625,38.0,0.9375
HHN-LON-01,2024-11-14,Oncology Ward,33.958333333333336,37.666666666666664,0.9024122807017544
HHN-LON-01,2024-11-15,Oncology Ward,33.333333333333336,37.875,0.8803884711779449
HHN-LON-01,2024-11-16,Oncology Ward,32.041666666666664,37.541666666666664,0.8543870606564106
HHN-LON-01,2024-11-17,Oncology Ward,31.291666666666668,37.5,0.8352806593131671
HHN-LON-01,2024-11-18,Oncology Ward,29.083333333333332,37.833333333333336,0.7685069938359411
HHN-LON-01,2024-11-19,Oncology Ward,30.958333333333332,38.0,0.8146929824561403
HHN-LON-01,2024-11-20,Oncology Ward,33.083333333333336,37.75,0.8764411027568921
HHN-LON-01,2024-11-21,Oncology Ward,30.916666666666668,37.416666666666664,0.8281909653813678
HHN-LON-01,2024-11-22,Oncology Ward,27.583333333333332,38.0,0.7258771929824562
HHN-LON-01,2024-11-23,Oncology Ward,27.375,37.625,0.7279553049289892
HHN-LON-01,2024-11-24,Oncology Ward,22.458333333333332,37.791666666666664,0.5951621477937268
HHN-LON-01,2024-11-25,Oncology Ward,25.458333333333332,37.916666666666664,0.6716617933723197
HHN-LON-01,2024-11-26,Oncology Ward,28.458333333333332,37.833333333333336,0.7524537695590326
HHN-LON-01,2024-11-27,Oncology Ward,36.25,37.916666666666664,0.956140350877193
HHN-LON-01,2024-11-28,Oncology Ward,37.291666666666664,37.75,0.9879385964912281
HHN-LON-01,2024-11-29,Oncology Ward,37.75,38.0,0.9934210526315789
HHN-LON-01,2024-11-30,Oncology Ward,37.75,37.75,1.0
HHN-LON-01,2024-12-01,Oncology Ward,35.5,37.958333333333336,0.9353070175438596
HHN-LON-01,2024-12-02,Oncology Ward,28.208333333333332,37.875,0.7449561403508772
HHN-LON-01,2024-12-03,Oncology Ward,31.625,37.833333333333336,0.8359778121775027
HHN-LON-01,2024-12-04,Oncology Ward,35.416666666666664,38.0,0.9320175438596491
HHN-LON-01,2024-12-05,Oncology Ward,36.958333333333336,37.708333333333336,0.9802631578947368
HHN-LON-01,2024-12-06,Oncology Ward,37.375,37.875,0.9868421052631579
HHN-LON-01,2024-12-07,Oncology Ward,37.625,37.75,0.9967105263157895
HHN-LON-01,2024-12-08,Oncology Ward,32.958333333333336,37.875,0.8703094541910331
HHN-LON-01,2024-12-09,Oncology Ward,28.041666666666668,38.0,0.7379385964912281
HHN-LON-01,2024-12-10,Oncology Ward,27.958333333333332,37.541666666666664,0.744849664257559
HHN-LON-01,2024-12-11,Oncology Ward,29.0,37.875,0.7657542410831885
HHN-LON-01,2024-12-12,Oncology Ward,27.5,37.916666666666664,0.7253898635477584
HHN-LON-01,2024-12-13,Oncology Ward,27.291666666666668,37.875,0.720707549654918
HHN-LON-01,2024-12-14,Oncology Ward,26.125,37.416666666666664,0.6998624011007912
HHN-LON-01,2024-12-15,Oncology Ward,22.333333333333332,37.916666666666664,0.5889985380116959
HHN-LON-01,2024-12-16,Oncology Ward,25.083333333333332,37.708333333333336,0.6658853014890167
HHN-LON-01,2024-12-17,Oncology Ward,28.25,37.791666666666664,0.7477405635300372
HHN-LON-01,2024-12-18,Oncology Ward,31.416666666666668,37.708333333333336,0.8336668878077546
HHN-LON-01,2024-12-19,Oncology Ward,30.291666666666668,37.791666666666664,0.8018087747189915
HHN-LON-01,2024-12-20,Oncology Ward,25.333333333333332,37.416666666666664,0.6780074629532834
HHN-LON-01,2024-12-21,Oncology Ward,26.375,37.0,0.7143380212265661
HHN-LON-01,2024-12-22,Oncology Ward,27.75,37.666666666666664,0.7372928849902535
HHN-LON-01,2024-12-23,Oncology Ward,24.708333333333332,37.25,0.664643728304719
HHN-LON-01,2024-12-24,Oncology Ward,19.083333333333332,37.875,0.5038525367472736
HHN-LON-01,2024-12-25,Oncology Ward,19.458333333333332,37.75,0.5156328320802005
HHN-LON-01,2024-12-26,Oncology Ward,20.541666666666668,37.583333333333336,0.5468408755947456
HHN-LON-01,2024-12-27,Oncology Ward,21.958333333333332,37.458333333333336,0.5870338272815053
HHN-LON-01,2024-12-28,Oncology Ward,20.041666666666668,37.666666666666664,0.5326146806409965
HHN-LON-01,2024-12-29,Oncology Ward,20.208333333333332,37.291666666666664,0.5431984596071283
HHN-LON-01,2024-12-30,Oncology Ward,20.25,37.583333333333336,0.5394865207171708
HHN-LON-01,2024-12-31,Oncology Ward,21.791666666666668,37.875,0.5754385964912281
HHN-LON-01,2025-01-01,Oncology Ward,21.125,37.666666666666664,0.5615970072239422
HHN-LON-01,2025-01-02,Oncology Ward,20.458333333333332,37.791666666666664,0.5412924672793095
HHN-LON-01,2025-01-03,Oncology Ward,16.583333333333332,38.0,0.4364035087719298
HHN-LON-01,2025-01-04,Oncology Ward,13.916666666666666,37.958333333333336,0.36664295874822184
HHN-LON-01,2025-01-05,Oncology Ward,13.333333333333334,37.875,0.3520050125313283
HHN-LON-01,2025-01-06,Oncology Ward,17.333333333333332,37.833333333333336,0.45833333333333326
HHN-LON-01,2025-01-07,Oncology Ward,22.416666666666668,37.75,0.5942355889724311
HHN-LON-01,2025-01-08,Oncology Ward,24.333333333333332,37.916666666666664,0.6418918918918919
HHN-LON-01,2025-01-09,Oncology Ward,24.041666666666668,37.833333333333336,0.6357659351080404
HHN-LON-01,2025-01-10,Oncology Ward,26.166666666666668,37.875,0.6912280701754386
HHN-LON-01,2025-01-11,Oncology Ward,31.041666666666668,37.625,0.8260351189917753
HHN-LON-01,2025-01-12,Oncology Ward,28.958333333333332,37.583333333333336,0.771425492478124
HHN-LON-01,2025-01-13,Oncology Ward,27.458333333333332,37.791666666666664,0.7269249512670566
HHN-LON-01,2025-01-14,Oncology Ward,27.666666666666668,37.583333333333336,0.7372076023391814
HHN-LON-01,2025-01-15,Oncology Ward,27.125,37.458333333333336,0.7249924052555632
HHN-LON-01,2025-01-16,Oncology Ward,28.75,37.708333333333336,0.7630804953560372
HHN-LON-01,2025-01-17,Oncology Ward,30.75,37.791666666666664,0.8138523391812865
HHN-LON-01,2025-01-18,Oncology Ward,29.583333333333332,37.791666666666664,0.782913364492312
HHN-LON-01,2025-01-19,Oncology Ward,28.083333333333332,37.583333333333336,0.7478402445507708
HHN-LON-01,2025-01-20,Oncology Ward,22.625,37.791666666666664,0.5993819776714514
HHN-LON-01,2025-01-21,Oncology Ward,25.208333333333332,38.0,0.6633771929824561
HHN-LON-01,2025-01-22,Oncology Ward,29.75,37.75,0.7887821064098154
HHN-LON-01,2025-01-23,Oncology Ward,28.958333333333332,37.958333333333336,0.7628911806543385
HHN-LON-01,2025-01-24,Oncology Ward,28.416666666666668,37.875,0.7502815315315315
HHN-LON-01,2025-01-25,Oncology Ward,28.208333333333332,37.625,0.7502406956934821
HHN-LON-01,2025-01-26,Oncology Ward,30.916666666666668,37.416666666666664,0.8274345623416831
HHN-LON-01,2025-01-27,Oncology Ward,33.458333333333336,37.75,0.8870004873294346
HHN-LON-01,2025-01-28,Oncology Ward,34.666666666666664,37.875,0.9155701754385964
HHN-LON-01,2025-01-29,Oncology Ward,36.458333333333336,37.833333333333336,0.9638157894736842
HHN-LON-01,2025-01-30,Oncology Ward,38.0,38.0,1.0
HHN-LON-01,2025-01-31,Oncology Ward,38.0,38.0,1.0
HHN-LON-01,2025-02-01,Oncology Ward,37.666666666666664,37.666666666666664,1.0
HHN-LON-01,2025-02-02,Oncology Ward,37.0,37.0,1.0
HHN-LON-01,2025-02-03,Oncology Ward,37.75,37.75,1.0
HHN-LON-01,2025-02-04,Oncology Ward,37.541666666666664,37.541666666666664,1.0
HHN-LON-01,2025-02-05,Oncology Ward,35.708333333333336,37.791666666666664,0.9450536062378166
HHN-LON-01,2025-02-06,Oncology Ward,35.958333333333336,37.666666666666664,0.9549498746867168
HHN-LON-01,2025-02-07,Oncology Ward,36.75,38.0,0.9671052631578947
HHN-LON-01,2025-02-08,Oncology Ward,37.541666666666664,37.541666666666664,1.0
HHN-LON-01,2025-02-09,Oncology Ward,37.166666666666664,37.291666666666664,0.9967105263157895
HHN-LON-01,2025-02-10,Oncology Ward,36.958333333333336,37.583333333333336,0.9835526315789473
HHN-LON-01,2025-02-11,Oncology Ward,37.875,37.875,1.0
HHN-LON-01,2025-02-12,Oncology Ward,37.333333333333336,37.333333333333336,1.0
HHN-LON-01,2025-02-13,Oncology Ward,37.833333333333336,37.833333333333336,1.0
HHN-LON-01,2025-02-14,Oncology Ward,35.541666666666664,38.0,0.9353070175438596
HHN-LON-01,2025-02-15,Oncology Ward,28.916666666666668,37.416666666666664,0.77467632533422
HHN-LON-01,2025-02-16,Oncology Ward,26.458333333333332,37.916666666666664,0.6979775828460039
HHN-LON-01,2025-02-17,Oncology Ward,21.291666666666668,38.0,0.5603070175438597
HHN-LON-01,2025-02-18,Oncology Ward,23.083333333333332,37.625,0.6139723314645915
HHN-LON-01,2025-02-19,Oncology Ward,31.958333333333332,37.833333333333336,0.8444303325882273
HHN-LON-01,2025-02-20,Oncology Ward,37.333333333333336,37.708333333333336,0.9901315789473685
HHN-LON-01,2025-02-21,Oncology Ward,37.541666666666664,37.541666666666664,1.0
HHN-LON-01,2025-02-22,Oncology Ward,37.666666666666664,37.916666666666664,0.9934210526315789
HHN-LON-01,2025-02-23,Oncology Ward,37.416666666666664,37.791666666666664,0.9901019440493125
HHN-LON-01,2025-02-24,Oncology Ward,35.375,38.0,0.9309210526315789
HHN-LON-01,2025-02-25,Oncology Ward,34.75,38.0,0.9144736842105262
HHN-LON-01,2025-02-26,Oncology Ward,33.0,37.833333333333336,0.8728070175438596
HHN-LON-01,2025-02-27,Oncology Ward,30.958333333333332,37.958333333333336,0.8156412991939308
HHN-LON-01,2025-02-28,Oncology Ward,30.875,37.916666666666664,0.814327485380117
HHN-LON-01,2025-03-01,Oncology Ward,29.5,37.208333333333336,0.794350859695287
HHN-LON-01,2025-03-02,Oncology Ward,27.458333333333332,37.875,0.7250325983878615
HHN-LON-01,2025-03-03,Oncology Ward,30.333333333333332,38.0,0.7982456140350878
HHN-LON-01,2025-03-04,Oncology Ward,30.75,38.0,0.8092105263157895
HHN-LON-01,2025-03-05,Oncology Ward,33.958333333333336,37.583333333333336,0.9037413609782031
HHN-LON-01,2025-03-06,Oncology Ward,36.791666666666664,37.791666666666664,0.9736842105263158
HHN-LON-01,2025-03-07,Oncology Ward,34.416666666666664,37.791666666666664,0.9111842105263158
HHN-LON-01,2025-03-08,Oncology Ward,34.25,37.791666666666664,0.9066764132553606
HHN-LON-01,2025-03-09,Oncology Ward,34.333333333333336,37.416666666666664,0.9186366651923928
HHN-LON-01,2025-03-10,Oncology Ward,37.458333333333336,37.958333333333336,0.986842105263158
HHN-LON-01,2025-03-11,Oncology Ward,37.875,37.875,1.0
HHN-LON-01,2025-03-12,Oncology Ward,37.666666666666664,37.916666666666664,0.9934210526315789
HHN-LON-01,2025-03-13,Oncology Ward,37.708333333333336,37.958333333333336,0.9934210526315789
HHN-LON-01,2025-03-14,Oncology Ward,37.75,37.833333333333336,0.9978070175438596
HHN-LON-01,2025-03-15,Oncology Ward,30.583333333333332,37.958333333333336,0.8056247036510195
HHN-LON-01,2025-03-16,Oncology Ward,23.458333333333332,37.958333333333336,0.6180357989568516
HHN-LON-01,2025-03-17,Oncology Ward,28.25,38.0,0.7434210526315789
HHN-LON-01,2025-03-18,Oncology Ward,26.375,37.875,0.6965225563909775
HHN-LON-01,2025-03-19,Oncology Ward,28.791666666666668,38.0,0.7576754385964911
HHN-LON-01,2025-03-20,Oncology Ward,32.75,38.0,0.8618421052631579
HHN-LON-01,2025-03-21,Oncology Ward,36.75,38.0,0.9671052631578947
HHN-LON-01,2025-03-22,Oncology Ward,37.25,37.833333333333336,0.9846491228070176
HHN-LON-01,2025-03-23,Oncology Ward,36.833333333333336,37.708333333333336,0.9769736842105264
HHN-LON-01,2025-03-24,Oncology Ward,32.541666666666664,37.5,0.8684088394614711
HHN-LON-01,2025-03-25,Oncology Ward,32.916666666666664,37.833333333333336,0.8704904152272573
HHN-LON-01,2025-03-26,Oncology Ward,33.666666666666664,37.833333333333336,0.890092879256966
HHN-LON-01,2025-03-27,Oncology Ward,34.166666666666664,37.666666666666664,0.9078947368421053
HHN-LON-01,2025-03-28,Oncology Ward,28.083333333333332,38.0,0.7390350877192983
HHN-LON-01,2025-03-29,Oncology Ward,25.333333333333332,38.0,0.6666666666666666
HHN-LON-01,2025-03-30,Oncology Ward,26.583333333333332,37.666666666666664,0.7060998581509418
HHN-LON-01,2025-03-31,Oncology Ward,27.583333333333332,37.791666666666664,0.7301967038809144
HHN-LON-01,2025-04-01,Oncology Ward,26.458333333333332,38.0,0.6962719298245613
HHN-LON-01,2025-04-02,Oncology Ward,27.166666666666668,37.916666666666664,0.716374269005848
HHN-LON-01,2025-04-03,Oncology Ward,25.5,37.875,0.6734695221537327
HHN-LON-01,2025-04-04,Oncology Ward,25.166666666666668,37.916666666666664,0.6636208576998051
HHN-LON-01,2025-04-05,Oncology Ward,25.875,37.416666666666664,0.69267952590321
HHN-LON-01,2025-04-06,Oncology Ward,24.833333333333332,38.0,0.6535087719298246
HHN-LON-01,2025-04-07,Oncology Ward,27.791666666666668,37.5,0.7420506253710588
HHN-LON-01,2025-04-08,Oncology Ward,29.708333333333332,38.0,0.7817982456140351
HHN-LON-01,2025-04-09,Oncology Ward,29.583333333333332,37.958333333333336,0.7793385490753911
HHN-LON-01,2025-04-10,Oncology Ward,30.625,37.791666666666664,0.8109051036682615
HHN-LON-01,2025-04-11,Oncology Ward,37.166666666666664,37.958333333333336,0.9791370317686107
HHN-LON-01,2025-04-12,Oncology Ward,37.916666666666664,38.0,0.9978070175438596
HHN-LON-01,2025-04-13,Oncology Ward,37.375,37.375,1.0
HHN-LON-01,2025-04-14,Oncology Ward,37.791666666666664,37.791666666666664,1.0
HHN-LON-01,2025-04-15,Oncology Ward,37.708333333333336,37.708333333333336,0.9989035087719298
HHN-LON-01,2025-04-16,Oncology Ward,35.5,37.75,0.9406676413255362
HHN-LON-01,2025-04-17,Oncology Ward,34.958333333333336,37.875,0.9230576441102757
HHN-LON-01,2025-04-18,Oncology Ward,33.583333333333336,37.583333333333336,0.8945210247841827
HHN-LON-01,2025-04-19,Oncology Ward,31.041666666666668,38.0,0.8168859649122807
HHN-LON-01,2025-04-20,Oncology Ward,25.458333333333332,37.833333333333336,0.6731846978557505
HHN-LON-01,2025-04-21,Oncology Ward,25.708333333333332,38.0,0.6765350877192983
HHN-LON-01,2025-04-22,Oncology Ward,28.708333333333332,37.666666666666664,0.7624553808764335
HHN-LON-01,2025-04-23,Oncology Ward,32.041666666666664,37.916666666666664,0.8451510721247564
HHN-LON-01,2025-04-24,Oncology Ward,36.333333333333336,38.0,0.956140350877193
HHN-LON-01,2025-04-25,Oncology Ward,37.333333333333336,37.75,0.9888523391812866
HHN-LON-01,2025-04-26,Oncology Ward,36.708333333333336,37.958333333333336,0.9670756282598387
HHN-LON-01,2025-04-27,Oncology Ward,34.291666666666664,38.0,0.9024122807017543
HHN-LON-01,2025-04-28,Oncology Ward,29.958333333333332,37.666666666666664,0.7962819630776288
HHN-LON-01,2025-04-29,Oncology Ward,26.875,38.0,0.7072368421052632
HHN-LON-01,2025-04-30,Oncology Ward,27.041666666666668,38.0,0.7116228070175438
HHN-LON-01,2025-05-01,Oncology Ward,30.666666666666668,37.875,0.809701148516938
HHN-LON-01,2025-05-02,Oncology Ward,32.541666666666664,37.833333333333336,0.8607456140350878
HHN-LON-01,2025-05-03,Oncology Ward,30.208333333333332,37.916666666666664,0.7967836257309941
HHN-LON-01,2025-05-04,Oncology Ward,27.375,37.583333333333336,0.729949535096594
HHN-LON-01,2025-05-05,Oncology Ward,24.333333333333332,37.916666666666664,0.6418128654970761
HHN-LON-01,2025-05-06,Oncology Ward,27.75,37.875,0.7333646616541354
HHN-LON-01,2025-05-07,Oncology Ward,33.916666666666664,37.708333333333336,0.900125313283208
HHN-LON-01,2025-05-08,Oncology Ward,31.416666666666668,37.791666666666664,0.8317384370015949
HHN-LON-01,2025-05-09,Oncology Ward,27.791666666666668,37.791666666666664,0.7358452950558214
HHN-LON-01,2025-05-10,Oncology Ward,25.166666666666668,37.708333333333336,0.6682283359914939
HHN-LON-01,2025-05-11,Oncology Ward,20.916666666666668,37.458333333333336,0.5590576820839979
HHN-LON-01,2025-05-12,Oncology Ward,24.958333333333332,38.0,0.6567982456140351
HHN-LON-01,2025-05-13,Oncology Ward,28.375,38.0,0.7467105263157895
HHN-LON-01,2025-05-14,Oncology Ward,32.666666666666664,37.666666666666664,0.8682549175970228
HHN-LON-01,2025-05-15,Oncology Ward,36.416666666666664,37.75,0.9649122807017544
HHN-LON-01,2025-05-16,Oncology Ward,34.625,38.0,0.9111842105263158
HHN-LON-01,2025-05-17,Oncology Ward,28.583333333333332,38.0,0.7521929824561404
HHN-LON-01,2025-05-18,Oncology Ward,23.125,38.0,0.6085526315789473
HHN-LON-01,2025-05-19,Oncology Ward,24.0,37.75,0.63627742575111
HHN-LON-01,2025-05-20,Oncology Ward,23.875,37.916666666666664,0.6299342105263158
HHN-LON-01,2025-05-21,Oncology Ward,27.375,38.0,0.7203947368421053
HHN-LON-01,2025-05-22,Oncology Ward,26.833333333333332,38.0,0.706140350877193
HHN-LON-01,2025-05-23,Oncology Ward,25.5,37.875,0.6734962406015038
HHN-LON-01,2025-05-24,Oncology Ward,26.583333333333332,37.708333333333336,0.7055256512493355
HHN-LON-01,2025-05-25,Oncology Ward,24.291666666666668,37.833333333333336,0.6423448824764614
HHN-LON-01,2025-05-26,Oncology Ward,21.625,37.583333333333336,0.5757597908913699
HHN-LON-01,2025-05-27,Oncology Ward,23.416666666666668,37.583333333333336,0.6232057416267943
HHN-LON-01,2025-05-28,Oncology Ward,23.791666666666668,37.916666666666664,0.6274975633528265
HHN-LON-01,2025-05-29,Oncology Ward,23.5,37.583333333333336,0.6265616693248272
HHN-LON-01,2025-05-30,Oncology Ward,28.458333333333332,37.791666666666664,0.7529030910609857
HHN-LON-01,2025-05-31,Oncology Ward,29.5,37.875,0.7790413533834587
HHN-LON-01,2025-06-01,Oncology Ward,26.208333333333332,37.458333333333336,0.7007034632034631
HHN-LON-01,2025-06-02,Oncology Ward,31.041666666666668,38.0,0.8168859649122807
HHN-LON-01,2025-06-03,Oncology Ward,32.166666666666664,37.666666666666664,0.8548872180451128
HHN-LON-01,2025-06-04,Oncology Ward,32.541666666666664,37.916666666666664,0.8584917153996101
HHN-LON-01,2025-06-05,Oncology Ward,30.875,38.0,0.8125
HHN-LON-01,2025-06-06,Oncology Ward,28.166666666666668,37.708333333333336,0.7472486362966239
HHN-LON-01,2025-06-07,Oncology Ward,25.666666666666668,37.666666666666664,0.6822347502301063
HHN-LON-01,2025-06-08,Oncology Ward,24.916666666666668,37.541666666666664,0.6640413105196387
HHN-LON-01,2025-06-09,Oncology Ward,27.458333333333332,37.833333333333336,0.7261532208900631
HHN-LON-01,2025-06-10,Oncology Ward,31.333333333333332,37.5,0.8364732575645889
HHN-LON-01,2025-06-11,Oncology Ward,33.375,38.0,0.8782894736842105
HHN-LON-01,2025-06-12,Oncology Ward,34.666666666666664,37.916666666666664,0.9144736842105264
HHN-LON-01,2025-06-13,Oncology Ward,34.125,37.875,0.9010338345864661
HHN-LON-01,2025-06-14,Oncology Ward,26.75,37.916666666666664,0.7058357699805068
HHN-LON-01,2025-06-15,Oncology Ward,22.083333333333332,37.833333333333336,0.5841073271413829
HHN-LON-01,2025-06-16,Oncology Ward,21.291666666666668,37.833333333333336,0.5632739938080495
HHN-LON-01,2025-06-17,Oncology Ward,18.375,37.666666666666664,0.48819659442724456
HHN-LON-01,2025-06-18,Oncology Ward,18.208333333333332,37.833333333333336,0.481359649122807
HHN-LON-01,2025-06-19,Oncology Ward,21.583333333333332,37.791666666666664,0.5709255778334726
HHN-LON-01,2025-06-20,Oncology Ward,25.0,37.75,0.662384617589726
HHN-LON-01,2025-06-21,Oncology Ward,25.875,37.708333333333336,0.6867025518341308
HHN-LON-01,2025-06-22,Oncology Ward,22.666666666666668,37.791666666666664,0.6004784688995216
HHN-LON-01,2025-06-23,Oncology Ward,24.916666666666668,37.833333333333336,0.6587676962676963
HHN-LON-01,2025-06-24,Oncology Ward,30.875,37.75,0.8181390977443609
HHN-LON-01,2025-06-25,Oncology Ward,32.708333333333336,38.0,0.8607456140350878
HHN-LON-01,2025-06-26,Oncology Ward,36.583333333333336,37.958333333333336,0.9638157894736842
HHN-LON-01,2025-06-27,Oncology Ward,32.583333333333336,37.875,0.8601817042606515
HHN-LON-01,2025-06-28,Oncology Ward,29.333333333333332,37.458333333333336,0.7842405098597048
HHN-LON-01,2025-06-29,Oncology Ward,26.416666666666668,38.0,0.6951754385964913
HHN-LON-01,2025-06-30,Oncology Ward,25.916666666666668,37.875,0.6846491228070176
HHN-LON-01,2025-07-01,Oncology Ward,29.208333333333332,37.708333333333336,0.7749805256384205
HHN-LON-01,2025-07-02,Oncology Ward,30.708333333333332,37.958333333333336,0.8089141773352299
HHN-LON-01,2025-07-03,Oncology Ward,32.0,38.0,0.8421052631578947
HHN-LON-01,2025-07-04,Oncology Ward,32.0,38.0,0.8421052631578947
HHN-LON-01,2025-07-05,Oncology Ward,31.791666666666668,37.791666666666664,0.8411084529505581
HHN-LON-01,2025-07-06,Oncology Ward,29.916666666666668,37.833333333333336,0.7908926728586172
HHN-LON-01,2025-07-07,Oncology Ward,28.666666666666668,37.958333333333336,0.7552453769559033
HHN-LON-01,2025-07-08,Oncology Ward,33.083333333333336,37.75,0.8762913631334683
HHN-LON-01,2025-07-09,Oncology Ward,30.625,38.0,0.8059210526315789
HHN-LON-01,2025-07-10,Oncology Ward,35.291666666666664,37.958333333333336,0.9296171171171171
HHN-LON-01,2025-07-11,Oncology Ward,33.375,37.875,0.8814849624060151
HHN-LON-01,2025-07-12,Oncology Ward,28.25,37.75,0.749128015575384
HHN-LON-01,2025-07-13,Oncology Ward,25.791666666666668,37.833333333333336,0.682469040247678
HHN-LON-01,2025-07-14,Oncology Ward,28.208333333333332,37.583333333333336,0.7511297182349814
HHN-LON-01,2025-07-15,Oncology Ward,29.25,37.375,0.7841905901116428
HHN-LON-01,2025-07-16,Oncology Ward,29.916666666666668,37.791666666666664,0.7922647527910686
HHN-LON-01,2025-07-17,Oncology Ward,25.541666666666668,37.875,0.6745927318295739
HHN-LON-01,2025-07-18,Oncology Ward,26.708333333333332,37.708333333333336,0.7089071727229622
HHN-LON-01,2025-07-19,Oncology Ward,28.666666666666668,37.916666666666664,0.7560916179337233
HHN-LON-01,2025-07-20,Oncology Ward,29.458333333333332,37.708333333333336,0.7821360535176325
HHN-LON-01,2025-07-21,Oncology Ward,30.125,38.0,0.7927631578947368
HHN-LON-01,2025-07-22,Oncology Ward,28.083333333333332,38.0,0.7390350877192983
HHN-LON-01,2025-07-23,Oncology Ward,28.375,37.875,0.7494566935356409
HHN-LON-01,2025-07-24,Oncology Ward,31.0,37.833333333333336,0.8199174406604747
HHN-LON-01,2025-07-25,Oncology Ward,28.75,37.833333333333336,0.7603199174406604
HHN-LON-01,2025-07-26,Oncology Ward,28.875,37.958333333333336,0.7607278330962542
HHN-LON-01,2025-07-27,Oncology Ward,26.291666666666668,37.625,0.6995510120510121
HHN-LON-01,2025-07-28,Oncology Ward,26.666666666666668,37.916666666666664,0.7033991228070176
HHN-LON-01,2025-07-29,Oncology Ward,24.75,37.833333333333336,0.6543615984405459
HHN-LON-01,2025-07-30,Oncology Ward,24.125,37.75,0.6394303992988204
HHN-LON-01,2025-07-31,Oncology Ward,28.333333333333332,37.958333333333336,0.7465030820293977
HHN-LON-01,2025-08-01,Oncology Ward,28.416666666666668,37.875,0.750438596491228
HHN-LON-01,2025-08-02,Oncology Ward,27.291666666666668,37.833333333333336,0.7218137254901961
HHN-LON-01,2025-08-03,Oncology Ward,25.375,37.458333333333336,0.6779780333185905
HHN-LON-01,2025-08-04,Oncology Ward,23.75,37.666666666666664,0.6310913185913186
HHN-LON-01,2025-08-05,Oncology Ward,21.333333333333332,37.708333333333336,0.5662151702786378
HHN-LON-01,2025-08-06,Oncology Ward,20.083333333333332,37.916666666666664,0.529666179337232
HHN-LON-01,2025-08-07,Oncology Ward,17.541666666666668,37.583333333333336,0.46743901233065316
HHN-LON-01,2025-08-08,Oncology Ward,18.083333333333332,37.583333333333336,0.48159403422561314
HHN-LON-01,2025-08-09,Oncology Ward,19.333333333333332,37.25,0.5198848188786269
HHN-LON-01,2025-08-10,Oncology Ward,17.208333333333332,37.625,0.4577380952380952
HHN-LON-01,2025-08-11,Oncology Ward,13.0,37.583333333333336,0.3464247740563529
HHN-LON-01,2025-08-12,Oncology Ward,12.791666666666666,37.791666666666664,0.33828415736310474
HHN-LON-01,2025-08-13,Oncology Ward,17.333333333333332,38.0,0.4561403508771929
HHN-LON-01,2025-08-14,Oncology Ward,18.416666666666668,38.0,0.48464912280701755
HHN-LON-01,2025-08-15,Oncology Ward,17.541666666666668,38.0,0.4616228070175438
HHN-LON-01,2025-08-16,Oncology Ward,17.458333333333332,37.666666666666664,0.4641257585336533
HHN-LON-01,2025-08-17,Oncology Ward,15.291666666666666,37.916666666666664,0.40338693957115
HHN-LON-01,2025-08-18,Oncology Ward,14.416666666666666,37.583333333333336,0.3840114993365767
HHN-LON-01,2025-08-19,Oncology Ward,15.5,37.791666666666664,0.4103867623604465
HHN-LON-01,2025-08-20,Oncology Ward,18.708333333333332,37.875,0.4935922764870133
HHN-LON-01,2025-08-21,Oncology Ward,20.958333333333332,37.833333333333336,0.5541607396870555
HHN-LON-01,2025-08-22,Oncology Ward,21.625,37.833333333333336,0.5716983430799221
HHN-LON-01,2025-08-23,Oncology Ward,20.75,37.958333333333336,0.5466156946420104
HHN-LON-01,2025-08-24,Oncology Ward,16.666666666666668,37.541666666666664,0.4443657307240898
HHN-LON-01,2025-08-25,Oncology Ward,15.958333333333334,37.875,0.4215538847117794
HHN-LON-01,2025-08-26,Oncology Ward,18.958333333333332,38.0,0.4989035087719298
HHN-LON-01,2025-08-27,Oncology Ward,20.875,37.791666666666664,0.5525604551920341
HHN-LON-01,2025-08-28,Oncology Ward,18.791666666666668,37.791666666666664,0.4978402445507708
HHN-LON-01,2025-08-29,Oncology Ward,19.625,37.916666666666664,0.5177266081871345
HHN-LON-01,2025-08-30,Oncology Ward,22.708333333333332,37.916666666666664,0.5989278752436648
HHN-LON-01,2025-08-31,Oncology Ward,22.208333333333332,38.0,0.5844298245614036
HHN-LON-01,2025-09-01,Oncology Ward,19.666666666666668,37.458333333333336,0.5256893812814866
HHN-LON-01,2025-09-02,Oncology Ward,23.0,37.791666666666664,0.6090417014759121
HHN-LON-01,2025-09-03,Oncology Ward,24.583333333333332,37.833333333333336,0.6504127966976264
HHN-LON-01,2025-09-04,Oncology Ward,27.416666666666668,37.916666666666664,0.7230141325536062
HHN-LON-01,2025-09-05,Oncology Ward,30.583333333333332,38.0,0.8048245614035087
HHN-LON-01,2025-09-06,Oncology Ward,26.041666666666668,38.0,0.6853070175438597
HHN-LON-01,2025-09-07,Oncology Ward,21.875,37.625,0.5825202489289177
HHN-LON-01,2025-09-08,Oncology Ward,28.25,37.708333333333336,0.7494305616983635
HHN-LON-01,2025-09-09,Oncology Ward,30.75,37.75,0.8154455292613187
HHN-LON-01,2025-09-10,Oncology Ward,29.041666666666668,37.833333333333336,0.7678393619183094
HHN-LON-01,2025-09-11,Oncology Ward,29.041666666666668,38.0,0.7642543859649122
HHN-LON-01,2025-09-12,Oncology Ward,31.25,37.625,0.831554711198674
HHN-LON-01,2025-09-13,Oncology Ward,27.208333333333332,37.958333333333336,0.7167496443812232
HHN-LON-01,2025-09-14,Oncology Ward,24.166666666666668,37.916666666666664,0.6374878167641326
HHN-LON-01,2025-09-15,Oncology Ward,23.25,37.958333333333336,0.6125237079184448
HHN-LON-01,2025-09-16,Oncology Ward,24.708333333333332,37.958333333333336,0.6509601706970128
HHN-LON-01,2025-09-17,Oncology Ward,27.541666666666668,37.583333333333336,0.7336077961077961
HHN-LON-01,2025-09-18,Oncology Ward,31.125,38.0,0.8190789473684211
HHN-LON-01,2025-09-19,Oncology Ward,31.708333333333332,37.875,0.83734335839599
HHN-LON-01,2025-09-20,Oncology Ward,29.041666666666668,37.625,0.7728132720392783
HHN-LON-01,2025-09-21,Oncology Ward,23.916666666666668,38.0,0.6293859649122807
HHN-LON-01,2025-09-22,Oncology Ward,24.833333333333332,37.666666666666664,0.659657666894509
HHN-LON-01,2025-09-23,Oncology Ward,26.041666666666668,37.791666666666664,0.6892942583732058
HHN-LON-01,2025-09-24,Oncology Ward,28.625,37.791666666666664,0.7581073896863372
HHN-LON-01,2025-09-25,Oncology Ward,30.25,37.833333333333336,0.7997936016511868
HHN-LON-01,2025-09-26,Oncology Ward,30.333333333333332,38.0,0.7982456140350878
HHN-LON-01,2025-09-27,Oncology Ward,30.75,37.833333333333336,0.8130804953560372
HHN-LON-01,2025-09-28,Oncology Ward,24.125,38.0,0.6348684210526315
HHN-LON-01,2025-09-29,Oncology Ward,27.041666666666668,37.833333333333336,0.7148477812177503
HHN-LON-01,2025-09-30,Oncology Ward,29.875,37.916666666666664,0.7878898635477584
HHN-LON-01,2025-10-01,Oncology Ward,30.625,38.0,0.8059210526315789
HHN-LON-01,2025-10-02,Oncology Ward,32.75,37.958333333333336,0.8628496917970603
HHN-LON-01,2025-10-03,Oncology Ward,32.916666666666664,38.0,0.8662280701754387
HHN-LON-01,2025-10-04,Oncology Ward,30.916666666666668,37.625,0.8224505113050005
HHN-LON-01,2025-10-05,Oncology Ward,22.333333333333332,37.666666666666664,0.5933943812233285
HHN-LON-01,2025-10-06,Oncology Ward,25.791666666666668,38.0,0.6787280701754387
HHN-LON-01,2025-10-07,Oncology Ward,29.75,37.916666666666664,0.7847321005215742
HHN-LON-01,2025-10-08,Oncology Ward,33.625,37.833333333333336,0.8888279727095516
HHN-LON-01,2025-10-09,Oncology Ward,34.291666666666664,38.0,0.9024122807017543
HHN-LON-01,2025-10-10,Oncology Ward,35.0,38.0,0.9210526315789473
HHN-LON-01,2025-10-11,Oncology Ward,37.041666666666664,37.5,0.9879385964912281
HHN-LON-01,2025-10-12,Oncology Ward,32.208333333333336,37.958333333333336,0.8485953058321479
HHN-LON-01,2025-10-13,Oncology Ward,28.666666666666668,37.958333333333336,0.7552453769559033
HHN-LON-01,2025-10-14,Oncology Ward,28.291666666666668,38.0,0.7445175438596491
HHN-LON-01,2025-10-15,Oncology Ward,29.541666666666668,37.875,0.7802318295739349
HHN-LON-01,2025-10-16,Oncology Ward,31.875,38.0,0.8388157894736842
HHN-LON-01,2025-10-17,Oncology Ward,37.208333333333336,37.833333333333336,0.9835229966808914
HHN-LON-01,2025-10-18,Oncology Ward,37.166666666666664,37.916666666666664,0.9802631578947368
HHN-LON-01,2025-10-19,Oncology Ward,36.5,37.583333333333336,0.9714912280701754
HHN-LON-01,2025-10-20,Oncology Ward,35.958333333333336,37.666666666666664,0.9547619047619048
HHN-LON-01,2025-10-21,Oncology Ward,37.833333333333336,37.833333333333336,1.0
HHN-LON-01,2025-10-22,Oncology Ward,37.875,37.875,1.0
HHN-LON-01,2025-10-23,Oncology Ward,37.083333333333336,38.0,0.9758771929824562
HHN-LON-01,2025-10-24,Oncology Ward,34.541666666666664,38.0,0.9089912280701754
HHN-LON-01,2025-10-25,Oncology Ward,34.75,37.583333333333336,0.9253200568990042
HHN-LON-01,2025-10-26,Oncology Ward,35.166666666666664,37.625,0.9352181128496917
HHN-LON-01,2025-10-27,Oncology Ward,35.75,38.0,0.9407894736842105
HHN-LON-01,2025-10-28,Oncology Ward,37.583333333333336,37.666666666666664,0.9978070175438596
HHN-LON-01,2025-10-29,Oncology Ward,35.708333333333336,37.875,0.9429824561403509
HHN-LON-01,2025-10-30,Oncology Ward,30.708333333333332,38.0,0.8081140350877193
HHN-LON-01,2025-10-31,Oncology Ward,22.875,37.791666666666664,0.6059609250398724
HHN-LON-01,2025-11-01,Oncology Ward,19.291666666666668,37.791666666666664,0.5106794764689501
HHN-LON-01,2025-11-02,Oncology Ward,19.541666666666668,37.833333333333336,0.5166301169590642
HHN-LON-01,2025-11-03,Oncology Ward,23.791666666666668,38.0,0.6260964912280702
HHN-LON-01,2025-11-04,Oncology Ward,29.458333333333332,38.0,0.775219298245614
HHN-LON-01,2025-11-05,Oncology Ward,29.75,37.541666666666664,0.7932285005040423
HHN-LON-01,2025-11-06,Oncology Ward,30.041666666666668,37.916666666666664,0.7923976608187134
HHN-LON-01,2025-11-07,Oncology Ward,35.291666666666664,37.625,0.9385668563300142
HHN-LON-01,2025-11-08,Oncology Ward,29.166666666666668,37.916666666666664,0.769432261208577
HHN-LON-01,2025-11-09,Oncology Ward,26.416666666666668,37.791666666666664,0.6998272195640617
HHN-LON-01,2025-11-10,Oncology Ward,24.541666666666668,37.875,0.6480971102681629
HHN-LON-01,2025-11-11,Oncology Ward,25.416666666666668,37.875,0.6713032581453634
HHN-LON-01,2025-11-12,Oncology Ward,29.208333333333332,38.0,0.7686403508771931
HHN-LON-01,2025-11-13,Oncology Ward,35.416666666666664,37.708333333333336,0.9391530296329057
HHN-LON-01,2025-11-14,Oncology Ward,37.916666666666664,37.916666666666664,1.0
HHN-LON-01,2025-11-15,Oncology Ward,35.708333333333336,37.916666666666664,0.9418859649122807
HHN-LON-01,2025-11-16,Oncology Ward,31.75,38.0,0.8355263157894738
HHN-LON-01,2025-11-17,Oncology Ward,30.666666666666668,37.666666666666664,0.8150717114726403
HHN-LON-01,2025-11-18,Oncology Ward,32.625,37.791666666666664,0.8638689526847422
HHN-LON-01,2025-11-19,Oncology Ward,31.208333333333332,38.0,0.8212719298245613
HHN-LON-01,2025-11-20,Oncology Ward,30.0,38.0,0.7894736842105262
HHN-LON-01,2025-11-21,Oncology Ward,29.333333333333332,37.833333333333336,0.7755417956656346
HHN-LON-01,2025-11-22,Oncology Ward,30.833333333333332,37.666666666666664,0.8192473626877651
HHN-LON-01,2025-11-23,Oncology Ward,30.375,37.5,0.8111249603509666
HHN-LON-01,2025-11-24,Oncology Ward,27.916666666666668,37.833333333333336,0.7378740970072238
HHN-LON-01,2025-11-25,Oncology Ward,26.041666666666668,38.0,0.6853070175438596
HHN-LON-01,2025-11-26,Oncology Ward,24.083333333333332,37.875,0.6361215538847118
HHN-LON-01,2025-11-27,Oncology Ward,26.125,37.458333333333336,0.6986362593947733
HHN-LON-01,2025-11-28,Oncology Ward,27.791666666666668,37.791666666666664,0.7356028961292119
HHN-LON-01,2025-11-29,Oncology Ward,26.708333333333332,37.833333333333336,0.7062048503611971
HHN-LON-01,2025-11-30,Oncology Ward,23.25,37.5,0.62092296248643
HHN-LON-01,2025-12-01,Oncology Ward,29.75,37.708333333333336,0.7900302226153619
HHN-LON-01,2025-12-02,Oncology Ward,31.25,37.666666666666664,0.8303818257765626
HHN-LON-01,2025-12-03,Oncology Ward,35.958333333333336,37.791666666666664,0.9515716374269005
HHN-LON-01,2025-12-04,Oncology Ward,37.75,37.958333333333336,0.9945175438596491
HHN-LON-01,2025-12-05,Oncology Ward,37.875,37.958333333333336,0.9978070175438596
HHN-LON-01,2025-12-06,Oncology Ward,37.25,37.666666666666664,0.9890350877192983
HHN-LON-01,2025-12-07,Oncology Ward,33.583333333333336,37.791666666666664,0.8886069340016709
HHN-LON-01,2025-12-08,Oncology Ward,30.916666666666668,37.958333333333336,0.8144855381697487
HHN-LON-01,2025-12-09,Oncology Ward,35.25,37.916666666666664,0.9298245614035087
HHN-LON-01,2025-12-10,Oncology Ward,37.541666666666664,37.708333333333336,0.9956140350877193
HHN-LON-01,2025-12-11,Oncology Ward,37.916666666666664,37.916666666666664,1.0
HHN-LON-01,2025-12-12,Oncology Ward,37.958333333333336,38.0,0.9989035087719298
HHN-LON-01,2025-12-13,Oncology Ward,36.0,37.666666666666664,0.956140350877193
HHN-LON-01,2025-12-14,Oncology Ward,30.208333333333332,37.75,0.8007520079888502
HHN-LON-01,2025-12-15,Oncology Ward,32.666666666666664,37.583333333333336,0.8702817650186071
HHN-LON-01,2025-12-16,Oncology Ward,32.833333333333336,37.833333333333336,0.8678918580234369
HHN-LON-01,2025-12-17,Oncology Ward,31.125,37.666666666666664,0.826693469785575
HHN-LON-01,2025-12-18,Oncology Ward,31.75,37.666666666666664,0.842782314047794
HHN-LON-01,2025-12-19,Oncology Ward,33.625,38.0,0.8848684210526315
HHN-LON-01,2025-12-20,Oncology Ward,31.666666666666668,37.666666666666664,0.8412367724867725
HHN-LON-01,2025-12-21,Oncology Ward,28.833333333333332,37.666666666666664,0.7668138148401306
HHN-LON-01,2025-12-22,Oncology Ward,31.25,37.833333333333336,0.8257797270955166
HHN-LON-01,2025-12-23,Oncology Ward,29.833333333333332,37.625,0.7929828047862104
HHN-LON-01,2025-12-24,Oncology Ward,25.708333333333332,37.708333333333336,0.6822681704260652
HHN-LON-01,2025-12-25,Oncology Ward,22.333333333333332,37.541666666666664,0.595478364557312
HHN-LON-01,2025-12-26,Oncology Ward,20.291666666666668,38.0,0.5339912280701754
HHN-LON-01,2025-12-27,Oncology Ward,22.25,37.416666666666664,0.5954315936901077
HHN-LON-01,2025-12-28,Oncology Ward,24.0,37.666666666666664,0.637719666260688
HHN-LON-01,2025-12-29,Oncology Ward,25.416666666666668,38.0,0.668859649122807
HHN-LON-01,2025-12-30,Oncology Ward,23.083333333333332,37.541666666666664,0.6154412926858747
HHN-LON-01,2025-12-31,Oncology Ward,22.458333333333332,37.791666666666664,0.5945714981899193
HHN-LON-02,2024-01-01,Oncology Ward,1.25,57.75,0.021551724137931005
HHN-LON-02,2024-01-02,Oncology Ward,5.166666666666667,57.916666666666664,0.08918308702791457
HHN-LON-02,2024-01-03,Oncology Ward,7.333333333333333,56.291666666666664,0.1307167763107322
HHN-LON-02,2024-01-04,Oncology Ward,10.083333333333334,56.75,0.1776927983837213
HHN-LON-02,2024-01-05,Oncology Ward,14.416666666666666,57.583333333333336,0.2501552732405727
HHN-LON-02,2024-01-06,Oncology Ward,17.458333333333332,57.375,0.3045444870157514
HHN-LON-02,2024-01-07,Oncology Ward,18.458333333333332,57.25,0.3227128739155606
HHN-LON-02,2024-01-08,Oncology Ward,19.25,57.333333333333336,0.33600677478399804
HHN-LON-02,2024-01-09,Oncology Ward,21.291666666666668,57.791666666666664,0.3684392574667832
HHN-LON-02,2024-01-10,Oncology Ward,25.791666666666668,57.75,0.44664732953072334
HHN-LON-02,2024-01-11,Oncology Ward,23.791666666666668,57.708333333333336,0.4125676132521974
HHN-LON-02,2024-01-12,Oncology Ward,25.916666666666668,58.0,0.4468390804597701
HHN-LON-02,2024-01-13,Oncology Ward,23.875,57.125,0.4189364653014078
HHN-LON-02,2024-01-14,Oncology Ward,23.5,57.416666666666664,0.4097447485672103
HHN-LON-02,2024-01-15,Oncology Ward,26.666666666666668,57.791666666666664,0.4615322055953155
HHN-LON-02,2024-01-16,Oncology Ward,27.5,57.791666666666664,0.4759021868935662
HHN-LON-02,2024-01-17,Oncology Ward,29.208333333333332,57.208333333333336,0.5112591234548638
HHN-LON-02,2024-01-18,Oncology Ward,31.625,57.208333333333336,0.5539042932288942
HHN-LON-02,2024-01-19,Oncology Ward,35.541666666666664,57.583333333333336,0.6180752167775762
HHN-LON-02,2024-01-20,Oncology Ward,31.958333333333332,57.875,0.552178758678305
HHN-LON-02,2024-01-21,Oncology Ward,28.708333333333332,57.375,0.5005963999132509
HHN-LON-02,2024-01-22,Oncology Ward,28.875,57.5,0.5023430755950179
HHN-LON-02,2024-01-23,Oncology Ward,32.333333333333336,57.75,0.5600559017909119
HHN-LON-02,2024-01-24,Oncology Ward,36.125,58.0,0.622844827586207
HHN-LON-02,2024-01-25,Oncology Ward,38.208333333333336,56.708333333333336,0.6750578340074685
HHN-LON-02,2024-01-26,Oncology Ward,38.125,57.916666666666664,0.6583025451559935
HHN-LON-02,2024-01-27,Oncology Ward,33.333333333333336,57.666666666666664,0.5782422468011278
HHN-LON-02,2024-01-28,Oncology Ward,29.75,57.708333333333336,0.5159877169258508
HHN-LON-02,2024-01-29,Oncology Ward,28.25,57.75,0.4892942886385341
HHN-LON-02,2024-01-30,Oncology Ward,31.083333333333332,57.875,0.5371734587251829
HHN-LON-02,2024-01-31,Oncology Ward,32.333333333333336,57.458333333333336,0.5630843514301549
HHN-LON-02,2024-02-01,Oncology Ward,33.333333333333336,57.208333333333336,0.5840717814651571
HHN-LON-02,2024-02-02,Oncology Ward,33.583333333333336,57.833333333333336,0.5807163382594417
HHN-LON-02,2024-02-03,Oncology Ward,31.125,57.375,0.5431294305613724
HHN-LON-02,2024-02-04,Oncology Ward,28.875,57.583333333333336,0.5020114942528736
HHN-LON-02,2024-02-05,Oncology Ward,31.333333333333332,57.666666666666664,0.5433333333333333
HHN-LON-02,2024-02-06,Oncology Ward,35.875,57.958333333333336,0.6189755999193386
HHN-LON-02,2024-02-07,Oncology Ward,37.0,57.708333333333336,0.6413940465664604
HHN-LON-02,2024-02-08,Oncology Ward,35.75,57.0,0.6284770981779095
HHN-LON-02,2024-02-09,Oncology Ward,41.541666666666664,57.75,0.7196341732979664
HHN-LON-02,2024-02-10,Oncology Ward,43.333333333333336,56.875,0.7627150369917385
HHN-LON-02,2024-02-11,Oncology Ward,40.25,57.666666666666664,0.6983025515106224
HHN-LON-02,2024-02-12,Oncology Ward,37.75,57.208333333333336,0.6607943907005773
HHN-LON-02,2024-02-13,Oncology Ward,38.833333333333336,57.541666666666664,0.6753455237291445
HHN-LON-02,2024-02-14,Oncology Ward,35.0,57.791666666666664,0.6057525482541748
HHN-LON-02,2024-02-15,Oncology Ward,37.791666666666664,56.833333333333336,0.6664463688858758
HHN-LON-02,2024-02-16,Oncology Ward,42.583333333333336,57.916666666666664,0.7352540834845734
HHN-LON-02,2024-02-17,Oncology Ward,36.291666666666664,57.416666666666664,0.6327575154730327
HHN-LON-02,2024-02-18,Oncology Ward,32.916666666666664,57.375,0.5744493788459306
HHN-LON-02,2024-02-19,Oncology Ward,32.125,57.083333333333336,0.5632946507515473
HHN-LON-02,2024-02-20,Oncology Ward,31.083333333333332,58.0,0.5359195402298851
HHN-LON-02,2024-02-21,Oncology Ward,33.208333333333336,57.625,0.5765616447728517
HHN-LON-02,2024-02-22,Oncology Ward,32.875,58.0,0.5668103448275862
HHN-LON-02,2024-02-23,Oncology Ward,34.541666666666664,57.291666666666664,0.6038770862246895
HHN-LON-02,2024-02-24,Oncology Ward,33.041666666666664,56.5,0.5868547464668155
HHN-LON-02,2024-02-25,Oncology Ward,29.583333333333332,56.791666666666664,0.5223276958402933
HHN-LON-02,2024-02-26,Oncology Ward,25.0,56.875,0.4400385496569334
HHN-LON-02,2024-02-27,Oncology Ward,26.0,57.208333333333336,0.45498869027915695
HHN-LON-02,2024-02-28,Oncology Ward,30.458333333333332,57.833333333333336,0.526527245636441
HHN-LON-02,2024-02-29,Oncology Ward,32.583333333333336,57.833333333333336,0.5634844614729672
HHN-LON-02,2024-03-01,Oncology Ward,31.583333333333332,58.0,0.5445402298850575
HHN-LON-02,2024-03-02,Oncology Ward,32.583333333333336,58.0,0.5617816091954023
HHN-LON-02,2024-03-03,Oncology Ward,32.125,57.166666666666664,0.5630786886430998
HHN-LON-02,2024-03-04,Oncology Ward,28.166666666666668,57.875,0.48672936259143157
HHN-LON-02,2024-03-05,Oncology Ward,27.458333333333332,57.666666666666664,0.476241789819376
HHN-LON-02,2024-03-06,Oncology Ward,24.666666666666668,57.666666666666664,0.4282758620689655
HHN-LON-02,2024-03-07,Oncology Ward,17.125,56.875,0.30205118573610795
HHN-LON-02,2024-03-08,Oncology Ward,20.375,57.625,0.3538220400289365
HHN-LON-02,2024-03-09,Oncology Ward,21.291666666666668,57.708333333333336,0.3690380819691164
HHN-LON-02,2024-03-10,Oncology Ward,17.708333333333332,57.5,0.3081680494339296
HHN-LON-02,2024-03-11,Oncology Ward,20.916666666666668,57.708333333333336,0.3629000450755014
HHN-LON-02,2024-03-12,Oncology Ward,22.416666666666668,57.666666666666664,0.38902298850574707
HHN-LON-02,2024-03-13,Oncology Ward,23.583333333333332,58.0,0.4066091954022988
HHN-LON-02,2024-03-14,Oncology Ward,27.916666666666668,58.0,0.4813218390804597
HHN-LON-02,2024-03-15,Oncology Ward,29.375,58.0,0.5064655172413793
HHN-LON-02,2024-03-16,Oncology Ward,29.25,57.041666666666664,0.5135289896052203
HHN-LON-02,2024-03-17,Oncology Ward,28.333333333333332,57.708333333333336,0.49136522425061974
HHN-LON-02,2024-03-18,Oncology Ward,26.333333333333332,57.958333333333336,0.4543758822343214
HHN-LON-02,2024-03-19,Oncology Ward,33.875,58.0,0.584051724137931
HHN-LON-02,2024-03-20,Oncology Ward,35.708333333333336,57.791666666666664,0.6180329646497505
HHN-LON-02,2024-03-21,Oncology Ward,36.583333333333336,57.833333333333336,0.6326096211153682
HHN-LON-02,2024-03-22,Oncology Ward,38.708333333333336,57.583333333333336,0.6727587743561374
HHN-LON-02,2024-03-23,Oncology Ward,33.125,57.458333333333336,0.5772820570234364
HHN-LON-02,2024-03-24,Oncology Ward,25.958333333333332,57.666666666666664,0.450316091954023
HHN-LON-02,2024-03-25,Oncology Ward,22.833333333333332,57.791666666666664,0.3951424652933273
HHN-LON-02,2024-03-26,Oncology Ward,22.25,57.958333333333336,0.38388535995160317
HHN-LON-02,2024-03-27,Oncology Ward,21.458333333333332,58.0,0.3699712643678161
HHN-LON-02,2024-03-28,Oncology Ward,21.166666666666668,58.0,0.3649425287356322
HHN-LON-02,2024-03-29,Oncology Ward,19.75,57.208333333333336,0.34551004257616164
HHN-LON-02,2024-03-30,Oncology Ward,18.875,57.416666666666664,0.329038163907227
HHN-LON-02,2024-03-31,Oncology Ward,18.083333333333332,58.0,0.31178160919540227
HHN-LON-02,2024-04-01,Oncology Ward,14.791666666666666,57.666666666666664,0.2566569565491979
HHN-LON-02,2024-04-02,Oncology Ward,14.416666666666666,57.75,0.24972369584438547
HHN-LON-02,2024-04-03,Oncology Ward,16.541666666666668,57.916666666666664,0.28556034482758624
HHN-LON-02,2024-04-04,Oncology Ward,18.916666666666668,57.625,0.32843740944653727
HHN-LON-02,2024-04-05,Oncology Ward,23.791666666666668,58.0,0.41020114942528735
HHN-LON-02,2024-04-06,Oncology Ward,23.166666666666668,57.541666666666664,0.4030094043887147
HHN-LON-02,2024-04-07,Oncology Ward,24.166666666666668,57.708333333333336,0.4189089754314217
HHN-LON-02,2024-04-08,Oncology Ward,25.333333333333332,57.916666666666664,0.4374486863711002
HHN-LON-02,2024-04-09,Oncology Ward,22.791666666666668,58.0,0.3929597701149425
HHN-LON-02,2024-04-10,Oncology Ward,26.833333333333332,57.208333333333336,0.4697646057145719
HHN-LON-02,2024-04-11,Oncology Ward,28.291666666666668,58.0,0.4877873563218391
HHN-LON-02,2024-04-12,Oncology Ward,24.25,58.0,0.41810344827586204
HHN-LON-02,2024-04-13,Oncology Ward,21.375,57.75,0.37025862068965515
HHN-LON-02,2024-04-14,Oncology Ward,17.041666666666668,57.791666666666664,0.29504716452689833
HHN-LON-02,2024-04-15,Oncology Ward,18.583333333333332,57.666666666666664,0.3222413793103448
HHN-LON-02,2024-04-16,Oncology Ward,24.166666666666668,58.0,0.4166666666666667
HHN-LON-02,2024-04-17,Oncology Ward,29.291666666666668,58.0,0.5050287356321839
HHN-LON-02,2024-04-18,Oncology Ward,31.25,57.583333333333336,0.5430420473523921
HHN-LON-02,2024-04-19,Oncology Ward,31.0,57.583333333333336,0.5386958853194486
HHN-LON-02,2024-04-20,Oncology Ward,27.083333333333332,56.958333333333336,0.47596419249802463
HHN-LON-02,2024-04-21,Oncology Ward,21.0,58.0,0.3620689655172414
HHN-LON-02,2024-04-22,Oncology Ward,20.416666666666668,57.791666666666664,0.35323140316634133
HHN-LON-02,2024-04-23,Oncology Ward,21.375,58.0,0.3685344827586206
HHN-LON-02,2024-04-24,Oncology Ward,22.333333333333332,57.666666666666664,0.38738273885544
HHN-LON-02,2024-04-25,Oncology Ward,21.666666666666668,57.375,0.37785321663786836
HHN-LON-02,2024-04-26,Oncology Ward,22.666666666666668,57.666666666666664,0.3931926550461033
HHN-LON-02,2024-04-27,Oncology Ward,17.25,57.5,0.3008123342175066
HHN-LON-02,2024-04-28,Oncology Ward,16.166666666666668,57.833333333333336,0.2795908265962712
HHN-LON-02,2024-04-29,Oncology Ward,17.125,57.666666666666664,0.2970977011494253
HHN-LON-02,2024-04-30,Oncology Ward,19.291666666666668,57.875,0.33332027168234063
HHN-LON-02,2024-05-01,Oncology Ward,20.25,57.583333333333336,0.35198438516590763
HHN-LON-02,2024-05-02,Oncology Ward,22.958333333333332,58.0,0.3958333333333333
HHN-LON-02,2024-05-03,Oncology Ward,27.25,57.75,0.47181697612732093
HHN-LON-02,2024-05-04,Oncology Ward,26.625,57.75,0.4612897877984084
HHN-LON-02,2024-05-05,Oncology Ward,23.666666666666668,57.833333333333336,0.409269902085994
HHN-LON-02,2024-05-06,Oncology Ward,19.875,57.916666666666664,0.34321120689655177
HHN-LON-02,2024-05-07,Oncology Ward,18.125,58.0,0.31249999999999994
HHN-LON-02,2024-05-08,Oncology Ward,19.25,57.625,0.33397184711839883
HHN-LON-02,2024-05-09,Oncology Ward,21.708333333333332,58.0,0.37428160919540227
HHN-LON-02,2024-05-10,Oncology Ward,23.75,57.458333333333336,0.41375518137617345
HHN-LON-02,2024-05-11,Oncology Ward,20.166666666666668,57.666666666666664,0.3498297147722435
HHN-LON-02,2024-05-12,Oncology Ward,15.0,57.833333333333336,0.2596317581949766
HHN-LON-02,2024-05-13,Oncology Ward,15.916666666666666,58.0,0.27442528735632177
HHN-LON-02,2024-05-14,Oncology Ward,19.875,57.833333333333336,0.34357705406555983
HHN-LON-02,2024-05-15,Oncology Ward,21.416666666666668,57.458333333333336,0.37308989373237905
HHN-LON-02,2024-05-16,Oncology Ward,22.25,57.708333333333336,0.3856913455037187
HHN-LON-02,2024-05-17,Oncology Ward,23.416666666666668,57.083333333333336,0.41094142562290975
HHN-LON-02,2024-05-18,Oncology Ward,22.041666666666668,57.75,0.38187738512405495
HHN-LON-02,2024-05-19,Oncology Ward,18.208333333333332,57.5,0.31696236833488545
HHN-LON-02,2024-05-20,Oncology Ward,18.541666666666668,58.0,0.319683908045977
HHN-LON-02,2024-05-21,Oncology Ward,23.833333333333332,57.791666666666664,0.4121700723712218
HHN-LON-02,2024-05-22,Oncology Ward,28.708333333333332,57.666666666666664,0.49853448275862067
HHN-LON-02,2024-05-23,Oncology Ward,29.291666666666668,57.666666666666664,0.5082471264367816
HHN-LON-02,2024-05-24,Oncology Ward,25.791666666666668,57.708333333333336,0.4468531665539779
HHN-LON-02,2024-05-25,Oncology Ward,19.416666666666668,57.875,0.3355227148330597
HHN-LON-02,2024-05-26,Oncology Ward,16.375,57.208333333333336,0.28651776384535
HHN-LON-02,2024-05-27,Oncology Ward,12.208333333333334,57.625,0.21208001768346593
HHN-LON-02,2024-05-28,Oncology Ward,14.75,57.875,0.25493730407523507
HHN-LON-02,2024-05-29,Oncology Ward,18.75,57.708333333333336,0.32487406347433573
HHN-LON-02,2024-05-30,Oncology Ward,20.625,58.0,0.3556034482758621
HHN-LON-02,2024-05-31,Oncology Ward,24.416666666666668,57.625,0.42406331921758417
HHN-LON-02,2024-06-01,Oncology Ward,21.041666666666668,58.0,0.36278735632183906
HHN-LON-02,2024-06-02,Oncology Ward,17.041666666666668,58.0,0.2938218390804597
HHN-LON-02,2024-06-03,Oncology Ward,18.25,57.833333333333336,0.31540017028522777
HHN-LON-02,2024-06-04,Oncology Ward,20.333333333333332,58.0,0.3505747126436782
HHN-LON-02,2024-06-05,Oncology Ward,22.666666666666668,58.0,0.3908045977011494
HHN-LON-02,2024-06-06,Oncology Ward,24.0,57.666666666666664,0.4165480469259694
HHN-LON-02,2024-06-07,Oncology Ward,29.625,58.0,0.5107758620689655
HHN-LON-02,2024-06-08,Oncology Ward,31.416666666666668,57.5,0.5465039538686723
HHN-LON-02,2024-06-09,Oncology Ward,28.666666666666668,57.25,0.5012323390227252
HHN-LON-02,2024-06-10,Oncology Ward,30.5,57.708333333333336,0.5290173540680639
HHN-LON-02,2024-06-11,Oncology Ward,29.75,57.333333333333336,0.5193954874414645
HHN-LON-02,2024-06-12,Oncology Ward,24.916666666666668,57.833333333333336,0.430874840357599
HHN-LON-02,2024-06-13,Oncology Ward,23.875,58.0,0.4116379310344827
HHN-LON-02,2024-06-14,Oncology Ward,21.0,57.458333333333336,0.3658839920503207
HHN-LON-02,2024-06-15,Oncology Ward,18.958333333333332,57.25,0.33140947145063987
HHN-LON-02,2024-06-16,Oncology Ward,18.125,58.0,0.3125
HHN-LON-02,2024-06-17,Oncology Ward,19.333333333333332,58.0,0.3333333333333333
HHN-LON-02,2024-06-18,Oncology Ward,22.208333333333332,57.75,0.3848087975243148
HHN-LON-02,2024-06-19,Oncology Ward,22.958333333333332,57.791666666666664,0.39739210583387546
HHN-LON-02,2024-06-20,Oncology Ward,22.541666666666668,57.916666666666664,0.3892395320197044
HHN-LON-02,2024-06-21,Oncology Ward,22.708333333333332,57.916666666666664,0.39207753579350674
HHN-LON-02,2024-06-22,Oncology Ward,21.083333333333332,57.625,0.36606790704787656
HHN-LON-02,2024-06-23,Oncology Ward,16.708333333333332,57.541666666666664,0.2906556948798327
HHN-LON-02,2024-06-24,Oncology Ward,14.625,57.375,0.2551448050484561
HHN-LON-02,2024-06-25,Oncology Ward,17.458333333333332,57.708333333333336,0.3028075410675229
HHN-LON-02,2024-06-26,Oncology Ward,24.0,57.791666666666664,0.41528410323140313
HHN-LON-02,2024-06-27,Oncology Ward,27.375,57.458333333333336,0.4768159142525268
HHN-LON-02,2024-06-28,Oncology Ward,26.166666666666668,58.0,0.45114942528735624
HHN-LON-02,2024-06-29,Oncology Ward,20.625,57.958333333333336,0.35584291187739464
HHN-LON-02,2024-06-30,Oncology Ward,18.625,58.0,0.3211206896551724
HHN-LON-02,2024-07-01,Oncology Ward,19.833333333333332,57.75,0.3435289566755084
HHN-LON-02,2024-07-02,Oncology Ward,21.708333333333332,58.0,0.37428160919540227
HHN-LON-02,2024-07-03,Oncology Ward,20.083333333333332,57.416666666666664,0.35001718056315756
HHN-LON-02,2024-07-04,Oncology Ward,20.791666666666668,57.791666666666664,0.3599002385599653
HHN-LON-02,2024-07-05,Oncology Ward,20.166666666666668,57.541666666666664,0.3506121034138276
HHN-LON-02,2024-07-06,Oncology Ward,21.208333333333332,56.875,0.3739652252973658
HHN-LON-02,2024-07-07,Oncology Ward,18.333333333333332,58.0,0.31609195402298845
HHN-LON-02,2024-07-08,Oncology Ward,16.708333333333332,58.0,0.2880747126436782
HHN-LON-02,2024-07-09,Oncology Ward,18.708333333333332,57.75,0.3238837312113174
HHN-LON-02,2024-07-10,Oncology Ward,20.0,58.0,0.3448275862068966
HHN-LON-02,2024-07-11,Oncology Ward,21.291666666666668,58.0,0.36709770114942525
HHN-LON-02,2024-07-12,Oncology Ward,25.166666666666668,57.083333333333336,0.440827484974362
HHN-LON-02,2024-07-13,Oncology Ward,25.625,57.291666666666664,0.4475419529170868
HHN-LON-02,2024-07-14,Oncology Ward,27.208333333333332,57.708333333333336,0.47168754944390145
HHN-LON-02,2024-07-15,Oncology Ward,29.0,57.625,0.5037451772365565
HHN-LON-02,2024-07-16,Oncology Ward,27.166666666666668,57.583333333333336,0.47198275862068967
HHN-LON-02,2024-07-17,Oncology Ward,23.75,57.875,0.410423197492163
HHN-LON-02,2024-07-18,Oncology Ward,27.583333333333332,57.458333333333336,0.4802935542032905
HHN-LON-02,2024-07-19,Oncology Ward,30.166666666666668,57.791666666666664,0.5221115091804747
HHN-LON-02,2024-07-20,Oncology Ward,27.958333333333332,57.666666666666664,0.4854885057471265
HHN-LON-02,2024-07-21,Oncology Ward,23.0,57.541666666666664,0.3997532030428907
HHN-LON-02,2024-07-22,Oncology Ward,20.25,57.416666666666664,0.3528038852819269
HHN-LON-02,2024-07-23,Oncology Ward,17.875,57.666666666666664,0.31037356321839077
HHN-LON-02,2024-07-24,Oncology Ward,23.916666666666668,57.875,0.41325757575757577
HHN-LON-02,2024-07-25,Oncology Ward,28.25,58.0,0.4870689655172414
HHN-LON-02,2024-07-26,Oncology Ward,29.0,57.666666666666664,0.5033333333333333
HHN-LON-02,2024-07-27,Oncology Ward,23.208333333333332,57.416666666666664,0.4046656217345872
HHN-LON-02,2024-07-28,Oncology Ward,19.458333333333332,57.625,0.33784713849369025
HHN-LON-02,2024-07-29,Oncology Ward,21.5,57.875,0.37139498432601875
HHN-LON-02,2024-07-30,Oncology Ward,27.791666666666668,57.708333333333336,0.48212474645030423
HHN-LON-02,2024-07-31,Oncology Ward,31.125,57.791666666666664,0.5389163361788891
HHN-LON-02,2024-08-01,Oncology Ward,32.916666666666664,57.708333333333336,0.5707826233941853
HHN-LON-02,2024-08-02,Oncology Ward,26.458333333333332,57.958333333333336,0.45651845130066543
HHN-LON-02,2024-08-03,Oncology Ward,19.166666666666668,57.875,0.3314002089864158
HHN-LON-02,2024-08-04,Oncology Ward,12.666666666666666,57.416666666666664,0.2208462626335647
HHN-LON-02,2024-08-05,Oncology Ward,11.5,58.0,0.1982758620689655
HHN-LON-02,2024-08-06,Oncology Ward,11.125,57.958333333333336,0.19197418834442426
HHN-LON-02,2024-08-07,Oncology Ward,13.291666666666666,57.791666666666664,0.23011548471047494
HHN-LON-02,2024-08-08,Oncology Ward,21.0,58.0,0.3620689655172413
HHN-LON-02,2024-08-09,Oncology Ward,26.333333333333332,57.791666666666664,0.45585285187594876
HHN-LON-02,2024-08-10,Oncology Ward,26.625,58.0,0.459051724137931
HHN-LON-02,2024-08-11,Oncology Ward,21.041666666666668,57.916666666666664,0.3633040935672514
HHN-LON-02,2024-08-12,Oncology Ward,21.333333333333332,58.0,0.36781609195402293
HHN-LON-02,2024-08-13,Oncology Ward,20.833333333333332,57.416666666666664,0.36313676233162245
HHN-LON-02,2024-08-14,Oncology Ward,19.375,58.0,0.33405172413793105
HHN-LON-02,2024-08-15,Oncology Ward,18.708333333333332,57.875,0.323380355276907
HHN-LON-02,2024-08-16,Oncology Ward,18.416666666666668,57.666666666666664,0.31971264367816093
HHN-LON-02,2024-08-17,Oncology Ward,19.083333333333332,57.625,0.33135826169548277
HHN-LON-02,2024-08-18,Oncology Ward,19.291666666666668,57.625,0.33506999843773894
HHN-LON-02,2024-08-19,Oncology Ward,16.5,57.916666666666664,0.28494458128078815
HHN-LON-02,2024-08-20,Oncology Ward,13.75,57.791666666666664,0.23800963354048651
HHN-LON-02,2024-08-21,Oncology Ward,15.916666666666666,58.0,0.27442528735632177
HHN-LON-02,2024-08-22,Oncology Ward,15.75,58.0,0.271551724137931
HHN-LON-02,2024-08-23,Oncology Ward,14.291666666666666,57.333333333333336,0.24985632183908044
HHN-LON-02,2024-08-24,Oncology Ward,13.125,57.25,0.2296396175131807
HHN-LON-02,2024-08-25,Oncology Ward,15.041666666666666,57.833333333333336,0.26013729246487866
HHN-LON-02,2024-08-26,Oncology Ward,12.25,57.5,0.21307471264367814
HHN-LON-02,2024-08-27,Oncology Ward,10.0,57.375,0.17468387839104182
HHN-LON-02,2024-08-28,Oncology Ward,13.791666666666666,58.0,0.23778735632183903
HHN-LON-02,2024-08-29,Oncology Ward,17.958333333333332,58.0,0.30962643678160917
HHN-LON-02,2024-08-30,Oncology Ward,20.708333333333332,57.583333333333336,0.35963827500302775
HHN-LON-02,2024-08-31,Oncology Ward,21.958333333333332,57.208333333333336,0.38434685029702376
HHN-LON-02,2024-09-01,Oncology Ward,20.875,57.708333333333336,0.3620830516114492
HHN-LON-02,2024-09-02,Oncology Ward,27.125,57.625,0.47022333131679767
HHN-LON-02,2024-09-03,Oncology Ward,33.333333333333336,57.625,0.5791641459971768
HHN-LON-02,2024-09-04,Oncology Ward,33.708333333333336,58.0,0.5811781609195402
HHN-LON-02,2024-09-05,Oncology Ward,33.625,57.833333333333336,0.5814442315879097
HHN-LON-02,2024-09-06,Oncology Ward,32.375,57.416666666666664,0.5645523872679045
HHN-LON-02,2024-09-07,Oncology Ward,29.458333333333332,58.0,0.5079022988505747
HHN-LON-02,2024-09-08,Oncology Ward,25.291666666666668,57.25,0.4425127543180281
HHN-LON-02,2024-09-09,Oncology Ward,22.041666666666668,58.0,0.38002873563218387
HHN-LON-02,2024-09-10,Oncology Ward,22.625,57.583333333333336,0.3931869535317811
HHN-LON-02,2024-09-11,Oncology Ward,26.041666666666668,58.0,0.44899425287356326
HHN-LON-02,2024-09-12,Oncology Ward,30.166666666666668,57.958333333333336,0.5205182496471062
HHN-LON-02,2024-09-13,Oncology Ward,34.5,57.916666666666664,0.5957255747126436
HHN-LON-02,2024-09-14,Oncology Ward,35.75,57.375,0.6237038033353909
HHN-LON-02,2024-09-15,Oncology Ward,30.333333333333332,57.5,0.5284050076330684
HHN-LON-02,2024-09-16,Oncology Ward,30.0,57.458333333333336,0.5231354369984819
HHN-LON-02,2024-09-17,Oncology Ward,27.541666666666668,57.5,0.4790435873875503
HHN-LON-02,2024-09-18,Oncology Ward,26.375,58.0,0.4547413793103448
HHN-LON-02,2024-09-19,Oncology Ward,24.416666666666668,58.0,0.4209770114942528
HHN-LON-02,2024-09-20,Oncology Ward,23.125,58.0,0.39870689655172414
HHN-LON-02,2024-09-21,Oncology Ward,21.458333333333332,57.708333333333336,0.37223912553527155
HHN-LON-02,2024-09-22,Oncology Ward,20.0,58.0,0.3448275862068966
HHN-LON-02,2024-09-23,Oncology Ward,22.125,58.0,0.3814655172413793
HHN-LON-02,2024-09-24,Oncology Ward,26.0,57.875,0.44909874608150463
HHN-LON-02,2024-09-25,Oncology Ward,32.333333333333336,57.833333333333336,0.5593869731800766
HHN-LON-02,2024-09-26,Oncology Ward,38.541666666666664,57.958333333333336,0.6650030248033878
HHN-LON-02,2024-09-27,Oncology Ward,36.041666666666664,57.875,0.6228187042842216
HHN-LON-02,2024-09-28,Oncology Ward,34.125,57.791666666666664,0.5905356962809322
HHN-LON-02,2024-09-29,Oncology Ward,31.166666666666668,57.625,0.5414251865295422
HHN-LON-02,2024-09-30,Oncology Ward,28.708333333333332,56.958333333333336,0.5051525940384106
HHN-LON-02,2024-10-01,Oncology Ward,28.75,57.75,0.4980106100795756
HHN-LON-02,2024-10-02,Oncology Ward,27.666666666666668,58.0,0.4770114942528736
HHN-LON-02,2024-10-03,Oncology Ward,32.125,58.0,0.5538793103448275
HHN-LON-02,2024-10-04,Oncology Ward,35.125,57.708333333333336,0.6088502644763988
HHN-LON-02,2024-10-05,Oncology Ward,34.125,57.583333333333336,0.593423645320197
HHN-LON-02,2024-10-06,Oncology Ward,29.875,57.958333333333336,0.5154643073200242
HHN-LON-02,2024-10-07,Oncology Ward,30.625,58.0,0.5280172413793103
HHN-LON-02,2024-10-08,Oncology Ward,31.666666666666668,57.625,0.5496452725768493
HHN-LON-02,2024-10-09,Oncology Ward,36.125,57.708333333333336,0.6266903313049358
HHN-LON-02,2024-10-10,Oncology Ward,31.625,57.666666666666664,0.5485046828437633
HHN-LON-02,2024-10-11,Oncology Ward,27.25,57.5,0.4742519486649572
HHN-LON-02,2024-10-12,Oncology Ward,23.5,57.208333333333336,0.4113889221546183
HHN-LON-02,2024-10-13,Oncology Ward,16.833333333333332,57.666666666666664,0.29219880800340564
HHN-LON-02,2024-10-14,Oncology Ward,16.333333333333332,57.916666666666664,0.2819940476190476
HHN-LON-02,2024-10-15,Oncology Ward,20.166666666666668,58.0,0.34770114942528735
HHN-LON-02,2024-10-16,Oncology Ward,27.708333333333332,57.958333333333336,0.4780197620488002
HHN-LON-02,2024-10-17,Oncology Ward,30.708333333333332,57.708333333333336,0.5323135001126887
HHN-LON-02,2024-10-18,Oncology Ward,29.541666666666668,58.0,0.50933908045977
HHN-LON-02,2024-10-19,Oncology Ward,22.875,58.0,0.3943965517241379
HHN-LON-02,2024-10-20,Oncology Ward,21.083333333333332,57.333333333333336,0.36819336451055523
HHN-LON-02,2024-10-21,Oncology Ward,21.291666666666668,57.833333333333336,0.36821519795657726
HHN-LON-02,2024-10-22,Oncology Ward,20.708333333333332,57.208333333333336,0.3624523487555942
HHN-LON-02,2024-10-23,Oncology Ward,23.25,57.875,0.4017633228840125
HHN-LON-02,2024-10-24,Oncology Ward,30.166666666666668,57.708333333333336,0.5224814063556457
HHN-LON-02,2024-10-25,Oncology Ward,32.458333333333336,57.916666666666664,0.5604217980295566
HHN-LON-02,2024-10-26,Oncology Ward,31.791666666666668,57.583333333333336,0.5523392975438427
HHN-LON-02,2024-10-27,Oncology Ward,27.0,57.833333333333336,0.46682573891625617
HHN-LON-02,2024-10-28,Oncology Ward,25.208333333333332,58.0,0.4346264367816091
HHN-LON-02,2024-10-29,Oncology Ward,29.458333333333332,57.458333333333336,0.5129010953262743
HHN-LON-02,2024-10-30,Oncology Ward,36.041666666666664,58.0,0.6214080459770115
HHN-LON-02,2024-10-31,Oncology Ward,38.958333333333336,58.0,0.6716954022988505
HHN-LON-02,2024-11-01,Oncology Ward,37.375,58.0,0.644396551724138
HHN-LON-02,2024-11-02,Oncology Ward,32.208333333333336,57.708333333333336,0.5584713770565698
HHN-LON-02,2024-11-03,Oncology Ward,23.875,57.333333333333336,0.416333332678614
HHN-LON-02,2024-11-04,Oncology Ward,18.75,58.0,0.3232758620689655
HHN-LON-02,2024-11-05,Oncology Ward,23.208333333333332,57.458333333333336,0.4035003253090435
HHN-LON-02,2024-11-06,Oncology Ward,27.625,58.0,0.4762931034482758
HHN-LON-02,2024-11-07,Oncology Ward,32.458333333333336,57.916666666666664,0.5605500821018062
HHN-LON-02,2024-11-08,Oncology Ward,36.875,58.0,0.6357758620689655
HHN-LON-02,2024-11-09,Oncology Ward,34.166666666666664,56.875,0.602234993614304
HHN-LON-02,2024-11-10,Oncology Ward,27.208333333333332,57.5,0.47391130041358237
HHN-LON-02,2024-11-11,Oncology Ward,23.166666666666668,58.0,0.39942528735632177
HHN-LON-02,2024-11-12,Oncology Ward,27.083333333333332,58.0,0.4669540229885057
HHN-LON-02,2024-11-13,Oncology Ward,30.458333333333332,57.583333333333336,0.5295584045584045
HHN-LON-02,2024-11-14,Oncology Ward,26.458333333333332,57.791666666666664,0.45794025157232704
HHN-LON-02,2024-11-15,Oncology Ward,27.416666666666668,57.791666666666664,0.4745987855129039
HHN-LON-02,2024-11-16,Oncology Ward,26.25,58.0,0.45258620689655166
HHN-LON-02,2024-11-17,Oncology Ward,22.5,57.375,0.3925457641549595
HHN-LON-02,2024-11-18,Oncology Ward,23.833333333333332,58.0,0.410919540229885
HHN-LON-02,2024-11-19,Oncology Ward,23.208333333333332,58.0,0.4001436781609195
HHN-LON-02,2024-11-20,Oncology Ward,28.625,58.0,0.4935344827586207
HHN-LON-02,2024-11-21,Oncology Ward,35.458333333333336,57.25,0.6199712643678161
HHN-LON-02,2024-11-22,Oncology Ward,32.458333333333336,58.0,0.5596264367816092
HHN-LON-02,2024-11-23,Oncology Ward,25.041666666666668,57.5,0.43594827586206897
HHN-LON-02,2024-11-24,Oncology Ward,22.083333333333332,57.375,0.3854451205769664
HHN-LON-02,2024-11-25,Oncology Ward,26.208333333333332,57.958333333333336,0.45220810647307924
HHN-LON-02,2024-11-26,Oncology Ward,32.333333333333336,57.75,0.5600502493462264
HHN-LON-02,2024-11-27,Oncology Ward,31.833333333333332,57.916666666666664,0.5496459359605911
HHN-LON-02,2024-11-28,Oncology Ward,37.291666666666664,57.958333333333336,0.6433756805807622
HHN-LON-02,2024-11-29,Oncology Ward,38.875,57.833333333333336,0.672182881773399
HHN-LON-02,2024-11-30,Oncology Ward,30.0,57.708333333333336,0.5200626607181584
HHN-LON-02,2024-12-01,Oncology Ward,23.958333333333332,57.333333333333336,0.418406044708823
HHN-LON-02,2024-12-02,Oncology Ward,26.458333333333332,57.708333333333336,0.45861972212546925
HHN-LON-02,2024-12-03,Oncology Ward,28.083333333333332,56.75,0.4958328486928893
HHN-LON-02,2024-12-04,Oncology Ward,30.125,57.958333333333336,0.5197998588425086
HHN-LON-02,2024-12-05,Oncology Ward,30.083333333333332,57.875,0.51989289446186
HHN-LON-02,2024-12-06,Oncology Ward,30.833333333333332,56.875,0.5430753516072989
HHN-LON-02,2024-12-07,Oncology Ward,31.708333333333332,57.0,0.5572176372759537
HHN-LON-02,2024-12-08,Oncology Ward,27.291666666666668,57.541666666666664,0.47461524460141896
HHN-LON-02,2024-12-09,Oncology Ward,25.791666666666668,58.0,0.44468390804597696
HHN-LON-02,2024-12-10,Oncology Ward,28.125,56.875,0.49556138748477724
HHN-LON-02,2024-12-11,Oncology Ward,30.833333333333332,57.791666666666664,0.5336584751455441
HHN-LON-02,2024-12-12,Oncology Ward,32.083333333333336,57.583333333333336,0.5578263546798029
HHN-LON-02,2024-12-13,Oncology Ward,31.583333333333332,57.708333333333336,0.5474176710565095
HHN-LON-02,2024-12-14,Oncology Ward,28.583333333333332,57.541666666666664,0.49698566120979915
HHN-LON-02,2024-12-15,Oncology Ward,23.916666666666668,58.0,0.41235632183908044
HHN-LON-02,2024-12-16,Oncology Ward,20.5,57.166666666666664,0.3592059163721875
HHN-LON-02,2024-12-17,Oncology Ward,20.25,57.541666666666664,0.3521742668970526
HHN-LON-02,2024-12-18,Oncology Ward,21.708333333333332,57.583333333333336,0.3770272538232308
HHN-LON-02,2024-12-19,Oncology Ward,24.333333333333332,57.083333333333336,0.42693932700978204
HHN-LON-02,2024-12-20,Oncology Ward,23.5,57.125,0.41188231952554105
HHN-LON-02,2024-12-21,Oncology Ward,21.791666666666668,57.833333333333336,0.3769423158790975
HHN-LON-02,2024-12-22,Oncology Ward,20.041666666666668,57.5,0.34858338563533664
HHN-LON-02,2024-12-23,Oncology Ward,16.541666666666668,57.75,0.2866103006189213
HHN-LON-02,2024-12-24,Oncology Ward,16.083333333333332,57.833333333333336,0.27815027671349507
HHN-LON-02,2024-12-25,Oncology Ward,16.875,58.0,0.2909482758620689
HHN-LON-02,2024-12-26,Oncology Ward,18.791666666666668,57.75,0.3255691865605658
HHN-LON-02,2024-12-27,Oncology Ward,21.5,57.333333333333336,0.37540811147132985
HHN-LON-02,2024-12-28,Oncology Ward,20.625,57.541666666666664,0.35876739152194587
HHN-LON-02,2024-12-29,Oncology Ward,20.958333333333332,57.541666666666664,0.36449881676808654
HHN-LON-02,2024-12-30,Oncology Ward,19.541666666666668,56.875,0.3444443818395813
HHN-LON-02,2024-12-31,Oncology Ward,18.916666666666668,57.708333333333336,0.32782567049808425
HHN-LON-02,2025-01-01,Oncology Ward,16.583333333333332,57.708333333333336,0.28744745373601993
HHN-LON-02,2025-01-02,Oncology Ward,17.916666666666668,58.0,0.3089080459770115
HHN-LON-02,2025-01-03,Oncology Ward,17.041666666666668,57.625,0.2959342501368363
HHN-LON-02,2025-01-04,Oncology Ward,19.291666666666668,57.375,0.336866505001647
HHN-LON-02,2025-01-05,Oncology Ward,19.75,56.916666666666664,0.3477952059950485
HHN-LON-02,2025-01-06,Oncology Ward,19.458333333333332,57.833333333333336,0.33655278842060454
HHN-LON-02,2025-01-07,Oncology Ward,22.125,57.416666666666664,0.3859515915119363
HHN-LON-02,2025-01-08,Oncology Ward,25.75,57.666666666666664,0.4466794380587484
HHN-LON-02,2025-01-09,Oncology Ward,25.625,57.666666666666664,0.44454146211628315
HHN-LON-02,2025-01-10,Oncology Ward,29.208333333333332,57.833333333333336,0.5051883780332056
HHN-LON-02,2025-01-11,Oncology Ward,29.208333333333332,58.0,0.5035919540229885
HHN-LON-02,2025-01-12,Oncology Ward,26.041666666666668,57.583333333333336,0.4524567361454838
HHN-LON-02,2025-01-13,Oncology Ward,24.791666666666668,56.916666666666664,0.4360328948716372
HHN-LON-02,2025-01-14,Oncology Ward,21.875,57.541666666666664,0.3804951418626199
HHN-LON-02,2025-01-15,Oncology Ward,21.708333333333332,57.541666666666664,0.3774221833318929
HHN-LON-02,2025-01-16,Oncology Ward,22.791666666666668,57.875,0.39393939393939387
HHN-LON-02,2025-01-17,Oncology Ward,27.708333333333332,56.416666666666664,0.4925813959536069
HHN-LON-02,2025-01-18,Oncology Ward,27.416666666666668,57.958333333333336,0.4730414398064126
HHN-LON-02,2025-01-19,Oncology Ward,24.791666666666668,57.083333333333336,0.43504749279343596
HHN-LON-02,2025-01-20,Oncology Ward,26.125,57.333333333333336,0.456867816091954
HHN-LON-02,2025-01-21,Oncology Ward,28.541666666666668,58.0,0.49209770114942525
HHN-LON-02,2025-01-22,Oncology Ward,30.416666666666668,57.25,0.5321286393345217
HHN-LON-02,2025-01-23,Oncology Ward,32.416666666666664,57.875,0.5602011494252873
HHN-LON-02,2025-01-24,Oncology Ward,32.458333333333336,57.625,0.5636244332648598
HHN-LON-02,2025-01-25,Oncology Ward,28.25,57.541666666666664,0.49152976121366926
HHN-LON-02,2025-01-26,Oncology Ward,25.875,58.0,0.4461206896551724
HHN-LON-02,2025-01-27,Oncology Ward,20.791666666666668,57.583333333333336,0.36130110062893084
HHN-LON-02,2025-01-28,Oncology Ward,22.958333333333332,57.25,0.4020099063658901
HHN-LON-02,2025-01-29,Oncology Ward,30.166666666666668,57.583333333333336,0.5246397783251231
HHN-LON-02,2025-01-30,Oncology Ward,26.541666666666668,58.0,0.45761494252873564
HHN-LON-02,2025-01-31,Oncology Ward,25.708333333333332,57.666666666666664,0.44582662308955406
HHN-LON-02,2025-02-01,Oncology Ward,23.541666666666668,57.375,0.4104819910705293
HHN-LON-02,2025-02-02,Oncology Ward,20.833333333333332,57.791666666666664,0.360751604717122
HHN-LON-02,2025-02-03,Oncology Ward,20.375,57.291666666666664,0.35590437299784833
HHN-LON-02,2025-02-04,Oncology Ward,26.291666666666668,57.625,0.45566323044771323
HHN-LON-02,2025-02-05,Oncology Ward,30.75,58.0,0.5301724137931034
HHN-LON-02,2025-02-06,Oncology Ward,30.708333333333332,57.666666666666664,0.533132183908046
HHN-LON-02,2025-02-07,Oncology Ward,27.791666666666668,57.541666666666664,0.4831217288959006
HHN-LON-02,2025-02-08,Oncology Ward,22.916666666666668,57.583333333333336,0.39775415888921634
HHN-LON-02,2025-02-09,Oncology Ward,18.833333333333332,57.625,0.3270210727969349
HHN-LON-02,2025-02-10,Oncology Ward,25.0,57.416666666666664,0.43593303381378096
HHN-LON-02,2025-02-11,Oncology Ward,23.416666666666668,57.791666666666664,0.4052944046844502
HHN-LON-02,2025-02-12,Oncology Ward,24.791666666666668,57.833333333333336,0.42887931034482757
HHN-LON-02,2025-02-13,Oncology Ward,29.666666666666668,58.0,0.5114942528735632
HHN-LON-02,2025-02-14,Oncology Ward,31.041666666666668,57.5,0.5403587861082407
HHN-LON-02,2025-02-15,Oncology Ward,29.166666666666668,56.958333333333336,0.512966145926005
HHN-LON-02,2025-02-16,Oncology Ward,22.375,57.166666666666664,0.3918193337261869
HHN-LON-02,2025-02-17,Oncology Ward,19.458333333333332,58.0,0.3354885057471264
HHN-LON-02,2025-02-18,Oncology Ward,21.5,57.708333333333336,0.3725631057020509
HHN-LON-02,2025-02-19,Oncology Ward,28.208333333333332,57.791666666666664,0.48834714136438273
HHN-LON-02,2025-02-20,Oncology Ward,33.833333333333336,58.0,0.5833333333333334
HHN-LON-02,2025-02-21,Oncology Ward,36.166666666666664,57.333333333333336,0.6318854311234475
HHN-LON-02,2025-02-22,Oncology Ward,33.958333333333336,57.583333333333336,0.5897633921003381
HHN-LON-02,2025-02-23,Oncology Ward,29.291666666666668,57.708333333333336,0.5075924047780032
HHN-LON-02,2025-02-24,Oncology Ward,27.666666666666668,57.875,0.47814785788923714
HHN-LON-02,2025-02-25,Oncology Ward,25.083333333333332,57.666666666666664,0.4354597701149425
HHN-LON-02,2025-02-26,Oncology Ward,29.541666666666668,57.875,0.5105929989550679
HHN-LON-02,2025-02-27,Oncology Ward,36.0,57.458333333333336,0.6267385563904757
HHN-LON-02,2025-02-28,Oncology Ward,34.875,57.666666666666664,0.6051979170373534
HHN-LON-02,2025-03-01,Oncology Ward,31.75,58.0,0.5474137931034483
HHN-LON-02,2025-03-02,Oncology Ward,26.666666666666668,57.208333333333336,0.4663895682564947
HHN-LON-02,2025-03-03,Oncology Ward,23.875,57.875,0.41265673981191214
HHN-LON-02,2025-03-04,Oncology Ward,24.0,57.75,0.41553381962864716
HHN-LON-02,2025-03-05,Oncology Ward,27.916666666666668,58.0,0.4813218390804597
HHN-LON-02,2025-03-06,Oncology Ward,29.416666666666668,57.75,0.5095877541998232
HHN-LON-02,2025-03-07,Oncology Ward,28.708333333333332,57.708333333333336,0.49812654947036283
HHN-LON-02,2025-03-08,Oncology Ward,26.958333333333332,57.0,0.4736893841791026
HHN-LON-02,2025-03-09,Oncology Ward,21.833333333333332,57.791666666666664,0.377876828631139
HHN-LON-02,2025-03-10,Oncology Ward,23.25,57.958333333333336,0.4011267392619479
HHN-LON-02,2025-03-11,Oncology Ward,23.958333333333332,58.0,0.41307471264367807
HHN-LON-02,2025-03-12,Oncology Ward,28.25,57.333333333333336,0.4928978296075997
HHN-LON-02,2025-03-13,Oncology Ward,34.541666666666664,57.458333333333336,0.6010037866057225
HHN-LON-02,2025-03-14,Oncology Ward,36.416666666666664,57.708333333333336,0.6313239719546435
HHN-LON-02,2025-03-15,Oncology Ward,30.75,57.833333333333336,0.5319284802043422
HHN-LON-02,2025-03-16,Oncology Ward,23.333333333333332,57.333333333333336,0.40753489326765185
HHN-LON-02,2025-03-17,Oncology Ward,20.625,57.333333333333336,0.36054597701149427
HHN-LON-02,2025-03-18,Oncology Ward,22.333333333333332,58.0,0.3850574712643678
HHN-LON-02,2025-03-19,Oncology Ward,22.5,57.666666666666664,0.3905747126436781
HHN-LON-02,2025-03-20,Oncology Ward,27.166666666666668,57.666666666666664,0.4716091954022989
HHN-LON-02,2025-03-21,Oncology Ward,27.083333333333332,58.0,0.4669540229885057
HHN-LON-02,2025-03-22,Oncology Ward,27.708333333333332,57.666666666666664,0.4807440240743326
HHN-LON-02,2025-03-23,Oncology Ward,27.541666666666668,57.625,0.47831172638698116
HHN-LON-02,2025-03-24,Oncology Ward,26.75,58.0,0.46120689655172414
HHN-LON-02,2025-03-25,Oncology Ward,26.666666666666668,57.916666666666664,0.4603858784893267
HHN-LON-02,2025-03-26,Oncology Ward,26.791666666666668,57.625,0.46542631219355357
HHN-LON-02,2025-03-27,Oncology Ward,28.041666666666668,57.75,0.48559299895506786
HHN-LON-02,2025-03-28,Oncology Ward,23.875,58.0,0.4116379310344827
HHN-LON-02,2025-03-29,Oncology Ward,19.958333333333332,58.0,0.3441091954022988
HHN-LON-02,2025-03-30,Oncology Ward,15.833333333333334,57.375,0.2762626743674218
HHN-LON-02,2025-03-31,Oncology Ward,14.083333333333334,57.791666666666664,0.24376490999783126
HHN-LON-02,2025-04-01,Oncology Ward,15.625,57.666666666666664,0.2710057471264367
HHN-LON-02,2025-04-02,Oncology Ward,15.625,58.0,0.2693965517241379
HHN-LON-02,2025-04-03,Oncology Ward,15.416666666666666,58.0,0.2658045977011494
HHN-LON-02,2025-04-04,Oncology Ward,15.916666666666666,57.416666666666664,0.2775906277630415
HHN-LON-02,2025-04-05,Oncology Ward,17.5,58.0,0.3017241379310344
HHN-LON-02,2025-04-06,Oncology Ward,17.458333333333332,56.916666666666664,0.30748248425347807
HHN-LON-02,2025-04-07,Oncology Ward,17.166666666666668,57.75,0.2972203801945181
HHN-LON-02,2025-04-08,Oncology Ward,23.041666666666668,58.0,0.3972701149425287
HHN-LON-02,2025-04-09,Oncology Ward,27.166666666666668,57.916666666666664,0.46904617866505344
HHN-LON-02,2025-04-10,Oncology Ward,31.958333333333332,58.0,0.5510057471264368
HHN-LON-02,2025-04-11,Oncology Ward,35.041666666666664,57.375,0.6112520783633341
HHN-LON-02,2025-04-12,Oncology Ward,32.208333333333336,56.875,0.5675237619853915
HHN-LON-02,2025-04-13,Oncology Ward,30.958333333333332,57.166666666666664,0.5419363863042024
HHN-LON-02,2025-04-14,Oncology Ward,25.208333333333332,57.416666666666664,0.4395722811671087
HHN-LON-02,2025-04-15,Oncology Ward,28.416666666666668,57.916666666666664,0.49063571284533175
HHN-LON-02,2025-04-16,Oncology Ward,32.083333333333336,57.791666666666664,0.555198460711165
HHN-LON-02,2025-04-17,Oncology Ward,32.541666666666664,58.0,0.5610632183908045
HHN-LON-02,2025-04-18,Oncology Ward,30.0,57.5,0.5221626223925074
HHN-LON-02,2025-04-19,Oncology Ward,27.375,57.75,0.47415333512580937
HHN-LON-02,2025-04-20,Oncology Ward,23.166666666666668,57.5,0.40327284264608054
HHN-LON-02,2025-04-21,Oncology Ward,20.208333333333332,57.583333333333336,0.35113044892648015
HHN-LON-02,2025-04-22,Oncology Ward,19.416666666666668,58.0,0.3347701149425288
HHN-LON-02,2025-04-23,Oncology Ward,22.25,58.0,0.3836206896551724
HHN-LON-02,2025-04-24,Oncology Ward,26.166666666666668,57.708333333333336,0.4541075050709939
HHN-LON-02,2025-04-25,Oncology Ward,27.333333333333332,57.708333333333336,0.4736935356445766
HHN-LON-02,2025-04-26,Oncology Ward,24.083333333333332,57.833333333333336,0.41641964105666457
HHN-LON-02,2025-04-27,Oncology Ward,20.75,57.75,0.3592039545703339
HHN-LON-02,2025-04-28,Oncology Ward,22.416666666666668,57.875,0.38716039707419014
HHN-LON-02,2025-04-29,Oncology Ward,29.0,57.416666666666664,0.5053244834135638
HHN-LON-02,2025-04-30,Oncology Ward,31.0,57.625,0.5381123641533531
HHN-LON-02,2025-05-01,Oncology Ward,29.541666666666668,58.0,0.50933908045977
HHN-LON-02,2025-05-02,Oncology Ward,32.5,58.0,0.5603448275862069
HHN-LON-02,2025-05-03,Oncology Ward,28.291666666666668,57.833333333333336,0.48917092379736055
HHN-LON-02,2025-05-04,Oncology Ward,25.416666666666668,57.708333333333336,0.4407820599504169
HHN-LON-02,2025-05-05,Oncology Ward,19.791666666666668,57.666666666666664,0.3438793103448276
HHN-LON-02,2025-05-06,Oncology Ward,21.541666666666668,57.875,0.3723876698014628
HHN-LON-02,2025-05-07,Oncology Ward,30.208333333333332,57.666666666666664,0.5237068965517241
HHN-LON-02,2025-05-08,Oncology Ward,31.416666666666668,57.458333333333336,0.547148124051182
HHN-LON-02,2025-05-09,Oncology Ward,32.916666666666664,57.583333333333336,0.5718247535776272
HHN-LON-02,2025-05-10,Oncology Ward,33.166666666666664,57.75,0.5745744916003537
HHN-LON-02,2025-05-11,Oncology Ward,28.541666666666668,57.125,0.5002527151982737
HHN-LON-02,2025-05-12,Oncology Ward,26.583333333333332,57.75,0.4605160904321093
HHN-LON-02,2025-05-13,Oncology Ward,29.833333333333332,57.833333333333336,0.5157513835674755
HHN-LON-02,2025-05-14,Oncology Ward,32.875,57.791666666666664,0.569114617219692
HHN-LON-02,2025-05-15,Oncology Ward,31.0,58.0,0.5344827586206896
HHN-LON-02,2025-05-16,Oncology Ward,30.666666666666668,57.875,0.5300287356321839
HHN-LON-02,2025-05-17,Oncology Ward,30.166666666666668,57.416666666666664,0.5257883878573534
HHN-LON-02,2025-05-18,Oncology Ward,26.541666666666668,57.75,0.45985300618921304
HHN-LON-02,2025-05-19,Oncology Ward,28.458333333333332,57.708333333333336,0.4932245886860491
HHN-LON-02,2025-05-20,Oncology Ward,28.791666666666668,57.541666666666664,0.5001789783058688
HHN-LON-02,2025-05-21,Oncology Ward,33.875,57.541666666666664,0.5891518817876983
HHN-LON-02,2025-05-22,Oncology Ward,38.875,57.875,0.6718260188087775
HHN-LON-02,2025-05-23,Oncology Ward,39.375,58.0,0.6788793103448275
HHN-LON-02,2025-05-24,Oncology Ward,28.291666666666668,57.208333333333336,0.49463982971784687
HHN-LON-02,2025-05-25,Oncology Ward,23.0,57.916666666666664,0.397193144499179
HHN-LON-02,2025-05-26,Oncology Ward,15.625,57.916666666666664,0.2697814039408866
HHN-LON-02,2025-05-27,Oncology Ward,15.25,57.416666666666664,0.2660134836427939
HHN-LON-02,2025-05-28,Oncology Ward,13.75,57.916666666666664,0.23737684729064035
HHN-LON-02,2025-05-29,Oncology Ward,22.041666666666668,57.958333333333336,0.38034381931841094
HHN-LON-02,2025-05-30,Oncology Ward,26.25,57.833333333333336,0.4539697743720732
HHN-LON-02,2025-05-31,Oncology Ward,25.041666666666668,57.75,0.43382515473032707
HHN-LON-02,2025-06-01,Oncology Ward,25.958333333333332,57.708333333333336,0.44989260420294896
HHN-LON-02,2025-06-02,Oncology Ward,26.416666666666668,58.0,0.45545977011494254
HHN-LON-02,2025-06-03,Oncology Ward,30.916666666666668,58.0,0.5330459770114943
HHN-LON-02,2025-06-04,Oncology Ward,34.708333333333336,57.666666666666664,0.6019827586206897
HHN-LON-02,2025-06-05,Oncology Ward,35.291666666666664,57.458333333333336,0.6152374756018217
HHN-LON-02,2025-06-06,Oncology Ward,29.666666666666668,57.958333333333336,0.5118471466021375
HHN-LON-02,2025-06-07,Oncology Ward,24.958333333333332,57.708333333333336,0.4327196029680577
HHN-LON-02,2025-06-08,Oncology Ward,21.5,57.958333333333336,0.37095432546884455
HHN-LON-02,2025-06-09,Oncology Ward,18.875,58.0,0.3254310344827586
HHN-LON-02,2025-06-10,Oncology Ward,23.833333333333332,58.0,0.410919540229885
HHN-LON-02,2025-06-11,Oncology Ward,24.916666666666668,57.708333333333336,0.4319498985345602
HHN-LON-02,2025-06-12,Oncology Ward,24.708333333333332,57.375,0.4311899692866117
HHN-LON-02,2025-06-13,Oncology Ward,24.0,58.0,0.4137931034482758
HHN-LON-02,2025-06-14,Oncology Ward,23.75,57.791666666666664,0.4110415311212318
HHN-LON-02,2025-06-15,Oncology Ward,22.458333333333332,57.166666666666664,0.3938206471801806
HHN-LON-02,2025-06-16,Oncology Ward,26.25,57.791666666666664,0.4542127521145088
HHN-LON-02,2025-06-17,Oncology Ward,29.333333333333332,57.75,0.5080680813439434
HHN-LON-02,2025-06-18,Oncology Ward,30.958333333333332,57.666666666666664,0.5375574712643678
HHN-LON-02,2025-06-19,Oncology Ward,29.083333333333332,57.708333333333336,0.5040004507550147
HHN-LON-02,2025-06-20,Oncology Ward,27.041666666666668,58.0,0.46623563218390807
HHN-LON-02,2025-06-21,Oncology Ward,24.083333333333332,57.291666666666664,0.421153329147751
HHN-LON-02,2025-06-22,Oncology Ward,19.416666666666668,57.666666666666664,0.3372988505747126
HHN-LON-02,2025-06-23,Oncology Ward,21.25,57.666666666666664,0.3691379310344827
HHN-LON-02,2025-06-24,Oncology Ward,24.416666666666668,57.958333333333336,0.42127949183303076
HHN-LON-02,2025-06-25,Oncology Ward,25.458333333333332,57.666666666666664,0.44169540229885057
HHN-LON-02,2025-06-26,Oncology Ward,25.583333333333332,57.75,0.44316423519009723
HHN-LON-02,2025-06-27,Oncology Ward,27.125,58.0,0.4676724137931034
HHN-LON-02,2025-06-28,Oncology Ward,26.333333333333332,57.708333333333336,0.45649279448621555
HHN-LON-02,2025-06-29,Oncology Ward,22.375,57.625,0.38870569086086326
HHN-LON-02,2025-06-30,Oncology Ward,22.541666666666668,57.75,0.3906388152077807
HHN-LON-02,2025-07-01,Oncology Ward,21.375,57.708333333333336,0.37080234392607614
HHN-LON-02,2025-07-02,Oncology Ward,20.0,57.875,0.3455721003134797
HHN-LON-02,2025-07-03,Oncology Ward,18.125,57.708333333333336,0.3142748478701825
HHN-LON-02,2025-07-04,Oncology Ward,20.125,57.416666666666664,0.35088061878481525
HHN-LON-02,2025-07-05,Oncology Ward,17.833333333333332,57.125,0.3131739319019735
HHN-LON-02,2025-07-06,Oncology Ward,12.958333333333334,57.541666666666664,0.22541570742205094
HHN-LON-02,2025-07-07,Oncology Ward,17.583333333333332,58.0,0.3031609195402299
HHN-LON-02,2025-07-08,Oncology Ward,19.708333333333332,57.416666666666664,0.3437555260831123
HHN-LON-02,2025-07-09,Oncology Ward,23.541666666666668,57.958333333333336,0.40615547489413184
HHN-LON-02,2025-07-10,Oncology Ward,26.375,57.541666666666664,0.45889090542448074
HHN-LON-02,2025-07-11,Oncology Ward,24.5,57.5,0.42651698291066104
HHN-LON-02,2025-07-12,Oncology Ward,24.291666666666668,58.0,0.4188218390804597
HHN-LON-02,2025-07-13,Oncology Ward,18.666666666666668,57.916666666666664,0.3224035303776683
HHN-LON-02,2025-07-14,Oncology Ward,16.666666666666668,58.0,0.28735632183908044
HHN-LON-02,2025-07-15,Oncology Ward,21.791666666666668,58.0,0.3757183908045976
HHN-LON-02,2025-07-16,Oncology Ward,25.458333333333332,57.666666666666664,0.441676139952002
HHN-LON-02,2025-07-17,Oncology Ward,30.208333333333332,57.333333333333336,0.527790609412275
HHN-LON-02,2025-07-18,Oncology Ward,29.416666666666668,58.0,0.507183908045977
HHN-LON-02,2025-07-19,Oncology Ward,27.791666666666668,57.416666666666664,0.48490384615384613
HHN-LON-02,2025-07-20,Oncology Ward,22.416666666666668,57.875,0.3873563218390805
HHN-LON-02,2025-07-21,Oncology Ward,22.875,58.0,0.3943965517241379
HHN-LON-02,2025-07-22,Oncology Ward,23.291666666666668,57.666666666666664,0.4042981815970321
HHN-LON-02,2025-07-23,Oncology Ward,22.958333333333332,58.0,0.3958333333333333
HHN-LON-02,2025-07-24,Oncology Ward,20.916666666666668,57.708333333333336,0.3626106631657217
HHN-LON-02,2025-07-25,Oncology Ward,20.75,57.875,0.3585423197492163
HHN-LON-02,2025-07-26,Oncology Ward,19.291666666666668,57.291666666666664,0.337265757407809
HHN-LON-02,2025-07-27,Oncology Ward,17.958333333333332,57.958333333333336,0.3098659003831417
HHN-LON-02,2025-07-28,Oncology Ward,22.625,57.958333333333336,0.3903130671506352
HHN-LON-02,2025-07-29,Oncology Ward,23.125,58.0,0.39870689655172414
HHN-LON-02,2025-07-30,Oncology Ward,24.25,57.5,0.4222541507024265
HHN-LON-02,2025-07-31,Oncology Ward,28.916666666666668,57.958333333333336,0.49894131881427706
HHN-LON-02,2025-08-01,Oncology Ward,26.25,57.916666666666664,0.4533045977011494
HHN-LON-02,2025-08-02,Oncology Ward,22.083333333333332,58.0,0.3807471264367816
HHN-LON-02,2025-08-03,Oncology Ward,19.083333333333332,57.208333333333336,0.3340033622720404
HHN-LON-02,2025-08-04,Oncology Ward,15.5,57.791666666666664,0.2684612882238126
HHN-LON-02,2025-08-05,Oncology Ward,9.291666666666666,58.0,0.16020114942528732
HHN-LON-02,2025-08-06,Oncology Ward,10.833333333333334,57.583333333333336,0.18811773714790955
HHN-LON-02,2025-08-07,Oncology Ward,12.083333333333334,57.5,0.21035121328224773
HHN-LON-02,2025-08-08,Oncology Ward,13.708333333333334,58.0,0.23635057471264365
HHN-LON-02,2025-08-09,Oncology Ward,13.791666666666666,58.0,0.2377873563218391
HHN-LON-02,2025-08-10,Oncology Ward,12.5,57.75,0.21667771883289122
HHN-LON-02,2025-08-11,Oncology Ward,11.208333333333334,57.791666666666664,0.19399262632834524
HHN-LON-02,2025-08-12,Oncology Ward,11.916666666666666,58.0,0.2054597701149425
HHN-LON-02,2025-08-13,Oncology Ward,12.0,57.458333333333336,0.2088929846916662
HHN-LON-02,2025-08-14,Oncology Ward,14.625,57.833333333333336,0.2529054153146712
HHN-LON-02,2025-08-15,Oncology Ward,12.833333333333334,58.0,0.2212643678160919
HHN-LON-02,2025-08-16,Oncology Ward,12.708333333333334,57.541666666666664,0.22128001903187836
HHN-LON-02,2025-08-17,Oncology Ward,8.416666666666666,57.166666666666664,0.14771457639659633
HHN-LON-02,2025-08-18,Oncology Ward,10.25,58.0,0.17672413793103448
HHN-LON-02,2025-08-19,Oncology Ward,12.75,57.583333333333336,0.22157341913089038
HHN-LON-02,2025-08-20,Oncology Ward,12.875,57.583333333333336,0.22381055008210174
HHN-LON-02,2025-08-21,Oncology Ward,13.916666666666666,58.0,0.23994252873563215
HHN-LON-02,2025-08-22,Oncology Ward,17.083333333333332,58.0,0.2945402298850574
HHN-LON-02,2025-08-23,Oncology Ward,18.375,57.5,0.3200053214133674
HHN-LON-02,2025-08-24,Oncology Ward,14.0,57.916666666666664,0.24174480742085094
HHN-LON-02,2025-08-25,Oncology Ward,9.833333333333334,57.541666666666664,0.17100211046823266
HHN-LON-02,2025-08-26,Oncology Ward,7.625,58.0,0.13146551724137928
HHN-LON-02,2025-08-27,Oncology Ward,10.625,58.0,0.18318965517241373
HHN-LON-02,2025-08-28,Oncology Ward,14.583333333333334,58.0,0.25143678160919536
HHN-LON-02,2025-08-29,Oncology Ward,13.958333333333334,57.125,0.24487980760631198
HHN-LON-02,2025-08-30,Oncology Ward,10.791666666666666,57.5,0.18813431247339288
HHN-LON-02,2025-08-31,Oncology Ward,7.75,57.416666666666664,0.13520335985853224
HHN-LON-02,2025-09-01,Oncology Ward,10.916666666666666,57.875,0.18868861024033434
HHN-LON-02,2025-09-02,Oncology Ward,14.916666666666666,57.458333333333336,0.2600050405027633
HHN-LON-02,2025-09-03,Oncology Ward,17.875,57.166666666666664,0.31339914994408086
HHN-LON-02,2025-09-04,Oncology Ward,21.125,57.875,0.36489028213166136
HHN-LON-02,2025-09-05,Oncology Ward,21.916666666666668,57.666666666666664,0.38026162056334467
HHN-LON-02,2025-09-06,Oncology Ward,20.833333333333332,58.0,0.3591954022988506
HHN-LON-02,2025-09-07,Oncology Ward,16.625,57.416666666666664,0.2901817876674198
HHN-LON-02,2025-09-08,Oncology Ward,14.583333333333334,58.0,0.2514367816091954
HHN-LON-02,2025-09-09,Oncology Ward,17.791666666666668,57.625,0.309010889292196
HHN-LON-02,2025-09-10,Oncology Ward,20.333333333333332,57.666666666666664,0.35266278261967915
HHN-LON-02,2025-09-11,Oncology Ward,18.208333333333332,57.208333333333336,0.3188326410089585
HHN-LON-02,2025-09-12,Oncology Ward,22.166666666666668,57.958333333333336,0.38248638838475496
HHN-LON-02,2025-09-13,Oncology Ward,21.5,57.25,0.37582264164047285
HHN-LON-02,2025-09-14,Oncology Ward,18.833333333333332,57.416666666666664,0.3283152517619011
HHN-LON-02,2025-09-15,Oncology Ward,17.458333333333332,57.791666666666664,0.3020901106050748
HHN-LON-02,2025-09-16,Oncology Ward,14.5,58.0,0.25
HHN-LON-02,2025-09-17,Oncology Ward,15.708333333333334,58.0,0.2708333333333333
HHN-LON-02,2025-09-18,Oncology Ward,21.25,57.958333333333336,0.36659356725146197
HHN-LON-02,2025-09-19,Oncology Ward,25.625,58.0,0.44181034482758613
HHN-LON-02,2025-09-20,Oncology Ward,24.208333333333332,58.0,0.4173850574712643
HHN-LON-02,2025-09-21,Oncology Ward,21.708333333333332,58.0,0.37428160919540227
HHN-LON-02,2025-09-22,Oncology Ward,23.541666666666668,57.583333333333336,0.4093746798614952
HHN-LON-02,2025-09-23,Oncology Ward,22.916666666666668,58.0,0.39511494252873564
HHN-LON-02,2025-09-24,Oncology Ward,28.875,57.916666666666664,0.4984605911330049
HHN-LON-02,2025-09-25,Oncology Ward,31.541666666666668,57.916666666666664,0.5446172003284072
HHN-LON-02,2025-09-26,Oncology Ward,28.291666666666668,57.875,0.48888453500522466
HHN-LON-02,2025-09-27,Oncology Ward,27.25,57.708333333333336,0.47227173537291506
HHN-LON-02,2025-09-28,Oncology Ward,24.208333333333332,57.833333333333336,0.4187154108131119
HHN-LON-02,2025-09-29,Oncology Ward,25.541666666666668,57.666666666666664,0.44313218390804593
HHN-LON-02,2025-09-30,Oncology Ward,29.208333333333332,57.666666666666664,0.5064833102024838
HHN-LON-02,2025-10-01,Oncology Ward,30.041666666666668,57.75,0.5204465075154731
HHN-LON-02,2025-10-02,Oncology Ward,29.041666666666668,57.791666666666664,0.5026160268922143
HHN-LON-02,2025-10-03,Oncology Ward,27.958333333333332,57.708333333333336,0.4849983096686951
HHN-LON-02,2025-10-04,Oncology Ward,24.375,57.333333333333336,0.42579669160128925
HHN-LON-02,2025-10-05,Oncology Ward,22.291666666666668,57.291666666666664,0.38936007063853517
HHN-LON-02,2025-10-06,Oncology Ward,23.958333333333332,57.5,0.4164330501231071
HHN-LON-02,2025-10-07,Oncology Ward,27.0,57.541666666666664,0.4695677885333058
HHN-LON-02,2025-10-08,Oncology Ward,29.958333333333332,58.0,0.5165229885057471
HHN-LON-02,2025-10-09,Oncology Ward,30.666666666666668,58.0,0.5287356321839081
HHN-LON-02,2025-10-10,Oncology Ward,29.291666666666668,58.0,0.5050287356321839
HHN-LON-02,2025-10-11,Oncology Ward,27.291666666666668,56.625,0.48358363239194885
HHN-LON-02,2025-10-12,Oncology Ward,27.291666666666668,57.708333333333336,0.4730932281068397
HHN-LON-02,2025-10-13,Oncology Ward,28.0,57.833333333333336,0.4842486164325244
HHN-LON-02,2025-10-14,Oncology Ward,25.666666666666668,57.708333333333336,0.4447965967996394
HHN-LON-02,2025-10-15,Oncology Ward,27.833333333333332,58.0,0.47988505747126436
HHN-LON-02,2025-10-16,Oncology Ward,29.791666666666668,57.833333333333336,0.5151394210302256
HHN-LON-02,2025-10-17,Oncology Ward,29.0,58.0,0.5
HHN-LON-02,2025-10-18,Oncology Ward,25.75,57.0,0.4525507186372508
HHN-LON-02,2025-10-19,Oncology Ward,21.333333333333332,57.958333333333336,0.36810596894535186
HHN-LON-02,2025-10-20,Oncology Ward,19.5,58.0,0.33620689655172414
HHN-LON-02,2025-10-21,Oncology Ward,19.916666666666668,57.75,0.3449657382847038
HHN-LON-02,2025-10-22,Oncology Ward,26.166666666666668,57.916666666666664,0.4517138752052545
HHN-LON-02,2025-10-23,Oncology Ward,26.5,57.625,0.46016319670353495
HHN-LON-02,2025-10-24,Oncology Ward,27.958333333333332,57.75,0.4842210591133005
HHN-LON-02,2025-10-25,Oncology Ward,24.25,57.916666666666664,0.4187705254515599
HHN-LON-02,2025-10-26,Oncology Ward,17.291666666666668,57.833333333333336,0.2990368241805023
HHN-LON-02,2025-10-27,Oncology Ward,16.791666666666668,57.458333333333336,0.2927783845633744
HHN-LON-02,2025-10-28,Oncology Ward,23.5,58.0,0.4051724137931034
HHN-LON-02,2025-10-29,Oncology Ward,27.208333333333332,58.0,0.46910919540229884
HHN-LON-02,2025-10-30,Oncology Ward,25.375,58.0,0.43749999999999994
HHN-LON-02,2025-10-31,Oncology Ward,27.625,57.833333333333336,0.47767667092379734
HHN-LON-02,2025-11-01,Oncology Ward,25.791666666666668,57.708333333333336,0.44707225511823206
HHN-LON-02,2025-11-02,Oncology Ward,21.375,58.0,0.3685344827586207
HHN-LON-02,2025-11-03,Oncology Ward,22.333333333333332,57.958333333333336,0.3853599516031458
HHN-LON-02,2025-11-04,Oncology Ward,22.333333333333332,57.833333333333336,0.386248602174192
HHN-LON-02,2025-11-05,Oncology Ward,22.333333333333332,57.708333333333336,0.38713857777984323
HHN-LON-02,2025-11-06,Oncology Ward,25.291666666666668,57.625,0.4394439403105464
HHN-LON-02,2025-11-07,Oncology Ward,25.625,57.875,0.44278996865203757
HHN-LON-02,2025-11-08,Oncology Ward,25.291666666666668,57.583333333333336,0.4397188013136289
HHN-LON-02,2025-11-09,Oncology Ward,20.666666666666668,57.75,0.35797622848628596
HHN-LON-02,2025-11-10,Oncology Ward,19.166666666666668,57.958333333333336,0.3306992337164751
HHN-LON-02,2025-11-11,Oncology Ward,19.375,58.0,0.33405172413793105
HHN-LON-02,2025-11-12,Oncology Ward,21.625,57.5,0.376384631758195
HHN-LON-02,2025-11-13,Oncology Ward,25.375,58.0,0.4375
HHN-LON-02,2025-11-14,Oncology Ward,30.458333333333332,57.916666666666664,0.525939039408867
HHN-LON-02,2025-11-15,Oncology Ward,29.291666666666668,57.666666666666664,0.5084770114942528
HHN-LON-02,2025-11-16,Oncology Ward,25.333333333333332,57.541666666666664,0.4403754291685326
HHN-LON-02,2025-11-17,Oncology Ward,23.166666666666668,57.708333333333336,0.40160905967394167
HHN-LON-02,2025-11-18,Oncology Ward,22.833333333333332,57.75,0.3956675508399646
HHN-LON-02,2025-11-19,Oncology Ward,23.291666666666668,58.0,0.4015804597701149
HHN-LON-02,2025-11-20,Oncology Ward,28.416666666666668,57.666666666666664,0.49316091954022995
HHN-LON-02,2025-11-21,Oncology Ward,30.333333333333332,57.791666666666664,0.5248418607254814
HHN-LON-02,2025-11-22,Oncology Ward,26.666666666666668,57.708333333333336,0.4625309894072571
HHN-LON-02,2025-11-23,Oncology Ward,22.833333333333332,57.25,0.3994101074942764
HHN-LON-02,2025-11-24,Oncology Ward,20.583333333333332,57.791666666666664,0.35610496638473216
HHN-LON-02,2025-11-25,Oncology Ward,17.75,57.833333333333336,0.306939123031077
HHN-LON-02,2025-11-26,Oncology Ward,18.083333333333332,57.541666666666664,0.3145034566463871
HHN-LON-02,2025-11-27,Oncology Ward,23.583333333333332,57.583333333333336,0.40916564039408865
HHN-LON-02,2025-11-28,Oncology Ward,32.416666666666664,58.0,0.5589080459770115
HHN-LON-02,2025-11-29,Oncology Ward,37.666666666666664,57.75,0.6526580459770115
HHN-LON-02,2025-11-30,Oncology Ward,35.25,57.833333333333336,0.6094082588335462
HHN-LON-02,2025-12-01,Oncology Ward,32.875,56.916666666666664,0.578607058650162
HHN-LON-02,2025-12-02,Oncology Ward,31.166666666666668,58.0,0.5373563218390804
HHN-LON-02,2025-12-03,Oncology Ward,33.541666666666664,57.208333333333336,0.5872550394518474
HHN-LON-02,2025-12-04,Oncology Ward,32.791666666666664,57.5,0.5705003699593044
HHN-LON-02,2025-12-05,Oncology Ward,34.583333333333336,58.0,0.5962643678160919
HHN-LON-02,2025-12-06,Oncology Ward,32.75,57.541666666666664,0.5697777471931668
HHN-LON-02,2025-12-07,Oncology Ward,31.75,57.75,0.549944275199493
HHN-LON-02,2025-12-08,Oncology Ward,29.833333333333332,57.875,0.5155825496342737
HHN-LON-02,2025-12-09,Oncology Ward,28.083333333333332,57.208333333333336,0.4918979905910615
HHN-LON-02,2025-12-10,Oncology Ward,28.416666666666668,58.0,0.4899425287356322
HHN-LON-02,2025-12-11,Oncology Ward,29.0,57.875,0.5011221480425201
HHN-LON-02,2025-12-12,Oncology Ward,28.458333333333332,58.0,0.49066091954022983
HHN-LON-02,2025-12-13,Oncology Ward,30.25,57.5,0.5265964240102171
HHN-LON-02,2025-12-14,Oncology Ward,25.541666666666668,57.625,0.443294250491392
HHN-LON-02,2025-12-15,Oncology Ward,28.666666666666668,57.75,0.4964080459770115
HHN-LON-02,2025-12-16,Oncology Ward,28.0,57.291666666666664,0.4893646433247388
HHN-LON-02,2025-12-17,Oncology Ward,27.375,57.416666666666664,0.4776370468611848
HHN-LON-02,2025-12-18,Oncology Ward,29.875,57.666666666666664,0.5181896551724138
HHN-LON-02,2025-12-19,Oncology Ward,28.25,57.666666666666664,0.49028735632183906
HHN-LON-02,2025-12-20,Oncology Ward,25.333333333333332,57.625,0.43982580401141846
HHN-LON-02,2025-12-21,Oncology Ward,21.625,57.708333333333336,0.37481688077529857
HHN-LON-02,2025-12-22,Oncology Ward,24.916666666666668,57.333333333333336,0.4347956577266922
HHN-LON-02,2025-12-23,Oncology Ward,25.0,58.0,0.4310344827586206
HHN-LON-02,2025-12-24,Oncology Ward,27.166666666666668,57.666666666666664,0.47117170402791747
HHN-LON-02,2025-12-25,Oncology Ward,22.75,57.333333333333336,0.39714499607960896
HHN-LON-02,2025-12-26,Oncology Ward,17.708333333333332,57.666666666666664,0.3071551724137931
HHN-LON-02,2025-12-27,Oncology Ward,14.541666666666666,57.541666666666664,0.2529878170936318
HHN-LON-02,2025-12-28,Oncology Ward,14.75,57.625,0.2562635640221847
HHN-LON-02,2025-12-29,Oncology Ward,17.125,57.541666666666664,0.29802322623158667
HHN-LON-02,2025-12-30,Oncology Ward,20.208333333333332,57.75,0.3499477533960293
HHN-LON-02,2025-12-31,Oncology Ward,22.291666666666668,57.791666666666664,0.3857623075254825
HHN-MAN-01,2024-01-01,Oncology Ward,0.5416666666666666,19.791666666666668,0.02799707602339181
HHN-MAN-01,2024-01-02,Oncology Ward,3.25,19.833333333333332,0.1635642414860681
HHN-MAN-01,2024-01-03,Oncology Ward,6.541666666666667,19.875,0.3297027290448343
HHN-MAN-01,2024-01-04,Oncology Ward,7.708333333333333,19.875,0.3883578431372549
HHN-MAN-01,2024-01-05,Oncology Ward,7.5,19.791666666666668,0.3795615468409586
HHN-MAN-01,2024-01-06,Oncology Ward,8.791666666666666,19.791666666666668,0.444744008714597
HHN-MAN-01,2024-01-07,Oncology Ward,8.875,20.0,0.44375000000000003
HHN-MAN-01,2024-01-08,Oncology Ward,8.458333333333334,19.791666666666668,0.42750974658869395
HHN-MAN-01,2024-01-09,Oncology Ward,10.708333333333334,19.958333333333332,0.5367324561403509
HHN-MAN-01,2024-01-10,Oncology Ward,12.75,19.958333333333332,0.6388157894736842
HHN-MAN-01,2024-01-11,Oncology Ward,13.958333333333334,19.666666666666668,0.7110802946909759
HHN-MAN-01,2024-01-12,Oncology Ward,13.958333333333334,19.958333333333332,0.699451754385965
HHN-MAN-01,2024-01-13,Oncology Ward,16.25,19.625,0.8297493120055041
HHN-MAN-01,2024-01-14,Oncology Ward,18.333333333333332,19.833333333333332,0.924780701754386
HHN-MAN-01,2024-01-15,Oncology Ward,19.208333333333332,19.625,0.9791666666666666
HHN-MAN-01,2024-01-16,Oncology Ward,19.583333333333332,19.708333333333332,0.99375
HHN-MAN-01,2024-01-17,Oncology Ward,19.375,19.958333333333332,0.9708333333333333
HHN-MAN-01,2024-01-18,Oncology Ward,19.25,19.625,0.9812500000000001
HHN-MAN-01,2024-01-19,Oncology Ward,19.666666666666668,19.791666666666668,0.99375
HHN-MAN-01,2024-01-20,Oncology Ward,19.166666666666668,19.708333333333332,0.9729166666666665
HHN-MAN-01,2024-01-21,Oncology Ward,18.083333333333332,19.208333333333332,0.94375
HHN-MAN-01,2024-01-22,Oncology Ward,17.75,19.958333333333332,0.8895833333333334
HHN-MAN-01,2024-01-23,Oncology Ward,17.041666666666668,19.875,0.8575980392156862
HHN-MAN-01,2024-01-24,Oncology Ward,19.875,19.875,1.0
HHN-MAN-01,2024-01-25,Oncology Ward,19.958333333333332,19.958333333333332,1.0
HHN-MAN-01,2024-01-26,Oncology Ward,19.916666666666668,19.916666666666668,1.0
HHN-MAN-01,2024-01-27,Oncology Ward,19.375,19.75,0.981140350877193
HHN-MAN-01,2024-01-28,Oncology Ward,18.25,19.625,0.93125
HHN-MAN-01,2024-01-29,Oncology Ward,17.541666666666668,19.583333333333332,0.8969498910675381
HHN-MAN-01,2024-01-30,Oncology Ward,18.833333333333332,19.875,0.9479166666666666
HHN-MAN-01,2024-01-31,Oncology Ward,19.875,19.875,1.0
HHN-MAN-01,2024-02-01,Oncology Ward,19.375,19.75,0.9812500000000001
HHN-MAN-01,2024-02-02,Oncology Ward,18.208333333333332,19.916666666666668,0.9143640350877194
HHN-MAN-01,2024-02-03,Oncology Ward,18.083333333333332,19.875,0.9101851851851852
HHN-MAN-01,2024-02-04,Oncology Ward,19.125,19.791666666666668,0.9666666666666667
HHN-MAN-01,2024-02-05,Oncology Ward,19.791666666666668,19.791666666666668,1.0
HHN-MAN-01,2024-02-06,Oncology Ward,19.708333333333332,19.708333333333332,1.0
HHN-MAN-01,2024-02-07,Oncology Ward,19.791666666666668,19.791666666666668,1.0
HHN-MAN-01,2024-02-08,Oncology Ward,19.75,19.75,1.0
HHN-MAN-01,2024-02-09,Oncology Ward,19.833333333333332,19.833333333333332,1.0
HHN-MAN-01,2024-02-10,Oncology Ward,19.75,19.75,1.0
HHN-MAN-01,2024-02-11,Oncology Ward,19.666666666666668,19.666666666666668,1.0
HHN-MAN-01,2024-02-12,Oncology Ward,17.958333333333332,19.708333333333332,0.9118034055727554
HHN-MAN-01,2024-02-13,Oncology Ward,19.458333333333332,19.708333333333332,0.9874999999999999
HHN-MAN-01,2024-02-14,Oncology Ward,19.958333333333332,19.958333333333332,1.0
HHN-MAN-01,2024-02-15,Oncology Ward,20.0,20.0,1.0
HHN-MAN-01,2024-02-16,Oncology Ward,20.0,20.0,1.0
HHN-MAN-01,2024-02-17,Oncology Ward,19.708333333333332,19.708333333333332,1.0
HHN-MAN-01,2024-02-18,Oncology Ward,19.666666666666668,19.666666666666668,1.0
HHN-MAN-01,2024-02-19,Oncology Ward,19.958333333333332,19.958333333333332,1.0
HHN-MAN-01,2024-02-20,Oncology Ward,19.791666666666668,19.791666666666668,1.0
HHN-MAN-01,2024-02-21,Oncology Ward,19.291666666666668,19.958333333333332,0.9666666666666667
HHN-MAN-01,2024-02-22,Oncology Ward,19.541666666666668,19.833333333333332,0.9854166666666666
HHN-MAN-01,2024-02-23,Oncology Ward,19.708333333333332,19.791666666666668,0.9958333333333332
HHN-MAN-01,2024-02-24,Oncology Ward,19.083333333333332,19.75,0.9666666666666667
HHN-MAN-01,2024-02-25,Oncology Ward,19.833333333333332,19.833333333333332,1.0
HHN-MAN-01,2024-02-26,Oncology Ward,19.916666666666668,19.916666666666668,1.0
HHN-MAN-01,2024-02-27,Oncology Ward,19.916666666666668,19.916666666666668,1.0
HHN-MAN-01,2024-02-28,Oncology Ward,19.458333333333332,19.458333333333332,1.0
HHN-MAN-01,2024-02-29,Oncology Ward,19.875,19.875,1.0
HHN-MAN-01,2024-03-01,Oncology Ward,19.916666666666668,19.916666666666668,1.0
HHN-MAN-01,2024-03-02,Oncology Ward,20.0,20.0,1.0
HHN-MAN-01,2024-03-03,Oncology Ward,18.541666666666668,19.75,0.9391447368421053
HHN-MAN-01,2024-03-04,Oncology Ward,19.541666666666668,19.541666666666668,1.0
HHN-MAN-01,2024-03-05,Oncology Ward,19.833333333333332,19.833333333333332,1.0
HHN-MAN-01,2024-03-06,Oncology Ward,20.0,20.0,1.0
HHN-MAN-01,2024-03-07,Oncology Ward,20.0,20.0,1.0
HHN-MAN-01,2024-03-08,Oncology Ward,19.875,19.875,1.0
HHN-MAN-01,2024-03-09,Oncology Ward,19.666666666666668,19.666666666666668,1.0
HHN-MAN-01,2024-03-10,Oncology Ward,19.916666666666668,19.916666666666668,1.0
HHN-MAN-01,2024-03-11,Oncology Ward,20.0,20.0,1.0
HHN-MAN-01,2024-03-12,Oncology Ward,19.875,19.875,1.0
HHN-MAN-01,2024-03-13,Oncology Ward,19.708333333333332,20.0,0.9854166666666666
HHN-MAN-01,2024-03-14,Oncology Ward,19.875,19.875,1.0
HHN-MAN-01,2024-03-15,Oncology Ward,19.875,19.875,1.0
HHN-MAN-01,2024-03-16,Oncology Ward,19.458333333333332,19.75,0.9854166666666666
HHN-MAN-01,2024-03-17,Oncology Ward,17.208333333333332,19.875,0.8666666666666667
HHN-MAN-01,2024-03-18,Oncology Ward,17.875,20.0,0.8937499999999999
HHN-MAN-01,2024-03-19,Oncology Ward,19.333333333333332,19.708333333333332,0.9812500000000001
HHN-MAN-01,2024-03-20,Oncology Ward,18.625,19.958333333333332,0.9332236842105264
HHN-MAN-01,2024-03-21,Oncology Ward,18.875,19.958333333333332,0.9457236842105262
HHN-MAN-01,2024-03-22,Oncology Ward,19.625,19.875,0.9874999999999999
HHN-MAN-01,2024-03-23,Oncology Ward,19.791666666666668,19.791666666666668,1.0
HHN-MAN-01,2024-03-24,Oncology Ward,19.166666666666668,19.875,0.9645833333333332
HHN-MAN-01,2024-03-25,Oncology Ward,19.083333333333332,19.833333333333332,0.9625
HHN-MAN-01,2024-03-26,Oncology Ward,19.583333333333332,19.666666666666668,0.9958333333333332
HHN-MAN-01,2024-03-27,Oncology Ward,19.166666666666668,20.0,0.9583333333333334
HHN-MAN-01,2024-03-28,Oncology Ward,19.25,19.708333333333332,0.9770833333333333
HHN-MAN-01,2024-03-29,Oncology Ward,18.5,19.916666666666668,0.9291666666666667
HHN-MAN-01,2024-03-30,Oncology Ward,15.125,19.875,0.7614887914230019
HHN-MAN-01,2024-03-31,Oncology Ward,17.125,19.666666666666668,0.8725490196078431
HHN-MAN-01,2024-04-01,Oncology Ward,16.833333333333332,19.75,0.8540570175438597
HHN-MAN-01,2024-04-02,Oncology Ward,14.666666666666666,20.0,0.7333333333333334
HHN-MAN-01,2024-04-03,Oncology Ward,13.25,19.708333333333332,0.6730033826396055
HHN-MAN-01,2024-04-04,Oncology Ward,12.166666666666666,19.916666666666668,0.6113425925925926
HHN-MAN-01,2024-04-05,Oncology Ward,12.0,19.916666666666668,0.6025462962962963
HHN-MAN-01,2024-04-06,Oncology Ward,12.541666666666666,19.958333333333332,0.6283991228070175
HHN-MAN-01,2024-04-07,Oncology Ward,14.041666666666666,19.583333333333332,0.7195368937048503
HHN-MAN-01,2024-04-08,Oncology Ward,13.291666666666666,20.0,0.6645833333333333
HHN-MAN-01,2024-04-09,Oncology Ward,12.458333333333334,19.833333333333332,0.6290118679050568
HHN-MAN-01,2024-04-10,Oncology Ward,12.041666666666666,19.833333333333332,0.607638888888889
HHN-MAN-01,2024-04-11,Oncology Ward,18.416666666666668,19.958333333333332,0.9224780701754386
HHN-MAN-01,2024-04-12,Oncology Ward,19.75,19.75,1.0
HHN-MAN-01,2024-04-13,Oncology Ward,19.75,19.75,1.0
HHN-MAN-01,2024-04-14,Oncology Ward,19.333333333333332,19.708333333333332,0.9812500000000001
HHN-MAN-01,2024-04-15,Oncology Ward,19.291666666666668,19.875,0.9708333333333333
HHN-MAN-01,2024-04-16,Oncology Ward,19.666666666666668,19.833333333333332,0.9916666666666667
HHN-MAN-01,2024-04-17,Oncology Ward,19.916666666666668,19.916666666666668,1.0
HHN-MAN-01,2024-04-18,Oncology Ward,20.0,20.0,1.0
HHN-MAN-01,2024-04-19,Oncology Ward,19.916666666666668,19.916666666666668,1.0
HHN-MAN-01,2024-04-20,Oncology Ward,20.0,20.0,1.0
HHN-MAN-01,2024-04-21,Oncology Ward,19.833333333333332,19.833333333333332,1.0
HHN-MAN-01,2024-04-22,Oncology Ward,20.0,20.0,1.0
HHN-MAN-01,2024-04-23,Oncology Ward,20.0,20.0,1.0
HHN-MAN-01,2024-04-24,Oncology Ward,19.916666666666668,19.916666666666668,1.0
HHN-MAN-01,2024-04-25,Oncology Ward,19.916666666666668,19.916666666666668,1.0
HHN-MAN-01,2024-04-26,Oncology Ward,19.958333333333332,19.958333333333332,1.0
HHN-MAN-01,2024-04-27,Oncology Ward,19.708333333333332,19.916666666666668,0.9895833333333334
HHN-MAN-01,2024-04-28,Oncology Ward,19.083333333333332,19.75,0.9666666666666667
HHN-MAN-01,2024-04-29,Oncology Ward,17.791666666666668,19.958333333333332,0.8914473684210527
HHN-MAN-01,2024-04-30,Oncology Ward,16.25,19.916666666666668,0.8164351851851852
HHN-MAN-01,2024-05-01,Oncology Ward,16.5,19.833333333333332,0.8327463880288958
HHN-MAN-01,2024-05-02,Oncology Ward,18.625,19.875,0.936764705882353
HHN-MAN-01,2024-05-03,Oncology Ward,19.875,19.875,1.0
HHN-MAN-01,2024-05-04,Oncology Ward,19.791666666666668,19.875,0.9958333333333332
HHN-MAN-01,2024-05-05,Oncology Ward,17.333333333333332,19.791666666666668,0.8770833333333333
HHN-MAN-01,2024-05-06,Oncology Ward,15.708333333333334,20.0,0.7854166666666668
HHN-MAN-01,2024-05-07,Oncology Ward,15.875,20.0,0.7937500000000001
HHN-MAN-01,2024-05-08,Oncology Ward,17.75,19.625,0.9061403508771929
HHN-MAN-01,2024-05-09,Oncology Ward,17.666666666666668,19.916666666666668,0.8872685185185185
HHN-MAN-01,2024-05-10,Oncology Ward,16.0,19.791666666666668,0.809500773993808
HHN-MAN-01,2024-05-11,Oncology Ward,16.625,19.75,0.8432992202729045
HHN-MAN-01,2024-05-12,Oncology Ward,15.083333333333334,19.666666666666668,0.7686382008943928
HHN-MAN-01,2024-05-13,Oncology Ward,15.166666666666666,19.666666666666668,0.7726988017429194
HHN-MAN-01,2024-05-14,Oncology Ward,14.625,19.958333333333332,0.7328947368421052
HHN-MAN-01,2024-05-15,Oncology Ward,15.375,19.958333333333332,0.7705043859649123
HHN-MAN-01,2024-05-16,Oncology Ward,17.75,20.0,0.8875000000000001
HHN-MAN-01,2024-05-17,Oncology Ward,17.708333333333332,19.916666666666668,0.8893518518518518
HHN-MAN-01,2024-05-18,Oncology Ward,14.166666666666666,19.5,0.7290849673202614
HHN-MAN-01,2024-05-19,Oncology Ward,13.291666666666666,19.916666666666668,0.6675925925925926
HHN-MAN-01,2024-05-20,Oncology Ward,16.666666666666668,20.0,0.8333333333333334
HHN-MAN-01,2024-05-21,Oncology Ward,15.75,19.75,0.7981173317280129
HHN-MAN-01,2024-05-22,Oncology Ward,13.5,19.875,0.6794117647058823
HHN-MAN-01,2024-05-23,Oncology Ward,15.583333333333334,19.875,0.7843137254901961
HHN-MAN-01,2024-05-24,Oncology Ward,16.166666666666668,19.666666666666668,0.8235501949317738
HHN-MAN-01,2024-05-25,Oncology Ward,13.25,19.916666666666668,0.6652777777777777
HHN-MAN-01,2024-05-26,Oncology Ward,11.458333333333334,19.875,0.5769005847953216
HHN-MAN-01,2024-05-27,Oncology Ward,11.583333333333334,20.0,0.5791666666666667
HHN-MAN-01,2024-05-28,Oncology Ward,11.583333333333334,19.875,0.5839460784313726
HHN-MAN-01,2024-05-29,Oncology Ward,12.083333333333334,19.875,0.608578431372549
HHN-MAN-01,2024-05-30,Oncology Ward,14.041666666666666,20.0,0.7020833333333333
HHN-MAN-01,2024-05-31,Oncology Ward,15.375,20.0,0.7687499999999999
HHN-MAN-01,2024-06-01,Oncology Ward,14.125,19.875,0.7109649122807018
HHN-MAN-01,2024-06-02,Oncology Ward,11.25,19.958333333333332,0.5637061403508773
HHN-MAN-01,2024-06-03,Oncology Ward,13.416666666666666,19.833333333333332,0.6770381836945304
HHN-MAN-01,2024-06-04,Oncology Ward,18.833333333333332,20.0,0.9416666666666668
HHN-MAN-01,2024-06-05,Oncology Ward,19.75,20.0,0.9874999999999999
HHN-MAN-01,2024-06-06,Oncology Ward,19.833333333333332,19.833333333333332,1.0
HHN-MAN-01,2024-06-07,Oncology Ward,19.875,19.875,1.0
HHN-MAN-01,2024-06-08,Oncology Ward,19.791666666666668,19.791666666666668,1.0
HHN-MAN-01,2024-06-09,Oncology Ward,19.708333333333332,19.708333333333332,1.0
HHN-MAN-01,2024-06-10,Oncology Ward,19.708333333333332,19.708333333333332,1.0
HHN-MAN-01,2024-06-11,Oncology Ward,20.0,20.0,1.0
HHN-MAN-01,2024-06-12,Oncology Ward,19.875,19.875,1.0
HHN-MAN-01,2024-06-13,Oncology Ward,19.875,19.875,1.0
HHN-MAN-01,2024-06-14,Oncology Ward,19.875,19.875,1.0
HHN-MAN-01,2024-06-15,Oncology Ward,19.833333333333332,19.833333333333332,1.0
HHN-MAN-01,2024-06-16,Oncology Ward,19.625,19.625,1.0
HHN-MAN-01,2024-06-17,Oncology Ward,19.541666666666668,19.541666666666668,1.0
HHN-MAN-01,2024-06-18,Oncology Ward,19.708333333333332,19.708333333333332,1.0
HHN-MAN-01,2024-06-19,Oncology Ward,19.916666666666668,19.916666666666668,1.0
HHN-MAN-01,2024-06-20,Oncology Ward,19.875,19.875,1.0
HHN-MAN-01,2024-06-21,Oncology Ward,19.875,19.875,1.0
HHN-MAN-01,2024-06-22,Oncology Ward,19.916666666666668,19.916666666666668,1.0
HHN-MAN-01,2024-06-23,Oncology Ward,19.833333333333332,19.833333333333332,1.0
HHN-MAN-01,2024-06-24,Oncology Ward,19.625,19.625,1.0
HHN-MAN-01,2024-06-25,Oncology Ward,20.0,20.0,1.0
HHN-MAN-01,2024-06-26,Oncology Ward,19.875,19.875,1.0
HHN-MAN-01,2024-06-27,Oncology Ward,20.0,20.0,1.0
HHN-MAN-01,2024-06-28,Oncology Ward,19.958333333333332,19.958333333333332,1.0
HHN-MAN-01,2024-06-29,Oncology Ward,19.875,19.875,1.0
HHN-MAN-01,2024-06-30,Oncology Ward,19.833333333333332,19.833333333333332,1.0
HHN-MAN-01,2024-07-01,Oncology Ward,19.75,19.833333333333332,0.9958333333333332
HHN-MAN-01,2024-07-02,Oncology Ward,20.0,20.0,1.0
HHN-MAN-01,2024-07-03,Oncology Ward,19.875,20.0,0.99375
HHN-MAN-01,2024-07-04,Oncology Ward,17.25,19.666666666666668,0.8789351851851852
HHN-MAN-01,2024-07-05,Oncology Ward,15.75,19.875,0.7933823529411765
HHN-MAN-01,2024-07-06,Oncology Ward,13.0,19.833333333333332,0.6571594427244581
HHN-MAN-01,2024-07-07,Oncology Ward,11.333333333333334,19.791666666666668,0.5738562091503268
HHN-MAN-01,2024-07-08,Oncology Ward,9.166666666666666,20.0,0.4583333333333333
HHN-MAN-01,2024-07-09,Oncology Ward,11.708333333333334,20.0,0.5854166666666667
HHN-MAN-01,2024-07-10,Oncology Ward,14.375,20.0,0.71875
HHN-MAN-01,2024-07-11,Oncology Ward,15.708333333333334,20.0,0.7854166666666668
HHN-MAN-01,2024-07-12,Oncology Ward,16.791666666666668,19.833333333333332,0.847027290448343
HHN-MAN-01,2024-07-13,Oncology Ward,14.375,19.791666666666668,0.7267701525054466
HHN-MAN-01,2024-07-14,Oncology Ward,14.208333333333334,19.791666666666668,0.7185729847494553
HHN-MAN-01,2024-07-15,Oncology Ward,17.458333333333332,19.791666666666668,0.8833333333333333
HHN-MAN-01,2024-07-16,Oncology Ward,14.791666666666666,20.0,0.7395833333333334
HHN-MAN-01,2024-07-17,Oncology Ward,12.541666666666666,19.958333333333332,0.6283991228070175
HHN-MAN-01,2024-07-18,Oncology Ward,12.375,19.833333333333332,0.6247685185185184
HHN-MAN-01,2024-07-19,Oncology Ward,15.291666666666666,19.958333333333332,0.7660087719298246
HHN-MAN-01,2024-07-20,Oncology Ward,14.833333333333334,19.708333333333332,0.7538778523105149
HHN-MAN-01,2024-07-21,Oncology Ward,13.208333333333334,19.916666666666668,0.663425925925926
HHN-MAN-01,2024-07-22,Oncology Ward,15.0,19.625,0.7658088235294117
HHN-MAN-01,2024-07-23,Oncology Ward,14.833333333333334,19.958333333333332,0.7432017543859649
HHN-MAN-01,2024-07-24,Oncology Ward,18.291666666666668,19.833333333333332,0.9226973684210527
HHN-MAN-01,2024-07-25,Oncology Ward,19.083333333333332,20.0,0.9541666666666666
HHN-MAN-01,2024-07-26,Oncology Ward,16.416666666666668,19.875,0.8270833333333334
HHN-MAN-01,2024-07-27,Oncology Ward,14.75,19.916666666666668,0.7407407407407408
HHN-MAN-01,2024-07-28,Oncology Ward,13.833333333333334,19.833333333333332,0.6978715170278638
HHN-MAN-01,2024-07-29,Oncology Ward,16.916666666666668,20.0,0.8458333333333333
HHN-MAN-01,2024-07-30,Oncology Ward,17.208333333333332,19.916666666666668,0.8638888888888889
HHN-MAN-01,2024-07-31,Oncology Ward,17.041666666666668,19.916666666666668,0.855701754385965
HHN-MAN-01,2024-08-01,Oncology Ward,18.416666666666668,19.875,0.9268640350877192
HHN-MAN-01,2024-08-02,Oncology Ward,16.833333333333332,19.916666666666668,0.8458333333333333
HHN-MAN-01,2024-08-03,Oncology Ward,13.666666666666666,19.75,0.6930104059167527
HHN-MAN-01,2024-08-04,Oncology Ward,15.833333333333334,19.916666666666668,0.7948464912280703
HHN-MAN-01,2024-08-05,Oncology Ward,16.041666666666668,19.916666666666668,0.8054824561403509
HHN-MAN-01,2024-08-06,Oncology Ward,15.166666666666666,19.791666666666668,0.7679193899782134
HHN-MAN-01,2024-08-07,Oncology Ward,10.958333333333334,19.75,0.5554337231968811
HHN-MAN-01,2024-08-08,Oncology Ward,10.416666666666666,19.875,0.5243664717348928
HHN-MAN-01,2024-08-09,Oncology Ward,12.25,19.916666666666668,0.6145833333333334
HHN-MAN-01,2024-08-10,Oncology Ward,12.208333333333334,19.791666666666668,0.6176062091503268
HHN-MAN-01,2024-08-11,Oncology Ward,13.958333333333334,19.833333333333332,0.7042275828460038
HHN-MAN-01,2024-08-12,Oncology Ward,13.333333333333334,19.916666666666668,0.6694444444444444
HHN-MAN-01,2024-08-13,Oncology Ward,12.708333333333334,20.0,0.6354166666666666
HHN-MAN-01,2024-08-14,Oncology Ward,16.291666666666668,19.833333333333332,0.8206018518518517
HHN-MAN-01,2024-08-15,Oncology Ward,19.25,19.833333333333332,0.9708333333333333
HHN-MAN-01,2024-08-16,Oncology Ward,18.333333333333332,19.916666666666668,0.9208333333333334
HHN-MAN-01,2024-08-17,Oncology Ward,14.458333333333334,19.791666666666668,0.7322712418300653
HHN-MAN-01,2024-08-18,Oncology Ward,16.125,19.875,0.811708089668616
HHN-MAN-01,2024-08-19,Oncology Ward,19.375,20.0,0.96875
HHN-MAN-01,2024-08-20,Oncology Ward,19.833333333333332,19.833333333333332,1.0
HHN-MAN-01,2024-08-21,Oncology Ward,19.791666666666668,19.791666666666668,1.0
HHN-MAN-01,2024-08-22,Oncology Ward,19.958333333333332,19.958333333333332,1.0
HHN-MAN-01,2024-08-23,Oncology Ward,19.833333333333332,19.833333333333332,1.0
HHN-MAN-01,2024-08-24,Oncology Ward,19.875,19.875,1.0
HHN-MAN-01,2024-08-25,Oncology Ward,20.0,20.0,1.0
HHN-MAN-01,2024-08-26,Oncology Ward,19.25,19.875,0.96875
HHN-MAN-01,2024-08-27,Oncology Ward,18.791666666666668,19.916666666666668,0.94375
HHN-MAN-01,2024-08-28,Oncology Ward,19.833333333333332,20.0,0.9916666666666667
HHN-MAN-01,2024-08-29,Oncology Ward,20.0,20.0,1.0
HHN-MAN-01,2024-08-30,Oncology Ward,19.0,19.958333333333332,0.9519736842105263
HHN-MAN-01,2024-08-31,Oncology Ward,17.333333333333332,19.833333333333332,0.8747685185185184
HHN-MAN-01,2024-09-01,Oncology Ward,17.125,19.916666666666668,0.8601851851851853
HHN-MAN-01,2024-09-02,Oncology Ward,19.0,19.958333333333332,0.9519736842105263
HHN-MAN-01,2024-09-03,Oncology Ward,19.708333333333332,19.708333333333332,1.0
HHN-MAN-01,2024-09-04,Oncology Ward,20.0,20.0,1.0
HHN-MAN-01,2024-09-05,Oncology Ward,19.916666666666668,19.916666666666668,1.0
HHN-MAN-01,2024-09-06,Oncology Ward,19.625,19.625,1.0
HHN-MAN-01,2024-09-07,Oncology Ward,19.875,19.875,1.0
HHN-MAN-01,2024-09-08,Oncology Ward,20.0,20.0,1.0
HHN-MAN-01,2024-09-09,Oncology Ward,19.791666666666668,19.875,0.9958333333333332
HHN-MAN-01,2024-09-10,Oncology Ward,17.375,19.916666666666668,0.8729166666666667
HHN-MAN-01,2024-09-11,Oncology Ward,17.791666666666668,19.875,0.8958333333333334
HHN-MAN-01,2024-09-12,Oncology Ward,19.416666666666668,20.0,0.9708333333333333
HHN-MAN-01,2024-09-13,Oncology Ward,19.083333333333332,19.791666666666668,0.9645833333333332
HHN-MAN-01,2024-09-14,Oncology Ward,17.875,19.791666666666668,0.9037037037037038
HHN-MAN-01,2024-09-15,Oncology Ward,19.708333333333332,19.875,0.9916666666666667
HHN-MAN-01,2024-09-16,Oncology Ward,19.833333333333332,20.0,0.9916666666666667
HHN-MAN-01,2024-09-17,Oncology Ward,19.916666666666668,20.0,0.9958333333333332
HHN-MAN-01,2024-09-18,Oncology Ward,19.958333333333332,19.958333333333332,1.0
HHN-MAN-01,2024-09-19,Oncology Ward,19.958333333333332,19.958333333333332,1.0
HHN-MAN-01,2024-09-20,Oncology Ward,20.0,20.0,1.0
HHN-MAN-01,2024-09-21,Oncology Ward,19.875,19.875,1.0
HHN-MAN-01,2024-09-22,Oncology Ward,19.791666666666668,19.791666666666668,1.0
HHN-MAN-01,2024-09-23,Oncology Ward,19.958333333333332,19.958333333333332,1.0
HHN-MAN-01,2024-09-24,Oncology Ward,20.0,20.0,1.0
HHN-MAN-01,2024-09-25,Oncology Ward,20.0,20.0,1.0
HHN-MAN-01,2024-09-26,Oncology Ward,19.958333333333332,19.958333333333332,1.0
HHN-MAN-01,2024-09-27,Oncology Ward,19.875,19.875,1.0
HHN-MAN-01,2024-09-28,Oncology Ward,19.916666666666668,19.916666666666668,1.0
HHN-MAN-01,2024-09-29,Oncology Ward,19.75,19.75,1.0
HHN-MAN-01,2024-09-30,Oncology Ward,19.333333333333332,20.0,0.9666666666666667
HHN-MAN-01,2024-10-01,Oncology Ward,19.708333333333332,19.916666666666668,0.9895833333333334
HHN-MAN-01,2024-10-02,Oncology Ward,18.125,20.0,0.90625
HHN-MAN-01,2024-10-03,Oncology Ward,20.0,20.0,1.0
HHN-MAN-01,2024-10-04,Oncology Ward,20.0,20.0,1.0
HHN-MAN-01,2024-10-05,Oncology Ward,19.791666666666668,19.791666666666668,1.0
HHN-MAN-01,2024-10-06,Oncology Ward,17.0,19.708333333333332,0.8630417956656347
HHN-MAN-01,2024-10-07,Oncology Ward,14.5,20.0,0.725
HHN-MAN-01,2024-10-08,Oncology Ward,18.583333333333332,20.0,0.9291666666666667
HHN-MAN-01,2024-10-09,Oncology Ward,19.833333333333332,19.833333333333332,1.0
HHN-MAN-01,2024-10-10,Oncology Ward,19.75,19.75,1.0
HHN-MAN-01,2024-10-11,Oncology Ward,19.708333333333332,19.708333333333332,1.0
HHN-MAN-01,2024-10-12,Oncology Ward,19.875,19.875,1.0
HHN-MAN-01,2024-10-13,Oncology Ward,19.458333333333332,19.916666666666668,0.9770833333333333
HHN-MAN-01,2024-10-14,Oncology Ward,17.583333333333332,19.875,0.8851973684210526
HHN-MAN-01,2024-10-15,Oncology Ward,16.666666666666668,19.916666666666668,0.8369517543859649
HHN-MAN-01,2024-10-16,Oncology Ward,17.833333333333332,19.833333333333332,0.8996323529411764
HHN-MAN-01,2024-10-17,Oncology Ward,17.958333333333332,19.958333333333332,0.8999999999999999
HHN-MAN-01,2024-10-18,Oncology Ward,19.583333333333332,20.0,0.9791666666666666
HHN-MAN-01,2024-10-19,Oncology Ward,19.833333333333332,19.833333333333332,1.0
HHN-MAN-01,2024-10-20,Oncology Ward,19.166666666666668,20.0,0.9583333333333334
HHN-MAN-01,2024-10-21,Oncology Ward,19.291666666666668,20.0,0.9645833333333332
HHN-MAN-01,2024-10-22,Oncology Ward,19.5,20.0,0.975
HHN-MAN-01,2024-10-23,Oncology Ward,19.833333333333332,19.833333333333332,1.0
HHN-MAN-01,2024-10-24,Oncology Ward,19.916666666666668,19.916666666666668,1.0
HHN-MAN-01,2024-10-25,Oncology Ward,19.958333333333332,19.958333333333332,1.0
HHN-MAN-01,2024-10-26,Oncology Ward,19.833333333333332,19.833333333333332,1.0
HHN-MAN-01,2024-10-27,Oncology Ward,19.75,19.75,1.0
HHN-MAN-01,2024-10-28,Oncology Ward,20.0,20.0,1.0
HHN-MAN-01,2024-10-29,Oncology Ward,19.916666666666668,20.0,0.9958333333333332
HHN-MAN-01,2024-10-30,Oncology Ward,19.833333333333332,19.916666666666668,0.9958333333333332
HHN-MAN-01,2024-10-31,Oncology Ward,20.0,20.0,1.0
HHN-MAN-01,2024-11-01,Oncology Ward,19.916666666666668,19.916666666666668,1.0
HHN-MAN-01,2024-11-02,Oncology Ward,18.166666666666668,20.0,0.9083333333333333
HHN-MAN-01,2024-11-03,Oncology Ward,18.166666666666668,20.0,0.9083333333333333
HHN-MAN-01,2024-11-04,Oncology Ward,16.166666666666668,20.0,0.8083333333333332
HHN-MAN-01,2024-11-05,Oncology Ward,13.333333333333334,19.625,0.6813689657149409
HHN-MAN-01,2024-11-06,Oncology Ward,11.375,19.75,0.5775735294117648
HHN-MAN-01,2024-11-07,Oncology Ward,11.416666666666666,20.0,0.5708333333333334
HHN-MAN-01,2024-11-08,Oncology Ward,10.833333333333334,20.0,0.5416666666666666
HHN-MAN-01,2024-11-09,Oncology Ward,10.791666666666666,19.875,0.5429946393762183
HHN-MAN-01,2024-11-10,Oncology Ward,15.291666666666666,19.75,0.7736111111111111
HHN-MAN-01,2024-11-11,Oncology Ward,18.75,19.75,0.949890350877193
HHN-MAN-01,2024-11-12,Oncology Ward,20.0,20.0,1.0
HHN-MAN-01,2024-11-13,Oncology Ward,19.916666666666668,19.916666666666668,1.0
HHN-MAN-01,2024-11-14,Oncology Ward,19.916666666666668,19.916666666666668,1.0
HHN-MAN-01,2024-11-15,Oncology Ward,19.958333333333332,20.0,0.9979166666666667
HHN-MAN-01,2024-11-16,Oncology Ward,18.458333333333332,19.958333333333332,0.9249999999999999
HHN-MAN-01,2024-11-17,Oncology Ward,18.041666666666668,19.666666666666668,0.9187500000000001
HHN-MAN-01,2024-11-18,Oncology Ward,17.708333333333332,19.916666666666668,0.8891203703703704
HHN-MAN-01,2024-11-19,Oncology Ward,19.583333333333332,19.875,0.9854166666666666
HHN-MAN-01,2024-11-20,Oncology Ward,19.541666666666668,19.666666666666668,0.99375
HHN-MAN-01,2024-11-21,Oncology Ward,18.291666666666668,20.0,0.9145833333333333
HHN-MAN-01,2024-11-22,Oncology Ward,19.791666666666668,19.791666666666668,1.0
HHN-MAN-01,2024-11-23,Oncology Ward,19.833333333333332,19.833333333333332,1.0
HHN-MAN-01,2024-11-24,Oncology Ward,19.625,19.625,1.0
HHN-MAN-01,2024-11-25,Oncology Ward,19.5,20.0,0.975
HHN-MAN-01,2024-11-26,Oncology Ward,18.875,19.958333333333332,0.9458333333333333
HHN-MAN-01,2024-11-27,Oncology Ward,19.0,20.0,0.9500000000000001
HHN-MAN-01,2024-11-28,Oncology Ward,15.333333333333334,19.708333333333332,0.7793408152734779
HHN-MAN-01,2024-11-29,Oncology Ward,16.0,19.958333333333332,0.8016447368421052
HHN-MAN-01,2024-11-30,Oncology Ward,16.875,20.0,0.84375
HHN-MAN-01,2024-12-01,Oncology Ward,18.0,19.833333333333332,0.9083333333333333
HHN-MAN-01,2024-12-02,Oncology Ward,17.833333333333332,20.0,0.8916666666666666
HHN-MAN-01,2024-12-03,Oncology Ward,17.791666666666668,19.708333333333332,0.9037280701754385
HHN-MAN-01,2024-12-04,Oncology Ward,18.916666666666668,19.75,0.9581140350877192
HHN-MAN-01,2024-12-05,Oncology Ward,18.791666666666668,19.666666666666668,0.9562499999999999
HHN-MAN-01,2024-12-06,Oncology Ward,19.208333333333332,19.291666666666668,0.9958333333333332
HHN-MAN-01,2024-12-07,Oncology Ward,19.0,19.875,0.9562499999999999
HHN-MAN-01,2024-12-08,Oncology Ward,18.541666666666668,19.666666666666668,0.943530701754386
HHN-MAN-01,2024-12-09,Oncology Ward,19.208333333333332,19.625,0.9790570175438597
HHN-MAN-01,2024-12-10,Oncology Ward,19.75,19.958333333333332,0.9895833333333334
HHN-MAN-01,2024-12-11,Oncology Ward,19.75,19.916666666666668,0.9916666666666667
HHN-MAN-01,2024-12-12,Oncology Ward,19.958333333333332,19.958333333333332,1.0
HHN-MAN-01,2024-12-13,Oncology Ward,20.0,20.0,1.0
HHN-MAN-01,2024-12-14,Oncology Ward,19.833333333333332,19.833333333333332,1.0
HHN-MAN-01,2024-12-15,Oncology Ward,19.791666666666668,19.791666666666668,1.0
HHN-MAN-01,2024-12-16,Oncology Ward,19.041666666666668,19.75,0.9645833333333332
HHN-MAN-01,2024-12-17,Oncology Ward,16.166666666666668,20.0,0.8083333333333335
HHN-MAN-01,2024-12-18,Oncology Ward,16.375,19.875,0.824317738791423
HHN-MAN-01,2024-12-19,Oncology Ward,17.333333333333332,19.875,0.8729166666666667
HHN-MAN-01,2024-12-20,Oncology Ward,18.833333333333332,19.833333333333332,0.9500000000000001
HHN-MAN-01,2024-12-21,Oncology Ward,19.333333333333332,19.791666666666668,0.9770833333333333
HHN-MAN-01,2024-12-22,Oncology Ward,19.041666666666668,19.541666666666668,0.975
HHN-MAN-01,2024-12-23,Oncology Ward,19.583333333333332,19.958333333333332,0.9812500000000001
HHN-MAN-01,2024-12-24,Oncology Ward,17.625,20.0,0.88125
HHN-MAN-01,2024-12-25,Oncology Ward,17.666666666666668,19.833333333333332,0.8913377192982456
HHN-MAN-01,2024-12-26,Oncology Ward,14.5,19.958333333333332,0.7266447368421053
HHN-MAN-01,2024-12-27,Oncology Ward,15.458333333333334,20.0,0.7729166666666667
HHN-MAN-01,2024-12-28,Oncology Ward,12.833333333333334,19.625,0.6545837633298933
HHN-MAN-01,2024-12-29,Oncology Ward,11.791666666666666,19.75,0.5979933493865383
HHN-MAN-01,2024-12-30,Oncology Ward,12.291666666666666,19.875,0.6186274509803922
HHN-MAN-01,2024-12-31,Oncology Ward,15.833333333333334,19.916666666666668,0.795138888888889
HHN-MAN-01,2025-01-01,Oncology Ward,16.583333333333332,19.958333333333332,0.831030701754386
HHN-MAN-01,2025-01-02,Oncology Ward,15.291666666666666,19.791666666666668,0.773937908496732
HHN-MAN-01,2025-01-03,Oncology Ward,18.041666666666668,19.875,0.9083333333333333
HHN-MAN-01,2025-01-04,Oncology Ward,19.833333333333332,19.875,0.9979166666666667
HHN-MAN-01,2025-01-05,Oncology Ward,19.75,19.75,1.0
HHN-MAN-01,2025-01-06,Oncology Ward,19.791666666666668,19.791666666666668,1.0
HHN-MAN-01,2025-01-07,Oncology Ward,19.625,19.625,1.0
HHN-MAN-01,2025-01-08,Oncology Ward,19.708333333333332,19.708333333333332,1.0
HHN-MAN-01,2025-01-09,Oncology Ward,19.75,19.75,1.0
HHN-MAN-01,2025-01-10,Oncology Ward,19.791666666666668,19.791666666666668,1.0
HHN-MAN-01,2025-01-11,Oncology Ward,19.666666666666668,19.666666666666668,1.0
HHN-MAN-01,2025-01-12,Oncology Ward,19.583333333333332,19.583333333333332,1.0
HHN-MAN-01,2025-01-13,Oncology Ward,19.875,19.875,1.0
HHN-MAN-01,2025-01-14,Oncology Ward,19.833333333333332,19.833333333333332,1.0
HHN-MAN-01,2025-01-15,Oncology Ward,19.75,19.75,1.0
HHN-MAN-01,2025-01-16,Oncology Ward,19.916666666666668,19.916666666666668,1.0
HHN-MAN-01,2025-01-17,Oncology Ward,19.875,19.875,1.0
HHN-MAN-01,2025-01-18,Oncology Ward,19.875,19.875,1.0
HHN-MAN-01,2025-01-19,Oncology Ward,19.916666666666668,19.916666666666668,1.0
HHN-MAN-01,2025-01-20,Oncology Ward,19.625,19.625,1.0
HHN-MAN-01,2025-01-21,Oncology Ward,18.916666666666668,19.833333333333332,0.9541666666666666
HHN-MAN-01,2025-01-22,Oncology Ward,18.291666666666668,19.875,0.9207236842105263
HHN-MAN-01,2025-01-23,Oncology Ward,18.833333333333332,19.666666666666668,0.9583333333333334
HHN-MAN-01,2025-01-24,Oncology Ward,19.833333333333332,19.833333333333332,1.0
HHN-MAN-01,2025-01-25,Oncology Ward,19.833333333333332,19.833333333333332,1.0
HHN-MAN-01,2025-01-26,Oncology Ward,18.708333333333332,19.541666666666668,0.9581018518518518
HHN-MAN-01,2025-01-27,Oncology Ward,17.125,20.0,0.8562500000000001
HHN-MAN-01,2025-01-28,Oncology Ward,15.75,19.958333333333332,0.7892543859649123
HHN-MAN-01,2025-01-29,Oncology Ward,17.416666666666668,20.0,0.8708333333333335
HHN-MAN-01,2025-01-30,Oncology Ward,19.875,19.875,1.0
HHN-MAN-01,2025-01-31,Oncology Ward,19.625,19.625,1.0
HHN-MAN-01,2025-02-01,Oncology Ward,19.541666666666668,19.541666666666668,1.0
HHN-MAN-01,2025-02-02,Oncology Ward,19.833333333333332,19.833333333333332,1.0
HHN-MAN-01,2025-02-03,Oncology Ward,19.625,19.625,1.0
HHN-MAN-01,2025-02-04,Oncology Ward,20.0,20.0,1.0
HHN-MAN-01,2025-02-05,Oncology Ward,20.0,20.0,1.0
HHN-MAN-01,2025-02-06,Oncology Ward,19.875,19.875,1.0
HHN-MAN-01,2025-02-07,Oncology Ward,19.75,19.75,1.0
HHN-MAN-01,2025-02-08,Oncology Ward,19.666666666666668,19.666666666666668,1.0
HHN-MAN-01,2025-02-09,Oncology Ward,19.666666666666668,19.75,0.9958333333333332
HHN-MAN-01,2025-02-10,Oncology Ward,17.791666666666668,19.791666666666668,0.8988547758284601
HHN-MAN-01,2025-02-11,Oncology Ward,17.916666666666668,19.916666666666668,0.899537037037037
HHN-MAN-01,2025-02-12,Oncology Ward,17.791666666666668,19.791666666666668,0.8988017429193901
HHN-MAN-01,2025-02-13,Oncology Ward,18.0,20.0,0.9
HHN-MAN-01,2025-02-14,Oncology Ward,17.666666666666668,19.666666666666668,0.8980664488017429
HHN-MAN-01,2025-02-15,Oncology Ward,18.5,19.583333333333332,0.9448787409700722
HHN-MAN-01,2025-02-16,Oncology Ward,19.708333333333332,19.708333333333332,1.0
HHN-MAN-01,2025-02-17,Oncology Ward,19.833333333333332,19.833333333333332,1.0
HHN-MAN-01,2025-02-18,Oncology Ward,19.958333333333332,19.958333333333332,1.0
HHN-MAN-01,2025-02-19,Oncology Ward,19.916666666666668,19.916666666666668,1.0
HHN-MAN-01,2025-02-20,Oncology Ward,20.0,20.0,1.0
HHN-MAN-01,2025-02-21,Oncology Ward,19.833333333333332,19.833333333333332,1.0
HHN-MAN-01,2025-02-22,Oncology Ward,19.541666666666668,19.541666666666668,1.0
HHN-MAN-01,2025-02-23,Oncology Ward,18.791666666666668,19.708333333333332,0.9541666666666666
HHN-MAN-01,2025-02-24,Oncology Ward,14.625,19.75,0.7419117647058823
HHN-MAN-01,2025-02-25,Oncology Ward,15.958333333333334,19.583333333333332,0.816812865497076
HHN-MAN-01,2025-02-26,Oncology Ward,17.291666666666668,19.708333333333332,0.8783217234262125
HHN-MAN-01,2025-02-27,Oncology Ward,15.666666666666666,19.875,0.7887792397660819
HHN-MAN-01,2025-02-28,Oncology Ward,19.041666666666668,19.875,0.9582236842105263
HHN-MAN-01,2025-03-01,Oncology Ward,19.791666666666668,19.791666666666668,1.0
HHN-MAN-01,2025-03-02,Oncology Ward,19.541666666666668,19.541666666666668,1.0
HHN-MAN-01,2025-03-03,Oncology Ward,19.833333333333332,19.833333333333332,1.0
HHN-MAN-01,2025-03-04,Oncology Ward,20.0,20.0,1.0
HHN-MAN-01,2025-03-05,Oncology Ward,19.875,19.875,1.0
HHN-MAN-01,2025-03-06,Oncology Ward,20.0,20.0,1.0
HHN-MAN-01,2025-03-07,Oncology Ward,19.958333333333332,19.958333333333332,1.0
HHN-MAN-01,2025-03-08,Oncology Ward,19.791666666666668,19.916666666666668,0.99375
HHN-MAN-01,2025-03-09,Oncology Ward,17.875,19.666666666666668,0.9103070175438597
HHN-MAN-01,2025-03-10,Oncology Ward,18.791666666666668,19.791666666666668,0.9500000000000001
HHN-MAN-01,2025-03-11,Oncology Ward,19.916666666666668,19.916666666666668,1.0
HHN-MAN-01,2025-03-12,Oncology Ward,19.791666666666668,19.791666666666668,1.0
HHN-MAN-01,2025-03-13,Oncology Ward,20.0,20.0,1.0
HHN-MAN-01,2025-03-14,Oncology Ward,19.375,19.791666666666668,0.9789473684210526
HHN-MAN-01,2025-03-15,Oncology Ward,16.125,19.875,0.8118299220272904
HHN-MAN-01,2025-03-16,Oncology Ward,13.291666666666666,19.625,0.6785997878683637
HHN-MAN-01,2025-03-17,Oncology Ward,13.041666666666666,20.0,0.6520833333333333
HHN-MAN-01,2025-03-18,Oncology Ward,17.625,19.833333333333332,0.8874548503611971
HHN-MAN-01,2025-03-19,Oncology Ward,19.875,19.875,1.0
HHN-MAN-01,2025-03-20,Oncology Ward,19.916666666666668,19.916666666666668,1.0
HHN-MAN-01,2025-03-21,Oncology Ward,19.458333333333332,19.75,0.9854166666666666
HHN-MAN-01,2025-03-22,Oncology Ward,19.375,19.833333333333332,0.9770833333333333
HHN-MAN-01,2025-03-23,Oncology Ward,14.041666666666666,19.666666666666668,0.7148606811145511
HHN-MAN-01,2025-03-24,Oncology Ward,13.208333333333334,19.958333333333332,0.6618421052631579
HHN-MAN-01,2025-03-25,Oncology Ward,16.791666666666668,19.875,0.8450292397660819
HHN-MAN-01,2025-03-26,Oncology Ward,17.75,20.0,0.8875000000000001
HHN-MAN-01,2025-03-27,Oncology Ward,18.958333333333332,20.0,0.9479166666666666
HHN-MAN-01,2025-03-28,Oncology Ward,19.958333333333332,19.958333333333332,1.0
HHN-MAN-01,2025-03-29,Oncology Ward,19.666666666666668,19.666666666666668,1.0
HHN-MAN-01,2025-03-30,Oncology Ward,19.083333333333332,19.625,0.9729166666666668
HHN-MAN-01,2025-03-31,Oncology Ward,18.791666666666668,19.833333333333332,0.9476973684210526
HHN-MAN-01,2025-04-01,Oncology Ward,19.416666666666668,19.875,0.9770833333333333
HHN-MAN-01,2025-04-02,Oncology Ward,20.0,20.0,1.0
HHN-MAN-01,2025-04-03,Oncology Ward,19.958333333333332,19.958333333333332,1.0
HHN-MAN-01,2025-04-04,Oncology Ward,19.833333333333332,19.833333333333332,1.0
HHN-MAN-01,2025-04-05,Oncology Ward,19.75,19.75,1.0
HHN-MAN-01,2025-04-06,Oncology Ward,19.708333333333332,19.708333333333332,1.0
HHN-MAN-01,2025-04-07,Oncology Ward,19.958333333333332,19.958333333333332,1.0
HHN-MAN-01,2025-04-08,Oncology Ward,20.0,20.0,1.0
HHN-MAN-01,2025-04-09,Oncology Ward,19.833333333333332,19.875,0.9979166666666667
HHN-MAN-01,2025-04-10,Oncology Ward,17.041666666666668,19.833333333333332,0.8594054580896686
HHN-MAN-01,2025-04-11,Oncology Ward,18.875,20.0,0.94375
HHN-MAN-01,2025-04-12,Oncology Ward,19.875,19.875,1.0
HHN-MAN-01,2025-04-13,Oncology Ward,19.416666666666668,19.833333333333332,0.9791666666666666
HHN-MAN-01,2025-04-14,Oncology Ward,18.708333333333332,20.0,0.9354166666666667
HHN-MAN-01,2025-04-15,Oncology Ward,18.708333333333332,19.75,0.9474537037037036
HHN-MAN-01,2025-04-16,Oncology Ward,18.625,19.875,0.9375
HHN-MAN-01,2025-04-17,Oncology Ward,20.0,20.0,1.0
HHN-MAN-01,2025-04-18,Oncology Ward,20.0,20.0,1.0
HHN-MAN-01,2025-04-19,Oncology Ward,19.833333333333332,19.875,0.9979166666666667
HHN-MAN-01,2025-04-20,Oncology Ward,17.0,19.5,0.874400871459695
HHN-MAN-01,2025-04-21,Oncology Ward,13.625,19.958333333333332,0.6828947368421052
HHN-MAN-01,2025-04-22,Oncology Ward,12.125,19.958333333333332,0.6075657894736842
HHN-MAN-01,2025-04-23,Oncology Ward,15.875,19.916666666666668,0.7976851851851853
HHN-MAN-01,2025-04-24,Oncology Ward,17.875,19.875,0.8996323529411764
HHN-MAN-01,2025-04-25,Oncology Ward,17.416666666666668,19.958333333333332,0.8729166666666667
HHN-MAN-01,2025-04-26,Oncology Ward,19.791666666666668,19.791666666666668,1.0
HHN-MAN-01,2025-04-27,Oncology Ward,17.75,19.666666666666668,0.9037280701754385
HHN-MAN-01,2025-04-28,Oncology Ward,14.125,19.75,0.7162825364063754
HHN-MAN-01,2025-04-29,Oncology Ward,15.041666666666666,19.875,0.7568627450980392
HHN-MAN-01,2025-04-30,Oncology Ward,17.5,19.916666666666668,0.8791666666666668
HHN-MAN-01,2025-05-01,Oncology Ward,15.708333333333334,19.916666666666668,0.7890350877192982
HHN-MAN-01,2025-05-02,Oncology Ward,18.291666666666668,19.75,0.9268640350877192
HHN-MAN-01,2025-05-03,Oncology Ward,19.041666666666668,19.916666666666668,0.9562499999999999
HHN-MAN-01,2025-05-04,Oncology Ward,19.833333333333332,19.833333333333332,1.0
HHN-MAN-01,2025-05-05,Oncology Ward,19.791666666666668,19.916666666666668,0.99375
HHN-MAN-01,2025-05-06,Oncology Ward,16.25,19.875,0.81875
HHN-MAN-01,2025-05-07,Oncology Ward,16.208333333333332,20.0,0.8104166666666667
HHN-MAN-01,2025-05-08,Oncology Ward,17.916666666666668,19.75,0.9083333333333333
HHN-MAN-01,2025-05-09,Oncology Ward,19.333333333333332,20.0,0.9666666666666667
HHN-MAN-01,2025-05-10,Oncology Ward,18.708333333333332,19.875,0.9413377192982456
HHN-MAN-01,2025-05-11,Oncology Ward,17.083333333333332,19.833333333333332,0.862280701754386
HHN-MAN-01,2025-05-12,Oncology Ward,15.0,19.833333333333332,0.7569444444444445
HHN-MAN-01,2025-05-13,Oncology Ward,15.458333333333334,20.0,0.7729166666666667
HHN-MAN-01,2025-05-14,Oncology Ward,16.791666666666668,19.708333333333332,0.8539473684210526
HHN-MAN-01,2025-05-15,Oncology Ward,17.208333333333332,19.875,0.8666666666666667
HHN-MAN-01,2025-05-16,Oncology Ward,15.791666666666666,19.916666666666668,0.793421052631579
HHN-MAN-01,2025-05-17,Oncology Ward,14.166666666666666,19.625,0.7236612773764476
HHN-MAN-01,2025-05-18,Oncology Ward,13.291666666666666,19.791666666666668,0.6711866471734892
HHN-MAN-01,2025-05-19,Oncology Ward,11.25,19.75,0.5708956828345373
HHN-MAN-01,2025-05-20,Oncology Ward,13.791666666666666,19.916666666666668,0.692824074074074
HHN-MAN-01,2025-05-21,Oncology Ward,19.25,19.75,0.975
HHN-MAN-01,2025-05-22,Oncology Ward,18.708333333333332,19.916666666666668,0.9395833333333333
HHN-MAN-01,2025-05-23,Oncology Ward,18.25,19.75,0.9249999999999999
HHN-MAN-01,2025-05-24,Oncology Ward,17.375,19.833333333333332,0.8770833333333333
HHN-MAN-01,2025-05-25,Oncology Ward,17.291666666666668,19.875,0.8708333333333332
HHN-MAN-01,2025-05-26,Oncology Ward,16.791666666666668,20.0,0.8395833333333332
HHN-MAN-01,2025-05-27,Oncology Ward,15.041666666666666,19.791666666666668,0.761437908496732
HHN-MAN-01,2025-05-28,Oncology Ward,16.791666666666668,20.0,0.8395833333333332
HHN-MAN-01,2025-05-29,Oncology Ward,19.5,19.916666666666668,0.9791666666666666
HHN-MAN-01,2025-05-30,Oncology Ward,19.958333333333332,19.958333333333332,1.0
HHN-MAN-01,2025-05-31,Oncology Ward,18.458333333333332,19.958333333333332,0.924780701754386
HHN-MAN-01,2025-06-01,Oncology Ward,17.208333333333332,19.416666666666668,0.8862608932461874
HHN-MAN-01,2025-06-02,Oncology Ward,14.75,19.875,0.7422149122807018
HHN-MAN-01,2025-06-03,Oncology Ward,17.041666666666668,19.916666666666668,0.855787037037037
HHN-MAN-01,2025-06-04,Oncology Ward,17.958333333333332,19.958333333333332,0.899780701754386
HHN-MAN-01,2025-06-05,Oncology Ward,17.416666666666668,20.0,0.8708333333333335
HHN-MAN-01,2025-06-06,Oncology Ward,18.083333333333332,19.875,0.9104166666666668
HHN-MAN-01,2025-06-07,Oncology Ward,19.833333333333332,19.833333333333332,1.0
HHN-MAN-01,2025-06-08,Oncology Ward,19.25,20.0,0.9625
HHN-MAN-01,2025-06-09,Oncology Ward,17.375,19.916666666666668,0.8726851851851851
HHN-MAN-01,2025-06-10,Oncology Ward,15.541666666666666,20.0,0.7770833333333332
HHN-MAN-01,2025-06-11,Oncology Ward,18.625,19.875,0.9372685185185184
HHN-MAN-01,2025-06-12,Oncology Ward,19.75,19.833333333333332,0.9958333333333332
HHN-MAN-01,2025-06-13,Oncology Ward,19.541666666666668,20.0,0.9770833333333333
HHN-MAN-01,2025-06-14,Oncology Ward,19.916666666666668,19.916666666666668,1.0
HHN-MAN-01,2025-06-15,Oncology Ward,19.666666666666668,19.666666666666668,1.0
HHN-MAN-01,2025-06-16,Oncology Ward,19.916666666666668,19.916666666666668,1.0
HHN-MAN-01,2025-06-17,Oncology Ward,19.833333333333332,19.833333333333332,1.0
HHN-MAN-01,2025-06-18,Oncology Ward,20.0,20.0,1.0
HHN-MAN-01,2025-06-19,Oncology Ward,19.958333333333332,19.958333333333332,1.0
HHN-MAN-01,2025-06-20,Oncology Ward,19.708333333333332,19.708333333333332,1.0
HHN-MAN-01,2025-06-21,Oncology Ward,19.75,19.75,1.0
HHN-MAN-01,2025-06-22,Oncology Ward,19.833333333333332,19.833333333333332,1.0
HHN-MAN-01,2025-06-23,Oncology Ward,19.916666666666668,19.916666666666668,1.0
HHN-MAN-01,2025-06-24,Oncology Ward,19.958333333333332,19.958333333333332,1.0
HHN-MAN-01,2025-06-25,Oncology Ward,19.833333333333332,19.833333333333332,1.0
HHN-MAN-01,2025-06-26,Oncology Ward,19.958333333333332,19.958333333333332,1.0
HHN-MAN-01,2025-06-27,Oncology Ward,20.0,20.0,1.0
HHN-MAN-01,2025-06-28,Oncology Ward,19.958333333333332,19.958333333333332,1.0
HHN-MAN-01,2025-06-29,Oncology Ward,18.541666666666668,19.541666666666668,0.9497685185185185
HHN-MAN-01,2025-06-30,Oncology Ward,15.833333333333334,19.791666666666668,0.8000243664717349
HHN-MAN-01,2025-07-01,Oncology Ward,13.958333333333334,19.875,0.7030637254901961
HHN-MAN-01,2025-07-02,Oncology Ward,15.291666666666666,19.916666666666668,0.7675925925925927
HHN-MAN-01,2025-07-03,Oncology Ward,14.708333333333334,20.0,0.7354166666666666
HHN-MAN-01,2025-07-04,Oncology Ward,17.041666666666668,19.75,0.8645833333333334
HHN-MAN-01,2025-07-05,Oncology Ward,17.083333333333332,19.875,0.8597587719298246
HHN-MAN-01,2025-07-06,Oncology Ward,13.416666666666666,19.666666666666668,0.6824346405228758
HHN-MAN-01,2025-07-07,Oncology Ward,11.0,20.0,0.5499999999999999
HHN-MAN-01,2025-07-08,Oncology Ward,10.416666666666666,19.875,0.5245098039215687
HHN-MAN-01,2025-07-09,Oncology Ward,10.125,19.75,0.5127121316362803
HHN-MAN-01,2025-07-10,Oncology Ward,12.583333333333334,19.958333333333332,0.6303728070175438
HHN-MAN-01,2025-07-11,Oncology Ward,12.583333333333334,19.875,0.6331384015594542
HHN-MAN-01,2025-07-12,Oncology Ward,12.291666666666666,19.666666666666668,0.6258664430684554
HHN-MAN-01,2025-07-13,Oncology Ward,13.375,19.708333333333332,0.6787173202614379
HHN-MAN-01,2025-07-14,Oncology Ward,17.416666666666668,20.0,0.8708333333333332
HHN-MAN-01,2025-07-15,Oncology Ward,18.416666666666668,19.916666666666668,0.9247685185185185
HHN-MAN-01,2025-07-16,Oncology Ward,17.625,20.0,0.88125
HHN-MAN-01,2025-07-17,Oncology Ward,14.708333333333334,20.0,0.7354166666666666
HHN-MAN-01,2025-07-18,Oncology Ward,13.083333333333334,20.0,0.6541666666666667
HHN-MAN-01,2025-07-19,Oncology Ward,11.291666666666666,19.875,0.5689950980392157
HHN-MAN-01,2025-07-20,Oncology Ward,10.791666666666666,19.75,0.5473039215686275
HHN-MAN-01,2025-07-21,Oncology Ward,13.666666666666666,20.0,0.6833333333333332
HHN-MAN-01,2025-07-22,Oncology Ward,15.416666666666666,19.916666666666668,0.774537037037037
HHN-MAN-01,2025-07-23,Oncology Ward,19.041666666666668,20.0,0.9520833333333334
HHN-MAN-01,2025-07-24,Oncology Ward,19.958333333333332,20.0,0.9979166666666667
HHN-MAN-01,2025-07-25,Oncology Ward,19.25,19.916666666666668,0.9666666666666667
HHN-MAN-01,2025-07-26,Oncology Ward,16.041666666666668,19.666666666666668,0.8173001949317739
HHN-MAN-01,2025-07-27,Oncology Ward,16.25,19.958333333333332,0.8142543859649124
HHN-MAN-01,2025-07-28,Oncology Ward,16.916666666666668,19.791666666666668,0.8548202614379085
HHN-MAN-01,2025-07-29,Oncology Ward,16.25,19.916666666666668,0.8160087719298246
HHN-MAN-01,2025-07-30,Oncology Ward,15.541666666666666,20.0,0.7770833333333332
HHN-MAN-01,2025-07-31,Oncology Ward,17.083333333333332,19.833333333333332,0.8618299220272904
HHN-MAN-01,2025-08-01,Oncology Ward,15.5,19.916666666666668,0.7782407407407407
HHN-MAN-01,2025-08-02,Oncology Ward,15.291666666666666,19.833333333333332,0.7717427760577915
HHN-MAN-01,2025-08-03,Oncology Ward,14.666666666666666,19.875,0.7392156862745098
HHN-MAN-01,2025-08-04,Oncology Ward,12.083333333333334,19.75,0.6126827485380116
HHN-MAN-01,2025-08-05,Oncology Ward,10.791666666666666,20.0,0.5395833333333334
HHN-MAN-01,2025-08-06,Oncology Ward,14.208333333333334,20.0,0.7104166666666667
HHN-MAN-01,2025-08-07,Oncology Ward,18.875,19.791666666666668,0.9541666666666666
HHN-MAN-01,2025-08-08,Oncology Ward,19.833333333333332,19.833333333333332,1.0
HHN-MAN-01,2025-08-09,Oncology Ward,19.541666666666668,20.0,0.9770833333333333
HHN-MAN-01,2025-08-10,Oncology Ward,16.333333333333332,19.875,0.8226973684210526
HHN-MAN-01,2025-08-11,Oncology Ward,16.375,19.958333333333332,0.8205043859649123
HHN-MAN-01,2025-08-12,Oncology Ward,13.416666666666666,19.916666666666668,0.6738425925925925
HHN-MAN-01,2025-08-13,Oncology Ward,10.458333333333334,19.875,0.526593137254902
HHN-MAN-01,2025-08-14,Oncology Ward,9.708333333333334,19.791666666666668,0.4906798245614035
HHN-MAN-01,2025-08-15,Oncology Ward,8.583333333333334,20.0,0.4291666666666667
HHN-MAN-01,2025-08-16,Oncology Ward,9.416666666666666,19.916666666666668,0.4730263157894737
HHN-MAN-01,2025-08-17,Oncology Ward,12.083333333333334,19.791666666666668,0.6113562091503267
HHN-MAN-01,2025-08-18,Oncology Ward,11.75,20.0,0.5875
HHN-MAN-01,2025-08-19,Oncology Ward,8.666666666666666,20.0,0.43333333333333335
HHN-MAN-01,2025-08-20,Oncology Ward,9.666666666666666,20.0,0.48333333333333334
HHN-MAN-01,2025-08-21,Oncology Ward,11.25,19.875,0.5669117647058823
HHN-MAN-01,2025-08-22,Oncology Ward,11.458333333333334,20.0,0.5729166666666666
HHN-MAN-01,2025-08-23,Oncology Ward,12.5,19.541666666666668,0.641172170622635
HHN-MAN-01,2025-08-24,Oncology Ward,11.375,19.875,0.572843567251462
HHN-MAN-01,2025-08-25,Oncology Ward,6.833333333333333,19.916666666666668,0.3430555555555555
HHN-MAN-01,2025-08-26,Oncology Ward,6.666666666666667,19.916666666666668,0.33449074074074076
HHN-MAN-01,2025-08-27,Oncology Ward,10.5,20.0,0.525
HHN-MAN-01,2025-08-28,Oncology Ward,9.833333333333334,20.0,0.4916666666666667
HHN-MAN-01,2025-08-29,Oncology Ward,10.708333333333334,20.0,0.5354166666666667
HHN-MAN-01,2025-08-30,Oncology Ward,13.375,19.666666666666668,0.6815459809654856
HHN-MAN-01,2025-08-31,Oncology Ward,10.708333333333334,19.875,0.5394607843137255
HHN-MAN-01,2025-09-01,Oncology Ward,8.958333333333334,20.0,0.4479166666666667
HHN-MAN-01,2025-09-02,Oncology Ward,10.416666666666666,19.875,0.5245857699805069
HHN-MAN-01,2025-09-03,Oncology Ward,11.0,20.0,0.55
HHN-MAN-01,2025-09-04,Oncology Ward,10.958333333333334,19.75,0.5549463937621832
HHN-MAN-01,2025-09-05,Oncology Ward,12.291666666666666,19.75,0.6241421568627451
HHN-MAN-01,2025-09-06,Oncology Ward,15.625,19.625,0.797790534342392
HHN-MAN-01,2025-09-07,Oncology Ward,15.625,20.0,0.78125
HHN-MAN-01,2025-09-08,Oncology Ward,15.916666666666666,19.958333333333332,0.7975877192982456
HHN-MAN-01,2025-09-09,Oncology Ward,18.916666666666668,20.0,0.9458333333333333
HHN-MAN-01,2025-09-10,Oncology Ward,19.583333333333332,19.833333333333332,0.9874999999999999
HHN-MAN-01,2025-09-11,Oncology Ward,19.708333333333332,19.708333333333332,1.0
HHN-MAN-01,2025-09-12,Oncology Ward,19.041666666666668,20.0,0.9520833333333334
HHN-MAN-01,2025-09-13,Oncology Ward,15.333333333333334,19.666666666666668,0.7811683006535949
HHN-MAN-01,2025-09-14,Oncology Ward,16.166666666666668,19.583333333333332,0.8275419963306959
HHN-MAN-01,2025-09-15,Oncology Ward,17.666666666666668,20.0,0.8833333333333333
HHN-MAN-01,2025-09-16,Oncology Ward,19.208333333333332,19.875,0.9666666666666667
HHN-MAN-01,2025-09-17,Oncology Ward,20.0,20.0,1.0
HHN-MAN-01,2025-09-18,Oncology Ward,20.0,20.0,1.0
HHN-MAN-01,2025-09-19,Oncology Ward,19.666666666666668,19.875,0.9895833333333334
HHN-MAN-01,2025-09-20,Oncology Ward,18.25,20.0,0.9125
HHN-MAN-01,2025-09-21,Oncology Ward,17.041666666666668,20.0,0.8520833333333333
HHN-MAN-01,2025-09-22,Oncology Ward,19.416666666666668,20.0,0.9708333333333333
HHN-MAN-01,2025-09-23,Oncology Ward,20.0,20.0,1.0
HHN-MAN-01,2025-09-24,Oncology Ward,19.916666666666668,19.916666666666668,1.0
HHN-MAN-01,2025-09-25,Oncology Ward,19.75,19.75,1.0
HHN-MAN-01,2025-09-26,Oncology Ward,20.0,20.0,1.0
HHN-MAN-01,2025-09-27,Oncology Ward,19.75,19.75,1.0
HHN-MAN-01,2025-09-28,Oncology Ward,19.833333333333332,19.833333333333332,1.0
HHN-MAN-01,2025-09-29,Oncology Ward,19.375,20.0,0.96875
HHN-MAN-01,2025-09-30,Oncology Ward,18.958333333333332,19.708333333333332,0.962037037037037
HHN-MAN-01,2025-10-01,Oncology Ward,18.0,20.0,0.9
HHN-MAN-01,2025-10-02,Oncology Ward,16.5,19.875,0.8305799220272904
HHN-MAN-01,2025-10-03,Oncology Ward,17.25,20.0,0.8624999999999999
HHN-MAN-01,2025-10-04,Oncology Ward,16.541666666666668,19.666666666666668,0.8431895711500975
HHN-MAN-01,2025-10-05,Oncology Ward,12.0,19.708333333333332,0.6095996732026144
HHN-MAN-01,2025-10-06,Oncology Ward,11.75,20.0,0.5875
HHN-MAN-01,2025-10-07,Oncology Ward,13.666666666666666,19.833333333333332,0.690015479876161
HHN-MAN-01,2025-10-08,Oncology Ward,14.916666666666666,19.916666666666668,0.7493055555555556
HHN-MAN-01,2025-10-09,Oncology Ward,17.958333333333332,19.958333333333332,0.899780701754386
HHN-MAN-01,2025-10-10,Oncology Ward,19.666666666666668,20.0,0.9833333333333334
HHN-MAN-01,2025-10-11,Oncology Ward,19.458333333333332,19.791666666666668,0.9833333333333334
HHN-MAN-01,2025-10-12,Oncology Ward,14.791666666666666,19.791666666666668,0.7482943469785575
HHN-MAN-01,2025-10-13,Oncology Ward,15.625,20.0,0.78125
HHN-MAN-01,2025-10-14,Oncology Ward,15.958333333333334,19.958333333333332,0.7995614035087719
HHN-MAN-01,2025-10-15,Oncology Ward,15.958333333333334,19.958333333333332,0.7995614035087719
HHN-MAN-01,2025-10-16,Oncology Ward,15.791666666666666,19.791666666666668,0.79770955165692
HHN-MAN-01,2025-10-17,Oncology Ward,16.0,20.0,0.8000000000000002
HHN-MAN-01,2025-10-18,Oncology Ward,17.875,19.875,0.9
HHN-MAN-01,2025-10-19,Oncology Ward,15.541666666666666,20.0,0.7770833333333332
HHN-MAN-01,2025-10-20,Oncology Ward,13.791666666666666,19.791666666666668,0.6991693899782135
HHN-MAN-01,2025-10-21,Oncology Ward,15.583333333333334,20.0,0.7791666666666667
HHN-MAN-01,2025-10-22,Oncology Ward,16.166666666666668,19.708333333333332,0.8210239651416122
HHN-MAN-01,2025-10-23,Oncology Ward,17.208333333333332,19.916666666666668,0.8640350877192983
HHN-MAN-01,2025-10-24,Oncology Ward,19.75,19.916666666666668,0.9916666666666667
HHN-MAN-01,2025-10-25,Oncology Ward,17.458333333333332,19.708333333333332,0.8875000000000001
HHN-MAN-01,2025-10-26,Oncology Ward,17.833333333333332,19.875,0.8979166666666667
HHN-MAN-01,2025-10-27,Oncology Ward,17.458333333333332,20.0,0.8729166666666667
HHN-MAN-01,2025-10-28,Oncology Ward,15.666666666666666,20.0,0.7833333333333333
HHN-MAN-01,2025-10-29,Oncology Ward,15.25,19.625,0.7785266884531591
HHN-MAN-01,2025-10-30,Oncology Ward,17.541666666666668,20.0,0.8770833333333333
HHN-MAN-01,2025-10-31,Oncology Ward,19.875,19.875,1.0
HHN-MAN-01,2025-11-01,Oncology Ward,19.666666666666668,19.666666666666668,1.0
HHN-MAN-01,2025-11-02,Oncology Ward,19.291666666666668,19.875,0.9708333333333333
HHN-MAN-01,2025-11-03,Oncology Ward,19.458333333333332,19.875,0.9791666666666666
HHN-MAN-01,2025-11-04,Oncology Ward,19.916666666666668,19.916666666666668,1.0
HHN-MAN-01,2025-11-05,Oncology Ward,19.916666666666668,19.916666666666668,1.0
HHN-MAN-01,2025-11-06,Oncology Ward,20.0,20.0,1.0
HHN-MAN-01,2025-11-07,Oncology Ward,19.833333333333332,19.875,0.9979166666666667
HHN-MAN-01,2025-11-08,Oncology Ward,19.666666666666668,19.708333333333332,0.9979166666666667
HHN-MAN-01,2025-11-09,Oncology Ward,18.125,19.75,0.9185307017543859
HHN-MAN-01,2025-11-10,Oncology Ward,16.583333333333332,20.0,0.8291666666666667
HHN-MAN-01,2025-11-11,Oncology Ward,16.291666666666668,20.0,0.8145833333333333
HHN-MAN-01,2025-11-12,Oncology Ward,16.333333333333332,19.916666666666668,0.8202850877192982
HHN-MAN-01,2025-11-13,Oncology Ward,16.333333333333332,19.75,0.8282385907579406
HHN-MAN-01,2025-11-14,Oncology Ward,16.333333333333332,19.833333333333332,0.8243034055727554
HHN-MAN-01,2025-11-15,Oncology Ward,18.041666666666668,19.875,0.9083333333333333
HHN-MAN-01,2025-11-16,Oncology Ward,17.583333333333332,19.791666666666668,0.8893518518518518
HHN-MAN-01,2025-11-17,Oncology Ward,16.458333333333332,19.958333333333332,0.8247807017543859
HHN-MAN-01,2025-11-18,Oncology Ward,15.25,19.833333333333332,0.7694014447884417
HHN-MAN-01,2025-11-19,Oncology Ward,16.083333333333332,20.0,0.8041666666666667
HHN-MAN-01,2025-11-20,Oncology Ward,19.25,19.833333333333332,0.9707236842105263
HHN-MAN-01,2025-11-21,Oncology Ward,17.791666666666668,19.791666666666668,0.9
HHN-MAN-01,2025-11-22,Oncology Ward,16.375,19.625,0.8363970588235294
HHN-MAN-01,2025-11-23,Oncology Ward,15.291666666666666,19.791666666666668,0.773202614379085
HHN-MAN-01,2025-11-24,Oncology Ward,15.75,20.0,0.7875
HHN-MAN-01,2025-11-25,Oncology Ward,14.791666666666666,19.875,0.7447303921568628
HHN-MAN-01,2025-11-26,Oncology Ward,13.416666666666666,19.833333333333332,0.6773148148148148
HHN-MAN-01,2025-11-27,Oncology Ward,17.25,19.791666666666668,0.8729166666666667
HHN-MAN-01,2025-11-28,Oncology Ward,14.25,20.0,0.7124999999999999
HHN-MAN-01,2025-11-29,Oncology Ward,14.875,19.833333333333332,0.750462962962963
HHN-MAN-01,2025-11-30,Oncology Ward,15.333333333333334,19.791666666666668,0.7756535947712418
HHN-MAN-01,2025-12-01,Oncology Ward,17.958333333333332,19.708333333333332,0.9118034055727554
HHN-MAN-01,2025-12-02,Oncology Ward,19.666666666666668,19.958333333333332,0.9854166666666666
HHN-MAN-01,2025-12-03,Oncology Ward,19.833333333333332,19.833333333333332,1.0
HHN-MAN-01,2025-12-04,Oncology Ward,18.083333333333332,19.916666666666668,0.9083333333333333
HHN-MAN-01,2025-12-05,Oncology Ward,18.0,19.625,0.9182992202729046
HHN-MAN-01,2025-12-06,Oncology Ward,19.625,20.0,0.9812500000000001
HHN-MAN-01,2025-12-07,Oncology Ward,19.833333333333332,19.875,0.9979166666666667
HHN-MAN-01,2025-12-08,Oncology Ward,19.708333333333332,19.833333333333332,0.99375
HHN-MAN-01,2025-12-09,Oncology Ward,19.708333333333332,19.958333333333332,0.9874999999999999
HHN-MAN-01,2025-12-10,Oncology Ward,19.666666666666668,19.708333333333332,0.9979166666666667
HHN-MAN-01,2025-12-11,Oncology Ward,19.416666666666668,19.75,0.9833333333333334
HHN-MAN-01,2025-12-12,Oncology Ward,19.833333333333332,19.833333333333332,1.0
HHN-MAN-01,2025-12-13,Oncology Ward,19.75,19.75,1.0
HHN-MAN-01,2025-12-14,Oncology Ward,19.833333333333332,19.833333333333332,1.0
HHN-MAN-01,2025-12-15,Oncology Ward,18.875,19.375,0.975
HHN-MAN-01,2025-12-16,Oncology Ward,17.708333333333332,19.708333333333332,0.899537037037037
HHN-MAN-01,2025-12-17,Oncology Ward,19.5,19.916666666666668,0.9790570175438597
HHN-MAN-01,2025-12-18,Oncology Ward,19.875,19.875,1.0
HHN-MAN-01,2025-12-19,Oncology Ward,19.375,19.625,0.9874999999999999
HHN-MAN-01,2025-12-20,Oncology Ward,19.833333333333332,19.875,0.9979166666666667
HHN-MAN-01,2025-12-21,Oncology Ward,19.541666666666668,19.541666666666668,1.0
HHN-MAN-01,2025-12-22,Oncology Ward,19.833333333333332,20.0,0.9916666666666667
HHN-MAN-01,2025-12-23,Oncology Ward,18.041666666666668,19.875,0.9083333333333333
HHN-MAN-01,2025-12-24,Oncology Ward,18.166666666666668,19.625,0.9269736842105263
HHN-MAN-01,2025-12-25,Oncology Ward,17.125,19.833333333333332,0.8642156862745098
HHN-MAN-01,2025-12-26,Oncology Ward,14.708333333333334,19.708333333333332,0.7479811661506708
HHN-MAN-01,2025-12-27,Oncology Ward,17.375,19.958333333333332,0.8705043859649123
HHN-MAN-01,2025-12-28,Oncology Ward,17.75,19.791666666666668,0.8975877192982457
HHN-MAN-01,2025-12-29,Oncology Ward,18.333333333333332,19.666666666666668,0.9333333333333332
HHN-MAN-01,2025-12-30,Oncology Ward,19.875,19.875,1.0
HHN-MAN-01,2025-12-31,Oncology Ward,19.625,19.625,1.0
