hospital_id,datetime,ward,occupied_beds,staffed_beds,occupancy_rate
HHN-BIR-01,2024-01-01,Orthopaedics Ward A,1.375,10.875,0.12613636363636363
HHN-BIR-01,2024-01-02,Orthopaedics Ward A,3.875,10.916666666666666,0.35530303030303023
HHN-BIR-01,2024-01-03,Orthopaedics Ward A,5.875,10.916666666666666,0.5382575757575757
HHN-BIR-01,2024-01-04,Orthopaedics Ward A,10.375,10.958333333333334,0.9469696969696969
HHN-BIR-01,2024-01-05,Orthopaedics Ward A,10.958333333333334,10.958333333333334,1.0
HHN-BIR-01,2024-01-06,Orthopaedics Ward A,10.916666666666666,10.916666666666666,1.0
HHN-BIR-01,2024-01-07,Orthopaedics Ward A,10.958333333333334,10.958333333333334,1.0
HHN-BIR-01,2024-01-08,Orthopaedics Ward A,10.875,10.875,1.0
HHN-BIR-01,2024-01-09,Orthopaedics Ward A,10.875,10.916666666666666,0.9962121212121212
HHN-BIR-01,2024-01-10,Orthopaedics Ward A,10.833333333333334,10.833333333333334,1.0
HHN-BIR-01,2024-01-11,Orthopaedics Ward A,11.0,11.0,1.0
HHN-BIR-01,2024-01-12,Orthopaedics Ward A,10.916666666666666,10.916666666666666,1.0
HHN-BIR-01,2024-01-13,Orthopaedics Ward A,10.875,10.875,1.0
HHN-BIR-01,2024-01-14,Orthopaedics Ward A,10.791666666666666,10.791666666666666,1.0
HHN-BIR-01,2024-01-15,Orthopaedics Ward A,10.875,10.875,1.0
HHN-BIR-01,2024-01-16,Orthopaedics Ward A,10.791666666666666,10.791666666666666,1.0
HHN-BIR-01,2024-01-17,Orthopaedics Ward A,10.916666666666666,10.916666666666666,1.0
HHN-BIR-01,2024-01-18,Orthopaedics Ward A,10.916666666666666,10.916666666666666,1.0
HHN-BIR-01,2024-01-19,Orthopaedics Ward A,10.833333333333334,10.833333333333334,1.0
HHN-BIR-01,2024-01-20,Orthopaedics Ward A,10.916666666666666,10.916666666666666,1.0
HHN-BIR-01,2024-01-21,Orthopaedics Ward A,10.791666666666666,10.791666666666666,1.0
HHN-BIR-01,2024-01-22,Orthopaedics Ward A,10.875,10.875,1.0
HHN-BIR-01,2024-01-23,Orthopaedics Ward A,10.75,10.75,1.0
HHN-BIR-01,2024-01-24,Orthopaedics Ward A,10.958333333333334,10.958333333333334,1.0
HHN-BIR-01,2024-01-25,Orthopaedics Ward A,10.916666666666666,10.916666666666666,1.0
HHN-BIR-01,2024-01-26,Orthopaedics Ward A,10.916666666666666,10.916666666666666,1.0
HHN-BIR-01,2024-01-27,Orthopaedics Ward A,10.375,10.916666666666666,0.9507575757575758
HHN-BIR-01,2024-01-28,Orthopaedics Ward A,9.875,10.958333333333334,0.9011363636363637
HHN-BIR-01,2024-01-29,Orthopaedics Ward A,10.916666666666666,10.916666666666666,1.0
HHN-BIR-01,2024-01-30,Orthopaedics Ward A,10.916666666666666,10.916666666666666,1.0
HHN-BIR-01,2024-01-31,Orthopaedics Ward A,10.875,10.875,1.0
HHN-BIR-01,2024-02-01,Orthopaedics Ward A,10.875,10.875,1.0
HHN-BIR-01,2024-02-02,Orthopaedics Ward A,10.791666666666666,10.791666666666666,1.0
HHN-BIR-01,2024-02-03,Orthopaedics Ward A,10.958333333333334,10.958333333333334,1.0
HHN-BIR-01,2024-02-04,Orthopaedics Ward A,10.833333333333334,10.833333333333334,1.0
HHN-BIR-01,2024-02-05,Orthopaedics Ward A,10.791666666666666,10.791666666666666,1.0
HHN-BIR-01,2024-02-06,Orthopaedics Ward A,10.791666666666666,10.791666666666666,1.0
HHN-BIR-01,2024-02-07,Orthopaedics Ward A,10.791666666666666,10.791666666666666,1.0
HHN-BIR-01,2024-02-08,Orthopaedics Ward A,10.875,10.916666666666666,0.9962121212121212
HHN-BIR-01,2024-02-09,Orthopaedics Ward A,9.791666666666666,10.791666666666666,0.9071969696969697
HHN-BIR-01,2024-02-10,Orthopaedics Ward A,9.958333333333334,10.958333333333334,0.9087121212121213
HHN-BIR-01,2024-02-11,Orthopaedics Ward A,9.958333333333334,10.958333333333334,0.9087121212121213
HHN-BIR-01,2024-02-12,Orthopaedics Ward A,9.708333333333334,11.0,0.8825757575757577
HHN-BIR-01,2024-02-13,Orthopaedics Ward A,9.708333333333334,10.958333333333334,0.8859848484848486
HHN-BIR-01,2024-02-14,Orthopaedics Ward A,9.875,10.916666666666666,0.9045454545454547
HHN-BIR-01,2024-02-15,Orthopaedics Ward A,10.083333333333334,10.916666666666666,0.9238636363636364
HHN-BIR-01,2024-02-16,Orthopaedics Ward A,10.875,10.875,1.0
HHN-BIR-01,2024-02-17,Orthopaedics Ward A,10.75,10.833333333333334,0.9924242424242425
HHN-BIR-01,2024-02-18,Orthopaedics Ward A,9.5,10.958333333333334,0.8674242424242425
HHN-BIR-01,2024-02-19,Orthopaedics Ward A,10.916666666666666,10.916666666666666,1.0
HHN-BIR-01,2024-02-20,Orthopaedics Ward A,10.958333333333334,10.958333333333334,1.0
HHN-BIR-01,2024-02-21,Orthopaedics Ward A,10.916666666666666,10.916666666666666,1.0
HHN-BIR-01,2024-02-22,Orthopaedics Ward A,10.833333333333334,10.833333333333334,1.0
HHN-BIR-01,2024-02-23,Orthopaedics Ward A,10.875,10.875,1.0
HHN-BIR-01,2024-02-24,Orthopaedics Ward A,10.791666666666666,10.875,0.9924242424242425
HHN-BIR-01,2024-02-25,Orthopaedics Ward A,8.583333333333334,10.958333333333334,0.7837121212121212
HHN-BIR-01,2024-02-26,Orthopaedics Ward A,10.5,10.875,0.9659090909090909
HHN-BIR-01,2024-02-27,Orthopaedics Ward A,10.583333333333334,10.75,0.9848484848484849
HHN-BIR-01,2024-02-28,Orthopaedics Ward A,10.875,10.875,1.0
HHN-BIR-01,2024-02-29,Orthopaedics Ward A,11.0,11.0,1.0
HHN-BIR-01,2024-03-01,Orthopaedics Ward A,11.0,11.0,1.0
HHN-BIR-01,2024-03-02,Orthopaedics Ward A,10.75,10.875,0.9886363636363636
HHN-BIR-01,2024-03-03,Orthopaedics Ward A,10.791666666666666,10.791666666666666,1.0
HHN-BIR-01,2024-03-04,Orthopaedics Ward A,10.75,10.958333333333334,0.9810606060606061
HHN-BIR-01,2024-03-05,Orthopaedics Ward A,10.833333333333334,10.833333333333334,1.0
HHN-BIR-01,2024-03-06,Orthopaedics Ward A,10.458333333333334,10.958333333333334,0.9545454545454546
HHN-BIR-01,2024-03-07,Orthopaedics Ward A,11.0,11.0,1.0
HHN-BIR-01,2024-03-08,Orthopaedics Ward A,10.916666666666666,10.916666666666666,1.0
HHN-BIR-01,2024-03-09,Orthopaedics Ward A,10.875,10.875,1.0
HHN-BIR-01,2024-03-10,Orthopaedics Ward A,10.958333333333334,10.958333333333334,1.0
HHN-BIR-01,2024-03-11,Orthopaedics Ward A,10.958333333333334,10.958333333333334,1.0
HHN-BIR-01,2024-03-12,Orthopaedics Ward A,10.958333333333334,10.916666666666666,1.0
HHN-BIR-01,2024-03-13,Orthopaedics Ward A,10.958333333333334,10.958333333333334,1.0
HHN-BIR-01,2024-03-14,Orthopaedics Ward A,11.0,11.0,1.0
HHN-BIR-01,2024-03-15,Orthopaedics Ward A,11.0,11.0,1.0
HHN-BIR-01,2024-03-16,Orthopaedics Ward A,10.833333333333334,10.833333333333334,1.0
HHN-BIR-01,2024-03-17,Orthopaedics Ward A,11.0,11.0,1.0
HHN-BIR-01,2024-03-18,Orthopaedics Ward A,11.0,11.0,1.0
HHN-BIR-01,2024-03-19,Orthopaedics Ward A,10.875,11.0,0.9886363636363636
HHN-BIR-01,2024-03-20,Orthopaedics Ward A,10.791666666666666,10.958333333333334,0.9848484848484849
HHN-BIR-01,2024-03-21,Orthopaedics Ward A,10.958333333333334,10.958333333333334,1.0
HHN-BIR-01,2024-03-22,Orthopaedics Ward A,11.0,11.0,1.0
HHN-BIR-01,2024-03-23,Orthopaedics Ward A,10.916666666666666,10.916666666666666,1.0
HHN-BIR-01,2024-03-24,Orthopaedics Ward A,10.333333333333334,10.708333333333334,0.965530303030303
HHN-BIR-01,2024-03-25,Orthopaedics Ward A,10.208333333333334,10.958333333333334,0.9318181818181818
HHN-BIR-01,2024-03-26,Orthopaedics Ward A,10.958333333333334,10.958333333333334,1.0
HHN-BIR-01,2024-03-27,Orthopaedics Ward A,10.916666666666666,10.916666666666666,1.0
HHN-BIR-01,2024-03-28,Orthopaedics Ward A,10.958333333333334,10.958333333333334,1.0
HHN-BIR-01,2024-03-29,Orthopaedics Ward A,11.0,11.0,1.0
HHN-BIR-01,2024-03-30,Orthopaedics Ward A,10.916666666666666,10.916666666666666,1.0
HHN-BIR-01,2024-03-31,Orthopaedics Ward A,10.958333333333334,10.958333333333334,1.0
HHN-BIR-01,2024-04-01,Orthopaedics Ward A,10.583333333333334,11.0,0.9621212121212123
HHN-BIR-01,2024-04-02,Orthopaedics Ward A,10.333333333333334,10.958333333333334,0.9431818181818182
HHN-BIR-01,2024-04-03,Orthopaedics Ward A,8.583333333333334,11.0,0.7803030303030303
HHN-BIR-01,2024-04-04,Orthopaedics Ward A,9.041666666666666,10.958333333333334,0.8246212121212122
HHN-BIR-01,2024-04-05,Orthopaedics Ward A,9.416666666666666,10.958333333333334,0.859090909090909
HHN-BIR-01,2024-04-06,Orthopaedics Ward A,10.958333333333334,10.958333333333334,1.0
HHN-BIR-01,2024-04-07,Orthopaedics Ward A,10.916666666666666,10.916666666666666,1.0
HHN-BIR-01,2024-04-08,Orthopaedics Ward A,10.875,10.875,1.0
HHN-BIR-01,2024-04-09,Orthopaedics Ward A,10.958333333333334,10.958333333333334,1.0
HHN-BIR-01,2024-04-10,Orthopaedics Ward A,10.916666666666666,10.916666666666666,1.0
HHN-BIR-01,2024-04-11,Orthopaedics Ward A,10.916666666666666,10.916666666666666,1.0
HHN-BIR-01,2024-04-12,Orthopaedics Ward A,10.916666666666666,10.916666666666666,1.0
HHN-BIR-01,2024-04-13,Orthopaedics Ward A,10.875,10.875,1.0
HHN-BIR-01,2024-04-14,Orthopaedics Ward A,10.916666666666666,10.916666666666666,1.0
HHN-BIR-01,2024-04-15,Orthopaedics Ward A,10.875,10.875,1.0
HHN-BIR-01,2024-04-16,Orthopaedics Ward A,10.916666666666666,10.916666666666666,1.0
HHN-BIR-01,2024-04-17,Orthopaedics Ward A,10.916666666666666,10.916666666666666,1.0
HHN-BIR-01,2024-04-18,Orthopaedics Ward A,11.0,11.0,1.0
HHN-BIR-01,2024-04-19,Orthopaedics Ward A,10.708333333333334,10.958333333333334,0.9772727272727272
HHN-BIR-01,2024-04-20,Orthopaedics Ward A,10.958333333333334,10.958333333333334,1.0
HHN-BIR-01,2024-04-21,Orthopaedics Ward A,10.833333333333334,10.833333333333334,1.0
HHN-BIR-01,2024-04-22,Orthopaedics Ward A,10.875,10.875,1.0
HHN-BIR-01,2024-04-23,Orthopaedics Ward A,10.958333333333334,10.958333333333334,1.0
HHN-BIR-01,2024-04-24,Orthopaedics Ward A,10.916666666666666,10.916666666666666,1.0
HHN-BIR-01,2024-04-25,Orthopaedics Ward A,10.958333333333334,10.958333333333334,1.0
HHN-BIR-01,2024-04-26,Orthopaedics Ward A,11.0,11.0,1.0
HHN-BIR-01,2024-04-27,Orthopaedics Ward A,10.916666666666666,10.916666666666666,1.0
HHN-BIR-01,2024-04-28,Orthopaedics Ward A,10.916666666666666,10.916666666666666,1.0
HHN-BIR-01,2024-04-29,Orthopaedics Ward A,10.25,11.0,0.9318181818181818
HHN-BIR-01,2024-04-30,Orthopaedics Ward A,8.375,11.0,0.7613636363636364
HHN-BIR-01,2024-05-01,Orthopaedics Ward A,9.708333333333334,11.0,0.8825757575757577
HHN-BIR-01,2024-05-02,Orthopaedics Ward A,10.958333333333334,10.958333333333334,1.0
HHN-BIR-01,2024-05-03,Orthopaedics Ward A,10.791666666666666,10.958333333333334,0.9848484848484849
HHN-BIR-01,2024-05-04,Orthopaedics Ward A,10.958333333333334,10.958333333333334,1.0
HHN-BIR-01,2024-05-05,Orthopaedics Ward A,10.791666666666666,10.791666666666666,1.0
HHN-BIR-01,2024-05-06,Orthopaedics Ward A,10.958333333333334,10.958333333333334,1.0
HHN-BIR-01,2024-05-07,Orthopaedics Ward A,10.958333333333334,10.958333333333334,1.0
HHN-BIR-01,2024-05-08,Orthopaedics Ward A,11.0,11.0,1.0
HHN-BIR-01,2024-05-09,Orthopaedics Ward A,11.0,11.0,1.0
HHN-BIR-01,2024-05-10,Orthopaedics Ward A,10.916666666666666,10.916666666666666,1.0
HHN-BIR-01,2024-05-11,Orthopaedics Ward A,10.916666666666666,10.916666666666666,1.0
HHN-BIR-01,2024-05-12,Orthopaedics Ward A,10.833333333333334,10.833333333333334,1.0
HHN-BIR-01,2024-05-13,Orthopaedics Ward A,10.875,10.916666666666666,0.9962121212121212
HHN-BIR-01,2024-05-14,Orthopaedics Ward A,11.0,11.0,1.0
HHN-BIR-01,2024-05-15,Orthopaedics Ward A,10.958333333333334,10.958333333333334,1.0
HHN-BIR-01,2024-05-16,Orthopaedics Ward A,10.958333333333334,10.958333333333334,1.0
HHN-BIR-01,2024-05-17,Orthopaedics Ward A,10.916666666666666,10.916666666666666,1.0
HHN-BIR-01,2024-05-18,Orthopaedics Ward A,10.916666666666666,10.916666666666666,1.0
HHN-BIR-01,2024-05-19,Orthopaedics Ward A,11.0,11.0,1.0
HHN-BIR-01,2024-05-20,Orthopaedics Ward A,11.0,11.0,1.0
HHN-BIR-01,2024-05-21,Orthopaedics Ward A,10.916666666666666,10.916666666666666,1.0
HHN-BIR-01,2024-05-22,Orthopaedics Ward A,10.875,10.875,1.0
HHN-BIR-01,2024-05-23,Orthopaedics Ward A,10.875,10.875,1.0
HHN-BIR-01,2024-05-24,Orthopaedics Ward A,11.0,11.0,1.0
HHN-BIR-01,2024-05-25,Orthopaedics Ward A,10.916666666666666,10.916666666666666,1.0
HHN-BIR-01,2024-05-26,Orthopaedics Ward A,10.916666666666666,10.916666666666666,1.0
HHN-BIR-01,2024-05-27,Orthopaedics Ward A,10.958333333333334,10.958333333333334,1.0
HHN-BIR-01,2024-05-28,Orthopaedics Ward A,10.583333333333334,10.916666666666666,0.9696969696969697
HHN-BIR-01,2024-05-29,Orthopaedics Ward A,10.875,10.875,1.0
HHN-BIR-01,2024-05-30,Orthopaedics Ward A,10.916666666666666,10.916666666666666,1.0
HHN-BIR-01,2024-05-31,Orthopaedics Ward A,10.958333333333334,10.958333333333334,1.0
HHN-BIR-01,2024-06-01,Orthopaedics Ward A,10.875,10.875,1.0
HHN-BIR-01,2024-06-02,Orthopaedics Ward A,10.916666666666666,10.916666666666666,1.0
HHN-BIR-01,2024-06-03,Orthopaedics Ward A,10.958333333333334,10.958333333333334,1.0
HHN-BIR-01,2024-06-04,Orthopaedics Ward A,10.958333333333334,10.958333333333334,1.0
HHN-BIR-01,2024-06-05,Orthopaedics Ward A,10.916666666666666,10.916666666666666,1.0
HHN-BIR-01,2024-06-06,Orthopaedics Ward A,10.166666666666666,11.0,0.9242424242424243
HHN-BIR-01,2024-06-07,Orthopaedics Ward A,10.708333333333334,10.916666666666666,0.9810606060606061
HHN-BIR-01,2024-06-08,Orthopaedics Ward A,10.958333333333334,10.958333333333334,1.0
HHN-BIR-01,2024-06-09,Orthopaedics Ward A,10.791666666666666,10.791666666666666,1.0
HHN-BIR-01,2024-06-10,Orthopaedics Ward A,10.916666666666666,10.916666666666666,1.0
HHN-BIR-01,2024-06-11,Orthopaedics Ward A,10.875,10.875,1.0
HHN-BIR-01,2024-06-12,Orthopaedics Ward A,10.958333333333334,10.958333333333334,1.0
HHN-BIR-01,2024-06-13,Orthopaedics Ward A,10.916666666666666,10.916666666666666,1.0
HHN-BIR-01,2024-06-14,Orthopaedics Ward A,10.958333333333334,10.958333333333334,1.0
HHN-BIR-01,2024-06-15,Orthopaedics Ward A,10.916666666666666,10.916666666666666,1.0
HHN-BIR-01,2024-06-16,Orthopaedics Ward A,10.916666666666666,10.916666666666666,1.0
HHN-BIR-01,2024-06-17,Orthopaedics Ward A,10.958333333333334,10.958333333333334,1.0
HHN-BIR-01,2024-06-18,Orthopaedics Ward A,10.958333333333334,10.958333333333334,1.0
HHN-BIR-01,2024-06-19,Orthopaedics Ward A,10.75,10.958333333333334,0.9810606060606061
HHN-BIR-01,2024-06-20,Orthopaedics Ward A,9.875,10.875,0.9087121212121213
HHN-BIR-01,2024-06-21,Orthopaedics Ward A,9.0,10.875,0.828409090909091
HHN-BIR-01,2024-06-22,Orthopaedics Ward A,9.083333333333334,11.0,0.8257575757575758
HHN-BIR-01,2024-06-23,Orthopaedics Ward A,6.583333333333333,10.916666666666666,0.6034090909090909
HHN-BIR-01,2024-06-24,Orthopaedics Ward A,6.666666666666667,11.0,0.6060606060606061
HHN-BIR-01,2024-06-25,Orthopaedics Ward A,7.333333333333333,11.0,0.6666666666666666
HHN-BIR-01,2024-06-26,Orthopaedics Ward A,10.166666666666666,10.958333333333334,0.9272727272727272
HHN-BIR-01,2024-06-27,Orthopaedics Ward A,11.0,11.0,1.0
HHN-BIR-01,2024-06-28,Orthopaedics Ward A,11.0,11.0,1.0
HHN-BIR-01,2024-06-29,Orthopaedics Ward A,10.916666666666666,10.916666666666666,1.0
HHN-BIR-01,2024-06-30,Orthopaedics Ward A,10.916666666666666,10.916666666666666,1.0
HHN-BIR-01,2024-07-01,Orthopaedics Ward A,10.5,10.916666666666666,0.9621212121212123
HHN-BIR-01,2024-07-02,Orthopaedics Ward A,9.208333333333334,10.958333333333334,0.8409090909090909
HHN-BIR-01,2024-07-03,Orthopaedics Ward A,10.625,10.916666666666666,0.9734848484848485
HHN-BIR-01,2024-07-04,Orthopaedics Ward A,10.958333333333334,10.958333333333334,1.0
HHN-BIR-01,2024-07-05,Orthopaedics Ward A,10.916666666666666,11.0,0.9924242424242425
HHN-BIR-01,2024-07-06,Orthopaedics Ward A,9.5,10.958333333333334,0.8670454545454546
HHN-BIR-01,2024-07-07,Orthopaedics Ward A,9.083333333333334,10.916666666666666,0.8325757575757576
HHN-BIR-01,2024-07-08,Orthopaedics Ward A,9.041666666666666,10.958333333333334,0.8253787878787878
HHN-BIR-01,2024-07-09,Orthopaedics Ward A,8.041666666666666,10.958333333333334,0.734090909090909
HHN-BIR-01,2024-07-10,Orthopaedics Ward A,8.791666666666666,10.958333333333334,0.8030303030303031
HHN-BIR-01,2024-07-11,Orthopaedics Ward A,8.875,11.0,0.8068181818181818
HHN-BIR-01,2024-07-12,Orthopaedics Ward A,8.708333333333334,10.958333333333334,0.7950757575757575
HHN-BIR-01,2024-07-13,Orthopaedics Ward A,8.416666666666666,10.958333333333334,0.7681818181818182
HHN-BIR-01,2024-07-14,Orthopaedics Ward A,8.166666666666666,10.916666666666666,0.7492424242424244
HHN-BIR-01,2024-07-15,Orthopaedics Ward A,7.208333333333333,10.958333333333334,0.6579545454545455
HHN-BIR-01,2024-07-16,Orthopaedics Ward A,9.083333333333334,11.0,0.8257575757575758
HHN-BIR-01,2024-07-17,Orthopaedics Ward A,10.833333333333334,11.0,0.9848484848484849
HHN-BIR-01,2024-07-18,Orthopaedics Ward A,10.208333333333334,10.958333333333334,0.9318181818181818
HHN-BIR-01,2024-07-19,Orthopaedics Ward A,8.125,11.0,0.7386363636363636
HHN-BIR-01,2024-07-20,Orthopaedics Ward A,7.875,11.0,0.7159090909090909
HHN-BIR-01,2024-07-21,Orthopaedics Ward A,6.666666666666667,10.916666666666666,0.6109848484848485
HHN-BIR-01,2024-07-22,Orthopaedics Ward A,10.041666666666666,10.958333333333334,0.915909090909091
HHN-BIR-01,2024-07-23,Orthopaedics Ward A,9.875,10.958333333333334,0.9015151515151515
HHN-BIR-01,2024-07-24,Orthopaedics Ward A,10.083333333333334,11.0,0.9166666666666666
HHN-BIR-01,2024-07-25,Orthopaedics Ward A,10.416666666666666,11.0,0.9469696969696969
HHN-BIR-01,2024-07-26,Orthopaedics Ward A,10.125,11.0,0.9204545454545454
HHN-BIR-01,2024-07-27,Orthopaedics Ward A,10.916666666666666,10.916666666666666,1.0
HHN-BIR-01,2024-07-28,Orthopaedics Ward A,10.833333333333334,10.916666666666666,0.9924242424242425
HHN-BIR-01,2024-07-29,Orthopaedics Ward A,9.958333333333334,10.916666666666666,0.9125000000000001
HHN-BIR-01,2024-07-30,Orthopaedics Ward A,10.041666666666666,10.916666666666666,0.9204545454545455
HHN-BIR-01,2024-07-31,Orthopaedics Ward A,9.083333333333334,10.916666666666666,0.8329545454545455
HHN-BIR-01,2024-08-01,Orthopaedics Ward A,9.875,10.958333333333334,0.9015151515151515
HHN-BIR-01,2024-08-02,Orthopaedics Ward A,9.458333333333334,11.0,0.8598484848484849
HHN-BIR-01,2024-08-03,Orthopaedics Ward A,9.791666666666666,10.958333333333334,0.893560606060606
HHN-BIR-01,2024-08-04,Orthopaedics Ward A,7.625,10.958333333333334,0.6962121212121213
HHN-BIR-01,2024-08-05,Orthopaedics Ward A,7.166666666666667,11.0,0.6515151515151515
HHN-BIR-01,2024-08-06,Orthopaedics Ward A,8.0,10.958333333333334,0.7303030303030303
HHN-BIR-01,2024-08-07,Orthopaedics Ward A,8.125,11.0,0.7386363636363636
HHN-BIR-01,2024-08-08,Orthopaedics Ward A,10.333333333333334,11.0,0.9393939393939394
HHN-BIR-01,2024-08-09,Orthopaedics Ward A,10.958333333333334,10.958333333333334,1.0
HHN-BIR-01,2024-08-10,Orthopaedics Ward A,10.375,10.958333333333334,0.9469696969696969
HHN-BIR-01,2024-08-11,Orthopaedics Ward A,10.583333333333334,10.916666666666666,0.9696969696969697
HHN-BIR-01,2024-08-12,Orthopaedics Ward A,11.0,11.0,1.0
HHN-BIR-01,2024-08-13,Orthopaedics Ward A,10.25,10.875,0.9431818181818182
HHN-BIR-01,2024-08-14,Orthopaedics Ward A,8.208333333333334,10.958333333333334,0.7492424242424244
HHN-BIR-01,2024-08-15,Orthopaedics Ward A,8.541666666666666,10.958333333333334,0.7795454545454547
HHN-BIR-01,2024-08-16,Orthopaedics Ward A,5.708333333333333,10.916666666666666,0.5231060606060606
HHN-BIR-01,2024-08-17,Orthopaedics Ward A,4.666666666666667,10.958333333333334,0.4257575757575757
HHN-BIR-01,2024-08-18,Orthopaedics Ward A,6.166666666666667,10.916666666666666,0.5651515151515151
HHN-BIR-01,2024-08-19,Orthopaedics Ward A,6.708333333333333,10.833333333333334,0.6200757575757575
HHN-BIR-01,2024-08-20,Orthopaedics Ward A,7.708333333333333,10.958333333333334,0.7037878787878787
HHN-BIR-01,2024-08-21,Orthopaedics Ward A,6.0,11.0,0.5454545454545454
HHN-BIR-01,2024-08-22,Orthopaedics Ward A,5.75,10.916666666666666,0.5268939393939394
HHN-BIR-01,2024-08-23,Orthopaedics Ward A,6.833333333333333,10.958333333333334,0.6238636363636364
HHN-BIR-01,2024-08-24,Orthopaedics Ward A,5.708333333333333,10.875,0.5257575757575758
HHN-BIR-01,2024-08-25,Orthopaedics Ward A,5.041666666666667,10.916666666666666,0.4624999999999999
HHN-BIR-01,2024-08-26,Orthopaedics Ward A,4.5,10.875,0.4136363636363636
HHN-BIR-01,2024-08-27,Orthopaedics Ward A,8.083333333333334,10.916666666666666,0.7416666666666667
HHN-BIR-01,2024-08-28,Orthopaedics Ward A,9.166666666666666,10.958333333333334,0.8367424242424243
HHN-BIR-01,2024-08-29,Orthopaedics Ward A,8.0,10.958333333333334,0.7303030303030303
HHN-BIR-01,2024-08-30,Orthopaedics Ward A,6.791666666666667,11.0,0.6174242424242424
HHN-BIR-01,2024-08-31,Orthopaedics Ward A,8.0,10.958333333333334,0.7303030303030303
HHN-BIR-01,2024-09-01,Orthopaedics Ward A,7.083333333333333,10.875,0.6526515151515152
HHN-BIR-01,2024-09-02,Orthopaedics Ward A,8.833333333333334,11.0,0.8030303030303031
HHN-BIR-01,2024-09-03,Orthopaedics Ward A,10.708333333333334,10.916666666666666,0.9810606060606061
HHN-BIR-01,2024-09-04,Orthopaedics Ward A,10.916666666666666,10.916666666666666,1.0
HHN-BIR-01,2024-09-05,Orthopaedics Ward A,10.958333333333334,10.958333333333334,1.0
HHN-BIR-01,2024-09-06,Orthopaedics Ward A,10.958333333333334,10.958333333333334,1.0
HHN-BIR-01,2024-09-07,Orthopaedics Ward A,10.875,10.916666666666666,0.9962121212121212
HHN-BIR-01,2024-09-08,Orthopaedics Ward A,10.708333333333334,10.916666666666666,0.9810606060606061
HHN-BIR-01,2024-09-09,Orthopaedics Ward A,9.5,10.958333333333334,0.8674242424242425
HHN-BIR-01,2024-09-10,Orthopaedics Ward A,9.25,10.875,0.8515151515151516
HHN-BIR-01,2024-09-11,Orthopaedics Ward A,9.708333333333334,10.958333333333334,0.8859848484848486
HHN-BIR-01,2024-09-12,Orthopaedics Ward A,10.75,10.916666666666666,0.9848484848484849
HHN-BIR-01,2024-09-13,Orthopaedics Ward A,10.958333333333334,10.958333333333334,1.0
HHN-BIR-01,2024-09-14,Orthopaedics Ward A,11.0,11.0,1.0
HHN-BIR-01,2024-09-15,Orthopaedics Ward A,10.833333333333334,10.833333333333334,1.0
HHN-BIR-01,2024-09-16,Orthopaedics Ward A,11.0,11.0,1.0
HHN-BIR-01,2024-09-17,Orthopaedics Ward A,9.75,10.916666666666666,0.893939393939394
HHN-BIR-01,2024-09-18,Orthopaedics Ward A,8.083333333333334,10.958333333333334,0.7378787878787879
HHN-BIR-01,2024-09-19,Orthopaedics Ward A,9.833333333333334,11.0,0.893939393939394
HHN-BIR-01,2024-09-20,Orthopaedics Ward A,10.708333333333334,10.958333333333334,0.9772727272727272
HHN-BIR-01,2024-09-21,Orthopaedics Ward A,10.958333333333334,10.958333333333334,1.0
HHN-BIR-01,2024-09-22,Orthopaedics Ward A,10.916666666666666,10.916666666666666,1.0
HHN-BIR-01,2024-09-23,Orthopaedics Ward A,10.041666666666666,11.0,0.912878787878788
HHN-BIR-01,2024-09-24,Orthopaedics Ward A,8.75,11.0,0.7954545454545455
HHN-BIR-01,2024-09-25,Orthopaedics Ward A,9.916666666666666,10.958333333333334,0.9049242424242424
HHN-BIR-01,2024-09-26,Orthopaedics Ward A,10.375,11.0,0.9431818181818182
HHN-BIR-01,2024-09-27,Orthopaedics Ward A,8.791666666666666,10.916666666666666,0.8068181818181818
HHN-BIR-01,2024-09-28,Orthopaedics Ward A,9.416666666666666,11.0,0.8560606060606061
HHN-BIR-01,2024-09-29,Orthopaedics Ward A,10.708333333333334,10.958333333333334,0.9772727272727272
HHN-BIR-01,2024-09-30,Orthopaedics Ward A,10.958333333333334,10.958333333333334,1.0
HHN-BIR-01,2024-10-01,Orthopaedics Ward A,9.625,11.0,0.875
HHN-BIR-01,2024-10-02,Orthopaedics Ward A,8.291666666666666,11.0,0.7537878787878788
HHN-BIR-01,2024-10-03,Orthopaedics Ward A,6.375,10.875,0.5867424242424243
HHN-BIR-01,2024-10-04,Orthopaedics Ward A,6.833333333333333,10.958333333333334,0.6231060606060607
HHN-BIR-01,2024-10-05,Orthopaedics Ward A,8.708333333333334,11.0,0.7916666666666666
HHN-BIR-01,2024-10-06,Orthopaedics Ward A,10.583333333333334,10.958333333333334,0.9659090909090909
HHN-BIR-01,2024-10-07,Orthopaedics Ward A,11.0,11.0,1.0
HHN-BIR-01,2024-10-08,Orthopaedics Ward A,10.958333333333334,10.958333333333334,1.0
HHN-BIR-01,2024-10-09,Orthopaedics Ward A,9.916666666666666,10.916666666666666,0.9087121212121212
HHN-BIR-01,2024-10-10,Orthopaedics Ward A,11.0,11.0,1.0
HHN-BIR-01,2024-10-11,Orthopaedics Ward A,11.0,11.0,1.0
HHN-BIR-01,2024-10-12,Orthopaedics Ward A,10.916666666666666,10.916666666666666,1.0
HHN-BIR-01,2024-10-13,Orthopaedics Ward A,10.583333333333334,10.75,0.9848484848484849
HHN-BIR-01,2024-10-14,Orthopaedics Ward A,10.208333333333334,10.958333333333334,0.931818181818182
HHN-BIR-01,2024-10-15,Orthopaedics Ward A,10.666666666666666,11.0,0.9696969696969697
HHN-BIR-01,2024-10-16,Orthopaedics Ward A,10.208333333333334,10.916666666666666,0.9352272727272727
HHN-BIR-01,2024-10-17,Orthopaedics Ward A,8.625,10.958333333333334,0.7875000000000001
HHN-BIR-01,2024-10-18,Orthopaedics Ward A,6.791666666666667,11.0,0.6174242424242424
HHN-BIR-01,2024-10-19,Orthopaedics Ward A,6.041666666666667,11.0,0.5492424242424242
HHN-BIR-01,2024-10-20,Orthopaedics Ward A,7.75,10.875,0.7132575757575758
HHN-BIR-01,2024-10-21,Orthopaedics Ward A,10.375,11.0,0.9431818181818182
HHN-BIR-01,2024-10-22,Orthopaedics Ward A,10.958333333333334,10.958333333333334,1.0
HHN-BIR-01,2024-10-23,Orthopaedics Ward A,10.916666666666666,10.916666666666666,1.0
HHN-BIR-01,2024-10-24,Orthopaedics Ward A,10.875,10.875,1.0
HHN-BIR-01,2024-10-25,Orthopaedics Ward A,11.0,11.0,1.0
HHN-BIR-01,2024-10-26,Orthopaedics Ward A,10.916666666666666,10.916666666666666,1.0
HHN-BIR-01,2024-10-27,Orthopaedics Ward A,10.916666666666666,10.916666666666666,1.0
HHN-BIR-01,2024-10-28,Orthopaedics Ward A,10.916666666666666,10.916666666666666,1.0
HHN-BIR-01,2024-10-29,Orthopaedics Ward A,11.0,11.0,1.0
HHN-BIR-01,2024-10-30,Orthopaedics Ward A,10.958333333333334,10.958333333333334,1.0
HHN-BIR-01,2024-10-31,Orthopaedics Ward A,10.875,10.875,1.0
HHN-BIR-01,2024-11-01,Orthopaedics Ward A,10.875,10.875,1.0
HHN-BIR-01,2024-11-02,Orthopaedics Ward A,11.0,11.0,1.0
HHN-BIR-01,2024-11-03,Orthopaedics Ward A,10.208333333333334,10.916666666666666,0.9356060606060607
HHN-BIR-01,2024-11-04,Orthopaedics Ward A,11.0,11.0,1.0
HHN-BIR-01,2024-11-05,Orthopaedics Ward A,10.916666666666666,10.916666666666666,1.0
HHN-BIR-01,2024-11-06,Orthopaedics Ward A,11.0,11.0,1.0
HHN-BIR-01,2024-11-07,Orthopaedics Ward A,10.958333333333334,10.958333333333334,1.0
HHN-BIR-01,2024-11-08,Orthopaedics Ward A,11.0,11.0,1.0
HHN-BIR-01,2024-11-09,Orthopaedics Ward A,10.875,10.875,1.0
HHN-BIR-01,2024-11-10,Orthopaedics Ward A,10.625,10.875,0.9772727272727272
HHN-BIR-01,2024-11-11,Orthopaedics Ward A,10.916666666666666,10.916666666666666,1.0
HHN-BIR-01,2024-11-12,Orthopaedics Ward A,10.958333333333334,10.958333333333334,1.0
HHN-BIR-01,2024-11-13,Orthopaedics Ward A,11.0,11.0,1.0
HHN-BIR-01,2024-11-14,Orthopaedics Ward A,11.0,11.0,1.0
HHN-BIR-01,2024-11-15,Orthopaedics Ward A,10.958333333333334,10.958333333333334,1.0
HHN-BIR-01,2024-11-16,Orthopaedics Ward A,10.875,10.875,1.0
HHN-BIR-01,2024-11-17,Orthopaedics Ward A,10.791666666666666,11.0,0.9810606060606061
HHN-BIR-01,2024-11-18,Orthopaedics Ward A,10.958333333333334,10.958333333333334,1.0
HHN-BIR-01,2024-11-19,Orthopaedics Ward A,11.0,11.0,1.0
HHN-BIR-01,2024-11-20,Orthopaedics Ward A,10.916666666666666,10.916666666666666,1.0
HHN-BIR-01,2024-11-21,Orthopaedics Ward A,9.875,10.958333333333334,0.9015151515151515
HHN-BIR-01,2024-11-22,Orthopaedics Ward A,9.416666666666666,11.0,0.8560606060606061
HHN-BIR-01,2024-11-23,Orthopaedics Ward A,8.166666666666666,10.833333333333334,0.7537878787878788
HHN-BIR-01,2024-11-24,Orthopaedics Ward A,6.208333333333333,10.875,0.5712121212121212
HHN-BIR-01,2024-11-25,Orthopaedics Ward A,6.875,11.0,0.625
HHN-BIR-01,2024-11-26,Orthopaedics Ward A,7.208333333333333,11.0,0.6553030303030303
HHN-BIR-01,2024-11-27,Orthopaedics Ward A,7.666666666666667,11.0,0.6969696969696969
HHN-BIR-01,2024-11-28,Orthopaedics Ward A,8.208333333333334,10.916666666666666,0.7526515151515151
HHN-BIR-01,2024-11-29,Orthopaedics Ward A,11.0,11.0,1.0
HHN-BIR-01,2024-11-30,Orthopaedics Ward A,10.541666666666666,10.875,0.9696969696969697
HHN-BIR-01,2024-12-01,Orthopaedics Ward A,10.75,10.75,1.0
HHN-BIR-01,2024-12-02,Orthopaedics Ward A,11.0,11.0,1.0
HHN-BIR-01,2024-12-03,Orthopaedics Ward A,10.916666666666666,10.916666666666666,1.0
HHN-BIR-01,2024-12-04,Orthopaedics Ward A,10.083333333333334,10.958333333333334,0.9204545454545455
HHN-BIR-01,2024-12-05,Orthopaedics Ward A,10.625,10.833333333333334,0.9810606060606061
HHN-BIR-01,2024-12-06,Orthopaedics Ward A,10.958333333333334,10.958333333333334,1.0
HHN-BIR-01,2024-12-07,Orthopaedics Ward A,10.333333333333334,10.875,0.9507575757575758
HHN-BIR-01,2024-12-08,Orthopaedics Ward A,10.875,10.875,1.0
HHN-BIR-01,2024-12-09,Orthopaedics Ward A,10.833333333333334,10.833333333333334,1.0
HHN-BIR-01,2024-12-10,Orthopaedics Ward A,11.0,11.0,1.0
HHN-BIR-01,2024-12-11,Orthopaedics Ward A,10.833333333333334,10.875,0.9962121212121212
HHN-BIR-01,2024-12-12,Orthopaedics Ward A,10.916666666666666,10.916666666666666,1.0
HHN-BIR-01,2024-12-13,Orthopaedics Ward A,10.958333333333334,10.958333333333334,1.0
HHN-BIR-01,2024-12-14,Orthopaedics Ward A,10.875,10.875,1.0
HHN-BIR-01,2024-12-15,Orthopaedics Ward A,10.875,10.875,1.0
HHN-BIR-01,2024-12-16,Orthopaedics Ward A,10.875,10.875,1.0
HHN-BIR-01,2024-12-17,Orthopaedics Ward A,10.958333333333334,10.958333333333334,1.0
HHN-BIR-01,2024-12-18,Orthopaedics Ward A,10.833333333333334,10.833333333333334,1.0
HHN-BIR-01,2024-12-19,Orthopaedics Ward A,10.958333333333334,10.958333333333334,1.0
HHN-BIR-01,2024-12-20,Orthopaedics Ward A,10.916666666666666,10.916666666666666,1.0
HHN-BIR-01,2024-12-21,Orthopaedics Ward A,10.916666666666666,10.916666666666666,1.0
HHN-BIR-01,2024-12-22,Orthopaedics Ward A,10.75,10.75,1.0
HHN-BIR-01,2024-12-23,Orthopaedics Ward A,10.958333333333334,10.958333333333334,1.0
HHN-BIR-01,2024-12-24,Orthopaedics Ward A,9.5,11.0,0.8636363636363636
HHN-BIR-01,2024-12-25,Orthopaedics Ward A,7.666666666666667,10.916666666666666,0.7030303030303031
HHN-BIR-01,2024-12-26,Orthopaedics Ward A,8.75,10.916666666666666,0.8022727272727272
HHN-BIR-01,2024-12-27,Orthopaedics Ward A,9.916666666666666,10.916666666666666,0.9090909090909092
HHN-BIR-01,2024-12-28,Orthopaedics Ward A,10.625,10.916666666666666,0.9734848484848485
HHN-BIR-01,2024-12-29,Orthopaedics Ward A,9.125,10.875,0.8401515151515152
HHN-BIR-01,2024-12-30,Orthopaedics Ward A,9.291666666666666,10.916666666666666,0.8511363636363637
HHN-BIR-01,2024-12-31,Orthopaedics Ward A,10.958333333333334,10.958333333333334,1.0
HHN-BIR-01,2025-01-01,Orthopaedics Ward A,10.875,10.875,1.0
HHN-BIR-01,2025-01-02,Orthopaedics Ward A,10.875,10.875,1.0
HHN-BIR-01,2025-01-03,Orthopaedics Ward A,10.375,10.958333333333334,0.9469696969696969
HHN-BIR-01,2025-01-04,Orthopaedics Ward A,10.833333333333334,10.916666666666666,0.9924242424242425
HHN-BIR-01,2025-01-05,Orthopaedics Ward A,10.5,11.0,0.9545454545454546
HHN-BIR-01,2025-01-06,Orthopaedics Ward A,10.916666666666666,10.916666666666666,1.0
HHN-BIR-01,2025-01-07,Orthopaedics Ward A,10.916666666666666,10.916666666666666,1.0
HHN-BIR-01,2025-01-08,Orthopaedics Ward A,10.833333333333334,10.833333333333334,1.0
HHN-BIR-01,2025-01-09,Orthopaedics Ward A,11.0,11.0,1.0
HHN-BIR-01,2025-01-10,Orthopaedics Ward A,10.875,10.875,1.0
HHN-BIR-01,2025-01-11,Orthopaedics Ward A,10.833333333333334,10.833333333333334,1.0
HHN-BIR-01,2025-01-12,Orthopaedics Ward A,10.791666666666666,10.791666666666666,1.0
HHN-BIR-01,2025-01-13,Orthopaedics Ward A,10.833333333333334,10.833333333333334,1.0
HHN-BIR-01,2025-01-14,Orthopaedics Ward A,10.833333333333334,10.833333333333334,1.0
HHN-BIR-01,2025-01-15,Orthopaedics Ward A,10.833333333333334,10.833333333333334,1.0
HHN-BIR-01,2025-01-16,Orthopaedics Ward A,10.833333333333334,10.833333333333334,1.0
HHN-BIR-01,2025-01-17,Orthopaedics Ward A,10.916666666666666,10.916666666666666,1.0
HHN-BIR-01,2025-01-18,Orthopaedics Ward A,10.916666666666666,10.875,1.0
HHN-BIR-01,2025-01-19,Orthopaedics Ward A,10.916666666666666,10.916666666666666,1.0
HHN-BIR-01,2025-01-20,Orthopaedics Ward A,10.958333333333334,10.958333333333334,1.0
HHN-BIR-01,2025-01-21,Orthopaedics Ward A,10.958333333333334,10.958333333333334,1.0
HHN-BIR-01,2025-01-22,Orthopaedics Ward A,10.875,10.875,1.0
HHN-BIR-01,2025-01-23,Orthopaedics Ward A,10.916666666666666,10.916666666666666,1.0
HHN-BIR-01,2025-01-24,Orthopaedics Ward A,10.0,10.833333333333334,0.9234848484848485
HHN-BIR-01,2025-01-25,Orthopaedics Ward A,10.208333333333334,10.875,0.9393939393939394
HHN-BIR-01,2025-01-26,Orthopaedics Ward A,10.458333333333334,11.0,0.9507575757575758
HHN-BIR-01,2025-01-27,Orthopaedics Ward A,10.875,10.875,1.0
HHN-BIR-01,2025-01-28,Orthopaedics Ward A,11.0,11.0,1.0
HHN-BIR-01,2025-01-29,Orthopaedics Ward A,10.916666666666666,10.916666666666666,1.0
HHN-BIR-01,2025-01-30,Orthopaedics Ward A,10.875,10.875,1.0
HHN-BIR-01,2025-01-31,Orthopaedics Ward A,10.833333333333334,10.833333333333334,1.0
HHN-BIR-01,2025-02-01,Orthopaedics Ward A,10.958333333333334,10.958333333333334,1.0
HHN-BIR-01,2025-02-02,Orthopaedics Ward A,10.916666666666666,10.916666666666666,1.0
HHN-BIR-01,2025-02-03,Orthopaedics Ward A,10.916666666666666,10.916666666666666,1.0
HHN-BIR-01,2025-02-04,Orthopaedics Ward A,10.916666666666666,10.916666666666666,1.0
HHN-BIR-01,2025-02-05,Orthopaedics Ward A,10.916666666666666,10.916666666666666,1.0
HHN-BIR-01,2025-02-06,Orthopaedics Ward A,10.875,10.875,1.0
HHN-BIR-01,2025-02-07,Orthopaedics Ward A,10.833333333333334,10.833333333333334,1.0
HHN-BIR-01,2025-02-08,Orthopaedics Ward A,10.916666666666666,10.916666666666666,1.0
HHN-BIR-01,2025-02-09,Orthopaedics Ward A,10.875,10.875,1.0
HHN-BIR-01,2025-02-10,Orthopaedics Ward A,10.916666666666666,10.916666666666666,1.0
HHN-BIR-01,2025-02-11,Orthopaedics Ward A,10.916666666666666,10.916666666666666,1.0
HHN-BIR-01,2025-02-12,Orthopaedics Ward A,10.75,10.75,1.0
HHN-BIR-01,2025-02-13,Orthopaedics Ward A,11.0,11.0,1.0
HHN-BIR-01,2025-02-14,Orthopaedics Ward A,10.958333333333334,10.958333333333334,1.0
HHN-BIR-01,2025-02-15,Orthopaedics Ward A,10.916666666666666,10.916666666666666,1.0
HHN-BIR-01,2025-02-16,Orthopaedics Ward A,10.875,10.875,1.0
HHN-BIR-01,2025-02-17,Orthopaedics Ward A,10.791666666666666,10.791666666666666,1.0
HHN-BIR-01,2025-02-18,Orthopaedics Ward A,10.916666666666666,10.916666666666666,1.0
HHN-BIR-01,2025-02-19,Orthopaedics Ward A,10.958333333333334,10.958333333333334,1.0
HHN-BIR-01,2025-02-20,Orthopaedics Ward A,10.916666666666666,10.916666666666666,1.0
HHN-BIR-01,2025-02-21,Orthopaedics Ward A,10.791666666666666,10.791666666666666,1.0
HHN-BIR-01,2025-02-22,Orthopaedics Ward A,10.958333333333334,10.958333333333334,1.0
HHN-BIR-01,2025-02-23,Orthopaedics Ward A,10.916666666666666,10.916666666666666,1.0
HHN-BIR-01,2025-02-24,Orthopaedics Ward A,10.875,10.875,1.0
HHN-BIR-01,2025-02-25,Orthopaedics Ward A,10.958333333333334,10.958333333333334,1.0
HHN-BIR-01,2025-02-26,Orthopaedics Ward A,10.916666666666666,10.916666666666666,1.0
HHN-BIR-01,2025-02-27,Orthopaedics Ward A,10.958333333333334,10.958333333333334,1.0
HHN-BIR-01,2025-02-28,Orthopaedics Ward A,11.0,11.0,1.0
HHN-BIR-01,2025-03-01,Orthopaedics Ward A,10.916666666666666,10.916666666666666,1.0
HHN-BIR-01,2025-03-02,Orthopaedics Ward A,10.958333333333334,10.958333333333334,1.0
HHN-BIR-01,2025-03-03,Orthopaedics Ward A,10.916666666666666,10.916666666666666,1.0
HHN-BIR-01,2025-03-04,Orthopaedics Ward A,10.916666666666666,10.916666666666666,1.0
HHN-BIR-01,2025-03-05,Orthopaedics Ward A,10.958333333333334,11.0,0.9962121212121212
HHN-BIR-01,2025-03-06,Orthopaedics Ward A,10.958333333333334,10.958333333333334,1.0
HHN-BIR-01,2025-03-07,Orthopaedics Ward A,9.791666666666666,10.958333333333334,0.8931818181818182
HHN-BIR-01,2025-03-08,Orthopaedics Ward A,8.333333333333334,10.958333333333334,0.7606060606060606
HHN-BIR-01,2025-03-09,Orthopaedics Ward A,6.333333333333333,10.875,0.5837121212121211
HHN-BIR-01,2025-03-10,Orthopaedics Ward A,8.25,10.958333333333334,0.753030303030303
HHN-BIR-01,2025-03-11,Orthopaedics Ward A,9.666666666666666,10.958333333333334,0.8825757575757577
HHN-BIR-01,2025-03-12,Orthopaedics Ward A,10.041666666666666,10.916666666666666,0.9204545454545455
HHN-BIR-01,2025-03-13,Orthopaedics Ward A,9.583333333333334,10.958333333333334,0.8746212121212121
HHN-BIR-01,2025-03-14,Orthopaedics Ward A,10.958333333333334,10.958333333333334,1.0
HHN-BIR-01,2025-03-15,Orthopaedics Ward A,10.875,10.958333333333334,0.9924242424242423
HHN-BIR-01,2025-03-16,Orthopaedics Ward A,7.416666666666667,10.875,0.6825757575757576
HHN-BIR-01,2025-03-17,Orthopaedics Ward A,8.166666666666666,10.958333333333334,0.7450757575757576
HHN-BIR-01,2025-03-18,Orthopaedics Ward A,10.25,10.875,0.9428030303030304
HHN-BIR-01,2025-03-19,Orthopaedics Ward A,10.958333333333334,10.958333333333334,1.0
HHN-BIR-01,2025-03-20,Orthopaedics Ward A,10.916666666666666,10.916666666666666,1.0
HHN-BIR-01,2025-03-21,Orthopaedics Ward A,10.958333333333334,10.958333333333334,1.0
HHN-BIR-01,2025-03-22,Orthopaedics Ward A,10.875,10.875,1.0
HHN-BIR-01,2025-03-23,Orthopaedics Ward A,10.791666666666666,10.791666666666666,1.0
HHN-BIR-01,2025-03-24,Orthopaedics Ward A,10.666666666666666,11.0,0.9696969696969697
HHN-BIR-01,2025-03-25,Orthopaedics Ward A,10.916666666666666,10.916666666666666,1.0
HHN-BIR-01,2025-03-26,Orthopaedics Ward A,10.916666666666666,10.916666666666666,1.0
HHN-BIR-01,2025-03-27,Orthopaedics Ward A,11.0,11.0,1.0
HHN-BIR-01,2025-03-28,Orthopaedics Ward A,10.958333333333334,10.958333333333334,1.0
HHN-BIR-01,2025-03-29,Orthopaedics Ward A,10.916666666666666,10.916666666666666,1.0
HHN-BIR-01,2025-03-30,Orthopaedics Ward A,10.833333333333334,10.875,0.9962121212121212
HHN-BIR-01,2025-03-31,Orthopaedics Ward A,10.833333333333334,10.958333333333334,0.9886363636363636
HHN-BIR-01,2025-04-01,Orthopaedics Ward A,11.0,11.0,1.0
HHN-BIR-01,2025-04-02,Orthopaedics Ward A,11.0,11.0,1.0
HHN-BIR-01,2025-04-03,Orthopaedics Ward A,11.0,11.0,1.0
HHN-BIR-01,2025-04-04,Orthopaedics Ward A,10.916666666666666,10.958333333333334,0.9962121212121212
HHN-BIR-01,2025-04-05,Orthopaedics Ward A,10.875,10.875,1.0
HHN-BIR-01,2025-04-06,Orthopaedics Ward A,10.833333333333334,10.833333333333334,1.0
HHN-BIR-01,2025-04-07,Orthopaedics Ward A,10.791666666666666,10.958333333333334,0.9848484848484849
HHN-BIR-01,2025-04-08,Orthopaedics Ward A,8.916666666666666,10.916666666666666,0.8166666666666668
HHN-BIR-01,2025-04-09,Orthopaedics Ward A,9.0,11.0,0.8181818181818182
HHN-BIR-01,2025-04-10,Orthopaedics Ward A,8.958333333333334,10.958333333333334,0.8174242424242425
HHN-BIR-01,2025-04-11,Orthopaedics Ward A,8.5,10.875,0.7818181818181819
HHN-BIR-01,2025-04-12,Orthopaedics Ward A,10.0,10.833333333333334,0.921969696969697
HHN-BIR-01,2025-04-13,Orthopaedics Ward A,9.875,10.916666666666666,0.9049242424242424
HHN-BIR-01,2025-04-14,Orthopaedics Ward A,10.666666666666666,11.0,0.9696969696969697
HHN-BIR-01,2025-04-15,Orthopaedics Ward A,8.5,11.0,0.7727272727272728
HHN-BIR-01,2025-04-16,Orthopaedics Ward A,8.916666666666666,11.0,0.8106060606060607
HHN-BIR-01,2025-04-17,Orthopaedics Ward A,9.708333333333334,10.875,0.8931818181818182
HHN-BIR-01,2025-04-18,Orthopaedics Ward A,10.875,11.0,0.9886363636363636
HHN-BIR-01,2025-04-19,Orthopaedics Ward A,7.875,10.958333333333334,0.7196969696969697
HHN-BIR-01,2025-04-20,Orthopaedics Ward A,6.5,10.916666666666666,0.5958333333333333
HHN-BIR-01,2025-04-21,Orthopaedics Ward A,5.875,10.958333333333334,0.5363636363636363
HHN-BIR-01,2025-04-22,Orthopaedics Ward A,4.666666666666667,10.958333333333334,0.4261363636363636
HHN-BIR-01,2025-04-23,Orthopaedics Ward A,4.166666666666667,10.916666666666666,0.38219696969696965
HHN-BIR-01,2025-04-24,Orthopaedics Ward A,5.375,10.875,0.4943181818181818
HHN-BIR-01,2025-04-25,Orthopaedics Ward A,6.708333333333333,10.916666666666666,0.615530303030303
HHN-BIR-01,2025-04-26,Orthopaedics Ward A,7.375,10.875,0.6780303030303031
HHN-BIR-01,2025-04-27,Orthopaedics Ward A,7.791666666666667,10.958333333333334,0.7117424242424243
HHN-BIR-01,2025-04-28,Orthopaedics Ward A,10.916666666666666,10.916666666666666,1.0
HHN-BIR-01,2025-04-29,Orthopaedics Ward A,10.958333333333334,10.958333333333334,1.0
HHN-BIR-01,2025-04-30,Orthopaedics Ward A,10.958333333333334,10.958333333333334,1.0
HHN-BIR-01,2025-05-01,Orthopaedics Ward A,11.0,11.0,1.0
HHN-BIR-01,2025-05-02,Orthopaedics Ward A,10.916666666666666,10.916666666666666,1.0
HHN-BIR-01,2025-05-03,Orthopaedics Ward A,10.958333333333334,10.958333333333334,1.0
HHN-BIR-01,2025-05-04,Orthopaedics Ward A,10.875,10.875,1.0
HHN-BIR-01,2025-05-05,Orthopaedics Ward A,11.0,11.0,1.0
HHN-BIR-01,2025-05-06,Orthopaedics Ward A,10.958333333333334,10.958333333333334,1.0
HHN-BIR-01,2025-05-07,Orthopaedics Ward A,10.958333333333334,10.958333333333334,1.0
HHN-BIR-01,2025-05-08,Orthopaedics Ward A,11.0,11.0,1.0
HHN-BIR-01,2025-05-09,Orthopaedics Ward A,10.166666666666666,11.0,0.9242424242424243
HHN-BIR-01,2025-05-10,Orthopaedics Ward A,10.5,10.916666666666666,0.9621212121212123
HHN-BIR-01,2025-05-11,Orthopaedics Ward A,10.958333333333334,10.958333333333334,1.0
HHN-BIR-01,2025-05-12,Orthopaedics Ward A,10.75,10.916666666666666,0.9848484848484849
HHN-BIR-01,2025-05-13,Orthopaedics Ward A,11.0,11.0,1.0
HHN-BIR-01,2025-05-14,Orthopaedics Ward A,10.916666666666666,10.916666666666666,1.0
HHN-BIR-01,2025-05-15,Orthopaedics Ward A,10.125,11.0,0.9204545454545454
HHN-BIR-01,2025-05-16,Orthopaedics Ward A,7.958333333333333,11.0,0.7234848484848485
HHN-BIR-01,2025-05-17,Orthopaedics Ward A,6.083333333333333,10.958333333333334,0.5553030303030303
HHN-BIR-01,2025-05-18,Orthopaedics Ward A,7.541666666666667,10.916666666666666,0.6916666666666668
HHN-BIR-01,2025-05-19,Orthopaedics Ward A,9.083333333333334,11.0,0.8257575757575758
HHN-BIR-01,2025-05-20,Orthopaedics Ward A,10.958333333333334,10.958333333333334,1.0
HHN-BIR-01,2025-05-21,Orthopaedics Ward A,10.708333333333334,11.0,0.9734848484848485
HHN-BIR-01,2025-05-22,Orthopaedics Ward A,9.541666666666666,10.958333333333334,0.8704545454545455
HHN-BIR-01,2025-05-23,Orthopaedics Ward A,10.958333333333334,10.958333333333334,1.0
HHN-BIR-01,2025-05-24,Orthopaedics Ward A,11.0,11.0,1.0
HHN-BIR-01,2025-05-25,Orthopaedics Ward A,10.541666666666666,10.958333333333334,0.9621212121212123
HHN-BIR-01,2025-05-26,Orthopaedics Ward A,9.75,10.958333333333334,0.8901515151515152
HHN-BIR-01,2025-05-27,Orthopaedics Ward A,10.875,10.875,1.0
HHN-BIR-01,2025-05-28,Orthopaedics Ward A,10.875,10.875,1.0
HHN-BIR-01,2025-05-29,Orthopaedics Ward A,10.958333333333334,10.958333333333334,1.0
HHN-BIR-01,2025-05-30,Orthopaedics Ward A,10.916666666666666,10.916666666666666,1.0
HHN-BIR-01,2025-05-31,Orthopaedics Ward A,10.625,10.916666666666666,0.9734848484848485
HHN-BIR-01,2025-06-01,Orthopaedics Ward A,8.208333333333334,10.833333333333334,0.7583333333333333
HHN-BIR-01,2025-06-02,Orthopaedics Ward A,7.166666666666667,10.958333333333334,0.6537878787878788
HHN-BIR-01,2025-06-03,Orthopaedics Ward A,9.166666666666666,10.958333333333334,0.8359848484848484
HHN-BIR-01,2025-06-04,Orthopaedics Ward A,10.916666666666666,10.916666666666666,1.0
HHN-BIR-01,2025-06-05,Orthopaedics Ward A,10.875,10.916666666666666,0.9962121212121212
HHN-BIR-01,2025-06-06,Orthopaedics Ward A,10.958333333333334,10.958333333333334,1.0
HHN-BIR-01,2025-06-07,Orthopaedics Ward A,9.416666666666666,10.916666666666666,0.8636363636363636
HHN-BIR-01,2025-06-08,Orthopaedics Ward A,6.958333333333333,11.0,0.6325757575757576
HHN-BIR-01,2025-06-09,Orthopaedics Ward A,6.5,10.958333333333334,0.593560606060606
HHN-BIR-01,2025-06-10,Orthopaedics Ward A,6.625,10.958333333333334,0.6049242424242424
HHN-BIR-01,2025-06-11,Orthopaedics Ward A,7.625,10.958333333333334,0.6954545454545454
HHN-BIR-01,2025-06-12,Orthopaedics Ward A,10.208333333333334,10.916666666666666,0.9356060606060607
HHN-BIR-01,2025-06-13,Orthopaedics Ward A,10.958333333333334,10.958333333333334,1.0
HHN-BIR-01,2025-06-14,Orthopaedics Ward A,10.708333333333334,10.833333333333334,0.9886363636363636
HHN-BIR-01,2025-06-15,Orthopaedics Ward A,11.0,11.0,1.0
HHN-BIR-01,2025-06-16,Orthopaedics Ward A,11.0,11.0,1.0
HHN-BIR-01,2025-06-17,Orthopaedics Ward A,11.0,11.0,1.0
HHN-BIR-01,2025-06-18,Orthopaedics Ward A,11.0,11.0,1.0
HHN-BIR-01,2025-06-19,Orthopaedics Ward A,10.958333333333334,10.958333333333334,1.0
HHN-BIR-01,2025-06-20,Orthopaedics Ward A,10.916666666666666,10.916666666666666,1.0
HHN-BIR-01,2025-06-21,Orthopaedics Ward A,10.916666666666666,10.916666666666666,1.0
HHN-BIR-01,2025-06-22,Orthopaedics Ward A,10.958333333333334,10.958333333333334,1.0
HHN-BIR-01,2025-06-23,Orthopaedics Ward A,10.916666666666666,10.916666666666666,1.0
HHN-BIR-01,2025-06-24,Orthopaedics Ward A,9.166666666666666,10.958333333333334,0.837121212121212
HHN-BIR-01,2025-06-25,Orthopaedics Ward A,10.375,11.0,0.9431818181818182
HHN-BIR-01,2025-06-26,Orthopaedics Ward A,10.666666666666666,10.958333333333334,0.9731060606060606
HHN-BIR-01,2025-06-27,Orthopaedics Ward A,9.708333333333334,10.958333333333334,0.8863636363636364
HHN-BIR-01,2025-06-28,Orthopaedics Ward A,10.916666666666666,10.916666666666666,1.0
HHN-BIR-01,2025-06-29,Orthopaedics Ward A,10.25,10.875,0.9431818181818182
HHN-BIR-01,2025-06-30,Orthopaedics Ward A,10.916666666666666,10.916666666666666,1.0
HHN-BIR-01,2025-07-01,Orthopaedics Ward A,10.875,10.958333333333334,0.9924242424242425
HHN-BIR-01,2025-07-02,Orthopaedics Ward A,11.0,11.0,1.0
HHN-BIR-01,2025-07-03,Orthopaedics Ward A,9.458333333333334,11.0,0.8598484848484849
HHN-BIR-01,2025-07-04,Orthopaedics Ward A,8.833333333333334,10.916666666666666,0.8098484848484849
HHN-BIR-01,2025-07-05,Orthopaedics Ward A,6.208333333333333,11.0,0.5643939393939393
HHN-BIR-01,2025-07-06,Orthopaedics Ward A,6.0,10.791666666666666,0.5568181818181818
HHN-BIR-01,2025-07-07,Orthopaedics Ward A,9.291666666666666,10.875,0.8545454545454546
HHN-BIR-01,2025-07-08,Orthopaedics Ward A,8.666666666666666,11.0,0.787878787878788
HHN-BIR-01,2025-07-09,Orthopaedics Ward A,8.666666666666666,10.958333333333334,0.790909090909091
HHN-BIR-01,2025-07-10,Orthopaedics Ward A,9.875,10.875,0.9075757575757576
HHN-BIR-01,2025-07-11,Orthopaedics Ward A,10.958333333333334,10.958333333333334,1.0
HHN-BIR-01,2025-07-12,Orthopaedics Ward A,10.791666666666666,10.791666666666666,1.0
HHN-BIR-01,2025-07-13,Orthopaedics Ward A,7.833333333333333,10.916666666666666,0.7178030303030303
HHN-BIR-01,2025-07-14,Orthopaedics Ward A,7.875,10.958333333333334,0.7189393939393939
HHN-BIR-01,2025-07-15,Orthopaedics Ward A,7.583333333333333,10.958333333333334,0.6920454545454545
HHN-BIR-01,2025-07-16,Orthopaedics Ward A,8.958333333333334,10.875,0.8246212121212122
HHN-BIR-01,2025-07-17,Orthopaedics Ward A,9.25,10.916666666666666,0.8481060606060606
HHN-BIR-01,2025-07-18,Orthopaedics Ward A,8.875,10.958333333333334,0.8102272727272727
HHN-BIR-01,2025-07-19,Orthopaedics Ward A,6.791666666666667,11.0,0.6174242424242424
HHN-BIR-01,2025-07-20,Orthopaedics Ward A,9.25,10.916666666666666,0.8484848484848486
HHN-BIR-01,2025-07-21,Orthopaedics Ward A,10.875,10.958333333333334,0.9924242424242425
HHN-BIR-01,2025-07-22,Orthopaedics Ward A,11.0,11.0,1.0
HHN-BIR-01,2025-07-23,Orthopaedics Ward A,10.958333333333334,10.958333333333334,1.0
HHN-BIR-01,2025-07-24,Orthopaedics Ward A,10.958333333333334,10.958333333333334,1.0
HHN-BIR-01,2025-07-25,Orthopaedics Ward A,11.0,11.0,1.0
HHN-BIR-01,2025-07-26,Orthopaedics Ward A,10.916666666666666,10.916666666666666,1.0
HHN-BIR-01,2025-07-27,Orthopaedics Ward A,11.0,11.0,1.0
HHN-BIR-01,2025-07-28,Orthopaedics Ward A,11.0,11.0,1.0
HHN-BIR-01,2025-07-29,Orthopaedics Ward A,11.0,11.0,1.0
HHN-BIR-01,2025-07-30,Orthopaedics Ward A,10.916666666666666,10.916666666666666,1.0
HHN-BIR-01,2025-07-31,Orthopaedics Ward A,10.958333333333334,10.958333333333334,1.0
HHN-BIR-01,2025-08-01,Orthopaedics Ward A,10.958333333333334,10.958333333333334,1.0
HHN-BIR-01,2025-08-02,Orthopaedics Ward A,11.0,11.0,1.0
HHN-BIR-01,2025-08-03,Orthopaedics Ward A,10.875,10.875,1.0
HHN-BIR-01,2025-08-04,Orthopaedics Ward A,10.125,10.958333333333334,0.9242424242424243
HHN-BIR-01,2025-08-05,Orthopaedics Ward A,10.0,10.958333333333334,0.912878787878788
HHN-BIR-01,2025-08-06,Orthopaedics Ward A,8.875,10.958333333333334,0.8106060606060607
HHN-BIR-01,2025-08-07,Orthopaedics Ward A,8.5,10.875,0.7818181818181819
HHN-BIR-01,2025-08-08,Orthopaedics Ward A,6.916666666666667,10.916666666666666,0.6340909090909091
HHN-BIR-01,2025-08-09,Orthopaedics Ward A,9.708333333333334,11.0,0.8825757575757577
HHN-BIR-01,2025-08-10,Orthopaedics Ward A,10.916666666666666,10.916666666666666,1.0
HHN-BIR-01,2025-08-11,Orthopaedics Ward A,11.0,11.0,1.0
HHN-BIR-01,2025-08-12,Orthopaedics Ward A,10.958333333333334,10.958333333333334,1.0
HHN-BIR-01,2025-08-13,Orthopaedics Ward A,10.875,10.875,1.0
HHN-BIR-01,2025-08-14,Orthopaedics Ward A,11.0,11.0,1.0
HHN-BIR-01,2025-08-15,Orthopaedics Ward A,10.083333333333334,11.0,0.9166666666666666
HHN-BIR-01,2025-08-16,Orthopaedics Ward A,7.833333333333333,10.916666666666666,0.7178030303030303
HHN-BIR-01,2025-08-17,Orthopaedics Ward A,7.791666666666667,10.875,0.7162878787878788
HHN-BIR-01,2025-08-18,Orthopaedics Ward A,8.958333333333334,10.916666666666666,0.8215909090909091
HHN-BIR-01,2025-08-19,Orthopaedics Ward A,8.0,10.958333333333334,0.7306818181818181
HHN-BIR-01,2025-08-20,Orthopaedics Ward A,9.166666666666666,11.0,0.8333333333333334
HHN-BIR-01,2025-08-21,Orthopaedics Ward A,9.125,11.0,0.8295454545454546
HHN-BIR-01,2025-08-22,Orthopaedics Ward A,10.916666666666666,10.916666666666666,1.0
HHN-BIR-01,2025-08-23,Orthopaedics Ward A,10.791666666666666,10.916666666666666,0.9886363636363636
HHN-BIR-01,2025-08-24,Orthopaedics Ward A,10.458333333333334,10.833333333333334,0.9659090909090909
HHN-BIR-01,2025-08-25,Orthopaedics Ward A,10.041666666666666,10.916666666666666,0.9204545454545455
HHN-BIR-01,2025-08-26,Orthopaedics Ward A,10.625,10.958333333333334,0.9696969696969697
HHN-BIR-01,2025-08-27,Orthopaedics Ward A,10.875,10.916666666666666,0.9962121212121212
HHN-BIR-01,2025-08-28,Orthopaedics Ward A,10.416666666666666,10.958333333333334,0.9507575757575758
HHN-BIR-01,2025-08-29,Orthopaedics Ward A,10.791666666666666,10.875,0.9924242424242425
HHN-BIR-01,2025-08-30,Orthopaedics Ward A,11.0,11.0,1.0
HHN-BIR-01,2025-08-31,Orthopaedics Ward A,11.0,11.0,1.0
HHN-BIR-01,2025-09-01,Orthopaedics Ward A,10.958333333333334,10.958333333333334,1.0
HHN-BIR-01,2025-09-02,Orthopaedics Ward A,10.958333333333334,10.958333333333334,1.0
HHN-BIR-01,2025-09-03,Orthopaedics Ward A,10.958333333333334,10.958333333333334,1.0
HHN-BIR-01,2025-09-04,Orthopaedics Ward A,10.958333333333334,10.958333333333334,1.0
HHN-BIR-01,2025-09-05,Orthopaedics Ward A,10.916666666666666,10.916666666666666,1.0
HHN-BIR-01,2025-09-06,Orthopaedics Ward A,11.0,11.0,1.0
HHN-BIR-01,2025-09-07,Orthopaedics Ward A,10.875,10.875,1.0
HHN-BIR-01,2025-09-08,Orthopaedics Ward A,10.166666666666666,11.0,0.9242424242424243
HHN-BIR-01,2025-09-09,Orthopaedics Ward A,9.75,10.958333333333334,0.8901515151515152
HHN-BIR-01,2025-09-10,Orthopaedics Ward A,8.791666666666666,10.958333333333334,0.8022727272727272
HHN-BIR-01,2025-09-11,Orthopaedics Ward A,8.791666666666666,10.958333333333334,0.8026515151515152
HHN-BIR-01,2025-09-12,Orthopaedics Ward A,10.458333333333334,10.958333333333334,0.9545454545454546
HHN-BIR-01,2025-09-13,Orthopaedics Ward A,10.875,10.875,1.0
HHN-BIR-01,2025-09-14,Orthopaedics Ward A,10.875,10.875,1.0
HHN-BIR-01,2025-09-15,Orthopaedics Ward A,10.166666666666666,11.0,0.9242424242424243
HHN-BIR-01,2025-09-16,Orthopaedics Ward A,10.5,10.958333333333334,0.9583333333333334
HHN-BIR-01,2025-09-17,Orthopaedics Ward A,10.958333333333334,10.958333333333334,1.0
HHN-BIR-01,2025-09-18,Orthopaedics Ward A,10.916666666666666,10.916666666666666,1.0
HHN-BIR-01,2025-09-19,Orthopaedics Ward A,11.0,11.0,1.0
HHN-BIR-01,2025-09-20,Orthopaedics Ward A,10.916666666666666,10.916666666666666,1.0
HHN-BIR-01,2025-09-21,Orthopaedics Ward A,10.75,10.958333333333334,0.9810606060606061
HHN-BIR-01,2025-09-22,Orthopaedics Ward A,9.75,10.916666666666666,0.893939393939394
HHN-BIR-01,2025-09-23,Orthopaedics Ward A,8.583333333333334,10.958333333333334,0.7837121212121212
HHN-BIR-01,2025-09-24,Orthopaedics Ward A,9.958333333333334,10.958333333333334,0.9090909090909092
HHN-BIR-01,2025-09-25,Orthopaedics Ward A,10.916666666666666,10.916666666666666,1.0
HHN-BIR-01,2025-09-26,Orthopaedics Ward A,10.875,10.875,1.0
HHN-BIR-01,2025-09-27,Orthopaedics Ward A,10.958333333333334,10.958333333333334,1.0
HHN-BIR-01,2025-09-28,Orthopaedics Ward A,10.958333333333334,10.958333333333334,1.0
HHN-BIR-01,2025-09-29,Orthopaedics Ward A,10.958333333333334,10.958333333333334,1.0
HHN-BIR-01,2025-09-30,Orthopaedics Ward A,10.958333333333334,10.958333333333334,1.0
HHN-BIR-01,2025-10-01,Orthopaedics Ward A,11.0,11.0,1.0
HHN-BIR-01,2025-10-02,Orthopaedics Ward A,10.958333333333334,10.958333333333334,1.0
HHN-BIR-01,2025-10-03,Orthopaedics Ward A,10.958333333333334,10.958333333333334,1.0
HHN-BIR-01,2025-10-04,Orthopaedics Ward A,10.625,10.916666666666666,0.9734848484848485
HHN-BIR-01,2025-10-05,Orthopaedics Ward A,10.208333333333334,10.708333333333334,0.9537878787878787
HHN-BIR-01,2025-10-06,Orthopaedics Ward A,10.958333333333334,10.958333333333334,1.0
HHN-BIR-01,2025-10-07,Orthopaedics Ward A,10.958333333333334,10.958333333333334,1.0
HHN-BIR-01,2025-10-08,Orthopaedics Ward A,10.916666666666666,10.916666666666666,1.0
HHN-BIR-01,2025-10-09,Orthopaedics Ward A,10.875,10.875,1.0
HHN-BIR-01,2025-10-10,Orthopaedics Ward A,11.0,11.0,1.0
HHN-BIR-01,2025-10-11,Orthopaedics Ward A,10.958333333333334,10.958333333333334,1.0
HHN-BIR-01,2025-10-12,Orthopaedics Ward A,10.916666666666666,10.916666666666666,1.0
HHN-BIR-01,2025-10-13,Orthopaedics Ward A,11.0,11.0,1.0
HHN-BIR-01,2025-10-14,Orthopaedics Ward A,11.0,11.0,1.0
HHN-BIR-01,2025-10-15,Orthopaedics Ward A,10.958333333333334,10.958333333333334,1.0
HHN-BIR-01,2025-10-16,Orthopaedics Ward A,10.916666666666666,10.916666666666666,1.0
HHN-BIR-01,2025-10-17,Orthopaedics Ward A,10.958333333333334,10.958333333333334,1.0
HHN-BIR-01,2025-10-18,Orthopaedics Ward A,10.833333333333334,10.833333333333334,1.0
HHN-BIR-01,2025-10-19,Orthopaedics Ward A,10.916666666666666,10.916666666666666,1.0
HHN-BIR-01,2025-10-20,Orthopaedics Ward A,10.916666666666666,10.916666666666666,1.0
HHN-BIR-01,2025-10-21,Orthopaedics Ward A,10.958333333333334,10.958333333333334,1.0
HHN-BIR-01,2025-10-22,Orthopaedics Ward A,10.958333333333334,10.958333333333334,1.0
HHN-BIR-01,2025-10-23,Orthopaedics Ward A,10.958333333333334,10.958333333333334,1.0
HHN-BIR-01,2025-10-24,Orthopaedics Ward A,10.916666666666666,10.916666666666666,1.0
HHN-BIR-01,2025-10-25,Orthopaedics Ward A,11.0,11.0,1.0
HHN-BIR-01,2025-10-26,Orthopaedics Ward A,10.875,10.875,1.0
HHN-BIR-01,2025-10-27,Orthopaedics Ward A,10.916666666666666,10.916666666666666,1.0
HHN-BIR-01,2025-10-28,Orthopaedics Ward A,11.0,11.0,1.0
HHN-BIR-01,2025-10-29,Orthopaedics Ward A,10.958333333333334,10.958333333333334,1.0
HHN-BIR-01,2025-10-30,Orthopaedics Ward A,10.875,10.875,1.0
HHN-BIR-01,2025-10-31,Orthopaedics Ward A,9.625,10.958333333333334,0.8784090909090909
HHN-BIR-01,2025-11-01,Orthopaedics Ward A,7.875,10.958333333333334,0.7193181818181819
HHN-BIR-01,2025-11-02,Orthopaedics Ward A,4.291666666666667,10.916666666666666,0.39318181818181813
HHN-BIR-01,2025-11-03,Orthopaedics Ward A,3.2083333333333335,11.0,0.29166666666666663
HHN-BIR-01,2025-11-04,Orthopaedics Ward A,5.208333333333333,11.0,0.4734848484848484
HHN-BIR-01,2025-11-05,Orthopaedics Ward A,7.208333333333333,11.0,0.6553030303030303
HHN-BIR-01,2025-11-06,Orthopaedics Ward A,6.0,10.875,0.5515151515151515
HHN-BIR-01,2025-11-07,Orthopaedics Ward A,7.875,10.958333333333334,0.7193181818181819
HHN-BIR-01,2025-11-08,Orthopaedics Ward A,10.041666666666666,10.958333333333334,0.9162878787878789
HHN-BIR-01,2025-11-09,Orthopaedics Ward A,10.916666666666666,10.958333333333334,0.9962121212121212
HHN-BIR-01,2025-11-10,Orthopaedics Ward A,10.958333333333334,10.958333333333334,1.0
HHN-BIR-01,2025-11-11,Orthopaedics Ward A,10.875,10.875,1.0
HHN-BIR-01,2025-11-12,Orthopaedics Ward A,10.916666666666666,10.916666666666666,1.0
HHN-BIR-01,2025-11-13,Orthopaedics Ward A,10.916666666666666,10.916666666666666,1.0
HHN-BIR-01,2025-11-14,Orthopaedics Ward A,11.0,11.0,1.0
HHN-BIR-01,2025-11-15,Orthopaedics Ward A,10.875,10.875,1.0
HHN-BIR-01,2025-11-16,Orthopaedics Ward A,11.0,11.0,1.0
HHN-BIR-01,2025-11-17,Orthopaedics Ward A,10.958333333333334,10.958333333333334,1.0
HHN-BIR-01,2025-11-18,Orthopaedics Ward A,10.916666666666666,10.916666666666666,1.0
HHN-BIR-01,2025-11-19,Orthopaedics Ward A,10.958333333333334,10.958333333333334,1.0
HHN-BIR-01,2025-11-20,Orthopaedics Ward A,10.958333333333334,10.958333333333334,1.0
HHN-BIR-01,2025-11-21,Orthopaedics Ward A,10.791666666666666,10.958333333333334,0.9848484848484849
HHN-BIR-01,2025-11-22,Orthopaedics Ward A,10.916666666666666,10.916666666666666,1.0
HHN-BIR-01,2025-11-23,Orthopaedics Ward A,10.875,10.875,1.0
HHN-BIR-01,2025-11-24,Orthopaedics Ward A,10.875,10.875,1.0
HHN-BIR-01,2025-11-25,Orthopaedics Ward A,11.0,11.0,1.0
HHN-BIR-01,2025-11-26,Orthopaedics Ward A,11.0,11.0,1.0
HHN-BIR-01,2025-11-27,Orthopaedics Ward A,10.916666666666666,10.916666666666666,1.0
HHN-BIR-01,2025-11-28,Orthopaedics Ward A,10.958333333333334,10.958333333333334,1.0
HHN-BIR-01,2025-11-29,Orthopaedics Ward A,10.75,11.0,0.9772727272727272
HHN-BIR-01,2025-11-30,Orthopaedics Ward A,10.5,10.833333333333334,0.9696969696969697
HHN-BIR-01,2025-12-01,Orthopaedics Ward A,10.958333333333334,10.958333333333334,1.0
HHN-BIR-01,2025-12-02,Orthopaedics Ward A,10.791666666666666,10.791666666666666,1.0
HHN-BIR-01,2025-12-03,Orthopaedics Ward A,10.875,10.875,1.0
HHN-BIR-01,2025-12-04,Orthopaedics Ward A,11.0,11.0,1.0
HHN-BIR-01,2025-12-05,Orthopaedics Ward A,10.875,10.875,1.0
HHN-BIR-01,2025-12-06,Orthopaedics Ward A,10.875,10.875,1.0
HHN-BIR-01,2025-12-07,Orthopaedics Ward A,10.875,10.875,1.0
HHN-BIR-01,2025-12-08,Orthopaedics Ward A,10.916666666666666,10.916666666666666,1.0
HHN-BIR-01,2025-12-09,Orthopaedics Ward A,10.916666666666666,10.916666666666666,1.0
HHN-BIR-01,2025-12-10,Orthopaedics Ward A,10.916666666666666,10.916666666666666,1.0
HHN-BIR-01,2025-12-11,Orthopaedics Ward A,11.0,11.0,1.0
HHN-BIR-01,2025-12-12,Orthopaedics Ward A,10.833333333333334,10.833333333333334,1.0
HHN-BIR-01,2025-12-13,Orthopaedics Ward A,10.916666666666666,10.916666666666666,1.0
HHN-BIR-01,2025-12-14,Orthopaedics Ward A,10.958333333333334,10.958333333333334,1.0
HHN-BIR-01,2025-12-15,Orthopaedics Ward A,10.875,10.875,1.0
HHN-BIR-01,2025-12-16,Orthopaedics Ward A,10.875,10.875,1.0
HHN-BIR-01,2025-12-17,Orthopaedics Ward A,10.875,10.875,1.0
HHN-BIR-01,2025-12-18,Orthopaedics Ward A,10.875,10.875,1.0
HHN-BIR-01,2025-12-19,Orthopaedics Ward A,10.916666666666666,10.916666666666666,1.0
HHN-BIR-01,2025-12-20,Orthopaedics Ward A,10.708333333333334,10.708333333333334,1.0
HHN-BIR-01,2025-12-21,Orthopaedics Ward A,10.916666666666666,10.916666666666666,1.0
HHN-BIR-01,2025-12-22,Orthopaedics Ward A,10.791666666666666,10.791666666666666,1.0
HHN-BIR-01,2025-12-23,Orthopaedics Ward A,10.916666666666666,10.916666666666666,1.0
HHN-BIR-01,2025-12-24,Orthopaedics Ward A,11.0,11.0,1.0
HHN-BIR-01,2025-12-25,Orthopaedics Ward A,10.958333333333334,10.958333333333334,1.0
HHN-BIR-01,2025-12-26,Orthopaedics Ward A,10.875,10.875,1.0
HHN-BIR-01,2025-12-27,Orthopaedics Ward A,10.958333333333334,10.958333333333334,1.0
HHN-BIR-01,2025-12-28,Orthopaedics Ward A,10.958333333333334,10.958333333333334,1.0
HHN-BIR-01,2025-12-29,Orthopaedics Ward A,10.958333333333334,10.958333333333334,1.0
HHN-BIR-01,2025-12-30,Orthopaedics Ward A,10.75,10.75,1.0
HHN-BIR-01,2025-12-31,Orthopaedics Ward A,10.958333333333334,10.958333333333334,1.0
HHN-EDI-01,2024-01-01,Orthopaedics Ward A,0.125,9.916666666666666,0.012500000000000002
HHN-EDI-01,2024-01-02,Orthopaedics Ward A,3.0,9.875,0.30324074074074076
HHN-EDI-01,2024-01-03,Orthopaedics Ward A,5.833333333333333,10.0,0.5833333333333334
HHN-EDI-01,2024-01-04,Orthopaedics Ward A,7.291666666666667,9.958333333333334,0.7328703703703704
HHN-EDI-01,2024-01-05,Orthopaedics Ward A,7.875,9.958333333333334,0.7912037037037037
HHN-EDI-01,2024-01-06,Orthopaedics Ward A,6.416666666666667,9.833333333333334,0.6532407407407407
HHN-EDI-01,2024-01-07,Orthopaedics Ward A,7.875,9.916666666666666,0.7944444444444444
HHN-EDI-01,2024-01-08,Orthopaedics Ward A,9.583333333333334,9.958333333333334,0.9625
HHN-EDI-01,2024-01-09,Orthopaedics Ward A,9.875,9.875,1.0
HHN-EDI-01,2024-01-10,Orthopaedics Ward A,9.916666666666666,9.916666666666666,1.0
HHN-EDI-01,2024-01-11,Orthopaedics Ward A,9.833333333333334,9.958333333333334,0.9874999999999999
HHN-EDI-01,2024-01-12,Orthopaedics Ward A,7.25,9.916666666666666,0.7324074074074073
HHN-EDI-01,2024-01-13,Orthopaedics Ward A,7.291666666666667,9.833333333333334,0.7430555555555555
HHN-EDI-01,2024-01-14,Orthopaedics Ward A,5.541666666666667,9.708333333333334,0.5708333333333333
HHN-EDI-01,2024-01-15,Orthopaedics Ward A,5.166666666666667,9.958333333333334,0.5189814814814815
HHN-EDI-01,2024-01-16,Orthopaedics Ward A,8.916666666666666,9.875,0.9041666666666667
HHN-EDI-01,2024-01-17,Orthopaedics Ward A,9.625,9.875,0.975
HHN-EDI-01,2024-01-18,Orthopaedics Ward A,9.875,9.875,1.0
HHN-EDI-01,2024-01-19,Orthopaedics Ward A,9.833333333333334,9.875,0.9958333333333332
HHN-EDI-01,2024-01-20,Orthopaedics Ward A,9.958333333333334,9.958333333333334,1.0
HHN-EDI-01,2024-01-21,Orthopaedics Ward A,9.458333333333334,9.708333333333334,0.975
HHN-EDI-01,2024-01-22,Orthopaedics Ward A,9.375,9.791666666666666,0.9574074074074074
HHN-EDI-01,2024-01-23,Orthopaedics Ward A,9.875,9.916666666666666,0.9958333333333332
HHN-EDI-01,2024-01-24,Orthopaedics Ward A,9.916666666666666,9.916666666666666,1.0
HHN-EDI-01,2024-01-25,Orthopaedics Ward A,9.916666666666666,9.916666666666666,1.0
HHN-EDI-01,2024-01-26,Orthopaedics Ward A,9.958333333333334,9.958333333333334,1.0
HHN-EDI-01,2024-01-27,Orthopaedics Ward A,9.833333333333334,9.833333333333334,1.0
HHN-EDI-01,2024-01-28,Orthopaedics Ward A,9.875,9.875,1.0
HHN-EDI-01,2024-01-29,Orthopaedics Ward A,9.875,9.875,1.0
HHN-EDI-01,2024-01-30,Orthopaedics Ward A,9.958333333333334,9.958333333333334,1.0
HHN-EDI-01,2024-01-31,Orthopaedics Ward A,9.958333333333334,9.958333333333334,1.0
HHN-EDI-01,2024-02-01,Orthopaedics Ward A,9.875,9.875,1.0
HHN-EDI-01,2024-02-02,Orthopaedics Ward A,9.958333333333334,9.958333333333334,1.0
HHN-EDI-01,2024-02-03,Orthopaedics Ward A,9.958333333333334,9.958333333333334,1.0
HHN-EDI-01,2024-02-04,Orthopaedics Ward A,8.958333333333334,9.875,0.9074074074074074
HHN-EDI-01,2024-02-05,Orthopaedics Ward A,8.541666666666666,9.916666666666666,0.861574074074074
HHN-EDI-01,2024-02-06,Orthopaedics Ward A,9.083333333333334,9.916666666666666,0.9157407407407407
HHN-EDI-01,2024-02-07,Orthopaedics Ward A,9.958333333333334,9.958333333333334,1.0
HHN-EDI-01,2024-02-08,Orthopaedics Ward A,9.916666666666666,9.916666666666666,1.0
HHN-EDI-01,2024-02-09,Orthopaedics Ward A,9.958333333333334,9.958333333333334,1.0
HHN-EDI-01,2024-02-10,Orthopaedics Ward A,9.958333333333334,9.958333333333334,1.0
HHN-EDI-01,2024-02-11,Orthopaedics Ward A,9.916666666666666,9.958333333333334,0.9958333333333332
HHN-EDI-01,2024-02-12,Orthopaedics Ward A,9.875,9.875,1.0
HHN-EDI-01,2024-02-13,Orthopaedics Ward A,9.875,9.875,1.0
HHN-EDI-01,2024-02-14,Orthopaedics Ward A,9.875,9.875,1.0
HHN-EDI-01,2024-02-15,Orthopaedics Ward A,10.0,10.0,1.0
HHN-EDI-01,2024-02-16,Orthopaedics Ward A,9.833333333333334,9.833333333333334,1.0
HHN-EDI-01,2024-02-17,Orthopaedics Ward A,9.875,9.875,1.0
HHN-EDI-01,2024-02-18,Orthopaedics Ward A,9.833333333333334,9.833333333333334,1.0
HHN-EDI-01,2024-02-19,Orthopaedics Ward A,9.958333333333334,9.958333333333334,1.0
HHN-EDI-01,2024-02-20,Orthopaedics Ward A,9.958333333333334,9.958333333333334,1.0
HHN-EDI-01,2024-02-21,Orthopaedics Ward A,9.666666666666666,9.875,0.9787037037037036
HHN-EDI-01,2024-02-22,Orthopaedics Ward A,9.958333333333334,9.958333333333334,1.0
HHN-EDI-01,2024-02-23,Orthopaedics Ward A,9.791666666666666,9.791666666666666,1.0
HHN-EDI-01,2024-02-24,Orthopaedics Ward A,9.916666666666666,9.916666666666666,1.0
HHN-EDI-01,2024-02-25,Orthopaedics Ward A,9.541666666666666,9.833333333333334,0.9708333333333333
HHN-EDI-01,2024-02-26,Orthopaedics Ward A,8.958333333333334,9.958333333333334,0.9
HHN-EDI-01,2024-02-27,Orthopaedics Ward A,8.583333333333334,9.958333333333334,0.862037037037037
HHN-EDI-01,2024-02-28,Orthopaedics Ward A,9.666666666666666,9.875,0.9791666666666666
HHN-EDI-01,2024-02-29,Orthopaedics Ward A,10.0,10.0,1.0
HHN-EDI-01,2024-03-01,Orthopaedics Ward A,8.75,9.958333333333334,0.8787037037037037
HHN-EDI-01,2024-03-02,Orthopaedics Ward A,8.791666666666666,9.916666666666666,0.887037037037037
HHN-EDI-01,2024-03-03,Orthopaedics Ward A,9.541666666666666,9.958333333333334,0.9583333333333334
HHN-EDI-01,2024-03-04,Orthopaedics Ward A,9.75,10.0,0.975
HHN-EDI-01,2024-03-05,Orthopaedics Ward A,9.958333333333334,9.958333333333334,1.0
HHN-EDI-01,2024-03-06,Orthopaedics Ward A,9.916666666666666,9.916666666666666,1.0
HHN-EDI-01,2024-03-07,Orthopaedics Ward A,9.958333333333334,9.958333333333334,1.0
HHN-EDI-01,2024-03-08,Orthopaedics Ward A,9.833333333333334,9.916666666666666,0.9916666666666667
HHN-EDI-01,2024-03-09,Orthopaedics Ward A,9.958333333333334,10.0,0.9958333333333332
HHN-EDI-01,2024-03-10,Orthopaedics Ward A,9.875,9.875,1.0
HHN-EDI-01,2024-03-11,Orthopaedics Ward A,10.0,10.0,1.0
HHN-EDI-01,2024-03-12,Orthopaedics Ward A,7.0,10.0,0.7000000000000001
HHN-EDI-01,2024-03-13,Orthopaedics Ward A,6.625,9.958333333333334,0.6652777777777777
HHN-EDI-01,2024-03-14,Orthopaedics Ward A,5.958333333333333,10.0,0.5958333333333333
HHN-EDI-01,2024-03-15,Orthopaedics Ward A,5.25,10.0,0.525
HHN-EDI-01,2024-03-16,Orthopaedics Ward A,3.75,9.833333333333334,0.38287037037037036
HHN-EDI-01,2024-03-17,Orthopaedics Ward A,2.7916666666666665,10.0,0.2791666666666667
HHN-EDI-01,2024-03-18,Orthopaedics Ward A,3.7916666666666665,9.958333333333334,0.3819444444444444
HHN-EDI-01,2024-03-19,Orthopaedics Ward A,6.041666666666667,9.916666666666666,0.6092592592592593
HHN-EDI-01,2024-03-20,Orthopaedics Ward A,7.5,9.875,0.7587962962962963
HHN-EDI-01,2024-03-21,Orthopaedics Ward A,8.708333333333334,9.958333333333334,0.875
HHN-EDI-01,2024-03-22,Orthopaedics Ward A,7.833333333333333,9.958333333333334,0.7870370370370371
HHN-EDI-01,2024-03-23,Orthopaedics Ward A,7.583333333333333,9.958333333333334,0.762037037037037
HHN-EDI-01,2024-03-24,Orthopaedics Ward A,7.208333333333333,9.875,0.7310185185185185
HHN-EDI-01,2024-03-25,Orthopaedics Ward A,8.291666666666666,10.0,0.8291666666666666
HHN-EDI-01,2024-03-26,Orthopaedics Ward A,10.0,10.0,1.0
HHN-EDI-01,2024-03-27,Orthopaedics Ward A,9.916666666666666,9.916666666666666,1.0
HHN-EDI-01,2024-03-28,Orthopaedics Ward A,9.958333333333334,9.958333333333334,1.0
HHN-EDI-01,2024-03-29,Orthopaedics Ward A,9.833333333333334,9.916666666666666,0.9916666666666667
HHN-EDI-01,2024-03-30,Orthopaedics Ward A,7.25,10.0,0.725
HHN-EDI-01,2024-03-31,Orthopaedics Ward A,4.625,9.958333333333334,0.46388888888888885
HHN-EDI-01,2024-04-01,Orthopaedics Ward A,7.833333333333333,9.916666666666666,0.7902777777777779
HHN-EDI-01,2024-04-02,Orthopaedics Ward A,9.583333333333334,9.916666666666666,0.9666666666666667
HHN-EDI-01,2024-04-03,Orthopaedics Ward A,9.916666666666666,9.916666666666666,1.0
HHN-EDI-01,2024-04-04,Orthopaedics Ward A,9.958333333333334,9.958333333333334,1.0
HHN-EDI-01,2024-04-05,Orthopaedics Ward A,9.875,9.875,1.0
HHN-EDI-01,2024-04-06,Orthopaedics Ward A,9.916666666666666,9.916666666666666,1.0
HHN-EDI-01,2024-04-07,Orthopaedics Ward A,6.791666666666667,9.916666666666666,0.6847222222222222
HHN-EDI-01,2024-04-08,Orthopaedics Ward A,5.208333333333333,10.0,0.5208333333333334
HHN-EDI-01,2024-04-09,Orthopaedics Ward A,7.708333333333333,9.958333333333334,0.774537037037037
HHN-EDI-01,2024-04-10,Orthopaedics Ward A,8.083333333333334,9.916666666666666,0.8152777777777778
HHN-EDI-01,2024-04-11,Orthopaedics Ward A,9.625,9.916666666666666,0.9708333333333333
HHN-EDI-01,2024-04-12,Orthopaedics Ward A,9.625,9.958333333333334,0.9666666666666667
HHN-EDI-01,2024-04-13,Orthopaedics Ward A,6.583333333333333,9.875,0.6671296296296295
HHN-EDI-01,2024-04-14,Orthopaedics Ward A,8.541666666666666,9.958333333333334,0.8574074074074075
HHN-EDI-01,2024-04-15,Orthopaedics Ward A,10.0,10.0,1.0
HHN-EDI-01,2024-04-16,Orthopaedics Ward A,9.916666666666666,9.916666666666666,1.0
HHN-EDI-01,2024-04-17,Orthopaedics Ward A,10.0,10.0,1.0
HHN-EDI-01,2024-04-18,Orthopaedics Ward A,9.916666666666666,9.916666666666666,1.0
HHN-EDI-01,2024-04-19,Orthopaedics Ward A,9.958333333333334,9.958333333333334,1.0
HHN-EDI-01,2024-04-20,Orthopaedics Ward A,7.541666666666667,9.875,0.7657407407407407
HHN-EDI-01,2024-04-21,Orthopaedics Ward A,7.541666666666667,9.791666666666666,0.7717592592592593
HHN-EDI-01,2024-04-22,Orthopaedics Ward A,9.083333333333334,9.958333333333334,0.9125000000000001
HHN-EDI-01,2024-04-23,Orthopaedics Ward A,8.041666666666666,9.958333333333334,0.8074074074074075
HHN-EDI-01,2024-04-24,Orthopaedics Ward A,7.166666666666667,9.875,0.7259259259259259
HHN-EDI-01,2024-04-25,Orthopaedics Ward A,6.333333333333333,10.0,0.6333333333333333
HHN-EDI-01,2024-04-26,Orthopaedics Ward A,7.041666666666667,9.958333333333334,0.7074074074074074
HHN-EDI-01,2024-04-27,Orthopaedics Ward A,8.666666666666666,9.875,0.8787037037037037
HHN-EDI-01,2024-04-28,Orthopaedics Ward A,9.916666666666666,9.916666666666666,1.0
HHN-EDI-01,2024-04-29,Orthopaedics Ward A,9.541666666666666,10.0,0.9541666666666666
HHN-EDI-01,2024-04-30,Orthopaedics Ward A,9.958333333333334,9.958333333333334,1.0
HHN-EDI-01,2024-05-01,Orthopaedics Ward A,9.916666666666666,9.916666666666666,1.0
HHN-EDI-01,2024-05-02,Orthopaedics Ward A,9.958333333333334,9.958333333333334,1.0
HHN-EDI-01,2024-05-03,Orthopaedics Ward A,9.958333333333334,9.958333333333334,1.0
HHN-EDI-01,2024-05-04,Orthopaedics Ward A,9.875,9.875,1.0
HHN-EDI-01,2024-05-05,Orthopaedics Ward A,9.916666666666666,9.916666666666666,1.0
HHN-EDI-01,2024-05-06,Orthopaedics Ward A,10.0,10.0,1.0
HHN-EDI-01,2024-05-07,Orthopaedics Ward A,8.166666666666666,10.0,0.8166666666666668
HHN-EDI-01,2024-05-08,Orthopaedics Ward A,9.041666666666666,9.875,0.9162037037037037
HHN-EDI-01,2024-05-09,Orthopaedics Ward A,8.708333333333334,9.958333333333334,0.875
HHN-EDI-01,2024-05-10,Orthopaedics Ward A,9.416666666666666,9.958333333333334,0.9453703703703704
HHN-EDI-01,2024-05-11,Orthopaedics Ward A,9.75,9.791666666666666,0.9958333333333332
HHN-EDI-01,2024-05-12,Orthopaedics Ward A,8.458333333333334,10.0,0.8458333333333333
HHN-EDI-01,2024-05-13,Orthopaedics Ward A,8.208333333333334,10.0,0.8208333333333333
HHN-EDI-01,2024-05-14,Orthopaedics Ward A,9.666666666666666,10.0,0.9666666666666667
HHN-EDI-01,2024-05-15,Orthopaedics Ward A,9.666666666666666,10.0,0.9666666666666667
HHN-EDI-01,2024-05-16,Orthopaedics Ward A,9.916666666666666,9.916666666666666,1.0
HHN-EDI-01,2024-05-17,Orthopaedics Ward A,9.916666666666666,10.0,0.9916666666666667
HHN-EDI-01,2024-05-18,Orthopaedics Ward A,9.75,9.875,0.9874999999999999
HHN-EDI-01,2024-05-19,Orthopaedics Ward A,8.833333333333334,9.833333333333334,0.8990740740740741
HHN-EDI-01,2024-05-20,Orthopaedics Ward A,9.958333333333334,10.0,0.9958333333333332
HHN-EDI-01,2024-05-21,Orthopaedics Ward A,9.958333333333334,9.958333333333334,1.0
HHN-EDI-01,2024-05-22,Orthopaedics Ward A,9.958333333333334,9.958333333333334,1.0
HHN-EDI-01,2024-05-23,Orthopaedics Ward A,9.958333333333334,9.958333333333334,1.0
HHN-EDI-01,2024-05-24,Orthopaedics Ward A,9.916666666666666,9.916666666666666,1.0
HHN-EDI-01,2024-05-25,Orthopaedics Ward A,9.791666666666666,9.791666666666666,1.0
HHN-EDI-01,2024-05-26,Orthopaedics Ward A,9.833333333333334,9.833333333333334,1.0
HHN-EDI-01,2024-05-27,Orthopaedics Ward A,9.958333333333334,9.958333333333334,1.0
HHN-EDI-01,2024-05-28,Orthopaedics Ward A,9.666666666666666,10.0,0.9666666666666667
HHN-EDI-01,2024-05-29,Orthopaedics Ward A,9.333333333333334,9.833333333333334,0.9500000000000001
HHN-EDI-01,2024-05-30,Orthopaedics Ward A,8.458333333333334,9.916666666666666,0.8532407407407407
HHN-EDI-01,2024-05-31,Orthopaedics Ward A,9.375,10.0,0.9375
HHN-EDI-01,2024-06-01,Orthopaedics Ward A,8.958333333333334,9.958333333333334,0.9
HHN-EDI-01,2024-06-02,Orthopaedics Ward A,7.958333333333333,9.75,0.8180555555555555
HHN-EDI-01,2024-06-03,Orthopaedics Ward A,5.041666666666667,9.958333333333334,0.5069444444444444
HHN-EDI-01,2024-06-04,Orthopaedics Ward A,4.25,9.875,0.4310185185185185
HHN-EDI-01,2024-06-05,Orthopaedics Ward A,4.0,9.958333333333334,0.4018518518518519
HHN-EDI-01,2024-06-06,Orthopaedics Ward A,4.833333333333333,9.916666666666666,0.487962962962963
HHN-EDI-01,2024-06-07,Orthopaedics Ward A,5.333333333333333,10.0,0.5333333333333333
HHN-EDI-01,2024-06-08,Orthopaedics Ward A,5.958333333333333,9.916666666666666,0.6013888888888889
HHN-EDI-01,2024-06-09,Orthopaedics Ward A,5.0,9.916666666666666,0.5046296296296297
HHN-EDI-01,2024-06-10,Orthopaedics Ward A,4.958333333333333,9.958333333333334,0.49722222222222223
HHN-EDI-01,2024-06-11,Orthopaedics Ward A,4.125,9.916666666666666,0.4162037037037037
HHN-EDI-01,2024-06-12,Orthopaedics Ward A,5.541666666666667,9.916666666666666,0.5592592592592592
HHN-EDI-01,2024-06-13,Orthopaedics Ward A,7.125,10.0,0.7125
HHN-EDI-01,2024-06-14,Orthopaedics Ward A,7.875,10.0,0.7875000000000001
HHN-EDI-01,2024-06-15,Orthopaedics Ward A,8.791666666666666,9.75,0.9027777777777778
HHN-EDI-01,2024-06-16,Orthopaedics Ward A,9.875,9.875,1.0
HHN-EDI-01,2024-06-17,Orthopaedics Ward A,9.958333333333334,9.958333333333334,1.0
HHN-EDI-01,2024-06-18,Orthopaedics Ward A,10.0,10.0,1.0
HHN-EDI-01,2024-06-19,Orthopaedics Ward A,10.0,10.0,1.0
HHN-EDI-01,2024-06-20,Orthopaedics Ward A,10.0,10.0,1.0
HHN-EDI-01,2024-06-21,Orthopaedics Ward A,8.583333333333334,9.916666666666666,0.8662037037037037
HHN-EDI-01,2024-06-22,Orthopaedics Ward A,6.708333333333333,9.916666666666666,0.6763888888888889
HHN-EDI-01,2024-06-23,Orthopaedics Ward A,4.916666666666667,9.833333333333334,0.5
HHN-EDI-01,2024-06-24,Orthopaedics Ward A,5.125,10.0,0.5125000000000001
HHN-EDI-01,2024-06-25,Orthopaedics Ward A,6.333333333333333,10.0,0.6333333333333333
HHN-EDI-01,2024-06-26,Orthopaedics Ward A,5.875,9.916666666666666,0.5930555555555556
HHN-EDI-01,2024-06-27,Orthopaedics Ward A,4.541666666666667,9.958333333333334,0.4564814814814815
HHN-EDI-01,2024-06-28,Orthopaedics Ward A,4.5,9.958333333333334,0.4518518518518519
HHN-EDI-01,2024-06-29,Orthopaedics Ward A,4.708333333333333,9.875,0.4773148148148148
HHN-EDI-01,2024-06-30,Orthopaedics Ward A,3.4166666666666665,9.833333333333334,0.34814814814814815
HHN-EDI-01,2024-07-01,Orthopaedics Ward A,3.0833333333333335,9.958333333333334,0.30972222222222223
HHN-EDI-01,2024-07-02,Orthopaedics Ward A,4.291666666666667,9.958333333333334,0.4310185185185185
HHN-EDI-01,2024-07-03,Orthopaedics Ward A,4.416666666666667,9.916666666666666,0.4458333333333333
HHN-EDI-01,2024-07-04,Orthopaedics Ward A,5.75,9.916666666666666,0.5800925925925926
HHN-EDI-01,2024-07-05,Orthopaedics Ward A,6.208333333333333,9.916666666666666,0.6268518518518519
HHN-EDI-01,2024-07-06,Orthopaedics Ward A,6.291666666666667,9.833333333333334,0.6402777777777777
HHN-EDI-01,2024-07-07,Orthopaedics Ward A,3.5,9.916666666666666,0.3537037037037037
HHN-EDI-01,2024-07-08,Orthopaedics Ward A,2.4166666666666665,9.875,0.24537037037037038
HHN-EDI-01,2024-07-09,Orthopaedics Ward A,5.041666666666667,9.916666666666666,0.5060185185185185
HHN-EDI-01,2024-07-10,Orthopaedics Ward A,9.166666666666666,9.958333333333334,0.9208333333333334
HHN-EDI-01,2024-07-11,Orthopaedics Ward A,9.958333333333334,9.958333333333334,1.0
HHN-EDI-01,2024-07-12,Orthopaedics Ward A,9.166666666666666,9.958333333333334,0.9208333333333334
HHN-EDI-01,2024-07-13,Orthopaedics Ward A,6.583333333333333,9.958333333333334,0.661574074074074
HHN-EDI-01,2024-07-14,Orthopaedics Ward A,5.041666666666667,9.875,0.5115740740740741
HHN-EDI-01,2024-07-15,Orthopaedics Ward A,5.0,9.958333333333334,0.5018518518518519
HHN-EDI-01,2024-07-16,Orthopaedics Ward A,6.666666666666667,9.958333333333334,0.6694444444444444
HHN-EDI-01,2024-07-17,Orthopaedics Ward A,9.0,10.0,0.9
HHN-EDI-01,2024-07-18,Orthopaedics Ward A,8.875,9.875,0.9
HHN-EDI-01,2024-07-19,Orthopaedics Ward A,7.125,10.0,0.7125
HHN-EDI-01,2024-07-20,Orthopaedics Ward A,7.791666666666667,9.958333333333334,0.7828703703703703
HHN-EDI-01,2024-07-21,Orthopaedics Ward A,6.791666666666667,9.916666666666666,0.6851851851851851
HHN-EDI-01,2024-07-22,Orthopaedics Ward A,7.916666666666667,10.0,0.7916666666666666
HHN-EDI-01,2024-07-23,Orthopaedics Ward A,8.208333333333334,9.958333333333334,0.8240740740740741
HHN-EDI-01,2024-07-24,Orthopaedics Ward A,9.416666666666666,10.0,0.9416666666666668
HHN-EDI-01,2024-07-25,Orthopaedics Ward A,9.0,9.833333333333334,0.9157407407407407
HHN-EDI-01,2024-07-26,Orthopaedics Ward A,9.375,9.958333333333334,0.9416666666666668
HHN-EDI-01,2024-07-27,Orthopaedics Ward A,8.083333333333334,9.916666666666666,0.8157407407407408
HHN-EDI-01,2024-07-28,Orthopaedics Ward A,6.5,9.916666666666666,0.6564814814814814
HHN-EDI-01,2024-07-29,Orthopaedics Ward A,6.125,9.958333333333334,0.6152777777777777
HHN-EDI-01,2024-07-30,Orthopaedics Ward A,8.0,10.0,0.7999999999999999
HHN-EDI-01,2024-07-31,Orthopaedics Ward A,7.875,10.0,0.7875
HHN-EDI-01,2024-08-01,Orthopaedics Ward A,7.875,9.958333333333334,0.7912037037037036
HHN-EDI-01,2024-08-02,Orthopaedics Ward A,4.75,9.958333333333334,0.47685185185185186
HHN-EDI-01,2024-08-03,Orthopaedics Ward A,4.125,10.0,0.41250000000000003
HHN-EDI-01,2024-08-04,Orthopaedics Ward A,4.333333333333333,10.0,0.43333333333333335
HHN-EDI-01,2024-08-05,Orthopaedics Ward A,5.541666666666667,10.0,0.5541666666666666
HHN-EDI-01,2024-08-06,Orthopaedics Ward A,8.875,9.875,0.8981481481481483
HHN-EDI-01,2024-08-07,Orthopaedics Ward A,9.583333333333334,9.916666666666666,0.9666666666666667
HHN-EDI-01,2024-08-08,Orthopaedics Ward A,9.958333333333334,9.958333333333334,1.0
HHN-EDI-01,2024-08-09,Orthopaedics Ward A,10.0,10.0,1.0
HHN-EDI-01,2024-08-10,Orthopaedics Ward A,9.625,9.916666666666666,0.9708333333333333
HHN-EDI-01,2024-08-11,Orthopaedics Ward A,9.541666666666666,9.958333333333334,0.9583333333333334
HHN-EDI-01,2024-08-12,Orthopaedics Ward A,8.208333333333334,9.958333333333334,0.8250000000000001
HHN-EDI-01,2024-08-13,Orthopaedics Ward A,4.708333333333333,9.916666666666666,0.475462962962963
HHN-EDI-01,2024-08-14,Orthopaedics Ward A,4.375,9.958333333333334,0.4398148148148148
HHN-EDI-01,2024-08-15,Orthopaedics Ward A,3.8333333333333335,9.958333333333334,0.38518518518518524
HHN-EDI-01,2024-08-16,Orthopaedics Ward A,4.625,9.958333333333334,0.4648148148148148
HHN-EDI-01,2024-08-17,Orthopaedics Ward A,4.25,9.916666666666666,0.42870370370370375
HHN-EDI-01,2024-08-18,Orthopaedics Ward A,5.416666666666667,9.916666666666666,0.5462962962962963
HHN-EDI-01,2024-08-19,Orthopaedics Ward A,4.291666666666667,9.958333333333334,0.43194444444444446
HHN-EDI-01,2024-08-20,Orthopaedics Ward A,5.875,9.916666666666666,0.5925925925925926
HHN-EDI-01,2024-08-21,Orthopaedics Ward A,8.125,9.875,0.8226851851851852
HHN-EDI-01,2024-08-22,Orthopaedics Ward A,9.458333333333334,10.0,0.9458333333333333
HHN-EDI-01,2024-08-23,Orthopaedics Ward A,9.708333333333334,9.916666666666666,0.9791666666666666
HHN-EDI-01,2024-08-24,Orthopaedics Ward A,8.75,10.0,0.875
HHN-EDI-01,2024-08-25,Orthopaedics Ward A,5.625,9.875,0.5708333333333333
HHN-EDI-01,2024-08-26,Orthopaedics Ward A,4.791666666666667,9.916666666666666,0.4847222222222222
HHN-EDI-01,2024-08-27,Orthopaedics Ward A,7.333333333333333,10.0,0.7333333333333334
HHN-EDI-01,2024-08-28,Orthopaedics Ward A,9.708333333333334,10.0,0.9708333333333333
HHN-EDI-01,2024-08-29,Orthopaedics Ward A,9.958333333333334,9.958333333333334,1.0
HHN-EDI-01,2024-08-30,Orthopaedics Ward A,8.458333333333334,9.958333333333334,0.8495370370370371
HHN-EDI-01,2024-08-31,Orthopaedics Ward A,5.333333333333333,9.75,0.5504629629629629
HHN-EDI-01,2024-09-01,Orthopaedics Ward A,3.375,9.916666666666666,0.3412037037037037
HHN-EDI-01,2024-09-02,Orthopaedics Ward A,5.916666666666667,9.916666666666666,0.5949074074074074
HHN-EDI-01,2024-09-03,Orthopaedics Ward A,9.958333333333334,9.958333333333334,1.0
HHN-EDI-01,2024-09-04,Orthopaedics Ward A,8.791666666666666,10.0,0.8791666666666668
HHN-EDI-01,2024-09-05,Orthopaedics Ward A,8.583333333333334,9.958333333333334,0.862037037037037
HHN-EDI-01,2024-09-06,Orthopaedics Ward A,8.458333333333334,10.0,0.8458333333333333
HHN-EDI-01,2024-09-07,Orthopaedics Ward A,8.583333333333334,9.958333333333334,0.8624999999999999
HHN-EDI-01,2024-09-08,Orthopaedics Ward A,7.75,9.916666666666666,0.7828703703703703
HHN-EDI-01,2024-09-09,Orthopaedics Ward A,7.958333333333333,9.875,0.8069444444444445
HHN-EDI-01,2024-09-10,Orthopaedics Ward A,9.625,10.0,0.9625
HHN-EDI-01,2024-09-11,Orthopaedics Ward A,9.916666666666666,9.916666666666666,1.0
HHN-EDI-01,2024-09-12,Orthopaedics Ward A,9.916666666666666,9.916666666666666,1.0
HHN-EDI-01,2024-09-13,Orthopaedics Ward A,10.0,10.0,1.0
HHN-EDI-01,2024-09-14,Orthopaedics Ward A,9.291666666666666,9.958333333333334,0.9333333333333332
HHN-EDI-01,2024-09-15,Orthopaedics Ward A,8.125,9.875,0.8240740740740741
HHN-EDI-01,2024-09-16,Orthopaedics Ward A,9.416666666666666,9.958333333333334,0.9458333333333333
HHN-EDI-01,2024-09-17,Orthopaedics Ward A,10.0,10.0,1.0
HHN-EDI-01,2024-09-18,Orthopaedics Ward A,9.958333333333334,9.958333333333334,1.0
HHN-EDI-01,2024-09-19,Orthopaedics Ward A,9.5,9.916666666666666,0.9583333333333334
HHN-EDI-01,2024-09-20,Orthopaedics Ward A,8.375,10.0,0.8375
HHN-EDI-01,2024-09-21,Orthopaedics Ward A,7.166666666666667,9.916666666666666,0.7231481481481481
HHN-EDI-01,2024-09-22,Orthopaedics Ward A,5.708333333333333,9.833333333333334,0.5805555555555556
HHN-EDI-01,2024-09-23,Orthopaedics Ward A,7.125,9.916666666666666,0.7175925925925926
HHN-EDI-01,2024-09-24,Orthopaedics Ward A,7.416666666666667,10.0,0.7416666666666667
HHN-EDI-01,2024-09-25,Orthopaedics Ward A,7.458333333333333,9.875,0.7569444444444445
HHN-EDI-01,2024-09-26,Orthopaedics Ward A,8.208333333333334,9.958333333333334,0.8240740740740741
HHN-EDI-01,2024-09-27,Orthopaedics Ward A,7.916666666666667,9.958333333333334,0.7949074074074073
HHN-EDI-01,2024-09-28,Orthopaedics Ward A,6.416666666666667,9.958333333333334,0.6444444444444445
HHN-EDI-01,2024-09-29,Orthopaedics Ward A,8.833333333333334,9.958333333333334,0.887037037037037
HHN-EDI-01,2024-09-30,Orthopaedics Ward A,9.708333333333334,9.958333333333334,0.975
HHN-EDI-01,2024-10-01,Orthopaedics Ward A,9.875,9.875,1.0
HHN-EDI-01,2024-10-02,Orthopaedics Ward A,9.958333333333334,9.958333333333334,1.0
HHN-EDI-01,2024-10-03,Orthopaedics Ward A,9.958333333333334,9.958333333333334,1.0
HHN-EDI-01,2024-10-04,Orthopaedics Ward A,9.791666666666666,9.916666666666666,0.9874999999999999
HHN-EDI-01,2024-10-05,Orthopaedics Ward A,7.875,9.958333333333334,0.7907407407407407
HHN-EDI-01,2024-10-06,Orthopaedics Ward A,6.625,10.0,0.6625
HHN-EDI-01,2024-10-07,Orthopaedics Ward A,4.791666666666667,9.958333333333334,0.48194444444444445
HHN-EDI-01,2024-10-08,Orthopaedics Ward A,4.5,9.916666666666666,0.45462962962962966
HHN-EDI-01,2024-10-09,Orthopaedics Ward A,4.916666666666667,9.958333333333334,0.4939814814814815
HHN-EDI-01,2024-10-10,Orthopaedics Ward A,6.625,9.958333333333334,0.6657407407407407
HHN-EDI-01,2024-10-11,Orthopaedics Ward A,7.041666666666667,9.958333333333334,0.7074074074074074
HHN-EDI-01,2024-10-12,Orthopaedics Ward A,8.458333333333334,9.875,0.8578703703703704
HHN-EDI-01,2024-10-13,Orthopaedics Ward A,9.666666666666666,9.875,0.9791666666666666
HHN-EDI-01,2024-10-14,Orthopaedics Ward A,10.0,10.0,1.0
HHN-EDI-01,2024-10-15,Orthopaedics Ward A,9.916666666666666,9.916666666666666,1.0
HHN-EDI-01,2024-10-16,Orthopaedics Ward A,9.958333333333334,9.958333333333334,1.0
HHN-EDI-01,2024-10-17,Orthopaedics Ward A,9.958333333333334,9.958333333333334,1.0
HHN-EDI-01,2024-10-18,Orthopaedics Ward A,9.916666666666666,9.916666666666666,1.0
HHN-EDI-01,2024-10-19,Orthopaedics Ward A,10.0,10.0,1.0
HHN-EDI-01,2024-10-20,Orthopaedics Ward A,9.958333333333334,9.958333333333334,1.0
HHN-EDI-01,2024-10-21,Orthopaedics Ward A,9.916666666666666,9.916666666666666,1.0
HHN-EDI-01,2024-10-22,Orthopaedics Ward A,9.5,9.875,0.9625
HHN-EDI-01,2024-10-23,Orthopaedics Ward A,9.416666666666666,9.958333333333334,0.9458333333333333
HHN-EDI-01,2024-10-24,Orthopaedics Ward A,10.0,10.0,1.0
HHN-EDI-01,2024-10-25,Orthopaedics Ward A,9.666666666666666,9.916666666666666,0.975
HHN-EDI-01,2024-10-26,Orthopaedics Ward A,8.791666666666666,9.958333333333334,0.8833333333333333
HHN-EDI-01,2024-10-27,Orthopaedics Ward A,9.041666666666666,10.0,0.9041666666666667
HHN-EDI-01,2024-10-28,Orthopaedics Ward A,9.958333333333334,9.958333333333334,1.0
HHN-EDI-01,2024-10-29,Orthopaedics Ward A,9.916666666666666,9.916666666666666,1.0
HHN-EDI-01,2024-10-30,Orthopaedics Ward A,9.958333333333334,9.958333333333334,1.0
HHN-EDI-01,2024-10-31,Orthopaedics Ward A,9.916666666666666,9.916666666666666,1.0
HHN-EDI-01,2024-11-01,Orthopaedics Ward A,9.916666666666666,9.916666666666666,1.0
HHN-EDI-01,2024-11-02,Orthopaedics Ward A,9.833333333333334,9.833333333333334,1.0
HHN-EDI-01,2024-11-03,Orthopaedics Ward A,9.75,9.75,1.0
HHN-EDI-01,2024-11-04,Orthopaedics Ward A,9.791666666666666,9.875,0.9916666666666667
HHN-EDI-01,2024-11-05,Orthopaedics Ward A,10.0,10.0,1.0
HHN-EDI-01,2024-11-06,Orthopaedics Ward A,9.958333333333334,9.958333333333334,1.0
HHN-EDI-01,2024-11-07,Orthopaedics Ward A,9.958333333333334,9.958333333333334,1.0
HHN-EDI-01,2024-11-08,Orthopaedics Ward A,10.0,10.0,1.0
HHN-EDI-01,2024-11-09,Orthopaedics Ward A,9.5,9.875,0.9625
HHN-EDI-01,2024-11-10,Orthopaedics Ward A,8.416666666666666,9.916666666666666,0.8500000000000001
HHN-EDI-01,2024-11-11,Orthopaedics Ward A,9.625,10.0,0.9625
HHN-EDI-01,2024-11-12,Orthopaedics Ward A,9.916666666666666,9.916666666666666,1.0
HHN-EDI-01,2024-11-13,Orthopaedics Ward A,9.958333333333334,9.958333333333334,1.0
HHN-EDI-01,2024-11-14,Orthopaedics Ward A,9.916666666666666,9.916666666666666,1.0
HHN-EDI-01,2024-11-15,Orthopaedics Ward A,10.0,10.0,1.0
HHN-EDI-01,2024-11-16,Orthopaedics Ward A,9.875,9.875,1.0
HHN-EDI-01,2024-11-17,Orthopaedics Ward A,7.958333333333333,9.958333333333334,0.7981481481481482
HHN-EDI-01,2024-11-18,Orthopaedics Ward A,8.208333333333334,10.0,0.8208333333333333
HHN-EDI-01,2024-11-19,Orthopaedics Ward A,9.916666666666666,9.916666666666666,1.0
HHN-EDI-01,2024-11-20,Orthopaedics Ward A,9.958333333333334,9.958333333333334,1.0
HHN-EDI-01,2024-11-21,Orthopaedics Ward A,9.875,9.916666666666666,0.9958333333333332
HHN-EDI-01,2024-11-22,Orthopaedics Ward A,9.333333333333334,9.958333333333334,0.9375
HHN-EDI-01,2024-11-23,Orthopaedics Ward A,7.5,9.875,0.7606481481481482
HHN-EDI-01,2024-11-24,Orthopaedics Ward A,8.5,9.916666666666666,0.8578703703703704
HHN-EDI-01,2024-11-25,Orthopaedics Ward A,8.25,9.958333333333334,0.8287037037037037
HHN-EDI-01,2024-11-26,Orthopaedics Ward A,8.416666666666666,9.958333333333334,0.8449074074074074
HHN-EDI-01,2024-11-27,Orthopaedics Ward A,10.0,10.0,1.0
HHN-EDI-01,2024-11-28,Orthopaedics Ward A,9.958333333333334,9.958333333333334,1.0
HHN-EDI-01,2024-11-29,Orthopaedics Ward A,9.958333333333334,9.958333333333334,1.0
HHN-EDI-01,2024-11-30,Orthopaedics Ward A,9.583333333333334,9.958333333333334,0.9625
HHN-EDI-01,2024-12-01,Orthopaedics Ward A,9.916666666666666,9.916666666666666,1.0
HHN-EDI-01,2024-12-02,Orthopaedics Ward A,9.875,9.875,1.0
HHN-EDI-01,2024-12-03,Orthopaedics Ward A,9.875,9.875,1.0
HHN-EDI-01,2024-12-04,Orthopaedics Ward A,10.0,10.0,1.0
HHN-EDI-01,2024-12-05,Orthopaedics Ward A,9.833333333333334,9.958333333333334,0.9874999999999999
HHN-EDI-01,2024-12-06,Orthopaedics Ward A,9.041666666666666,9.875,0.9166666666666666
HHN-EDI-01,2024-12-07,Orthopaedics Ward A,8.583333333333334,9.833333333333334,0.8740740740740741
HHN-EDI-01,2024-12-08,Orthopaedics Ward A,6.958333333333333,9.791666666666666,0.712037037037037
HHN-EDI-01,2024-12-09,Orthopaedics Ward A,8.0,9.958333333333334,0.8032407407407408
HHN-EDI-01,2024-12-10,Orthopaedics Ward A,9.5,9.916666666666666,0.9578703703703703
HHN-EDI-01,2024-12-11,Orthopaedics Ward A,9.875,9.875,1.0
HHN-EDI-01,2024-12-12,Orthopaedics Ward A,9.916666666666666,9.916666666666666,1.0
HHN-EDI-01,2024-12-13,Orthopaedics Ward A,9.916666666666666,9.916666666666666,1.0
HHN-EDI-01,2024-12-14,Orthopaedics Ward A,9.708333333333334,9.833333333333334,0.9874999999999999
HHN-EDI-01,2024-12-15,Orthopaedics Ward A,9.416666666666666,9.916666666666666,0.9500000000000001
HHN-EDI-01,2024-12-16,Orthopaedics Ward A,8.583333333333334,9.916666666666666,0.8666666666666667
HHN-EDI-01,2024-12-17,Orthopaedics Ward A,8.25,10.0,0.8250000000000001
HHN-EDI-01,2024-12-18,Orthopaedics Ward A,9.916666666666666,9.916666666666666,1.0
HHN-EDI-01,2024-12-19,Orthopaedics Ward A,9.958333333333334,9.958333333333334,1.0
HHN-EDI-01,2024-12-20,Orthopaedics Ward A,9.958333333333334,9.958333333333334,1.0
HHN-EDI-01,2024-12-21,Orthopaedics Ward A,9.541666666666666,9.833333333333334,0.9708333333333333
HHN-EDI-01,2024-12-22,Orthopaedics Ward A,9.875,9.875,1.0
HHN-EDI-01,2024-12-23,Orthopaedics Ward A,9.916666666666666,9.916666666666666,1.0
HHN-EDI-01,2024-12-24,Orthopaedics Ward A,9.208333333333334,9.833333333333334,0.9370370370370371
HHN-EDI-01,2024-12-25,Orthopaedics Ward A,8.541666666666666,9.833333333333334,0.8689814814814815
HHN-EDI-01,2024-12-26,Orthopaedics Ward A,9.75,9.916666666666666,0.9833333333333334
HHN-EDI-01,2024-12-27,Orthopaedics Ward A,8.333333333333334,9.916666666666666,0.8416666666666667
HHN-EDI-01,2024-12-28,Orthopaedics Ward A,8.75,9.75,0.899537037037037
HHN-EDI-01,2024-12-29,Orthopaedics Ward A,7.25,9.916666666666666,0.7319444444444444
HHN-EDI-01,2024-12-30,Orthopaedics Ward A,7.666666666666667,10.0,0.7666666666666666
HHN-EDI-01,2024-12-31,Orthopaedics Ward A,6.833333333333333,9.958333333333334,0.6865740740740741
HHN-EDI-01,2025-01-01,Orthopaedics Ward A,7.416666666666667,9.916666666666666,0.7481481481481481
HHN-EDI-01,2025-01-02,Orthopaedics Ward A,9.166666666666666,9.916666666666666,0.924537037037037
HHN-EDI-01,2025-01-03,Orthopaedics Ward A,8.0,9.916666666666666,0.8074074074074075
HHN-EDI-01,2025-01-04,Orthopaedics Ward A,7.958333333333333,9.916666666666666,0.8032407407407408
HHN-EDI-01,2025-01-05,Orthopaedics Ward A,6.958333333333333,9.75,0.7148148148148148
HHN-EDI-01,2025-01-06,Orthopaedics Ward A,8.041666666666666,9.916666666666666,0.8115740740740741
HHN-EDI-01,2025-01-07,Orthopaedics Ward A,8.375,9.875,0.8486111111111111
HHN-EDI-01,2025-01-08,Orthopaedics Ward A,7.25,9.958333333333334,0.7282407407407407
HHN-EDI-01,2025-01-09,Orthopaedics Ward A,9.916666666666666,9.916666666666666,1.0
HHN-EDI-01,2025-01-10,Orthopaedics Ward A,9.875,9.875,1.0
HHN-EDI-01,2025-01-11,Orthopaedics Ward A,9.916666666666666,9.916666666666666,1.0
HHN-EDI-01,2025-01-12,Orthopaedics Ward A,9.833333333333334,9.833333333333334,1.0
HHN-EDI-01,2025-01-13,Orthopaedics Ward A,9.916666666666666,9.916666666666666,1.0
HHN-EDI-01,2025-01-14,Orthopaedics Ward A,9.875,9.875,1.0
HHN-EDI-01,2025-01-15,Orthopaedics Ward A,9.791666666666666,9.791666666666666,1.0
HHN-EDI-01,2025-01-16,Orthopaedics Ward A,9.958333333333334,9.958333333333334,1.0
HHN-EDI-01,2025-01-17,Orthopaedics Ward A,9.916666666666666,9.916666666666666,1.0
HHN-EDI-01,2025-01-18,Orthopaedics Ward A,9.875,9.875,1.0
HHN-EDI-01,2025-01-19,Orthopaedics Ward A,9.791666666666666,9.791666666666666,1.0
HHN-EDI-01,2025-01-20,Orthopaedics Ward A,9.708333333333334,9.958333333333334,0.975
HHN-EDI-01,2025-01-21,Orthopaedics Ward A,9.916666666666666,9.916666666666666,1.0
HHN-EDI-01,2025-01-22,Orthopaedics Ward A,9.916666666666666,9.916666666666666,1.0
HHN-EDI-01,2025-01-23,Orthopaedics Ward A,9.875,9.875,1.0
HHN-EDI-01,2025-01-24,Orthopaedics Ward A,9.958333333333334,9.958333333333334,1.0
HHN-EDI-01,2025-01-25,Orthopaedics Ward A,9.791666666666666,9.791666666666666,1.0
HHN-EDI-01,2025-01-26,Orthopaedics Ward A,9.916666666666666,9.916666666666666,1.0
HHN-EDI-01,2025-01-27,Orthopaedics Ward A,9.791666666666666,9.958333333333334,0.9833333333333334
HHN-EDI-01,2025-01-28,Orthopaedics Ward A,9.708333333333334,9.791666666666666,0.9916666666666667
HHN-EDI-01,2025-01-29,Orthopaedics Ward A,9.833333333333334,9.833333333333334,1.0
HHN-EDI-01,2025-01-30,Orthopaedics Ward A,9.916666666666666,9.916666666666666,1.0
HHN-EDI-01,2025-01-31,Orthopaedics Ward A,9.958333333333334,9.958333333333334,1.0
HHN-EDI-01,2025-02-01,Orthopaedics Ward A,9.916666666666666,9.916666666666666,1.0
HHN-EDI-01,2025-02-02,Orthopaedics Ward A,9.916666666666666,9.916666666666666,1.0
HHN-EDI-01,2025-02-03,Orthopaedics Ward A,9.958333333333334,9.958333333333334,1.0
HHN-EDI-01,2025-02-04,Orthopaedics Ward A,9.708333333333334,9.875,0.9833333333333334
HHN-EDI-01,2025-02-05,Orthopaedics Ward A,9.958333333333334,9.958333333333334,1.0
HHN-EDI-01,2025-02-06,Orthopaedics Ward A,9.875,9.875,1.0
HHN-EDI-01,2025-02-07,Orthopaedics Ward A,9.958333333333334,9.958333333333334,1.0
HHN-EDI-01,2025-02-08,Orthopaedics Ward A,6.791666666666667,9.75,0.7018518518518518
HHN-EDI-01,2025-02-09,Orthopaedics Ward A,2.9166666666666665,9.875,0.2962962962962963
HHN-EDI-01,2025-02-10,Orthopaedics Ward A,2.9166666666666665,9.875,0.29444444444444445
HHN-EDI-01,2025-02-11,Orthopaedics Ward A,5.041666666666667,9.875,0.5115740740740741
HHN-EDI-01,2025-02-12,Orthopaedics Ward A,7.916666666666667,10.0,0.7916666666666666
HHN-EDI-01,2025-02-13,Orthopaedics Ward A,7.041666666666667,9.916666666666666,0.710648148148148
HHN-EDI-01,2025-02-14,Orthopaedics Ward A,7.083333333333333,9.833333333333334,0.7217592592592593
HHN-EDI-01,2025-02-15,Orthopaedics Ward A,8.875,9.791666666666666,0.9055555555555556
HHN-EDI-01,2025-02-16,Orthopaedics Ward A,9.708333333333334,9.708333333333334,1.0
HHN-EDI-01,2025-02-17,Orthopaedics Ward A,10.0,10.0,1.0
HHN-EDI-01,2025-02-18,Orthopaedics Ward A,9.875,9.875,1.0
HHN-EDI-01,2025-02-19,Orthopaedics Ward A,9.958333333333334,9.958333333333334,1.0
HHN-EDI-01,2025-02-20,Orthopaedics Ward A,9.958333333333334,9.958333333333334,1.0
HHN-EDI-01,2025-02-21,Orthopaedics Ward A,9.958333333333334,9.958333333333334,1.0
HHN-EDI-01,2025-02-22,Orthopaedics Ward A,8.541666666666666,9.875,0.8666666666666667
HHN-EDI-01,2025-02-23,Orthopaedics Ward A,8.333333333333334,9.875,0.8444444444444444
HHN-EDI-01,2025-02-24,Orthopaedics Ward A,9.708333333333334,9.833333333333334,0.9874999999999999
HHN-EDI-01,2025-02-25,Orthopaedics Ward A,9.875,9.875,1.0
HHN-EDI-01,2025-02-26,Orthopaedics Ward A,9.916666666666666,9.916666666666666,1.0
HHN-EDI-01,2025-02-27,Orthopaedics Ward A,9.958333333333334,9.958333333333334,1.0
HHN-EDI-01,2025-02-28,Orthopaedics Ward A,9.875,9.875,1.0
HHN-EDI-01,2025-03-01,Orthopaedics Ward A,9.041666666666666,9.875,0.9166666666666666
HHN-EDI-01,2025-03-02,Orthopaedics Ward A,9.916666666666666,9.916666666666666,1.0
HHN-EDI-01,2025-03-03,Orthopaedics Ward A,9.958333333333334,9.958333333333334,1.0
HHN-EDI-01,2025-03-04,Orthopaedics Ward A,9.916666666666666,9.916666666666666,1.0
HHN-EDI-01,2025-03-05,Orthopaedics Ward A,9.958333333333334,9.958333333333334,1.0
HHN-EDI-01,2025-03-06,Orthopaedics Ward A,9.958333333333334,9.958333333333334,1.0
HHN-EDI-01,2025-03-07,Orthopaedics Ward A,9.958333333333334,9.958333333333334,1.0
HHN-EDI-01,2025-03-08,Orthopaedics Ward A,9.958333333333334,9.958333333333334,1.0
HHN-EDI-01,2025-03-09,Orthopaedics Ward A,10.0,10.0,1.0
HHN-EDI-01,2025-03-10,Orthopaedics Ward A,9.875,9.875,1.0
HHN-EDI-01,2025-03-11,Orthopaedics Ward A,9.833333333333334,9.833333333333334,1.0
HHN-EDI-01,2025-03-12,Orthopaedics Ward A,9.958333333333334,9.958333333333334,1.0
HHN-EDI-01,2025-03-13,Orthopaedics Ward A,9.541666666666666,9.916666666666666,0.9625
HHN-EDI-01,2025-03-14,Orthopaedics Ward A,9.666666666666666,9.916666666666666,0.975
HHN-EDI-01,2025-03-15,Orthopaedics Ward A,7.916666666666667,9.916666666666666,0.7981481481481482
HHN-EDI-01,2025-03-16,Orthopaedics Ward A,8.875,10.0,0.8875000000000001
HHN-EDI-01,2025-03-17,Orthopaedics Ward A,9.791666666666666,9.958333333333334,0.9833333333333334
HHN-EDI-01,2025-03-18,Orthopaedics Ward A,10.0,10.0,1.0
HHN-EDI-01,2025-03-19,Orthopaedics Ward A,10.0,10.0,1.0
HHN-EDI-01,2025-03-20,Orthopaedics Ward A,9.958333333333334,9.958333333333334,1.0
HHN-EDI-01,2025-03-21,Orthopaedics Ward A,10.0,10.0,1.0
HHN-EDI-01,2025-03-22,Orthopaedics Ward A,10.0,10.0,1.0
HHN-EDI-01,2025-03-23,Orthopaedics Ward A,9.916666666666666,9.916666666666666,1.0
HHN-EDI-01,2025-03-24,Orthopaedics Ward A,10.0,10.0,1.0
HHN-EDI-01,2025-03-25,Orthopaedics Ward A,9.5,10.0,0.9500000000000001
HHN-EDI-01,2025-03-26,Orthopaedics Ward A,5.416666666666667,9.875,0.549537037037037
HHN-EDI-01,2025-03-27,Orthopaedics Ward A,6.916666666666667,9.958333333333334,0.6944444444444445
HHN-EDI-01,2025-03-28,Orthopaedics Ward A,9.625,9.916666666666666,0.9708333333333333
HHN-EDI-01,2025-03-29,Orthopaedics Ward A,9.875,9.875,1.0
HHN-EDI-01,2025-03-30,Orthopaedics Ward A,7.75,9.958333333333334,0.7791666666666667
HHN-EDI-01,2025-03-31,Orthopaedics Ward A,8.333333333333334,9.958333333333334,0.8375
HHN-EDI-01,2025-04-01,Orthopaedics Ward A,10.0,10.0,1.0
HHN-EDI-01,2025-04-02,Orthopaedics Ward A,8.708333333333334,9.875,0.8833333333333333
HHN-EDI-01,2025-04-03,Orthopaedics Ward A,8.25,9.958333333333334,0.8287037037037037
HHN-EDI-01,2025-04-04,Orthopaedics Ward A,7.416666666666667,10.0,0.7416666666666667
HHN-EDI-01,2025-04-05,Orthopaedics Ward A,8.416666666666666,9.875,0.8532407407407407
HHN-EDI-01,2025-04-06,Orthopaedics Ward A,9.833333333333334,9.833333333333334,1.0
HHN-EDI-01,2025-04-07,Orthopaedics Ward A,9.958333333333334,9.958333333333334,1.0
HHN-EDI-01,2025-04-08,Orthopaedics Ward A,9.958333333333334,9.958333333333334,1.0
HHN-EDI-01,2025-04-09,Orthopaedics Ward A,9.958333333333334,9.958333333333334,1.0
HHN-EDI-01,2025-04-10,Orthopaedics Ward A,10.0,10.0,1.0
HHN-EDI-01,2025-04-11,Orthopaedics Ward A,10.0,10.0,1.0
HHN-EDI-01,2025-04-12,Orthopaedics Ward A,9.916666666666666,9.916666666666666,1.0
HHN-EDI-01,2025-04-13,Orthopaedics Ward A,9.875,9.875,1.0
HHN-EDI-01,2025-04-14,Orthopaedics Ward A,9.0,9.833333333333334,0.9162037037037037
HHN-EDI-01,2025-04-15,Orthopaedics Ward A,9.916666666666666,9.916666666666666,1.0
HHN-EDI-01,2025-04-16,Orthopaedics Ward A,9.958333333333334,9.958333333333334,1.0
HHN-EDI-01,2025-04-17,Orthopaedics Ward A,9.958333333333334,9.958333333333334,1.0
HHN-EDI-01,2025-04-18,Orthopaedics Ward A,9.666666666666666,9.875,0.9791666666666666
HHN-EDI-01,2025-04-19,Orthopaedics Ward A,9.916666666666666,9.916666666666666,1.0
HHN-EDI-01,2025-04-20,Orthopaedics Ward A,9.833333333333334,9.833333333333334,1.0
HHN-EDI-01,2025-04-21,Orthopaedics Ward A,8.5,9.916666666666666,0.8583333333333334
HHN-EDI-01,2025-04-22,Orthopaedics Ward A,6.375,9.875,0.6462962962962963
HHN-EDI-01,2025-04-23,Orthopaedics Ward A,7.333333333333333,10.0,0.7333333333333333
HHN-EDI-01,2025-04-24,Orthopaedics Ward A,9.875,9.916666666666666,0.9958333333333332
HHN-EDI-01,2025-04-25,Orthopaedics Ward A,9.833333333333334,9.958333333333334,0.9874999999999999
HHN-EDI-01,2025-04-26,Orthopaedics Ward A,7.0,9.875,0.7097222222222221
HHN-EDI-01,2025-04-27,Orthopaedics Ward A,6.875,9.875,0.6972222222222223
HHN-EDI-01,2025-04-28,Orthopaedics Ward A,6.458333333333333,10.0,0.6458333333333334
HHN-EDI-01,2025-04-29,Orthopaedics Ward A,9.25,9.875,0.9365740740740741
HHN-EDI-01,2025-04-30,Orthopaedics Ward A,9.958333333333334,9.958333333333334,1.0
HHN-EDI-01,2025-05-01,Orthopaedics Ward A,9.958333333333334,9.958333333333334,1.0
HHN-EDI-01,2025-05-02,Orthopaedics Ward A,9.958333333333334,9.958333333333334,1.0
HHN-EDI-01,2025-05-03,Orthopaedics Ward A,9.208333333333334,9.916666666666666,0.9282407407407408
HHN-EDI-01,2025-05-04,Orthopaedics Ward A,6.583333333333333,9.916666666666666,0.6638888888888889
HHN-EDI-01,2025-05-05,Orthopaedics Ward A,4.625,9.958333333333334,0.46435185185185185
HHN-EDI-01,2025-05-06,Orthopaedics Ward A,4.625,9.916666666666666,0.4666666666666666
HHN-EDI-01,2025-05-07,Orthopaedics Ward A,6.208333333333333,10.0,0.6208333333333332
HHN-EDI-01,2025-05-08,Orthopaedics Ward A,8.625,9.958333333333334,0.8662037037037037
HHN-EDI-01,2025-05-09,Orthopaedics Ward A,9.75,10.0,0.975
HHN-EDI-01,2025-05-10,Orthopaedics Ward A,9.958333333333334,9.958333333333334,1.0
HHN-EDI-01,2025-05-11,Orthopaedics Ward A,9.916666666666666,9.916666666666666,1.0
HHN-EDI-01,2025-05-12,Orthopaedics Ward A,9.958333333333334,9.958333333333334,1.0
HHN-EDI-01,2025-05-13,Orthopaedics Ward A,9.958333333333334,9.958333333333334,1.0
HHN-EDI-01,2025-05-14,Orthopaedics Ward A,9.958333333333334,9.958333333333334,1.0
HHN-EDI-01,2025-05-15,Orthopaedics Ward A,10.0,10.0,1.0
HHN-EDI-01,2025-05-16,Orthopaedics Ward A,10.0,10.0,1.0
HHN-EDI-01,2025-05-17,Orthopaedics Ward A,9.916666666666666,9.916666666666666,1.0
HHN-EDI-01,2025-05-18,Orthopaedics Ward A,9.875,9.875,1.0
HHN-EDI-01,2025-05-19,Orthopaedics Ward A,10.0,10.0,1.0
HHN-EDI-01,2025-05-20,Orthopaedics Ward A,9.916666666666666,9.916666666666666,1.0
HHN-EDI-01,2025-05-21,Orthopaedics Ward A,9.916666666666666,9.916666666666666,1.0
HHN-EDI-01,2025-05-22,Orthopaedics Ward A,9.708333333333334,9.958333333333334,0.975
HHN-EDI-01,2025-05-23,Orthopaedics Ward A,8.791666666666666,9.958333333333334,0.8833333333333333
HHN-EDI-01,2025-05-24,Orthopaedics Ward A,6.0,9.875,0.6078703703703704
HHN-EDI-01,2025-05-25,Orthopaedics Ward A,6.541666666666667,9.958333333333334,0.6574074074074073
HHN-EDI-01,2025-05-26,Orthopaedics Ward A,7.458333333333333,9.958333333333334,0.7486111111111112
HHN-EDI-01,2025-05-27,Orthopaedics Ward A,6.0,9.958333333333334,0.6027777777777777
HHN-EDI-01,2025-05-28,Orthopaedics Ward A,4.833333333333333,10.0,0.48333333333333334
HHN-EDI-01,2025-05-29,Orthopaedics Ward A,3.7083333333333335,9.958333333333334,0.3726851851851852
HHN-EDI-01,2025-05-30,Orthopaedics Ward A,4.708333333333333,10.0,0.4708333333333334
HHN-EDI-01,2025-05-31,Orthopaedics Ward A,6.0,9.958333333333334,0.6023148148148149
HHN-EDI-01,2025-06-01,Orthopaedics Ward A,5.458333333333333,9.916666666666666,0.5523148148148148
HHN-EDI-01,2025-06-02,Orthopaedics Ward A,6.291666666666667,10.0,0.6291666666666667
HHN-EDI-01,2025-06-03,Orthopaedics Ward A,5.541666666666667,9.958333333333334,0.5560185185185186
HHN-EDI-01,2025-06-04,Orthopaedics Ward A,8.25,10.0,0.8250000000000001
HHN-EDI-01,2025-06-05,Orthopaedics Ward A,9.25,10.0,0.9249999999999999
HHN-EDI-01,2025-06-06,Orthopaedics Ward A,8.541666666666666,9.958333333333334,0.8578703703703704
HHN-EDI-01,2025-06-07,Orthopaedics Ward A,9.791666666666666,9.875,0.9916666666666667
HHN-EDI-01,2025-06-08,Orthopaedics Ward A,9.0,9.875,0.9125000000000001
HHN-EDI-01,2025-06-09,Orthopaedics Ward A,8.208333333333334,9.958333333333334,0.8250000000000001
HHN-EDI-01,2025-06-10,Orthopaedics Ward A,6.0,10.0,0.6
HHN-EDI-01,2025-06-11,Orthopaedics Ward A,5.583333333333333,10.0,0.5583333333333333
HHN-EDI-01,2025-06-12,Orthopaedics Ward A,5.291666666666667,9.916666666666666,0.5337962962962963
HHN-EDI-01,2025-06-13,Orthopaedics Ward A,5.666666666666667,10.0,0.5666666666666667
HHN-EDI-01,2025-06-14,Orthopaedics Ward A,8.041666666666666,9.875,0.8152777777777778
HHN-EDI-01,2025-06-15,Orthopaedics Ward A,7.083333333333333,9.833333333333334,0.7208333333333333
HHN-EDI-01,2025-06-16,Orthopaedics Ward A,5.666666666666667,10.0,0.5666666666666667
HHN-EDI-01,2025-06-17,Orthopaedics Ward A,5.25,9.958333333333334,0.5277777777777778
HHN-EDI-01,2025-06-18,Orthopaedics Ward A,6.25,10.0,0.625
HHN-EDI-01,2025-06-19,Orthopaedics Ward A,8.291666666666666,9.958333333333334,0.8324074074074074
HHN-EDI-01,2025-06-20,Orthopaedics Ward A,8.375,10.0,0.8375
HHN-EDI-01,2025-06-21,Orthopaedics Ward A,6.708333333333333,9.875,0.6796296296296296
HHN-EDI-01,2025-06-22,Orthopaedics Ward A,4.625,9.958333333333334,0.4648148148148148
HHN-EDI-01,2025-06-23,Orthopaedics Ward A,7.583333333333333,9.958333333333334,0.7611111111111111
HHN-EDI-01,2025-06-24,Orthopaedics Ward A,9.333333333333334,9.958333333333334,0.9375
HHN-EDI-01,2025-06-25,Orthopaedics Ward A,6.75,9.958333333333334,0.6782407407407408
HHN-EDI-01,2025-06-26,Orthopaedics Ward A,6.0,9.875,0.6087962962962963
HHN-EDI-01,2025-06-27,Orthopaedics Ward A,9.208333333333334,9.916666666666666,0.9287037037037037
HHN-EDI-01,2025-06-28,Orthopaedics Ward A,9.541666666666666,9.958333333333334,0.9583333333333334
HHN-EDI-01,2025-06-29,Orthopaedics Ward A,8.041666666666666,9.916666666666666,0.8111111111111112
HHN-EDI-01,2025-06-30,Orthopaedics Ward A,6.0,10.0,0.6
HHN-EDI-01,2025-07-01,Orthopaedics Ward A,7.0,9.916666666666666,0.7083333333333334
HHN-EDI-01,2025-07-02,Orthopaedics Ward A,9.791666666666666,10.0,0.9791666666666666
HHN-EDI-01,2025-07-03,Orthopaedics Ward A,8.375,9.958333333333334,0.8416666666666667
HHN-EDI-01,2025-07-04,Orthopaedics Ward A,6.625,10.0,0.6625
HHN-EDI-01,2025-07-05,Orthopaedics Ward A,6.833333333333333,9.875,0.6930555555555555
HHN-EDI-01,2025-07-06,Orthopaedics Ward A,6.666666666666667,9.875,0.6754629629629628
HHN-EDI-01,2025-07-07,Orthopaedics Ward A,5.291666666666667,10.0,0.5291666666666667
HHN-EDI-01,2025-07-08,Orthopaedics Ward A,4.833333333333333,10.0,0.48333333333333334
HHN-EDI-01,2025-07-09,Orthopaedics Ward A,5.5,10.0,0.5499999999999999
HHN-EDI-01,2025-07-10,Orthopaedics Ward A,7.833333333333333,9.916666666666666,0.7916666666666666
HHN-EDI-01,2025-07-11,Orthopaedics Ward A,6.833333333333333,10.0,0.6833333333333332
HHN-EDI-01,2025-07-12,Orthopaedics Ward A,6.166666666666667,9.833333333333334,0.6287037037037037
HHN-EDI-01,2025-07-13,Orthopaedics Ward A,6.666666666666667,9.875,0.675462962962963
HHN-EDI-01,2025-07-14,Orthopaedics Ward A,6.083333333333333,9.916666666666666,0.6138888888888888
HHN-EDI-01,2025-07-15,Orthopaedics Ward A,4.625,9.958333333333334,0.46435185185185185
HHN-EDI-01,2025-07-16,Orthopaedics Ward A,6.708333333333333,9.875,0.6791666666666667
HHN-EDI-01,2025-07-17,Orthopaedics Ward A,8.125,9.958333333333334,0.8162037037037037
HHN-EDI-01,2025-07-18,Orthopaedics Ward A,6.625,10.0,0.6625
HHN-EDI-01,2025-07-19,Orthopaedics Ward A,8.083333333333334,9.833333333333334,0.8236111111111111
HHN-EDI-01,2025-07-20,Orthopaedics Ward A,7.083333333333333,9.833333333333334,0.7212962962962962
HHN-EDI-01,2025-07-21,Orthopaedics Ward A,5.916666666666667,10.0,0.5916666666666667
HHN-EDI-01,2025-07-22,Orthopaedics Ward A,5.791666666666667,10.0,0.5791666666666667
HHN-EDI-01,2025-07-23,Orthopaedics Ward A,6.583333333333333,9.958333333333334,0.6611111111111111
HHN-EDI-01,2025-07-24,Orthopaedics Ward A,7.166666666666667,10.0,0.7166666666666667
HHN-EDI-01,2025-07-25,Orthopaedics Ward A,8.208333333333334,9.958333333333334,0.8240740740740741
HHN-EDI-01,2025-07-26,Orthopaedics Ward A,8.0,9.958333333333334,0.8037037037037038
HHN-EDI-01,2025-07-27,Orthopaedics Ward A,7.833333333333333,9.916666666666666,0.7907407407407407
HHN-EDI-01,2025-07-28,Orthopaedics Ward A,6.875,9.916666666666666,0.6935185185185185
HHN-EDI-01,2025-07-29,Orthopaedics Ward A,6.333333333333333,9.875,0.6430555555555556
HHN-EDI-01,2025-07-30,Orthopaedics Ward A,5.75,9.875,0.5828703703703704
HHN-EDI-01,2025-07-31,Orthopaedics Ward A,5.208333333333333,10.0,0.5208333333333334
HHN-EDI-01,2025-08-01,Orthopaedics Ward A,5.541666666666667,9.875,0.562037037037037
HHN-EDI-01,2025-08-02,Orthopaedics Ward A,6.125,9.916666666666666,0.6185185185185185
HHN-EDI-01,2025-08-03,Orthopaedics Ward A,6.25,9.875,0.6342592592592592
HHN-EDI-01,2025-08-04,Orthopaedics Ward A,9.041666666666666,10.0,0.9041666666666667
HHN-EDI-01,2025-08-05,Orthopaedics Ward A,7.5,10.0,0.75
HHN-EDI-01,2025-08-06,Orthopaedics Ward A,5.5,9.916666666666666,0.5550925925925926
HHN-EDI-01,2025-08-07,Orthopaedics Ward A,5.958333333333333,10.0,0.5958333333333333
HHN-EDI-01,2025-08-08,Orthopaedics Ward A,7.333333333333333,9.916666666666666,0.7402777777777777
HHN-EDI-01,2025-08-09,Orthopaedics Ward A,7.583333333333333,9.708333333333334,0.7833333333333333
HHN-EDI-01,2025-08-10,Orthopaedics Ward A,6.083333333333333,9.958333333333334,0.611111111111111
HHN-EDI-01,2025-08-11,Orthopaedics Ward A,6.833333333333333,9.916666666666666,0.6898148148148148
HHN-EDI-01,2025-08-12,Orthopaedics Ward A,5.5,9.916666666666666,0.5555555555555555
HHN-EDI-01,2025-08-13,Orthopaedics Ward A,5.541666666666667,10.0,0.5541666666666666
HHN-EDI-01,2025-08-14,Orthopaedics Ward A,4.958333333333333,10.0,0.49583333333333335
HHN-EDI-01,2025-08-15,Orthopaedics Ward A,6.541666666666667,9.916666666666666,0.6601851851851851
HHN-EDI-01,2025-08-16,Orthopaedics Ward A,7.208333333333333,9.958333333333334,0.724074074074074
HHN-EDI-01,2025-08-17,Orthopaedics Ward A,6.541666666666667,9.875,0.6629629629629629
HHN-EDI-01,2025-08-18,Orthopaedics Ward A,5.333333333333333,10.0,0.5333333333333333
HHN-EDI-01,2025-08-19,Orthopaedics Ward A,6.666666666666667,9.916666666666666,0.672685185185185
HHN-EDI-01,2025-08-20,Orthopaedics Ward A,7.291666666666667,10.0,0.7291666666666666
HHN-EDI-01,2025-08-21,Orthopaedics Ward A,6.083333333333333,10.0,0.6083333333333333
HHN-EDI-01,2025-08-22,Orthopaedics Ward A,4.708333333333333,9.916666666666666,0.47500000000000003
HHN-EDI-01,2025-08-23,Orthopaedics Ward A,5.458333333333333,9.875,0.5541666666666667
HHN-EDI-01,2025-08-24,Orthopaedics Ward A,9.083333333333334,10.0,0.9083333333333333
HHN-EDI-01,2025-08-25,Orthopaedics Ward A,9.875,9.958333333333334,0.9916666666666667
HHN-EDI-01,2025-08-26,Orthopaedics Ward A,8.25,10.0,0.8250000000000001
HHN-EDI-01,2025-08-27,Orthopaedics Ward A,9.291666666666666,10.0,0.9291666666666667
HHN-EDI-01,2025-08-28,Orthopaedics Ward A,9.833333333333334,9.875,0.9958333333333332
HHN-EDI-01,2025-08-29,Orthopaedics Ward A,9.041666666666666,9.916666666666666,0.9125000000000001
HHN-EDI-01,2025-08-30,Orthopaedics Ward A,9.791666666666666,9.958333333333334,0.9833333333333334
HHN-EDI-01,2025-08-31,Orthopaedics Ward A,8.25,9.916666666666666,0.8324074074074074
HHN-EDI-01,2025-09-01,Orthopaedics Ward A,6.666666666666667,9.916666666666666,0.6722222222222222
HHN-EDI-01,2025-09-02,Orthopaedics Ward A,6.666666666666667,9.875,0.6754629629629628
HHN-EDI-01,2025-09-03,Orthopaedics Ward A,7.166666666666667,9.958333333333334,0.7199074074074074
HHN-EDI-01,2025-09-04,Orthopaedics Ward A,8.333333333333334,10.0,0.8333333333333334
HHN-EDI-01,2025-09-05,Orthopaedics Ward A,9.583333333333334,9.916666666666666,0.9666666666666667
HHN-EDI-01,2025-09-06,Orthopaedics Ward A,9.208333333333334,9.916666666666666,0.9291666666666667
HHN-EDI-01,2025-09-07,Orthopaedics Ward A,7.708333333333333,9.833333333333334,0.7851851851851852
HHN-EDI-01,2025-09-08,Orthopaedics Ward A,6.125,9.958333333333334,0.6152777777777777
HHN-EDI-01,2025-09-09,Orthopaedics Ward A,7.0,9.916666666666666,0.7069444444444444
HHN-EDI-01,2025-09-10,Orthopaedics Ward A,9.416666666666666,9.958333333333334,0.9453703703703704
HHN-EDI-01,2025-09-11,Orthopaedics Ward A,9.916666666666666,9.916666666666666,1.0
HHN-EDI-01,2025-09-12,Orthopaedics Ward A,9.75,9.916666666666666,0.9833333333333334
HHN-EDI-01,2025-09-13,Orthopaedics Ward A,9.791666666666666,9.916666666666666,0.9874999999999999
HHN-EDI-01,2025-09-14,Orthopaedics Ward A,7.416666666666667,9.916666666666666,0.7490740740740741
HHN-EDI-01,2025-09-15,Orthopaedics Ward A,8.458333333333334,9.958333333333334,0.85
HHN-EDI-01,2025-09-16,Orthopaedics Ward A,9.583333333333334,9.916666666666666,0.9666666666666667
HHN-EDI-01,2025-09-17,Orthopaedics Ward A,9.958333333333334,9.958333333333334,1.0
HHN-EDI-01,2025-09-18,Orthopaedics Ward A,9.958333333333334,9.958333333333334,1.0
HHN-EDI-01,2025-09-19,Orthopaedics Ward A,9.958333333333334,9.958333333333334,1.0
HHN-EDI-01,2025-09-20,Orthopaedics Ward A,9.916666666666666,9.916666666666666,1.0
HHN-EDI-01,2025-09-21,Orthopaedics Ward A,8.833333333333334,9.958333333333334,0.8875000000000001
HHN-EDI-01,2025-09-22,Orthopaedics Ward A,6.375,9.958333333333334,0.6402777777777777
HHN-EDI-01,2025-09-23,Orthopaedics Ward A,8.666666666666666,10.0,0.8666666666666667
HHN-EDI-01,2025-09-24,Orthopaedics Ward A,9.958333333333334,9.958333333333334,1.0
HHN-EDI-01,2025-09-25,Orthopaedics Ward A,9.916666666666666,9.916666666666666,1.0
HHN-EDI-01,2025-09-26,Orthopaedics Ward A,9.958333333333334,9.958333333333334,1.0
HHN-EDI-01,2025-09-27,Orthopaedics Ward A,9.875,9.875,1.0
HHN-EDI-01,2025-09-28,Orthopaedics Ward A,9.791666666666666,9.958333333333334,0.9833333333333334
HHN-EDI-01,2025-09-29,Orthopaedics Ward A,9.25,9.833333333333334,0.9407407407407408
HHN-EDI-01,2025-09-30,Orthopaedics Ward A,9.916666666666666,9.916666666666666,1.0
HHN-EDI-01,2025-10-01,Orthopaedics Ward A,9.708333333333334,9.958333333333334,0.975
HHN-EDI-01,2025-10-02,Orthopaedics Ward A,9.5,9.958333333333334,0.9541666666666666
HHN-EDI-01,2025-10-03,Orthopaedics Ward A,9.083333333333334,10.0,0.9083333333333333
HHN-EDI-01,2025-10-04,Orthopaedics Ward A,6.208333333333333,10.0,0.6208333333333333
HHN-EDI-01,2025-10-05,Orthopaedics Ward A,6.833333333333333,9.875,0.6916666666666668
HHN-EDI-01,2025-10-06,Orthopaedics Ward A,8.625,9.833333333333334,0.8773148148148149
HHN-EDI-01,2025-10-07,Orthopaedics Ward A,9.166666666666666,10.0,0.9166666666666666
HHN-EDI-01,2025-10-08,Orthopaedics Ward A,9.958333333333334,9.958333333333334,1.0
HHN-EDI-01,2025-10-09,Orthopaedics Ward A,10.0,10.0,1.0
HHN-EDI-01,2025-10-10,Orthopaedics Ward A,9.958333333333334,9.958333333333334,1.0
HHN-EDI-01,2025-10-11,Orthopaedics Ward A,9.833333333333334,9.833333333333334,1.0
HHN-EDI-01,2025-10-12,Orthopaedics Ward A,9.875,9.875,1.0
HHN-EDI-01,2025-10-13,Orthopaedics Ward A,9.958333333333334,9.958333333333334,1.0
HHN-EDI-01,2025-10-14,Orthopaedics Ward A,9.958333333333334,9.958333333333334,1.0
HHN-EDI-01,2025-10-15,Orthopaedics Ward A,9.916666666666666,9.916666666666666,1.0
HHN-EDI-01,2025-10-16,Orthopaedics Ward A,10.0,10.0,1.0
HHN-EDI-01,2025-10-17,Orthopaedics Ward A,10.0,10.0,1.0
HHN-EDI-01,2025-10-18,Orthopaedics Ward A,9.958333333333334,9.958333333333334,1.0
HHN-EDI-01,2025-10-19,Orthopaedics Ward A,9.625,9.875,0.975
HHN-EDI-01,2025-10-20,Orthopaedics Ward A,9.291666666666666,10.0,0.9291666666666667
HHN-EDI-01,2025-10-21,Orthopaedics Ward A,9.708333333333334,9.958333333333334,0.975
HHN-EDI-01,2025-10-22,Orthopaedics Ward A,7.416666666666667,9.958333333333334,0.7453703703703703
HHN-EDI-01,2025-10-23,Orthopaedics Ward A,3.0416666666666665,9.916666666666666,0.30648148148148147
HHN-EDI-01,2025-10-24,Orthopaedics Ward A,2.375,9.958333333333334,0.23842592592592593
HHN-EDI-01,2025-10-25,Orthopaedics Ward A,4.958333333333333,9.916666666666666,0.5009259259259259
HHN-EDI-01,2025-10-26,Orthopaedics Ward A,5.041666666666667,10.0,0.5041666666666667
HHN-EDI-01,2025-10-27,Orthopaedics Ward A,5.5,9.958333333333334,0.5523148148148148
HHN-EDI-01,2025-10-28,Orthopaedics Ward A,6.958333333333333,10.0,0.6958333333333333
HHN-EDI-01,2025-10-29,Orthopaedics Ward A,9.208333333333334,9.916666666666666,0.9287037037037037
HHN-EDI-01,2025-10-30,Orthopaedics Ward A,10.0,10.0,1.0
HHN-EDI-01,2025-10-31,Orthopaedics Ward A,9.958333333333334,9.958333333333334,1.0
HHN-EDI-01,2025-11-01,Orthopaedics Ward A,9.916666666666666,9.916666666666666,1.0
HHN-EDI-01,2025-11-02,Orthopaedics Ward A,9.333333333333334,10.0,0.9333333333333332
HHN-EDI-01,2025-11-03,Orthopaedics Ward A,8.083333333333334,9.958333333333334,0.8115740740740741
HHN-EDI-01,2025-11-04,Orthopaedics Ward A,9.375,9.875,0.949537037037037
HHN-EDI-01,2025-11-05,Orthopaedics Ward A,10.0,10.0,1.0
HHN-EDI-01,2025-11-06,Orthopaedics Ward A,9.875,9.875,1.0
HHN-EDI-01,2025-11-07,Orthopaedics Ward A,10.0,10.0,1.0
HHN-EDI-01,2025-11-08,Orthopaedics Ward A,9.5,9.875,0.9625
HHN-EDI-01,2025-11-09,Orthopaedics Ward A,9.166666666666666,9.916666666666666,0.9249999999999999
HHN-EDI-01,2025-11-10,Orthopaedics Ward A,10.0,10.0,1.0
HHN-EDI-01,2025-11-11,Orthopaedics Ward A,9.916666666666666,9.916666666666666,1.0
HHN-EDI-01,2025-11-12,Orthopaedics Ward A,9.541666666666666,10.0,0.9541666666666666
HHN-EDI-01,2025-11-13,Orthopaedics Ward A,7.208333333333333,9.875,0.7305555555555555
HHN-EDI-01,2025-11-14,Orthopaedics Ward A,4.958333333333333,9.958333333333334,0.4976851851851852
HHN-EDI-01,2025-11-15,Orthopaedics Ward A,4.583333333333333,9.958333333333334,0.4601851851851852
HHN-EDI-01,2025-11-16,Orthopaedics Ward A,5.666666666666667,10.0,0.5666666666666667
HHN-EDI-01,2025-11-17,Orthopaedics Ward A,7.583333333333333,10.0,0.7583333333333333
HHN-EDI-01,2025-11-18,Orthopaedics Ward A,9.958333333333334,9.958333333333334,1.0
HHN-EDI-01,2025-11-19,Orthopaedics Ward A,10.0,10.0,1.0
HHN-EDI-01,2025-11-20,Orthopaedics Ward A,9.791666666666666,9.833333333333334,0.9958333333333332
HHN-EDI-01,2025-11-21,Orthopaedics Ward A,9.916666666666666,9.916666666666666,1.0
HHN-EDI-01,2025-11-22,Orthopaedics Ward A,9.833333333333334,9.875,0.9958333333333332
HHN-EDI-01,2025-11-23,Orthopaedics Ward A,6.958333333333333,9.875,0.7055555555555556
HHN-EDI-01,2025-11-24,Orthopaedics Ward A,4.583333333333333,9.916666666666666,0.46296296296296297
HHN-EDI-01,2025-11-25,Orthopaedics Ward A,5.166666666666667,9.958333333333334,0.5194444444444445
HHN-EDI-01,2025-11-26,Orthopaedics Ward A,9.375,9.958333333333334,0.9412037037037037
HHN-EDI-01,2025-11-27,Orthopaedics Ward A,10.0,10.0,1.0
HHN-EDI-01,2025-11-28,Orthopaedics Ward A,9.916666666666666,9.916666666666666,1.0
HHN-EDI-01,2025-11-29,Orthopaedics Ward A,10.0,10.0,1.0
HHN-EDI-01,2025-11-30,Orthopaedics Ward A,9.916666666666666,9.916666666666666,1.0
HHN-EDI-01,2025-12-01,Orthopaedics Ward A,9.958333333333334,9.958333333333334,1.0
HHN-EDI-01,2025-12-02,Orthopaedics Ward A,9.833333333333334,9.833333333333334,1.0
HHN-EDI-01,2025-12-03,Orthopaedics Ward A,9.833333333333334,9.833333333333334,1.0
HHN-EDI-01,2025-12-04,Orthopaedics Ward A,9.916666666666666,9.916666666666666,1.0
HHN-EDI-01,2025-12-05,Orthopaedics Ward A,9.958333333333334,9.958333333333334,1.0
HHN-EDI-01,2025-12-06,Orthopaedics Ward A,9.958333333333334,9.958333333333334,1.0
HHN-EDI-01,2025-12-07,Orthopaedics Ward A,9.791666666666666,9.791666666666666,1.0
HHN-EDI-01,2025-12-08,Orthopaedics Ward A,9.958333333333334,9.958333333333334,1.0
HHN-EDI-01,2025-12-09,Orthopaedics Ward A,9.875,9.875,1.0
HHN-EDI-01,2025-12-10,Orthopaedics Ward A,9.958333333333334,9.958333333333334,1.0
HHN-EDI-01,2025-12-11,Orthopaedics Ward A,10.0,10.0,1.0
HHN-EDI-01,2025-12-12,Orthopaedics Ward A,9.958333333333334,9.958333333333334,1.0
HHN-EDI-01,2025-12-13,Orthopaedics Ward A,9.791666666666666,9.916666666666666,0.9874999999999999
HHN-EDI-01,2025-12-14,Orthopaedics Ward A,8.208333333333334,9.791666666666666,0.8393518518518519
HHN-EDI-01,2025-12-15,Orthopaedics Ward A,9.625,9.916666666666666,0.9708333333333333
HHN-EDI-01,2025-12-16,Orthopaedics Ward A,9.958333333333334,9.958333333333334,1.0
HHN-EDI-01,2025-12-17,Orthopaedics Ward A,9.916666666666666,9.916666666666666,1.0
HHN-EDI-01,2025-12-18,Orthopaedics Ward A,9.333333333333334,10.0,0.9333333333333332
HHN-EDI-01,2025-12-19,Orthopaedics Ward A,9.916666666666666,9.916666666666666,1.0
HHN-EDI-01,2025-12-20,Orthopaedics Ward A,9.833333333333334,9.833333333333334,1.0
HHN-EDI-01,2025-12-21,Orthopaedics Ward A,9.791666666666666,9.791666666666666,1.0
HHN-EDI-01,2025-12-22,Orthopaedics Ward A,10.0,10.0,1.0
HHN-EDI-01,2025-12-23,Orthopaedics Ward A,9.958333333333334,9.958333333333334,1.0
HHN-EDI-01,2025-12-24,Orthopaedics Ward A,9.958333333333334,9.958333333333334,1.0
HHN-EDI-01,2025-12-25,Orthopaedics Ward A,9.875,9.875,1.0
HHN-EDI-01,2025-12-26,Orthopaedics Ward A,10.0,10.0,1.0
HHN-EDI-01,2025-12-27,Orthopaedics Ward A,9.875,9.875,1.0
HHN-EDI-01,2025-12-28,Orthopaedics Ward A,9.833333333333334,9.833333333333334,1.0
HHN-EDI-01,2025-12-29,Orthopaedics Ward A,9.875,9.875,1.0
HHN-EDI-01,2025-12-30,Orthopaedics Ward A,9.791666666666666,9.791666666666666,1.0
HHN-EDI-01,2025-12-31,Orthopaedics Ward A,9.958333333333334,9.958333333333334,1.0
HHN-LON-01,2024-01-01,Orthopaedics Ward A,2.2083333333333335,27.583333333333332,0.08189484126984124
HHN-LON-01,2024-01-02,Orthopaedics Ward A,7.583333333333333,27.791666666666668,0.2728417107583774
HHN-LON-01,2024-01-03,Orthopaedics Ward A,9.125,27.833333333333332,0.3288690476190476
HHN-LON-01,2024-01-04,Orthopaedics Ward A,13.791666666666666,27.916666666666668,0.4941620879120879
HHN-LON-01,2024-01-05,Orthopaedics Ward A,15.708333333333334,28.0,0.5610119047619048
HHN-LON-01,2024-01-06,Orthopaedics Ward A,14.041666666666666,27.708333333333332,0.5074603174603175
HHN-LON-01,2024-01-07,Orthopaedics Ward A,18.0,27.916666666666668,0.6449175824175825
HHN-LON-01,2024-01-08,Orthopaedics Ward A,20.333333333333332,27.708333333333332,0.7338690476190477
HHN-LON-01,2024-01-09,Orthopaedics Ward A,20.125,27.75,0.7255357142857143
HHN-LON-01,2024-01-10,Orthopaedics Ward A,26.333333333333332,27.875,0.9449404761904762
HHN-LON-01,2024-01-11,Orthopaedics Ward A,27.875,27.875,1.0
HHN-LON-01,2024-01-12,Orthopaedics Ward A,27.625,27.625,1.0
HHN-LON-01,2024-01-13,Orthopaedics Ward A,27.833333333333332,27.833333333333332,1.0
HHN-LON-01,2024-01-14,Orthopaedics Ward A,27.291666666666668,27.666666666666668,0.9866071428571429
HHN-LON-01,2024-01-15,Orthopaedics Ward A,27.958333333333332,27.958333333333332,1.0
HHN-LON-01,2024-01-16,Orthopaedics Ward A,27.666666666666668,27.666666666666668,1.0
HHN-LON-01,2024-01-17,Orthopaedics Ward A,27.75,27.75,1.0
HHN-LON-01,2024-01-18,Orthopaedics Ward A,27.333333333333332,27.333333333333332,1.0
HHN-LON-01,2024-01-19,Orthopaedics Ward A,27.916666666666668,27.916666666666668,1.0
HHN-LON-01,2024-01-20,Orthopaedics Ward A,27.708333333333332,27.708333333333332,1.0
HHN-LON-01,2024-01-21,Orthopaedics Ward A,26.041666666666668,27.916666666666668,0.9328067765567766
HHN-LON-01,2024-01-22,Orthopaedics Ward A,20.5,27.75,0.7391636141636142
HHN-LON-01,2024-01-23,Orthopaedics Ward A,23.083333333333332,27.541666666666668,0.8398071835571835
HHN-LON-01,2024-01-24,Orthopaedics Ward A,23.875,27.666666666666668,0.8640740740740741
HHN-LON-01,2024-01-25,Orthopaedics Ward A,24.375,27.541666666666668,0.8863912630579297
HHN-LON-01,2024-01-26,Orthopaedics Ward A,26.875,27.666666666666668,0.9717261904761906
HHN-LON-01,2024-01-27,Orthopaedics Ward A,27.291666666666668,27.708333333333332,0.9851190476190476
HHN-LON-01,2024-01-28,Orthopaedics Ward A,24.625,28.0,0.8794642857142857
HHN-LON-01,2024-01-29,Orthopaedics Ward A,22.625,27.583333333333332,0.8221191154524488
HHN-LON-01,2024-01-30,Orthopaedics Ward A,20.958333333333332,27.958333333333332,0.7496693121693122
HHN-LON-01,2024-01-31,Orthopaedics Ward A,23.166666666666668,27.833333333333332,0.8328373015873015
HHN-LON-01,2024-02-01,Orthopaedics Ward A,27.916666666666668,27.916666666666668,1.0
HHN-LON-01,2024-02-02,Orthopaedics Ward A,27.666666666666668,27.666666666666668,1.0
HHN-LON-01,2024-02-03,Orthopaedics Ward A,27.25,27.25,1.0
HHN-LON-01,2024-02-04,Orthopaedics Ward A,27.708333333333332,27.708333333333332,1.0
HHN-LON-01,2024-02-05,Orthopaedics Ward A,27.666666666666668,27.666666666666668,1.0
HHN-LON-01,2024-02-06,Orthopaedics Ward A,27.375,27.375,1.0
HHN-LON-01,2024-02-07,Orthopaedics Ward A,27.75,27.875,0.9955357142857143
HHN-LON-01,2024-02-08,Orthopaedics Ward A,27.0,27.833333333333332,0.9702380952380953
HHN-LON-01,2024-02-09,Orthopaedics Ward A,24.541666666666668,27.958333333333332,0.8777557319223986
HHN-LON-01,2024-02-10,Orthopaedics Ward A,22.375,27.291666666666668,0.8222563932980599
HHN-LON-01,2024-02-11,Orthopaedics Ward A,24.0,27.791666666666668,0.8645833333333334
HHN-LON-01,2024-02-12,Orthopaedics Ward A,28.0,28.0,1.0
HHN-LON-01,2024-02-13,Orthopaedics Ward A,27.916666666666668,27.916666666666668,1.0
HHN-LON-01,2024-02-14,Orthopaedics Ward A,28.0,28.0,1.0
HHN-LON-01,2024-02-15,Orthopaedics Ward A,27.166666666666668,27.166666666666668,1.0
HHN-LON-01,2024-02-16,Orthopaedics Ward A,27.791666666666668,27.791666666666668,1.0
HHN-LON-01,2024-02-17,Orthopaedics Ward A,27.375,27.375,1.0
HHN-LON-01,2024-02-18,Orthopaedics Ward A,23.0,27.583333333333332,0.8346030898114232
HHN-LON-01,2024-02-19,Orthopaedics Ward A,20.916666666666668,27.5,0.7624007936507936
HHN-LON-01,2024-02-20,Orthopaedics Ward A,26.375,27.541666666666668,0.9578924162257496
HHN-LON-01,2024-02-21,Orthopaedics Ward A,27.541666666666668,27.541666666666668,1.0
HHN-LON-01,2024-02-22,Orthopaedics Ward A,27.708333333333332,27.708333333333332,1.0
HHN-LON-01,2024-02-23,Orthopaedics Ward A,27.583333333333332,27.666666666666668,0.9970238095238096
HHN-LON-01,2024-02-24,Orthopaedics Ward A,27.916666666666668,27.916666666666668,1.0
HHN-LON-01,2024-02-25,Orthopaedics Ward A,27.708333333333332,27.75,0.9985119047619048
HHN-LON-01,2024-02-26,Orthopaedics Ward A,27.5,27.666666666666668,0.9940476190476191
HHN-LON-01,2024-02-27,Orthopaedics Ward A,27.666666666666668,27.666666666666668,1.0
HHN-LON-01,2024-02-28,Orthopaedics Ward A,27.541666666666668,27.541666666666668,1.0
HHN-LON-01,2024-02-29,Orthopaedics Ward A,27.958333333333332,28.0,0.9985119047619048
HHN-LON-01,2024-03-01,Orthopaedics Ward A,25.041666666666668,28.0,0.8943452380952381
HHN-LON-01,2024-03-02,Orthopaedics Ward A,20.083333333333332,27.833333333333332,0.722718253968254
HHN-LON-01,2024-03-03,Orthopaedics Ward A,17.708333333333332,27.5,0.6458333333333334
HHN-LON-01,2024-03-04,Orthopaedics Ward A,19.125,27.833333333333332,0.6870039682539683
HHN-LON-01,2024-03-05,Orthopaedics Ward A,24.208333333333332,27.708333333333332,0.8745315255731922
HHN-LON-01,2024-03-06,Orthopaedics Ward A,27.916666666666668,27.958333333333332,0.9985119047619048
HHN-LON-01,2024-03-07,Orthopaedics Ward A,28.0,28.0,1.0
HHN-LON-01,2024-03-08,Orthopaedics Ward A,27.083333333333332,28.0,0.9672619047619048
HHN-LON-01,2024-03-09,Orthopaedics Ward A,27.625,27.916666666666668,0.9895833333333334
HHN-LON-01,2024-03-10,Orthopaedics Ward A,27.375,27.583333333333332,0.9925595238095238
HHN-LON-01,2024-03-11,Orthopaedics Ward A,27.958333333333332,27.958333333333332,1.0
HHN-LON-01,2024-03-12,Orthopaedics Ward A,27.75,27.75,1.0
HHN-LON-01,2024-03-13,Orthopaedics Ward A,28.0,28.0,1.0
HHN-LON-01,2024-03-14,Orthopaedics Ward A,27.083333333333332,27.833333333333332,0.9732142857142857
HHN-LON-01,2024-03-15,Orthopaedics Ward A,24.833333333333332,27.833333333333332,0.8928571428571429
HHN-LON-01,2024-03-16,Orthopaedics Ward A,19.375,27.333333333333332,0.7109623015873016
HHN-LON-01,2024-03-17,Orthopaedics Ward A,18.75,27.708333333333332,0.677638888888889
HHN-LON-01,2024-03-18,Orthopaedics Ward A,17.166666666666668,27.625,0.6227678571428571
HHN-LON-01,2024-03-19,Orthopaedics Ward A,20.083333333333332,27.875,0.7203144078144078
HHN-LON-01,2024-03-20,Orthopaedics Ward A,19.958333333333332,27.541666666666668,0.7260416666666667
HHN-LON-01,2024-03-21,Orthopaedics Ward A,23.333333333333332,28.0,0.8333333333333334
HHN-LON-01,2024-03-22,Orthopaedics Ward A,22.375,27.875,0.8028888549721883
HHN-LON-01,2024-03-23,Orthopaedics Ward A,24.208333333333332,28.0,0.8645833333333334
HHN-LON-01,2024-03-24,Orthopaedics Ward A,20.333333333333332,27.708333333333332,0.7345021876271877
HHN-LON-01,2024-03-25,Orthopaedics Ward A,17.0,27.916666666666668,0.6090888278388279
HHN-LON-01,2024-03-26,Orthopaedics Ward A,23.666666666666668,27.875,0.8497023809523809
HHN-LON-01,2024-03-27,Orthopaedics Ward A,22.625,27.708333333333332,0.8184523809523809
HHN-LON-01,2024-03-28,Orthopaedics Ward A,20.666666666666668,27.875,0.7418452380952382
HHN-LON-01,2024-03-29,Orthopaedics Ward A,20.541666666666668,28.0,0.7336309523809524
HHN-LON-01,2024-03-30,Orthopaedics Ward A,18.833333333333332,27.375,0.6893675383258717
HHN-LON-01,2024-03-31,Orthopaedics Ward A,16.333333333333332,27.791666666666668,0.5882385361552028
HHN-LON-01,2024-04-01,Orthopaedics Ward A,17.416666666666668,28.0,0.6220238095238095
HHN-LON-01,2024-04-02,Orthopaedics Ward A,22.041666666666668,28.0,0.7872023809523809
HHN-LON-01,2024-04-03,Orthopaedics Ward A,23.791666666666668,27.666666666666668,0.8609012515262515
HHN-LON-01,2024-04-04,Orthopaedics Ward A,22.625,27.833333333333332,0.8135302197802198
HHN-LON-01,2024-04-05,Orthopaedics Ward A,24.208333333333332,28.0,0.8645833333333334
HHN-LON-01,2024-04-06,Orthopaedics Ward A,26.25,27.791666666666668,0.9448853615520282
HHN-LON-01,2024-04-07,Orthopaedics Ward A,27.375,27.375,1.0
HHN-LON-01,2024-04-08,Orthopaedics Ward A,28.0,28.0,1.0
HHN-LON-01,2024-04-09,Orthopaedics Ward A,27.833333333333332,27.833333333333332,1.0
HHN-LON-01,2024-04-10,Orthopaedics Ward A,27.708333333333332,27.708333333333332,1.0
HHN-LON-01,2024-04-11,Orthopaedics Ward A,26.958333333333332,28.0,0.9627976190476191
HHN-LON-01,2024-04-12,Orthopaedics Ward A,27.5,27.5,1.0
HHN-LON-01,2024-04-13,Orthopaedics Ward A,27.083333333333332,27.708333333333332,0.9776785714285715
HHN-LON-01,2024-04-14,Orthopaedics Ward A,20.458333333333332,27.541666666666668,0.7439726631393299
HHN-LON-01,2024-04-15,Orthopaedics Ward A,16.208333333333332,28.0,0.5788690476190476
HHN-LON-01,2024-04-16,Orthopaedics Ward A,19.291666666666668,27.75,0.6963522588522588
HHN-LON-01,2024-04-17,Orthopaedics Ward A,24.291666666666668,28.0,0.8675595238095238
HHN-LON-01,2024-04-18,Orthopaedics Ward A,27.208333333333332,28.0,0.9717261904761906
HHN-LON-01,2024-04-19,Orthopaedics Ward A,28.0,28.0,1.0
HHN-LON-01,2024-04-20,Orthopaedics Ward A,28.0,28.0,1.0
HHN-LON-01,2024-04-21,Orthopaedics Ward A,27.291666666666668,27.833333333333332,0.980654761904762
HHN-LON-01,2024-04-22,Orthopaedics Ward A,27.541666666666668,27.833333333333332,0.9895833333333334
HHN-LON-01,2024-04-23,Orthopaedics Ward A,25.583333333333332,27.75,0.9226190476190476
HHN-LON-01,2024-04-24,Orthopaedics Ward A,27.958333333333332,27.958333333333332,1.0
HHN-LON-01,2024-04-25,Orthopaedics Ward A,27.625,27.916666666666668,0.9895833333333334
HHN-LON-01,2024-04-26,Orthopaedics Ward A,27.75,27.75,1.0
HHN-LON-01,2024-04-27,Orthopaedics Ward A,25.75,27.916666666666668,0.9226190476190476
HHN-LON-01,2024-04-28,Orthopaedics Ward A,23.25,27.958333333333332,0.8313492063492064
HHN-LON-01,2024-04-29,Orthopaedics Ward A,21.791666666666668,28.0,0.7782738095238094
HHN-LON-01,2024-04-30,Orthopaedics Ward A,22.166666666666668,27.791666666666668,0.798886684303351
HHN-LON-01,2024-05-01,Orthopaedics Ward A,25.541666666666668,28.0,0.9122023809523809
HHN-LON-01,2024-05-02,Orthopaedics Ward A,24.791666666666668,27.875,0.8893452380952381
HHN-LON-01,2024-05-03,Orthopaedics Ward A,23.541666666666668,28.0,0.8407738095238094
HHN-LON-01,2024-05-04,Orthopaedics Ward A,20.375,27.708333333333332,0.7367063492063491
HHN-LON-01,2024-05-05,Orthopaedics Ward A,12.625,27.708333333333332,0.4571292904626238
HHN-LON-01,2024-05-06,Orthopaedics Ward A,10.25,27.708333333333332,0.37076388888888884
HHN-LON-01,2024-05-07,Orthopaedics Ward A,13.5,28.0,0.48214285714285704
HHN-LON-01,2024-05-08,Orthopaedics Ward A,15.541666666666666,27.916666666666668,0.5568231922398589
HHN-LON-01,2024-05-09,Orthopaedics Ward A,19.5,28.0,0.6964285714285715
HHN-LON-01,2024-05-10,Orthopaedics Ward A,21.666666666666668,27.958333333333332,0.7749118165784833
HHN-LON-01,2024-05-11,Orthopaedics Ward A,22.291666666666668,27.791666666666668,0.8025518077601411
HHN-LON-01,2024-05-12,Orthopaedics Ward A,18.916666666666668,27.833333333333332,0.6798567019400353
HHN-LON-01,2024-05-13,Orthopaedics Ward A,16.666666666666668,28.0,0.5952380952380952
HHN-LON-01,2024-05-14,Orthopaedics Ward A,14.75,27.75,0.5318605006105006
HHN-LON-01,2024-05-15,Orthopaedics Ward A,17.958333333333332,28.0,0.6413690476190476
HHN-LON-01,2024-05-16,Orthopaedics Ward A,19.5,28.0,0.6964285714285715
HHN-LON-01,2024-05-17,Orthopaedics Ward A,26.458333333333332,28.0,0.9449404761904763
HHN-LON-01,2024-05-18,Orthopaedics Ward A,27.791666666666668,27.791666666666668,1.0
HHN-LON-01,2024-05-19,Orthopaedics Ward A,27.75,27.75,1.0
HHN-LON-01,2024-05-20,Orthopaedics Ward A,26.208333333333332,27.916666666666668,0.9388736263736264
HHN-LON-01,2024-05-21,Orthopaedics Ward A,26.791666666666668,27.875,0.9613095238095238
HHN-LON-01,2024-05-22,Orthopaedics Ward A,27.833333333333332,27.833333333333332,1.0
HHN-LON-01,2024-05-23,Orthopaedics Ward A,28.0,28.0,1.0
HHN-LON-01,2024-05-24,Orthopaedics Ward A,26.458333333333332,27.833333333333332,0.9508928571428572
HHN-LON-01,2024-05-25,Orthopaedics Ward A,21.625,28.0,0.7723214285714285
HHN-LON-01,2024-05-26,Orthopaedics Ward A,15.208333333333334,27.958333333333332,0.5441468253968255
HHN-LON-01,2024-05-27,Orthopaedics Ward A,13.625,27.833333333333332,0.48983134920634924
HHN-LON-01,2024-05-28,Orthopaedics Ward A,15.708333333333334,27.916666666666668,0.5626144688644689
HHN-LON-01,2024-05-29,Orthopaedics Ward A,24.333333333333332,27.708333333333332,0.8770833333333333
HHN-LON-01,2024-05-30,Orthopaedics Ward A,27.875,27.875,1.0
HHN-LON-01,2024-05-31,Orthopaedics Ward A,28.0,28.0,1.0
HHN-LON-01,2024-06-01,Orthopaedics Ward A,27.75,27.75,1.0
HHN-LON-01,2024-06-02,Orthopaedics Ward A,25.5,27.791666666666668,0.9181547619047619
HHN-LON-01,2024-06-03,Orthopaedics Ward A,19.875,28.0,0.7098214285714285
HHN-LON-01,2024-06-04,Orthopaedics Ward A,17.583333333333332,27.791666666666668,0.6331364468864469
HHN-LON-01,2024-06-05,Orthopaedics Ward A,18.75,28.0,0.6696428571428572
HHN-LON-01,2024-06-06,Orthopaedics Ward A,22.666666666666668,28.0,0.8095238095238094
HHN-LON-01,2024-06-07,Orthopaedics Ward A,21.708333333333332,28.0,0.7752976190476191
HHN-LON-01,2024-06-08,Orthopaedics Ward A,19.791666666666668,27.833333333333332,0.7114638447971782
HHN-LON-01,2024-06-09,Orthopaedics Ward A,16.875,27.75,0.6091071428571428
HHN-LON-01,2024-06-10,Orthopaedics Ward A,14.75,27.916666666666668,0.5286172161172161
HHN-LON-01,2024-06-11,Orthopaedics Ward A,15.5,28.0,0.5535714285714285
HHN-LON-01,2024-06-12,Orthopaedics Ward A,18.791666666666668,28.0,0.6711309523809524
HHN-LON-01,2024-06-13,Orthopaedics Ward A,20.125,27.958333333333332,0.7199074074074074
HHN-LON-01,2024-06-14,Orthopaedics Ward A,22.416666666666668,27.875,0.8045238095238095
HHN-LON-01,2024-06-15,Orthopaedics Ward A,21.25,27.833333333333332,0.7636574074074075
HHN-LON-01,2024-06-16,Orthopaedics Ward A,25.916666666666668,27.708333333333332,0.935375457875458
HHN-LON-01,2024-06-17,Orthopaedics Ward A,23.25,27.916666666666668,0.8329899267399267
HHN-LON-01,2024-06-18,Orthopaedics Ward A,24.0,28.0,0.8571428571428572
HHN-LON-01,2024-06-19,Orthopaedics Ward A,21.0,28.0,0.75
HHN-LON-01,2024-06-20,Orthopaedics Ward A,21.333333333333332,28.0,0.7619047619047619
HHN-LON-01,2024-06-21,Orthopaedics Ward A,25.666666666666668,27.541666666666668,0.9330357142857144
HHN-LON-01,2024-06-22,Orthopaedics Ward A,24.541666666666668,27.875,0.8807827974494641
HHN-LON-01,2024-06-23,Orthopaedics Ward A,21.666666666666668,27.875,0.7779166666666666
HHN-LON-01,2024-06-24,Orthopaedics Ward A,20.791666666666668,28.0,0.7425595238095238
HHN-LON-01,2024-06-25,Orthopaedics Ward A,21.583333333333332,27.75,0.7790560134310134
HHN-LON-01,2024-06-26,Orthopaedics Ward A,17.208333333333332,27.75,0.6209935897435898
HHN-LON-01,2024-06-27,Orthopaedics Ward A,18.416666666666668,27.958333333333332,0.6587301587301587
HHN-LON-01,2024-06-28,Orthopaedics Ward A,16.875,28.0,0.6026785714285714
HHN-LON-01,2024-06-29,Orthopaedics Ward A,13.25,27.833333333333332,0.4764307760141093
HHN-LON-01,2024-06-30,Orthopaedics Ward A,11.583333333333334,27.375,0.42500992063492066
HHN-LON-01,2024-07-01,Orthopaedics Ward A,14.75,28.0,0.5267857142857143
HHN-LON-01,2024-07-02,Orthopaedics Ward A,15.25,27.833333333333332,0.5480246913580247
HHN-LON-01,2024-07-03,Orthopaedics Ward A,15.291666666666666,28.0,0.5461309523809523
HHN-LON-01,2024-07-04,Orthopaedics Ward A,21.0,27.875,0.7532142857142857
HHN-LON-01,2024-07-05,Orthopaedics Ward A,26.458333333333332,28.0,0.9449404761904763
HHN-LON-01,2024-07-06,Orthopaedics Ward A,25.041666666666668,27.958333333333332,0.8958333333333334
HHN-LON-01,2024-07-07,Orthopaedics Ward A,21.916666666666668,27.958333333333332,0.7839506172839505
HHN-LON-01,2024-07-08,Orthopaedics Ward A,21.125,27.5,0.7697237484737484
HHN-LON-01,2024-07-09,Orthopaedics Ward A,18.583333333333332,28.0,0.6636904761904762
HHN-LON-01,2024-07-10,Orthopaedics Ward A,20.791666666666668,27.708333333333332,0.751201923076923
HHN-LON-01,2024-07-11,Orthopaedics Ward A,23.375,28.0,0.8348214285714285
HHN-LON-01,2024-07-12,Orthopaedics Ward A,25.25,27.916666666666668,0.9044184981684982
HHN-LON-01,2024-07-13,Orthopaedics Ward A,24.708333333333332,27.833333333333332,0.8878332315832317
HHN-LON-01,2024-07-14,Orthopaedics Ward A,18.416666666666668,27.666666666666668,0.666740520282187
HHN-LON-01,2024-07-15,Orthopaedics Ward A,18.25,28.0,0.6517857142857143
HHN-LON-01,2024-07-16,Orthopaedics Ward A,21.625,27.916666666666668,0.7749542124542125
HHN-LON-01,2024-07-17,Orthopaedics Ward A,24.25,28.0,0.8660714285714285
HHN-LON-01,2024-07-18,Orthopaedics Ward A,25.166666666666668,27.833333333333332,0.9047619047619048
HHN-LON-01,2024-07-19,Orthopaedics Ward A,27.208333333333332,27.625,0.9851190476190476
HHN-LON-01,2024-07-20,Orthopaedics Ward A,26.791666666666668,27.833333333333332,0.9627976190476191
HHN-LON-01,2024-07-21,Orthopaedics Ward A,23.375,27.541666666666668,0.8507919549586216
HHN-LON-01,2024-07-22,Orthopaedics Ward A,21.916666666666668,27.833333333333332,0.7881944444444445
HHN-LON-01,2024-07-23,Orthopaedics Ward A,21.625,27.833333333333332,0.7775297619047619
HHN-LON-01,2024-07-24,Orthopaedics Ward A,22.416666666666668,28.0,0.8005952380952381
HHN-LON-01,2024-07-25,Orthopaedics Ward A,21.291666666666668,27.708333333333332,0.7690575396825396
HHN-LON-01,2024-07-26,Orthopaedics Ward A,24.208333333333332,28.0,0.8645833333333334
HHN-LON-01,2024-07-27,Orthopaedics Ward A,26.041666666666668,27.833333333333332,0.9359567901234569
HHN-LON-01,2024-07-28,Orthopaedics Ward A,21.541666666666668,27.708333333333332,0.7770952041785376
HHN-LON-01,2024-07-29,Orthopaedics Ward A,16.125,27.916666666666668,0.5778388278388278
HHN-LON-01,2024-07-30,Orthopaedics Ward A,19.75,27.958333333333332,0.7065696649029981
HHN-LON-01,2024-07-31,Orthopaedics Ward A,21.625,27.833333333333332,0.7775297619047619
HHN-LON-01,2024-08-01,Orthopaedics Ward A,19.291666666666668,27.875,0.6927380952380954
HHN-LON-01,2024-08-02,Orthopaedics Ward A,15.666666666666666,27.75,0.5647461334961335
HHN-LON-01,2024-08-03,Orthopaedics Ward A,13.583333333333334,27.625,0.4920245726495726
HHN-LON-01,2024-08-04,Orthopaedics Ward A,12.375,27.666666666666668,0.4477447089947089
HHN-LON-01,2024-08-05,Orthopaedics Ward A,12.5,28.0,0.4464285714285714
HHN-LON-01,2024-08-06,Orthopaedics Ward A,14.0,28.0,0.5
HHN-LON-01,2024-08-07,Orthopaedics Ward A,16.416666666666668,27.833333333333332,0.5907738095238094
HHN-LON-01,2024-08-08,Orthopaedics Ward A,18.958333333333332,28.0,0.6770833333333334
HHN-LON-01,2024-08-09,Orthopaedics Ward A,17.541666666666668,27.958333333333332,0.6274250440917107
HHN-LON-01,2024-08-10,Orthopaedics Ward A,17.416666666666668,28.0,0.6220238095238095
HHN-LON-01,2024-08-11,Orthopaedics Ward A,18.125,27.791666666666668,0.6525961538461539
HHN-LON-01,2024-08-12,Orthopaedics Ward A,20.25,27.875,0.7264285714285714
HHN-LON-01,2024-08-13,Orthopaedics Ward A,23.666666666666668,27.666666666666668,0.8567438271604938
HHN-LON-01,2024-08-14,Orthopaedics Ward A,24.583333333333332,27.833333333333332,0.8839285714285715
HHN-LON-01,2024-08-15,Orthopaedics Ward A,20.958333333333332,27.916666666666668,0.7510302197802198
HHN-LON-01,2024-08-16,Orthopaedics Ward A,22.5,28.0,0.8035714285714285
HHN-LON-01,2024-08-17,Orthopaedics Ward A,20.125,27.833333333333332,0.7237103174603176
HHN-LON-01,2024-08-18,Orthopaedics Ward A,20.083333333333332,27.541666666666668,0.7304957773707774
HHN-LON-01,2024-08-19,Orthopaedics Ward A,16.958333333333332,27.833333333333332,0.6101190476190476
HHN-LON-01,2024-08-20,Orthopaedics Ward A,12.5,27.75,0.45035714285714284
HHN-LON-01,2024-08-21,Orthopaedics Ward A,13.041666666666666,27.708333333333332,0.47065145502645506
HHN-LON-01,2024-08-22,Orthopaedics Ward A,12.583333333333334,28.0,0.44940476190476186
HHN-LON-01,2024-08-23,Orthopaedics Ward A,12.291666666666666,27.833333333333332,0.44220458553791886
HHN-LON-01,2024-08-24,Orthopaedics Ward A,9.583333333333334,27.75,0.3459130375797042
HHN-LON-01,2024-08-25,Orthopaedics Ward A,6.958333333333333,27.958333333333332,0.24889770723104054
HHN-LON-01,2024-08-26,Orthopaedics Ward A,7.666666666666667,28.0,0.2738095238095238
HHN-LON-01,2024-08-27,Orthopaedics Ward A,11.625,27.833333333333332,0.417906746031746
HHN-LON-01,2024-08-28,Orthopaedics Ward A,8.5,28.0,0.30357142857142855
HHN-LON-01,2024-08-29,Orthopaedics Ward A,9.25,27.875,0.33196428571428566
HHN-LON-01,2024-08-30,Orthopaedics Ward A,10.75,27.833333333333332,0.3864991181657848
HHN-LON-01,2024-08-31,Orthopaedics Ward A,12.541666666666666,27.416666666666668,0.45843508343508343
HHN-LON-01,2024-09-01,Orthopaedics Ward A,11.958333333333334,27.916666666666668,0.42857142857142855
HHN-LON-01,2024-09-02,Orthopaedics Ward A,13.083333333333334,27.833333333333332,0.47012362637362637
HHN-LON-01,2024-09-03,Orthopaedics Ward A,16.875,27.75,0.6082303113553114
HHN-LON-01,2024-09-04,Orthopaedics Ward A,18.416666666666668,28.0,0.6577380952380952
HHN-LON-01,2024-09-05,Orthopaedics Ward A,25.083333333333332,27.708333333333332,0.90625
HHN-LON-01,2024-09-06,Orthopaedics Ward A,27.25,27.833333333333332,0.9791666666666666
HHN-LON-01,2024-09-07,Orthopaedics Ward A,27.625,27.625,1.0
HHN-LON-01,2024-09-08,Orthopaedics Ward A,25.666666666666668,27.625,0.9298809523809525
HHN-LON-01,2024-09-09,Orthopaedics Ward A,21.083333333333332,28.0,0.7529761904761906
HHN-LON-01,2024-09-10,Orthopaedics Ward A,19.583333333333332,28.0,0.6994047619047619
HHN-LON-01,2024-09-11,Orthopaedics Ward A,17.333333333333332,28.0,0.6190476190476191
HHN-LON-01,2024-09-12,Orthopaedics Ward A,16.416666666666668,28.0,0.5863095238095238
HHN-LON-01,2024-09-13,Orthopaedics Ward A,20.958333333333332,28.0,0.7485119047619048
HHN-LON-01,2024-09-14,Orthopaedics Ward A,19.875,27.875,0.7133928571428573
HHN-LON-01,2024-09-15,Orthopaedics Ward A,15.958333333333334,27.791666666666668,0.5744505494505494
HHN-LON-01,2024-09-16,Orthopaedics Ward A,17.875,27.916666666666668,0.6401565255731922
HHN-LON-01,2024-09-17,Orthopaedics Ward A,20.5,28.0,0.7321428571428572
HHN-LON-01,2024-09-18,Orthopaedics Ward A,24.375,27.666666666666668,0.8819444444444445
HHN-LON-01,2024-09-19,Orthopaedics Ward A,27.583333333333332,27.916666666666668,0.98804012345679
HHN-LON-01,2024-09-20,Orthopaedics Ward A,27.916666666666668,27.916666666666668,1.0
HHN-LON-01,2024-09-21,Orthopaedics Ward A,27.5,27.875,0.9866071428571429
HHN-LON-01,2024-09-22,Orthopaedics Ward A,27.666666666666668,28.0,0.9880952380952381
HHN-LON-01,2024-09-23,Orthopaedics Ward A,24.25,27.541666666666668,0.8814506172839507
HHN-LON-01,2024-09-24,Orthopaedics Ward A,23.083333333333332,27.916666666666668,0.8268086080586081
HHN-LON-01,2024-09-25,Orthopaedics Ward A,24.541666666666668,27.916666666666668,0.8791208791208791
HHN-LON-01,2024-09-26,Orthopaedics Ward A,24.541666666666668,27.875,0.8809523809523809
HHN-LON-01,2024-09-27,Orthopaedics Ward A,21.791666666666668,27.583333333333332,0.7914186507936508
HHN-LON-01,2024-09-28,Orthopaedics Ward A,22.708333333333332,27.916666666666668,0.8134369488536155
HHN-LON-01,2024-09-29,Orthopaedics Ward A,23.958333333333332,27.833333333333332,0.8616071428571428
HHN-LON-01,2024-09-30,Orthopaedics Ward A,24.333333333333332,27.916666666666668,0.8717948717948718
HHN-LON-01,2024-10-01,Orthopaedics Ward A,26.583333333333332,27.833333333333332,0.9547795414462081
HHN-LON-01,2024-10-02,Orthopaedics Ward A,23.416666666666668,28.0,0.8363095238095237
HHN-LON-01,2024-10-03,Orthopaedics Ward A,23.0,28.0,0.8214285714285715
HHN-LON-01,2024-10-04,Orthopaedics Ward A,23.0,28.0,0.8214285714285715
HHN-LON-01,2024-10-05,Orthopaedics Ward A,22.833333333333332,27.833333333333332,0.8202601410934744
HHN-LON-01,2024-10-06,Orthopaedics Ward A,22.833333333333332,27.833333333333332,0.8201884920634921
HHN-LON-01,2024-10-07,Orthopaedics Ward A,17.291666666666668,27.958333333333332,0.6187720458553791
HHN-LON-01,2024-10-08,Orthopaedics Ward A,16.333333333333332,28.0,0.5833333333333334
HHN-LON-01,2024-10-09,Orthopaedics Ward A,15.916666666666666,27.583333333333332,0.5775992063492064
HHN-LON-01,2024-10-10,Orthopaedics Ward A,16.5,27.583333333333332,0.5983699633699634
HHN-LON-01,2024-10-11,Orthopaedics Ward A,17.0,27.583333333333332,0.6165293040293041
HHN-LON-01,2024-10-12,Orthopaedics Ward A,18.75,27.625,0.6798778998778999
HHN-LON-01,2024-10-13,Orthopaedics Ward A,15.083333333333334,27.75,0.5442422161172161
HHN-LON-01,2024-10-14,Orthopaedics Ward A,18.291666666666668,27.875,0.6561309523809524
HHN-LON-01,2024-10-15,Orthopaedics Ward A,19.5,28.0,0.6964285714285715
HHN-LON-01,2024-10-16,Orthopaedics Ward A,18.083333333333332,27.833333333333332,0.6502976190476191
HHN-LON-01,2024-10-17,Orthopaedics Ward A,18.541666666666668,28.0,0.662202380952381
HHN-LON-01,2024-10-18,Orthopaedics Ward A,20.583333333333332,27.875,0.7388690476190476
HHN-LON-01,2024-10-19,Orthopaedics Ward A,19.958333333333332,27.666666666666668,0.7221825396825396
HHN-LON-01,2024-10-20,Orthopaedics Ward A,19.291666666666668,27.75,0.695408950617284
HHN-LON-01,2024-10-21,Orthopaedics Ward A,17.041666666666668,27.833333333333332,0.6130952380952381
HHN-LON-01,2024-10-22,Orthopaedics Ward A,19.333333333333332,27.75,0.6967429792429792
HHN-LON-01,2024-10-23,Orthopaedics Ward A,20.583333333333332,28.0,0.7351190476190476
HHN-LON-01,2024-10-24,Orthopaedics Ward A,25.125,28.0,0.8973214285714285
HHN-LON-01,2024-10-25,Orthopaedics Ward A,26.166666666666668,28.0,0.9345238095238096
HHN-LON-01,2024-10-26,Orthopaedics Ward A,27.583333333333332,27.583333333333332,1.0
HHN-LON-01,2024-10-27,Orthopaedics Ward A,27.875,28.0,0.9955357142857143
HHN-LON-01,2024-10-28,Orthopaedics Ward A,27.458333333333332,28.0,0.980654761904762
HHN-LON-01,2024-10-29,Orthopaedics Ward A,27.916666666666668,27.916666666666668,1.0
HHN-LON-01,2024-10-30,Orthopaedics Ward A,26.375,27.708333333333332,0.9523809523809524
HHN-LON-01,2024-10-31,Orthopaedics Ward A,21.416666666666668,28.0,0.7648809523809524
HHN-LON-01,2024-11-01,Orthopaedics Ward A,24.875,27.958333333333332,0.8898809523809524
HHN-LON-01,2024-11-02,Orthopaedics Ward A,26.208333333333332,27.458333333333332,0.9553020282186949
HHN-LON-01,2024-11-03,Orthopaedics Ward A,24.708333333333332,27.416666666666668,0.9029939967439967
HHN-LON-01,2024-11-04,Orthopaedics Ward A,26.958333333333332,27.875,0.9672067901234569
HHN-LON-01,2024-11-05,Orthopaedics Ward A,26.958333333333332,27.958333333333332,0.9642857142857143
HHN-LON-01,2024-11-06,Orthopaedics Ward A,24.708333333333332,27.833333333333332,0.8883928571428572
HHN-LON-01,2024-11-07,Orthopaedics Ward A,23.375,27.791666666666668,0.8415454144620811
HHN-LON-01,2024-11-08,Orthopaedics Ward A,26.583333333333332,28.0,0.9494047619047619
HHN-LON-01,2024-11-09,Orthopaedics Ward A,27.958333333333332,28.0,0.9985119047619048
HHN-LON-01,2024-11-10,Orthopaedics Ward A,25.833333333333332,28.0,0.9226190476190476
HHN-LON-01,2024-11-11,Orthopaedics Ward A,24.916666666666668,27.958333333333332,0.8911485890652558
HHN-LON-01,2024-11-12,Orthopaedics Ward A,22.333333333333332,27.75,0.8059561965811967
HHN-LON-01,2024-11-13,Orthopaedics Ward A,20.458333333333332,28.0,0.7306547619047619
HHN-LON-01,2024-11-14,Orthopaedics Ward A,20.375,27.75,0.7356532356532357
HHN-LON-01,2024-11-15,Orthopaedics Ward A,20.666666666666668,27.458333333333332,0.7539484126984127
HHN-LON-01,2024-11-16,Orthopaedics Ward A,20.625,28.0,0.7366071428571428
HHN-LON-01,2024-11-17,Orthopaedics Ward A,22.75,27.791666666666668,0.8191688712522045
HHN-LON-01,2024-11-18,Orthopaedics Ward A,23.583333333333332,27.583333333333332,0.8566849816849818
HHN-LON-01,2024-11-19,Orthopaedics Ward A,22.666666666666668,27.958333333333332,0.8107914462081128
HHN-LON-01,2024-11-20,Orthopaedics Ward A,24.041666666666668,27.916666666666668,0.8611492673992674
HHN-LON-01,2024-11-21,Orthopaedics Ward A,28.0,28.0,1.0
HHN-LON-01,2024-11-22,Orthopaedics Ward A,27.916666666666668,27.916666666666668,1.0
HHN-LON-01,2024-11-23,Orthopaedics Ward A,27.416666666666668,28.0,0.9791666666666666
HHN-LON-01,2024-11-24,Orthopaedics Ward A,22.416666666666668,27.791666666666668,0.8069037444037445
HHN-LON-01,2024-11-25,Orthopaedics Ward A,26.166666666666668,27.583333333333332,0.9494047619047619
HHN-LON-01,2024-11-26,Orthopaedics Ward A,27.416666666666668,27.833333333333332,0.9851190476190476
HHN-LON-01,2024-11-27,Orthopaedics Ward A,27.416666666666668,27.416666666666668,1.0
HHN-LON-01,2024-11-28,Orthopaedics Ward A,27.583333333333332,27.916666666666668,0.9880952380952381
HHN-LON-01,2024-11-29,Orthopaedics Ward A,25.041666666666668,27.916666666666668,0.8970458553791887
HHN-LON-01,2024-11-30,Orthopaedics Ward A,26.666666666666668,28.0,0.9523809523809524
HHN-LON-01,2024-12-01,Orthopaedics Ward A,25.625,27.666666666666668,0.9270833333333334
HHN-LON-01,2024-12-02,Orthopaedics Ward A,24.166666666666668,27.833333333333332,0.8690476190476191
HHN-LON-01,2024-12-03,Orthopaedics Ward A,23.333333333333332,27.875,0.8372337539004205
HHN-LON-01,2024-12-04,Orthopaedics Ward A,20.333333333333332,28.0,0.7261904761904763
HHN-LON-01,2024-12-05,Orthopaedics Ward A,16.541666666666668,27.916666666666668,0.5927197802197802
HHN-LON-01,2024-12-06,Orthopaedics Ward A,13.416666666666666,28.0,0.4791666666666667
HHN-LON-01,2024-12-07,Orthopaedics Ward A,11.875,27.791666666666668,0.42733058608058605
HHN-LON-01,2024-12-08,Orthopaedics Ward A,14.791666666666666,27.75,0.5335966117216117
HHN-LON-01,2024-12-09,Orthopaedics Ward A,22.041666666666668,27.833333333333332,0.7923534798534799
HHN-LON-01,2024-12-10,Orthopaedics Ward A,21.375,27.875,0.7669541107041108
HHN-LON-01,2024-12-11,Orthopaedics Ward A,21.541666666666668,27.958333333333332,0.7707231040564374
HHN-LON-01,2024-12-12,Orthopaedics Ward A,26.333333333333332,27.791666666666668,0.9479166666666666
HHN-LON-01,2024-12-13,Orthopaedics Ward A,27.833333333333332,27.833333333333332,1.0
HHN-LON-01,2024-12-14,Orthopaedics Ward A,27.625,27.625,1.0
HHN-LON-01,2024-12-15,Orthopaedics Ward A,27.25,27.583333333333332,0.9880952380952381
HHN-LON-01,2024-12-16,Orthopaedics Ward A,26.666666666666668,27.666666666666668,0.9642857142857144
HHN-LON-01,2024-12-17,Orthopaedics Ward A,25.083333333333332,27.625,0.9091710758377425
HHN-LON-01,2024-12-18,Orthopaedics Ward A,24.291666666666668,27.75,0.8758775946275946
HHN-LON-01,2024-12-19,Orthopaedics Ward A,22.0,27.666666666666668,0.7963117283950617
HHN-LON-01,2024-12-20,Orthopaedics Ward A,22.416666666666668,27.875,0.8045238095238095
HHN-LON-01,2024-12-21,Orthopaedics Ward A,23.291666666666668,27.875,0.8359523809523809
HHN-LON-01,2024-12-22,Orthopaedics Ward A,18.208333333333332,27.583333333333332,0.6609241452991453
HHN-LON-01,2024-12-23,Orthopaedics Ward A,17.833333333333332,27.458333333333332,0.650850122100122
HHN-LON-01,2024-12-24,Orthopaedics Ward A,21.291666666666668,27.791666666666668,0.7662164224664224
HHN-LON-01,2024-12-25,Orthopaedics Ward A,24.333333333333332,27.916666666666668,0.8720238095238094
HHN-LON-01,2024-12-26,Orthopaedics Ward A,25.583333333333332,27.5,0.9308009428842762
HHN-LON-01,2024-12-27,Orthopaedics Ward A,22.041666666666668,27.541666666666668,0.800970695970696
HHN-LON-01,2024-12-28,Orthopaedics Ward A,22.041666666666668,27.833333333333332,0.7924107142857143
HHN-LON-01,2024-12-29,Orthopaedics Ward A,19.25,27.75,0.6943066578483245
HHN-LON-01,2024-12-30,Orthopaedics Ward A,20.583333333333332,27.666666666666668,0.7451373626373626
HHN-LON-01,2024-12-31,Orthopaedics Ward A,22.083333333333332,27.666666666666668,0.8000992063492064
HHN-LON-01,2025-01-01,Orthopaedics Ward A,21.083333333333332,27.833333333333332,0.7578983516483516
HHN-LON-01,2025-01-02,Orthopaedics Ward A,19.416666666666668,27.708333333333332,0.7015575396825398
HHN-LON-01,2025-01-03,Orthopaedics Ward A,16.666666666666668,28.0,0.5952380952380952
HHN-LON-01,2025-01-04,Orthopaedics Ward A,16.625,27.541666666666668,0.6044223137973138
HHN-LON-01,2025-01-05,Orthopaedics Ward A,14.5,27.625,0.5258339268755935
HHN-LON-01,2025-01-06,Orthopaedics Ward A,17.583333333333332,27.875,0.6311904761904762
HHN-LON-01,2025-01-07,Orthopaedics Ward A,20.791666666666668,27.625,0.7538095238095238
HHN-LON-01,2025-01-08,Orthopaedics Ward A,23.25,27.833333333333332,0.8352094356261023
HHN-LON-01,2025-01-09,Orthopaedics Ward A,26.125,27.625,0.9463141025641026
HHN-LON-01,2025-01-10,Orthopaedics Ward A,26.666666666666668,27.458333333333332,0.9716117216117216
HHN-LON-01,2025-01-11,Orthopaedics Ward A,24.333333333333332,27.583333333333332,0.8837038732872067
HHN-LON-01,2025-01-12,Orthopaedics Ward A,26.458333333333332,27.791666666666668,0.9523809523809524
HHN-LON-01,2025-01-13,Orthopaedics Ward A,27.958333333333332,27.958333333333332,1.0
HHN-LON-01,2025-01-14,Orthopaedics Ward A,27.625,27.75,0.9955357142857143
HHN-LON-01,2025-01-15,Orthopaedics Ward A,26.208333333333332,27.875,0.9404210758377425
HHN-LON-01,2025-01-16,Orthopaedics Ward A,27.708333333333332,27.708333333333332,1.0
HHN-LON-01,2025-01-17,Orthopaedics Ward A,27.625,27.625,1.0
HHN-LON-01,2025-01-18,Orthopaedics Ward A,27.75,27.75,1.0
HHN-LON-01,2025-01-19,Orthopaedics Ward A,27.791666666666668,27.791666666666668,1.0
HHN-LON-01,2025-01-20,Orthopaedics Ward A,26.916666666666668,28.0,0.9613095238095238
HHN-LON-01,2025-01-21,Orthopaedics Ward A,27.833333333333332,27.833333333333332,1.0
HHN-LON-01,2025-01-22,Orthopaedics Ward A,27.666666666666668,27.666666666666668,1.0
HHN-LON-01,2025-01-23,Orthopaedics Ward A,27.75,27.75,1.0
HHN-LON-01,2025-01-24,Orthopaedics Ward A,27.916666666666668,27.916666666666668,1.0
HHN-LON-01,2025-01-25,Orthopaedics Ward A,27.541666666666668,27.791666666666668,0.9910714285714285
HHN-LON-01,2025-01-26,Orthopaedics Ward A,22.625,27.583333333333332,0.8214138176638177
HHN-LON-01,2025-01-27,Orthopaedics Ward A,24.833333333333332,27.625,0.9000771604938271
HHN-LON-01,2025-01-28,Orthopaedics Ward A,22.291666666666668,28.0,0.7961309523809524
HHN-LON-01,2025-01-29,Orthopaedics Ward A,23.208333333333332,27.958333333333332,0.830026455026455
HHN-LON-01,2025-01-30,Orthopaedics Ward A,23.875,27.916666666666668,0.855540293040293
HHN-LON-01,2025-01-31,Orthopaedics Ward A,25.541666666666668,27.75,0.9209020146520147
HHN-LON-01,2025-02-01,Orthopaedics Ward A,22.791666666666668,27.541666666666668,0.8293481210147876
HHN-LON-01,2025-02-02,Orthopaedics Ward A,23.125,27.708333333333332,0.8355952380952382
HHN-LON-01,2025-02-03,Orthopaedics Ward A,27.958333333333332,27.958333333333332,1.0
HHN-LON-01,2025-02-04,Orthopaedics Ward A,28.0,28.0,1.0
HHN-LON-01,2025-02-05,Orthopaedics Ward A,27.708333333333332,27.708333333333332,1.0
HHN-LON-01,2025-02-06,Orthopaedics Ward A,27.875,27.875,1.0
HHN-LON-01,2025-02-07,Orthopaedics Ward A,27.666666666666668,27.666666666666668,1.0
HHN-LON-01,2025-02-08,Orthopaedics Ward A,27.916666666666668,27.916666666666668,1.0
HHN-LON-01,2025-02-09,Orthopaedics Ward A,27.625,27.625,1.0
HHN-LON-01,2025-02-10,Orthopaedics Ward A,27.416666666666668,27.416666666666668,1.0
HHN-LON-01,2025-02-11,Orthopaedics Ward A,27.791666666666668,27.791666666666668,1.0
HHN-LON-01,2025-02-12,Orthopaedics Ward A,27.791666666666668,27.791666666666668,1.0
HHN-LON-01,2025-02-13,Orthopaedics Ward A,27.833333333333332,27.833333333333332,1.0
HHN-LON-01,2025-02-14,Orthopaedics Ward A,24.416666666666668,27.583333333333332,0.8859699328449328
HHN-LON-01,2025-02-15,Orthopaedics Ward A,20.25,27.875,0.7266071428571429
HHN-LON-01,2025-02-16,Orthopaedics Ward A,21.958333333333332,27.583333333333332,0.7974007936507936
HHN-LON-01,2025-02-17,Orthopaedics Ward A,23.25,27.916666666666668,0.8329899267399267
HHN-LON-01,2025-02-18,Orthopaedics Ward A,27.208333333333332,27.708333333333332,0.9821428571428572
HHN-LON-01,2025-02-19,Orthopaedics Ward A,27.958333333333332,27.958333333333332,1.0
HHN-LON-01,2025-02-20,Orthopaedics Ward A,28.0,28.0,1.0
HHN-LON-01,2025-02-21,Orthopaedics Ward A,27.625,27.791666666666668,0.9940476190476191
HHN-LON-01,2025-02-22,Orthopaedics Ward A,27.75,27.75,1.0
HHN-LON-01,2025-02-23,Orthopaedics Ward A,27.75,27.75,1.0
HHN-LON-01,2025-02-24,Orthopaedics Ward A,27.916666666666668,27.916666666666668,1.0
HHN-LON-01,2025-02-25,Orthopaedics Ward A,27.958333333333332,27.958333333333332,1.0
HHN-LON-01,2025-02-26,Orthopaedics Ward A,27.416666666666668,27.875,0.9836309523809524
HHN-LON-01,2025-02-27,Orthopaedics Ward A,22.5,27.875,0.8075
HHN-LON-01,2025-02-28,Orthopaedics Ward A,19.916666666666668,27.958333333333332,0.7123567019400353
HHN-LON-01,2025-03-01,Orthopaedics Ward A,21.958333333333332,27.916666666666668,0.7865155677655679
HHN-LON-01,2025-03-02,Orthopaedics Ward A,26.25,28.0,0.9375
HHN-LON-01,2025-03-03,Orthopaedics Ward A,23.833333333333332,27.666666666666668,0.8623798500881835
HHN-LON-01,2025-03-04,Orthopaedics Ward A,25.416666666666668,27.791666666666668,0.9151785714285715
HHN-LON-01,2025-03-05,Orthopaedics Ward A,23.125,27.833333333333332,0.8315972222222222
HHN-LON-01,2025-03-06,Orthopaedics Ward A,27.166666666666668,27.916666666666668,0.9732142857142857
HHN-LON-01,2025-03-07,Orthopaedics Ward A,26.041666666666668,27.625,0.9423702686202686
HHN-LON-01,2025-03-08,Orthopaedics Ward A,26.0,28.0,0.9285714285714285
HHN-LON-01,2025-03-09,Orthopaedics Ward A,25.875,27.875,0.9282322615655949
HHN-LON-01,2025-03-10,Orthopaedics Ward A,25.166666666666668,28.0,0.8988095238095238
HHN-LON-01,2025-03-11,Orthopaedics Ward A,22.041666666666668,27.791666666666668,0.7935851648351648
HHN-LON-01,2025-03-12,Orthopaedics Ward A,27.0,28.0,0.9642857142857143
HHN-LON-01,2025-03-13,Orthopaedics Ward A,26.416666666666668,27.916666666666668,0.9464285714285715
HHN-LON-01,2025-03-14,Orthopaedics Ward A,22.875,27.875,0.8210714285714286
HHN-LON-01,2025-03-15,Orthopaedics Ward A,23.958333333333332,27.75,0.8639495149911817
HHN-LON-01,2025-03-16,Orthopaedics Ward A,24.625,27.75,0.8881639194139194
HHN-LON-01,2025-03-17,Orthopaedics Ward A,23.166666666666668,27.791666666666668,0.8346009700176366
HHN-LON-01,2025-03-18,Orthopaedics Ward A,23.875,27.5,0.8685515873015873
HHN-LON-01,2025-03-19,Orthopaedics Ward A,24.375,28.0,0.8705357142857143
HHN-LON-01,2025-03-20,Orthopaedics Ward A,22.666666666666668,27.791666666666668,0.8165567765567765
HHN-LON-01,2025-03-21,Orthopaedics Ward A,20.583333333333332,28.0,0.7351190476190476
HHN-LON-01,2025-03-22,Orthopaedics Ward A,24.041666666666668,27.75,0.8672161172161172
HHN-LON-01,2025-03-23,Orthopaedics Ward A,26.208333333333332,27.791666666666668,0.9433379120879121
HHN-LON-01,2025-03-24,Orthopaedics Ward A,26.25,27.875,0.9419642857142857
HHN-LON-01,2025-03-25,Orthopaedics Ward A,25.208333333333332,27.875,0.9047619047619048
HHN-LON-01,2025-03-26,Orthopaedics Ward A,23.0,27.958333333333332,0.8227513227513228
HHN-LON-01,2025-03-27,Orthopaedics Ward A,23.833333333333332,27.791666666666668,0.8582175925925926
HHN-LON-01,2025-03-28,Orthopaedics Ward A,23.916666666666668,28.0,0.8541666666666666
HHN-LON-01,2025-03-29,Orthopaedics Ward A,22.041666666666668,27.75,0.795291514041514
HHN-LON-01,2025-03-30,Orthopaedics Ward A,20.625,27.875,0.7403571428571428
HHN-LON-01,2025-03-31,Orthopaedics Ward A,20.208333333333332,27.958333333333332,0.722773368606702
HHN-LON-01,2025-04-01,Orthopaedics Ward A,23.5,27.791666666666668,0.8463186813186813
HHN-LON-01,2025-04-02,Orthopaedics Ward A,24.041666666666668,27.875,0.8629166666666667
HHN-LON-01,2025-04-03,Orthopaedics Ward A,22.291666666666668,27.958333333333332,0.7972883597883597
HHN-LON-01,2025-04-04,Orthopaedics Ward A,20.833333333333332,28.0,0.7440476190476191
HHN-LON-01,2025-04-05,Orthopaedics Ward A,21.083333333333332,28.0,0.7529761904761906
HHN-LON-01,2025-04-06,Orthopaedics Ward A,16.875,27.958333333333332,0.6036706349206349
HHN-LON-01,2025-04-07,Orthopaedics Ward A,23.333333333333332,27.791666666666668,0.8396520146520147
HHN-LON-01,2025-04-08,Orthopaedics Ward A,25.625,27.791666666666668,0.9224404761904762
HHN-LON-01,2025-04-09,Orthopaedics Ward A,27.166666666666668,28.0,0.9702380952380952
HHN-LON-01,2025-04-10,Orthopaedics Ward A,25.875,27.916666666666668,0.9270833333333334
HHN-LON-01,2025-04-11,Orthopaedics Ward A,24.75,28.0,0.8839285714285715
HHN-LON-01,2025-04-12,Orthopaedics Ward A,23.416666666666668,27.708333333333332,0.8451109076109077
HHN-LON-01,2025-04-13,Orthopaedics Ward A,23.541666666666668,27.708333333333332,0.8508333333333332
HHN-LON-01,2025-04-14,Orthopaedics Ward A,23.583333333333332,27.916666666666668,0.8448522927689593
HHN-LON-01,2025-04-15,Orthopaedics Ward A,27.0,27.875,0.96875
HHN-LON-01,2025-04-16,Orthopaedics Ward A,27.333333333333332,27.625,0.9895833333333334
HHN-LON-01,2025-04-17,Orthopaedics Ward A,27.708333333333332,27.708333333333332,1.0
HHN-LON-01,2025-04-18,Orthopaedics Ward A,27.875,27.875,1.0
HHN-LON-01,2025-04-19,Orthopaedics Ward A,25.625,27.666666666666668,0.9237637362637363
HHN-LON-01,2025-04-20,Orthopaedics Ward A,23.791666666666668,28.0,0.8497023809523809
HHN-LON-01,2025-04-21,Orthopaedics Ward A,23.0,28.0,0.8214285714285715
HHN-LON-01,2025-04-22,Orthopaedics Ward A,23.041666666666668,28.0,0.8229166666666666
HHN-LON-01,2025-04-23,Orthopaedics Ward A,20.166666666666668,27.708333333333332,0.7287037037037037
HHN-LON-01,2025-04-24,Orthopaedics Ward A,19.333333333333332,28.0,0.6904761904761906
HHN-LON-01,2025-04-25,Orthopaedics Ward A,19.333333333333332,27.791666666666668,0.6962356701940036
HHN-LON-01,2025-04-26,Orthopaedics Ward A,14.666666666666666,27.625,0.5319757326007326
HHN-LON-01,2025-04-27,Orthopaedics Ward A,10.791666666666666,27.75,0.3891666666666666
HHN-LON-01,2025-04-28,Orthopaedics Ward A,13.625,27.875,0.4885714285714285
HHN-LON-01,2025-04-29,Orthopaedics Ward A,18.125,27.916666666666668,0.6493818681318682
HHN-LON-01,2025-04-30,Orthopaedics Ward A,19.625,27.916666666666668,0.7030677655677655
HHN-LON-01,2025-05-01,Orthopaedics Ward A,23.875,27.833333333333332,0.8586309523809524
HHN-LON-01,2025-05-02,Orthopaedics Ward A,25.541666666666668,28.0,0.9122023809523809
HHN-LON-01,2025-05-03,Orthopaedics Ward A,26.125,27.708333333333332,0.9433421516754851
HHN-LON-01,2025-05-04,Orthopaedics Ward A,23.833333333333332,27.75,0.8597290055623389
HHN-LON-01,2025-05-05,Orthopaedics Ward A,25.083333333333332,27.625,0.9092261904761906
HHN-LON-01,2025-05-06,Orthopaedics Ward A,26.333333333333332,28.0,0.9404761904761906
HHN-LON-01,2025-05-07,Orthopaedics Ward A,27.625,27.666666666666668,0.9985119047619048
HHN-LON-01,2025-05-08,Orthopaedics Ward A,27.666666666666668,27.666666666666668,1.0
HHN-LON-01,2025-05-09,Orthopaedics Ward A,27.625,27.625,1.0
HHN-LON-01,2025-05-10,Orthopaedics Ward A,27.791666666666668,27.791666666666668,1.0
HHN-LON-01,2025-05-11,Orthopaedics Ward A,27.125,27.916666666666668,0.9717261904761906
HHN-LON-01,2025-05-12,Orthopaedics Ward A,24.0,27.75,0.8660714285714285
HHN-LON-01,2025-05-13,Orthopaedics Ward A,22.0,27.833333333333332,0.7911574074074074
HHN-LON-01,2025-05-14,Orthopaedics Ward A,22.916666666666668,27.708333333333332,0.8274669312169313
HHN-LON-01,2025-05-15,Orthopaedics Ward A,22.75,27.875,0.816459774793108
HHN-LON-01,2025-05-16,Orthopaedics Ward A,18.166666666666668,28.0,0.6488095238095238
HHN-LON-01,2025-05-17,Orthopaedics Ward A,14.666666666666666,27.791666666666668,0.5284981684981686
HHN-LON-01,2025-05-18,Orthopaedics Ward A,10.208333333333334,27.583333333333332,0.37141330891330887
HHN-LON-01,2025-05-19,Orthopaedics Ward A,10.25,27.916666666666668,0.367330586080586
HHN-LON-01,2025-05-20,Orthopaedics Ward A,13.583333333333334,27.875,0.48749745624745616
HHN-LON-01,2025-05-21,Orthopaedics Ward A,18.583333333333332,27.708333333333332,0.6720436507936508
HHN-LON-01,2025-05-22,Orthopaedics Ward A,19.541666666666668,28.0,0.6979166666666666
HHN-LON-01,2025-05-23,Orthopaedics Ward A,24.083333333333332,28.0,0.8601190476190476
HHN-LON-01,2025-05-24,Orthopaedics Ward A,27.791666666666668,27.791666666666668,1.0
HHN-LON-01,2025-05-25,Orthopaedics Ward A,27.625,27.791666666666668,0.9940476190476191
HHN-LON-01,2025-05-26,Orthopaedics Ward A,26.75,27.958333333333332,0.9568452380952381
HHN-LON-01,2025-05-27,Orthopaedics Ward A,22.208333333333332,27.875,0.7970833333333333
HHN-LON-01,2025-05-28,Orthopaedics Ward A,24.583333333333332,28.0,0.8779761904761906
HHN-LON-01,2025-05-29,Orthopaedics Ward A,27.333333333333332,27.875,0.9806547619047619
HHN-LON-01,2025-05-30,Orthopaedics Ward A,26.125,27.916666666666668,0.9360119047619048
HHN-LON-01,2025-05-31,Orthopaedics Ward A,17.458333333333332,28.0,0.6235119047619048
HHN-LON-01,2025-06-01,Orthopaedics Ward A,12.958333333333334,27.791666666666668,0.46625
HHN-LON-01,2025-06-02,Orthopaedics Ward A,17.333333333333332,28.0,0.6190476190476191
HHN-LON-01,2025-06-03,Orthopaedics Ward A,22.375,27.75,0.8069673382173382
HHN-LON-01,2025-06-04,Orthopaedics Ward A,25.208333333333332,27.833333333333332,0.90625
HHN-LON-01,2025-06-05,Orthopaedics Ward A,27.375,28.0,0.9776785714285715
HHN-LON-01,2025-06-06,Orthopaedics Ward A,24.25,27.541666666666668,0.8824404761904762
HHN-LON-01,2025-06-07,Orthopaedics Ward A,20.125,27.75,0.7253649436982771
HHN-LON-01,2025-06-08,Orthopaedics Ward A,17.5,28.0,0.625
HHN-LON-01,2025-06-09,Orthopaedics Ward A,20.333333333333332,28.0,0.7261904761904762
HHN-LON-01,2025-06-10,Orthopaedics Ward A,19.833333333333332,27.958333333333332,0.7093805114638448
HHN-LON-01,2025-06-11,Orthopaedics Ward A,20.458333333333332,27.875,0.7344047619047619
HHN-LON-01,2025-06-12,Orthopaedics Ward A,26.166666666666668,27.833333333333332,0.9400183150183151
HHN-LON-01,2025-06-13,Orthopaedics Ward A,27.291666666666668,27.708333333333332,0.9851190476190476
HHN-LON-01,2025-06-14,Orthopaedics Ward A,21.333333333333332,27.875,0.76548721340388
HHN-LON-01,2025-06-15,Orthopaedics Ward A,17.333333333333332,27.75,0.625801282051282
HHN-LON-01,2025-06-16,Orthopaedics Ward A,13.958333333333334,27.791666666666668,0.5025628306878307
HHN-LON-01,2025-06-17,Orthopaedics Ward A,17.916666666666668,28.0,0.6398809523809524
HHN-LON-01,2025-06-18,Orthopaedics Ward A,18.583333333333332,27.916666666666668,0.665636446886447
HHN-LON-01,2025-06-19,Orthopaedics Ward A,17.875,27.875,0.6410714285714286
HHN-LON-01,2025-06-20,Orthopaedics Ward A,22.791666666666668,27.916666666666668,0.8165064102564102
HHN-LON-01,2025-06-21,Orthopaedics Ward A,22.75,27.958333333333332,0.8138227513227513
HHN-LON-01,2025-06-22,Orthopaedics Ward A,16.583333333333332,27.875,0.5951190476190477
HHN-LON-01,2025-06-23,Orthopaedics Ward A,15.958333333333334,27.916666666666668,0.5713734567901235
HHN-LON-01,2025-06-24,Orthopaedics Ward A,20.333333333333332,28.0,0.7261904761904763
HHN-LON-01,2025-06-25,Orthopaedics Ward A,22.875,28.0,0.8169642857142857
HHN-LON-01,2025-06-26,Orthopaedics Ward A,26.041666666666668,28.0,0.9300595238095238
HHN-LON-01,2025-06-27,Orthopaedics Ward A,27.125,27.916666666666668,0.9717261904761906
HHN-LON-01,2025-06-28,Orthopaedics Ward A,25.25,27.791666666666668,0.9089972527472527
HHN-LON-01,2025-06-29,Orthopaedics Ward A,19.791666666666668,27.791666666666668,0.7126419413919414
HHN-LON-01,2025-06-30,Orthopaedics Ward A,15.416666666666666,27.833333333333332,0.5548115079365079
HHN-LON-01,2025-07-01,Orthopaedics Ward A,21.5,27.875,0.7710714285714286
HHN-LON-01,2025-07-02,Orthopaedics Ward A,27.083333333333332,28.0,0.9672619047619048
HHN-LON-01,2025-07-03,Orthopaedics Ward A,25.458333333333332,28.0,0.9092261904761906
HHN-LON-01,2025-07-04,Orthopaedics Ward A,24.791666666666668,27.875,0.8895238095238095
HHN-LON-01,2025-07-05,Orthopaedics Ward A,23.291666666666668,27.916666666666668,0.8344907407407408
HHN-LON-01,2025-07-06,Orthopaedics Ward A,22.625,27.75,0.8163919413919413
HHN-LON-01,2025-07-07,Orthopaedics Ward A,24.333333333333332,27.958333333333332,0.8704254850088183
HHN-LON-01,2025-07-08,Orthopaedics Ward A,26.0,27.75,0.9373855311355311
HHN-LON-01,2025-07-09,Orthopaedics Ward A,27.416666666666668,27.875,0.9835207231040565
HHN-LON-01,2025-07-10,Orthopaedics Ward A,21.958333333333332,27.875,0.7880121421788089
HHN-LON-01,2025-07-11,Orthopaedics Ward A,22.666666666666668,27.958333333333332,0.8106812169312169
HHN-LON-01,2025-07-12,Orthopaedics Ward A,21.208333333333332,27.5,0.7729431216931216
HHN-LON-01,2025-07-13,Orthopaedics Ward A,22.166666666666668,27.5,0.806492673992674
HHN-LON-01,2025-07-14,Orthopaedics Ward A,20.416666666666668,27.833333333333332,0.7338789682539683
HHN-LON-01,2025-07-15,Orthopaedics Ward A,20.166666666666668,27.875,0.7239138176638177
HHN-LON-01,2025-07-16,Orthopaedics Ward A,26.583333333333332,28.0,0.9494047619047619
HHN-LON-01,2025-07-17,Orthopaedics Ward A,27.916666666666668,27.916666666666668,1.0
HHN-LON-01,2025-07-18,Orthopaedics Ward A,27.625,27.791666666666668,0.9940476190476191
HHN-LON-01,2025-07-19,Orthopaedics Ward A,25.458333333333332,27.75,0.9181547619047619
HHN-LON-01,2025-07-20,Orthopaedics Ward A,19.875,27.75,0.7167341609008275
HHN-LON-01,2025-07-21,Orthopaedics Ward A,17.5,27.916666666666668,0.6270604395604396
HHN-LON-01,2025-07-22,Orthopaedics Ward A,15.666666666666666,27.791666666666668,0.5643910256410256
HHN-LON-01,2025-07-23,Orthopaedics Ward A,17.333333333333332,27.833333333333332,0.6222718253968255
HHN-LON-01,2025-07-24,Orthopaedics Ward A,22.416666666666668,27.833333333333332,0.8062996031746031
HHN-LON-01,2025-07-25,Orthopaedics Ward A,25.458333333333332,28.0,0.9092261904761906
HHN-LON-01,2025-07-26,Orthopaedics Ward A,20.041666666666668,28.0,0.7157738095238096
HHN-LON-01,2025-07-27,Orthopaedics Ward A,15.125,27.541666666666668,0.5498346560846561
HHN-LON-01,2025-07-28,Orthopaedics Ward A,15.875,27.916666666666668,0.5686813186813187
HHN-LON-01,2025-07-29,Orthopaedics Ward A,14.5,27.875,0.5203571428571429
HHN-LON-01,2025-07-30,Orthopaedics Ward A,17.291666666666668,27.875,0.6214880952380952
HHN-LON-01,2025-07-31,Orthopaedics Ward A,24.916666666666668,27.541666666666668,0.9050099206349206
HHN-LON-01,2025-08-01,Orthopaedics Ward A,24.833333333333332,28.0,0.8869047619047619
HHN-LON-01,2025-08-02,Orthopaedics Ward A,20.375,27.708333333333332,0.7369543650793652
HHN-LON-01,2025-08-03,Orthopaedics Ward A,15.0,27.958333333333332,0.5364858906525573
HHN-LON-01,2025-08-04,Orthopaedics Ward A,16.875,27.916666666666668,0.6045524691358025
HHN-LON-01,2025-08-05,Orthopaedics Ward A,19.375,28.0,0.6919642857142857
HHN-LON-01,2025-08-06,Orthopaedics Ward A,16.0,28.0,0.5714285714285714
HHN-LON-01,2025-08-07,Orthopaedics Ward A,14.666666666666666,27.791666666666668,0.5278328924162258
HHN-LON-01,2025-08-08,Orthopaedics Ward A,18.666666666666668,28.0,0.6666666666666666
HHN-LON-01,2025-08-09,Orthopaedics Ward A,16.25,27.75,0.5859067629900964
HHN-LON-01,2025-08-10,Orthopaedics Ward A,12.541666666666666,27.833333333333332,0.45100732600732596
HHN-LON-01,2025-08-11,Orthopaedics Ward A,15.541666666666666,27.875,0.5574845679012346
HHN-LON-01,2025-08-12,Orthopaedics Ward A,18.708333333333332,28.0,0.6681547619047619
HHN-LON-01,2025-08-13,Orthopaedics Ward A,22.333333333333332,28.0,0.7976190476190476
HHN-LON-01,2025-08-14,Orthopaedics Ward A,22.875,27.958333333333332,0.8179563492063492
HHN-LON-01,2025-08-15,Orthopaedics Ward A,17.708333333333332,28.0,0.6324404761904762
HHN-LON-01,2025-08-16,Orthopaedics Ward A,16.5,27.75,0.5955357142857143
HHN-LON-01,2025-08-17,Orthopaedics Ward A,16.5,27.958333333333332,0.5902777777777778
HHN-LON-01,2025-08-18,Orthopaedics Ward A,19.583333333333332,28.0,0.6994047619047619
HHN-LON-01,2025-08-19,Orthopaedics Ward A,22.583333333333332,27.75,0.814751221001221
HHN-LON-01,2025-08-20,Orthopaedics Ward A,21.458333333333332,27.708333333333332,0.7754460046126712
HHN-LON-01,2025-08-21,Orthopaedics Ward A,19.25,27.875,0.6908928571428571
HHN-LON-01,2025-08-22,Orthopaedics Ward A,17.375,28.0,0.6205357142857143
HHN-LON-01,2025-08-23,Orthopaedics Ward A,19.166666666666668,27.791666666666668,0.690206043956044
HHN-LON-01,2025-08-24,Orthopaedics Ward A,22.333333333333332,27.666666666666668,0.8071836419753087
HHN-LON-01,2025-08-25,Orthopaedics Ward A,23.583333333333332,27.833333333333332,0.8482142857142857
HHN-LON-01,2025-08-26,Orthopaedics Ward A,26.75,27.666666666666668,0.9672619047619048
HHN-LON-01,2025-08-27,Orthopaedics Ward A,27.75,27.916666666666668,0.9940476190476191
HHN-LON-01,2025-08-28,Orthopaedics Ward A,26.625,27.875,0.9553571428571429
HHN-LON-01,2025-08-29,Orthopaedics Ward A,24.458333333333332,28.0,0.8735119047619048
HHN-LON-01,2025-08-30,Orthopaedics Ward A,25.375,27.625,0.9195877425044091
HHN-LON-01,2025-08-31,Orthopaedics Ward A,26.25,27.666666666666668,0.949404761904762
HHN-LON-01,2025-09-01,Orthopaedics Ward A,27.583333333333332,27.875,0.9895833333333334
HHN-LON-01,2025-09-02,Orthopaedics Ward A,24.5,27.916666666666668,0.8776327838827839
HHN-LON-01,2025-09-03,Orthopaedics Ward A,22.875,27.875,0.8208928571428572
HHN-LON-01,2025-09-04,Orthopaedics Ward A,26.458333333333332,27.708333333333332,0.9553571428571429
HHN-LON-01,2025-09-05,Orthopaedics Ward A,26.75,27.875,0.9598214285714285
HHN-LON-01,2025-09-06,Orthopaedics Ward A,20.833333333333332,28.0,0.7440476190476191
HHN-LON-01,2025-09-07,Orthopaedics Ward A,17.958333333333332,28.0,0.6413690476190476
HHN-LON-01,2025-09-08,Orthopaedics Ward A,19.0,28.0,0.6785714285714285
HHN-LON-01,2025-09-09,Orthopaedics Ward A,22.791666666666668,27.958333333333332,0.8149801587301587
HHN-LON-01,2025-09-10,Orthopaedics Ward A,26.791666666666668,27.791666666666668,0.9642857142857143
HHN-LON-01,2025-09-11,Orthopaedics Ward A,27.541666666666668,27.708333333333332,0.9940476190476191
HHN-LON-01,2025-09-12,Orthopaedics Ward A,27.791666666666668,27.875,0.9970238095238096
HHN-LON-01,2025-09-13,Orthopaedics Ward A,23.5,27.875,0.8426785714285714
HHN-LON-01,2025-09-14,Orthopaedics Ward A,18.416666666666668,27.666666666666668,0.6669598765432099
HHN-LON-01,2025-09-15,Orthopaedics Ward A,21.5,27.958333333333332,0.7687940917107583
HHN-LON-01,2025-09-16,Orthopaedics Ward A,23.5,27.916666666666668,0.8418209876543209
HHN-LON-01,2025-09-17,Orthopaedics Ward A,24.875,27.833333333333332,0.8943452380952381
HHN-LON-01,2025-09-18,Orthopaedics Ward A,22.666666666666668,27.708333333333332,0.8184821428571428
HHN-LON-01,2025-09-19,Orthopaedics Ward A,20.875,27.916666666666668,0.7476300705467372
HHN-LON-01,2025-09-20,Orthopaedics Ward A,20.041666666666668,27.541666666666668,0.7288392857142858
HHN-LON-01,2025-09-21,Orthopaedics Ward A,17.666666666666668,27.833333333333332,0.635570987654321
HHN-LON-01,2025-09-22,Orthopaedics Ward A,14.041666666666666,27.666666666666668,0.5081845238095238
HHN-LON-01,2025-09-23,Orthopaedics Ward A,17.041666666666668,28.0,0.6086309523809523
HHN-LON-01,2025-09-24,Orthopaedics Ward A,16.041666666666668,28.0,0.5729166666666666
HHN-LON-01,2025-09-25,Orthopaedics Ward A,14.666666666666666,27.833333333333332,0.5273580586080586
HHN-LON-01,2025-09-26,Orthopaedics Ward A,15.875,27.916666666666668,0.5685668498168498
HHN-LON-01,2025-09-27,Orthopaedics Ward A,16.083333333333332,27.416666666666668,0.5880396147062813
HHN-LON-01,2025-09-28,Orthopaedics Ward A,15.708333333333334,27.625,0.5699662528829196
HHN-LON-01,2025-09-29,Orthopaedics Ward A,11.333333333333334,28.0,0.4047619047619047
HHN-LON-01,2025-09-30,Orthopaedics Ward A,12.583333333333334,27.541666666666668,0.4575694444444444
HHN-LON-01,2025-10-01,Orthopaedics Ward A,17.791666666666668,27.916666666666668,0.6374771062271062
HHN-LON-01,2025-10-02,Orthopaedics Ward A,23.125,28.0,0.8258928571428572
HHN-LON-01,2025-10-03,Orthopaedics Ward A,27.541666666666668,27.791666666666668,0.9910163139329806
HHN-LON-01,2025-10-04,Orthopaedics Ward A,27.458333333333332,28.0,0.9806547619047619
HHN-LON-01,2025-10-05,Orthopaedics Ward A,25.333333333333332,27.833333333333332,0.9107142857142857
HHN-LON-01,2025-10-06,Orthopaedics Ward A,18.208333333333332,27.958333333333332,0.6513999118165784
HHN-LON-01,2025-10-07,Orthopaedics Ward A,20.125,27.708333333333332,0.7273511904761905
HHN-LON-01,2025-10-08,Orthopaedics Ward A,21.5,27.625,0.7791048534798534
HHN-LON-01,2025-10-09,Orthopaedics Ward A,23.333333333333332,27.833333333333332,0.8392857142857143
HHN-LON-01,2025-10-10,Orthopaedics Ward A,22.041666666666668,28.0,0.7872023809523809
HHN-LON-01,2025-10-11,Orthopaedics Ward A,20.75,27.916666666666668,0.7435897435897436
HHN-LON-01,2025-10-12,Orthopaedics Ward A,22.208333333333332,27.875,0.7968813593813593
HHN-LON-01,2025-10-13,Orthopaedics Ward A,22.25,28.0,0.7946428571428571
HHN-LON-01,2025-10-14,Orthopaedics Ward A,19.333333333333332,27.958333333333332,0.6915784832451499
HHN-LON-01,2025-10-15,Orthopaedics Ward A,21.375,27.916666666666668,0.7655677655677655
HHN-LON-01,2025-10-16,Orthopaedics Ward A,24.625,27.875,0.8838183421516755
HHN-LON-01,2025-10-17,Orthopaedics Ward A,24.833333333333332,27.833333333333332,0.8928571428571429
HHN-LON-01,2025-10-18,Orthopaedics Ward A,25.541666666666668,27.875,0.916327499660833
HHN-LON-01,2025-10-19,Orthopaedics Ward A,24.541666666666668,27.916666666666668,0.879349816849817
HHN-LON-01,2025-10-20,Orthopaedics Ward A,26.25,27.833333333333332,0.943452380952381
HHN-LON-01,2025-10-21,Orthopaedics Ward A,21.291666666666668,27.958333333333332,0.761739417989418
HHN-LON-01,2025-10-22,Orthopaedics Ward A,18.583333333333332,27.875,0.6672619047619048
HHN-LON-01,2025-10-23,Orthopaedics Ward A,15.791666666666666,28.0,0.5639880952380952
HHN-LON-01,2025-10-24,Orthopaedics Ward A,14.166666666666666,27.875,0.5086309523809524
HHN-LON-01,2025-10-25,Orthopaedics Ward A,14.416666666666666,27.791666666666668,0.5193406593406593
HHN-LON-01,2025-10-26,Orthopaedics Ward A,16.875,27.833333333333332,0.6068948412698413
HHN-LON-01,2025-10-27,Orthopaedics Ward A,15.166666666666666,27.916666666666668,0.5433836996336996
HHN-LON-01,2025-10-28,Orthopaedics Ward A,17.166666666666668,27.75,0.6194864163614163
HHN-LON-01,2025-10-29,Orthopaedics Ward A,22.5,28.0,0.8035714285714285
HHN-LON-01,2025-10-30,Orthopaedics Ward A,23.916666666666668,27.833333333333332,0.859375
HHN-LON-01,2025-10-31,Orthopaedics Ward A,25.083333333333332,27.916666666666668,0.8988095238095238
HHN-LON-01,2025-11-01,Orthopaedics Ward A,26.791666666666668,27.833333333333332,0.9625686813186815
HHN-LON-01,2025-11-02,Orthopaedics Ward A,27.75,27.75,1.0
HHN-LON-01,2025-11-03,Orthopaedics Ward A,27.458333333333332,27.791666666666668,0.9880952380952381
HHN-LON-01,2025-11-04,Orthopaedics Ward A,27.208333333333332,27.833333333333332,0.9776785714285715
HHN-LON-01,2025-11-05,Orthopaedics Ward A,27.958333333333332,27.958333333333332,1.0
HHN-LON-01,2025-11-06,Orthopaedics Ward A,27.833333333333332,27.833333333333332,1.0
HHN-LON-01,2025-11-07,Orthopaedics Ward A,28.0,28.0,1.0
HHN-LON-01,2025-11-08,Orthopaedics Ward A,27.666666666666668,27.666666666666668,1.0
HHN-LON-01,2025-11-09,Orthopaedics Ward A,26.5,27.833333333333332,0.9523809523809524
HHN-LON-01,2025-11-10,Orthopaedics Ward A,26.875,28.0,0.9598214285714287
HHN-LON-01,2025-11-11,Orthopaedics Ward A,22.458333333333332,27.916666666666668,0.8046016483516483
HHN-LON-01,2025-11-12,Orthopaedics Ward A,22.583333333333332,27.791666666666668,0.8131349206349205
HHN-LON-01,2025-11-13,Orthopaedics Ward A,20.916666666666668,28.0,0.7470238095238094
HHN-LON-01,2025-11-14,Orthopaedics Ward A,18.208333333333332,27.875,0.6535119047619048
HHN-LON-01,2025-11-15,Orthopaedics Ward A,17.875,27.833333333333332,0.6433531746031746
HHN-LON-01,2025-11-16,Orthopaedics Ward A,20.083333333333332,27.875,0.720654761904762
HHN-LON-01,2025-11-17,Orthopaedics Ward A,22.083333333333332,28.0,0.7886904761904762
HHN-LON-01,2025-11-18,Orthopaedics Ward A,25.25,27.708333333333332,0.9116666666666666
HHN-LON-01,2025-11-19,Orthopaedics Ward A,26.791666666666668,27.875,0.9613095238095238
HHN-LON-01,2025-11-20,Orthopaedics Ward A,26.375,27.708333333333332,0.9521011396011397
HHN-LON-01,2025-11-21,Orthopaedics Ward A,27.875,27.875,1.0
HHN-LON-01,2025-11-22,Orthopaedics Ward A,27.875,27.958333333333332,0.9970238095238096
HHN-LON-01,2025-11-23,Orthopaedics Ward A,26.458333333333332,27.958333333333332,0.9463734567901235
HHN-LON-01,2025-11-24,Orthopaedics Ward A,25.041666666666668,27.875,0.8985848256681591
HHN-LON-01,2025-11-25,Orthopaedics Ward A,25.708333333333332,28.0,0.918154761904762
HHN-LON-01,2025-11-26,Orthopaedics Ward A,27.833333333333332,27.875,0.9985119047619048
HHN-LON-01,2025-11-27,Orthopaedics Ward A,27.708333333333332,27.75,0.9985119047619048
HHN-LON-01,2025-11-28,Orthopaedics Ward A,24.375,27.916666666666668,0.873397435897436
HHN-LON-01,2025-11-29,Orthopaedics Ward A,21.458333333333332,28.0,0.7663690476190476
HHN-LON-01,2025-11-30,Orthopaedics Ward A,20.583333333333332,27.541666666666668,0.7490418532085199
HHN-LON-01,2025-12-01,Orthopaedics Ward A,21.416666666666668,27.833333333333332,0.7700892857142857
HHN-LON-01,2025-12-02,Orthopaedics Ward A,24.291666666666668,27.541666666666668,0.8822069597069597
HHN-LON-01,2025-12-03,Orthopaedics Ward A,26.583333333333332,27.5,0.9671516754850088
HHN-LON-01,2025-12-04,Orthopaedics Ward A,27.208333333333332,27.833333333333332,0.9776785714285715
HHN-LON-01,2025-12-05,Orthopaedics Ward A,27.583333333333332,27.833333333333332,0.9910714285714285
HHN-LON-01,2025-12-06,Orthopaedics Ward A,26.083333333333332,27.666666666666668,0.9431725681725682
HHN-LON-01,2025-12-07,Orthopaedics Ward A,25.916666666666668,27.75,0.9344093406593407
HHN-LON-01,2025-12-08,Orthopaedics Ward A,24.583333333333332,28.0,0.8779761904761906
HHN-LON-01,2025-12-09,Orthopaedics Ward A,23.541666666666668,27.833333333333332,0.8459700176366843
HHN-LON-01,2025-12-10,Orthopaedics Ward A,26.291666666666668,27.541666666666668,0.9553020282186949
HHN-LON-01,2025-12-11,Orthopaedics Ward A,26.083333333333332,28.0,0.9315476190476191
HHN-LON-01,2025-12-12,Orthopaedics Ward A,27.208333333333332,28.0,0.9717261904761906
HHN-LON-01,2025-12-13,Orthopaedics Ward A,27.75,27.75,1.0
HHN-LON-01,2025-12-14,Orthopaedics Ward A,24.708333333333332,28.0,0.8824404761904763
HHN-LON-01,2025-12-15,Orthopaedics Ward A,25.041666666666668,27.458333333333332,0.9136353615520282
HHN-LON-01,2025-12-16,Orthopaedics Ward A,22.708333333333332,27.666666666666668,0.8219246031746031
HHN-LON-01,2025-12-17,Orthopaedics Ward A,23.958333333333332,28.0,0.8556547619047619
HHN-LON-01,2025-12-18,Orthopaedics Ward A,21.041666666666668,27.625,0.7633101851851851
HHN-LON-01,2025-12-19,Orthopaedics Ward A,18.625,27.708333333333332,0.6727480158730158
HHN-LON-01,2025-12-20,Orthopaedics Ward A,16.25,27.458333333333332,0.5924552299552299
HHN-LON-01,2025-12-21,Orthopaedics Ward A,16.958333333333332,27.5,0.6179354056437389
HHN-LON-01,2025-12-22,Orthopaedics Ward A,19.333333333333332,27.833333333333332,0.6947376543209877
HHN-LON-01,2025-12-23,Orthopaedics Ward A,19.583333333333332,27.708333333333332,0.7072756410256411
HHN-LON-01,2025-12-24,Orthopaedics Ward A,22.583333333333332,27.791666666666668,0.8134020146520147
HHN-LON-01,2025-12-25,Orthopaedics Ward A,19.125,28.0,0.6830357142857143
HHN-LON-01,2025-12-26,Orthopaedics Ward A,19.125,27.75,0.6893364197530865
HHN-LON-01,2025-12-27,Orthopaedics Ward A,18.833333333333332,27.791666666666668,0.6779441391941393
HHN-LON-01,2025-12-28,Orthopaedics Ward A,22.583333333333332,27.791666666666668,0.8131338183421516
HHN-LON-01,2025-12-29,Orthopaedics Ward A,26.708333333333332,28.0,0.9538690476190476
HHN-LON-01,2025-12-30,Orthopaedics Ward A,27.958333333333332,27.958333333333332,1.0
HHN-LON-01,2025-12-31,Orthopaedics Ward A,27.583333333333332,27.583333333333332,1.0
HHN-LON-02,2024-01-01,Orthopaedics Ward A,1.1666666666666667,11.833333333333334,0.09880050505050503
HHN-LON-02,2024-01-02,Orthopaedics Ward A,7.333333333333333,11.875,0.617739898989899
HHN-LON-02,2024-01-03,Orthopaedics Ward A,11.791666666666666,11.791666666666666,1.0
HHN-LON-02,2024-01-04,Orthopaedics Ward A,12.0,12.0,1.0
HHN-LON-02,2024-01-05,Orthopaedics Ward A,11.791666666666666,11.791666666666666,1.0
HHN-LON-02,2024-01-06,Orthopaedics Ward A,11.833333333333334,11.833333333333334,1.0
HHN-LON-02,2024-01-07,Orthopaedics Ward A,11.916666666666666,11.916666666666666,1.0
HHN-LON-02,2024-01-08,Orthopaedics Ward A,11.875,11.875,1.0
HHN-LON-02,2024-01-09,Orthopaedics Ward A,11.875,11.875,1.0
HHN-LON-02,2024-01-10,Orthopaedics Ward A,11.833333333333334,11.833333333333334,1.0
HHN-LON-02,2024-01-11,Orthopaedics Ward A,11.958333333333334,11.958333333333334,1.0
HHN-LON-02,2024-01-12,Orthopaedics Ward A,11.791666666666666,11.791666666666666,1.0
HHN-LON-02,2024-01-13,Orthopaedics Ward A,11.958333333333334,11.958333333333334,1.0
HHN-LON-02,2024-01-14,Orthopaedics Ward A,11.916666666666666,11.916666666666666,1.0
HHN-LON-02,2024-01-15,Orthopaedics Ward A,11.75,11.75,1.0
HHN-LON-02,2024-01-16,Orthopaedics Ward A,11.958333333333334,11.958333333333334,1.0
HHN-LON-02,2024-01-17,Orthopaedics Ward A,11.958333333333334,11.958333333333334,1.0
HHN-LON-02,2024-01-18,Orthopaedics Ward A,11.875,11.875,1.0
HHN-LON-02,2024-01-19,Orthopaedics Ward A,11.875,11.875,1.0
HHN-LON-02,2024-01-20,Orthopaedics Ward A,11.875,11.875,1.0
HHN-LON-02,2024-01-21,Orthopaedics Ward A,11.958333333333334,11.958333333333334,1.0
HHN-LON-02,2024-01-22,Orthopaedics Ward A,11.916666666666666,11.916666666666666,1.0
HHN-LON-02,2024-01-23,Orthopaedics Ward A,11.833333333333334,11.833333333333334,1.0
HHN-LON-02,2024-01-24,Orthopaedics Ward A,11.833333333333334,11.833333333333334,1.0
HHN-LON-02,2024-01-25,Orthopaedics Ward A,11.916666666666666,11.916666666666666,1.0
HHN-LON-02,2024-01-26,Orthopaedics Ward A,11.958333333333334,11.958333333333334,1.0
HHN-LON-02,2024-01-27,Orthopaedics Ward A,11.875,11.875,1.0
HHN-LON-02,2024-01-28,Orthopaedics Ward A,11.75,11.875,0.9895833333333334
HHN-LON-02,2024-01-29,Orthopaedics Ward A,10.75,12.0,0.8958333333333334
HHN-LON-02,2024-01-30,Orthopaedics Ward A,11.708333333333334,11.791666666666666,0.9930555555555555
HHN-LON-02,2024-01-31,Orthopaedics Ward A,11.875,11.875,1.0
HHN-LON-02,2024-02-01,Orthopaedics Ward A,11.958333333333334,11.958333333333334,1.0
HHN-LON-02,2024-02-02,Orthopaedics Ward A,11.791666666666666,11.791666666666666,1.0
HHN-LON-02,2024-02-03,Orthopaedics Ward A,11.833333333333334,11.833333333333334,1.0
HHN-LON-02,2024-02-04,Orthopaedics Ward A,11.958333333333334,11.958333333333334,1.0
HHN-LON-02,2024-02-05,Orthopaedics Ward A,11.916666666666666,11.916666666666666,1.0
HHN-LON-02,2024-02-06,Orthopaedics Ward A,11.875,11.875,1.0
HHN-LON-02,2024-02-07,Orthopaedics Ward A,12.0,12.0,1.0
HHN-LON-02,2024-02-08,Orthopaedics Ward A,11.916666666666666,11.916666666666666,1.0
HHN-LON-02,2024-02-09,Orthopaedics Ward A,11.958333333333334,11.958333333333334,1.0
HHN-LON-02,2024-02-10,Orthopaedics Ward A,11.833333333333334,11.833333333333334,1.0
HHN-LON-02,2024-02-11,Orthopaedics Ward A,11.833333333333334,11.833333333333334,1.0
HHN-LON-02,2024-02-12,Orthopaedics Ward A,11.916666666666666,11.916666666666666,1.0
HHN-LON-02,2024-02-13,Orthopaedics Ward A,11.958333333333334,11.958333333333334,1.0
HHN-LON-02,2024-02-14,Orthopaedics Ward A,11.791666666666666,11.791666666666666,1.0
HHN-LON-02,2024-02-15,Orthopaedics Ward A,11.958333333333334,11.958333333333334,1.0
HHN-LON-02,2024-02-16,Orthopaedics Ward A,12.0,12.0,1.0
HHN-LON-02,2024-02-17,Orthopaedics Ward A,11.833333333333334,11.833333333333334,1.0
HHN-LON-02,2024-02-18,Orthopaedics Ward A,11.958333333333334,11.958333333333334,1.0
HHN-LON-02,2024-02-19,Orthopaedics Ward A,11.916666666666666,11.875,1.0
HHN-LON-02,2024-02-20,Orthopaedics Ward A,11.916666666666666,11.916666666666666,1.0
HHN-LON-02,2024-02-21,Orthopaedics Ward A,11.875,11.875,1.0
HHN-LON-02,2024-02-22,Orthopaedics Ward A,12.0,12.0,1.0
HHN-LON-02,2024-02-23,Orthopaedics Ward A,12.0,12.0,1.0
HHN-LON-02,2024-02-24,Orthopaedics Ward A,12.0,12.0,1.0
HHN-LON-02,2024-02-25,Orthopaedics Ward A,11.875,11.875,1.0
HHN-LON-02,2024-02-26,Orthopaedics Ward A,11.916666666666666,11.916666666666666,1.0
HHN-LON-02,2024-02-27,Orthopaedics Ward A,12.0,12.0,1.0
HHN-LON-02,2024-02-28,Orthopaedics Ward A,11.958333333333334,11.958333333333334,1.0
HHN-LON-02,2024-02-29,Orthopaedics Ward A,11.958333333333334,11.958333333333334,1.0
HHN-LON-02,2024-03-01,Orthopaedics Ward A,11.958333333333334,11.958333333333334,1.0
HHN-LON-02,2024-03-02,Orthopaedics Ward A,11.875,11.875,1.0
HHN-LON-02,2024-03-03,Orthopaedics Ward A,11.875,11.875,1.0
HHN-LON-02,2024-03-04,Orthopaedics Ward A,11.958333333333334,11.958333333333334,1.0
HHN-LON-02,2024-03-05,Orthopaedics Ward A,11.958333333333334,11.958333333333334,1.0
HHN-LON-02,2024-03-06,Orthopaedics Ward A,12.0,12.0,1.0
HHN-LON-02,2024-03-07,Orthopaedics Ward A,11.916666666666666,11.916666666666666,1.0
HHN-LON-02,2024-03-08,Orthopaedics Ward A,11.916666666666666,11.916666666666666,1.0
HHN-LON-02,2024-03-09,Orthopaedics Ward A,11.958333333333334,11.958333333333334,1.0
HHN-LON-02,2024-03-10,Orthopaedics Ward A,11.875,11.875,1.0
HHN-LON-02,2024-03-11,Orthopaedics Ward A,12.0,12.0,1.0
HHN-LON-02,2024-03-12,Orthopaedics Ward A,11.875,11.875,1.0
HHN-LON-02,2024-03-13,Orthopaedics Ward A,11.916666666666666,11.916666666666666,1.0
HHN-LON-02,2024-03-14,Orthopaedics Ward A,12.0,12.0,1.0
HHN-LON-02,2024-03-15,Orthopaedics Ward A,11.958333333333334,11.958333333333334,1.0
HHN-LON-02,2024-03-16,Orthopaedics Ward A,11.833333333333334,11.833333333333334,1.0
HHN-LON-02,2024-03-17,Orthopaedics Ward A,11.875,11.875,1.0
HHN-LON-02,2024-03-18,Orthopaedics Ward A,11.958333333333334,11.958333333333334,1.0
HHN-LON-02,2024-03-19,Orthopaedics Ward A,12.0,12.0,1.0
HHN-LON-02,2024-03-20,Orthopaedics Ward A,11.958333333333334,11.958333333333334,1.0
HHN-LON-02,2024-03-21,Orthopaedics Ward A,11.958333333333334,11.958333333333334,1.0
HHN-LON-02,2024-03-22,Orthopaedics Ward A,11.916666666666666,11.916666666666666,1.0
HHN-LON-02,2024-03-23,Orthopaedics Ward A,11.958333333333334,11.958333333333334,1.0
HHN-LON-02,2024-03-24,Orthopaedics Ward A,11.791666666666666,11.791666666666666,1.0
HHN-LON-02,2024-03-25,Orthopaedics Ward A,12.0,12.0,1.0
HHN-LON-02,2024-03-26,Orthopaedics Ward A,11.958333333333334,11.958333333333334,1.0
HHN-LON-02,2024-03-27,Orthopaedics Ward A,12.0,12.0,1.0
HHN-LON-02,2024-03-28,Orthopaedics Ward A,12.0,12.0,1.0
HHN-LON-02,2024-03-29,Orthopaedics Ward A,11.875,11.916666666666666,0.9965277777777778
HHN-LON-02,2024-03-30,Orthopaedics Ward A,11.875,11.958333333333334,0.9930555555555555
HHN-LON-02,2024-03-31,Orthopaedics Ward A,9.791666666666666,11.958333333333334,0.819128787878788
HHN-LON-02,2024-04-01,Orthopaedics Ward A,11.958333333333334,11.958333333333334,1.0
HHN-LON-02,2024-04-02,Orthopaedics Ward A,11.958333333333334,11.958333333333334,1.0
HHN-LON-02,2024-04-03,Orthopaedics Ward A,12.0,12.0,1.0
HHN-LON-02,2024-04-04,Orthopaedics Ward A,12.0,12.0,1.0
HHN-LON-02,2024-04-05,Orthopaedics Ward A,12.0,12.0,1.0
HHN-LON-02,2024-04-06,Orthopaedics Ward A,11.916666666666666,11.916666666666666,1.0
HHN-LON-02,2024-04-07,Orthopaedics Ward A,11.875,11.875,1.0
HHN-LON-02,2024-04-08,Orthopaedics Ward A,11.916666666666666,11.916666666666666,1.0
HHN-LON-02,2024-04-09,Orthopaedics Ward A,11.916666666666666,11.916666666666666,1.0
HHN-LON-02,2024-04-10,Orthopaedics Ward A,12.0,12.0,1.0
HHN-LON-02,2024-04-11,Orthopaedics Ward A,11.0,11.916666666666666,0.9232954545454546
HHN-LON-02,2024-04-12,Orthopaedics Ward A,10.041666666666666,11.916666666666666,0.8431186868686869
HHN-LON-02,2024-04-13,Orthopaedics Ward A,10.875,12.0,0.90625
HHN-LON-02,2024-04-14,Orthopaedics Ward A,10.583333333333334,11.958333333333334,0.88510101010101
HHN-LON-02,2024-04-15,Orthopaedics Ward A,11.916666666666666,12.0,0.9930555555555555
HHN-LON-02,2024-04-16,Orthopaedics Ward A,11.916666666666666,11.916666666666666,1.0
HHN-LON-02,2024-04-17,Orthopaedics Ward A,11.916666666666666,11.916666666666666,1.0
HHN-LON-02,2024-04-18,Orthopaedics Ward A,12.0,12.0,1.0
HHN-LON-02,2024-04-19,Orthopaedics Ward A,12.0,12.0,1.0
HHN-LON-02,2024-04-20,Orthopaedics Ward A,11.875,11.875,1.0
HHN-LON-02,2024-04-21,Orthopaedics Ward A,11.958333333333334,11.958333333333334,1.0
HHN-LON-02,2024-04-22,Orthopaedics Ward A,9.041666666666666,11.958333333333334,0.7563131313131314
HHN-LON-02,2024-04-23,Orthopaedics Ward A,7.416666666666667,12.0,0.6180555555555556
HHN-LON-02,2024-04-24,Orthopaedics Ward A,10.25,12.0,0.8541666666666666
HHN-LON-02,2024-04-25,Orthopaedics Ward A,11.916666666666666,11.916666666666666,1.0
HHN-LON-02,2024-04-26,Orthopaedics Ward A,11.958333333333334,11.958333333333334,1.0
HHN-LON-02,2024-04-27,Orthopaedics Ward A,11.833333333333334,11.875,0.9965277777777778
HHN-LON-02,2024-04-28,Orthopaedics Ward A,11.875,11.875,1.0
HHN-LON-02,2024-04-29,Orthopaedics Ward A,11.958333333333334,11.958333333333334,1.0
HHN-LON-02,2024-04-30,Orthopaedics Ward A,11.875,12.0,0.9895833333333334
HHN-LON-02,2024-05-01,Orthopaedics Ward A,12.0,12.0,1.0
HHN-LON-02,2024-05-02,Orthopaedics Ward A,11.75,11.958333333333334,0.9826388888888888
HHN-LON-02,2024-05-03,Orthopaedics Ward A,9.75,12.0,0.8125
HHN-LON-02,2024-05-04,Orthopaedics Ward A,8.0,11.791666666666666,0.6792929292929292
HHN-LON-02,2024-05-05,Orthopaedics Ward A,8.291666666666666,11.958333333333334,0.6938131313131314
HHN-LON-02,2024-05-06,Orthopaedics Ward A,7.958333333333333,11.916666666666666,0.6682449494949495
HHN-LON-02,2024-05-07,Orthopaedics Ward A,8.458333333333334,11.958333333333334,0.7073863636363636
HHN-LON-02,2024-05-08,Orthopaedics Ward A,8.875,12.0,0.7395833333333334
HHN-LON-02,2024-05-09,Orthopaedics Ward A,9.5,12.0,0.7916666666666666
HHN-LON-02,2024-05-10,Orthopaedics Ward A,9.583333333333334,11.958333333333334,0.8020833333333334
HHN-LON-02,2024-05-11,Orthopaedics Ward A,10.791666666666666,11.875,0.9094065656565656
HHN-LON-02,2024-05-12,Orthopaedics Ward A,11.166666666666666,11.958333333333334,0.9340277777777778
HHN-LON-02,2024-05-13,Orthopaedics Ward A,10.666666666666666,11.833333333333334,0.9018308080808081
HHN-LON-02,2024-05-14,Orthopaedics Ward A,11.916666666666666,11.916666666666666,1.0
HHN-LON-02,2024-05-15,Orthopaedics Ward A,11.875,11.875,1.0
HHN-LON-02,2024-05-16,Orthopaedics Ward A,11.916666666666666,11.916666666666666,1.0
HHN-LON-02,2024-05-17,Orthopaedics Ward A,11.916666666666666,11.916666666666666,1.0
HHN-LON-02,2024-05-18,Orthopaedics Ward A,11.0,11.958333333333334,0.9201388888888888
HHN-LON-02,2024-05-19,Orthopaedics Ward A,8.5,11.875,0.716540404040404
HHN-LON-02,2024-05-20,Orthopaedics Ward A,8.541666666666666,11.916666666666666,0.7171717171717171
HHN-LON-02,2024-05-21,Orthopaedics Ward A,10.625,11.875,0.8955176767676768
HHN-LON-02,2024-05-22,Orthopaedics Ward A,11.625,12.0,0.96875
HHN-LON-02,2024-05-23,Orthopaedics Ward A,11.875,11.875,1.0
HHN-LON-02,2024-05-24,Orthopaedics Ward A,12.0,12.0,1.0
HHN-LON-02,2024-05-25,Orthopaedics Ward A,11.875,11.875,1.0
HHN-LON-02,2024-05-26,Orthopaedics Ward A,11.916666666666666,11.875,1.0
HHN-LON-02,2024-05-27,Orthopaedics Ward A,11.958333333333334,11.958333333333334,1.0
HHN-LON-02,2024-05-28,Orthopaedics Ward A,12.0,12.0,1.0
HHN-LON-02,2024-05-29,Orthopaedics Ward A,11.958333333333334,11.958333333333334,1.0
HHN-LON-02,2024-05-30,Orthopaedics Ward A,11.875,11.875,1.0
HHN-LON-02,2024-05-31,Orthopaedics Ward A,11.916666666666666,11.958333333333334,0.9965277777777778
HHN-LON-02,2024-06-01,Orthopaedics Ward A,11.791666666666666,11.791666666666666,1.0
HHN-LON-02,2024-06-02,Orthopaedics Ward A,10.916666666666666,12.0,0.9097222222222222
HHN-LON-02,2024-06-03,Orthopaedics Ward A,10.916666666666666,11.916666666666666,0.9160353535353535
HHN-LON-02,2024-06-04,Orthopaedics Ward A,11.125,11.916666666666666,0.9333964646464646
HHN-LON-02,2024-06-05,Orthopaedics Ward A,11.583333333333334,11.916666666666666,0.9722222222222222
HHN-LON-02,2024-06-06,Orthopaedics Ward A,11.75,12.0,0.9791666666666666
HHN-LON-02,2024-06-07,Orthopaedics Ward A,9.208333333333334,11.875,0.7761994949494949
HHN-LON-02,2024-06-08,Orthopaedics Ward A,9.75,12.0,0.8125
HHN-LON-02,2024-06-09,Orthopaedics Ward A,11.0,12.0,0.9166666666666666
HHN-LON-02,2024-06-10,Orthopaedics Ward A,9.25,12.0,0.7708333333333334
HHN-LON-02,2024-06-11,Orthopaedics Ward A,11.208333333333334,11.916666666666666,0.9406565656565656
HHN-LON-02,2024-06-12,Orthopaedics Ward A,12.0,12.0,1.0
HHN-LON-02,2024-06-13,Orthopaedics Ward A,11.958333333333334,11.958333333333334,1.0
HHN-LON-02,2024-06-14,Orthopaedics Ward A,11.833333333333334,11.833333333333334,1.0
HHN-LON-02,2024-06-15,Orthopaedics Ward A,11.958333333333334,11.958333333333334,1.0
HHN-LON-02,2024-06-16,Orthopaedics Ward A,11.5,11.916666666666666,0.9652777777777778
HHN-LON-02,2024-06-17,Orthopaedics Ward A,7.958333333333333,11.958333333333334,0.66635101010101
HHN-LON-02,2024-06-18,Orthopaedics Ward A,7.041666666666667,11.958333333333334,0.5890151515151515
HHN-LON-02,2024-06-19,Orthopaedics Ward A,6.083333333333333,11.958333333333334,0.5085227272727273
HHN-LON-02,2024-06-20,Orthopaedics Ward A,10.083333333333334,12.0,0.8402777777777778
HHN-LON-02,2024-06-21,Orthopaedics Ward A,11.791666666666666,11.958333333333334,0.9861111111111112
HHN-LON-02,2024-06-22,Orthopaedics Ward A,10.666666666666666,11.875,0.8989898989898989
HHN-LON-02,2024-06-23,Orthopaedics Ward A,8.833333333333334,11.875,0.7446338383838383
HHN-LON-02,2024-06-24,Orthopaedics Ward A,10.916666666666666,11.958333333333334,0.912878787878788
HHN-LON-02,2024-06-25,Orthopaedics Ward A,11.583333333333334,11.958333333333334,0.96875
HHN-LON-02,2024-06-26,Orthopaedics Ward A,12.0,12.0,1.0
HHN-LON-02,2024-06-27,Orthopaedics Ward A,11.958333333333334,11.958333333333334,1.0
HHN-LON-02,2024-06-28,Orthopaedics Ward A,11.958333333333334,11.958333333333334,1.0
HHN-LON-02,2024-06-29,Orthopaedics Ward A,10.25,11.916666666666666,0.860479797979798
HHN-LON-02,2024-06-30,Orthopaedics Ward A,9.5,11.958333333333334,0.7948232323232323
HHN-LON-02,2024-07-01,Orthopaedics Ward A,10.25,12.0,0.8541666666666666
HHN-LON-02,2024-07-02,Orthopaedics Ward A,11.333333333333334,12.0,0.9444444444444445
HHN-LON-02,2024-07-03,Orthopaedics Ward A,11.916666666666666,11.916666666666666,1.0
HHN-LON-02,2024-07-04,Orthopaedics Ward A,12.0,12.0,1.0
HHN-LON-02,2024-07-05,Orthopaedics Ward A,12.0,12.0,1.0
HHN-LON-02,2024-07-06,Orthopaedics Ward A,11.958333333333334,11.958333333333334,1.0
HHN-LON-02,2024-07-07,Orthopaedics Ward A,11.208333333333334,11.916666666666666,0.9409722222222222
HHN-LON-02,2024-07-08,Orthopaedics Ward A,9.291666666666666,12.0,0.7743055555555555
HHN-LON-02,2024-07-09,Orthopaedics Ward A,10.875,11.958333333333334,0.9097222222222222
HHN-LON-02,2024-07-10,Orthopaedics Ward A,11.875,11.875,1.0
HHN-LON-02,2024-07-11,Orthopaedics Ward A,12.0,12.0,1.0
HHN-LON-02,2024-07-12,Orthopaedics Ward A,12.0,12.0,1.0
HHN-LON-02,2024-07-13,Orthopaedics Ward A,8.0,12.0,0.6666666666666666
HHN-LON-02,2024-07-14,Orthopaedics Ward A,7.333333333333333,11.958333333333334,0.6136363636363636
HHN-LON-02,2024-07-15,Orthopaedics Ward A,8.416666666666666,11.916666666666666,0.7064393939393939
HHN-LON-02,2024-07-16,Orthopaedics Ward A,7.75,11.958333333333334,0.6483585858585859
HHN-LON-02,2024-07-17,Orthopaedics Ward A,9.708333333333334,11.958333333333334,0.8125
HHN-LON-02,2024-07-18,Orthopaedics Ward A,11.958333333333334,11.958333333333334,1.0
HHN-LON-02,2024-07-19,Orthopaedics Ward A,11.916666666666666,11.916666666666666,1.0
HHN-LON-02,2024-07-20,Orthopaedics Ward A,11.916666666666666,11.916666666666666,1.0
HHN-LON-02,2024-07-21,Orthopaedics Ward A,11.458333333333334,11.916666666666666,0.9618055555555555
HHN-LON-02,2024-07-22,Orthopaedics Ward A,11.5,12.0,0.9583333333333334
HHN-LON-02,2024-07-23,Orthopaedics Ward A,11.875,11.958333333333334,0.9930555555555555
HHN-LON-02,2024-07-24,Orthopaedics Ward A,12.0,12.0,1.0
HHN-LON-02,2024-07-25,Orthopaedics Ward A,12.0,12.0,1.0
HHN-LON-02,2024-07-26,Orthopaedics Ward A,12.0,12.0,1.0
HHN-LON-02,2024-07-27,Orthopaedics Ward A,11.166666666666666,11.875,0.9409722222222222
HHN-LON-02,2024-07-28,Orthopaedics Ward A,10.75,11.916666666666666,0.9024621212121212
HHN-LON-02,2024-07-29,Orthopaedics Ward A,10.958333333333334,12.0,0.9131944444444445
HHN-LON-02,2024-07-30,Orthopaedics Ward A,11.916666666666666,11.916666666666666,1.0
HHN-LON-02,2024-07-31,Orthopaedics Ward A,11.916666666666666,11.916666666666666,1.0
HHN-LON-02,2024-08-01,Orthopaedics Ward A,11.958333333333334,11.958333333333334,1.0
HHN-LON-02,2024-08-02,Orthopaedics Ward A,11.916666666666666,11.916666666666666,1.0
HHN-LON-02,2024-08-03,Orthopaedics Ward A,11.25,11.875,0.9479166666666666
HHN-LON-02,2024-08-04,Orthopaedics Ward A,10.625,11.916666666666666,0.8923611111111112
HHN-LON-02,2024-08-05,Orthopaedics Ward A,11.166666666666666,11.958333333333334,0.9340277777777778
HHN-LON-02,2024-08-06,Orthopaedics Ward A,11.916666666666666,11.916666666666666,1.0
HHN-LON-02,2024-08-07,Orthopaedics Ward A,11.916666666666666,11.916666666666666,1.0
HHN-LON-02,2024-08-08,Orthopaedics Ward A,11.75,11.875,0.9895833333333334
HHN-LON-02,2024-08-09,Orthopaedics Ward A,11.958333333333334,11.958333333333334,1.0
HHN-LON-02,2024-08-10,Orthopaedics Ward A,11.583333333333334,11.875,0.9756944444444445
HHN-LON-02,2024-08-11,Orthopaedics Ward A,10.291666666666666,11.833333333333334,0.8708964646464646
HHN-LON-02,2024-08-12,Orthopaedics Ward A,10.416666666666666,12.0,0.8680555555555555
HHN-LON-02,2024-08-13,Orthopaedics Ward A,10.208333333333334,11.916666666666666,0.8563762626262625
HHN-LON-02,2024-08-14,Orthopaedics Ward A,11.583333333333334,11.916666666666666,0.9722222222222222
HHN-LON-02,2024-08-15,Orthopaedics Ward A,10.958333333333334,11.875,0.922979797979798
HHN-LON-02,2024-08-16,Orthopaedics Ward A,8.916666666666666,11.916666666666666,0.7484217171717171
HHN-LON-02,2024-08-17,Orthopaedics Ward A,7.291666666666667,11.875,0.6145833333333334
HHN-LON-02,2024-08-18,Orthopaedics Ward A,9.25,11.958333333333334,0.7739898989898989
HHN-LON-02,2024-08-19,Orthopaedics Ward A,10.916666666666666,11.916666666666666,0.91635101010101
HHN-LON-02,2024-08-20,Orthopaedics Ward A,11.375,11.958333333333334,0.9513888888888888
HHN-LON-02,2024-08-21,Orthopaedics Ward A,12.0,12.0,1.0
HHN-LON-02,2024-08-22,Orthopaedics Ward A,11.791666666666666,11.958333333333334,0.9861111111111112
HHN-LON-02,2024-08-23,Orthopaedics Ward A,11.833333333333334,12.0,0.9861111111111112
HHN-LON-02,2024-08-24,Orthopaedics Ward A,12.0,12.0,1.0
HHN-LON-02,2024-08-25,Orthopaedics Ward A,11.958333333333334,11.958333333333334,1.0
HHN-LON-02,2024-08-26,Orthopaedics Ward A,11.833333333333334,11.875,0.9965277777777778
HHN-LON-02,2024-08-27,Orthopaedics Ward A,11.25,11.958333333333334,0.9409722222222222
HHN-LON-02,2024-08-28,Orthopaedics Ward A,10.458333333333334,11.916666666666666,0.8781565656565656
HHN-LON-02,2024-08-29,Orthopaedics Ward A,11.0,11.875,0.9270833333333334
HHN-LON-02,2024-08-30,Orthopaedics Ward A,10.916666666666666,12.0,0.9097222222222222
HHN-LON-02,2024-08-31,Orthopaedics Ward A,12.0,12.0,1.0
HHN-LON-02,2024-09-01,Orthopaedics Ward A,11.958333333333334,12.0,0.9965277777777778
HHN-LON-02,2024-09-02,Orthopaedics Ward A,11.916666666666666,12.0,0.9930555555555555
HHN-LON-02,2024-09-03,Orthopaedics Ward A,11.916666666666666,12.0,0.9930555555555555
HHN-LON-02,2024-09-04,Orthopaedics Ward A,11.833333333333334,11.833333333333334,1.0
HHN-LON-02,2024-09-05,Orthopaedics Ward A,12.0,12.0,1.0
HHN-LON-02,2024-09-06,Orthopaedics Ward A,10.25,11.958333333333334,0.8576388888888888
HHN-LON-02,2024-09-07,Orthopaedics Ward A,9.333333333333334,11.916666666666666,0.783459595959596
HHN-LON-02,2024-09-08,Orthopaedics Ward A,9.333333333333334,11.875,0.7872474747474748
HHN-LON-02,2024-09-09,Orthopaedics Ward A,9.291666666666666,11.958333333333334,0.7774621212121212
HHN-LON-02,2024-09-10,Orthopaedics Ward A,10.125,12.0,0.84375
HHN-LON-02,2024-09-11,Orthopaedics Ward A,12.0,12.0,1.0
HHN-LON-02,2024-09-12,Orthopaedics Ward A,11.916666666666666,11.916666666666666,1.0
HHN-LON-02,2024-09-13,Orthopaedics Ward A,11.916666666666666,11.916666666666666,1.0
HHN-LON-02,2024-09-14,Orthopaedics Ward A,12.0,12.0,1.0
HHN-LON-02,2024-09-15,Orthopaedics Ward A,11.833333333333334,11.833333333333334,1.0
HHN-LON-02,2024-09-16,Orthopaedics Ward A,12.0,12.0,1.0
HHN-LON-02,2024-09-17,Orthopaedics Ward A,11.958333333333334,11.958333333333334,1.0
HHN-LON-02,2024-09-18,Orthopaedics Ward A,11.916666666666666,11.916666666666666,1.0
HHN-LON-02,2024-09-19,Orthopaedics Ward A,12.0,12.0,1.0
HHN-LON-02,2024-09-20,Orthopaedics Ward A,11.875,11.875,1.0
HHN-LON-02,2024-09-21,Orthopaedics Ward A,11.833333333333334,11.833333333333334,1.0
HHN-LON-02,2024-09-22,Orthopaedics Ward A,11.791666666666666,11.791666666666666,1.0
HHN-LON-02,2024-09-23,Orthopaedics Ward A,11.166666666666666,11.958333333333334,0.9340277777777778
HHN-LON-02,2024-09-24,Orthopaedics Ward A,11.916666666666666,12.0,0.9930555555555555
HHN-LON-02,2024-09-25,Orthopaedics Ward A,11.916666666666666,11.916666666666666,1.0
HHN-LON-02,2024-09-26,Orthopaedics Ward A,11.166666666666666,12.0,0.9305555555555555
HHN-LON-02,2024-09-27,Orthopaedics Ward A,10.083333333333334,11.958333333333334,0.84375
HHN-LON-02,2024-09-28,Orthopaedics Ward A,8.666666666666666,11.916666666666666,0.7275883838383838
HHN-LON-02,2024-09-29,Orthopaedics Ward A,7.0,12.0,0.5833333333333334
HHN-LON-02,2024-09-30,Orthopaedics Ward A,10.375,11.958333333333334,0.8677398989898989
HHN-LON-02,2024-10-01,Orthopaedics Ward A,11.958333333333334,11.958333333333334,1.0
HHN-LON-02,2024-10-02,Orthopaedics Ward A,11.958333333333334,11.958333333333334,1.0
HHN-LON-02,2024-10-03,Orthopaedics Ward A,11.958333333333334,11.958333333333334,1.0
HHN-LON-02,2024-10-04,Orthopaedics Ward A,12.0,12.0,1.0
HHN-LON-02,2024-10-05,Orthopaedics Ward A,11.958333333333334,11.958333333333334,1.0
HHN-LON-02,2024-10-06,Orthopaedics Ward A,11.958333333333334,11.958333333333334,1.0
HHN-LON-02,2024-10-07,Orthopaedics Ward A,11.916666666666666,11.916666666666666,1.0
HHN-LON-02,2024-10-08,Orthopaedics Ward A,11.708333333333334,12.0,0.9756944444444445
HHN-LON-02,2024-10-09,Orthopaedics Ward A,11.958333333333334,11.958333333333334,1.0
HHN-LON-02,2024-10-10,Orthopaedics Ward A,11.958333333333334,11.958333333333334,1.0
HHN-LON-02,2024-10-11,Orthopaedics Ward A,11.916666666666666,11.916666666666666,1.0
HHN-LON-02,2024-10-12,Orthopaedics Ward A,11.916666666666666,11.916666666666666,1.0
HHN-LON-02,2024-10-13,Orthopaedics Ward A,12.0,12.0,1.0
HHN-LON-02,2024-10-14,Orthopaedics Ward A,12.0,12.0,1.0
HHN-LON-02,2024-10-15,Orthopaedics Ward A,11.666666666666666,12.0,0.9722222222222222
HHN-LON-02,2024-10-16,Orthopaedics Ward A,11.208333333333334,12.0,0.9340277777777778
HHN-LON-02,2024-10-17,Orthopaedics Ward A,9.833333333333334,12.0,0.8194444444444445
HHN-LON-02,2024-10-18,Orthopaedics Ward A,9.708333333333334,12.0,0.8090277777777778
HHN-LON-02,2024-10-19,Orthopaedics Ward A,8.208333333333334,11.75,0.6998106060606061
HHN-LON-02,2024-10-20,Orthopaedics Ward A,6.166666666666667,11.958333333333334,0.5154671717171717
HHN-LON-02,2024-10-21,Orthopaedics Ward A,7.333333333333333,12.0,0.611111111111111
HHN-LON-02,2024-10-22,Orthopaedics Ward A,9.541666666666666,11.958333333333334,0.7982954545454546
HHN-LON-02,2024-10-23,Orthopaedics Ward A,11.041666666666666,11.958333333333334,0.9236111111111112
HHN-LON-02,2024-10-24,Orthopaedics Ward A,11.75,11.958333333333334,0.9826388888888888
HHN-LON-02,2024-10-25,Orthopaedics Ward A,12.0,12.0,1.0
HHN-LON-02,2024-10-26,Orthopaedics Ward A,11.875,11.875,1.0
HHN-LON-02,2024-10-27,Orthopaedics Ward A,12.0,12.0,1.0
HHN-LON-02,2024-10-28,Orthopaedics Ward A,11.916666666666666,11.916666666666666,1.0
HHN-LON-02,2024-10-29,Orthopaedics Ward A,11.916666666666666,11.916666666666666,1.0
HHN-LON-02,2024-10-30,Orthopaedics Ward A,11.958333333333334,11.958333333333334,1.0
HHN-LON-02,2024-10-31,Orthopaedics Ward A,11.916666666666666,11.916666666666666,1.0
HHN-LON-02,2024-11-01,Orthopaedics Ward A,11.958333333333334,11.958333333333334,1.0
HHN-LON-02,2024-11-02,Orthopaedics Ward A,11.958333333333334,11.958333333333334,1.0
HHN-LON-02,2024-11-03,Orthopaedics Ward A,11.916666666666666,11.916666666666666,1.0
HHN-LON-02,2024-11-04,Orthopaedics Ward A,11.958333333333334,11.958333333333334,1.0
HHN-LON-02,2024-11-05,Orthopaedics Ward A,12.0,12.0,1.0
HHN-LON-02,2024-11-06,Orthopaedics Ward A,11.958333333333334,11.958333333333334,1.0
HHN-LON-02,2024-11-07,Orthopaedics Ward A,11.958333333333334,11.958333333333334,1.0
HHN-LON-02,2024-11-08,Orthopaedics Ward A,12.0,12.0,1.0
HHN-LON-02,2024-11-09,Orthopaedics Ward A,11.958333333333334,11.958333333333334,1.0
HHN-LON-02,2024-11-10,Orthopaedics Ward A,12.0,12.0,1.0
HHN-LON-02,2024-11-11,Orthopaedics Ward A,11.916666666666666,11.916666666666666,1.0
HHN-LON-02,2024-11-12,Orthopaedics Ward A,11.875,11.875,1.0
HHN-LON-02,2024-11-13,Orthopaedics Ward A,11.916666666666666,11.916666666666666,1.0
HHN-LON-02,2024-11-14,Orthopaedics Ward A,11.958333333333334,11.958333333333334,1.0
HHN-LON-02,2024-11-15,Orthopaedics Ward A,12.0,12.0,1.0
HHN-LON-02,2024-11-16,Orthopaedics Ward A,11.916666666666666,11.916666666666666,1.0
HHN-LON-02,2024-11-17,Orthopaedics Ward A,11.958333333333334,11.958333333333334,1.0
HHN-LON-02,2024-11-18,Orthopaedics Ward A,12.0,12.0,1.0
HHN-LON-02,2024-11-19,Orthopaedics Ward A,11.958333333333334,11.958333333333334,1.0
HHN-LON-02,2024-11-20,Orthopaedics Ward A,11.958333333333334,11.958333333333334,1.0
HHN-LON-02,2024-11-21,Orthopaedics Ward A,11.875,11.875,1.0
HHN-LON-02,2024-11-22,Orthopaedics Ward A,11.958333333333334,11.958333333333334,1.0
HHN-LON-02,2024-11-23,Orthopaedics Ward A,11.958333333333334,11.958333333333334,1.0
HHN-LON-02,2024-11-24,Orthopaedics Ward A,11.791666666666666,11.791666666666666,1.0
HHN-LON-02,2024-11-25,Orthopaedics Ward A,11.958333333333334,11.958333333333334,1.0
HHN-LON-02,2024-11-26,Orthopaedics Ward A,11.166666666666666,12.0,0.9305555555555555
HHN-LON-02,2024-11-27,Orthopaedics Ward A,9.708333333333334,11.916666666666666,0.8153409090909092
HHN-LON-02,2024-11-28,Orthopaedics Ward A,8.791666666666666,12.0,0.7326388888888888
HHN-LON-02,2024-11-29,Orthopaedics Ward A,9.666666666666666,11.875,0.814709595959596
HHN-LON-02,2024-11-30,Orthopaedics Ward A,11.458333333333334,11.916666666666666,0.9618055555555555
HHN-LON-02,2024-12-01,Orthopaedics Ward A,11.875,11.958333333333334,0.9930555555555555
HHN-LON-02,2024-12-02,Orthopaedics Ward A,11.5,11.916666666666666,0.9652777777777778
HHN-LON-02,2024-12-03,Orthopaedics Ward A,12.0,12.0,1.0
HHN-LON-02,2024-12-04,Orthopaedics Ward A,11.833333333333334,11.833333333333334,1.0
HHN-LON-02,2024-12-05,Orthopaedics Ward A,11.916666666666666,11.916666666666666,1.0
HHN-LON-02,2024-12-06,Orthopaedics Ward A,11.875,11.875,1.0
HHN-LON-02,2024-12-07,Orthopaedics Ward A,11.875,11.875,1.0
HHN-LON-02,2024-12-08,Orthopaedics Ward A,11.75,11.75,1.0
HHN-LON-02,2024-12-09,Orthopaedics Ward A,11.833333333333334,11.833333333333334,1.0
HHN-LON-02,2024-12-10,Orthopaedics Ward A,11.958333333333334,11.958333333333334,1.0
HHN-LON-02,2024-12-11,Orthopaedics Ward A,11.916666666666666,11.916666666666666,1.0
HHN-LON-02,2024-12-12,Orthopaedics Ward A,11.916666666666666,11.916666666666666,1.0
HHN-LON-02,2024-12-13,Orthopaedics Ward A,11.916666666666666,11.916666666666666,1.0
HHN-LON-02,2024-12-14,Orthopaedics Ward A,11.833333333333334,11.833333333333334,1.0
HHN-LON-02,2024-12-15,Orthopaedics Ward A,11.708333333333334,11.791666666666666,0.9930555555555555
HHN-LON-02,2024-12-16,Orthopaedics Ward A,11.125,11.833333333333334,0.9406565656565656
HHN-LON-02,2024-12-17,Orthopaedics Ward A,11.833333333333334,11.833333333333334,1.0
HHN-LON-02,2024-12-18,Orthopaedics Ward A,11.916666666666666,11.916666666666666,1.0
HHN-LON-02,2024-12-19,Orthopaedics Ward A,11.916666666666666,11.916666666666666,1.0
HHN-LON-02,2024-12-20,Orthopaedics Ward A,11.916666666666666,11.916666666666666,1.0
HHN-LON-02,2024-12-21,Orthopaedics Ward A,11.958333333333334,11.958333333333334,1.0
HHN-LON-02,2024-12-22,Orthopaedics Ward A,11.833333333333334,11.833333333333334,1.0
HHN-LON-02,2024-12-23,Orthopaedics Ward A,11.375,11.958333333333334,0.9513888888888888
HHN-LON-02,2024-12-24,Orthopaedics Ward A,11.541666666666666,11.958333333333334,0.9652777777777778
HHN-LON-02,2024-12-25,Orthopaedics Ward A,11.958333333333334,11.958333333333334,1.0
HHN-LON-02,2024-12-26,Orthopaedics Ward A,8.916666666666666,11.833333333333334,0.7553661616161617
HHN-LON-02,2024-12-27,Orthopaedics Ward A,5.583333333333333,11.791666666666666,0.4741161616161616
HHN-LON-02,2024-12-28,Orthopaedics Ward A,6.25,11.916666666666666,0.5252525252525252
HHN-LON-02,2024-12-29,Orthopaedics Ward A,10.25,11.791666666666666,0.8693181818181818
HHN-LON-02,2024-12-30,Orthopaedics Ward A,11.875,11.875,1.0
HHN-LON-02,2024-12-31,Orthopaedics Ward A,11.958333333333334,11.958333333333334,1.0
HHN-LON-02,2025-01-01,Orthopaedics Ward A,11.875,11.916666666666666,0.9965277777777778
HHN-LON-02,2025-01-02,Orthopaedics Ward A,11.875,11.875,1.0
HHN-LON-02,2025-01-03,Orthopaedics Ward A,11.958333333333334,11.958333333333334,1.0
HHN-LON-02,2025-01-04,Orthopaedics Ward A,11.833333333333334,11.833333333333334,1.0
HHN-LON-02,2025-01-05,Orthopaedics Ward A,11.833333333333334,11.833333333333334,1.0
HHN-LON-02,2025-01-06,Orthopaedics Ward A,11.958333333333334,11.958333333333334,1.0
HHN-LON-02,2025-01-07,Orthopaedics Ward A,12.0,12.0,1.0
HHN-LON-02,2025-01-08,Orthopaedics Ward A,11.875,11.875,1.0
HHN-LON-02,2025-01-09,Orthopaedics Ward A,12.0,12.0,1.0
HHN-LON-02,2025-01-10,Orthopaedics Ward A,11.833333333333334,11.833333333333334,1.0
HHN-LON-02,2025-01-11,Orthopaedics Ward A,11.958333333333334,11.958333333333334,1.0
HHN-LON-02,2025-01-12,Orthopaedics Ward A,11.791666666666666,11.791666666666666,1.0
HHN-LON-02,2025-01-13,Orthopaedics Ward A,11.916666666666666,11.916666666666666,1.0
HHN-LON-02,2025-01-14,Orthopaedics Ward A,11.916666666666666,11.916666666666666,1.0
HHN-LON-02,2025-01-15,Orthopaedics Ward A,11.875,11.875,1.0
HHN-LON-02,2025-01-16,Orthopaedics Ward A,11.916666666666666,11.916666666666666,1.0
HHN-LON-02,2025-01-17,Orthopaedics Ward A,11.916666666666666,11.916666666666666,1.0
HHN-LON-02,2025-01-18,Orthopaedics Ward A,11.833333333333334,11.833333333333334,1.0
HHN-LON-02,2025-01-19,Orthopaedics Ward A,11.875,11.875,1.0
HHN-LON-02,2025-01-20,Orthopaedics Ward A,11.916666666666666,11.916666666666666,1.0
HHN-LON-02,2025-01-21,Orthopaedics Ward A,11.958333333333334,11.958333333333334,1.0
HHN-LON-02,2025-01-22,Orthopaedics Ward A,11.875,11.875,1.0
HHN-LON-02,2025-01-23,Orthopaedics Ward A,11.916666666666666,11.916666666666666,1.0
HHN-LON-02,2025-01-24,Orthopaedics Ward A,11.958333333333334,11.958333333333334,1.0
HHN-LON-02,2025-01-25,Orthopaedics Ward A,11.875,11.916666666666666,0.9965277777777778
HHN-LON-02,2025-01-26,Orthopaedics Ward A,11.833333333333334,11.833333333333334,1.0
HHN-LON-02,2025-01-27,Orthopaedics Ward A,11.958333333333334,11.958333333333334,1.0
HHN-LON-02,2025-01-28,Orthopaedics Ward A,11.958333333333334,11.958333333333334,1.0
HHN-LON-02,2025-01-29,Orthopaedics Ward A,11.833333333333334,11.833333333333334,1.0
HHN-LON-02,2025-01-30,Orthopaedics Ward A,11.958333333333334,11.958333333333334,1.0
HHN-LON-02,2025-01-31,Orthopaedics Ward A,12.0,12.0,1.0
HHN-LON-02,2025-02-01,Orthopaedics Ward A,11.833333333333334,11.833333333333334,1.0
HHN-LON-02,2025-02-02,Orthopaedics Ward A,11.916666666666666,11.916666666666666,1.0
HHN-LON-02,2025-02-03,Orthopaedics Ward A,12.0,12.0,1.0
HHN-LON-02,2025-02-04,Orthopaedics Ward A,11.916666666666666,11.916666666666666,1.0
HHN-LON-02,2025-02-05,Orthopaedics Ward A,11.875,11.875,1.0
HHN-LON-02,2025-02-06,Orthopaedics Ward A,11.916666666666666,11.916666666666666,1.0
HHN-LON-02,2025-02-07,Orthopaedics Ward A,12.0,12.0,1.0
HHN-LON-02,2025-02-08,Orthopaedics Ward A,11.916666666666666,11.916666666666666,1.0
HHN-LON-02,2025-02-09,Orthopaedics Ward A,11.916666666666666,11.916666666666666,1.0
HHN-LON-02,2025-02-10,Orthopaedics Ward A,12.0,12.0,1.0
HHN-LON-02,2025-02-11,Orthopaedics Ward A,11.833333333333334,11.833333333333334,1.0
HHN-LON-02,2025-02-12,Orthopaedics Ward A,11.791666666666666,11.791666666666666,1.0
HHN-LON-02,2025-02-13,Orthopaedics Ward A,11.916666666666666,11.916666666666666,1.0
HHN-LON-02,2025-02-14,Orthopaedics Ward A,11.916666666666666,11.916666666666666,1.0
HHN-LON-02,2025-02-15,Orthopaedics Ward A,11.916666666666666,11.916666666666666,1.0
HHN-LON-02,2025-02-16,Orthopaedics Ward A,11.958333333333334,11.958333333333334,1.0
HHN-LON-02,2025-02-17,Orthopaedics Ward A,11.958333333333334,11.958333333333334,1.0
HHN-LON-02,2025-02-18,Orthopaedics Ward A,12.0,12.0,1.0
HHN-LON-02,2025-02-19,Orthopaedics Ward A,11.958333333333334,11.958333333333334,1.0
HHN-LON-02,2025-02-20,Orthopaedics Ward A,12.0,12.0,1.0
HHN-LON-02,2025-02-21,Orthopaedics Ward A,11.833333333333334,11.833333333333334,1.0
HHN-LON-02,2025-02-22,Orthopaedics Ward A,11.75,11.75,1.0
HHN-LON-02,2025-02-23,Orthopaedics Ward A,11.875,11.875,1.0
HHN-LON-02,2025-02-24,Orthopaedics Ward A,11.125,11.958333333333334,0.9305555555555555
HHN-LON-02,2025-02-25,Orthopaedics Ward A,11.916666666666666,11.916666666666666,1.0
HHN-LON-02,2025-02-26,Orthopaedics Ward A,11.916666666666666,11.916666666666666,1.0
HHN-LON-02,2025-02-27,Orthopaedics Ward A,11.958333333333334,11.958333333333334,1.0
HHN-LON-02,2025-02-28,Orthopaedics Ward A,11.833333333333334,11.833333333333334,1.0
HHN-LON-02,2025-03-01,Orthopaedics Ward A,11.916666666666666,11.916666666666666,1.0
HHN-LON-02,2025-03-02,Orthopaedics Ward A,11.916666666666666,11.916666666666666,1.0
HHN-LON-02,2025-03-03,Orthopaedics Ward A,11.958333333333334,11.958333333333334,1.0
HHN-LON-02,2025-03-04,Orthopaedics Ward A,11.958333333333334,11.958333333333334,1.0
HHN-LON-02,2025-03-05,Orthopaedics Ward A,11.916666666666666,11.916666666666666,1.0
HHN-LON-02,2025-03-06,Orthopaedics Ward A,11.958333333333334,11.958333333333334,1.0
HHN-LON-02,2025-03-07,Orthopaedics Ward A,12.0,12.0,1.0
HHN-LON-02,2025-03-08,Orthopaedics Ward A,11.916666666666666,11.916666666666666,1.0
HHN-LON-02,2025-03-09,Orthopaedics Ward A,11.916666666666666,11.875,1.0
HHN-LON-02,2025-03-10,Orthopaedics Ward A,12.0,12.0,1.0
HHN-LON-02,2025-03-11,Orthopaedics Ward A,11.958333333333334,11.958333333333334,1.0
HHN-LON-02,2025-03-12,Orthopaedics Ward A,12.0,12.0,1.0
HHN-LON-02,2025-03-13,Orthopaedics Ward A,11.875,11.875,1.0
HHN-LON-02,2025-03-14,Orthopaedics Ward A,12.0,12.0,1.0
HHN-LON-02,2025-03-15,Orthopaedics Ward A,12.0,12.0,1.0
HHN-LON-02,2025-03-16,Orthopaedics Ward A,11.916666666666666,11.916666666666666,1.0
HHN-LON-02,2025-03-17,Orthopaedics Ward A,11.958333333333334,11.958333333333334,1.0
HHN-LON-02,2025-03-18,Orthopaedics Ward A,12.0,12.0,1.0
HHN-LON-02,2025-03-19,Orthopaedics Ward A,11.916666666666666,11.916666666666666,1.0
HHN-LON-02,2025-03-20,Orthopaedics Ward A,11.958333333333334,11.958333333333334,1.0
HHN-LON-02,2025-03-21,Orthopaedics Ward A,12.0,12.0,1.0
HHN-LON-02,2025-03-22,Orthopaedics Ward A,11.916666666666666,11.916666666666666,1.0
HHN-LON-02,2025-03-23,Orthopaedics Ward A,11.875,11.875,1.0
HHN-LON-02,2025-03-24,Orthopaedics Ward A,12.0,12.0,1.0
HHN-LON-02,2025-03-25,Orthopaedics Ward A,12.0,12.0,1.0
HHN-LON-02,2025-03-26,Orthopaedics Ward A,11.958333333333334,11.958333333333334,1.0
HHN-LON-02,2025-03-27,Orthopaedics Ward A,11.875,11.916666666666666,0.9965277777777778
HHN-LON-02,2025-03-28,Orthopaedics Ward A,11.916666666666666,11.916666666666666,1.0
HHN-LON-02,2025-03-29,Orthopaedics Ward A,11.958333333333334,11.958333333333334,1.0
HHN-LON-02,2025-03-30,Orthopaedics Ward A,8.875,11.916666666666666,0.7443181818181818
HHN-LON-02,2025-03-31,Orthopaedics Ward A,8.416666666666666,11.833333333333334,0.712121212121212
HHN-LON-02,2025-04-01,Orthopaedics Ward A,9.208333333333334,12.0,0.7673611111111112
HHN-LON-02,2025-04-02,Orthopaedics Ward A,10.5,11.916666666666666,0.881628787878788
HHN-LON-02,2025-04-03,Orthopaedics Ward A,11.875,11.875,1.0
HHN-LON-02,2025-04-04,Orthopaedics Ward A,11.916666666666666,11.916666666666666,1.0
HHN-LON-02,2025-04-05,Orthopaedics Ward A,11.916666666666666,11.916666666666666,1.0
HHN-LON-02,2025-04-06,Orthopaedics Ward A,11.916666666666666,11.916666666666666,1.0
HHN-LON-02,2025-04-07,Orthopaedics Ward A,11.875,11.875,1.0
HHN-LON-02,2025-04-08,Orthopaedics Ward A,12.0,12.0,1.0
HHN-LON-02,2025-04-09,Orthopaedics Ward A,11.916666666666666,11.916666666666666,1.0
HHN-LON-02,2025-04-10,Orthopaedics Ward A,12.0,12.0,1.0
HHN-LON-02,2025-04-11,Orthopaedics Ward A,11.916666666666666,11.916666666666666,1.0
HHN-LON-02,2025-04-12,Orthopaedics Ward A,11.958333333333334,11.958333333333334,1.0
HHN-LON-02,2025-04-13,Orthopaedics Ward A,11.833333333333334,11.833333333333334,1.0
HHN-LON-02,2025-04-14,Orthopaedics Ward A,11.958333333333334,11.958333333333334,1.0
HHN-LON-02,2025-04-15,Orthopaedics Ward A,11.958333333333334,11.958333333333334,1.0
HHN-LON-02,2025-04-16,Orthopaedics Ward A,11.958333333333334,11.958333333333334,1.0
HHN-LON-02,2025-04-17,Orthopaedics Ward A,11.833333333333334,11.958333333333334,0.9895833333333334
HHN-LON-02,2025-04-18,Orthopaedics Ward A,10.208333333333334,11.875,0.860479797979798
HHN-LON-02,2025-04-19,Orthopaedics Ward A,8.583333333333334,11.833333333333334,0.7263257575757575
HHN-LON-02,2025-04-20,Orthopaedics Ward A,8.916666666666666,11.875,0.7509469696969697
HHN-LON-02,2025-04-21,Orthopaedics Ward A,10.0,11.958333333333334,0.8364898989898991
HHN-LON-02,2025-04-22,Orthopaedics Ward A,11.208333333333334,11.958333333333334,0.9375
HHN-LON-02,2025-04-23,Orthopaedics Ward A,11.666666666666666,11.958333333333334,0.9756944444444445
HHN-LON-02,2025-04-24,Orthopaedics Ward A,12.0,12.0,1.0
HHN-LON-02,2025-04-25,Orthopaedics Ward A,12.0,12.0,1.0
HHN-LON-02,2025-04-26,Orthopaedics Ward A,11.916666666666666,11.916666666666666,1.0
HHN-LON-02,2025-04-27,Orthopaedics Ward A,11.833333333333334,11.833333333333334,1.0
HHN-LON-02,2025-04-28,Orthopaedics Ward A,12.0,12.0,1.0
HHN-LON-02,2025-04-29,Orthopaedics Ward A,11.916666666666666,11.916666666666666,1.0
HHN-LON-02,2025-04-30,Orthopaedics Ward A,11.916666666666666,11.916666666666666,1.0
HHN-LON-02,2025-05-01,Orthopaedics Ward A,11.916666666666666,11.916666666666666,1.0
HHN-LON-02,2025-05-02,Orthopaedics Ward A,11.916666666666666,11.916666666666666,1.0
HHN-LON-02,2025-05-03,Orthopaedics Ward A,11.958333333333334,11.958333333333334,1.0
HHN-LON-02,2025-05-04,Orthopaedics Ward A,11.458333333333334,11.916666666666666,0.9618055555555555
HHN-LON-02,2025-05-05,Orthopaedics Ward A,11.291666666666666,12.0,0.9409722222222222
HHN-LON-02,2025-05-06,Orthopaedics Ward A,11.208333333333334,11.958333333333334,0.9375
HHN-LON-02,2025-05-07,Orthopaedics Ward A,11.25,12.0,0.9375
HHN-LON-02,2025-05-08,Orthopaedics Ward A,11.291666666666666,11.916666666666666,0.94760101010101
HHN-LON-02,2025-05-09,Orthopaedics Ward A,12.0,12.0,1.0
HHN-LON-02,2025-05-10,Orthopaedics Ward A,11.916666666666666,11.916666666666666,1.0
HHN-LON-02,2025-05-11,Orthopaedics Ward A,11.791666666666666,11.791666666666666,1.0
HHN-LON-02,2025-05-12,Orthopaedics Ward A,11.958333333333334,11.958333333333334,1.0
HHN-LON-02,2025-05-13,Orthopaedics Ward A,11.958333333333334,11.958333333333334,1.0
HHN-LON-02,2025-05-14,Orthopaedics Ward A,11.958333333333334,11.958333333333334,1.0
HHN-LON-02,2025-05-15,Orthopaedics Ward A,11.958333333333334,11.958333333333334,1.0
HHN-LON-02,2025-05-16,Orthopaedics Ward A,12.0,12.0,1.0
HHN-LON-02,2025-05-17,Orthopaedics Ward A,11.916666666666666,11.916666666666666,1.0
HHN-LON-02,2025-05-18,Orthopaedics Ward A,11.666666666666666,11.875,0.9826388888888888
HHN-LON-02,2025-05-19,Orthopaedics Ward A,10.791666666666666,12.0,0.8993055555555555
HHN-LON-02,2025-05-20,Orthopaedics Ward A,11.958333333333334,11.958333333333334,1.0
HHN-LON-02,2025-05-21,Orthopaedics Ward A,12.0,12.0,1.0
HHN-LON-02,2025-05-22,Orthopaedics Ward A,12.0,12.0,1.0
HHN-LON-02,2025-05-23,Orthopaedics Ward A,11.916666666666666,11.916666666666666,1.0
HHN-LON-02,2025-05-24,Orthopaedics Ward A,11.833333333333334,11.833333333333334,1.0
HHN-LON-02,2025-05-25,Orthopaedics Ward A,12.0,12.0,1.0
HHN-LON-02,2025-05-26,Orthopaedics Ward A,11.666666666666666,11.875,0.9826388888888888
HHN-LON-02,2025-05-27,Orthopaedics Ward A,11.791666666666666,12.0,0.9826388888888888
HHN-LON-02,2025-05-28,Orthopaedics Ward A,12.0,12.0,1.0
HHN-LON-02,2025-05-29,Orthopaedics Ward A,11.958333333333334,11.958333333333334,1.0
HHN-LON-02,2025-05-30,Orthopaedics Ward A,11.875,11.833333333333334,1.0
HHN-LON-02,2025-05-31,Orthopaedics Ward A,12.0,12.0,1.0
HHN-LON-02,2025-06-01,Orthopaedics Ward A,11.875,11.875,1.0
HHN-LON-02,2025-06-02,Orthopaedics Ward A,11.958333333333334,11.958333333333334,1.0
HHN-LON-02,2025-06-03,Orthopaedics Ward A,11.916666666666666,11.916666666666666,1.0
HHN-LON-02,2025-06-04,Orthopaedics Ward A,11.916666666666666,11.916666666666666,1.0
HHN-LON-02,2025-06-05,Orthopaedics Ward A,12.0,12.0,1.0
HHN-LON-02,2025-06-06,Orthopaedics Ward A,11.916666666666666,11.916666666666666,1.0
HHN-LON-02,2025-06-07,Orthopaedics Ward A,11.875,11.875,1.0
HHN-LON-02,2025-06-08,Orthopaedics Ward A,11.875,11.875,1.0
HHN-LON-02,2025-06-09,Orthopaedics Ward A,11.958333333333334,11.958333333333334,1.0
HHN-LON-02,2025-06-10,Orthopaedics Ward A,12.0,12.0,1.0
HHN-LON-02,2025-06-11,Orthopaedics Ward A,12.0,12.0,1.0
HHN-LON-02,2025-06-12,Orthopaedics Ward A,12.0,12.0,1.0
HHN-LON-02,2025-06-13,Orthopaedics Ward A,11.916666666666666,11.916666666666666,1.0
HHN-LON-02,2025-06-14,Orthopaedics Ward A,11.875,11.875,1.0
HHN-LON-02,2025-06-15,Orthopaedics Ward A,11.958333333333334,11.958333333333334,1.0
HHN-LON-02,2025-06-16,Orthopaedics Ward A,11.875,11.875,1.0
HHN-LON-02,2025-06-17,Orthopaedics Ward A,11.25,11.916666666666666,0.9444444444444445
HHN-LON-02,2025-06-18,Orthopaedics Ward A,11.833333333333334,11.958333333333334,0.9892676767676768
HHN-LON-02,2025-06-19,Orthopaedics Ward A,11.875,11.875,1.0
HHN-LON-02,2025-06-20,Orthopaedics Ward A,11.958333333333334,12.0,0.9965277777777778
HHN-LON-02,2025-06-21,Orthopaedics Ward A,10.916666666666666,11.875,0.9201388888888888
HHN-LON-02,2025-06-22,Orthopaedics Ward A,11.583333333333334,11.916666666666666,0.9722222222222222
HHN-LON-02,2025-06-23,Orthopaedics Ward A,11.916666666666666,11.958333333333334,0.9965277777777778
HHN-LON-02,2025-06-24,Orthopaedics Ward A,10.541666666666666,11.958333333333334,0.8819444444444445
HHN-LON-02,2025-06-25,Orthopaedics Ward A,10.541666666666666,11.875,0.8885732323232324
HHN-LON-02,2025-06-26,Orthopaedics Ward A,11.958333333333334,11.958333333333334,1.0
HHN-LON-02,2025-06-27,Orthopaedics Ward A,12.0,12.0,1.0
HHN-LON-02,2025-06-28,Orthopaedics Ward A,9.875,11.833333333333334,0.8342803030303031
HHN-LON-02,2025-06-29,Orthopaedics Ward A,10.791666666666666,11.916666666666666,0.90625
HHN-LON-02,2025-06-30,Orthopaedics Ward A,11.958333333333334,11.958333333333334,1.0
HHN-LON-02,2025-07-01,Orthopaedics Ward A,11.916666666666666,11.916666666666666,1.0
HHN-LON-02,2025-07-02,Orthopaedics Ward A,11.916666666666666,11.916666666666666,1.0
HHN-LON-02,2025-07-03,Orthopaedics Ward A,11.958333333333334,11.958333333333334,1.0
HHN-LON-02,2025-07-04,Orthopaedics Ward A,11.833333333333334,11.833333333333334,1.0
HHN-LON-02,2025-07-05,Orthopaedics Ward A,11.833333333333334,11.875,0.9965277777777778
HHN-LON-02,2025-07-06,Orthopaedics Ward A,11.5,12.0,0.9583333333333334
HHN-LON-02,2025-07-07,Orthopaedics Ward A,10.916666666666666,11.958333333333334,0.912878787878788
HHN-LON-02,2025-07-08,Orthopaedics Ward A,10.791666666666666,11.916666666666666,0.9059343434343434
HHN-LON-02,2025-07-09,Orthopaedics Ward A,8.833333333333334,11.958333333333334,0.7389520202020202
HHN-LON-02,2025-07-10,Orthopaedics Ward A,4.291666666666667,11.916666666666666,0.35984848484848486
HHN-LON-02,2025-07-11,Orthopaedics Ward A,4.833333333333333,11.916666666666666,0.4046717171717172
HHN-LON-02,2025-07-12,Orthopaedics Ward A,7.291666666666667,11.875,0.6145833333333334
HHN-LON-02,2025-07-13,Orthopaedics Ward A,7.0,11.958333333333334,0.5855429292929293
HHN-LON-02,2025-07-14,Orthopaedics Ward A,6.958333333333333,11.916666666666666,0.5842803030303031
HHN-LON-02,2025-07-15,Orthopaedics Ward A,8.458333333333334,12.0,0.7048611111111112
HHN-LON-02,2025-07-16,Orthopaedics Ward A,9.125,11.958333333333334,0.7635732323232323
HHN-LON-02,2025-07-17,Orthopaedics Ward A,7.75,12.0,0.6458333333333334
HHN-LON-02,2025-07-18,Orthopaedics Ward A,7.666666666666667,11.958333333333334,0.6414141414141414
HHN-LON-02,2025-07-19,Orthopaedics Ward A,5.333333333333333,11.875,0.449810606060606
HHN-LON-02,2025-07-20,Orthopaedics Ward A,6.0,11.958333333333334,0.5018939393939393
HHN-LON-02,2025-07-21,Orthopaedics Ward A,8.291666666666666,12.0,0.6909722222222222
HHN-LON-02,2025-07-22,Orthopaedics Ward A,9.833333333333334,11.958333333333334,0.82260101010101
HHN-LON-02,2025-07-23,Orthopaedics Ward A,10.625,12.0,0.8854166666666666
HHN-LON-02,2025-07-24,Orthopaedics Ward A,11.125,12.0,0.9270833333333334
HHN-LON-02,2025-07-25,Orthopaedics Ward A,11.666666666666666,11.916666666666666,0.9791666666666666
HHN-LON-02,2025-07-26,Orthopaedics Ward A,11.916666666666666,11.916666666666666,1.0
HHN-LON-02,2025-07-27,Orthopaedics Ward A,11.666666666666666,11.916666666666666,0.9791666666666666
HHN-LON-02,2025-07-28,Orthopaedics Ward A,8.541666666666666,11.958333333333334,0.7143308080808081
HHN-LON-02,2025-07-29,Orthopaedics Ward A,10.416666666666666,12.0,0.8680555555555555
HHN-LON-02,2025-07-30,Orthopaedics Ward A,11.958333333333334,11.958333333333334,1.0
HHN-LON-02,2025-07-31,Orthopaedics Ward A,12.0,12.0,1.0
HHN-LON-02,2025-08-01,Orthopaedics Ward A,10.125,11.958333333333334,0.8472222222222222
HHN-LON-02,2025-08-02,Orthopaedics Ward A,6.791666666666667,11.875,0.5729166666666666
HHN-LON-02,2025-08-03,Orthopaedics Ward A,6.875,11.875,0.5795454545454546
HHN-LON-02,2025-08-04,Orthopaedics Ward A,7.666666666666667,11.958333333333334,0.6410984848484849
HHN-LON-02,2025-08-05,Orthopaedics Ward A,11.291666666666666,11.916666666666666,0.9472853535353535
HHN-LON-02,2025-08-06,Orthopaedics Ward A,12.0,12.0,1.0
HHN-LON-02,2025-08-07,Orthopaedics Ward A,11.458333333333334,11.958333333333334,0.9583333333333334
HHN-LON-02,2025-08-08,Orthopaedics Ward A,10.541666666666666,11.916666666666666,0.8847853535353535
HHN-LON-02,2025-08-09,Orthopaedics Ward A,7.541666666666667,11.916666666666666,0.6341540404040403
HHN-LON-02,2025-08-10,Orthopaedics Ward A,5.375,11.875,0.4529671717171717
HHN-LON-02,2025-08-11,Orthopaedics Ward A,5.5,11.916666666666666,0.461489898989899
HHN-LON-02,2025-08-12,Orthopaedics Ward A,5.041666666666667,11.958333333333334,0.4220328282828283
HHN-LON-02,2025-08-13,Orthopaedics Ward A,5.083333333333333,11.958333333333334,0.425189393939394
HHN-LON-02,2025-08-14,Orthopaedics Ward A,7.958333333333333,11.916666666666666,0.6682449494949495
HHN-LON-02,2025-08-15,Orthopaedics Ward A,7.75,11.916666666666666,0.6502525252525252
HHN-LON-02,2025-08-16,Orthopaedics Ward A,9.458333333333334,11.916666666666666,0.7938762626262627
HHN-LON-02,2025-08-17,Orthopaedics Ward A,10.916666666666666,11.916666666666666,0.91635101010101
HHN-LON-02,2025-08-18,Orthopaedics Ward A,10.458333333333334,11.958333333333334,0.8746843434343434
HHN-LON-02,2025-08-19,Orthopaedics Ward A,7.791666666666667,11.958333333333334,0.6518308080808081
HHN-LON-02,2025-08-20,Orthopaedics Ward A,6.875,11.958333333333334,0.5754419191919192
HHN-LON-02,2025-08-21,Orthopaedics Ward A,6.916666666666667,11.958333333333334,0.5785984848484849
HHN-LON-02,2025-08-22,Orthopaedics Ward A,8.375,12.0,0.6979166666666666
HHN-LON-02,2025-08-23,Orthopaedics Ward A,10.208333333333334,11.958333333333334,0.8541666666666666
HHN-LON-02,2025-08-24,Orthopaedics Ward A,10.208333333333334,11.916666666666666,0.8570075757575758
HHN-LON-02,2025-08-25,Orthopaedics Ward A,9.208333333333334,11.958333333333334,0.7702020202020202
HHN-LON-02,2025-08-26,Orthopaedics Ward A,9.875,11.916666666666666,0.8279671717171717
HHN-LON-02,2025-08-27,Orthopaedics Ward A,11.75,11.916666666666666,0.9861111111111112
HHN-LON-02,2025-08-28,Orthopaedics Ward A,11.208333333333334,11.916666666666666,0.9409722222222222
HHN-LON-02,2025-08-29,Orthopaedics Ward A,11.75,11.916666666666666,0.9861111111111112
HHN-LON-02,2025-08-30,Orthopaedics Ward A,11.916666666666666,11.916666666666666,1.0
HHN-LON-02,2025-08-31,Orthopaedics Ward A,11.833333333333334,11.833333333333334,1.0
HHN-LON-02,2025-09-01,Orthopaedics Ward A,11.708333333333334,11.916666666666666,0.9826388888888888
HHN-LON-02,2025-09-02,Orthopaedics Ward A,10.958333333333334,11.958333333333334,0.9160353535353535
HHN-LON-02,2025-09-03,Orthopaedics Ward A,8.75,11.916666666666666,0.7348484848484849
HHN-LON-02,2025-09-04,Orthopaedics Ward A,10.333333333333334,11.916666666666666,0.8674242424242425
HHN-LON-02,2025-09-05,Orthopaedics Ward A,11.958333333333334,11.958333333333334,1.0
HHN-LON-02,2025-09-06,Orthopaedics Ward A,11.583333333333334,12.0,0.9652777777777778
HHN-LON-02,2025-09-07,Orthopaedics Ward A,11.916666666666666,11.916666666666666,1.0
HHN-LON-02,2025-09-08,Orthopaedics Ward A,11.958333333333334,11.958333333333334,1.0
HHN-LON-02,2025-09-09,Orthopaedics Ward A,12.0,12.0,1.0
HHN-LON-02,2025-09-10,Orthopaedics Ward A,12.0,12.0,1.0
HHN-LON-02,2025-09-11,Orthopaedics Ward A,11.875,11.875,1.0
HHN-LON-02,2025-09-12,Orthopaedics Ward A,11.916666666666666,11.916666666666666,1.0
HHN-LON-02,2025-09-13,Orthopaedics Ward A,11.833333333333334,11.833333333333334,1.0
HHN-LON-02,2025-09-14,Orthopaedics Ward A,11.916666666666666,11.916666666666666,1.0
HHN-LON-02,2025-09-15,Orthopaedics Ward A,12.0,12.0,1.0
HHN-LON-02,2025-09-16,Orthopaedics Ward A,12.0,12.0,1.0
HHN-LON-02,2025-09-17,Orthopaedics Ward A,11.916666666666666,11.916666666666666,1.0
HHN-LON-02,2025-09-18,Orthopaedics Ward A,12.0,12.0,1.0
HHN-LON-02,2025-09-19,Orthopaedics Ward A,11.958333333333334,11.958333333333334,1.0
HHN-LON-02,2025-09-20,Orthopaedics Ward A,12.0,12.0,1.0
HHN-LON-02,2025-09-21,Orthopaedics Ward A,11.875,11.875,1.0
HHN-LON-02,2025-09-22,Orthopaedics Ward A,12.0,12.0,1.0
HHN-LON-02,2025-09-23,Orthopaedics Ward A,11.958333333333334,11.958333333333334,1.0
HHN-LON-02,2025-09-24,Orthopaedics Ward A,11.833333333333334,11.833333333333334,1.0
HHN-LON-02,2025-09-25,Orthopaedics Ward A,11.958333333333334,11.958333333333334,1.0
HHN-LON-02,2025-09-26,Orthopaedics Ward A,12.0,12.0,1.0
HHN-LON-02,2025-09-27,Orthopaedics Ward A,11.958333333333334,11.958333333333334,1.0
HHN-LON-02,2025-09-28,Orthopaedics Ward A,11.958333333333334,11.958333333333334,1.0
HHN-LON-02,2025-09-29,Orthopaedics Ward A,12.0,12.0,1.0
HHN-LON-02,2025-09-30,Orthopaedics Ward A,11.958333333333334,11.958333333333334,1.0
HHN-LON-02,2025-10-01,Orthopaedics Ward A,11.875,11.875,1.0
HHN-LON-02,2025-10-02,Orthopaedics Ward A,11.333333333333334,11.916666666666666,0.9504419191919192
HHN-LON-02,2025-10-03,Orthopaedics Ward A,9.833333333333334,11.958333333333334,0.82260101010101
HHN-LON-02,2025-10-04,Orthopaedics Ward A,7.291666666666667,11.958333333333334,0.6098484848484849
HHN-LON-02,2025-10-05,Orthopaedics Ward A,8.0,11.833333333333334,0.6767676767676768
HHN-LON-02,2025-10-06,Orthopaedics Ward A,8.75,11.916666666666666,0.7345328282828283
HHN-LON-02,2025-10-07,Orthopaedics Ward A,11.583333333333334,11.875,0.9756944444444445
HHN-LON-02,2025-10-08,Orthopaedics Ward A,11.583333333333334,12.0,0.9652777777777778
HHN-LON-02,2025-10-09,Orthopaedics Ward A,11.916666666666666,11.916666666666666,1.0
HHN-LON-02,2025-10-10,Orthopaedics Ward A,12.0,12.0,1.0
HHN-LON-02,2025-10-11,Orthopaedics Ward A,11.875,11.875,1.0
HHN-LON-02,2025-10-12,Orthopaedics Ward A,11.791666666666666,11.916666666666666,0.9895833333333334
HHN-LON-02,2025-10-13,Orthopaedics Ward A,11.458333333333334,12.0,0.9548611111111112
HHN-LON-02,2025-10-14,Orthopaedics Ward A,11.916666666666666,11.916666666666666,1.0
HHN-LON-02,2025-10-15,Orthopaedics Ward A,12.0,12.0,1.0
HHN-LON-02,2025-10-16,Orthopaedics Ward A,11.833333333333334,11.833333333333334,1.0
HHN-LON-02,2025-10-17,Orthopaedics Ward A,11.916666666666666,11.958333333333334,0.9965277777777778
HHN-LON-02,2025-10-18,Orthopaedics Ward A,11.625,11.916666666666666,0.9756944444444445
HHN-LON-02,2025-10-19,Orthopaedics Ward A,11.625,11.916666666666666,0.9756944444444445
HHN-LON-02,2025-10-20,Orthopaedics Ward A,11.708333333333334,11.916666666666666,0.9826388888888888
HHN-LON-02,2025-10-21,Orthopaedics Ward A,11.625,11.875,0.9791666666666666
HHN-LON-02,2025-10-22,Orthopaedics Ward A,12.0,12.0,1.0
HHN-LON-02,2025-10-23,Orthopaedics Ward A,11.916666666666666,11.916666666666666,1.0
HHN-LON-02,2025-10-24,Orthopaedics Ward A,11.958333333333334,11.958333333333334,1.0
HHN-LON-02,2025-10-25,Orthopaedics Ward A,11.708333333333334,11.916666666666666,0.9826388888888888
HHN-LON-02,2025-10-26,Orthopaedics Ward A,8.875,11.875,0.7481060606060606
HHN-LON-02,2025-10-27,Orthopaedics Ward A,10.75,11.916666666666666,0.9021464646464646
HHN-LON-02,2025-10-28,Orthopaedics Ward A,11.875,11.916666666666666,0.9965277777777778
HHN-LON-02,2025-10-29,Orthopaedics Ward A,12.0,12.0,1.0
HHN-LON-02,2025-10-30,Orthopaedics Ward A,12.0,12.0,1.0
HHN-LON-02,2025-10-31,Orthopaedics Ward A,11.958333333333334,11.958333333333334,1.0
HHN-LON-02,2025-11-01,Orthopaedics Ward A,11.791666666666666,12.0,0.9826388888888888
HHN-LON-02,2025-11-02,Orthopaedics Ward A,11.541666666666666,11.875,0.9722222222222222
HHN-LON-02,2025-11-03,Orthopaedics Ward A,11.916666666666666,11.916666666666666,1.0
HHN-LON-02,2025-11-04,Orthopaedics Ward A,11.958333333333334,11.958333333333334,1.0
HHN-LON-02,2025-11-05,Orthopaedics Ward A,11.958333333333334,11.958333333333334,1.0
HHN-LON-02,2025-11-06,Orthopaedics Ward A,11.958333333333334,11.958333333333334,1.0
HHN-LON-02,2025-11-07,Orthopaedics Ward A,11.875,11.875,1.0
HHN-LON-02,2025-11-08,Orthopaedics Ward A,11.958333333333334,11.958333333333334,1.0
HHN-LON-02,2025-11-09,Orthopaedics Ward A,11.958333333333334,11.958333333333334,1.0
HHN-LON-02,2025-11-10,Orthopaedics Ward A,11.958333333333334,11.958333333333334,1.0
HHN-LON-02,2025-11-11,Orthopaedics Ward A,11.875,11.875,1.0
HHN-LON-02,2025-11-12,Orthopaedics Ward A,12.0,12.0,1.0
HHN-LON-02,2025-11-13,Orthopaedics Ward A,12.0,12.0,1.0
HHN-LON-02,2025-11-14,Orthopaedics Ward A,11.958333333333334,11.958333333333334,1.0
HHN-LON-02,2025-11-15,Orthopaedics Ward A,11.958333333333334,11.958333333333334,1.0
HHN-LON-02,2025-11-16,Orthopaedics Ward A,11.958333333333334,11.958333333333334,1.0
HHN-LON-02,2025-11-17,Orthopaedics Ward A,11.083333333333334,12.0,0.923611111111111
HHN-LON-02,2025-11-18,Orthopaedics Ward A,11.583333333333334,12.0,0.9652777777777778
HHN-LON-02,2025-11-19,Orthopaedics Ward A,11.916666666666666,12.0,0.9930555555555555
HHN-LON-02,2025-11-20,Orthopaedics Ward A,11.958333333333334,11.958333333333334,1.0
HHN-LON-02,2025-11-21,Orthopaedics Ward A,11.958333333333334,11.958333333333334,1.0
HHN-LON-02,2025-11-22,Orthopaedics Ward A,11.875,11.875,1.0
HHN-LON-02,2025-11-23,Orthopaedics Ward A,11.916666666666666,11.916666666666666,1.0
HHN-LON-02,2025-11-24,Orthopaedics Ward A,12.0,12.0,1.0
HHN-LON-02,2025-11-25,Orthopaedics Ward A,11.958333333333334,11.958333333333334,1.0
HHN-LON-02,2025-11-26,Orthopaedics Ward A,11.958333333333334,11.958333333333334,1.0
HHN-LON-02,2025-11-27,Orthopaedics Ward A,11.916666666666666,11.916666666666666,1.0
HHN-LON-02,2025-11-28,Orthopaedics Ward A,11.916666666666666,11.916666666666666,1.0
HHN-LON-02,2025-11-29,Orthopaedics Ward A,11.958333333333334,11.958333333333334,1.0
HHN-LON-02,2025-11-30,Orthopaedics Ward A,11.916666666666666,11.916666666666666,1.0
HHN-LON-02,2025-12-01,Orthopaedics Ward A,11.916666666666666,11.916666666666666,1.0
HHN-LON-02,2025-12-02,Orthopaedics Ward A,11.791666666666666,11.791666666666666,1.0
HHN-LON-02,2025-12-03,Orthopaedics Ward A,11.916666666666666,11.916666666666666,1.0
HHN-LON-02,2025-12-04,Orthopaedics Ward A,11.875,11.875,1.0
HHN-LON-02,2025-12-05,Orthopaedics Ward A,11.958333333333334,11.958333333333334,1.0
HHN-LON-02,2025-12-06,Orthopaedics Ward A,11.833333333333334,11.833333333333334,1.0
HHN-LON-02,2025-12-07,Orthopaedics Ward A,11.833333333333334,11.833333333333334,1.0
HHN-LON-02,2025-12-08,Orthopaedics Ward A,12.0,12.0,1.0
HHN-LON-02,2025-12-09,Orthopaedics Ward A,11.833333333333334,11.833333333333334,1.0
HHN-LON-02,2025-12-10,Orthopaedics Ward A,11.916666666666666,11.916666666666666,1.0
HHN-LON-02,2025-12-11,Orthopaedics Ward A,11.958333333333334,11.958333333333334,1.0
HHN-LON-02,2025-12-12,Orthopaedics Ward A,11.958333333333334,11.958333333333334,1.0
HHN-LON-02,2025-12-13,Orthopaedics Ward A,11.791666666666666,11.791666666666666,1.0
HHN-LON-02,2025-12-14,Orthopaedics Ward A,11.791666666666666,11.791666666666666,1.0
HHN-LON-02,2025-12-15,Orthopaedics Ward A,11.416666666666666,11.875,0.9611742424242425
HHN-LON-02,2025-12-16,Orthopaedics Ward A,11.833333333333334,11.833333333333334,1.0
HHN-LON-02,2025-12-17,Orthopaedics Ward A,11.791666666666666,11.791666666666666,1.0
HHN-LON-02,2025-12-18,Orthopaedics Ward A,11.875,11.875,1.0
HHN-LON-02,2025-12-19,Orthopaedics Ward A,11.916666666666666,11.916666666666666,1.0
HHN-LON-02,2025-12-20,Orthopaedics Ward A,11.875,11.875,1.0
HHN-LON-02,2025-12-21,Orthopaedics Ward A,11.75,11.75,1.0
HHN-LON-02,2025-12-22,Orthopaedics Ward A,12.0,12.0,1.0
HHN-LON-02,2025-12-23,Orthopaedics Ward A,11.916666666666666,11.916666666666666,1.0
HHN-LON-02,2025-12-24,Orthopaedics Ward A,11.875,11.875,1.0
HHN-LON-02,2025-12-25,Orthopaedics Ward A,12.0,12.0,1.0
HHN-LON-02,2025-12-26,Orthopaedics Ward A,11.875,11.875,1.0
HHN-LON-02,2025-12-27,Orthopaedics Ward A,11.708333333333334,11.708333333333334,1.0
HHN-LON-02,2025-12-28,Orthopaedics Ward A,11.916666666666666,11.916666666666666,1.0
HHN-LON-02,2025-12-29,Orthopaedics Ward A,11.25,11.958333333333334,0.9409722222222222
HHN-LON-02,2025-12-30,Orthopaedics Ward A,11.333333333333334,11.958333333333334,0.9479166666666666
HHN-LON-02,2025-12-31,Orthopaedics Ward A,11.833333333333334,11.833333333333334,1.0
HHN-MAN-01,2024-01-01,Orthopaedics Ward A,1.7083333333333333,31.916666666666668,0.053385416666666664
HHN-MAN-01,2024-01-02,Orthopaedics Ward A,6.875,31.75,0.21672952586206895
HHN-MAN-01,2024-01-03,Orthopaedics Ward A,13.375,31.833333333333332,0.4207589285714286
HHN-MAN-01,2024-01-04,Orthopaedics Ward A,17.791666666666668,31.708333333333332,0.5611829501915709
HHN-MAN-01,2024-01-05,Orthopaedics Ward A,21.958333333333332,31.541666666666668,0.6968230518477321
HHN-MAN-01,2024-01-06,Orthopaedics Ward A,21.958333333333332,31.208333333333332,0.705715565796211
HHN-MAN-01,2024-01-07,Orthopaedics Ward A,17.791666666666668,32.0,0.5559895833333334
HHN-MAN-01,2024-01-08,Orthopaedics Ward A,18.541666666666668,31.958333333333332,0.580099126344086
HHN-MAN-01,2024-01-09,Orthopaedics Ward A,22.166666666666668,31.75,0.6990391522988505
HHN-MAN-01,2024-01-10,Orthopaedics Ward A,25.458333333333332,32.0,0.7955729166666666
HHN-MAN-01,2024-01-11,Orthopaedics Ward A,21.666666666666668,31.5,0.6886592603995622
HHN-MAN-01,2024-01-12,Orthopaedics Ward A,21.25,31.666666666666668,0.6712689612135176
HHN-MAN-01,2024-01-13,Orthopaedics Ward A,17.791666666666668,31.5,0.5655544437602628
HHN-MAN-01,2024-01-14,Orthopaedics Ward A,13.75,31.833333333333332,0.43202661522061553
HHN-MAN-01,2024-01-15,Orthopaedics Ward A,14.708333333333334,32.0,0.4596354166666667
HHN-MAN-01,2024-01-16,Orthopaedics Ward A,16.291666666666668,31.541666666666668,0.5168784595317549
HHN-MAN-01,2024-01-17,Orthopaedics Ward A,22.625,32.0,0.70703125
HHN-MAN-01,2024-01-18,Orthopaedics Ward A,24.166666666666668,31.75,0.7617559523809524
HHN-MAN-01,2024-01-19,Orthopaedics Ward A,23.041666666666668,31.375,0.7359811027905786
HHN-MAN-01,2024-01-20,Orthopaedics Ward A,22.208333333333332,31.666666666666668,0.7028682249457069
HHN-MAN-01,2024-01-21,Orthopaedics Ward A,24.958333333333332,31.791666666666668,0.7856902841781874
HHN-MAN-01,2024-01-22,Orthopaedics Ward A,24.791666666666668,31.5,0.788060877275456
HHN-MAN-01,2024-01-23,Orthopaedics Ward A,24.916666666666668,31.791666666666668,0.7845322100614439
HHN-MAN-01,2024-01-24,Orthopaedics Ward A,26.208333333333332,31.833333333333332,0.8234747023809524
HHN-MAN-01,2024-01-25,Orthopaedics Ward A,26.875,31.583333333333332,0.8516431258497096
HHN-MAN-01,2024-01-26,Orthopaedics Ward A,24.375,31.833333333333332,0.7659970238095238
HHN-MAN-01,2024-01-27,Orthopaedics Ward A,24.75,31.458333333333332,0.7876708936958172
HHN-MAN-01,2024-01-28,Orthopaedics Ward A,21.916666666666668,31.708333333333332,0.6917046139228772
HHN-MAN-01,2024-01-29,Orthopaedics Ward A,24.041666666666668,31.958333333333332,0.7522261424731184
HHN-MAN-01,2024-01-30,Orthopaedics Ward A,25.083333333333332,31.875,0.7876257183908045
HHN-MAN-01,2024-01-31,Orthopaedics Ward A,26.791666666666668,31.75,0.8442438936781609
HHN-MAN-01,2024-02-01,Orthopaedics Ward A,30.166666666666668,31.583333333333332,0.9549000239463602
HHN-MAN-01,2024-02-02,Orthopaedics Ward A,31.625,31.625,1.0
HHN-MAN-01,2024-02-03,Orthopaedics Ward A,31.791666666666668,31.791666666666668,1.0
HHN-MAN-01,2024-02-04,Orthopaedics Ward A,27.75,31.625,0.8773647030651341
HHN-MAN-01,2024-02-05,Orthopaedics Ward A,25.125,31.583333333333332,0.7970130088325652
HHN-MAN-01,2024-02-06,Orthopaedics Ward A,24.458333333333332,31.916666666666668,0.7664062500000001
HHN-MAN-01,2024-02-07,Orthopaedics Ward A,19.958333333333332,31.708333333333332,0.6301121202791461
HHN-MAN-01,2024-02-08,Orthopaedics Ward A,21.041666666666668,32.0,0.6575520833333334
HHN-MAN-01,2024-02-09,Orthopaedics Ward A,24.541666666666668,31.833333333333332,0.7715773809523809
HHN-MAN-01,2024-02-10,Orthopaedics Ward A,24.875,31.375,0.7942387623152709
HHN-MAN-01,2024-02-11,Orthopaedics Ward A,24.291666666666668,31.833333333333332,0.7635321074341861
HHN-MAN-01,2024-02-12,Orthopaedics Ward A,20.041666666666668,31.791666666666668,0.6307094688542826
HHN-MAN-01,2024-02-13,Orthopaedics Ward A,19.666666666666668,32.0,0.6145833333333334
HHN-MAN-01,2024-02-14,Orthopaedics Ward A,27.25,31.625,0.8627232142857143
HHN-MAN-01,2024-02-15,Orthopaedics Ward A,31.875,31.875,1.0
HHN-MAN-01,2024-02-16,Orthopaedics Ward A,31.708333333333332,31.708333333333332,1.0
HHN-MAN-01,2024-02-17,Orthopaedics Ward A,30.416666666666668,31.833333333333332,0.9557291666666666
HHN-MAN-01,2024-02-18,Orthopaedics Ward A,27.625,31.708333333333332,0.8722611350574713
HHN-MAN-01,2024-02-19,Orthopaedics Ward A,30.75,31.875,0.96484375
HHN-MAN-01,2024-02-20,Orthopaedics Ward A,31.833333333333332,31.916666666666668,0.9973958333333334
HHN-MAN-01,2024-02-21,Orthopaedics Ward A,31.833333333333332,31.833333333333332,1.0
HHN-MAN-01,2024-02-22,Orthopaedics Ward A,31.958333333333332,31.958333333333332,1.0
HHN-MAN-01,2024-02-23,Orthopaedics Ward A,31.875,32.0,0.99609375
HHN-MAN-01,2024-02-24,Orthopaedics Ward A,27.041666666666668,31.416666666666668,0.8630208333333332
HHN-MAN-01,2024-02-25,Orthopaedics Ward A,21.583333333333332,31.583333333333332,0.6850048747947456
HHN-MAN-01,2024-02-26,Orthopaedics Ward A,24.083333333333332,31.875,0.7555675287356322
HHN-MAN-01,2024-02-27,Orthopaedics Ward A,27.166666666666668,31.708333333333332,0.8575268817204301
HHN-MAN-01,2024-02-28,Orthopaedics Ward A,27.875,32.0,0.87109375
HHN-MAN-01,2024-02-29,Orthopaedics Ward A,26.708333333333332,31.958333333333332,0.8357274865591399
HHN-MAN-01,2024-03-01,Orthopaedics Ward A,27.625,31.791666666666668,0.8694833572796935
HHN-MAN-01,2024-03-02,Orthopaedics Ward A,28.875,31.75,0.91015625
HHN-MAN-01,2024-03-03,Orthopaedics Ward A,29.583333333333332,31.541666666666668,0.9386673850574713
HHN-MAN-01,2024-03-04,Orthopaedics Ward A,25.958333333333332,31.875,0.8145469310035843
HHN-MAN-01,2024-03-05,Orthopaedics Ward A,19.875,31.75,0.626736111111111
HHN-MAN-01,2024-03-06,Orthopaedics Ward A,19.291666666666668,31.666666666666668,0.6101190476190476
HHN-MAN-01,2024-03-07,Orthopaedics Ward A,22.458333333333332,31.875,0.7047855062724014
HHN-MAN-01,2024-03-08,Orthopaedics Ward A,22.625,31.875,0.7099946120689654
HHN-MAN-01,2024-03-09,Orthopaedics Ward A,20.041666666666668,31.875,0.6289202508960573
HHN-MAN-01,2024-03-10,Orthopaedics Ward A,22.166666666666668,32.0,0.6927083333333334
HHN-MAN-01,2024-03-11,Orthopaedics Ward A,24.5,31.916666666666668,0.7678819444444445
HHN-MAN-01,2024-03-12,Orthopaedics Ward A,24.625,32.0,0.76953125
HHN-MAN-01,2024-03-13,Orthopaedics Ward A,27.083333333333332,32.0,0.8463541666666666
HHN-MAN-01,2024-03-14,Orthopaedics Ward A,30.458333333333332,31.875,0.9556871639784946
HHN-MAN-01,2024-03-15,Orthopaedics Ward A,30.916666666666668,31.875,0.9699680779569894
HHN-MAN-01,2024-03-16,Orthopaedics Ward A,30.166666666666668,31.875,0.9466145833333334
HHN-MAN-01,2024-03-17,Orthopaedics Ward A,24.0,32.0,0.75
HHN-MAN-01,2024-03-18,Orthopaedics Ward A,19.458333333333332,31.833333333333332,0.6121651785714286
HHN-MAN-01,2024-03-19,Orthopaedics Ward A,25.666666666666668,32.0,0.8020833333333334
HHN-MAN-01,2024-03-20,Orthopaedics Ward A,26.291666666666668,31.875,0.8248767921146953
HHN-MAN-01,2024-03-21,Orthopaedics Ward A,26.5,31.75,0.8349341668211593
HHN-MAN-01,2024-03-22,Orthopaedics Ward A,22.791666666666668,31.791666666666668,0.7178559427803379
HHN-MAN-01,2024-03-23,Orthopaedics Ward A,26.333333333333332,31.708333333333332,0.8310550495921394
HHN-MAN-01,2024-03-24,Orthopaedics Ward A,26.75,31.958333333333332,0.836945564516129
HHN-MAN-01,2024-03-25,Orthopaedics Ward A,23.958333333333332,32.0,0.7486979166666666
HHN-MAN-01,2024-03-26,Orthopaedics Ward A,22.916666666666668,31.833333333333332,0.7200520833333334
HHN-MAN-01,2024-03-27,Orthopaedics Ward A,21.875,32.0,0.68359375
HHN-MAN-01,2024-03-28,Orthopaedics Ward A,20.708333333333332,32.0,0.6471354166666666
HHN-MAN-01,2024-03-29,Orthopaedics Ward A,15.541666666666666,31.875,0.4878322557471264
HHN-MAN-01,2024-03-30,Orthopaedics Ward A,16.375,31.791666666666668,0.5153669834869431
HHN-MAN-01,2024-03-31,Orthopaedics Ward A,12.541666666666666,31.791666666666668,0.3940942289272031
HHN-MAN-01,2024-04-01,Orthopaedics Ward A,9.125,31.708333333333332,0.2882799671592775
HHN-MAN-01,2024-04-02,Orthopaedics Ward A,12.125,31.833333333333332,0.3810266615684093
HHN-MAN-01,2024-04-03,Orthopaedics Ward A,13.125,31.666666666666668,0.4146701388888889
HHN-MAN-01,2024-04-04,Orthopaedics Ward A,16.166666666666668,32.0,0.5052083333333334
HHN-MAN-01,2024-04-05,Orthopaedics Ward A,17.5,31.875,0.5489751344086021
HHN-MAN-01,2024-04-06,Orthopaedics Ward A,20.958333333333332,31.708333333333332,0.6613731278801843
HHN-MAN-01,2024-04-07,Orthopaedics Ward A,15.375,31.875,0.48231406810035843
HHN-MAN-01,2024-04-08,Orthopaedics Ward A,16.625,32.0,0.51953125
HHN-MAN-01,2024-04-09,Orthopaedics Ward A,18.125,31.958333333333332,0.5671622983870968
HHN-MAN-01,2024-04-10,Orthopaedics Ward A,17.666666666666668,31.833333333333332,0.5552455357142857
HHN-MAN-01,2024-04-11,Orthopaedics Ward A,18.791666666666668,32.0,0.5872395833333334
HHN-MAN-01,2024-04-12,Orthopaedics Ward A,23.958333333333332,31.875,0.7519306752873564
HHN-MAN-01,2024-04-13,Orthopaedics Ward A,20.916666666666668,31.541666666666668,0.6639981510540812
HHN-MAN-01,2024-04-14,Orthopaedics Ward A,20.041666666666668,31.666666666666668,0.6327980163144235
HHN-MAN-01,2024-04-15,Orthopaedics Ward A,17.708333333333332,31.958333333333332,0.5542254704301075
HHN-MAN-01,2024-04-16,Orthopaedics Ward A,21.125,31.875,0.6629849137931034
HHN-MAN-01,2024-04-17,Orthopaedics Ward A,23.625,32.0,0.73828125
HHN-MAN-01,2024-04-18,Orthopaedics Ward A,27.791666666666668,31.916666666666668,0.8710069444444445
HHN-MAN-01,2024-04-19,Orthopaedics Ward A,27.541666666666668,32.0,0.8606770833333334
HHN-MAN-01,2024-04-20,Orthopaedics Ward A,22.875,31.75,0.7215786637931035
HHN-MAN-01,2024-04-21,Orthopaedics Ward A,15.916666666666666,31.625,0.5038762480798771
HHN-MAN-01,2024-04-22,Orthopaedics Ward A,19.708333333333332,31.666666666666668,0.622135540812543
HHN-MAN-01,2024-04-23,Orthopaedics Ward A,22.333333333333332,31.833333333333332,0.701812778086763
HHN-MAN-01,2024-04-24,Orthopaedics Ward A,19.541666666666668,31.708333333333332,0.616905275041051
HHN-MAN-01,2024-04-25,Orthopaedics Ward A,18.208333333333332,31.833333333333332,0.5721726190476191
HHN-MAN-01,2024-04-26,Orthopaedics Ward A,17.375,31.833333333333332,0.5463169642857143
HHN-MAN-01,2024-04-27,Orthopaedics Ward A,16.041666666666668,32.0,0.5013020833333334
HHN-MAN-01,2024-04-28,Orthopaedics Ward A,13.291666666666666,31.916666666666668,0.4165798611111111
HHN-MAN-01,2024-04-29,Orthopaedics Ward A,15.083333333333334,32.0,0.4713541666666667
HHN-MAN-01,2024-04-30,Orthopaedics Ward A,17.458333333333332,31.833333333333332,0.5487351190476191
HHN-MAN-01,2024-05-01,Orthopaedics Ward A,19.416666666666668,32.0,0.6067708333333334
HHN-MAN-01,2024-05-02,Orthopaedics Ward A,20.25,31.625,0.6409910234254993
HHN-MAN-01,2024-05-03,Orthopaedics Ward A,21.541666666666668,31.875,0.6762751436781609
HHN-MAN-01,2024-05-04,Orthopaedics Ward A,15.916666666666666,31.666666666666668,0.5035342261904762
HHN-MAN-01,2024-05-05,Orthopaedics Ward A,14.916666666666666,31.833333333333332,0.4685371863799283
HHN-MAN-01,2024-05-06,Orthopaedics Ward A,15.541666666666666,31.958333333333332,0.486349126344086
HHN-MAN-01,2024-05-07,Orthopaedics Ward A,17.958333333333332,31.666666666666668,0.5673880507662835
HHN-MAN-01,2024-05-08,Orthopaedics Ward A,20.291666666666668,31.666666666666668,0.6409970238095238
HHN-MAN-01,2024-05-09,Orthopaedics Ward A,20.625,31.875,0.6474946120689655
HHN-MAN-01,2024-05-10,Orthopaedics Ward A,22.291666666666668,32.0,0.6966145833333334
HHN-MAN-01,2024-05-11,Orthopaedics Ward A,20.375,32.0,0.63671875
HHN-MAN-01,2024-05-12,Orthopaedics Ward A,19.625,31.833333333333332,0.6168572719688543
HHN-MAN-01,2024-05-13,Orthopaedics Ward A,16.083333333333332,31.875,0.5047593390804598
HHN-MAN-01,2024-05-14,Orthopaedics Ward A,18.291666666666668,31.875,0.5738939292114695
HHN-MAN-01,2024-05-15,Orthopaedics Ward A,22.833333333333332,31.666666666666668,0.7217261904761906
HHN-MAN-01,2024-05-16,Orthopaedics Ward A,24.125,32.0,0.75390625
HHN-MAN-01,2024-05-17,Orthopaedics Ward A,25.291666666666668,31.625,0.8006339026387344
HHN-MAN-01,2024-05-18,Orthopaedics Ward A,20.875,31.875,0.6549030172413793
HHN-MAN-01,2024-05-19,Orthopaedics Ward A,14.333333333333334,31.875,0.44993714080459773
HHN-MAN-01,2024-05-20,Orthopaedics Ward A,14.416666666666666,31.75,0.4544394841269841
HHN-MAN-01,2024-05-21,Orthopaedics Ward A,16.5,32.0,0.515625
HHN-MAN-01,2024-05-22,Orthopaedics Ward A,19.333333333333332,31.833333333333332,0.6075148809523809
HHN-MAN-01,2024-05-23,Orthopaedics Ward A,24.916666666666668,31.5,0.7916666666666666
HHN-MAN-01,2024-05-24,Orthopaedics Ward A,26.458333333333332,31.666666666666668,0.8363647687245087
HHN-MAN-01,2024-05-25,Orthopaedics Ward A,21.791666666666668,31.875,0.6839529454022988
HHN-MAN-01,2024-05-26,Orthopaedics Ward A,20.125,31.791666666666668,0.6336525537634409
HHN-MAN-01,2024-05-27,Orthopaedics Ward A,15.291666666666666,31.708333333333332,0.4820941091954023
HHN-MAN-01,2024-05-28,Orthopaedics Ward A,15.041666666666666,32.0,0.4700520833333333
HHN-MAN-01,2024-05-29,Orthopaedics Ward A,19.25,31.666666666666668,0.609375
HHN-MAN-01,2024-05-30,Orthopaedics Ward A,21.125,32.0,0.66015625
HHN-MAN-01,2024-05-31,Orthopaedics Ward A,23.583333333333332,31.75,0.7430405890804598
HHN-MAN-01,2024-06-01,Orthopaedics Ward A,24.125,31.791666666666668,0.7596906201996928
HHN-MAN-01,2024-06-02,Orthopaedics Ward A,17.791666666666668,31.666666666666668,0.5629464285714286
HHN-MAN-01,2024-06-03,Orthopaedics Ward A,13.916666666666666,32.0,0.4348958333333333
HHN-MAN-01,2024-06-04,Orthopaedics Ward A,17.5,32.0,0.546875
HHN-MAN-01,2024-06-05,Orthopaedics Ward A,18.208333333333332,31.875,0.571569683908046
HHN-MAN-01,2024-06-06,Orthopaedics Ward A,18.625,31.75,0.5874875992063492
HHN-MAN-01,2024-06-07,Orthopaedics Ward A,22.541666666666668,31.958333333333332,0.7053931451612904
HHN-MAN-01,2024-06-08,Orthopaedics Ward A,21.333333333333332,31.833333333333332,0.6702984991039426
HHN-MAN-01,2024-06-09,Orthopaedics Ward A,15.208333333333334,31.416666666666668,0.4850519122879036
HHN-MAN-01,2024-06-10,Orthopaedics Ward A,16.25,31.666666666666668,0.513625216841464
HHN-MAN-01,2024-06-11,Orthopaedics Ward A,17.041666666666668,31.625,0.5391448638919788
HHN-MAN-01,2024-06-12,Orthopaedics Ward A,18.041666666666668,31.833333333333332,0.5667782738095238
HHN-MAN-01,2024-06-13,Orthopaedics Ward A,20.25,31.708333333333332,0.6395987274220033
HHN-MAN-01,2024-06-14,Orthopaedics Ward A,19.041666666666668,31.666666666666668,0.6019345238095238
HHN-MAN-01,2024-06-15,Orthopaedics Ward A,15.541666666666666,31.958333333333332,0.48643313172043007
HHN-MAN-01,2024-06-16,Orthopaedics Ward A,10.75,31.583333333333332,0.3409350198412699
HHN-MAN-01,2024-06-17,Orthopaedics Ward A,9.416666666666666,32.0,0.2942708333333333
HHN-MAN-01,2024-06-18,Orthopaedics Ward A,12.458333333333334,32.0,0.3893229166666667
HHN-MAN-01,2024-06-19,Orthopaedics Ward A,15.583333333333334,32.0,0.4869791666666667
HHN-MAN-01,2024-06-20,Orthopaedics Ward A,17.375,31.625,0.549614720169677
HHN-MAN-01,2024-06-21,Orthopaedics Ward A,17.208333333333332,32.0,0.5377604166666666
HHN-MAN-01,2024-06-22,Orthopaedics Ward A,18.0,31.75,0.5672247023809524
HHN-MAN-01,2024-06-23,Orthopaedics Ward A,17.791666666666668,31.75,0.5608387212643678
HHN-MAN-01,2024-06-24,Orthopaedics Ward A,18.791666666666668,31.75,0.5922495039682539
HHN-MAN-01,2024-06-25,Orthopaedics Ward A,19.041666666666668,31.958333333333332,0.5958501344086021
HHN-MAN-01,2024-06-26,Orthopaedics Ward A,22.708333333333332,31.791666666666668,0.714247311827957
HHN-MAN-01,2024-06-27,Orthopaedics Ward A,22.916666666666668,31.791666666666668,0.7213061635944701
HHN-MAN-01,2024-06-28,Orthopaedics Ward A,20.041666666666668,32.0,0.6263020833333334
HHN-MAN-01,2024-06-29,Orthopaedics Ward A,18.208333333333332,31.416666666666668,0.5815972222222222
HHN-MAN-01,2024-06-30,Orthopaedics Ward A,14.333333333333334,31.958333333333332,0.4484206989247312
HHN-MAN-01,2024-07-01,Orthopaedics Ward A,13.791666666666666,31.625,0.43696420019157084
HHN-MAN-01,2024-07-02,Orthopaedics Ward A,15.666666666666666,31.833333333333332,0.49274553571428575
HHN-MAN-01,2024-07-03,Orthopaedics Ward A,15.833333333333334,31.708333333333332,0.49946265526510936
HHN-MAN-01,2024-07-04,Orthopaedics Ward A,13.708333333333334,31.666666666666668,0.43314732142857143
HHN-MAN-01,2024-07-05,Orthopaedics Ward A,19.666666666666668,31.708333333333332,0.6201956925243216
HHN-MAN-01,2024-07-06,Orthopaedics Ward A,17.875,31.875,0.5609571012544803
HHN-MAN-01,2024-07-07,Orthopaedics Ward A,15.25,31.25,0.48917190010505496
HHN-MAN-01,2024-07-08,Orthopaedics Ward A,11.666666666666666,31.875,0.3661997126436782
HHN-MAN-01,2024-07-09,Orthopaedics Ward A,12.583333333333334,31.666666666666668,0.3974329115684094
HHN-MAN-01,2024-07-10,Orthopaedics Ward A,13.875,32.0,0.43359375
HHN-MAN-01,2024-07-11,Orthopaedics Ward A,16.083333333333332,32.0,0.5026041666666666
HHN-MAN-01,2024-07-12,Orthopaedics Ward A,18.0,31.541666666666668,0.5706075533661741
HHN-MAN-01,2024-07-13,Orthopaedics Ward A,16.041666666666668,31.666666666666668,0.5074404761904762
HHN-MAN-01,2024-07-14,Orthopaedics Ward A,16.041666666666668,31.875,0.5034572557471264
HHN-MAN-01,2024-07-15,Orthopaedics Ward A,15.291666666666666,31.666666666666668,0.4836773001747974
HHN-MAN-01,2024-07-16,Orthopaedics Ward A,19.583333333333332,31.958333333333332,0.6126512096774194
HHN-MAN-01,2024-07-17,Orthopaedics Ward A,20.75,32.0,0.6484375
HHN-MAN-01,2024-07-18,Orthopaedics Ward A,20.25,31.833333333333332,0.6361607142857143
HHN-MAN-01,2024-07-19,Orthopaedics Ward A,21.666666666666668,31.791666666666668,0.6817276305683563
HHN-MAN-01,2024-07-20,Orthopaedics Ward A,18.291666666666668,31.666666666666668,0.5781341040309339
HHN-MAN-01,2024-07-21,Orthopaedics Ward A,15.458333333333334,31.916666666666668,0.48463541666666665
HHN-MAN-01,2024-07-22,Orthopaedics Ward A,21.583333333333332,31.833333333333332,0.678004495736003
HHN-MAN-01,2024-07-23,Orthopaedics Ward A,26.0,32.0,0.8125
HHN-MAN-01,2024-07-24,Orthopaedics Ward A,27.625,31.625,0.8744599654377879
HHN-MAN-01,2024-07-25,Orthopaedics Ward A,24.958333333333332,31.875,0.7831806752873564
HHN-MAN-01,2024-07-26,Orthopaedics Ward A,27.166666666666668,31.625,0.8597726254480286
HHN-MAN-01,2024-07-27,Orthopaedics Ward A,24.0,31.833333333333332,0.7544642857142857
HHN-MAN-01,2024-07-28,Orthopaedics Ward A,18.208333333333332,31.625,0.576999521072797
HHN-MAN-01,2024-07-29,Orthopaedics Ward A,17.25,31.625,0.5461762794198138
HHN-MAN-01,2024-07-30,Orthopaedics Ward A,17.791666666666668,31.875,0.5581447557471264
HHN-MAN-01,2024-07-31,Orthopaedics Ward A,19.333333333333332,31.791666666666668,0.6082709293394778
HHN-MAN-01,2024-08-01,Orthopaedics Ward A,21.083333333333332,31.75,0.6648561507936508
HHN-MAN-01,2024-08-02,Orthopaedics Ward A,16.25,31.958333333333332,0.5086105510752689
HHN-MAN-01,2024-08-03,Orthopaedics Ward A,15.416666666666666,31.625,0.48835325460829493
HHN-MAN-01,2024-08-04,Orthopaedics Ward A,14.5,31.458333333333332,0.4618975614439324
HHN-MAN-01,2024-08-05,Orthopaedics Ward A,15.708333333333334,31.666666666666668,0.4965861953096033
HHN-MAN-01,2024-08-06,Orthopaedics Ward A,17.75,31.625,0.5616186884236453
HHN-MAN-01,2024-08-07,Orthopaedics Ward A,17.5,31.833333333333332,0.5500372023809524
HHN-MAN-01,2024-08-08,Orthopaedics Ward A,19.5,31.916666666666668,0.611111111111111
HHN-MAN-01,2024-08-09,Orthopaedics Ward A,19.416666666666668,31.875,0.6093021953405018
HHN-MAN-01,2024-08-10,Orthopaedics Ward A,21.041666666666668,31.333333333333332,0.6726523876838463
HHN-MAN-01,2024-08-11,Orthopaedics Ward A,18.666666666666668,31.833333333333332,0.5870535714285714
HHN-MAN-01,2024-08-12,Orthopaedics Ward A,19.875,31.666666666666668,0.6279483955938697
HHN-MAN-01,2024-08-13,Orthopaedics Ward A,18.916666666666668,32.0,0.5911458333333334
HHN-MAN-01,2024-08-14,Orthopaedics Ward A,20.875,31.875,0.6547683189655172
HHN-MAN-01,2024-08-15,Orthopaedics Ward A,27.333333333333332,31.708333333333332,0.8622164922003285
HHN-MAN-01,2024-08-16,Orthopaedics Ward A,25.416666666666668,31.666666666666668,0.8045014880952381
HHN-MAN-01,2024-08-17,Orthopaedics Ward A,20.458333333333332,31.791666666666668,0.6437391993087558
HHN-MAN-01,2024-08-18,Orthopaedics Ward A,15.333333333333334,31.791666666666668,0.48254488287250386
HHN-MAN-01,2024-08-19,Orthopaedics Ward A,13.333333333333334,31.875,0.4184177442528736
HHN-MAN-01,2024-08-20,Orthopaedics Ward A,13.458333333333334,32.0,0.4205729166666667
HHN-MAN-01,2024-08-21,Orthopaedics Ward A,14.583333333333334,31.666666666666668,0.4605654761904762
HHN-MAN-01,2024-08-22,Orthopaedics Ward A,14.291666666666666,31.958333333333332,0.44720262096774194
HHN-MAN-01,2024-08-23,Orthopaedics Ward A,11.75,31.541666666666668,0.37311067908346135
HHN-MAN-01,2024-08-24,Orthopaedics Ward A,12.291666666666666,31.875,0.38566028225806454
HHN-MAN-01,2024-08-25,Orthopaedics Ward A,11.25,32.0,0.3515625
HHN-MAN-01,2024-08-26,Orthopaedics Ward A,12.291666666666666,31.833333333333332,0.3861929922135707
HHN-MAN-01,2024-08-27,Orthopaedics Ward A,14.833333333333334,31.791666666666668,0.466914917037449
HHN-MAN-01,2024-08-28,Orthopaedics Ward A,15.0,31.833333333333332,0.47172619047619047
HHN-MAN-01,2024-08-29,Orthopaedics Ward A,14.833333333333334,32.0,0.4635416666666667
HHN-MAN-01,2024-08-30,Orthopaedics Ward A,13.833333333333334,31.791666666666668,0.4352580220306514
HHN-MAN-01,2024-08-31,Orthopaedics Ward A,12.625,31.833333333333332,0.3966145833333334
HHN-MAN-01,2024-09-01,Orthopaedics Ward A,12.041666666666666,31.875,0.3779184626436782
HHN-MAN-01,2024-09-02,Orthopaedics Ward A,14.5,31.75,0.45635775862068967
HHN-MAN-01,2024-09-03,Orthopaedics Ward A,16.166666666666668,31.833333333333332,0.5081845238095238
HHN-MAN-01,2024-09-04,Orthopaedics Ward A,14.291666666666666,32.0,0.4466145833333333
HHN-MAN-01,2024-09-05,Orthopaedics Ward A,15.291666666666666,32.0,0.4778645833333333
HHN-MAN-01,2024-09-06,Orthopaedics Ward A,15.833333333333334,32.0,0.4947916666666667
HHN-MAN-01,2024-09-07,Orthopaedics Ward A,15.458333333333334,31.708333333333332,0.4880182676518883
HHN-MAN-01,2024-09-08,Orthopaedics Ward A,17.333333333333332,31.458333333333332,0.5514991442210923
HHN-MAN-01,2024-09-09,Orthopaedics Ward A,18.375,31.958333333333332,0.5749327956989247
HHN-MAN-01,2024-09-10,Orthopaedics Ward A,17.041666666666668,32.0,0.5325520833333334
HHN-MAN-01,2024-09-11,Orthopaedics Ward A,19.791666666666668,31.916666666666668,0.6199652777777778
HHN-MAN-01,2024-09-12,Orthopaedics Ward A,23.291666666666668,31.833333333333332,0.7321428571428572
HHN-MAN-01,2024-09-13,Orthopaedics Ward A,26.25,32.0,0.8203125
HHN-MAN-01,2024-09-14,Orthopaedics Ward A,23.666666666666668,31.916666666666668,0.7415798611111111
HHN-MAN-01,2024-09-15,Orthopaedics Ward A,24.416666666666668,32.0,0.7630208333333334
HHN-MAN-01,2024-09-16,Orthopaedics Ward A,22.875,31.958333333333332,0.7156838037634409
HHN-MAN-01,2024-09-17,Orthopaedics Ward A,22.625,31.791666666666668,0.7121258381226054
HHN-MAN-01,2024-09-18,Orthopaedics Ward A,20.583333333333332,31.875,0.64605783045977
HHN-MAN-01,2024-09-19,Orthopaedics Ward A,18.833333333333332,32.0,0.5885416666666666
HHN-MAN-01,2024-09-20,Orthopaedics Ward A,18.5,32.0,0.578125
HHN-MAN-01,2024-09-21,Orthopaedics Ward A,17.958333333333332,31.75,0.5660590277777778
HHN-MAN-01,2024-09-22,Orthopaedics Ward A,17.041666666666668,31.75,0.5372767857142857
HHN-MAN-01,2024-09-23,Orthopaedics Ward A,17.958333333333332,31.875,0.5632183908045977
HHN-MAN-01,2024-09-24,Orthopaedics Ward A,22.583333333333332,31.916666666666668,0.7077256944444444
HHN-MAN-01,2024-09-25,Orthopaedics Ward A,28.125,31.958333333333332,0.879914314516129
HHN-MAN-01,2024-09-26,Orthopaedics Ward A,30.333333333333332,32.0,0.9479166666666666
HHN-MAN-01,2024-09-27,Orthopaedics Ward A,31.083333333333332,31.75,0.9791666666666666
HHN-MAN-01,2024-09-28,Orthopaedics Ward A,27.75,31.625,0.8785021551724138
HHN-MAN-01,2024-09-29,Orthopaedics Ward A,24.125,31.916666666666668,0.755922379032258
HHN-MAN-01,2024-09-30,Orthopaedics Ward A,25.541666666666668,31.833333333333332,0.8022693452380952
HHN-MAN-01,2024-10-01,Orthopaedics Ward A,25.25,31.708333333333332,0.7972602660363367
HHN-MAN-01,2024-10-02,Orthopaedics Ward A,21.333333333333332,32.0,0.6666666666666666
HHN-MAN-01,2024-10-03,Orthopaedics Ward A,24.916666666666668,31.708333333333332,0.7862325809541466
HHN-MAN-01,2024-10-04,Orthopaedics Ward A,24.833333333333332,31.958333333333332,0.7771337365591399
HHN-MAN-01,2024-10-05,Orthopaedics Ward A,22.458333333333332,31.625,0.7117175499231951
HHN-MAN-01,2024-10-06,Orthopaedics Ward A,16.916666666666668,31.875,0.5306663074712644
HHN-MAN-01,2024-10-07,Orthopaedics Ward A,16.5,32.0,0.515625
HHN-MAN-01,2024-10-08,Orthopaedics Ward A,18.416666666666668,32.0,0.5755208333333334
HHN-MAN-01,2024-10-09,Orthopaedics Ward A,20.208333333333332,31.833333333333332,0.6350446428571429
HHN-MAN-01,2024-10-10,Orthopaedics Ward A,22.916666666666668,31.916666666666668,0.7179519489247311
HHN-MAN-01,2024-10-11,Orthopaedics Ward A,24.375,32.0,0.76171875
HHN-MAN-01,2024-10-12,Orthopaedics Ward A,19.791666666666668,32.0,0.6184895833333334
HHN-MAN-01,2024-10-13,Orthopaedics Ward A,16.166666666666668,31.875,0.5072288074712644
HHN-MAN-01,2024-10-14,Orthopaedics Ward A,14.125,31.875,0.4431573275862069
HHN-MAN-01,2024-10-15,Orthopaedics Ward A,18.166666666666668,31.916666666666668,0.5692708333333333
HHN-MAN-01,2024-10-16,Orthopaedics Ward A,18.708333333333332,32.0,0.5846354166666666
HHN-MAN-01,2024-10-17,Orthopaedics Ward A,22.208333333333332,31.791666666666668,0.6993265086206897
HHN-MAN-01,2024-10-18,Orthopaedics Ward A,25.5,32.0,0.796875
HHN-MAN-01,2024-10-19,Orthopaedics Ward A,26.708333333333332,31.916666666666668,0.8368923611111111
HHN-MAN-01,2024-10-20,Orthopaedics Ward A,22.75,31.958333333333332,0.7118195564516129
HHN-MAN-01,2024-10-21,Orthopaedics Ward A,20.041666666666668,31.833333333333332,0.6297743055555556
HHN-MAN-01,2024-10-22,Orthopaedics Ward A,20.916666666666668,32.0,0.6536458333333334
HHN-MAN-01,2024-10-23,Orthopaedics Ward A,22.625,32.0,0.70703125
HHN-MAN-01,2024-10-24,Orthopaedics Ward A,23.875,31.958333333333332,0.747059811827957
HHN-MAN-01,2024-10-25,Orthopaedics Ward A,22.625,31.833333333333332,0.7113095238095238
HHN-MAN-01,2024-10-26,Orthopaedics Ward A,19.125,31.666666666666668,0.605282738095238
HHN-MAN-01,2024-10-27,Orthopaedics Ward A,16.041666666666668,31.791666666666668,0.5051155411877395
HHN-MAN-01,2024-10-28,Orthopaedics Ward A,16.25,31.875,0.509832974137931
HHN-MAN-01,2024-10-29,Orthopaedics Ward A,15.791666666666666,32.0,0.4934895833333333
HHN-MAN-01,2024-10-30,Orthopaedics Ward A,20.625,32.0,0.64453125
HHN-MAN-01,2024-10-31,Orthopaedics Ward A,20.25,31.833333333333332,0.6362847222222222
HHN-MAN-01,2024-11-01,Orthopaedics Ward A,18.125,31.875,0.5689655172413793
HHN-MAN-01,2024-11-02,Orthopaedics Ward A,18.708333333333332,31.791666666666668,0.5891117031490015
HHN-MAN-01,2024-11-03,Orthopaedics Ward A,18.583333333333332,31.666666666666668,0.5876116071428571
HHN-MAN-01,2024-11-04,Orthopaedics Ward A,23.791666666666668,31.916666666666668,0.7456597222222222
HHN-MAN-01,2024-11-05,Orthopaedics Ward A,30.333333333333332,32.0,0.9479166666666666
HHN-MAN-01,2024-11-06,Orthopaedics Ward A,31.916666666666668,31.916666666666668,1.0
HHN-MAN-01,2024-11-07,Orthopaedics Ward A,31.958333333333332,32.0,0.9986979166666666
HHN-MAN-01,2024-11-08,Orthopaedics Ward A,28.666666666666668,31.833333333333332,0.9006696428571428
HHN-MAN-01,2024-11-09,Orthopaedics Ward A,21.875,31.875,0.6864224137931035
HHN-MAN-01,2024-11-10,Orthopaedics Ward A,19.333333333333332,31.916666666666668,0.6058159722222222
HHN-MAN-01,2024-11-11,Orthopaedics Ward A,20.708333333333332,31.875,0.6498459901433692
HHN-MAN-01,2024-11-12,Orthopaedics Ward A,24.916666666666668,31.791666666666668,0.7840098180076628
HHN-MAN-01,2024-11-13,Orthopaedics Ward A,29.166666666666668,32.0,0.9114583333333334
HHN-MAN-01,2024-11-14,Orthopaedics Ward A,28.791666666666668,31.75,0.9072916666666666
HHN-MAN-01,2024-11-15,Orthopaedics Ward A,24.333333333333332,31.625,0.7699853618217772
HHN-MAN-01,2024-11-16,Orthopaedics Ward A,20.541666666666668,31.625,0.6505520491242475
HHN-MAN-01,2024-11-17,Orthopaedics Ward A,15.458333333333334,31.833333333333332,0.4856770833333333
HHN-MAN-01,2024-11-18,Orthopaedics Ward A,14.541666666666666,32.0,0.4544270833333333
HHN-MAN-01,2024-11-19,Orthopaedics Ward A,18.25,32.0,0.5703125
HHN-MAN-01,2024-11-20,Orthopaedics Ward A,19.666666666666668,31.791666666666668,0.619148108237548
HHN-MAN-01,2024-11-21,Orthopaedics Ward A,20.25,31.583333333333332,0.6418691485910271
HHN-MAN-01,2024-11-22,Orthopaedics Ward A,22.375,31.708333333333332,0.7063577586206896
HHN-MAN-01,2024-11-23,Orthopaedics Ward A,20.291666666666668,31.833333333333332,0.6374131944444444
HHN-MAN-01,2024-11-24,Orthopaedics Ward A,16.916666666666668,32.0,0.5286458333333334
HHN-MAN-01,2024-11-25,Orthopaedics Ward A,16.708333333333332,31.875,0.5242383512544803
HHN-MAN-01,2024-11-26,Orthopaedics Ward A,16.041666666666668,31.833333333333332,0.5042782738095238
HHN-MAN-01,2024-11-27,Orthopaedics Ward A,15.916666666666666,31.875,0.4995510057471264
HHN-MAN-01,2024-11-28,Orthopaedics Ward A,17.916666666666668,31.875,0.5624551005747126
HHN-MAN-01,2024-11-29,Orthopaedics Ward A,23.541666666666668,31.666666666666668,0.7442336309523809
HHN-MAN-01,2024-11-30,Orthopaedics Ward A,21.666666666666668,31.875,0.6799119971264368
HHN-MAN-01,2024-12-01,Orthopaedics Ward A,19.291666666666668,31.708333333333332,0.609227473316913
HHN-MAN-01,2024-12-02,Orthopaedics Ward A,21.875,32.0,0.68359375
HHN-MAN-01,2024-12-03,Orthopaedics Ward A,26.041666666666668,31.666666666666668,0.8228740846310716
HHN-MAN-01,2024-12-04,Orthopaedics Ward A,27.083333333333332,31.791666666666668,0.8522504750648868
HHN-MAN-01,2024-12-05,Orthopaedics Ward A,31.625,31.625,1.0
HHN-MAN-01,2024-12-06,Orthopaedics Ward A,31.75,31.75,1.0
HHN-MAN-01,2024-12-07,Orthopaedics Ward A,31.458333333333332,31.708333333333332,0.9921875
HHN-MAN-01,2024-12-08,Orthopaedics Ward A,30.791666666666668,31.541666666666668,0.9764756944444445
HHN-MAN-01,2024-12-09,Orthopaedics Ward A,29.75,31.916666666666668,0.9322048611111112
HHN-MAN-01,2024-12-10,Orthopaedics Ward A,27.208333333333332,31.708333333333332,0.858674086175998
HHN-MAN-01,2024-12-11,Orthopaedics Ward A,23.625,31.666666666666668,0.7467609927035331
HHN-MAN-01,2024-12-12,Orthopaedics Ward A,28.291666666666668,31.833333333333332,0.8887648809523809
HHN-MAN-01,2024-12-13,Orthopaedics Ward A,31.625,31.625,1.0
HHN-MAN-01,2024-12-14,Orthopaedics Ward A,31.666666666666668,31.666666666666668,1.0
HHN-MAN-01,2024-12-15,Orthopaedics Ward A,31.291666666666668,31.75,0.9856770833333334
HHN-MAN-01,2024-12-16,Orthopaedics Ward A,27.833333333333332,31.833333333333332,0.8746886007601038
HHN-MAN-01,2024-12-17,Orthopaedics Ward A,24.583333333333332,31.666666666666668,0.7771577380952381
HHN-MAN-01,2024-12-18,Orthopaedics Ward A,20.833333333333332,31.791666666666668,0.6559147509578543
HHN-MAN-01,2024-12-19,Orthopaedics Ward A,18.0,31.5,0.5721916547486625
HHN-MAN-01,2024-12-20,Orthopaedics Ward A,14.458333333333334,31.875,0.4536682347670251
HHN-MAN-01,2024-12-21,Orthopaedics Ward A,14.125,31.791666666666668,0.44497047811059903
HHN-MAN-01,2024-12-22,Orthopaedics Ward A,16.958333333333332,31.333333333333332,0.5422617392340696
HHN-MAN-01,2024-12-23,Orthopaedics Ward A,20.25,32.0,0.6328125
HHN-MAN-01,2024-12-24,Orthopaedics Ward A,19.583333333333332,31.416666666666668,0.6245163690476191
HHN-MAN-01,2024-12-25,Orthopaedics Ward A,17.041666666666668,32.0,0.5325520833333334
HHN-MAN-01,2024-12-26,Orthopaedics Ward A,14.916666666666666,31.833333333333332,0.46875
HHN-MAN-01,2024-12-27,Orthopaedics Ward A,16.416666666666668,32.0,0.5130208333333334
HHN-MAN-01,2024-12-28,Orthopaedics Ward A,18.125,31.791666666666668,0.5703933189655173
HHN-MAN-01,2024-12-29,Orthopaedics Ward A,15.416666666666666,31.708333333333332,0.4869021962233169
HHN-MAN-01,2024-12-30,Orthopaedics Ward A,18.833333333333332,31.833333333333332,0.5928199404761905
HHN-MAN-01,2024-12-31,Orthopaedics Ward A,22.833333333333332,31.5,0.7259250109248372
HHN-MAN-01,2025-01-01,Orthopaedics Ward A,21.583333333333332,32.0,0.6744791666666666
HHN-MAN-01,2025-01-02,Orthopaedics Ward A,17.708333333333332,31.333333333333332,0.5666890956883309
HHN-MAN-01,2025-01-03,Orthopaedics Ward A,20.416666666666668,31.875,0.6408494971264368
HHN-MAN-01,2025-01-04,Orthopaedics Ward A,21.375,31.291666666666668,0.685150332379893
HHN-MAN-01,2025-01-05,Orthopaedics Ward A,20.666666666666668,31.791666666666668,0.6507064176245211
HHN-MAN-01,2025-01-06,Orthopaedics Ward A,18.875,32.0,0.58984375
HHN-MAN-01,2025-01-07,Orthopaedics Ward A,22.791666666666668,32.0,0.7122395833333334
HHN-MAN-01,2025-01-08,Orthopaedics Ward A,22.291666666666668,31.916666666666668,0.6985243055555556
HHN-MAN-01,2025-01-09,Orthopaedics Ward A,23.791666666666668,31.583333333333332,0.7544706999178982
HHN-MAN-01,2025-01-10,Orthopaedics Ward A,27.791666666666668,31.666666666666668,0.878273519850098
HHN-MAN-01,2025-01-11,Orthopaedics Ward A,24.416666666666668,31.833333333333332,0.7675730557100482
HHN-MAN-01,2025-01-12,Orthopaedics Ward A,20.333333333333332,31.708333333333332,0.6423889059934319
HHN-MAN-01,2025-01-13,Orthopaedics Ward A,17.25,31.875,0.5414870689655172
HHN-MAN-01,2025-01-14,Orthopaedics Ward A,19.541666666666668,31.875,0.6132363505747126
HHN-MAN-01,2025-01-15,Orthopaedics Ward A,20.583333333333332,31.291666666666668,0.6585558027437893
HHN-MAN-01,2025-01-16,Orthopaedics Ward A,18.5,31.541666666666668,0.5873902136633297
HHN-MAN-01,2025-01-17,Orthopaedics Ward A,15.208333333333334,31.791666666666668,0.4786682347670251
HHN-MAN-01,2025-01-18,Orthopaedics Ward A,16.083333333333332,31.666666666666668,0.5085749625907092
HHN-MAN-01,2025-01-19,Orthopaedics Ward A,16.166666666666668,31.666666666666668,0.5109567012288786
HHN-MAN-01,2025-01-20,Orthopaedics Ward A,21.583333333333332,31.583333333333332,0.6823556707629289
HHN-MAN-01,2025-01-21,Orthopaedics Ward A,21.958333333333332,32.0,0.6861979166666666
HHN-MAN-01,2025-01-22,Orthopaedics Ward A,22.875,31.833333333333332,0.7185639880952381
HHN-MAN-01,2025-01-23,Orthopaedics Ward A,24.5,31.958333333333332,0.766675067204301
HHN-MAN-01,2025-01-24,Orthopaedics Ward A,23.416666666666668,31.875,0.7348688936781609
HHN-MAN-01,2025-01-25,Orthopaedics Ward A,23.208333333333332,31.75,0.7315912356321839
HHN-MAN-01,2025-01-26,Orthopaedics Ward A,25.0,31.958333333333332,0.782300067204301
HHN-MAN-01,2025-01-27,Orthopaedics Ward A,28.125,31.75,0.8864583333333332
HHN-MAN-01,2025-01-28,Orthopaedics Ward A,26.75,31.708333333333332,0.8439924568965518
HHN-MAN-01,2025-01-29,Orthopaedics Ward A,25.208333333333332,31.666666666666668,0.796937003968254
HHN-MAN-01,2025-01-30,Orthopaedics Ward A,26.083333333333332,31.958333333333332,0.8160702284946236
HHN-MAN-01,2025-01-31,Orthopaedics Ward A,29.583333333333332,31.625,0.9357598886328725
HHN-MAN-01,2025-02-01,Orthopaedics Ward A,28.333333333333332,31.833333333333332,0.8903645833333332
HHN-MAN-01,2025-02-02,Orthopaedics Ward A,24.458333333333332,31.666666666666668,0.7731159621802002
HHN-MAN-01,2025-02-03,Orthopaedics Ward A,24.791666666666668,31.791666666666668,0.7805839573732719
HHN-MAN-01,2025-02-04,Orthopaedics Ward A,25.583333333333332,31.958333333333332,0.8006132392473119
HHN-MAN-01,2025-02-05,Orthopaedics Ward A,28.666666666666668,31.583333333333332,0.9086861559139785
HHN-MAN-01,2025-02-06,Orthopaedics Ward A,31.666666666666668,31.666666666666668,1.0
HHN-MAN-01,2025-02-07,Orthopaedics Ward A,30.375,31.75,0.9568604390681004
HHN-MAN-01,2025-02-08,Orthopaedics Ward A,28.166666666666668,31.833333333333332,0.8852430555555556
HHN-MAN-01,2025-02-09,Orthopaedics Ward A,23.041666666666668,31.75,0.7260540674603174
HHN-MAN-01,2025-02-10,Orthopaedics Ward A,21.083333333333332,31.625,0.6672164673711531
HHN-MAN-01,2025-02-11,Orthopaedics Ward A,24.958333333333332,31.75,0.7862787356321839
HHN-MAN-01,2025-02-12,Orthopaedics Ward A,30.208333333333332,31.541666666666668,0.9583333333333334
HHN-MAN-01,2025-02-13,Orthopaedics Ward A,26.083333333333332,31.833333333333332,0.8203125
HHN-MAN-01,2025-02-14,Orthopaedics Ward A,22.583333333333332,31.833333333333332,0.7097932888394513
HHN-MAN-01,2025-02-15,Orthopaedics Ward A,18.083333333333332,31.5,0.5745535300466126
HHN-MAN-01,2025-02-16,Orthopaedics Ward A,17.0,31.541666666666668,0.5391343390804598
HHN-MAN-01,2025-02-17,Orthopaedics Ward A,18.291666666666668,31.958333333333332,0.572286626344086
HHN-MAN-01,2025-02-18,Orthopaedics Ward A,19.25,32.0,0.6015625
HHN-MAN-01,2025-02-19,Orthopaedics Ward A,20.916666666666668,31.833333333333332,0.6571800595238095
HHN-MAN-01,2025-02-20,Orthopaedics Ward A,23.833333333333332,31.958333333333332,0.7457997311827956
HHN-MAN-01,2025-02-21,Orthopaedics Ward A,27.041666666666668,31.916666666666668,0.8475694444444445
HHN-MAN-01,2025-02-22,Orthopaedics Ward A,26.916666666666668,31.666666666666668,0.850753068886064
HHN-MAN-01,2025-02-23,Orthopaedics Ward A,23.166666666666668,31.541666666666668,0.7360747087813619
HHN-MAN-01,2025-02-24,Orthopaedics Ward A,21.875,31.833333333333332,0.6876860119047619
HHN-MAN-01,2025-02-25,Orthopaedics Ward A,21.375,31.791666666666668,0.6727570564516129
HHN-MAN-01,2025-02-26,Orthopaedics Ward A,23.291666666666668,31.708333333333332,0.7356963259441708
HHN-MAN-01,2025-02-27,Orthopaedics Ward A,28.916666666666668,31.875,0.9074260752688171
HHN-MAN-01,2025-02-28,Orthopaedics Ward A,31.875,31.875,1.0
HHN-MAN-01,2025-03-01,Orthopaedics Ward A,31.75,31.75,1.0
HHN-MAN-01,2025-03-02,Orthopaedics Ward A,31.375,31.375,1.0
HHN-MAN-01,2025-03-03,Orthopaedics Ward A,31.708333333333332,32.0,0.9908854166666666
HHN-MAN-01,2025-03-04,Orthopaedics Ward A,30.958333333333332,32.0,0.9674479166666666
HHN-MAN-01,2025-03-05,Orthopaedics Ward A,29.25,32.0,0.9140625
HHN-MAN-01,2025-03-06,Orthopaedics Ward A,24.375,31.666666666666668,0.7703373015873015
HHN-MAN-01,2025-03-07,Orthopaedics Ward A,23.458333333333332,31.791666666666668,0.7383500957854406
HHN-MAN-01,2025-03-08,Orthopaedics Ward A,17.125,32.0,0.53515625
HHN-MAN-01,2025-03-09,Orthopaedics Ward A,15.291666666666666,31.75,0.48217492816091956
HHN-MAN-01,2025-03-10,Orthopaedics Ward A,16.25,31.833333333333332,0.5104166666666666
HHN-MAN-01,2025-03-11,Orthopaedics Ward A,18.791666666666668,31.75,0.592492816091954
HHN-MAN-01,2025-03-12,Orthopaedics Ward A,20.0,31.875,0.6278286637931034
HHN-MAN-01,2025-03-13,Orthopaedics Ward A,22.916666666666668,32.0,0.7161458333333334
HHN-MAN-01,2025-03-14,Orthopaedics Ward A,24.166666666666668,31.958333333333332,0.7562163978494624
HHN-MAN-01,2025-03-15,Orthopaedics Ward A,19.958333333333332,31.25,0.6401606254524427
HHN-MAN-01,2025-03-16,Orthopaedics Ward A,18.833333333333332,31.958333333333332,0.5893817204301075
HHN-MAN-01,2025-03-17,Orthopaedics Ward A,22.916666666666668,32.0,0.7161458333333334
HHN-MAN-01,2025-03-18,Orthopaedics Ward A,26.041666666666668,32.0,0.8138020833333334
HHN-MAN-01,2025-03-19,Orthopaedics Ward A,29.75,31.875,0.9334590517241379
HHN-MAN-01,2025-03-20,Orthopaedics Ward A,31.0,32.0,0.96875
HHN-MAN-01,2025-03-21,Orthopaedics Ward A,30.583333333333332,31.75,0.9635416666666666
HHN-MAN-01,2025-03-22,Orthopaedics Ward A,23.5,31.833333333333332,0.7383884292732666
HHN-MAN-01,2025-03-23,Orthopaedics Ward A,18.666666666666668,31.75,0.5883308531746032
HHN-MAN-01,2025-03-24,Orthopaedics Ward A,26.708333333333332,32.0,0.8346354166666666
HHN-MAN-01,2025-03-25,Orthopaedics Ward A,31.5,31.875,0.98828125
HHN-MAN-01,2025-03-26,Orthopaedics Ward A,30.708333333333332,31.708333333333332,0.9686153017241379
HHN-MAN-01,2025-03-27,Orthopaedics Ward A,27.75,31.708333333333332,0.8757837605055
HHN-MAN-01,2025-03-28,Orthopaedics Ward A,30.875,32.0,0.96484375
HHN-MAN-01,2025-03-29,Orthopaedics Ward A,27.416666666666668,32.0,0.8567708333333334
HHN-MAN-01,2025-03-30,Orthopaedics Ward A,22.333333333333332,31.708333333333332,0.7049530480295566
HHN-MAN-01,2025-03-31,Orthopaedics Ward A,20.458333333333332,31.875,0.6425556752873564
HHN-MAN-01,2025-04-01,Orthopaedics Ward A,24.416666666666668,32.0,0.7630208333333334
HHN-MAN-01,2025-04-02,Orthopaedics Ward A,27.0,31.75,0.8511284722222222
HHN-MAN-01,2025-04-03,Orthopaedics Ward A,27.833333333333332,31.583333333333332,0.8826388888888889
HHN-MAN-01,2025-04-04,Orthopaedics Ward A,29.0,32.0,0.90625
HHN-MAN-01,2025-04-05,Orthopaedics Ward A,27.041666666666668,31.75,0.8524809587813621
HHN-MAN-01,2025-04-06,Orthopaedics Ward A,24.166666666666668,31.958333333333332,0.7563844086021505
HHN-MAN-01,2025-04-07,Orthopaedics Ward A,19.0,32.0,0.59375
HHN-MAN-01,2025-04-08,Orthopaedics Ward A,20.625,31.916666666666668,0.6463541666666667
HHN-MAN-01,2025-04-09,Orthopaedics Ward A,23.0,31.625,0.7275682471264368
HHN-MAN-01,2025-04-10,Orthopaedics Ward A,22.208333333333332,31.833333333333332,0.6972750393956247
HHN-MAN-01,2025-04-11,Orthopaedics Ward A,23.25,31.958333333333332,0.7274445564516129
HHN-MAN-01,2025-04-12,Orthopaedics Ward A,23.833333333333332,32.0,0.7447916666666666
HHN-MAN-01,2025-04-13,Orthopaedics Ward A,19.666666666666668,31.916666666666668,0.6164930555555556
HHN-MAN-01,2025-04-14,Orthopaedics Ward A,15.75,32.0,0.4921875
HHN-MAN-01,2025-04-15,Orthopaedics Ward A,15.458333333333334,31.833333333333332,0.4854910714285714
HHN-MAN-01,2025-04-16,Orthopaedics Ward A,15.125,31.708333333333332,0.47719408524904217
HHN-MAN-01,2025-04-17,Orthopaedics Ward A,14.625,31.541666666666668,0.4640370087133852
HHN-MAN-01,2025-04-18,Orthopaedics Ward A,14.5,31.875,0.45501077586206895
HHN-MAN-01,2025-04-19,Orthopaedics Ward A,17.041666666666668,31.875,0.5348419540229885
HHN-MAN-01,2025-04-20,Orthopaedics Ward A,14.625,31.666666666666668,0.46197887699295515
HHN-MAN-01,2025-04-21,Orthopaedics Ward A,13.833333333333334,31.916666666666668,0.43350694444444443
HHN-MAN-01,2025-04-22,Orthopaedics Ward A,17.416666666666668,31.958333333333332,0.5448168682795699
HHN-MAN-01,2025-04-23,Orthopaedics Ward A,17.958333333333332,31.666666666666668,0.5678943452380952
HHN-MAN-01,2025-04-24,Orthopaedics Ward A,21.125,32.0,0.66015625
HHN-MAN-01,2025-04-25,Orthopaedics Ward A,21.166666666666668,31.875,0.6644216954022989
HHN-MAN-01,2025-04-26,Orthopaedics Ward A,18.708333333333332,32.0,0.5846354166666666
HHN-MAN-01,2025-04-27,Orthopaedics Ward A,20.083333333333332,31.875,0.6303091397849462
HHN-MAN-01,2025-04-28,Orthopaedics Ward A,16.166666666666668,31.875,0.5073140681003584
HHN-MAN-01,2025-04-29,Orthopaedics Ward A,17.375,32.0,0.54296875
HHN-MAN-01,2025-04-30,Orthopaedics Ward A,20.333333333333332,31.5,0.6460270422824302
HHN-MAN-01,2025-05-01,Orthopaedics Ward A,20.875,31.958333333333332,0.6531418010752689
HHN-MAN-01,2025-05-02,Orthopaedics Ward A,24.875,31.958333333333332,0.7784358198924731
HHN-MAN-01,2025-05-03,Orthopaedics Ward A,24.916666666666668,32.0,0.7786458333333334
HHN-MAN-01,2025-05-04,Orthopaedics Ward A,21.416666666666668,31.875,0.6717153897849463
HHN-MAN-01,2025-05-05,Orthopaedics Ward A,17.083333333333332,32.0,0.5338541666666666
HHN-MAN-01,2025-05-06,Orthopaedics Ward A,14.875,31.916666666666668,0.4662326388888889
HHN-MAN-01,2025-05-07,Orthopaedics Ward A,14.5,31.875,0.4552801724137931
HHN-MAN-01,2025-05-08,Orthopaedics Ward A,16.708333333333332,31.791666666666668,0.5258256528417818
HHN-MAN-01,2025-05-09,Orthopaedics Ward A,19.5,31.833333333333332,0.6129092261904762
HHN-MAN-01,2025-05-10,Orthopaedics Ward A,19.791666666666668,31.541666666666668,0.6286753386699507
HHN-MAN-01,2025-05-11,Orthopaedics Ward A,15.5,31.541666666666668,0.49280326354679804
HHN-MAN-01,2025-05-12,Orthopaedics Ward A,15.875,31.833333333333332,0.49887152777777777
HHN-MAN-01,2025-05-13,Orthopaedics Ward A,21.166666666666668,32.0,0.6614583333333334
HHN-MAN-01,2025-05-14,Orthopaedics Ward A,24.583333333333332,31.916666666666668,0.7703993055555555
HHN-MAN-01,2025-05-15,Orthopaedics Ward A,23.375,32.0,0.73046875
HHN-MAN-01,2025-05-16,Orthopaedics Ward A,23.541666666666668,31.833333333333332,0.7399553571428572
HHN-MAN-01,2025-05-17,Orthopaedics Ward A,21.666666666666668,31.625,0.6859174021620142
HHN-MAN-01,2025-05-18,Orthopaedics Ward A,22.041666666666668,31.791666666666668,0.6937230603448276
HHN-MAN-01,2025-05-19,Orthopaedics Ward A,24.333333333333332,31.625,0.770293960882462
HHN-MAN-01,2025-05-20,Orthopaedics Ward A,29.375,31.791666666666668,0.9243111559139785
HHN-MAN-01,2025-05-21,Orthopaedics Ward A,31.958333333333332,31.958333333333332,1.0
HHN-MAN-01,2025-05-22,Orthopaedics Ward A,31.833333333333332,31.916666666666668,0.9973958333333334
HHN-MAN-01,2025-05-23,Orthopaedics Ward A,30.958333333333332,31.583333333333332,0.98046875
HHN-MAN-01,2025-05-24,Orthopaedics Ward A,26.375,31.666666666666668,0.8344494047619048
HHN-MAN-01,2025-05-25,Orthopaedics Ward A,23.375,31.791666666666668,0.7357130856374807
HHN-MAN-01,2025-05-26,Orthopaedics Ward A,19.416666666666668,31.916666666666668,0.6085937499999999
HHN-MAN-01,2025-05-27,Orthopaedics Ward A,23.083333333333332,31.916666666666668,0.7236979166666666
HHN-MAN-01,2025-05-28,Orthopaedics Ward A,27.458333333333332,31.833333333333332,0.86328125
HHN-MAN-01,2025-05-29,Orthopaedics Ward A,31.083333333333332,32.0,0.9713541666666666
HHN-MAN-01,2025-05-30,Orthopaedics Ward A,30.125,32.0,0.94140625
HHN-MAN-01,2025-05-31,Orthopaedics Ward A,24.666666666666668,31.833333333333332,0.775
HHN-MAN-01,2025-06-01,Orthopaedics Ward A,19.625,31.791666666666668,0.6183155721966206
HHN-MAN-01,2025-06-02,Orthopaedics Ward A,19.458333333333332,32.0,0.6080729166666666
HHN-MAN-01,2025-06-03,Orthopaedics Ward A,25.541666666666668,31.916666666666668,0.8002604166666667
HHN-MAN-01,2025-06-04,Orthopaedics Ward A,29.333333333333332,31.833333333333332,0.921875
HHN-MAN-01,2025-06-05,Orthopaedics Ward A,30.5,31.625,0.96484375
HHN-MAN-01,2025-06-06,Orthopaedics Ward A,27.125,31.833333333333332,0.8524925595238094
HHN-MAN-01,2025-06-07,Orthopaedics Ward A,22.916666666666668,31.333333333333332,0.7325619184455392
HHN-MAN-01,2025-06-08,Orthopaedics Ward A,22.333333333333332,31.791666666666668,0.7031610023041474
HHN-MAN-01,2025-06-09,Orthopaedics Ward A,20.416666666666668,32.0,0.6380208333333334
HHN-MAN-01,2025-06-10,Orthopaedics Ward A,19.333333333333332,32.0,0.6041666666666666
HHN-MAN-01,2025-06-11,Orthopaedics Ward A,19.583333333333332,31.875,0.614403735632184
HHN-MAN-01,2025-06-12,Orthopaedics Ward A,19.083333333333332,31.583333333333332,0.6046953211902114
HHN-MAN-01,2025-06-13,Orthopaedics Ward A,16.666666666666668,32.0,0.5208333333333334
HHN-MAN-01,2025-06-14,Orthopaedics Ward A,14.416666666666666,31.708333333333332,0.45501232078853043
HHN-MAN-01,2025-06-15,Orthopaedics Ward A,12.125,32.0,0.37890625
HHN-MAN-01,2025-06-16,Orthopaedics Ward A,11.666666666666666,31.958333333333332,0.36517137096774194
HHN-MAN-01,2025-06-17,Orthopaedics Ward A,9.75,31.625,0.30845905172413796
HHN-MAN-01,2025-06-18,Orthopaedics Ward A,12.583333333333334,31.958333333333332,0.3936911962365592
HHN-MAN-01,2025-06-19,Orthopaedics Ward A,14.5,31.916666666666668,0.4543402777777778
HHN-MAN-01,2025-06-20,Orthopaedics Ward A,14.541666666666666,31.583333333333332,0.4611235119047619
HHN-MAN-01,2025-06-21,Orthopaedics Ward A,12.291666666666666,31.625,0.3892069092421915
HHN-MAN-01,2025-06-22,Orthopaedics Ward A,10.916666666666666,31.291666666666668,0.34985546661193206
HHN-MAN-01,2025-06-23,Orthopaedics Ward A,11.166666666666666,31.833333333333332,0.3509020439377086
HHN-MAN-01,2025-06-24,Orthopaedics Ward A,12.333333333333334,31.958333333333332,0.38596270161290325
HHN-MAN-01,2025-06-25,Orthopaedics Ward A,13.916666666666666,31.75,0.43825644841269845
HHN-MAN-01,2025-06-26,Orthopaedics Ward A,16.0,32.0,0.5
HHN-MAN-01,2025-06-27,Orthopaedics Ward A,16.75,31.916666666666668,0.5249131944444444
HHN-MAN-01,2025-06-28,Orthopaedics Ward A,16.833333333333332,31.458333333333332,0.5368003552227343
HHN-MAN-01,2025-06-29,Orthopaedics Ward A,16.333333333333332,31.791666666666668,0.513739224137931
HHN-MAN-01,2025-06-30,Orthopaedics Ward A,19.75,31.875,0.6200161637931034
HHN-MAN-01,2025-07-01,Orthopaedics Ward A,19.75,31.875,0.6194773706896551
HHN-MAN-01,2025-07-02,Orthopaedics Ward A,19.5,31.833333333333332,0.6129092261904762
HHN-MAN-01,2025-07-03,Orthopaedics Ward A,24.208333333333332,31.916666666666668,0.7586805555555555
HHN-MAN-01,2025-07-04,Orthopaedics Ward A,27.708333333333332,32.0,0.8658854166666666
HHN-MAN-01,2025-07-05,Orthopaedics Ward A,23.833333333333332,31.833333333333332,0.7488839285714285
HHN-MAN-01,2025-07-06,Orthopaedics Ward A,16.833333333333332,31.75,0.5307539682539683
HHN-MAN-01,2025-07-07,Orthopaedics Ward A,19.875,31.833333333333332,0.6240699404761905
HHN-MAN-01,2025-07-08,Orthopaedics Ward A,23.208333333333332,32.0,0.7252604166666666
HHN-MAN-01,2025-07-09,Orthopaedics Ward A,23.958333333333332,31.833333333333332,0.7531154407675195
HHN-MAN-01,2025-07-10,Orthopaedics Ward A,24.458333333333332,32.0,0.7643229166666666
HHN-MAN-01,2025-07-11,Orthopaedics Ward A,23.458333333333332,31.833333333333332,0.7371527777777778
HHN-MAN-01,2025-07-12,Orthopaedics Ward A,16.791666666666668,32.0,0.5247395833333334
HHN-MAN-01,2025-07-13,Orthopaedics Ward A,13.5,31.416666666666668,0.4307783146397231
HHN-MAN-01,2025-07-14,Orthopaedics Ward A,15.666666666666666,31.791666666666668,0.49277119252873564
HHN-MAN-01,2025-07-15,Orthopaedics Ward A,20.666666666666668,31.916666666666668,0.6478298611111112
HHN-MAN-01,2025-07-16,Orthopaedics Ward A,25.0,31.541666666666668,0.7929943516385048
HHN-MAN-01,2025-07-17,Orthopaedics Ward A,28.25,31.833333333333332,0.8878348214285715
HHN-MAN-01,2025-07-18,Orthopaedics Ward A,28.166666666666668,32.0,0.8802083333333334
HHN-MAN-01,2025-07-19,Orthopaedics Ward A,24.75,31.75,0.7808459051724138
HHN-MAN-01,2025-07-20,Orthopaedics Ward A,21.541666666666668,31.5,0.6853465380405036
HHN-MAN-01,2025-07-21,Orthopaedics Ward A,22.416666666666668,31.791666666666668,0.705259219348659
HHN-MAN-01,2025-07-22,Orthopaedics Ward A,21.833333333333332,31.625,0.6909841954022989
HHN-MAN-01,2025-07-23,Orthopaedics Ward A,21.833333333333332,32.0,0.6822916666666666
HHN-MAN-01,2025-07-24,Orthopaedics Ward A,22.5,31.916666666666668,0.7049731182795699
HHN-MAN-01,2025-07-25,Orthopaedics Ward A,26.541666666666668,31.958333333333332,0.8306031586021505
HHN-MAN-01,2025-07-26,Orthopaedics Ward A,27.125,31.916666666666668,0.8500868055555556
HHN-MAN-01,2025-07-27,Orthopaedics Ward A,22.75,31.458333333333332,0.7244947814591168
HHN-MAN-01,2025-07-28,Orthopaedics Ward A,20.583333333333332,31.958333333333332,0.6441952284946236
HHN-MAN-01,2025-07-29,Orthopaedics Ward A,19.625,32.0,0.61328125
HHN-MAN-01,2025-07-30,Orthopaedics Ward A,22.083333333333332,31.75,0.6961061507936508
HHN-MAN-01,2025-07-31,Orthopaedics Ward A,22.416666666666668,31.916666666666668,0.7025173611111111
HHN-MAN-01,2025-08-01,Orthopaedics Ward A,16.833333333333332,31.916666666666668,0.5275173611111111
HHN-MAN-01,2025-08-02,Orthopaedics Ward A,15.375,31.666666666666668,0.4856770833333333
HHN-MAN-01,2025-08-03,Orthopaedics Ward A,13.666666666666666,32.0,0.4270833333333333
HHN-MAN-01,2025-08-04,Orthopaedics Ward A,12.458333333333334,31.916666666666668,0.3902777777777778
HHN-MAN-01,2025-08-05,Orthopaedics Ward A,11.541666666666666,31.791666666666668,0.3634698275862069
HHN-MAN-01,2025-08-06,Orthopaedics Ward A,10.958333333333334,32.0,0.3424479166666667
HHN-MAN-01,2025-08-07,Orthopaedics Ward A,14.958333333333334,31.791666666666668,0.4704961117511521
HHN-MAN-01,2025-08-08,Orthopaedics Ward A,16.625,32.0,0.51953125
HHN-MAN-01,2025-08-09,Orthopaedics Ward A,18.083333333333332,31.708333333333332,0.5708129320276497
HHN-MAN-01,2025-08-10,Orthopaedics Ward A,14.916666666666666,31.833333333333332,0.4691220238095238
HHN-MAN-01,2025-08-11,Orthopaedics Ward A,14.166666666666666,31.916666666666668,0.4440972222222222
HHN-MAN-01,2025-08-12,Orthopaedics Ward A,17.666666666666668,31.958333333333332,0.5527973790322581
HHN-MAN-01,2025-08-13,Orthopaedics Ward A,17.125,31.833333333333332,0.5385044642857143
HHN-MAN-01,2025-08-14,Orthopaedics Ward A,19.083333333333332,31.625,0.6034132115489874
HHN-MAN-01,2025-08-15,Orthopaedics Ward A,17.833333333333332,31.916666666666668,0.55859375
HHN-MAN-01,2025-08-16,Orthopaedics Ward A,12.916666666666666,31.791666666666668,0.40623799923195086
HHN-MAN-01,2025-08-17,Orthopaedics Ward A,9.0,32.0,0.28125
HHN-MAN-01,2025-08-18,Orthopaedics Ward A,13.041666666666666,31.958333333333332,0.40797211021505375
HHN-MAN-01,2025-08-19,Orthopaedics Ward A,16.583333333333332,32.0,0.5182291666666666
HHN-MAN-01,2025-08-20,Orthopaedics Ward A,21.291666666666668,31.75,0.6710109447004609
HHN-MAN-01,2025-08-21,Orthopaedics Ward A,21.208333333333332,31.875,0.66558908045977
HHN-MAN-01,2025-08-22,Orthopaedics Ward A,16.25,32.0,0.5078125
HHN-MAN-01,2025-08-23,Orthopaedics Ward A,11.5,31.875,0.36100750448028673
HHN-MAN-01,2025-08-24,Orthopaedics Ward A,10.666666666666666,31.666666666666668,0.3370951602971555
HHN-MAN-01,2025-08-25,Orthopaedics Ward A,9.916666666666666,31.875,0.3112707213261649
HHN-MAN-01,2025-08-26,Orthopaedics Ward A,8.625,31.916666666666668,0.2703125
HHN-MAN-01,2025-08-27,Orthopaedics Ward A,9.0,31.75,0.2836185515873016
HHN-MAN-01,2025-08-28,Orthopaedics Ward A,12.25,31.916666666666668,0.38394097222222223
HHN-MAN-01,2025-08-29,Orthopaedics Ward A,15.625,31.875,0.4907058189655173
HHN-MAN-01,2025-08-30,Orthopaedics Ward A,16.625,32.0,0.51953125
HHN-MAN-01,2025-08-31,Orthopaedics Ward A,16.75,31.875,0.5256272401433691
HHN-MAN-01,2025-09-01,Orthopaedics Ward A,17.208333333333332,31.833333333333332,0.5411086309523809
HHN-MAN-01,2025-09-02,Orthopaedics Ward A,16.708333333333332,32.0,0.5221354166666666
HHN-MAN-01,2025-09-03,Orthopaedics Ward A,16.333333333333332,31.833333333333332,0.513149641577061
HHN-MAN-01,2025-09-04,Orthopaedics Ward A,16.75,32.0,0.5234375
HHN-MAN-01,2025-09-05,Orthopaedics Ward A,16.916666666666668,31.708333333333332,0.5337771962233169
HHN-MAN-01,2025-09-06,Orthopaedics Ward A,16.0,32.0,0.5
HHN-MAN-01,2025-09-07,Orthopaedics Ward A,13.583333333333334,32.0,0.4244791666666667
HHN-MAN-01,2025-09-08,Orthopaedics Ward A,13.791666666666666,31.875,0.43265849014336916
HHN-MAN-01,2025-09-09,Orthopaedics Ward A,16.416666666666668,31.916666666666668,0.5144069220430108
HHN-MAN-01,2025-09-10,Orthopaedics Ward A,18.875,32.0,0.58984375
HHN-MAN-01,2025-09-11,Orthopaedics Ward A,17.666666666666668,31.958333333333332,0.5528393817204301
HHN-MAN-01,2025-09-12,Orthopaedics Ward A,16.916666666666668,32.0,0.5286458333333334
HHN-MAN-01,2025-09-13,Orthopaedics Ward A,15.041666666666666,31.708333333333332,0.4745059132060314
HHN-MAN-01,2025-09-14,Orthopaedics Ward A,12.666666666666666,32.0,0.3958333333333333
HHN-MAN-01,2025-09-15,Orthopaedics Ward A,13.375,31.541666666666668,0.42501154556650245
HHN-MAN-01,2025-09-16,Orthopaedics Ward A,15.541666666666666,31.916666666666668,0.4870659722222222
HHN-MAN-01,2025-09-17,Orthopaedics Ward A,13.416666666666666,31.541666666666668,0.4262302442528736
HHN-MAN-01,2025-09-18,Orthopaedics Ward A,11.541666666666666,31.791666666666668,0.3634698275862069
HHN-MAN-01,2025-09-19,Orthopaedics Ward A,12.625,31.75,0.39799107142857143
HHN-MAN-01,2025-09-20,Orthopaedics Ward A,11.666666666666666,31.666666666666668,0.36904761904761907
HHN-MAN-01,2025-09-21,Orthopaedics Ward A,10.75,31.916666666666668,0.33689236111111115
HHN-MAN-01,2025-09-22,Orthopaedics Ward A,16.708333333333332,31.958333333333332,0.5229334677419355
HHN-MAN-01,2025-09-23,Orthopaedics Ward A,23.291666666666668,31.458333333333332,0.7421111778740047
HHN-MAN-01,2025-09-24,Orthopaedics Ward A,27.333333333333332,32.0,0.8541666666666666
HHN-MAN-01,2025-09-25,Orthopaedics Ward A,31.583333333333332,32.0,0.9869791666666666
HHN-MAN-01,2025-09-26,Orthopaedics Ward A,25.666666666666668,32.0,0.8020833333333334
HHN-MAN-01,2025-09-27,Orthopaedics Ward A,18.166666666666668,31.541666666666668,0.5768477458419408
HHN-MAN-01,2025-09-28,Orthopaedics Ward A,17.625,31.833333333333332,0.5537326388888889
HHN-MAN-01,2025-09-29,Orthopaedics Ward A,17.625,31.958333333333332,0.5515372983870968
HHN-MAN-01,2025-09-30,Orthopaedics Ward A,19.0,31.875,0.5961609543010753
HHN-MAN-01,2025-10-01,Orthopaedics Ward A,24.208333333333332,31.666666666666668,0.7653397817460318
HHN-MAN-01,2025-10-02,Orthopaedics Ward A,25.583333333333332,32.0,0.7994791666666666
HHN-MAN-01,2025-10-03,Orthopaedics Ward A,25.125,32.0,0.78515625
HHN-MAN-01,2025-10-04,Orthopaedics Ward A,19.958333333333332,31.625,0.6330476874657909
HHN-MAN-01,2025-10-05,Orthopaedics Ward A,16.375,31.625,0.518194198911489
HHN-MAN-01,2025-10-06,Orthopaedics Ward A,14.666666666666666,31.875,0.46018145161290325
HHN-MAN-01,2025-10-07,Orthopaedics Ward A,18.666666666666668,31.666666666666668,0.5900917658730159
HHN-MAN-01,2025-10-08,Orthopaedics Ward A,21.833333333333332,31.875,0.6853897270114943
HHN-MAN-01,2025-10-09,Orthopaedics Ward A,20.416666666666668,31.791666666666668,0.6428091397849462
HHN-MAN-01,2025-10-10,Orthopaedics Ward A,19.041666666666668,32.0,0.5950520833333334
HHN-MAN-01,2025-10-11,Orthopaedics Ward A,16.291666666666668,31.958333333333332,0.509744623655914
HHN-MAN-01,2025-10-12,Orthopaedics Ward A,15.916666666666666,31.833333333333332,0.5001736111111111
HHN-MAN-01,2025-10-13,Orthopaedics Ward A,16.083333333333332,31.958333333333332,0.5032342069892474
HHN-MAN-01,2025-10-14,Orthopaedics Ward A,16.916666666666668,31.833333333333332,0.5316220238095238
HHN-MAN-01,2025-10-15,Orthopaedics Ward A,20.458333333333332,31.958333333333332,0.6401209677419355
HHN-MAN-01,2025-10-16,Orthopaedics Ward A,20.208333333333332,31.833333333333332,0.6350446428571429
HHN-MAN-01,2025-10-17,Orthopaedics Ward A,23.041666666666668,31.875,0.7229698700716846
HHN-MAN-01,2025-10-18,Orthopaedics Ward A,19.458333333333332,31.625,0.615601798515105
HHN-MAN-01,2025-10-19,Orthopaedics Ward A,17.625,31.916666666666668,0.5524305555555555
HHN-MAN-01,2025-10-20,Orthopaedics Ward A,21.125,31.833333333333332,0.6631601663885799
HHN-MAN-01,2025-10-21,Orthopaedics Ward A,24.708333333333332,32.0,0.7721354166666666
HHN-MAN-01,2025-10-22,Orthopaedics Ward A,24.166666666666668,31.833333333333332,0.7590957545420838
HHN-MAN-01,2025-10-23,Orthopaedics Ward A,26.708333333333332,32.0,0.8346354166666666
HHN-MAN-01,2025-10-24,Orthopaedics Ward A,27.291666666666668,32.0,0.8528645833333334
HHN-MAN-01,2025-10-25,Orthopaedics Ward A,23.458333333333332,31.666666666666668,0.7425595238095238
HHN-MAN-01,2025-10-26,Orthopaedics Ward A,19.666666666666668,32.0,0.6145833333333334
HHN-MAN-01,2025-10-27,Orthopaedics Ward A,20.291666666666668,32.0,0.6341145833333334
HHN-MAN-01,2025-10-28,Orthopaedics Ward A,23.166666666666668,31.833333333333332,0.727951388888889
HHN-MAN-01,2025-10-29,Orthopaedics Ward A,22.291666666666668,31.958333333333332,0.6975386424731184
HHN-MAN-01,2025-10-30,Orthopaedics Ward A,23.083333333333332,32.0,0.7213541666666666
HHN-MAN-01,2025-10-31,Orthopaedics Ward A,20.791666666666668,31.666666666666668,0.6573660714285714
HHN-MAN-01,2025-11-01,Orthopaedics Ward A,24.083333333333332,31.875,0.7558369252873564
HHN-MAN-01,2025-11-02,Orthopaedics Ward A,24.625,31.958333333333332,0.770581317204301
HHN-MAN-01,2025-11-03,Orthopaedics Ward A,27.25,32.0,0.8515625
HHN-MAN-01,2025-11-04,Orthopaedics Ward A,31.291666666666668,31.875,0.9817708333333334
HHN-MAN-01,2025-11-05,Orthopaedics Ward A,30.166666666666668,31.916666666666668,0.9453125
HHN-MAN-01,2025-11-06,Orthopaedics Ward A,26.625,31.958333333333332,0.8332073252688171
HHN-MAN-01,2025-11-07,Orthopaedics Ward A,24.0,31.875,0.7529633620689654
HHN-MAN-01,2025-11-08,Orthopaedics Ward A,22.583333333333332,31.583333333333332,0.7159970238095238
HHN-MAN-01,2025-11-09,Orthopaedics Ward A,19.291666666666668,31.833333333333332,0.6063988095238095
HHN-MAN-01,2025-11-10,Orthopaedics Ward A,21.875,32.0,0.68359375
HHN-MAN-01,2025-11-11,Orthopaedics Ward A,25.416666666666668,31.833333333333332,0.7984963037634408
HHN-MAN-01,2025-11-12,Orthopaedics Ward A,29.041666666666668,31.875,0.9114583333333334
HHN-MAN-01,2025-11-13,Orthopaedics Ward A,30.75,31.666666666666668,0.9711805555555556
HHN-MAN-01,2025-11-14,Orthopaedics Ward A,31.541666666666668,31.916666666666668,0.98828125
HHN-MAN-01,2025-11-15,Orthopaedics Ward A,26.208333333333332,31.625,0.8294925495921395
HHN-MAN-01,2025-11-16,Orthopaedics Ward A,19.75,31.583333333333332,0.6262635981116584
HHN-MAN-01,2025-11-17,Orthopaedics Ward A,18.125,32.0,0.56640625
HHN-MAN-01,2025-11-18,Orthopaedics Ward A,19.583333333333332,31.875,0.614538433908046
HHN-MAN-01,2025-11-19,Orthopaedics Ward A,23.25,31.958333333333332,0.7274445564516129
HHN-MAN-01,2025-11-20,Orthopaedics Ward A,30.041666666666668,32.0,0.9388020833333334
HHN-MAN-01,2025-11-21,Orthopaedics Ward A,29.041666666666668,31.833333333333332,0.9127604166666666
HHN-MAN-01,2025-11-22,Orthopaedics Ward A,27.583333333333332,31.833333333333332,0.8671875
HHN-MAN-01,2025-11-23,Orthopaedics Ward A,25.083333333333332,31.833333333333332,0.7886904761904762
HHN-MAN-01,2025-11-24,Orthopaedics Ward A,21.416666666666668,32.0,0.6692708333333334
HHN-MAN-01,2025-11-25,Orthopaedics Ward A,19.166666666666668,31.875,0.6016522988505747
HHN-MAN-01,2025-11-26,Orthopaedics Ward A,20.083333333333332,31.666666666666668,0.6348586309523809
HHN-MAN-01,2025-11-27,Orthopaedics Ward A,20.916666666666668,32.0,0.6536458333333334
HHN-MAN-01,2025-11-28,Orthopaedics Ward A,24.125,31.833333333333332,0.7578125
HHN-MAN-01,2025-11-29,Orthopaedics Ward A,19.458333333333332,31.625,0.6155520022246941
HHN-MAN-01,2025-11-30,Orthopaedics Ward A,19.75,31.916666666666668,0.618923611111111
HHN-MAN-01,2025-12-01,Orthopaedics Ward A,24.75,32.0,0.7734375
HHN-MAN-01,2025-12-02,Orthopaedics Ward A,26.541666666666668,31.666666666666668,0.8388249261745856
HHN-MAN-01,2025-12-03,Orthopaedics Ward A,29.708333333333332,31.75,0.9357694892473117
HHN-MAN-01,2025-12-04,Orthopaedics Ward A,29.625,31.666666666666668,0.9361559139784946
HHN-MAN-01,2025-12-05,Orthopaedics Ward A,23.625,31.541666666666668,0.750261120159966
HHN-MAN-01,2025-12-06,Orthopaedics Ward A,20.375,31.5,0.6478837404214559
HHN-MAN-01,2025-12-07,Orthopaedics Ward A,20.041666666666668,31.75,0.6317584325396826
HHN-MAN-01,2025-12-08,Orthopaedics Ward A,18.0,31.875,0.564655172413793
HHN-MAN-01,2025-12-09,Orthopaedics Ward A,20.25,31.875,0.6352370689655172
HHN-MAN-01,2025-12-10,Orthopaedics Ward A,22.833333333333332,31.833333333333332,0.7180059523809524
HHN-MAN-01,2025-12-11,Orthopaedics Ward A,25.166666666666668,31.75,0.7927251344086023
HHN-MAN-01,2025-12-12,Orthopaedics Ward A,30.041666666666668,31.708333333333332,0.9477486559139785
HHN-MAN-01,2025-12-13,Orthopaedics Ward A,30.958333333333332,31.708333333333332,0.976478494623656
HHN-MAN-01,2025-12-14,Orthopaedics Ward A,24.208333333333332,31.375,0.77340147010788
HHN-MAN-01,2025-12-15,Orthopaedics Ward A,20.083333333333332,32.0,0.6276041666666666
HHN-MAN-01,2025-12-16,Orthopaedics Ward A,19.583333333333332,32.0,0.6119791666666666
HHN-MAN-01,2025-12-17,Orthopaedics Ward A,19.083333333333332,31.666666666666668,0.6031338005632361
HHN-MAN-01,2025-12-18,Orthopaedics Ward A,16.833333333333332,31.833333333333332,0.5292038690476191
HHN-MAN-01,2025-12-19,Orthopaedics Ward A,17.208333333333332,31.666666666666668,0.5438158524904214
HHN-MAN-01,2025-12-20,Orthopaedics Ward A,17.416666666666668,31.625,0.5509257833880679
HHN-MAN-01,2025-12-21,Orthopaedics Ward A,19.833333333333332,31.583333333333332,0.6285171216475095
HHN-MAN-01,2025-12-22,Orthopaedics Ward A,18.708333333333332,32.0,0.5846354166666666
HHN-MAN-01,2025-12-23,Orthopaedics Ward A,16.583333333333332,31.916666666666668,0.5196992607526881
HHN-MAN-01,2025-12-24,Orthopaedics Ward A,21.375,31.875,0.6706627155172414
HHN-MAN-01,2025-12-25,Orthopaedics Ward A,24.666666666666668,31.75,0.7774335488505747
HHN-MAN-01,2025-12-26,Orthopaedics Ward A,21.791666666666668,31.833333333333332,0.6846186155913978
HHN-MAN-01,2025-12-27,Orthopaedics Ward A,20.458333333333332,31.75,0.6449013564454332
HHN-MAN-01,2025-12-28,Orthopaedics Ward A,20.125,31.875,0.6317349137931034
HHN-MAN-01,2025-12-29,Orthopaedics Ward A,20.75,31.791666666666668,0.6529625896057348
HHN-MAN-01,2025-12-30,Orthopaedics Ward A,18.625,32.0,0.58203125
HHN-MAN-01,2025-12-31,Orthopaedics Ward A,15.083333333333334,31.875,0.4733282930107527
