hospital_id,datetime,ward,occupied_beds,staffed_beds,occupancy_rate
HHN-BIR-01,2024-01-01,Orthopaedics Ward B,0.125,10.791666666666666,0.011363636363636362
HHN-BIR-01,2024-01-02,Orthopaedics Ward B,2.2916666666666665,10.916666666666666,0.21098484848484847
HHN-BIR-01,2024-01-03,Orthopaedics Ward B,5.375,11.0,0.4886363636363636
HHN-BIR-01,2024-01-04,Orthopaedics Ward B,8.625,10.833333333333334,0.7988636363636363
HHN-BIR-01,2024-01-05,Orthopaedics Ward B,10.875,10.875,1.0
HHN-BIR-01,2024-01-06,Orthopaedics Ward B,10.958333333333334,10.958333333333334,1.0
HHN-BIR-01,2024-01-07,Orthopaedics Ward B,10.833333333333334,10.833333333333334,1.0
HHN-BIR-01,2024-01-08,Orthopaedics Ward B,10.958333333333334,10.958333333333334,1.0
HHN-BIR-01,2024-01-09,Orthopaedics Ward B,10.958333333333334,10.958333333333334,1.0
HHN-BIR-01,2024-01-10,Orthopaedics Ward B,10.916666666666666,10.916666666666666,1.0
HHN-BIR-01,2024-01-11,Orthopaedics Ward B,10.958333333333334,10.958333333333334,1.0
HHN-BIR-01,2024-01-12,Orthopaedics Ward B,11.0,11.0,1.0
HHN-BIR-01,2024-01-13,Orthopaedics Ward B,10.791666666666666,10.791666666666666,1.0
HHN-BIR-01,2024-01-14,Orthopaedics Ward B,10.875,10.875,1.0
HHN-BIR-01,2024-01-15,Orthopaedics Ward B,10.958333333333334,10.958333333333334,1.0
HHN-BIR-01,2024-01-16,Orthopaedics Ward B,10.958333333333334,10.958333333333334,1.0
HHN-BIR-01,2024-01-17,Orthopaedics Ward B,10.875,10.875,1.0
HHN-BIR-01,2024-01-18,Orthopaedics Ward B,10.916666666666666,10.916666666666666,1.0
HHN-BIR-01,2024-01-19,Orthopaedics Ward B,10.958333333333334,10.958333333333334,1.0
HHN-BIR-01,2024-01-20,Orthopaedics Ward B,10.916666666666666,10.916666666666666,1.0
HHN-BIR-01,2024-01-21,Orthopaedics Ward B,10.833333333333334,10.833333333333334,1.0
HHN-BIR-01,2024-01-22,Orthopaedics Ward B,10.916666666666666,10.916666666666666,1.0
HHN-BIR-01,2024-01-23,Orthopaedics Ward B,10.916666666666666,10.916666666666666,1.0
HHN-BIR-01,2024-01-24,Orthopaedics Ward B,10.916666666666666,10.916666666666666,1.0
HHN-BIR-01,2024-01-25,Orthopaedics Ward B,10.916666666666666,10.916666666666666,1.0
HHN-BIR-01,2024-01-26,Orthopaedics Ward B,10.833333333333334,10.833333333333334,1.0
HHN-BIR-01,2024-01-27,Orthopaedics Ward B,10.875,10.875,1.0
HHN-BIR-01,2024-01-28,Orthopaedics Ward B,10.916666666666666,10.916666666666666,1.0
HHN-BIR-01,2024-01-29,Orthopaedics Ward B,9.791666666666666,10.791666666666666,0.9075757575757576
HHN-BIR-01,2024-01-30,Orthopaedics Ward B,8.875,10.875,0.8159090909090909
HHN-BIR-01,2024-01-31,Orthopaedics Ward B,9.25,11.0,0.8409090909090909
HHN-BIR-01,2024-02-01,Orthopaedics Ward B,10.958333333333334,10.958333333333334,1.0
HHN-BIR-01,2024-02-02,Orthopaedics Ward B,10.791666666666666,10.833333333333334,0.9962121212121212
HHN-BIR-01,2024-02-03,Orthopaedics Ward B,10.583333333333334,10.583333333333334,1.0
HHN-BIR-01,2024-02-04,Orthopaedics Ward B,10.875,10.875,1.0
HHN-BIR-01,2024-02-05,Orthopaedics Ward B,10.875,10.875,1.0
HHN-BIR-01,2024-02-06,Orthopaedics Ward B,10.958333333333334,10.958333333333334,1.0
HHN-BIR-01,2024-02-07,Orthopaedics Ward B,10.583333333333334,10.958333333333334,0.965530303030303
HHN-BIR-01,2024-02-08,Orthopaedics Ward B,10.333333333333334,10.958333333333334,0.9428030303030304
HHN-BIR-01,2024-02-09,Orthopaedics Ward B,10.75,10.75,1.0
HHN-BIR-01,2024-02-10,Orthopaedics Ward B,10.916666666666666,10.916666666666666,1.0
HHN-BIR-01,2024-02-11,Orthopaedics Ward B,10.791666666666666,10.791666666666666,1.0
HHN-BIR-01,2024-02-12,Orthopaedics Ward B,11.0,11.0,1.0
HHN-BIR-01,2024-02-13,Orthopaedics Ward B,10.916666666666666,10.958333333333334,0.9962121212121212
HHN-BIR-01,2024-02-14,Orthopaedics Ward B,10.958333333333334,10.958333333333334,1.0
HHN-BIR-01,2024-02-15,Orthopaedics Ward B,10.833333333333334,10.833333333333334,1.0
HHN-BIR-01,2024-02-16,Orthopaedics Ward B,10.875,10.875,1.0
HHN-BIR-01,2024-02-17,Orthopaedics Ward B,10.958333333333334,10.958333333333334,1.0
HHN-BIR-01,2024-02-18,Orthopaedics Ward B,10.875,10.875,1.0
HHN-BIR-01,2024-02-19,Orthopaedics Ward B,10.833333333333334,10.833333333333334,1.0
HHN-BIR-01,2024-02-20,Orthopaedics Ward B,10.916666666666666,10.916666666666666,1.0
HHN-BIR-01,2024-02-21,Orthopaedics Ward B,10.833333333333334,10.833333333333334,1.0
HHN-BIR-01,2024-02-22,Orthopaedics Ward B,10.916666666666666,10.916666666666666,1.0
HHN-BIR-01,2024-02-23,Orthopaedics Ward B,10.875,10.875,1.0
HHN-BIR-01,2024-02-24,Orthopaedics Ward B,10.791666666666666,10.791666666666666,1.0
HHN-BIR-01,2024-02-25,Orthopaedics Ward B,9.75,10.833333333333334,0.9015151515151515
HHN-BIR-01,2024-02-26,Orthopaedics Ward B,9.791666666666666,11.0,0.8901515151515151
HHN-BIR-01,2024-02-27,Orthopaedics Ward B,10.875,10.875,1.0
HHN-BIR-01,2024-02-28,Orthopaedics Ward B,11.0,11.0,1.0
HHN-BIR-01,2024-02-29,Orthopaedics Ward B,10.875,10.875,1.0
HHN-BIR-01,2024-03-01,Orthopaedics Ward B,10.916666666666666,10.916666666666666,1.0
HHN-BIR-01,2024-03-02,Orthopaedics Ward B,10.375,10.875,0.9545454545454546
HHN-BIR-01,2024-03-03,Orthopaedics Ward B,10.708333333333334,10.958333333333334,0.9772727272727272
HHN-BIR-01,2024-03-04,Orthopaedics Ward B,10.958333333333334,10.958333333333334,1.0
HHN-BIR-01,2024-03-05,Orthopaedics Ward B,10.666666666666666,10.916666666666666,0.9772727272727272
HHN-BIR-01,2024-03-06,Orthopaedics Ward B,10.583333333333334,10.916666666666666,0.9696969696969697
HHN-BIR-01,2024-03-07,Orthopaedics Ward B,10.666666666666666,10.958333333333334,0.9734848484848485
HHN-BIR-01,2024-03-08,Orthopaedics Ward B,10.875,10.875,1.0
HHN-BIR-01,2024-03-09,Orthopaedics Ward B,10.791666666666666,10.791666666666666,1.0
HHN-BIR-01,2024-03-10,Orthopaedics Ward B,10.833333333333334,10.833333333333334,1.0
HHN-BIR-01,2024-03-11,Orthopaedics Ward B,10.916666666666666,10.916666666666666,1.0
HHN-BIR-01,2024-03-12,Orthopaedics Ward B,10.958333333333334,10.958333333333334,1.0
HHN-BIR-01,2024-03-13,Orthopaedics Ward B,10.916666666666666,10.916666666666666,1.0
HHN-BIR-01,2024-03-14,Orthopaedics Ward B,10.875,10.875,1.0
HHN-BIR-01,2024-03-15,Orthopaedics Ward B,10.75,10.833333333333334,0.9924242424242425
HHN-BIR-01,2024-03-16,Orthopaedics Ward B,10.875,10.916666666666666,0.9962121212121212
HHN-BIR-01,2024-03-17,Orthopaedics Ward B,9.083333333333334,10.875,0.8348484848484848
HHN-BIR-01,2024-03-18,Orthopaedics Ward B,8.041666666666666,10.916666666666666,0.7367424242424243
HHN-BIR-01,2024-03-19,Orthopaedics Ward B,9.125,10.958333333333334,0.8333333333333334
HHN-BIR-01,2024-03-20,Orthopaedics Ward B,9.25,10.958333333333334,0.8443181818181819
HHN-BIR-01,2024-03-21,Orthopaedics Ward B,8.875,11.0,0.8068181818181818
HHN-BIR-01,2024-03-22,Orthopaedics Ward B,8.666666666666666,10.875,0.7977272727272728
HHN-BIR-01,2024-03-23,Orthopaedics Ward B,9.791666666666666,11.0,0.8901515151515152
HHN-BIR-01,2024-03-24,Orthopaedics Ward B,9.916666666666666,11.0,0.9015151515151515
HHN-BIR-01,2024-03-25,Orthopaedics Ward B,10.916666666666666,10.916666666666666,1.0
HHN-BIR-01,2024-03-26,Orthopaedics Ward B,11.0,11.0,1.0
HHN-BIR-01,2024-03-27,Orthopaedics Ward B,10.875,10.875,1.0
HHN-BIR-01,2024-03-28,Orthopaedics Ward B,10.75,10.958333333333334,0.9810606060606061
HHN-BIR-01,2024-03-29,Orthopaedics Ward B,10.875,10.875,1.0
HHN-BIR-01,2024-03-30,Orthopaedics Ward B,10.291666666666666,10.875,0.9469696969696969
HHN-BIR-01,2024-03-31,Orthopaedics Ward B,10.833333333333334,11.0,0.9848484848484849
HHN-BIR-01,2024-04-01,Orthopaedics Ward B,10.041666666666666,10.958333333333334,0.9166666666666666
HHN-BIR-01,2024-04-02,Orthopaedics Ward B,8.583333333333334,11.0,0.7803030303030303
HHN-BIR-01,2024-04-03,Orthopaedics Ward B,10.708333333333334,10.958333333333334,0.9772727272727272
HHN-BIR-01,2024-04-04,Orthopaedics Ward B,10.958333333333334,10.958333333333334,1.0
HHN-BIR-01,2024-04-05,Orthopaedics Ward B,10.958333333333334,10.958333333333334,1.0
HHN-BIR-01,2024-04-06,Orthopaedics Ward B,10.666666666666666,10.833333333333334,0.9848484848484849
HHN-BIR-01,2024-04-07,Orthopaedics Ward B,10.25,10.791666666666666,0.9503787878787878
HHN-BIR-01,2024-04-08,Orthopaedics Ward B,9.291666666666666,10.833333333333334,0.8571969696969698
HHN-BIR-01,2024-04-09,Orthopaedics Ward B,10.708333333333334,10.958333333333334,0.9772727272727272
HHN-BIR-01,2024-04-10,Orthopaedics Ward B,10.916666666666666,10.916666666666666,1.0
HHN-BIR-01,2024-04-11,Orthopaedics Ward B,10.25,10.916666666666666,0.9393939393939394
HHN-BIR-01,2024-04-12,Orthopaedics Ward B,6.708333333333333,10.958333333333334,0.6124999999999999
HHN-BIR-01,2024-04-13,Orthopaedics Ward B,7.208333333333333,10.916666666666666,0.6606060606060605
HHN-BIR-01,2024-04-14,Orthopaedics Ward B,7.208333333333333,10.958333333333334,0.6579545454545455
HHN-BIR-01,2024-04-15,Orthopaedics Ward B,8.916666666666666,10.875,0.8204545454545454
HHN-BIR-01,2024-04-16,Orthopaedics Ward B,10.958333333333334,10.958333333333334,1.0
HHN-BIR-01,2024-04-17,Orthopaedics Ward B,11.0,11.0,1.0
HHN-BIR-01,2024-04-18,Orthopaedics Ward B,10.916666666666666,10.916666666666666,1.0
HHN-BIR-01,2024-04-19,Orthopaedics Ward B,10.791666666666666,10.958333333333334,0.9848484848484849
HHN-BIR-01,2024-04-20,Orthopaedics Ward B,8.833333333333334,10.958333333333334,0.8068181818181818
HHN-BIR-01,2024-04-21,Orthopaedics Ward B,8.583333333333334,10.958333333333334,0.7837121212121212
HHN-BIR-01,2024-04-22,Orthopaedics Ward B,9.833333333333334,10.958333333333334,0.8977272727272728
HHN-BIR-01,2024-04-23,Orthopaedics Ward B,10.958333333333334,10.958333333333334,1.0
HHN-BIR-01,2024-04-24,Orthopaedics Ward B,11.0,11.0,1.0
HHN-BIR-01,2024-04-25,Orthopaedics Ward B,11.0,11.0,1.0
HHN-BIR-01,2024-04-26,Orthopaedics Ward B,11.0,11.0,1.0
HHN-BIR-01,2024-04-27,Orthopaedics Ward B,10.958333333333334,10.958333333333334,1.0
HHN-BIR-01,2024-04-28,Orthopaedics Ward B,10.083333333333334,10.875,0.9272727272727272
HHN-BIR-01,2024-04-29,Orthopaedics Ward B,10.708333333333334,10.916666666666666,0.9810606060606061
HHN-BIR-01,2024-04-30,Orthopaedics Ward B,10.875,10.875,1.0
HHN-BIR-01,2024-05-01,Orthopaedics Ward B,9.833333333333334,10.958333333333334,0.897348484848485
HHN-BIR-01,2024-05-02,Orthopaedics Ward B,10.5,10.791666666666666,0.9734848484848485
HHN-BIR-01,2024-05-03,Orthopaedics Ward B,10.958333333333334,10.958333333333334,1.0
HHN-BIR-01,2024-05-04,Orthopaedics Ward B,11.0,11.0,1.0
HHN-BIR-01,2024-05-05,Orthopaedics Ward B,10.666666666666666,10.875,0.9810606060606061
HHN-BIR-01,2024-05-06,Orthopaedics Ward B,10.416666666666666,11.0,0.9469696969696969
HHN-BIR-01,2024-05-07,Orthopaedics Ward B,10.958333333333334,10.958333333333334,1.0
HHN-BIR-01,2024-05-08,Orthopaedics Ward B,10.916666666666666,10.958333333333334,0.9962121212121212
HHN-BIR-01,2024-05-09,Orthopaedics Ward B,8.541666666666666,10.958333333333334,0.7803030303030303
HHN-BIR-01,2024-05-10,Orthopaedics Ward B,9.291666666666666,10.958333333333334,0.8481060606060606
HHN-BIR-01,2024-05-11,Orthopaedics Ward B,9.166666666666666,10.958333333333334,0.8367424242424243
HHN-BIR-01,2024-05-12,Orthopaedics Ward B,9.458333333333334,10.833333333333334,0.8738636363636364
HHN-BIR-01,2024-05-13,Orthopaedics Ward B,9.333333333333334,10.916666666666666,0.8553030303030303
HHN-BIR-01,2024-05-14,Orthopaedics Ward B,9.583333333333334,10.958333333333334,0.8746212121212121
HHN-BIR-01,2024-05-15,Orthopaedics Ward B,7.458333333333333,10.958333333333334,0.681060606060606
HHN-BIR-01,2024-05-16,Orthopaedics Ward B,7.333333333333333,10.916666666666666,0.6727272727272727
HHN-BIR-01,2024-05-17,Orthopaedics Ward B,8.208333333333334,11.0,0.7462121212121212
HHN-BIR-01,2024-05-18,Orthopaedics Ward B,7.833333333333333,10.916666666666666,0.7185606060606061
HHN-BIR-01,2024-05-19,Orthopaedics Ward B,10.041666666666666,10.916666666666666,0.9204545454545455
HHN-BIR-01,2024-05-20,Orthopaedics Ward B,8.75,10.916666666666666,0.8026515151515152
HHN-BIR-01,2024-05-21,Orthopaedics Ward B,6.333333333333333,11.0,0.5757575757575757
HHN-BIR-01,2024-05-22,Orthopaedics Ward B,6.625,11.0,0.6022727272727272
HHN-BIR-01,2024-05-23,Orthopaedics Ward B,7.708333333333333,10.916666666666666,0.706060606060606
HHN-BIR-01,2024-05-24,Orthopaedics Ward B,5.583333333333333,10.958333333333334,0.5098484848484848
HHN-BIR-01,2024-05-25,Orthopaedics Ward B,6.125,10.833333333333334,0.5666666666666667
HHN-BIR-01,2024-05-26,Orthopaedics Ward B,6.541666666666667,10.875,0.6018939393939394
HHN-BIR-01,2024-05-27,Orthopaedics Ward B,10.166666666666666,10.916666666666666,0.9318181818181818
HHN-BIR-01,2024-05-28,Orthopaedics Ward B,10.916666666666666,10.916666666666666,1.0
HHN-BIR-01,2024-05-29,Orthopaedics Ward B,11.0,11.0,1.0
HHN-BIR-01,2024-05-30,Orthopaedics Ward B,10.916666666666666,10.916666666666666,1.0
HHN-BIR-01,2024-05-31,Orthopaedics Ward B,11.0,11.0,1.0
HHN-BIR-01,2024-06-01,Orthopaedics Ward B,10.958333333333334,10.958333333333334,1.0
HHN-BIR-01,2024-06-02,Orthopaedics Ward B,10.875,10.875,1.0
HHN-BIR-01,2024-06-03,Orthopaedics Ward B,10.916666666666666,10.916666666666666,1.0
HHN-BIR-01,2024-06-04,Orthopaedics Ward B,10.916666666666666,10.916666666666666,1.0
HHN-BIR-01,2024-06-05,Orthopaedics Ward B,10.916666666666666,10.916666666666666,1.0
HHN-BIR-01,2024-06-06,Orthopaedics Ward B,10.958333333333334,10.958333333333334,1.0
HHN-BIR-01,2024-06-07,Orthopaedics Ward B,10.916666666666666,10.916666666666666,1.0
HHN-BIR-01,2024-06-08,Orthopaedics Ward B,10.833333333333334,10.833333333333334,1.0
HHN-BIR-01,2024-06-09,Orthopaedics Ward B,10.791666666666666,10.791666666666666,1.0
HHN-BIR-01,2024-06-10,Orthopaedics Ward B,10.875,10.875,1.0
HHN-BIR-01,2024-06-11,Orthopaedics Ward B,11.0,11.0,1.0
HHN-BIR-01,2024-06-12,Orthopaedics Ward B,11.0,11.0,1.0
HHN-BIR-01,2024-06-13,Orthopaedics Ward B,10.916666666666666,10.916666666666666,1.0
HHN-BIR-01,2024-06-14,Orthopaedics Ward B,10.875,10.875,1.0
HHN-BIR-01,2024-06-15,Orthopaedics Ward B,10.833333333333334,10.833333333333334,1.0
HHN-BIR-01,2024-06-16,Orthopaedics Ward B,10.75,10.875,0.9886363636363636
HHN-BIR-01,2024-06-17,Orthopaedics Ward B,8.458333333333334,11.0,0.768939393939394
HHN-BIR-01,2024-06-18,Orthopaedics Ward B,6.708333333333333,10.958333333333334,0.6128787878787879
HHN-BIR-01,2024-06-19,Orthopaedics Ward B,6.958333333333333,10.958333333333334,0.6359848484848485
HHN-BIR-01,2024-06-20,Orthopaedics Ward B,10.083333333333334,10.958333333333334,0.9204545454545455
HHN-BIR-01,2024-06-21,Orthopaedics Ward B,10.5,10.958333333333334,0.9583333333333334
HHN-BIR-01,2024-06-22,Orthopaedics Ward B,9.791666666666666,10.916666666666666,0.896969696969697
HHN-BIR-01,2024-06-23,Orthopaedics Ward B,9.375,10.875,0.8621212121212122
HHN-BIR-01,2024-06-24,Orthopaedics Ward B,10.0,11.0,0.9090909090909092
HHN-BIR-01,2024-06-25,Orthopaedics Ward B,9.916666666666666,10.916666666666666,0.9083333333333333
HHN-BIR-01,2024-06-26,Orthopaedics Ward B,9.625,11.0,0.875
HHN-BIR-01,2024-06-27,Orthopaedics Ward B,9.875,10.875,0.9079545454545456
HHN-BIR-01,2024-06-28,Orthopaedics Ward B,9.916666666666666,10.916666666666666,0.9083333333333333
HHN-BIR-01,2024-06-29,Orthopaedics Ward B,10.083333333333334,10.916666666666666,0.9238636363636364
HHN-BIR-01,2024-06-30,Orthopaedics Ward B,10.916666666666666,10.916666666666666,1.0
HHN-BIR-01,2024-07-01,Orthopaedics Ward B,11.0,11.0,1.0
HHN-BIR-01,2024-07-02,Orthopaedics Ward B,11.0,11.0,1.0
HHN-BIR-01,2024-07-03,Orthopaedics Ward B,10.958333333333334,10.958333333333334,1.0
HHN-BIR-01,2024-07-04,Orthopaedics Ward B,10.916666666666666,10.916666666666666,1.0
HHN-BIR-01,2024-07-05,Orthopaedics Ward B,10.916666666666666,10.916666666666666,1.0
HHN-BIR-01,2024-07-06,Orthopaedics Ward B,10.291666666666666,10.875,0.9465909090909091
HHN-BIR-01,2024-07-07,Orthopaedics Ward B,10.0,11.0,0.9090909090909092
HHN-BIR-01,2024-07-08,Orthopaedics Ward B,10.25,10.958333333333334,0.9352272727272727
HHN-BIR-01,2024-07-09,Orthopaedics Ward B,10.916666666666666,10.916666666666666,1.0
HHN-BIR-01,2024-07-10,Orthopaedics Ward B,11.0,11.0,1.0
HHN-BIR-01,2024-07-11,Orthopaedics Ward B,10.916666666666666,10.916666666666666,1.0
HHN-BIR-01,2024-07-12,Orthopaedics Ward B,7.625,10.875,0.6988636363636364
HHN-BIR-01,2024-07-13,Orthopaedics Ward B,3.6666666666666665,10.875,0.33749999999999997
HHN-BIR-01,2024-07-14,Orthopaedics Ward B,4.166666666666667,10.916666666666666,0.3818181818181818
HHN-BIR-01,2024-07-15,Orthopaedics Ward B,4.375,10.916666666666666,0.40113636363636357
HHN-BIR-01,2024-07-16,Orthopaedics Ward B,5.0,10.916666666666666,0.45833333333333326
HHN-BIR-01,2024-07-17,Orthopaedics Ward B,7.333333333333333,10.958333333333334,0.6696969696969698
HHN-BIR-01,2024-07-18,Orthopaedics Ward B,7.875,10.833333333333334,0.7284090909090909
HHN-BIR-01,2024-07-19,Orthopaedics Ward B,8.5,10.958333333333334,0.7757575757575758
HHN-BIR-01,2024-07-20,Orthopaedics Ward B,8.541666666666666,10.958333333333334,0.7799242424242424
HHN-BIR-01,2024-07-21,Orthopaedics Ward B,7.416666666666667,10.916666666666666,0.6803030303030303
HHN-BIR-01,2024-07-22,Orthopaedics Ward B,7.958333333333333,11.0,0.7234848484848485
HHN-BIR-01,2024-07-23,Orthopaedics Ward B,11.0,11.0,1.0
HHN-BIR-01,2024-07-24,Orthopaedics Ward B,10.666666666666666,11.0,0.9696969696969697
HHN-BIR-01,2024-07-25,Orthopaedics Ward B,10.125,10.958333333333334,0.9242424242424243
HHN-BIR-01,2024-07-26,Orthopaedics Ward B,9.166666666666666,10.958333333333334,0.8371212121212123
HHN-BIR-01,2024-07-27,Orthopaedics Ward B,10.5,10.958333333333334,0.9583333333333334
HHN-BIR-01,2024-07-28,Orthopaedics Ward B,10.375,10.958333333333334,0.9469696969696969
HHN-BIR-01,2024-07-29,Orthopaedics Ward B,9.958333333333334,10.916666666666666,0.9125000000000001
HHN-BIR-01,2024-07-30,Orthopaedics Ward B,10.75,10.958333333333334,0.9810606060606061
HHN-BIR-01,2024-07-31,Orthopaedics Ward B,10.833333333333334,10.958333333333334,0.9886363636363636
HHN-BIR-01,2024-08-01,Orthopaedics Ward B,10.833333333333334,10.833333333333334,1.0
HHN-BIR-01,2024-08-02,Orthopaedics Ward B,10.916666666666666,10.916666666666666,1.0
HHN-BIR-01,2024-08-03,Orthopaedics Ward B,10.916666666666666,10.916666666666666,1.0
HHN-BIR-01,2024-08-04,Orthopaedics Ward B,9.916666666666666,10.833333333333334,0.9166666666666666
HHN-BIR-01,2024-08-05,Orthopaedics Ward B,8.916666666666666,10.916666666666666,0.8174242424242425
HHN-BIR-01,2024-08-06,Orthopaedics Ward B,9.0,10.958333333333334,0.8212121212121213
HHN-BIR-01,2024-08-07,Orthopaedics Ward B,7.458333333333333,11.0,0.6780303030303031
HHN-BIR-01,2024-08-08,Orthopaedics Ward B,6.416666666666667,11.0,0.5833333333333334
HHN-BIR-01,2024-08-09,Orthopaedics Ward B,8.458333333333334,10.916666666666666,0.775
HHN-BIR-01,2024-08-10,Orthopaedics Ward B,10.875,10.916666666666666,0.9962121212121212
HHN-BIR-01,2024-08-11,Orthopaedics Ward B,9.0,10.791666666666666,0.8356060606060606
HHN-BIR-01,2024-08-12,Orthopaedics Ward B,7.541666666666667,10.916666666666666,0.6916666666666668
HHN-BIR-01,2024-08-13,Orthopaedics Ward B,7.333333333333333,11.0,0.6666666666666666
HHN-BIR-01,2024-08-14,Orthopaedics Ward B,7.916666666666667,10.916666666666666,0.7257575757575757
HHN-BIR-01,2024-08-15,Orthopaedics Ward B,7.166666666666667,11.0,0.6515151515151515
HHN-BIR-01,2024-08-16,Orthopaedics Ward B,6.916666666666667,11.0,0.6287878787878788
HHN-BIR-01,2024-08-17,Orthopaedics Ward B,7.0,10.958333333333334,0.6390151515151515
HHN-BIR-01,2024-08-18,Orthopaedics Ward B,7.5,10.833333333333334,0.6931818181818182
HHN-BIR-01,2024-08-19,Orthopaedics Ward B,9.208333333333334,10.958333333333334,0.8405303030303032
HHN-BIR-01,2024-08-20,Orthopaedics Ward B,7.791666666666667,11.0,0.7083333333333334
HHN-BIR-01,2024-08-21,Orthopaedics Ward B,8.75,11.0,0.7954545454545455
HHN-BIR-01,2024-08-22,Orthopaedics Ward B,7.083333333333333,10.958333333333334,0.6465909090909091
HHN-BIR-01,2024-08-23,Orthopaedics Ward B,7.708333333333333,10.958333333333334,0.7030303030303031
HHN-BIR-01,2024-08-24,Orthopaedics Ward B,7.833333333333333,10.875,0.7208333333333333
HHN-BIR-01,2024-08-25,Orthopaedics Ward B,7.416666666666667,10.875,0.6825757575757576
HHN-BIR-01,2024-08-26,Orthopaedics Ward B,7.0,10.958333333333334,0.6390151515151515
HHN-BIR-01,2024-08-27,Orthopaedics Ward B,9.291666666666666,10.958333333333334,0.8477272727272728
HHN-BIR-01,2024-08-28,Orthopaedics Ward B,10.208333333333334,10.875,0.9390151515151516
HHN-BIR-01,2024-08-29,Orthopaedics Ward B,10.958333333333334,10.958333333333334,1.0
HHN-BIR-01,2024-08-30,Orthopaedics Ward B,11.0,11.0,1.0
HHN-BIR-01,2024-08-31,Orthopaedics Ward B,11.0,11.0,1.0
HHN-BIR-01,2024-09-01,Orthopaedics Ward B,10.833333333333334,10.833333333333334,1.0
HHN-BIR-01,2024-09-02,Orthopaedics Ward B,10.958333333333334,10.958333333333334,1.0
HHN-BIR-01,2024-09-03,Orthopaedics Ward B,11.0,11.0,1.0
HHN-BIR-01,2024-09-04,Orthopaedics Ward B,10.708333333333334,11.0,0.9734848484848485
HHN-BIR-01,2024-09-05,Orthopaedics Ward B,9.5,10.958333333333334,0.8670454545454547
HHN-BIR-01,2024-09-06,Orthopaedics Ward B,10.25,10.833333333333334,0.9469696969696969
HHN-BIR-01,2024-09-07,Orthopaedics Ward B,10.791666666666666,10.791666666666666,1.0
HHN-BIR-01,2024-09-08,Orthopaedics Ward B,10.916666666666666,10.916666666666666,1.0
HHN-BIR-01,2024-09-09,Orthopaedics Ward B,10.916666666666666,10.916666666666666,1.0
HHN-BIR-01,2024-09-10,Orthopaedics Ward B,11.0,11.0,1.0
HHN-BIR-01,2024-09-11,Orthopaedics Ward B,10.958333333333334,10.958333333333334,1.0
HHN-BIR-01,2024-09-12,Orthopaedics Ward B,11.0,11.0,1.0
HHN-BIR-01,2024-09-13,Orthopaedics Ward B,10.875,10.875,1.0
HHN-BIR-01,2024-09-14,Orthopaedics Ward B,10.833333333333334,10.833333333333334,1.0
HHN-BIR-01,2024-09-15,Orthopaedics Ward B,10.958333333333334,10.958333333333334,1.0
HHN-BIR-01,2024-09-16,Orthopaedics Ward B,10.958333333333334,10.958333333333334,1.0
HHN-BIR-01,2024-09-17,Orthopaedics Ward B,11.0,11.0,1.0
HHN-BIR-01,2024-09-18,Orthopaedics Ward B,11.0,11.0,1.0
HHN-BIR-01,2024-09-19,Orthopaedics Ward B,10.875,10.875,1.0
HHN-BIR-01,2024-09-20,Orthopaedics Ward B,11.0,11.0,1.0
HHN-BIR-01,2024-09-21,Orthopaedics Ward B,10.958333333333334,10.958333333333334,1.0
HHN-BIR-01,2024-09-22,Orthopaedics Ward B,11.0,11.0,1.0
HHN-BIR-01,2024-09-23,Orthopaedics Ward B,10.958333333333334,10.958333333333334,1.0
HHN-BIR-01,2024-09-24,Orthopaedics Ward B,10.958333333333334,10.958333333333334,1.0
HHN-BIR-01,2024-09-25,Orthopaedics Ward B,10.875,10.875,1.0
HHN-BIR-01,2024-09-26,Orthopaedics Ward B,10.833333333333334,10.833333333333334,1.0
HHN-BIR-01,2024-09-27,Orthopaedics Ward B,11.0,11.0,1.0
HHN-BIR-01,2024-09-28,Orthopaedics Ward B,10.916666666666666,10.916666666666666,1.0
HHN-BIR-01,2024-09-29,Orthopaedics Ward B,9.833333333333334,10.958333333333334,0.897348484848485
HHN-BIR-01,2024-09-30,Orthopaedics Ward B,8.625,10.958333333333334,0.7871212121212121
HHN-BIR-01,2024-10-01,Orthopaedics Ward B,10.458333333333334,10.958333333333334,0.9545454545454546
HHN-BIR-01,2024-10-02,Orthopaedics Ward B,11.0,11.0,1.0
HHN-BIR-01,2024-10-03,Orthopaedics Ward B,10.958333333333334,10.958333333333334,1.0
HHN-BIR-01,2024-10-04,Orthopaedics Ward B,10.958333333333334,10.958333333333334,1.0
HHN-BIR-01,2024-10-05,Orthopaedics Ward B,10.708333333333334,10.708333333333334,1.0
HHN-BIR-01,2024-10-06,Orthopaedics Ward B,10.875,10.875,1.0
HHN-BIR-01,2024-10-07,Orthopaedics Ward B,10.916666666666666,10.916666666666666,1.0
HHN-BIR-01,2024-10-08,Orthopaedics Ward B,11.0,11.0,1.0
HHN-BIR-01,2024-10-09,Orthopaedics Ward B,10.958333333333334,10.958333333333334,1.0
HHN-BIR-01,2024-10-10,Orthopaedics Ward B,10.958333333333334,10.958333333333334,1.0
HHN-BIR-01,2024-10-11,Orthopaedics Ward B,11.0,11.0,1.0
HHN-BIR-01,2024-10-12,Orthopaedics Ward B,10.791666666666666,10.791666666666666,1.0
HHN-BIR-01,2024-10-13,Orthopaedics Ward B,10.458333333333334,10.875,0.9621212121212123
HHN-BIR-01,2024-10-14,Orthopaedics Ward B,10.875,10.875,1.0
HHN-BIR-01,2024-10-15,Orthopaedics Ward B,11.0,11.0,1.0
HHN-BIR-01,2024-10-16,Orthopaedics Ward B,10.958333333333334,10.958333333333334,1.0
HHN-BIR-01,2024-10-17,Orthopaedics Ward B,11.0,11.0,1.0
HHN-BIR-01,2024-10-18,Orthopaedics Ward B,10.958333333333334,10.958333333333334,1.0
HHN-BIR-01,2024-10-19,Orthopaedics Ward B,10.875,10.875,1.0
HHN-BIR-01,2024-10-20,Orthopaedics Ward B,10.875,10.875,1.0
HHN-BIR-01,2024-10-21,Orthopaedics Ward B,10.75,10.916666666666666,0.9848484848484849
HHN-BIR-01,2024-10-22,Orthopaedics Ward B,11.0,11.0,1.0
HHN-BIR-01,2024-10-23,Orthopaedics Ward B,10.958333333333334,10.958333333333334,1.0
HHN-BIR-01,2024-10-24,Orthopaedics Ward B,10.916666666666666,10.958333333333334,0.9962121212121212
HHN-BIR-01,2024-10-25,Orthopaedics Ward B,10.791666666666666,10.791666666666666,1.0
HHN-BIR-01,2024-10-26,Orthopaedics Ward B,10.958333333333334,10.958333333333334,1.0
HHN-BIR-01,2024-10-27,Orthopaedics Ward B,9.75,10.958333333333334,0.8901515151515151
HHN-BIR-01,2024-10-28,Orthopaedics Ward B,8.5,10.958333333333334,0.7761363636363637
HHN-BIR-01,2024-10-29,Orthopaedics Ward B,10.75,11.0,0.9772727272727272
HHN-BIR-01,2024-10-30,Orthopaedics Ward B,11.0,11.0,1.0
HHN-BIR-01,2024-10-31,Orthopaedics Ward B,10.958333333333334,10.958333333333334,1.0
HHN-BIR-01,2024-11-01,Orthopaedics Ward B,10.916666666666666,10.916666666666666,1.0
HHN-BIR-01,2024-11-02,Orthopaedics Ward B,10.958333333333334,10.958333333333334,1.0
HHN-BIR-01,2024-11-03,Orthopaedics Ward B,10.833333333333334,10.833333333333334,1.0
HHN-BIR-01,2024-11-04,Orthopaedics Ward B,10.541666666666666,10.916666666666666,0.9659090909090909
HHN-BIR-01,2024-11-05,Orthopaedics Ward B,10.708333333333334,10.958333333333334,0.9772727272727272
HHN-BIR-01,2024-11-06,Orthopaedics Ward B,10.333333333333334,10.958333333333334,0.9431818181818182
HHN-BIR-01,2024-11-07,Orthopaedics Ward B,10.0,11.0,0.9090909090909092
HHN-BIR-01,2024-11-08,Orthopaedics Ward B,10.958333333333334,10.958333333333334,1.0
HHN-BIR-01,2024-11-09,Orthopaedics Ward B,11.0,11.0,1.0
HHN-BIR-01,2024-11-10,Orthopaedics Ward B,10.875,10.875,1.0
HHN-BIR-01,2024-11-11,Orthopaedics Ward B,10.958333333333334,10.958333333333334,1.0
HHN-BIR-01,2024-11-12,Orthopaedics Ward B,10.833333333333334,10.833333333333334,1.0
HHN-BIR-01,2024-11-13,Orthopaedics Ward B,10.875,10.916666666666666,0.9962121212121212
HHN-BIR-01,2024-11-14,Orthopaedics Ward B,10.875,10.916666666666666,0.9962121212121212
HHN-BIR-01,2024-11-15,Orthopaedics Ward B,10.916666666666666,10.916666666666666,1.0
HHN-BIR-01,2024-11-16,Orthopaedics Ward B,10.916666666666666,10.916666666666666,1.0
HHN-BIR-01,2024-11-17,Orthopaedics Ward B,10.833333333333334,10.958333333333334,0.9886363636363636
HHN-BIR-01,2024-11-18,Orthopaedics Ward B,9.625,11.0,0.875
HHN-BIR-01,2024-11-19,Orthopaedics Ward B,8.0,10.875,0.7359848484848485
HHN-BIR-01,2024-11-20,Orthopaedics Ward B,9.25,10.958333333333334,0.8446969696969697
HHN-BIR-01,2024-11-21,Orthopaedics Ward B,9.875,10.916666666666666,0.9049242424242424
HHN-BIR-01,2024-11-22,Orthopaedics Ward B,10.875,10.875,1.0
HHN-BIR-01,2024-11-23,Orthopaedics Ward B,10.916666666666666,10.916666666666666,1.0
HHN-BIR-01,2024-11-24,Orthopaedics Ward B,11.0,11.0,1.0
HHN-BIR-01,2024-11-25,Orthopaedics Ward B,10.541666666666666,11.0,0.9583333333333334
HHN-BIR-01,2024-11-26,Orthopaedics Ward B,6.875,10.875,0.6333333333333333
HHN-BIR-01,2024-11-27,Orthopaedics Ward B,8.458333333333334,10.958333333333334,0.7723484848484848
HHN-BIR-01,2024-11-28,Orthopaedics Ward B,11.0,11.0,1.0
HHN-BIR-01,2024-11-29,Orthopaedics Ward B,10.958333333333334,10.958333333333334,1.0
HHN-BIR-01,2024-11-30,Orthopaedics Ward B,10.625,10.833333333333334,0.9810606060606061
HHN-BIR-01,2024-12-01,Orthopaedics Ward B,10.541666666666666,10.875,0.9696969696969697
HHN-BIR-01,2024-12-02,Orthopaedics Ward B,9.916666666666666,10.791666666666666,0.918939393939394
HHN-BIR-01,2024-12-03,Orthopaedics Ward B,10.791666666666666,10.916666666666666,0.9886363636363636
HHN-BIR-01,2024-12-04,Orthopaedics Ward B,10.791666666666666,10.916666666666666,0.9886363636363636
HHN-BIR-01,2024-12-05,Orthopaedics Ward B,10.916666666666666,10.916666666666666,1.0
HHN-BIR-01,2024-12-06,Orthopaedics Ward B,10.916666666666666,10.916666666666666,1.0
HHN-BIR-01,2024-12-07,Orthopaedics Ward B,10.833333333333334,10.833333333333334,1.0
HHN-BIR-01,2024-12-08,Orthopaedics Ward B,10.833333333333334,10.833333333333334,1.0
HHN-BIR-01,2024-12-09,Orthopaedics Ward B,10.875,10.875,1.0
HHN-BIR-01,2024-12-10,Orthopaedics Ward B,10.875,10.875,1.0
HHN-BIR-01,2024-12-11,Orthopaedics Ward B,11.0,11.0,1.0
HHN-BIR-01,2024-12-12,Orthopaedics Ward B,10.875,10.875,1.0
HHN-BIR-01,2024-12-13,Orthopaedics Ward B,10.833333333333334,10.875,0.9962121212121212
HHN-BIR-01,2024-12-14,Orthopaedics Ward B,10.583333333333334,10.916666666666666,0.9696969696969697
HHN-BIR-01,2024-12-15,Orthopaedics Ward B,9.833333333333334,10.833333333333334,0.9087121212121212
HHN-BIR-01,2024-12-16,Orthopaedics Ward B,10.958333333333334,10.958333333333334,1.0
HHN-BIR-01,2024-12-17,Orthopaedics Ward B,10.916666666666666,10.916666666666666,1.0
HHN-BIR-01,2024-12-18,Orthopaedics Ward B,11.0,11.0,1.0
HHN-BIR-01,2024-12-19,Orthopaedics Ward B,10.833333333333334,10.916666666666666,0.9924242424242425
HHN-BIR-01,2024-12-20,Orthopaedics Ward B,10.875,10.875,1.0
HHN-BIR-01,2024-12-21,Orthopaedics Ward B,10.791666666666666,10.791666666666666,1.0
HHN-BIR-01,2024-12-22,Orthopaedics Ward B,10.791666666666666,10.791666666666666,1.0
HHN-BIR-01,2024-12-23,Orthopaedics Ward B,10.916666666666666,10.916666666666666,1.0
HHN-BIR-01,2024-12-24,Orthopaedics Ward B,10.708333333333334,10.708333333333334,1.0
HHN-BIR-01,2024-12-25,Orthopaedics Ward B,11.0,11.0,1.0
HHN-BIR-01,2024-12-26,Orthopaedics Ward B,9.291666666666666,10.916666666666666,0.8522727272727274
HHN-BIR-01,2024-12-27,Orthopaedics Ward B,8.0,10.916666666666666,0.7337121212121213
HHN-BIR-01,2024-12-28,Orthopaedics Ward B,9.625,10.916666666666666,0.8818181818181818
HHN-BIR-01,2024-12-29,Orthopaedics Ward B,10.666666666666666,10.875,0.9810606060606061
HHN-BIR-01,2024-12-30,Orthopaedics Ward B,10.125,10.833333333333334,0.9356060606060607
HHN-BIR-01,2024-12-31,Orthopaedics Ward B,10.833333333333334,10.958333333333334,0.9886363636363636
HHN-BIR-01,2025-01-01,Orthopaedics Ward B,10.708333333333334,10.833333333333334,0.9886363636363636
HHN-BIR-01,2025-01-02,Orthopaedics Ward B,10.75,10.958333333333334,0.9810606060606061
HHN-BIR-01,2025-01-03,Orthopaedics Ward B,7.625,10.875,0.7018939393939393
HHN-BIR-01,2025-01-04,Orthopaedics Ward B,6.041666666666667,10.916666666666666,0.5537878787878787
HHN-BIR-01,2025-01-05,Orthopaedics Ward B,6.041666666666667,10.916666666666666,0.5537878787878787
HHN-BIR-01,2025-01-06,Orthopaedics Ward B,9.041666666666666,11.0,0.8219696969696969
HHN-BIR-01,2025-01-07,Orthopaedics Ward B,10.875,10.875,1.0
HHN-BIR-01,2025-01-08,Orthopaedics Ward B,10.666666666666666,10.791666666666666,0.9886363636363636
HHN-BIR-01,2025-01-09,Orthopaedics Ward B,10.833333333333334,10.833333333333334,1.0
HHN-BIR-01,2025-01-10,Orthopaedics Ward B,10.958333333333334,10.958333333333334,1.0
HHN-BIR-01,2025-01-11,Orthopaedics Ward B,10.083333333333334,10.958333333333334,0.9204545454545454
HHN-BIR-01,2025-01-12,Orthopaedics Ward B,9.875,10.833333333333334,0.9113636363636365
HHN-BIR-01,2025-01-13,Orthopaedics Ward B,10.875,10.916666666666666,0.9962121212121212
HHN-BIR-01,2025-01-14,Orthopaedics Ward B,10.916666666666666,10.916666666666666,1.0
HHN-BIR-01,2025-01-15,Orthopaedics Ward B,10.958333333333334,10.958333333333334,1.0
HHN-BIR-01,2025-01-16,Orthopaedics Ward B,10.916666666666666,10.916666666666666,1.0
HHN-BIR-01,2025-01-17,Orthopaedics Ward B,10.833333333333334,10.833333333333334,1.0
HHN-BIR-01,2025-01-18,Orthopaedics Ward B,10.833333333333334,10.833333333333334,1.0
HHN-BIR-01,2025-01-19,Orthopaedics Ward B,10.916666666666666,10.916666666666666,1.0
HHN-BIR-01,2025-01-20,Orthopaedics Ward B,10.916666666666666,10.916666666666666,1.0
HHN-BIR-01,2025-01-21,Orthopaedics Ward B,10.958333333333334,10.958333333333334,1.0
HHN-BIR-01,2025-01-22,Orthopaedics Ward B,10.875,10.875,1.0
HHN-BIR-01,2025-01-23,Orthopaedics Ward B,10.875,10.875,1.0
HHN-BIR-01,2025-01-24,Orthopaedics Ward B,10.833333333333334,10.833333333333334,1.0
HHN-BIR-01,2025-01-25,Orthopaedics Ward B,10.875,10.875,1.0
HHN-BIR-01,2025-01-26,Orthopaedics Ward B,10.916666666666666,10.916666666666666,1.0
HHN-BIR-01,2025-01-27,Orthopaedics Ward B,10.75,10.75,1.0
HHN-BIR-01,2025-01-28,Orthopaedics Ward B,10.958333333333334,10.958333333333334,1.0
HHN-BIR-01,2025-01-29,Orthopaedics Ward B,10.833333333333334,10.833333333333334,1.0
HHN-BIR-01,2025-01-30,Orthopaedics Ward B,10.833333333333334,10.833333333333334,1.0
HHN-BIR-01,2025-01-31,Orthopaedics Ward B,10.958333333333334,10.958333333333334,1.0
HHN-BIR-01,2025-02-01,Orthopaedics Ward B,10.75,10.75,1.0
HHN-BIR-01,2025-02-02,Orthopaedics Ward B,10.333333333333334,10.833333333333334,0.9537878787878787
HHN-BIR-01,2025-02-03,Orthopaedics Ward B,8.416666666666666,10.916666666666666,0.7715909090909091
HHN-BIR-01,2025-02-04,Orthopaedics Ward B,8.875,10.875,0.8174242424242425
HHN-BIR-01,2025-02-05,Orthopaedics Ward B,10.583333333333334,10.708333333333334,0.9886363636363636
HHN-BIR-01,2025-02-06,Orthopaedics Ward B,11.0,11.0,1.0
HHN-BIR-01,2025-02-07,Orthopaedics Ward B,10.916666666666666,10.916666666666666,1.0
HHN-BIR-01,2025-02-08,Orthopaedics Ward B,10.916666666666666,10.916666666666666,1.0
HHN-BIR-01,2025-02-09,Orthopaedics Ward B,10.916666666666666,10.916666666666666,1.0
HHN-BIR-01,2025-02-10,Orthopaedics Ward B,10.875,10.875,1.0
HHN-BIR-01,2025-02-11,Orthopaedics Ward B,10.875,10.875,1.0
HHN-BIR-01,2025-02-12,Orthopaedics Ward B,10.958333333333334,10.958333333333334,1.0
HHN-BIR-01,2025-02-13,Orthopaedics Ward B,10.875,10.875,1.0
HHN-BIR-01,2025-02-14,Orthopaedics Ward B,10.958333333333334,10.958333333333334,1.0
HHN-BIR-01,2025-02-15,Orthopaedics Ward B,10.791666666666666,10.791666666666666,1.0
HHN-BIR-01,2025-02-16,Orthopaedics Ward B,10.958333333333334,10.958333333333334,1.0
HHN-BIR-01,2025-02-17,Orthopaedics Ward B,10.833333333333334,10.833333333333334,1.0
HHN-BIR-01,2025-02-18,Orthopaedics Ward B,10.916666666666666,10.916666666666666,1.0
HHN-BIR-01,2025-02-19,Orthopaedics Ward B,11.0,11.0,1.0
HHN-BIR-01,2025-02-20,Orthopaedics Ward B,10.958333333333334,10.958333333333334,1.0
HHN-BIR-01,2025-02-21,Orthopaedics Ward B,10.833333333333334,10.833333333333334,1.0
HHN-BIR-01,2025-02-22,Orthopaedics Ward B,10.875,10.875,1.0
HHN-BIR-01,2025-02-23,Orthopaedics Ward B,10.875,10.875,1.0
HHN-BIR-01,2025-02-24,Orthopaedics Ward B,10.916666666666666,10.916666666666666,1.0
HHN-BIR-01,2025-02-25,Orthopaedics Ward B,10.916666666666666,10.916666666666666,1.0
HHN-BIR-01,2025-02-26,Orthopaedics Ward B,10.958333333333334,10.958333333333334,1.0
HHN-BIR-01,2025-02-27,Orthopaedics Ward B,10.958333333333334,10.958333333333334,1.0
HHN-BIR-01,2025-02-28,Orthopaedics Ward B,11.0,11.0,1.0
HHN-BIR-01,2025-03-01,Orthopaedics Ward B,10.791666666666666,10.791666666666666,1.0
HHN-BIR-01,2025-03-02,Orthopaedics Ward B,10.958333333333334,10.958333333333334,1.0
HHN-BIR-01,2025-03-03,Orthopaedics Ward B,10.666666666666666,10.958333333333334,0.9734848484848485
HHN-BIR-01,2025-03-04,Orthopaedics Ward B,10.541666666666666,10.958333333333334,0.9621212121212123
HHN-BIR-01,2025-03-05,Orthopaedics Ward B,11.0,11.0,1.0
HHN-BIR-01,2025-03-06,Orthopaedics Ward B,10.5,11.0,0.9545454545454546
HHN-BIR-01,2025-03-07,Orthopaedics Ward B,9.625,10.958333333333334,0.8784090909090909
HHN-BIR-01,2025-03-08,Orthopaedics Ward B,10.583333333333334,10.958333333333334,0.9659090909090909
HHN-BIR-01,2025-03-09,Orthopaedics Ward B,9.958333333333334,10.916666666666666,0.912878787878788
HHN-BIR-01,2025-03-10,Orthopaedics Ward B,9.708333333333334,10.958333333333334,0.8859848484848486
HHN-BIR-01,2025-03-11,Orthopaedics Ward B,10.125,10.916666666666666,0.9280303030303031
HHN-BIR-01,2025-03-12,Orthopaedics Ward B,10.625,11.0,0.9659090909090909
HHN-BIR-01,2025-03-13,Orthopaedics Ward B,11.0,11.0,1.0
HHN-BIR-01,2025-03-14,Orthopaedics Ward B,10.916666666666666,10.916666666666666,1.0
HHN-BIR-01,2025-03-15,Orthopaedics Ward B,10.916666666666666,11.0,0.9924242424242425
HHN-BIR-01,2025-03-16,Orthopaedics Ward B,11.0,11.0,1.0
HHN-BIR-01,2025-03-17,Orthopaedics Ward B,10.958333333333334,10.958333333333334,1.0
HHN-BIR-01,2025-03-18,Orthopaedics Ward B,10.458333333333334,10.875,0.962121212121212
HHN-BIR-01,2025-03-19,Orthopaedics Ward B,11.0,11.0,1.0
HHN-BIR-01,2025-03-20,Orthopaedics Ward B,10.958333333333334,10.958333333333334,1.0
HHN-BIR-01,2025-03-21,Orthopaedics Ward B,11.0,11.0,1.0
HHN-BIR-01,2025-03-22,Orthopaedics Ward B,10.958333333333334,10.958333333333334,1.0
HHN-BIR-01,2025-03-23,Orthopaedics Ward B,10.833333333333334,10.833333333333334,1.0
HHN-BIR-01,2025-03-24,Orthopaedics Ward B,10.958333333333334,10.958333333333334,1.0
HHN-BIR-01,2025-03-25,Orthopaedics Ward B,10.875,10.875,1.0
HHN-BIR-01,2025-03-26,Orthopaedics Ward B,10.958333333333334,10.958333333333334,1.0
HHN-BIR-01,2025-03-27,Orthopaedics Ward B,10.916666666666666,10.916666666666666,1.0
HHN-BIR-01,2025-03-28,Orthopaedics Ward B,11.0,11.0,1.0
HHN-BIR-01,2025-03-29,Orthopaedics Ward B,10.916666666666666,10.916666666666666,1.0
HHN-BIR-01,2025-03-30,Orthopaedics Ward B,10.916666666666666,10.916666666666666,1.0
HHN-BIR-01,2025-03-31,Orthopaedics Ward B,10.958333333333334,10.958333333333334,1.0
HHN-BIR-01,2025-04-01,Orthopaedics Ward B,10.958333333333334,10.958333333333334,1.0
HHN-BIR-01,2025-04-02,Orthopaedics Ward B,11.0,11.0,1.0
HHN-BIR-01,2025-04-03,Orthopaedics Ward B,10.958333333333334,10.958333333333334,1.0
HHN-BIR-01,2025-04-04,Orthopaedics Ward B,10.875,10.875,1.0
HHN-BIR-01,2025-04-05,Orthopaedics Ward B,10.958333333333334,10.958333333333334,1.0
HHN-BIR-01,2025-04-06,Orthopaedics Ward B,10.875,10.875,1.0
HHN-BIR-01,2025-04-07,Orthopaedics Ward B,10.958333333333334,10.958333333333334,1.0
HHN-BIR-01,2025-04-08,Orthopaedics Ward B,11.0,11.0,1.0
HHN-BIR-01,2025-04-09,Orthopaedics Ward B,10.958333333333334,10.958333333333334,1.0
HHN-BIR-01,2025-04-10,Orthopaedics Ward B,10.875,10.916666666666666,0.9962121212121212
HHN-BIR-01,2025-04-11,Orthopaedics Ward B,9.625,11.0,0.875
HHN-BIR-01,2025-04-12,Orthopaedics Ward B,10.916666666666666,10.916666666666666,1.0
HHN-BIR-01,2025-04-13,Orthopaedics Ward B,10.875,10.875,1.0
HHN-BIR-01,2025-04-14,Orthopaedics Ward B,9.541666666666666,11.0,0.8674242424242425
HHN-BIR-01,2025-04-15,Orthopaedics Ward B,9.708333333333334,10.875,0.893560606060606
HHN-BIR-01,2025-04-16,Orthopaedics Ward B,10.0,10.916666666666666,0.915909090909091
HHN-BIR-01,2025-04-17,Orthopaedics Ward B,10.166666666666666,10.958333333333334,0.9280303030303031
HHN-BIR-01,2025-04-18,Orthopaedics Ward B,10.666666666666666,10.875,0.9810606060606061
HHN-BIR-01,2025-04-19,Orthopaedics Ward B,10.916666666666666,10.916666666666666,1.0
HHN-BIR-01,2025-04-20,Orthopaedics Ward B,9.291666666666666,10.916666666666666,0.8518939393939394
HHN-BIR-01,2025-04-21,Orthopaedics Ward B,8.291666666666666,11.0,0.7537878787878788
HHN-BIR-01,2025-04-22,Orthopaedics Ward B,10.875,10.875,1.0
HHN-BIR-01,2025-04-23,Orthopaedics Ward B,10.958333333333334,10.958333333333334,1.0
HHN-BIR-01,2025-04-24,Orthopaedics Ward B,10.958333333333334,10.958333333333334,1.0
HHN-BIR-01,2025-04-25,Orthopaedics Ward B,10.916666666666666,10.916666666666666,1.0
HHN-BIR-01,2025-04-26,Orthopaedics Ward B,10.958333333333334,10.958333333333334,1.0
HHN-BIR-01,2025-04-27,Orthopaedics Ward B,10.75,11.0,0.9772727272727272
HHN-BIR-01,2025-04-28,Orthopaedics Ward B,10.416666666666666,11.0,0.9469696969696969
HHN-BIR-01,2025-04-29,Orthopaedics Ward B,10.0,11.0,0.9090909090909092
HHN-BIR-01,2025-04-30,Orthopaedics Ward B,10.958333333333334,10.958333333333334,1.0
HHN-BIR-01,2025-05-01,Orthopaedics Ward B,11.0,11.0,1.0
HHN-BIR-01,2025-05-02,Orthopaedics Ward B,11.0,11.0,1.0
HHN-BIR-01,2025-05-03,Orthopaedics Ward B,10.958333333333334,10.958333333333334,1.0
HHN-BIR-01,2025-05-04,Orthopaedics Ward B,10.833333333333334,10.833333333333334,1.0
HHN-BIR-01,2025-05-05,Orthopaedics Ward B,11.0,11.0,1.0
HHN-BIR-01,2025-05-06,Orthopaedics Ward B,11.0,11.0,1.0
HHN-BIR-01,2025-05-07,Orthopaedics Ward B,11.0,11.0,1.0
HHN-BIR-01,2025-05-08,Orthopaedics Ward B,11.0,11.0,1.0
HHN-BIR-01,2025-05-09,Orthopaedics Ward B,10.958333333333334,10.958333333333334,1.0
HHN-BIR-01,2025-05-10,Orthopaedics Ward B,10.875,10.875,1.0
HHN-BIR-01,2025-05-11,Orthopaedics Ward B,10.916666666666666,10.916666666666666,1.0
HHN-BIR-01,2025-05-12,Orthopaedics Ward B,11.0,11.0,1.0
HHN-BIR-01,2025-05-13,Orthopaedics Ward B,10.958333333333334,10.958333333333334,1.0
HHN-BIR-01,2025-05-14,Orthopaedics Ward B,10.875,10.875,1.0
HHN-BIR-01,2025-05-15,Orthopaedics Ward B,10.291666666666666,10.958333333333334,0.9393939393939394
HHN-BIR-01,2025-05-16,Orthopaedics Ward B,9.458333333333334,10.958333333333334,0.8632575757575758
HHN-BIR-01,2025-05-17,Orthopaedics Ward B,8.458333333333334,10.916666666666666,0.7757575757575758
HHN-BIR-01,2025-05-18,Orthopaedics Ward B,4.833333333333333,10.875,0.4462121212121211
HHN-BIR-01,2025-05-19,Orthopaedics Ward B,7.791666666666667,10.958333333333334,0.7109848484848484
HHN-BIR-01,2025-05-20,Orthopaedics Ward B,9.0,11.0,0.8181818181818182
HHN-BIR-01,2025-05-21,Orthopaedics Ward B,7.833333333333333,10.958333333333334,0.7151515151515152
HHN-BIR-01,2025-05-22,Orthopaedics Ward B,5.833333333333333,10.958333333333334,0.5329545454545453
HHN-BIR-01,2025-05-23,Orthopaedics Ward B,2.9166666666666665,10.875,0.268560606060606
HHN-BIR-01,2025-05-24,Orthopaedics Ward B,3.1666666666666665,10.791666666666666,0.293560606060606
HHN-BIR-01,2025-05-25,Orthopaedics Ward B,4.166666666666667,10.875,0.3837121212121211
HHN-BIR-01,2025-05-26,Orthopaedics Ward B,4.125,10.958333333333334,0.3768939393939394
HHN-BIR-01,2025-05-27,Orthopaedics Ward B,4.458333333333333,10.916666666666666,0.40757575757575754
HHN-BIR-01,2025-05-28,Orthopaedics Ward B,8.291666666666666,10.916666666666666,0.7598484848484849
HHN-BIR-01,2025-05-29,Orthopaedics Ward B,10.375,11.0,0.9431818181818182
HHN-BIR-01,2025-05-30,Orthopaedics Ward B,10.916666666666666,10.916666666666666,1.0
HHN-BIR-01,2025-05-31,Orthopaedics Ward B,10.916666666666666,10.916666666666666,1.0
HHN-BIR-01,2025-06-01,Orthopaedics Ward B,10.875,10.875,1.0
HHN-BIR-01,2025-06-02,Orthopaedics Ward B,10.625,10.958333333333334,0.9696969696969697
HHN-BIR-01,2025-06-03,Orthopaedics Ward B,9.666666666666666,10.875,0.8890151515151515
HHN-BIR-01,2025-06-04,Orthopaedics Ward B,7.958333333333333,10.958333333333334,0.7265151515151516
HHN-BIR-01,2025-06-05,Orthopaedics Ward B,6.625,11.0,0.6022727272727272
HHN-BIR-01,2025-06-06,Orthopaedics Ward B,8.333333333333334,10.958333333333334,0.7606060606060606
HHN-BIR-01,2025-06-07,Orthopaedics Ward B,7.458333333333333,11.0,0.6780303030303031
HHN-BIR-01,2025-06-08,Orthopaedics Ward B,7.5,10.916666666666666,0.6878787878787879
HHN-BIR-01,2025-06-09,Orthopaedics Ward B,8.083333333333334,10.958333333333334,0.7378787878787879
HHN-BIR-01,2025-06-10,Orthopaedics Ward B,8.916666666666666,10.958333333333334,0.8136363636363636
HHN-BIR-01,2025-06-11,Orthopaedics Ward B,9.208333333333334,11.0,0.8371212121212123
HHN-BIR-01,2025-06-12,Orthopaedics Ward B,10.583333333333334,11.0,0.962121212121212
HHN-BIR-01,2025-06-13,Orthopaedics Ward B,10.708333333333334,10.916666666666666,0.9810606060606061
HHN-BIR-01,2025-06-14,Orthopaedics Ward B,10.291666666666666,10.916666666666666,0.9431818181818182
HHN-BIR-01,2025-06-15,Orthopaedics Ward B,7.5,10.958333333333334,0.6852272727272727
HHN-BIR-01,2025-06-16,Orthopaedics Ward B,7.958333333333333,11.0,0.7234848484848485
HHN-BIR-01,2025-06-17,Orthopaedics Ward B,9.125,11.0,0.8295454545454546
HHN-BIR-01,2025-06-18,Orthopaedics Ward B,8.791666666666666,10.916666666666666,0.806439393939394
HHN-BIR-01,2025-06-19,Orthopaedics Ward B,10.25,10.916666666666666,0.9390151515151515
HHN-BIR-01,2025-06-20,Orthopaedics Ward B,10.125,11.0,0.9204545454545455
HHN-BIR-01,2025-06-21,Orthopaedics Ward B,10.625,10.833333333333334,0.9810606060606061
HHN-BIR-01,2025-06-22,Orthopaedics Ward B,10.625,10.958333333333334,0.9696969696969697
HHN-BIR-01,2025-06-23,Orthopaedics Ward B,10.916666666666666,11.0,0.9924242424242425
HHN-BIR-01,2025-06-24,Orthopaedics Ward B,9.083333333333334,11.0,0.8257575757575758
HHN-BIR-01,2025-06-25,Orthopaedics Ward B,7.291666666666667,10.958333333333334,0.6666666666666666
HHN-BIR-01,2025-06-26,Orthopaedics Ward B,9.416666666666666,11.0,0.8560606060606061
HHN-BIR-01,2025-06-27,Orthopaedics Ward B,10.541666666666666,10.875,0.9696969696969697
HHN-BIR-01,2025-06-28,Orthopaedics Ward B,9.708333333333334,10.875,0.893939393939394
HHN-BIR-01,2025-06-29,Orthopaedics Ward B,8.875,10.916666666666666,0.8143939393939394
HHN-BIR-01,2025-06-30,Orthopaedics Ward B,10.916666666666666,10.916666666666666,1.0
HHN-BIR-01,2025-07-01,Orthopaedics Ward B,10.958333333333334,10.958333333333334,1.0
HHN-BIR-01,2025-07-02,Orthopaedics Ward B,11.0,11.0,1.0
HHN-BIR-01,2025-07-03,Orthopaedics Ward B,10.958333333333334,10.958333333333334,1.0
HHN-BIR-01,2025-07-04,Orthopaedics Ward B,10.958333333333334,10.958333333333334,1.0
HHN-BIR-01,2025-07-05,Orthopaedics Ward B,10.916666666666666,10.916666666666666,1.0
HHN-BIR-01,2025-07-06,Orthopaedics Ward B,10.916666666666666,10.916666666666666,1.0
HHN-BIR-01,2025-07-07,Orthopaedics Ward B,10.875,10.958333333333334,0.9924242424242425
HHN-BIR-01,2025-07-08,Orthopaedics Ward B,10.875,10.916666666666666,0.9962121212121212
HHN-BIR-01,2025-07-09,Orthopaedics Ward B,10.916666666666666,10.916666666666666,1.0
HHN-BIR-01,2025-07-10,Orthopaedics Ward B,11.0,11.0,1.0
HHN-BIR-01,2025-07-11,Orthopaedics Ward B,11.0,11.0,1.0
HHN-BIR-01,2025-07-12,Orthopaedics Ward B,9.875,10.875,0.9087121212121212
HHN-BIR-01,2025-07-13,Orthopaedics Ward B,7.833333333333333,10.958333333333334,0.715530303030303
HHN-BIR-01,2025-07-14,Orthopaedics Ward B,10.0,10.916666666666666,0.9166666666666666
HHN-BIR-01,2025-07-15,Orthopaedics Ward B,10.958333333333334,10.958333333333334,1.0
HHN-BIR-01,2025-07-16,Orthopaedics Ward B,11.0,11.0,1.0
HHN-BIR-01,2025-07-17,Orthopaedics Ward B,10.958333333333334,11.0,0.9962121212121212
HHN-BIR-01,2025-07-18,Orthopaedics Ward B,10.666666666666666,10.833333333333334,0.9848484848484849
HHN-BIR-01,2025-07-19,Orthopaedics Ward B,10.291666666666666,10.958333333333334,0.9393939393939394
HHN-BIR-01,2025-07-20,Orthopaedics Ward B,9.416666666666666,10.958333333333334,0.8598484848484849
HHN-BIR-01,2025-07-21,Orthopaedics Ward B,10.75,10.833333333333334,0.9924242424242425
HHN-BIR-01,2025-07-22,Orthopaedics Ward B,10.958333333333334,10.958333333333334,1.0
HHN-BIR-01,2025-07-23,Orthopaedics Ward B,10.833333333333334,11.0,0.9848484848484849
HHN-BIR-01,2025-07-24,Orthopaedics Ward B,11.0,11.0,1.0
HHN-BIR-01,2025-07-25,Orthopaedics Ward B,10.833333333333334,10.958333333333334,0.9886363636363636
HHN-BIR-01,2025-07-26,Orthopaedics Ward B,10.958333333333334,10.958333333333334,1.0
HHN-BIR-01,2025-07-27,Orthopaedics Ward B,10.958333333333334,10.958333333333334,1.0
HHN-BIR-01,2025-07-28,Orthopaedics Ward B,10.916666666666666,10.916666666666666,1.0
HHN-BIR-01,2025-07-29,Orthopaedics Ward B,11.0,11.0,1.0
HHN-BIR-01,2025-07-30,Orthopaedics Ward B,10.958333333333334,10.958333333333334,1.0
HHN-BIR-01,2025-07-31,Orthopaedics Ward B,10.958333333333334,10.958333333333334,1.0
HHN-BIR-01,2025-08-01,Orthopaedics Ward B,11.0,11.0,1.0
HHN-BIR-01,2025-08-02,Orthopaedics Ward B,10.958333333333334,10.958333333333334,1.0
HHN-BIR-01,2025-08-03,Orthopaedics Ward B,10.875,10.875,1.0
HHN-BIR-01,2025-08-04,Orthopaedics Ward B,10.958333333333334,10.958333333333334,1.0
HHN-BIR-01,2025-08-05,Orthopaedics Ward B,10.875,10.875,1.0
HHN-BIR-01,2025-08-06,Orthopaedics Ward B,10.875,10.875,1.0
HHN-BIR-01,2025-08-07,Orthopaedics Ward B,10.333333333333334,11.0,0.9393939393939394
HHN-BIR-01,2025-08-08,Orthopaedics Ward B,9.041666666666666,10.916666666666666,0.8287878787878787
HHN-BIR-01,2025-08-09,Orthopaedics Ward B,8.708333333333334,10.916666666666666,0.7981060606060607
HHN-BIR-01,2025-08-10,Orthopaedics Ward B,8.541666666666666,10.958333333333334,0.7799242424242424
HHN-BIR-01,2025-08-11,Orthopaedics Ward B,8.458333333333334,11.0,0.768939393939394
HHN-BIR-01,2025-08-12,Orthopaedics Ward B,8.916666666666666,10.958333333333334,0.8132575757575758
HHN-BIR-01,2025-08-13,Orthopaedics Ward B,11.0,11.0,1.0
HHN-BIR-01,2025-08-14,Orthopaedics Ward B,10.958333333333334,10.958333333333334,1.0
HHN-BIR-01,2025-08-15,Orthopaedics Ward B,11.0,11.0,1.0
HHN-BIR-01,2025-08-16,Orthopaedics Ward B,11.0,11.0,1.0
HHN-BIR-01,2025-08-17,Orthopaedics Ward B,11.0,11.0,1.0
HHN-BIR-01,2025-08-18,Orthopaedics Ward B,10.958333333333334,11.0,0.9962121212121212
HHN-BIR-01,2025-08-19,Orthopaedics Ward B,10.916666666666666,10.916666666666666,1.0
HHN-BIR-01,2025-08-20,Orthopaedics Ward B,10.875,10.875,1.0
HHN-BIR-01,2025-08-21,Orthopaedics Ward B,10.916666666666666,10.916666666666666,1.0
HHN-BIR-01,2025-08-22,Orthopaedics Ward B,11.0,11.0,1.0
HHN-BIR-01,2025-08-23,Orthopaedics Ward B,10.916666666666666,10.916666666666666,1.0
HHN-BIR-01,2025-08-24,Orthopaedics Ward B,10.916666666666666,10.916666666666666,1.0
HHN-BIR-01,2025-08-25,Orthopaedics Ward B,10.583333333333334,10.958333333333334,0.9659090909090909
HHN-BIR-01,2025-08-26,Orthopaedics Ward B,10.333333333333334,10.916666666666666,0.9469696969696969
HHN-BIR-01,2025-08-27,Orthopaedics Ward B,7.875,11.0,0.7159090909090909
HHN-BIR-01,2025-08-28,Orthopaedics Ward B,5.75,10.875,0.5306818181818181
HHN-BIR-01,2025-08-29,Orthopaedics Ward B,3.1666666666666665,10.833333333333334,0.2928030303030303
HHN-BIR-01,2025-08-30,Orthopaedics Ward B,0.75,10.916666666666666,0.06856060606060606
HHN-BIR-01,2025-08-31,Orthopaedics Ward B,3.0,10.916666666666666,0.27537878787878783
HHN-BIR-01,2025-09-01,Orthopaedics Ward B,5.958333333333333,10.958333333333334,0.5443181818181818
HHN-BIR-01,2025-09-02,Orthopaedics Ward B,7.083333333333333,10.958333333333334,0.6465909090909091
HHN-BIR-01,2025-09-03,Orthopaedics Ward B,8.833333333333334,10.916666666666666,0.8098484848484849
HHN-BIR-01,2025-09-04,Orthopaedics Ward B,8.666666666666666,10.958333333333334,0.790530303030303
HHN-BIR-01,2025-09-05,Orthopaedics Ward B,8.041666666666666,10.958333333333334,0.734469696969697
HHN-BIR-01,2025-09-06,Orthopaedics Ward B,8.625,10.916666666666666,0.7912878787878789
HHN-BIR-01,2025-09-07,Orthopaedics Ward B,9.458333333333334,10.833333333333334,0.8742424242424244
HHN-BIR-01,2025-09-08,Orthopaedics Ward B,10.458333333333334,11.0,0.9507575757575758
HHN-BIR-01,2025-09-09,Orthopaedics Ward B,10.583333333333334,10.916666666666666,0.9696969696969697
HHN-BIR-01,2025-09-10,Orthopaedics Ward B,10.041666666666666,11.0,0.912878787878788
HHN-BIR-01,2025-09-11,Orthopaedics Ward B,10.958333333333334,10.958333333333334,1.0
HHN-BIR-01,2025-09-12,Orthopaedics Ward B,10.958333333333334,10.958333333333334,1.0
HHN-BIR-01,2025-09-13,Orthopaedics Ward B,10.916666666666666,10.916666666666666,1.0
HHN-BIR-01,2025-09-14,Orthopaedics Ward B,10.916666666666666,10.916666666666666,1.0
HHN-BIR-01,2025-09-15,Orthopaedics Ward B,10.958333333333334,10.958333333333334,1.0
HHN-BIR-01,2025-09-16,Orthopaedics Ward B,10.166666666666666,10.916666666666666,0.9318181818181818
HHN-BIR-01,2025-09-17,Orthopaedics Ward B,10.916666666666666,10.958333333333334,0.9962121212121212
HHN-BIR-01,2025-09-18,Orthopaedics Ward B,11.0,11.0,1.0
HHN-BIR-01,2025-09-19,Orthopaedics Ward B,10.958333333333334,10.916666666666666,1.0
HHN-BIR-01,2025-09-20,Orthopaedics Ward B,10.875,10.958333333333334,0.9924242424242425
HHN-BIR-01,2025-09-21,Orthopaedics Ward B,9.166666666666666,10.875,0.8435606060606061
HHN-BIR-01,2025-09-22,Orthopaedics Ward B,8.291666666666666,10.916666666666666,0.7598484848484849
HHN-BIR-01,2025-09-23,Orthopaedics Ward B,8.875,11.0,0.8068181818181818
HHN-BIR-01,2025-09-24,Orthopaedics Ward B,10.5,11.0,0.9545454545454546
HHN-BIR-01,2025-09-25,Orthopaedics Ward B,10.458333333333334,10.958333333333334,0.9545454545454546
HHN-BIR-01,2025-09-26,Orthopaedics Ward B,10.916666666666666,10.916666666666666,1.0
HHN-BIR-01,2025-09-27,Orthopaedics Ward B,10.875,10.875,1.0
HHN-BIR-01,2025-09-28,Orthopaedics Ward B,11.0,11.0,1.0
HHN-BIR-01,2025-09-29,Orthopaedics Ward B,10.5,10.958333333333334,0.9579545454545455
HHN-BIR-01,2025-09-30,Orthopaedics Ward B,11.0,11.0,1.0
HHN-BIR-01,2025-10-01,Orthopaedics Ward B,10.875,10.875,1.0
HHN-BIR-01,2025-10-02,Orthopaedics Ward B,10.958333333333334,10.958333333333334,1.0
HHN-BIR-01,2025-10-03,Orthopaedics Ward B,11.0,11.0,1.0
HHN-BIR-01,2025-10-04,Orthopaedics Ward B,10.875,10.875,1.0
HHN-BIR-01,2025-10-05,Orthopaedics Ward B,10.916666666666666,10.916666666666666,1.0
HHN-BIR-01,2025-10-06,Orthopaedics Ward B,10.916666666666666,10.916666666666666,1.0
HHN-BIR-01,2025-10-07,Orthopaedics Ward B,10.916666666666666,10.916666666666666,1.0
HHN-BIR-01,2025-10-08,Orthopaedics Ward B,10.916666666666666,10.916666666666666,1.0
HHN-BIR-01,2025-10-09,Orthopaedics Ward B,10.916666666666666,10.916666666666666,1.0
HHN-BIR-01,2025-10-10,Orthopaedics Ward B,10.833333333333334,10.875,0.9962121212121212
HHN-BIR-01,2025-10-11,Orthopaedics Ward B,9.208333333333334,10.958333333333334,0.8409090909090909
HHN-BIR-01,2025-10-12,Orthopaedics Ward B,8.875,10.958333333333334,0.8102272727272727
HHN-BIR-01,2025-10-13,Orthopaedics Ward B,8.666666666666666,10.958333333333334,0.7916666666666666
HHN-BIR-01,2025-10-14,Orthopaedics Ward B,10.083333333333334,10.875,0.9276515151515152
HHN-BIR-01,2025-10-15,Orthopaedics Ward B,10.958333333333334,10.958333333333334,1.0
HHN-BIR-01,2025-10-16,Orthopaedics Ward B,10.416666666666666,10.958333333333334,0.9507575757575758
HHN-BIR-01,2025-10-17,Orthopaedics Ward B,10.708333333333334,10.916666666666666,0.9810606060606061
HHN-BIR-01,2025-10-18,Orthopaedics Ward B,10.916666666666666,10.916666666666666,1.0
HHN-BIR-01,2025-10-19,Orthopaedics Ward B,10.916666666666666,10.916666666666666,1.0
HHN-BIR-01,2025-10-20,Orthopaedics Ward B,10.958333333333334,10.958333333333334,1.0
HHN-BIR-01,2025-10-21,Orthopaedics Ward B,10.916666666666666,10.916666666666666,1.0
HHN-BIR-01,2025-10-22,Orthopaedics Ward B,10.875,10.875,1.0
HHN-BIR-01,2025-10-23,Orthopaedics Ward B,11.0,11.0,1.0
HHN-BIR-01,2025-10-24,Orthopaedics Ward B,10.833333333333334,10.916666666666666,0.9924242424242425
HHN-BIR-01,2025-10-25,Orthopaedics Ward B,10.625,10.791666666666666,0.9848484848484849
HHN-BIR-01,2025-10-26,Orthopaedics Ward B,10.875,10.875,1.0
HHN-BIR-01,2025-10-27,Orthopaedics Ward B,10.708333333333334,10.958333333333334,0.9772727272727272
HHN-BIR-01,2025-10-28,Orthopaedics Ward B,10.958333333333334,10.958333333333334,1.0
HHN-BIR-01,2025-10-29,Orthopaedics Ward B,11.0,11.0,1.0
HHN-BIR-01,2025-10-30,Orthopaedics Ward B,10.958333333333334,10.958333333333334,1.0
HHN-BIR-01,2025-10-31,Orthopaedics Ward B,10.958333333333334,10.958333333333334,1.0
HHN-BIR-01,2025-11-01,Orthopaedics Ward B,10.875,10.875,1.0
HHN-BIR-01,2025-11-02,Orthopaedics Ward B,10.916666666666666,10.916666666666666,1.0
HHN-BIR-01,2025-11-03,Orthopaedics Ward B,10.916666666666666,10.916666666666666,1.0
HHN-BIR-01,2025-11-04,Orthopaedics Ward B,10.958333333333334,10.958333333333334,1.0
HHN-BIR-01,2025-11-05,Orthopaedics Ward B,10.958333333333334,10.958333333333334,1.0
HHN-BIR-01,2025-11-06,Orthopaedics Ward B,11.0,11.0,1.0
HHN-BIR-01,2025-11-07,Orthopaedics Ward B,10.958333333333334,10.958333333333334,1.0
HHN-BIR-01,2025-11-08,Orthopaedics Ward B,10.833333333333334,10.833333333333334,1.0
HHN-BIR-01,2025-11-09,Orthopaedics Ward B,10.625,10.875,0.9772727272727272
HHN-BIR-01,2025-11-10,Orthopaedics Ward B,10.125,10.958333333333334,0.9242424242424243
HHN-BIR-01,2025-11-11,Orthopaedics Ward B,9.916666666666666,10.958333333333334,0.9049242424242424
HHN-BIR-01,2025-11-12,Orthopaedics Ward B,11.0,11.0,1.0
HHN-BIR-01,2025-11-13,Orthopaedics Ward B,10.916666666666666,10.916666666666666,1.0
HHN-BIR-01,2025-11-14,Orthopaedics Ward B,11.0,11.0,1.0
HHN-BIR-01,2025-11-15,Orthopaedics Ward B,10.916666666666666,10.916666666666666,1.0
HHN-BIR-01,2025-11-16,Orthopaedics Ward B,9.416666666666666,10.875,0.8662878787878788
HHN-BIR-01,2025-11-17,Orthopaedics Ward B,9.583333333333334,11.0,0.8712121212121212
HHN-BIR-01,2025-11-18,Orthopaedics Ward B,9.291666666666666,10.916666666666666,0.8507575757575757
HHN-BIR-01,2025-11-19,Orthopaedics Ward B,10.791666666666666,11.0,0.9810606060606061
HHN-BIR-01,2025-11-20,Orthopaedics Ward B,10.875,10.875,1.0
HHN-BIR-01,2025-11-21,Orthopaedics Ward B,10.916666666666666,10.916666666666666,1.0
HHN-BIR-01,2025-11-22,Orthopaedics Ward B,11.0,11.0,1.0
HHN-BIR-01,2025-11-23,Orthopaedics Ward B,10.833333333333334,10.833333333333334,1.0
HHN-BIR-01,2025-11-24,Orthopaedics Ward B,11.0,11.0,1.0
HHN-BIR-01,2025-11-25,Orthopaedics Ward B,11.0,11.0,1.0
HHN-BIR-01,2025-11-26,Orthopaedics Ward B,10.958333333333334,10.958333333333334,1.0
HHN-BIR-01,2025-11-27,Orthopaedics Ward B,10.958333333333334,10.958333333333334,1.0
HHN-BIR-01,2025-11-28,Orthopaedics Ward B,11.0,11.0,1.0
HHN-BIR-01,2025-11-29,Orthopaedics Ward B,10.833333333333334,10.833333333333334,1.0
HHN-BIR-01,2025-11-30,Orthopaedics Ward B,10.958333333333334,10.958333333333334,1.0
HHN-BIR-01,2025-12-01,Orthopaedics Ward B,10.916666666666666,10.916666666666666,1.0
HHN-BIR-01,2025-12-02,Orthopaedics Ward B,10.875,10.875,1.0
HHN-BIR-01,2025-12-03,Orthopaedics Ward B,10.958333333333334,10.958333333333334,1.0
HHN-BIR-01,2025-12-04,Orthopaedics Ward B,11.0,11.0,1.0
HHN-BIR-01,2025-12-05,Orthopaedics Ward B,10.791666666666666,10.791666666666666,1.0
HHN-BIR-01,2025-12-06,Orthopaedics Ward B,10.791666666666666,10.791666666666666,1.0
HHN-BIR-01,2025-12-07,Orthopaedics Ward B,10.916666666666666,10.916666666666666,1.0
HHN-BIR-01,2025-12-08,Orthopaedics Ward B,10.916666666666666,10.916666666666666,1.0
HHN-BIR-01,2025-12-09,Orthopaedics Ward B,10.833333333333334,10.833333333333334,1.0
HHN-BIR-01,2025-12-10,Orthopaedics Ward B,11.0,11.0,1.0
HHN-BIR-01,2025-12-11,Orthopaedics Ward B,10.916666666666666,10.916666666666666,1.0
HHN-BIR-01,2025-12-12,Orthopaedics Ward B,10.75,10.75,1.0
HHN-BIR-01,2025-12-13,Orthopaedics Ward B,10.833333333333334,10.833333333333334,1.0
HHN-BIR-01,2025-12-14,Orthopaedics Ward B,10.833333333333334,10.833333333333334,0.9962121212121212
HHN-BIR-01,2025-12-15,Orthopaedics Ward B,10.458333333333334,10.875,0.9617424242424243
HHN-BIR-01,2025-12-16,Orthopaedics Ward B,10.875,10.875,1.0
HHN-BIR-01,2025-12-17,Orthopaedics Ward B,10.916666666666666,10.916666666666666,1.0
HHN-BIR-01,2025-12-18,Orthopaedics Ward B,10.916666666666666,10.916666666666666,1.0
HHN-BIR-01,2025-12-19,Orthopaedics Ward B,11.0,11.0,1.0
HHN-BIR-01,2025-12-20,Orthopaedics Ward B,10.791666666666666,10.833333333333334,0.9962121212121212
HHN-BIR-01,2025-12-21,Orthopaedics Ward B,10.75,10.75,1.0
HHN-BIR-01,2025-12-22,Orthopaedics Ward B,10.916666666666666,10.916666666666666,1.0
HHN-BIR-01,2025-12-23,Orthopaedics Ward B,10.875,10.875,1.0
HHN-BIR-01,2025-12-24,Orthopaedics Ward B,10.958333333333334,10.958333333333334,1.0
HHN-BIR-01,2025-12-25,Orthopaedics Ward B,10.833333333333334,10.833333333333334,1.0
HHN-BIR-01,2025-12-26,Orthopaedics Ward B,10.333333333333334,10.916666666666666,0.9465909090909091
HHN-BIR-01,2025-12-27,Orthopaedics Ward B,10.125,10.916666666666666,0.9280303030303031
HHN-BIR-01,2025-12-28,Orthopaedics Ward B,10.333333333333334,10.875,0.9503787878787878
HHN-BIR-01,2025-12-29,Orthopaedics Ward B,9.0,10.916666666666666,0.8257575757575758
HHN-BIR-01,2025-12-30,Orthopaedics Ward B,9.625,10.958333333333334,0.8787878787878789
HHN-BIR-01,2025-12-31,Orthopaedics Ward B,10.875,10.916666666666666,0.9962121212121212
HHN-EDI-01,2024-01-01,Orthopaedics Ward B,1.7083333333333333,9.791666666666666,0.17407407407407408
HHN-EDI-01,2024-01-02,Orthopaedics Ward B,5.291666666666667,9.916666666666666,0.5337962962962962
HHN-EDI-01,2024-01-03,Orthopaedics Ward B,7.625,9.916666666666666,0.7694444444444445
HHN-EDI-01,2024-01-04,Orthopaedics Ward B,8.0,9.958333333333334,0.8037037037037038
HHN-EDI-01,2024-01-05,Orthopaedics Ward B,8.916666666666666,9.958333333333334,0.8953703703703705
HHN-EDI-01,2024-01-06,Orthopaedics Ward B,9.75,9.958333333333334,0.9791666666666666
HHN-EDI-01,2024-01-07,Orthopaedics Ward B,8.958333333333334,9.875,0.9078703703703703
HHN-EDI-01,2024-01-08,Orthopaedics Ward B,8.291666666666666,9.958333333333334,0.8328703703703705
HHN-EDI-01,2024-01-09,Orthopaedics Ward B,9.875,9.875,1.0
HHN-EDI-01,2024-01-10,Orthopaedics Ward B,9.916666666666666,9.916666666666666,1.0
HHN-EDI-01,2024-01-11,Orthopaedics Ward B,8.583333333333334,10.0,0.8583333333333334
HHN-EDI-01,2024-01-12,Orthopaedics Ward B,8.166666666666666,10.0,0.8166666666666668
HHN-EDI-01,2024-01-13,Orthopaedics Ward B,8.041666666666666,9.916666666666666,0.8106481481481481
HHN-EDI-01,2024-01-14,Orthopaedics Ward B,6.791666666666667,9.916666666666666,0.6856481481481481
HHN-EDI-01,2024-01-15,Orthopaedics Ward B,8.833333333333334,9.916666666666666,0.8907407407407408
HHN-EDI-01,2024-01-16,Orthopaedics Ward B,8.458333333333334,9.958333333333334,0.8500000000000001
HHN-EDI-01,2024-01-17,Orthopaedics Ward B,9.041666666666666,9.916666666666666,0.9120370370370371
HHN-EDI-01,2024-01-18,Orthopaedics Ward B,9.958333333333334,9.958333333333334,1.0
HHN-EDI-01,2024-01-19,Orthopaedics Ward B,9.916666666666666,9.916666666666666,1.0
HHN-EDI-01,2024-01-20,Orthopaedics Ward B,9.833333333333334,9.833333333333334,1.0
HHN-EDI-01,2024-01-21,Orthopaedics Ward B,9.958333333333334,9.958333333333334,1.0
HHN-EDI-01,2024-01-22,Orthopaedics Ward B,9.916666666666666,9.916666666666666,1.0
HHN-EDI-01,2024-01-23,Orthopaedics Ward B,9.958333333333334,9.958333333333334,1.0
HHN-EDI-01,2024-01-24,Orthopaedics Ward B,9.791666666666666,9.791666666666666,1.0
HHN-EDI-01,2024-01-25,Orthopaedics Ward B,9.916666666666666,9.916666666666666,1.0
HHN-EDI-01,2024-01-26,Orthopaedics Ward B,9.958333333333334,9.958333333333334,1.0
HHN-EDI-01,2024-01-27,Orthopaedics Ward B,9.958333333333334,9.958333333333334,1.0
HHN-EDI-01,2024-01-28,Orthopaedics Ward B,9.791666666666666,9.875,0.9916666666666667
HHN-EDI-01,2024-01-29,Orthopaedics Ward B,9.666666666666666,9.916666666666666,0.975
HHN-EDI-01,2024-01-30,Orthopaedics Ward B,9.958333333333334,9.958333333333334,1.0
HHN-EDI-01,2024-01-31,Orthopaedics Ward B,9.916666666666666,9.916666666666666,1.0
HHN-EDI-01,2024-02-01,Orthopaedics Ward B,9.75,9.75,1.0
HHN-EDI-01,2024-02-02,Orthopaedics Ward B,9.916666666666666,9.916666666666666,1.0
HHN-EDI-01,2024-02-03,Orthopaedics Ward B,9.166666666666666,9.833333333333334,0.9328703703703703
HHN-EDI-01,2024-02-04,Orthopaedics Ward B,8.083333333333334,9.958333333333334,0.8115740740740741
HHN-EDI-01,2024-02-05,Orthopaedics Ward B,6.666666666666667,9.958333333333334,0.6699074074074073
HHN-EDI-01,2024-02-06,Orthopaedics Ward B,6.416666666666667,9.958333333333334,0.6449074074074074
HHN-EDI-01,2024-02-07,Orthopaedics Ward B,4.958333333333333,9.875,0.5032407407407408
HHN-EDI-01,2024-02-08,Orthopaedics Ward B,7.0,9.875,0.7101851851851851
HHN-EDI-01,2024-02-09,Orthopaedics Ward B,8.083333333333334,10.0,0.8083333333333335
HHN-EDI-01,2024-02-10,Orthopaedics Ward B,8.583333333333334,9.958333333333334,0.862037037037037
HHN-EDI-01,2024-02-11,Orthopaedics Ward B,9.166666666666666,9.875,0.9291666666666667
HHN-EDI-01,2024-02-12,Orthopaedics Ward B,9.75,9.875,0.9874999999999999
HHN-EDI-01,2024-02-13,Orthopaedics Ward B,9.916666666666666,9.916666666666666,1.0
HHN-EDI-01,2024-02-14,Orthopaedics Ward B,9.875,9.875,1.0
HHN-EDI-01,2024-02-15,Orthopaedics Ward B,9.833333333333334,9.833333333333334,1.0
HHN-EDI-01,2024-02-16,Orthopaedics Ward B,9.875,9.875,1.0
HHN-EDI-01,2024-02-17,Orthopaedics Ward B,9.958333333333334,9.958333333333334,1.0
HHN-EDI-01,2024-02-18,Orthopaedics Ward B,9.916666666666666,9.916666666666666,1.0
HHN-EDI-01,2024-02-19,Orthopaedics Ward B,9.916666666666666,9.916666666666666,1.0
HHN-EDI-01,2024-02-20,Orthopaedics Ward B,9.666666666666666,9.875,0.9791666666666666
HHN-EDI-01,2024-02-21,Orthopaedics Ward B,9.833333333333334,9.958333333333334,0.9874999999999999
HHN-EDI-01,2024-02-22,Orthopaedics Ward B,9.625,9.708333333333334,0.9916666666666667
HHN-EDI-01,2024-02-23,Orthopaedics Ward B,9.5,9.833333333333334,0.9666666666666667
HHN-EDI-01,2024-02-24,Orthopaedics Ward B,9.208333333333334,9.875,0.9333333333333332
HHN-EDI-01,2024-02-25,Orthopaedics Ward B,9.875,9.875,1.0
HHN-EDI-01,2024-02-26,Orthopaedics Ward B,9.75,9.958333333333334,0.9791666666666666
HHN-EDI-01,2024-02-27,Orthopaedics Ward B,9.708333333333334,9.875,0.9833333333333334
HHN-EDI-01,2024-02-28,Orthopaedics Ward B,9.916666666666666,9.916666666666666,1.0
HHN-EDI-01,2024-02-29,Orthopaedics Ward B,9.041666666666666,9.833333333333334,0.9208333333333334
HHN-EDI-01,2024-03-01,Orthopaedics Ward B,8.708333333333334,9.958333333333334,0.875
HHN-EDI-01,2024-03-02,Orthopaedics Ward B,9.333333333333334,9.875,0.9458333333333333
HHN-EDI-01,2024-03-03,Orthopaedics Ward B,9.958333333333334,9.958333333333334,1.0
HHN-EDI-01,2024-03-04,Orthopaedics Ward B,9.916666666666666,9.916666666666666,1.0
HHN-EDI-01,2024-03-05,Orthopaedics Ward B,9.416666666666666,9.958333333333334,0.9453703703703704
HHN-EDI-01,2024-03-06,Orthopaedics Ward B,6.916666666666667,9.958333333333334,0.6958333333333333
HHN-EDI-01,2024-03-07,Orthopaedics Ward B,6.25,10.0,0.625
HHN-EDI-01,2024-03-08,Orthopaedics Ward B,7.75,9.916666666666666,0.7819444444444444
HHN-EDI-01,2024-03-09,Orthopaedics Ward B,9.916666666666666,9.916666666666666,1.0
HHN-EDI-01,2024-03-10,Orthopaedics Ward B,9.125,9.958333333333334,0.9166666666666666
HHN-EDI-01,2024-03-11,Orthopaedics Ward B,9.958333333333334,9.958333333333334,1.0
HHN-EDI-01,2024-03-12,Orthopaedics Ward B,9.916666666666666,9.916666666666666,1.0
HHN-EDI-01,2024-03-13,Orthopaedics Ward B,9.666666666666666,10.0,0.9666666666666667
HHN-EDI-01,2024-03-14,Orthopaedics Ward B,9.041666666666666,9.875,0.9166666666666666
HHN-EDI-01,2024-03-15,Orthopaedics Ward B,6.75,9.958333333333334,0.6782407407407408
HHN-EDI-01,2024-03-16,Orthopaedics Ward B,5.75,9.958333333333334,0.5773148148148148
HHN-EDI-01,2024-03-17,Orthopaedics Ward B,6.958333333333333,9.875,0.7055555555555556
HHN-EDI-01,2024-03-18,Orthopaedics Ward B,6.125,9.875,0.6199074074074075
HHN-EDI-01,2024-03-19,Orthopaedics Ward B,8.833333333333334,9.958333333333334,0.887037037037037
HHN-EDI-01,2024-03-20,Orthopaedics Ward B,10.0,10.0,1.0
HHN-EDI-01,2024-03-21,Orthopaedics Ward B,9.875,9.875,1.0
HHN-EDI-01,2024-03-22,Orthopaedics Ward B,9.916666666666666,9.916666666666666,1.0
HHN-EDI-01,2024-03-23,Orthopaedics Ward B,9.916666666666666,9.916666666666666,1.0
HHN-EDI-01,2024-03-24,Orthopaedics Ward B,9.916666666666666,9.916666666666666,1.0
HHN-EDI-01,2024-03-25,Orthopaedics Ward B,9.958333333333334,9.958333333333334,1.0
HHN-EDI-01,2024-03-26,Orthopaedics Ward B,10.0,10.0,1.0
HHN-EDI-01,2024-03-27,Orthopaedics Ward B,10.0,10.0,1.0
HHN-EDI-01,2024-03-28,Orthopaedics Ward B,9.958333333333334,9.958333333333334,1.0
HHN-EDI-01,2024-03-29,Orthopaedics Ward B,9.333333333333334,9.958333333333334,0.9375
HHN-EDI-01,2024-03-30,Orthopaedics Ward B,6.791666666666667,9.833333333333334,0.6939814814814814
HHN-EDI-01,2024-03-31,Orthopaedics Ward B,5.791666666666667,9.708333333333334,0.5981481481481481
HHN-EDI-01,2024-04-01,Orthopaedics Ward B,5.875,9.958333333333334,0.5898148148148148
HHN-EDI-01,2024-04-02,Orthopaedics Ward B,8.166666666666666,9.958333333333334,0.8199074074074074
HHN-EDI-01,2024-04-03,Orthopaedics Ward B,9.416666666666666,9.916666666666666,0.949537037037037
HHN-EDI-01,2024-04-04,Orthopaedics Ward B,9.208333333333334,9.916666666666666,0.9291666666666667
HHN-EDI-01,2024-04-05,Orthopaedics Ward B,7.666666666666667,9.916666666666666,0.7731481481481483
HHN-EDI-01,2024-04-06,Orthopaedics Ward B,7.041666666666667,9.916666666666666,0.7101851851851851
HHN-EDI-01,2024-04-07,Orthopaedics Ward B,9.916666666666666,9.916666666666666,1.0
HHN-EDI-01,2024-04-08,Orthopaedics Ward B,9.916666666666666,9.916666666666666,1.0
HHN-EDI-01,2024-04-09,Orthopaedics Ward B,9.833333333333334,9.875,0.9958333333333332
HHN-EDI-01,2024-04-10,Orthopaedics Ward B,9.958333333333334,9.958333333333334,1.0
HHN-EDI-01,2024-04-11,Orthopaedics Ward B,10.0,9.958333333333334,1.0
HHN-EDI-01,2024-04-12,Orthopaedics Ward B,9.875,9.875,1.0
HHN-EDI-01,2024-04-13,Orthopaedics Ward B,9.875,9.958333333333334,0.9916666666666667
HHN-EDI-01,2024-04-14,Orthopaedics Ward B,7.541666666666667,9.958333333333334,0.7574074074074074
HHN-EDI-01,2024-04-15,Orthopaedics Ward B,7.208333333333333,9.875,0.7305555555555555
HHN-EDI-01,2024-04-16,Orthopaedics Ward B,9.5,9.958333333333334,0.9541666666666666
HHN-EDI-01,2024-04-17,Orthopaedics Ward B,7.958333333333333,10.0,0.7958333333333334
HHN-EDI-01,2024-04-18,Orthopaedics Ward B,8.0,9.875,0.8111111111111112
HHN-EDI-01,2024-04-19,Orthopaedics Ward B,7.041666666666667,10.0,0.7041666666666666
HHN-EDI-01,2024-04-20,Orthopaedics Ward B,6.25,9.833333333333334,0.6365740740740741
HHN-EDI-01,2024-04-21,Orthopaedics Ward B,7.25,9.791666666666666,0.7421296296296296
HHN-EDI-01,2024-04-22,Orthopaedics Ward B,6.791666666666667,9.916666666666666,0.6851851851851851
HHN-EDI-01,2024-04-23,Orthopaedics Ward B,6.625,9.958333333333334,0.6662037037037037
HHN-EDI-01,2024-04-24,Orthopaedics Ward B,6.416666666666667,9.958333333333334,0.6444444444444444
HHN-EDI-01,2024-04-25,Orthopaedics Ward B,7.416666666666667,9.958333333333334,0.7444444444444445
HHN-EDI-01,2024-04-26,Orthopaedics Ward B,7.458333333333333,9.958333333333334,0.749537037037037
HHN-EDI-01,2024-04-27,Orthopaedics Ward B,6.708333333333333,9.958333333333334,0.674074074074074
HHN-EDI-01,2024-04-28,Orthopaedics Ward B,8.0,9.958333333333334,0.8037037037037038
HHN-EDI-01,2024-04-29,Orthopaedics Ward B,7.416666666666667,10.0,0.7416666666666667
HHN-EDI-01,2024-04-30,Orthopaedics Ward B,9.041666666666666,10.0,0.9041666666666667
HHN-EDI-01,2024-05-01,Orthopaedics Ward B,9.958333333333334,9.958333333333334,1.0
HHN-EDI-01,2024-05-02,Orthopaedics Ward B,9.958333333333334,9.958333333333334,1.0
HHN-EDI-01,2024-05-03,Orthopaedics Ward B,10.0,10.0,1.0
HHN-EDI-01,2024-05-04,Orthopaedics Ward B,9.625,9.958333333333334,0.9666666666666667
HHN-EDI-01,2024-05-05,Orthopaedics Ward B,9.666666666666666,9.916666666666666,0.975
HHN-EDI-01,2024-05-06,Orthopaedics Ward B,7.5,10.0,0.75
HHN-EDI-01,2024-05-07,Orthopaedics Ward B,6.75,9.916666666666666,0.6814814814814815
HHN-EDI-01,2024-05-08,Orthopaedics Ward B,7.5,9.958333333333334,0.7532407407407408
HHN-EDI-01,2024-05-09,Orthopaedics Ward B,8.833333333333334,10.0,0.8833333333333333
HHN-EDI-01,2024-05-10,Orthopaedics Ward B,9.5,9.916666666666666,0.9578703703703705
HHN-EDI-01,2024-05-11,Orthopaedics Ward B,7.166666666666667,9.916666666666666,0.7236111111111111
HHN-EDI-01,2024-05-12,Orthopaedics Ward B,5.708333333333333,9.875,0.5787037037037037
HHN-EDI-01,2024-05-13,Orthopaedics Ward B,7.25,9.875,0.7347222222222222
HHN-EDI-01,2024-05-14,Orthopaedics Ward B,8.958333333333334,9.916666666666666,0.9037037037037038
HHN-EDI-01,2024-05-15,Orthopaedics Ward B,9.541666666666666,9.875,0.9666666666666667
HHN-EDI-01,2024-05-16,Orthopaedics Ward B,9.625,9.958333333333334,0.9666666666666667
HHN-EDI-01,2024-05-17,Orthopaedics Ward B,7.916666666666667,10.0,0.7916666666666666
HHN-EDI-01,2024-05-18,Orthopaedics Ward B,6.0,10.0,0.6
HHN-EDI-01,2024-05-19,Orthopaedics Ward B,8.208333333333334,9.875,0.8324074074074074
HHN-EDI-01,2024-05-20,Orthopaedics Ward B,8.291666666666666,9.916666666666666,0.837037037037037
HHN-EDI-01,2024-05-21,Orthopaedics Ward B,8.5,9.958333333333334,0.8541666666666666
HHN-EDI-01,2024-05-22,Orthopaedics Ward B,9.666666666666666,10.0,0.9666666666666667
HHN-EDI-01,2024-05-23,Orthopaedics Ward B,9.166666666666666,9.958333333333334,0.9208333333333334
HHN-EDI-01,2024-05-24,Orthopaedics Ward B,9.666666666666666,9.958333333333334,0.9708333333333333
HHN-EDI-01,2024-05-25,Orthopaedics Ward B,9.958333333333334,9.958333333333334,1.0
HHN-EDI-01,2024-05-26,Orthopaedics Ward B,9.875,9.875,1.0
HHN-EDI-01,2024-05-27,Orthopaedics Ward B,7.916666666666667,10.0,0.7916666666666666
HHN-EDI-01,2024-05-28,Orthopaedics Ward B,7.833333333333333,9.958333333333334,0.7870370370370371
HHN-EDI-01,2024-05-29,Orthopaedics Ward B,8.208333333333334,9.958333333333334,0.824537037037037
HHN-EDI-01,2024-05-30,Orthopaedics Ward B,8.333333333333334,9.958333333333334,0.8375
HHN-EDI-01,2024-05-31,Orthopaedics Ward B,9.666666666666666,10.0,0.9666666666666667
HHN-EDI-01,2024-06-01,Orthopaedics Ward B,9.625,9.875,0.975
HHN-EDI-01,2024-06-02,Orthopaedics Ward B,9.25,9.833333333333334,0.9416666666666668
HHN-EDI-01,2024-06-03,Orthopaedics Ward B,10.0,10.0,1.0
HHN-EDI-01,2024-06-04,Orthopaedics Ward B,9.958333333333334,9.958333333333334,1.0
HHN-EDI-01,2024-06-05,Orthopaedics Ward B,9.958333333333334,9.958333333333334,1.0
HHN-EDI-01,2024-06-06,Orthopaedics Ward B,10.0,10.0,1.0
HHN-EDI-01,2024-06-07,Orthopaedics Ward B,9.416666666666666,9.958333333333334,0.9458333333333333
HHN-EDI-01,2024-06-08,Orthopaedics Ward B,8.166666666666666,9.958333333333334,0.8203703703703704
HHN-EDI-01,2024-06-09,Orthopaedics Ward B,8.916666666666666,9.791666666666666,0.9125
HHN-EDI-01,2024-06-10,Orthopaedics Ward B,9.833333333333334,10.0,0.9833333333333334
HHN-EDI-01,2024-06-11,Orthopaedics Ward B,9.125,10.0,0.9125000000000001
HHN-EDI-01,2024-06-12,Orthopaedics Ward B,9.916666666666666,9.916666666666666,1.0
HHN-EDI-01,2024-06-13,Orthopaedics Ward B,9.958333333333334,9.958333333333334,1.0
HHN-EDI-01,2024-06-14,Orthopaedics Ward B,9.916666666666666,9.916666666666666,1.0
HHN-EDI-01,2024-06-15,Orthopaedics Ward B,9.958333333333334,9.958333333333334,1.0
HHN-EDI-01,2024-06-16,Orthopaedics Ward B,9.916666666666666,9.958333333333334,0.9958333333333332
HHN-EDI-01,2024-06-17,Orthopaedics Ward B,9.083333333333334,9.916666666666666,0.9152777777777779
HHN-EDI-01,2024-06-18,Orthopaedics Ward B,9.166666666666666,9.958333333333334,0.9203703703703704
HHN-EDI-01,2024-06-19,Orthopaedics Ward B,9.958333333333334,9.958333333333334,1.0
HHN-EDI-01,2024-06-20,Orthopaedics Ward B,9.958333333333334,10.0,0.9958333333333332
HHN-EDI-01,2024-06-21,Orthopaedics Ward B,9.75,10.0,0.975
HHN-EDI-01,2024-06-22,Orthopaedics Ward B,8.708333333333334,9.916666666666666,0.8787037037037037
HHN-EDI-01,2024-06-23,Orthopaedics Ward B,8.875,9.833333333333334,0.9041666666666667
HHN-EDI-01,2024-06-24,Orthopaedics Ward B,6.833333333333333,9.958333333333334,0.6865740740740741
HHN-EDI-01,2024-06-25,Orthopaedics Ward B,6.166666666666667,9.916666666666666,0.6222222222222222
HHN-EDI-01,2024-06-26,Orthopaedics Ward B,3.875,9.958333333333334,0.38981481481481484
HHN-EDI-01,2024-06-27,Orthopaedics Ward B,6.25,9.958333333333334,0.6273148148148148
HHN-EDI-01,2024-06-28,Orthopaedics Ward B,7.291666666666667,9.875,0.7398148148148148
HHN-EDI-01,2024-06-29,Orthopaedics Ward B,6.041666666666667,9.875,0.6124999999999999
HHN-EDI-01,2024-06-30,Orthopaedics Ward B,5.875,9.916666666666666,0.5930555555555556
HHN-EDI-01,2024-07-01,Orthopaedics Ward B,7.5,9.958333333333334,0.7537037037037037
HHN-EDI-01,2024-07-02,Orthopaedics Ward B,8.625,9.875,0.8740740740740741
HHN-EDI-01,2024-07-03,Orthopaedics Ward B,9.5,9.791666666666666,0.9703703703703703
HHN-EDI-01,2024-07-04,Orthopaedics Ward B,10.0,10.0,1.0
HHN-EDI-01,2024-07-05,Orthopaedics Ward B,9.916666666666666,9.916666666666666,1.0
HHN-EDI-01,2024-07-06,Orthopaedics Ward B,8.833333333333334,9.916666666666666,0.8907407407407408
HHN-EDI-01,2024-07-07,Orthopaedics Ward B,8.791666666666666,9.875,0.8912037037037037
HHN-EDI-01,2024-07-08,Orthopaedics Ward B,7.5,10.0,0.75
HHN-EDI-01,2024-07-09,Orthopaedics Ward B,7.333333333333333,10.0,0.7333333333333333
HHN-EDI-01,2024-07-10,Orthopaedics Ward B,8.25,9.916666666666666,0.8324074074074074
HHN-EDI-01,2024-07-11,Orthopaedics Ward B,9.333333333333334,9.916666666666666,0.9412037037037037
HHN-EDI-01,2024-07-12,Orthopaedics Ward B,9.916666666666666,9.916666666666666,1.0
HHN-EDI-01,2024-07-13,Orthopaedics Ward B,9.833333333333334,9.833333333333334,1.0
HHN-EDI-01,2024-07-14,Orthopaedics Ward B,9.958333333333334,9.958333333333334,1.0
HHN-EDI-01,2024-07-15,Orthopaedics Ward B,9.958333333333334,9.958333333333334,1.0
HHN-EDI-01,2024-07-16,Orthopaedics Ward B,9.833333333333334,9.833333333333334,1.0
HHN-EDI-01,2024-07-17,Orthopaedics Ward B,9.958333333333334,9.958333333333334,1.0
HHN-EDI-01,2024-07-18,Orthopaedics Ward B,10.0,10.0,1.0
HHN-EDI-01,2024-07-19,Orthopaedics Ward B,9.875,9.875,1.0
HHN-EDI-01,2024-07-20,Orthopaedics Ward B,9.375,9.875,0.9500000000000001
HHN-EDI-01,2024-07-21,Orthopaedics Ward B,6.458333333333333,9.916666666666666,0.6527777777777778
HHN-EDI-01,2024-07-22,Orthopaedics Ward B,4.833333333333333,9.958333333333334,0.4856481481481481
HHN-EDI-01,2024-07-23,Orthopaedics Ward B,7.041666666666667,9.958333333333334,0.7078703703703705
HHN-EDI-01,2024-07-24,Orthopaedics Ward B,6.875,9.916666666666666,0.6935185185185184
HHN-EDI-01,2024-07-25,Orthopaedics Ward B,4.833333333333333,9.875,0.48981481481481487
HHN-EDI-01,2024-07-26,Orthopaedics Ward B,5.375,9.958333333333334,0.5402777777777777
HHN-EDI-01,2024-07-27,Orthopaedics Ward B,5.0,9.916666666666666,0.5046296296296297
HHN-EDI-01,2024-07-28,Orthopaedics Ward B,4.541666666666667,9.916666666666666,0.4583333333333333
HHN-EDI-01,2024-07-29,Orthopaedics Ward B,4.916666666666667,10.0,0.4916666666666667
HHN-EDI-01,2024-07-30,Orthopaedics Ward B,3.9166666666666665,9.875,0.3986111111111111
HHN-EDI-01,2024-07-31,Orthopaedics Ward B,3.1666666666666665,9.958333333333334,0.31805555555555554
HHN-EDI-01,2024-08-01,Orthopaedics Ward B,3.375,9.958333333333334,0.33888888888888885
HHN-EDI-01,2024-08-02,Orthopaedics Ward B,4.416666666666667,10.0,0.44166666666666665
HHN-EDI-01,2024-08-03,Orthopaedics Ward B,2.875,9.958333333333334,0.2884259259259259
HHN-EDI-01,2024-08-04,Orthopaedics Ward B,2.0,9.916666666666666,0.20185185185185187
HHN-EDI-01,2024-08-05,Orthopaedics Ward B,2.125,9.958333333333334,0.21342592592592594
HHN-EDI-01,2024-08-06,Orthopaedics Ward B,2.5,9.958333333333334,0.2513888888888889
HHN-EDI-01,2024-08-07,Orthopaedics Ward B,3.0,9.958333333333334,0.3013888888888889
HHN-EDI-01,2024-08-08,Orthopaedics Ward B,2.0833333333333335,9.958333333333334,0.20972222222222223
HHN-EDI-01,2024-08-09,Orthopaedics Ward B,1.8333333333333333,10.0,0.18333333333333335
HHN-EDI-01,2024-08-10,Orthopaedics Ward B,4.791666666666667,9.958333333333334,0.4810185185185185
HHN-EDI-01,2024-08-11,Orthopaedics Ward B,6.833333333333333,9.916666666666666,0.6902777777777778
HHN-EDI-01,2024-08-12,Orthopaedics Ward B,8.0,9.916666666666666,0.8074074074074075
HHN-EDI-01,2024-08-13,Orthopaedics Ward B,6.708333333333333,9.916666666666666,0.6773148148148148
HHN-EDI-01,2024-08-14,Orthopaedics Ward B,8.333333333333334,9.958333333333334,0.8375
HHN-EDI-01,2024-08-15,Orthopaedics Ward B,8.375,9.916666666666666,0.8453703703703704
HHN-EDI-01,2024-08-16,Orthopaedics Ward B,7.625,9.958333333333334,0.7657407407407407
HHN-EDI-01,2024-08-17,Orthopaedics Ward B,6.416666666666667,9.916666666666666,0.6481481481481481
HHN-EDI-01,2024-08-18,Orthopaedics Ward B,7.916666666666667,9.916666666666666,0.7981481481481482
HHN-EDI-01,2024-08-19,Orthopaedics Ward B,6.416666666666667,9.916666666666666,0.6481481481481481
HHN-EDI-01,2024-08-20,Orthopaedics Ward B,6.625,9.958333333333334,0.6657407407407407
HHN-EDI-01,2024-08-21,Orthopaedics Ward B,5.208333333333333,9.916666666666666,0.5268518518518518
HHN-EDI-01,2024-08-22,Orthopaedics Ward B,2.8333333333333335,9.916666666666666,0.2861111111111111
HHN-EDI-01,2024-08-23,Orthopaedics Ward B,3.1666666666666665,9.958333333333334,0.31805555555555554
HHN-EDI-01,2024-08-24,Orthopaedics Ward B,4.791666666666667,9.916666666666666,0.48333333333333334
HHN-EDI-01,2024-08-25,Orthopaedics Ward B,5.5,9.833333333333334,0.5601851851851852
HHN-EDI-01,2024-08-26,Orthopaedics Ward B,4.75,9.958333333333334,0.4773148148148148
HHN-EDI-01,2024-08-27,Orthopaedics Ward B,4.333333333333333,9.875,0.4393518518518518
HHN-EDI-01,2024-08-28,Orthopaedics Ward B,3.5833333333333335,10.0,0.35833333333333334
HHN-EDI-01,2024-08-29,Orthopaedics Ward B,2.0,9.958333333333334,0.20092592592592595
HHN-EDI-01,2024-08-30,Orthopaedics Ward B,2.75,10.0,0.27499999999999997
HHN-EDI-01,2024-08-31,Orthopaedics Ward B,4.625,9.916666666666666,0.4671296296296297
HHN-EDI-01,2024-09-01,Orthopaedics Ward B,5.458333333333333,9.833333333333334,0.5564814814814815
HHN-EDI-01,2024-09-02,Orthopaedics Ward B,7.666666666666667,10.0,0.7666666666666666
HHN-EDI-01,2024-09-03,Orthopaedics Ward B,9.666666666666666,10.0,0.9666666666666667
HHN-EDI-01,2024-09-04,Orthopaedics Ward B,9.958333333333334,9.958333333333334,1.0
HHN-EDI-01,2024-09-05,Orthopaedics Ward B,9.916666666666666,10.0,0.9916666666666667
HHN-EDI-01,2024-09-06,Orthopaedics Ward B,9.416666666666666,9.958333333333334,0.9458333333333333
HHN-EDI-01,2024-09-07,Orthopaedics Ward B,9.875,9.875,1.0
HHN-EDI-01,2024-09-08,Orthopaedics Ward B,9.666666666666666,9.958333333333334,0.9708333333333333
HHN-EDI-01,2024-09-09,Orthopaedics Ward B,9.708333333333334,9.958333333333334,0.975
HHN-EDI-01,2024-09-10,Orthopaedics Ward B,9.916666666666666,9.916666666666666,1.0
HHN-EDI-01,2024-09-11,Orthopaedics Ward B,9.958333333333334,9.958333333333334,1.0
HHN-EDI-01,2024-09-12,Orthopaedics Ward B,10.0,10.0,1.0
HHN-EDI-01,2024-09-13,Orthopaedics Ward B,9.916666666666666,9.916666666666666,1.0
HHN-EDI-01,2024-09-14,Orthopaedics Ward B,9.833333333333334,9.833333333333334,1.0
HHN-EDI-01,2024-09-15,Orthopaedics Ward B,9.833333333333334,9.791666666666666,1.0
HHN-EDI-01,2024-09-16,Orthopaedics Ward B,9.916666666666666,9.916666666666666,1.0
HHN-EDI-01,2024-09-17,Orthopaedics Ward B,9.958333333333334,9.958333333333334,1.0
HHN-EDI-01,2024-09-18,Orthopaedics Ward B,9.958333333333334,9.958333333333334,1.0
HHN-EDI-01,2024-09-19,Orthopaedics Ward B,9.833333333333334,9.833333333333334,1.0
HHN-EDI-01,2024-09-20,Orthopaedics Ward B,9.916666666666666,9.916666666666666,1.0
HHN-EDI-01,2024-09-21,Orthopaedics Ward B,10.0,10.0,1.0
HHN-EDI-01,2024-09-22,Orthopaedics Ward B,9.833333333333334,9.958333333333334,0.9874999999999999
HHN-EDI-01,2024-09-23,Orthopaedics Ward B,6.416666666666667,10.0,0.6416666666666667
HHN-EDI-01,2024-09-24,Orthopaedics Ward B,4.916666666666667,9.958333333333334,0.4939814814814815
HHN-EDI-01,2024-09-25,Orthopaedics Ward B,6.041666666666667,10.0,0.6041666666666666
HHN-EDI-01,2024-09-26,Orthopaedics Ward B,6.291666666666667,10.0,0.6291666666666667
HHN-EDI-01,2024-09-27,Orthopaedics Ward B,7.791666666666667,10.0,0.7791666666666667
HHN-EDI-01,2024-09-28,Orthopaedics Ward B,7.916666666666667,9.958333333333334,0.7953703703703704
HHN-EDI-01,2024-09-29,Orthopaedics Ward B,4.916666666666667,9.833333333333334,0.5
HHN-EDI-01,2024-09-30,Orthopaedics Ward B,6.166666666666667,9.916666666666666,0.6236111111111111
HHN-EDI-01,2024-10-01,Orthopaedics Ward B,6.833333333333333,9.958333333333334,0.687037037037037
HHN-EDI-01,2024-10-02,Orthopaedics Ward B,5.625,9.958333333333334,0.5652777777777778
HHN-EDI-01,2024-10-03,Orthopaedics Ward B,8.666666666666666,10.0,0.8666666666666667
HHN-EDI-01,2024-10-04,Orthopaedics Ward B,9.458333333333334,10.0,0.9458333333333333
HHN-EDI-01,2024-10-05,Orthopaedics Ward B,6.666666666666667,9.958333333333334,0.6703703703703704
HHN-EDI-01,2024-10-06,Orthopaedics Ward B,5.291666666666667,9.916666666666666,0.5342592592592593
HHN-EDI-01,2024-10-07,Orthopaedics Ward B,5.75,9.875,0.5828703703703704
HHN-EDI-01,2024-10-08,Orthopaedics Ward B,7.416666666666667,10.0,0.7416666666666667
HHN-EDI-01,2024-10-09,Orthopaedics Ward B,7.75,9.958333333333334,0.7782407407407407
HHN-EDI-01,2024-10-10,Orthopaedics Ward B,6.75,10.0,0.6749999999999999
HHN-EDI-01,2024-10-11,Orthopaedics Ward B,6.833333333333333,9.916666666666666,0.6888888888888888
HHN-EDI-01,2024-10-12,Orthopaedics Ward B,4.458333333333333,9.916666666666666,0.449537037037037
HHN-EDI-01,2024-10-13,Orthopaedics Ward B,5.708333333333333,10.0,0.5708333333333333
HHN-EDI-01,2024-10-14,Orthopaedics Ward B,7.958333333333333,10.0,0.7958333333333334
HHN-EDI-01,2024-10-15,Orthopaedics Ward B,9.958333333333334,9.958333333333334,1.0
HHN-EDI-01,2024-10-16,Orthopaedics Ward B,9.916666666666666,9.916666666666666,1.0
HHN-EDI-01,2024-10-17,Orthopaedics Ward B,9.958333333333334,9.958333333333334,1.0
HHN-EDI-01,2024-10-18,Orthopaedics Ward B,10.0,10.0,1.0
HHN-EDI-01,2024-10-19,Orthopaedics Ward B,9.916666666666666,9.916666666666666,1.0
HHN-EDI-01,2024-10-20,Orthopaedics Ward B,9.875,9.875,1.0
HHN-EDI-01,2024-10-21,Orthopaedics Ward B,9.833333333333334,9.916666666666666,0.9916666666666667
HHN-EDI-01,2024-10-22,Orthopaedics Ward B,8.458333333333334,10.0,0.8458333333333333
HHN-EDI-01,2024-10-23,Orthopaedics Ward B,4.958333333333333,10.0,0.49583333333333335
HHN-EDI-01,2024-10-24,Orthopaedics Ward B,6.791666666666667,9.875,0.6875
HHN-EDI-01,2024-10-25,Orthopaedics Ward B,8.708333333333334,9.791666666666666,0.8912037037037037
HHN-EDI-01,2024-10-26,Orthopaedics Ward B,9.0,9.958333333333334,0.9041666666666667
HHN-EDI-01,2024-10-27,Orthopaedics Ward B,9.375,9.916666666666666,0.9458333333333333
HHN-EDI-01,2024-10-28,Orthopaedics Ward B,6.916666666666667,9.958333333333334,0.6944444444444443
HHN-EDI-01,2024-10-29,Orthopaedics Ward B,7.291666666666667,9.875,0.7398148148148148
HHN-EDI-01,2024-10-30,Orthopaedics Ward B,9.916666666666666,9.916666666666666,1.0
HHN-EDI-01,2024-10-31,Orthopaedics Ward B,9.958333333333334,9.958333333333334,1.0
HHN-EDI-01,2024-11-01,Orthopaedics Ward B,10.0,10.0,1.0
HHN-EDI-01,2024-11-02,Orthopaedics Ward B,9.875,9.875,1.0
HHN-EDI-01,2024-11-03,Orthopaedics Ward B,9.458333333333334,9.875,0.9583333333333334
HHN-EDI-01,2024-11-04,Orthopaedics Ward B,9.666666666666666,10.0,0.9666666666666667
HHN-EDI-01,2024-11-05,Orthopaedics Ward B,9.416666666666666,9.916666666666666,0.9500000000000001
HHN-EDI-01,2024-11-06,Orthopaedics Ward B,9.625,9.958333333333334,0.9666666666666667
HHN-EDI-01,2024-11-07,Orthopaedics Ward B,7.666666666666667,9.958333333333334,0.7703703703703703
HHN-EDI-01,2024-11-08,Orthopaedics Ward B,9.375,9.958333333333334,0.9416666666666668
HHN-EDI-01,2024-11-09,Orthopaedics Ward B,9.75,9.75,1.0
HHN-EDI-01,2024-11-10,Orthopaedics Ward B,8.666666666666666,9.916666666666666,0.875
HHN-EDI-01,2024-11-11,Orthopaedics Ward B,8.708333333333334,10.0,0.8708333333333332
HHN-EDI-01,2024-11-12,Orthopaedics Ward B,6.875,9.875,0.6972222222222223
HHN-EDI-01,2024-11-13,Orthopaedics Ward B,7.25,10.0,0.725
HHN-EDI-01,2024-11-14,Orthopaedics Ward B,8.0,9.916666666666666,0.8078703703703703
HHN-EDI-01,2024-11-15,Orthopaedics Ward B,7.333333333333333,10.0,0.7333333333333334
HHN-EDI-01,2024-11-16,Orthopaedics Ward B,8.458333333333334,9.958333333333334,0.8495370370370371
HHN-EDI-01,2024-11-17,Orthopaedics Ward B,9.375,9.875,0.9500000000000001
HHN-EDI-01,2024-11-18,Orthopaedics Ward B,8.25,9.875,0.837037037037037
HHN-EDI-01,2024-11-19,Orthopaedics Ward B,8.541666666666666,9.916666666666666,0.8624999999999999
HHN-EDI-01,2024-11-20,Orthopaedics Ward B,9.0,9.916666666666666,0.9083333333333333
HHN-EDI-01,2024-11-21,Orthopaedics Ward B,9.458333333333334,10.0,0.9458333333333333
HHN-EDI-01,2024-11-22,Orthopaedics Ward B,9.958333333333334,10.0,0.9958333333333332
HHN-EDI-01,2024-11-23,Orthopaedics Ward B,9.958333333333334,9.958333333333334,1.0
HHN-EDI-01,2024-11-24,Orthopaedics Ward B,9.958333333333334,9.958333333333334,1.0
HHN-EDI-01,2024-11-25,Orthopaedics Ward B,10.0,10.0,1.0
HHN-EDI-01,2024-11-26,Orthopaedics Ward B,9.916666666666666,9.916666666666666,1.0
HHN-EDI-01,2024-11-27,Orthopaedics Ward B,10.0,10.0,1.0
HHN-EDI-01,2024-11-28,Orthopaedics Ward B,9.958333333333334,10.0,0.9958333333333332
HHN-EDI-01,2024-11-29,Orthopaedics Ward B,9.583333333333334,9.916666666666666,0.9666666666666667
HHN-EDI-01,2024-11-30,Orthopaedics Ward B,7.041666666666667,9.875,0.7143518518518519
HHN-EDI-01,2024-12-01,Orthopaedics Ward B,6.25,9.75,0.6435185185185185
HHN-EDI-01,2024-12-02,Orthopaedics Ward B,7.5,9.958333333333334,0.7537037037037037
HHN-EDI-01,2024-12-03,Orthopaedics Ward B,8.75,9.791666666666666,0.8953703703703705
HHN-EDI-01,2024-12-04,Orthopaedics Ward B,9.583333333333334,9.875,0.9708333333333333
HHN-EDI-01,2024-12-05,Orthopaedics Ward B,9.208333333333334,9.958333333333334,0.9249999999999999
HHN-EDI-01,2024-12-06,Orthopaedics Ward B,8.375,9.875,0.8495370370370371
HHN-EDI-01,2024-12-07,Orthopaedics Ward B,8.5,9.833333333333334,0.8666666666666667
HHN-EDI-01,2024-12-08,Orthopaedics Ward B,8.166666666666666,9.916666666666666,0.8240740740740741
HHN-EDI-01,2024-12-09,Orthopaedics Ward B,9.75,9.958333333333334,0.9791666666666666
HHN-EDI-01,2024-12-10,Orthopaedics Ward B,10.0,10.0,1.0
HHN-EDI-01,2024-12-11,Orthopaedics Ward B,9.375,9.958333333333334,0.9416666666666668
HHN-EDI-01,2024-12-12,Orthopaedics Ward B,9.916666666666666,9.916666666666666,1.0
HHN-EDI-01,2024-12-13,Orthopaedics Ward B,9.916666666666666,9.916666666666666,1.0
HHN-EDI-01,2024-12-14,Orthopaedics Ward B,9.916666666666666,9.916666666666666,1.0
HHN-EDI-01,2024-12-15,Orthopaedics Ward B,9.708333333333334,9.875,0.9833333333333334
HHN-EDI-01,2024-12-16,Orthopaedics Ward B,8.875,9.833333333333334,0.9032407407407407
HHN-EDI-01,2024-12-17,Orthopaedics Ward B,8.291666666666666,9.916666666666666,0.8365740740740741
HHN-EDI-01,2024-12-18,Orthopaedics Ward B,7.375,9.916666666666666,0.7439814814814815
HHN-EDI-01,2024-12-19,Orthopaedics Ward B,6.5,9.958333333333334,0.6532407407407407
HHN-EDI-01,2024-12-20,Orthopaedics Ward B,7.125,9.958333333333334,0.7157407407407407
HHN-EDI-01,2024-12-21,Orthopaedics Ward B,6.541666666666667,9.833333333333334,0.6657407407407407
HHN-EDI-01,2024-12-22,Orthopaedics Ward B,7.083333333333333,9.833333333333334,0.7212962962962962
HHN-EDI-01,2024-12-23,Orthopaedics Ward B,8.791666666666666,9.875,0.8907407407407408
HHN-EDI-01,2024-12-24,Orthopaedics Ward B,9.291666666666666,9.875,0.9416666666666668
HHN-EDI-01,2024-12-25,Orthopaedics Ward B,9.208333333333334,9.958333333333334,0.9249999999999999
HHN-EDI-01,2024-12-26,Orthopaedics Ward B,9.958333333333334,9.958333333333334,1.0
HHN-EDI-01,2024-12-27,Orthopaedics Ward B,9.916666666666666,9.916666666666666,1.0
HHN-EDI-01,2024-12-28,Orthopaedics Ward B,9.833333333333334,9.833333333333334,1.0
HHN-EDI-01,2024-12-29,Orthopaedics Ward B,9.916666666666666,9.916666666666666,1.0
HHN-EDI-01,2024-12-30,Orthopaedics Ward B,9.875,9.875,1.0
HHN-EDI-01,2024-12-31,Orthopaedics Ward B,9.833333333333334,9.833333333333334,1.0
HHN-EDI-01,2025-01-01,Orthopaedics Ward B,9.666666666666666,9.958333333333334,0.9708333333333333
HHN-EDI-01,2025-01-02,Orthopaedics Ward B,9.916666666666666,9.916666666666666,1.0
HHN-EDI-01,2025-01-03,Orthopaedics Ward B,9.916666666666666,9.916666666666666,1.0
HHN-EDI-01,2025-01-04,Orthopaedics Ward B,9.041666666666666,9.875,0.9166666666666666
HHN-EDI-01,2025-01-05,Orthopaedics Ward B,6.541666666666667,9.875,0.662962962962963
HHN-EDI-01,2025-01-06,Orthopaedics Ward B,7.416666666666667,9.916666666666666,0.7476851851851851
HHN-EDI-01,2025-01-07,Orthopaedics Ward B,9.958333333333334,9.958333333333334,1.0
HHN-EDI-01,2025-01-08,Orthopaedics Ward B,9.875,9.875,1.0
HHN-EDI-01,2025-01-09,Orthopaedics Ward B,9.166666666666666,9.833333333333334,0.9333333333333332
HHN-EDI-01,2025-01-10,Orthopaedics Ward B,9.75,9.875,0.9874999999999999
HHN-EDI-01,2025-01-11,Orthopaedics Ward B,9.833333333333334,9.833333333333334,1.0
HHN-EDI-01,2025-01-12,Orthopaedics Ward B,9.75,9.75,1.0
HHN-EDI-01,2025-01-13,Orthopaedics Ward B,9.916666666666666,9.916666666666666,1.0
HHN-EDI-01,2025-01-14,Orthopaedics Ward B,10.0,10.0,1.0
HHN-EDI-01,2025-01-15,Orthopaedics Ward B,9.083333333333334,9.916666666666666,0.9166666666666666
HHN-EDI-01,2025-01-16,Orthopaedics Ward B,8.75,9.875,0.8856481481481482
HHN-EDI-01,2025-01-17,Orthopaedics Ward B,9.833333333333334,9.833333333333334,1.0
HHN-EDI-01,2025-01-18,Orthopaedics Ward B,9.875,9.875,1.0
HHN-EDI-01,2025-01-19,Orthopaedics Ward B,9.916666666666666,9.916666666666666,1.0
HHN-EDI-01,2025-01-20,Orthopaedics Ward B,9.875,9.875,1.0
HHN-EDI-01,2025-01-21,Orthopaedics Ward B,8.625,9.875,0.8736111111111112
HHN-EDI-01,2025-01-22,Orthopaedics Ward B,9.458333333333334,9.916666666666666,0.9537037037037037
HHN-EDI-01,2025-01-23,Orthopaedics Ward B,9.75,9.958333333333334,0.9791666666666666
HHN-EDI-01,2025-01-24,Orthopaedics Ward B,7.083333333333333,9.875,0.7189814814814816
HHN-EDI-01,2025-01-25,Orthopaedics Ward B,5.833333333333333,9.833333333333334,0.5944444444444444
HHN-EDI-01,2025-01-26,Orthopaedics Ward B,5.208333333333333,9.833333333333334,0.5310185185185184
HHN-EDI-01,2025-01-27,Orthopaedics Ward B,7.125,9.958333333333334,0.7162037037037038
HHN-EDI-01,2025-01-28,Orthopaedics Ward B,9.041666666666666,9.958333333333334,0.9083333333333333
HHN-EDI-01,2025-01-29,Orthopaedics Ward B,9.916666666666666,9.916666666666666,1.0
HHN-EDI-01,2025-01-30,Orthopaedics Ward B,9.75,10.0,0.975
HHN-EDI-01,2025-01-31,Orthopaedics Ward B,7.666666666666667,9.958333333333334,0.7703703703703705
HHN-EDI-01,2025-02-01,Orthopaedics Ward B,7.5,9.791666666666666,0.7680555555555556
HHN-EDI-01,2025-02-02,Orthopaedics Ward B,8.541666666666666,9.875,0.8652777777777777
HHN-EDI-01,2025-02-03,Orthopaedics Ward B,9.875,9.875,1.0
HHN-EDI-01,2025-02-04,Orthopaedics Ward B,9.958333333333334,9.958333333333334,1.0
HHN-EDI-01,2025-02-05,Orthopaedics Ward B,9.916666666666666,9.916666666666666,1.0
HHN-EDI-01,2025-02-06,Orthopaedics Ward B,9.958333333333334,9.958333333333334,1.0
HHN-EDI-01,2025-02-07,Orthopaedics Ward B,9.916666666666666,9.916666666666666,1.0
HHN-EDI-01,2025-02-08,Orthopaedics Ward B,9.75,9.75,1.0
HHN-EDI-01,2025-02-09,Orthopaedics Ward B,9.916666666666666,9.916666666666666,1.0
HHN-EDI-01,2025-02-10,Orthopaedics Ward B,9.875,9.875,1.0
HHN-EDI-01,2025-02-11,Orthopaedics Ward B,9.875,9.875,1.0
HHN-EDI-01,2025-02-12,Orthopaedics Ward B,10.0,10.0,1.0
HHN-EDI-01,2025-02-13,Orthopaedics Ward B,9.958333333333334,9.958333333333334,1.0
HHN-EDI-01,2025-02-14,Orthopaedics Ward B,9.791666666666666,9.791666666666666,1.0
HHN-EDI-01,2025-02-15,Orthopaedics Ward B,9.833333333333334,9.833333333333334,1.0
HHN-EDI-01,2025-02-16,Orthopaedics Ward B,9.916666666666666,9.916666666666666,1.0
HHN-EDI-01,2025-02-17,Orthopaedics Ward B,7.875,9.875,0.799537037037037
HHN-EDI-01,2025-02-18,Orthopaedics Ward B,5.041666666666667,9.875,0.5125000000000001
HHN-EDI-01,2025-02-19,Orthopaedics Ward B,5.666666666666667,9.875,0.5740740740740741
HHN-EDI-01,2025-02-20,Orthopaedics Ward B,8.083333333333334,9.916666666666666,0.8152777777777778
HHN-EDI-01,2025-02-21,Orthopaedics Ward B,9.958333333333334,9.958333333333334,1.0
HHN-EDI-01,2025-02-22,Orthopaedics Ward B,9.916666666666666,9.916666666666666,1.0
HHN-EDI-01,2025-02-23,Orthopaedics Ward B,9.875,9.875,1.0
HHN-EDI-01,2025-02-24,Orthopaedics Ward B,9.5,9.833333333333334,0.9662037037037038
HHN-EDI-01,2025-02-25,Orthopaedics Ward B,8.291666666666666,9.875,0.8412037037037038
HHN-EDI-01,2025-02-26,Orthopaedics Ward B,9.375,9.833333333333334,0.9541666666666666
HHN-EDI-01,2025-02-27,Orthopaedics Ward B,9.041666666666666,9.916666666666666,0.9120370370370371
HHN-EDI-01,2025-02-28,Orthopaedics Ward B,8.75,9.958333333333334,0.8787037037037037
HHN-EDI-01,2025-03-01,Orthopaedics Ward B,8.958333333333334,9.958333333333334,0.899537037037037
HHN-EDI-01,2025-03-02,Orthopaedics Ward B,9.791666666666666,9.791666666666666,1.0
HHN-EDI-01,2025-03-03,Orthopaedics Ward B,9.958333333333334,10.0,0.9958333333333332
HHN-EDI-01,2025-03-04,Orthopaedics Ward B,9.916666666666666,9.916666666666666,1.0
HHN-EDI-01,2025-03-05,Orthopaedics Ward B,10.0,10.0,1.0
HHN-EDI-01,2025-03-06,Orthopaedics Ward B,9.916666666666666,9.916666666666666,1.0
HHN-EDI-01,2025-03-07,Orthopaedics Ward B,9.958333333333334,9.958333333333334,1.0
HHN-EDI-01,2025-03-08,Orthopaedics Ward B,9.791666666666666,9.791666666666666,1.0
HHN-EDI-01,2025-03-09,Orthopaedics Ward B,9.958333333333334,9.958333333333334,1.0
HHN-EDI-01,2025-03-10,Orthopaedics Ward B,9.25,9.958333333333334,0.9291666666666667
HHN-EDI-01,2025-03-11,Orthopaedics Ward B,7.208333333333333,9.958333333333334,0.724074074074074
HHN-EDI-01,2025-03-12,Orthopaedics Ward B,7.541666666666667,9.958333333333334,0.7574074074074074
HHN-EDI-01,2025-03-13,Orthopaedics Ward B,8.291666666666666,9.958333333333334,0.8333333333333334
HHN-EDI-01,2025-03-14,Orthopaedics Ward B,10.0,10.0,1.0
HHN-EDI-01,2025-03-15,Orthopaedics Ward B,9.958333333333334,9.958333333333334,1.0
HHN-EDI-01,2025-03-16,Orthopaedics Ward B,9.916666666666666,9.916666666666666,1.0
HHN-EDI-01,2025-03-17,Orthopaedics Ward B,9.916666666666666,9.916666666666666,1.0
HHN-EDI-01,2025-03-18,Orthopaedics Ward B,9.916666666666666,9.916666666666666,1.0
HHN-EDI-01,2025-03-19,Orthopaedics Ward B,9.916666666666666,9.916666666666666,1.0
HHN-EDI-01,2025-03-20,Orthopaedics Ward B,9.833333333333334,9.958333333333334,0.9874999999999999
HHN-EDI-01,2025-03-21,Orthopaedics Ward B,9.291666666666666,9.958333333333334,0.9333333333333332
HHN-EDI-01,2025-03-22,Orthopaedics Ward B,9.333333333333334,9.791666666666666,0.9541666666666666
HHN-EDI-01,2025-03-23,Orthopaedics Ward B,9.041666666666666,9.916666666666666,0.9120370370370371
HHN-EDI-01,2025-03-24,Orthopaedics Ward B,9.375,9.916666666666666,0.9458333333333333
HHN-EDI-01,2025-03-25,Orthopaedics Ward B,10.0,10.0,1.0
HHN-EDI-01,2025-03-26,Orthopaedics Ward B,10.0,10.0,1.0
HHN-EDI-01,2025-03-27,Orthopaedics Ward B,8.333333333333334,9.916666666666666,0.8412037037037038
HHN-EDI-01,2025-03-28,Orthopaedics Ward B,6.291666666666667,9.916666666666666,0.6351851851851852
HHN-EDI-01,2025-03-29,Orthopaedics Ward B,5.708333333333333,9.791666666666666,0.5847222222222223
HHN-EDI-01,2025-03-30,Orthopaedics Ward B,6.625,9.916666666666666,0.6694444444444444
HHN-EDI-01,2025-03-31,Orthopaedics Ward B,8.458333333333334,9.958333333333334,0.8500000000000001
HHN-EDI-01,2025-04-01,Orthopaedics Ward B,8.375,10.0,0.8375
HHN-EDI-01,2025-04-02,Orthopaedics Ward B,6.958333333333333,9.958333333333334,0.6986111111111111
HHN-EDI-01,2025-04-03,Orthopaedics Ward B,4.666666666666667,10.0,0.4666666666666666
HHN-EDI-01,2025-04-04,Orthopaedics Ward B,3.7916666666666665,9.916666666666666,0.38240740740740736
HHN-EDI-01,2025-04-05,Orthopaedics Ward B,4.416666666666667,9.916666666666666,0.44583333333333336
HHN-EDI-01,2025-04-06,Orthopaedics Ward B,4.541666666666667,9.916666666666666,0.45787037037037037
HHN-EDI-01,2025-04-07,Orthopaedics Ward B,4.0,9.916666666666666,0.4037037037037037
HHN-EDI-01,2025-04-08,Orthopaedics Ward B,5.666666666666667,9.833333333333334,0.5768518518518518
HHN-EDI-01,2025-04-09,Orthopaedics Ward B,5.666666666666667,9.958333333333334,0.5694444444444444
HHN-EDI-01,2025-04-10,Orthopaedics Ward B,7.291666666666667,9.958333333333334,0.7319444444444444
HHN-EDI-01,2025-04-11,Orthopaedics Ward B,8.083333333333334,9.958333333333334,0.8120370370370371
HHN-EDI-01,2025-04-12,Orthopaedics Ward B,8.708333333333334,10.0,0.8708333333333335
HHN-EDI-01,2025-04-13,Orthopaedics Ward B,4.083333333333333,9.833333333333334,0.41574074074074074
HHN-EDI-01,2025-04-14,Orthopaedics Ward B,3.125,10.0,0.3125
HHN-EDI-01,2025-04-15,Orthopaedics Ward B,7.041666666666667,10.0,0.7041666666666666
HHN-EDI-01,2025-04-16,Orthopaedics Ward B,9.958333333333334,9.958333333333334,1.0
HHN-EDI-01,2025-04-17,Orthopaedics Ward B,9.875,9.875,1.0
HHN-EDI-01,2025-04-18,Orthopaedics Ward B,9.958333333333334,9.958333333333334,1.0
HHN-EDI-01,2025-04-19,Orthopaedics Ward B,9.875,9.875,1.0
HHN-EDI-01,2025-04-20,Orthopaedics Ward B,9.833333333333334,9.833333333333334,1.0
HHN-EDI-01,2025-04-21,Orthopaedics Ward B,9.791666666666666,9.916666666666666,0.9874999999999999
HHN-EDI-01,2025-04-22,Orthopaedics Ward B,9.958333333333334,9.958333333333334,1.0
HHN-EDI-01,2025-04-23,Orthopaedics Ward B,9.958333333333334,9.958333333333334,1.0
HHN-EDI-01,2025-04-24,Orthopaedics Ward B,9.875,9.875,1.0
HHN-EDI-01,2025-04-25,Orthopaedics Ward B,9.875,9.875,1.0
HHN-EDI-01,2025-04-26,Orthopaedics Ward B,9.75,9.875,0.9874999999999999
HHN-EDI-01,2025-04-27,Orthopaedics Ward B,9.958333333333334,9.958333333333334,1.0
HHN-EDI-01,2025-04-28,Orthopaedics Ward B,9.791666666666666,9.958333333333334,0.9833333333333334
HHN-EDI-01,2025-04-29,Orthopaedics Ward B,9.958333333333334,9.958333333333334,1.0
HHN-EDI-01,2025-04-30,Orthopaedics Ward B,10.0,10.0,1.0
HHN-EDI-01,2025-05-01,Orthopaedics Ward B,10.0,10.0,1.0
HHN-EDI-01,2025-05-02,Orthopaedics Ward B,9.958333333333334,9.958333333333334,1.0
HHN-EDI-01,2025-05-03,Orthopaedics Ward B,8.208333333333334,9.875,0.8333333333333334
HHN-EDI-01,2025-05-04,Orthopaedics Ward B,7.0,9.875,0.7097222222222221
HHN-EDI-01,2025-05-05,Orthopaedics Ward B,5.875,9.916666666666666,0.5925925925925926
HHN-EDI-01,2025-05-06,Orthopaedics Ward B,3.9166666666666665,9.958333333333334,0.39305555555555555
HHN-EDI-01,2025-05-07,Orthopaedics Ward B,6.708333333333333,9.958333333333334,0.674537037037037
HHN-EDI-01,2025-05-08,Orthopaedics Ward B,9.0,9.875,0.9120370370370371
HHN-EDI-01,2025-05-09,Orthopaedics Ward B,9.75,9.75,1.0
HHN-EDI-01,2025-05-10,Orthopaedics Ward B,9.583333333333334,9.875,0.9708333333333333
HHN-EDI-01,2025-05-11,Orthopaedics Ward B,8.625,9.958333333333334,0.8666666666666667
HHN-EDI-01,2025-05-12,Orthopaedics Ward B,6.916666666666667,10.0,0.6916666666666668
HHN-EDI-01,2025-05-13,Orthopaedics Ward B,6.333333333333333,10.0,0.6333333333333333
HHN-EDI-01,2025-05-14,Orthopaedics Ward B,7.916666666666667,10.0,0.7916666666666666
HHN-EDI-01,2025-05-15,Orthopaedics Ward B,7.666666666666667,9.916666666666666,0.7736111111111111
HHN-EDI-01,2025-05-16,Orthopaedics Ward B,6.833333333333333,9.958333333333334,0.686111111111111
HHN-EDI-01,2025-05-17,Orthopaedics Ward B,4.666666666666667,9.833333333333334,0.475462962962963
HHN-EDI-01,2025-05-18,Orthopaedics Ward B,4.916666666666667,9.875,0.4986111111111111
HHN-EDI-01,2025-05-19,Orthopaedics Ward B,5.708333333333333,9.958333333333334,0.5740740740740741
HHN-EDI-01,2025-05-20,Orthopaedics Ward B,5.25,9.958333333333334,0.5273148148148148
HHN-EDI-01,2025-05-21,Orthopaedics Ward B,7.041666666666667,9.958333333333334,0.7074074074074074
HHN-EDI-01,2025-05-22,Orthopaedics Ward B,8.5,9.958333333333334,0.8537037037037037
HHN-EDI-01,2025-05-23,Orthopaedics Ward B,9.5,9.875,0.962037037037037
HHN-EDI-01,2025-05-24,Orthopaedics Ward B,9.583333333333334,9.958333333333334,0.9625
HHN-EDI-01,2025-05-25,Orthopaedics Ward B,9.291666666666666,9.958333333333334,0.9333333333333332
HHN-EDI-01,2025-05-26,Orthopaedics Ward B,9.041666666666666,9.958333333333334,0.9083333333333333
HHN-EDI-01,2025-05-27,Orthopaedics Ward B,9.958333333333334,9.958333333333334,1.0
HHN-EDI-01,2025-05-28,Orthopaedics Ward B,9.833333333333334,9.958333333333334,0.9874999999999999
HHN-EDI-01,2025-05-29,Orthopaedics Ward B,9.666666666666666,10.0,0.9666666666666667
HHN-EDI-01,2025-05-30,Orthopaedics Ward B,9.375,9.875,0.9500000000000001
HHN-EDI-01,2025-05-31,Orthopaedics Ward B,9.416666666666666,9.875,0.9541666666666666
HHN-EDI-01,2025-06-01,Orthopaedics Ward B,9.916666666666666,9.916666666666666,1.0
HHN-EDI-01,2025-06-02,Orthopaedics Ward B,7.0,10.0,0.7000000000000001
HHN-EDI-01,2025-06-03,Orthopaedics Ward B,6.458333333333333,9.916666666666666,0.6504629629629629
HHN-EDI-01,2025-06-04,Orthopaedics Ward B,8.166666666666666,9.958333333333334,0.8208333333333333
HHN-EDI-01,2025-06-05,Orthopaedics Ward B,9.75,10.0,0.975
HHN-EDI-01,2025-06-06,Orthopaedics Ward B,9.958333333333334,9.958333333333334,1.0
HHN-EDI-01,2025-06-07,Orthopaedics Ward B,9.875,9.875,1.0
HHN-EDI-01,2025-06-08,Orthopaedics Ward B,9.916666666666666,9.916666666666666,1.0
HHN-EDI-01,2025-06-09,Orthopaedics Ward B,10.0,10.0,1.0
HHN-EDI-01,2025-06-10,Orthopaedics Ward B,10.0,10.0,1.0
HHN-EDI-01,2025-06-11,Orthopaedics Ward B,9.916666666666666,9.916666666666666,1.0
HHN-EDI-01,2025-06-12,Orthopaedics Ward B,10.0,10.0,1.0
HHN-EDI-01,2025-06-13,Orthopaedics Ward B,10.0,10.0,1.0
HHN-EDI-01,2025-06-14,Orthopaedics Ward B,9.333333333333334,9.916666666666666,0.9416666666666668
HHN-EDI-01,2025-06-15,Orthopaedics Ward B,9.708333333333334,9.916666666666666,0.9791666666666666
HHN-EDI-01,2025-06-16,Orthopaedics Ward B,9.875,9.958333333333334,0.9916666666666667
HHN-EDI-01,2025-06-17,Orthopaedics Ward B,9.708333333333334,10.0,0.9708333333333333
HHN-EDI-01,2025-06-18,Orthopaedics Ward B,9.833333333333334,9.833333333333334,1.0
HHN-EDI-01,2025-06-19,Orthopaedics Ward B,10.0,10.0,1.0
HHN-EDI-01,2025-06-20,Orthopaedics Ward B,10.0,10.0,1.0
HHN-EDI-01,2025-06-21,Orthopaedics Ward B,10.0,10.0,1.0
HHN-EDI-01,2025-06-22,Orthopaedics Ward B,9.916666666666666,9.916666666666666,1.0
HHN-EDI-01,2025-06-23,Orthopaedics Ward B,9.875,9.875,1.0
HHN-EDI-01,2025-06-24,Orthopaedics Ward B,8.375,9.916666666666666,0.8449074074074074
HHN-EDI-01,2025-06-25,Orthopaedics Ward B,8.041666666666666,10.0,0.8041666666666667
HHN-EDI-01,2025-06-26,Orthopaedics Ward B,8.291666666666666,9.916666666666666,0.837037037037037
HHN-EDI-01,2025-06-27,Orthopaedics Ward B,7.875,9.875,0.7986111111111112
HHN-EDI-01,2025-06-28,Orthopaedics Ward B,7.916666666666667,9.875,0.8023148148148148
HHN-EDI-01,2025-06-29,Orthopaedics Ward B,7.416666666666667,9.916666666666666,0.7490740740740741
HHN-EDI-01,2025-06-30,Orthopaedics Ward B,8.75,9.916666666666666,0.8833333333333333
HHN-EDI-01,2025-07-01,Orthopaedics Ward B,9.916666666666666,9.916666666666666,1.0
HHN-EDI-01,2025-07-02,Orthopaedics Ward B,10.0,10.0,1.0
HHN-EDI-01,2025-07-03,Orthopaedics Ward B,10.0,10.0,1.0
HHN-EDI-01,2025-07-04,Orthopaedics Ward B,10.0,10.0,1.0
HHN-EDI-01,2025-07-05,Orthopaedics Ward B,9.125,9.916666666666666,0.9208333333333334
HHN-EDI-01,2025-07-06,Orthopaedics Ward B,7.583333333333333,9.958333333333334,0.7615740740740741
HHN-EDI-01,2025-07-07,Orthopaedics Ward B,8.541666666666666,9.958333333333334,0.8583333333333334
HHN-EDI-01,2025-07-08,Orthopaedics Ward B,9.875,9.958333333333334,0.9916666666666667
HHN-EDI-01,2025-07-09,Orthopaedics Ward B,9.666666666666666,10.0,0.9666666666666667
HHN-EDI-01,2025-07-10,Orthopaedics Ward B,9.375,10.0,0.9375
HHN-EDI-01,2025-07-11,Orthopaedics Ward B,9.958333333333334,9.958333333333334,1.0
HHN-EDI-01,2025-07-12,Orthopaedics Ward B,9.875,9.875,1.0
HHN-EDI-01,2025-07-13,Orthopaedics Ward B,10.0,10.0,1.0
HHN-EDI-01,2025-07-14,Orthopaedics Ward B,9.958333333333334,9.958333333333334,1.0
HHN-EDI-01,2025-07-15,Orthopaedics Ward B,9.916666666666666,9.916666666666666,1.0
HHN-EDI-01,2025-07-16,Orthopaedics Ward B,10.0,10.0,1.0
HHN-EDI-01,2025-07-17,Orthopaedics Ward B,9.791666666666666,9.958333333333334,0.9833333333333334
HHN-EDI-01,2025-07-18,Orthopaedics Ward B,6.958333333333333,9.958333333333334,0.6990740740740741
HHN-EDI-01,2025-07-19,Orthopaedics Ward B,5.583333333333333,9.958333333333334,0.5606481481481481
HHN-EDI-01,2025-07-20,Orthopaedics Ward B,5.958333333333333,9.875,0.6041666666666666
HHN-EDI-01,2025-07-21,Orthopaedics Ward B,5.875,9.958333333333334,0.5902777777777778
HHN-EDI-01,2025-07-22,Orthopaedics Ward B,5.75,10.0,0.575
HHN-EDI-01,2025-07-23,Orthopaedics Ward B,5.291666666666667,9.916666666666666,0.5337962962962963
HHN-EDI-01,2025-07-24,Orthopaedics Ward B,4.708333333333333,10.0,0.4708333333333334
HHN-EDI-01,2025-07-25,Orthopaedics Ward B,5.333333333333333,9.916666666666666,0.538425925925926
HHN-EDI-01,2025-07-26,Orthopaedics Ward B,5.541666666666667,9.833333333333334,0.5638888888888889
HHN-EDI-01,2025-07-27,Orthopaedics Ward B,7.041666666666667,9.916666666666666,0.711574074074074
HHN-EDI-01,2025-07-28,Orthopaedics Ward B,9.25,9.958333333333334,0.9291666666666667
HHN-EDI-01,2025-07-29,Orthopaedics Ward B,9.583333333333334,9.875,0.9708333333333333
HHN-EDI-01,2025-07-30,Orthopaedics Ward B,9.833333333333334,10.0,0.9833333333333334
HHN-EDI-01,2025-07-31,Orthopaedics Ward B,9.916666666666666,9.916666666666666,1.0
HHN-EDI-01,2025-08-01,Orthopaedics Ward B,9.833333333333334,9.916666666666666,0.9916666666666667
HHN-EDI-01,2025-08-02,Orthopaedics Ward B,9.875,9.875,1.0
HHN-EDI-01,2025-08-03,Orthopaedics Ward B,9.791666666666666,9.958333333333334,0.9833333333333334
HHN-EDI-01,2025-08-04,Orthopaedics Ward B,9.791666666666666,9.916666666666666,0.9874999999999999
HHN-EDI-01,2025-08-05,Orthopaedics Ward B,9.541666666666666,10.0,0.9541666666666666
HHN-EDI-01,2025-08-06,Orthopaedics Ward B,9.916666666666666,9.916666666666666,1.0
HHN-EDI-01,2025-08-07,Orthopaedics Ward B,9.916666666666666,9.916666666666666,1.0
HHN-EDI-01,2025-08-08,Orthopaedics Ward B,9.916666666666666,9.916666666666666,1.0
HHN-EDI-01,2025-08-09,Orthopaedics Ward B,9.875,9.875,1.0
HHN-EDI-01,2025-08-10,Orthopaedics Ward B,9.916666666666666,9.916666666666666,1.0
HHN-EDI-01,2025-08-11,Orthopaedics Ward B,10.0,10.0,1.0
HHN-EDI-01,2025-08-12,Orthopaedics Ward B,9.625,9.916666666666666,0.9708333333333333
HHN-EDI-01,2025-08-13,Orthopaedics Ward B,9.625,10.0,0.9625
HHN-EDI-01,2025-08-14,Orthopaedics Ward B,7.916666666666667,9.916666666666666,0.799074074074074
HHN-EDI-01,2025-08-15,Orthopaedics Ward B,7.375,9.875,0.7472222222222222
HHN-EDI-01,2025-08-16,Orthopaedics Ward B,9.75,9.75,1.0
HHN-EDI-01,2025-08-17,Orthopaedics Ward B,9.708333333333334,9.875,0.9833333333333334
HHN-EDI-01,2025-08-18,Orthopaedics Ward B,6.625,9.958333333333334,0.6657407407407407
HHN-EDI-01,2025-08-19,Orthopaedics Ward B,5.125,10.0,0.5125000000000001
HHN-EDI-01,2025-08-20,Orthopaedics Ward B,5.333333333333333,9.958333333333334,0.5361111111111111
HHN-EDI-01,2025-08-21,Orthopaedics Ward B,5.666666666666667,9.958333333333334,0.5689814814814814
HHN-EDI-01,2025-08-22,Orthopaedics Ward B,5.666666666666667,9.958333333333334,0.5694444444444444
HHN-EDI-01,2025-08-23,Orthopaedics Ward B,5.666666666666667,9.916666666666666,0.5731481481481481
HHN-EDI-01,2025-08-24,Orthopaedics Ward B,6.083333333333333,9.916666666666666,0.6143518518518518
HHN-EDI-01,2025-08-25,Orthopaedics Ward B,5.125,10.0,0.5125000000000001
HHN-EDI-01,2025-08-26,Orthopaedics Ward B,5.75,10.0,0.575
HHN-EDI-01,2025-08-27,Orthopaedics Ward B,7.5,9.875,0.7606481481481482
HHN-EDI-01,2025-08-28,Orthopaedics Ward B,8.0,10.0,0.8000000000000002
HHN-EDI-01,2025-08-29,Orthopaedics Ward B,7.291666666666667,9.958333333333334,0.7324074074074073
HHN-EDI-01,2025-08-30,Orthopaedics Ward B,7.291666666666667,9.916666666666666,0.7361111111111112
HHN-EDI-01,2025-08-31,Orthopaedics Ward B,7.541666666666667,10.0,0.7541666666666668
HHN-EDI-01,2025-09-01,Orthopaedics Ward B,8.75,9.958333333333334,0.8782407407407408
HHN-EDI-01,2025-09-02,Orthopaedics Ward B,8.458333333333334,9.916666666666666,0.8532407407407407
HHN-EDI-01,2025-09-03,Orthopaedics Ward B,8.583333333333334,10.0,0.8583333333333334
HHN-EDI-01,2025-09-04,Orthopaedics Ward B,9.958333333333334,9.958333333333334,1.0
HHN-EDI-01,2025-09-05,Orthopaedics Ward B,9.875,9.875,1.0
HHN-EDI-01,2025-09-06,Orthopaedics Ward B,9.875,9.875,1.0
HHN-EDI-01,2025-09-07,Orthopaedics Ward B,9.916666666666666,9.916666666666666,1.0
HHN-EDI-01,2025-09-08,Orthopaedics Ward B,9.916666666666666,9.916666666666666,1.0
HHN-EDI-01,2025-09-09,Orthopaedics Ward B,9.416666666666666,10.0,0.9416666666666668
HHN-EDI-01,2025-09-10,Orthopaedics Ward B,7.791666666666667,9.958333333333334,0.7824074074074074
HHN-EDI-01,2025-09-11,Orthopaedics Ward B,8.875,9.958333333333334,0.8912037037037037
HHN-EDI-01,2025-09-12,Orthopaedics Ward B,8.958333333333334,9.958333333333334,0.9
HHN-EDI-01,2025-09-13,Orthopaedics Ward B,7.75,9.916666666666666,0.7824074074074074
HHN-EDI-01,2025-09-14,Orthopaedics Ward B,6.541666666666667,9.958333333333334,0.6574074074074074
HHN-EDI-01,2025-09-15,Orthopaedics Ward B,6.333333333333333,9.958333333333334,0.637037037037037
HHN-EDI-01,2025-09-16,Orthopaedics Ward B,8.541666666666666,9.916666666666666,0.862037037037037
HHN-EDI-01,2025-09-17,Orthopaedics Ward B,8.125,9.916666666666666,0.8203703703703704
HHN-EDI-01,2025-09-18,Orthopaedics Ward B,9.75,10.0,0.975
HHN-EDI-01,2025-09-19,Orthopaedics Ward B,8.958333333333334,10.0,0.8958333333333334
HHN-EDI-01,2025-09-20,Orthopaedics Ward B,6.125,9.958333333333334,0.6157407407407407
HHN-EDI-01,2025-09-21,Orthopaedics Ward B,7.458333333333333,9.958333333333334,0.7490740740740741
HHN-EDI-01,2025-09-22,Orthopaedics Ward B,5.708333333333333,10.0,0.5708333333333333
HHN-EDI-01,2025-09-23,Orthopaedics Ward B,5.125,9.958333333333334,0.5148148148148148
HHN-EDI-01,2025-09-24,Orthopaedics Ward B,5.0,9.833333333333334,0.5092592592592592
HHN-EDI-01,2025-09-25,Orthopaedics Ward B,6.666666666666667,9.916666666666666,0.6722222222222222
HHN-EDI-01,2025-09-26,Orthopaedics Ward B,6.541666666666667,9.958333333333334,0.6569444444444444
HHN-EDI-01,2025-09-27,Orthopaedics Ward B,5.833333333333333,9.958333333333334,0.5861111111111111
HHN-EDI-01,2025-09-28,Orthopaedics Ward B,8.625,10.0,0.8624999999999999
HHN-EDI-01,2025-09-29,Orthopaedics Ward B,9.458333333333334,9.916666666666666,0.9532407407407407
HHN-EDI-01,2025-09-30,Orthopaedics Ward B,9.708333333333334,10.0,0.9708333333333333
HHN-EDI-01,2025-10-01,Orthopaedics Ward B,9.375,9.791666666666666,0.9583333333333334
HHN-EDI-01,2025-10-02,Orthopaedics Ward B,9.291666666666666,9.916666666666666,0.9370370370370371
HHN-EDI-01,2025-10-03,Orthopaedics Ward B,8.541666666666666,9.916666666666666,0.8624999999999999
HHN-EDI-01,2025-10-04,Orthopaedics Ward B,8.666666666666666,9.916666666666666,0.875
HHN-EDI-01,2025-10-05,Orthopaedics Ward B,8.875,9.958333333333334,0.8916666666666667
HHN-EDI-01,2025-10-06,Orthopaedics Ward B,9.583333333333334,9.916666666666666,0.9666666666666667
HHN-EDI-01,2025-10-07,Orthopaedics Ward B,10.0,10.0,1.0
HHN-EDI-01,2025-10-08,Orthopaedics Ward B,9.958333333333334,9.958333333333334,1.0
HHN-EDI-01,2025-10-09,Orthopaedics Ward B,9.958333333333334,9.958333333333334,1.0
HHN-EDI-01,2025-10-10,Orthopaedics Ward B,10.0,9.958333333333334,1.0
HHN-EDI-01,2025-10-11,Orthopaedics Ward B,9.916666666666666,9.916666666666666,1.0
HHN-EDI-01,2025-10-12,Orthopaedics Ward B,10.0,10.0,1.0
HHN-EDI-01,2025-10-13,Orthopaedics Ward B,9.916666666666666,9.916666666666666,1.0
HHN-EDI-01,2025-10-14,Orthopaedics Ward B,9.958333333333334,9.958333333333334,1.0
HHN-EDI-01,2025-10-15,Orthopaedics Ward B,9.125,9.958333333333334,0.9166666666666666
HHN-EDI-01,2025-10-16,Orthopaedics Ward B,6.666666666666667,9.916666666666666,0.672685185185185
HHN-EDI-01,2025-10-17,Orthopaedics Ward B,5.958333333333333,10.0,0.5958333333333333
HHN-EDI-01,2025-10-18,Orthopaedics Ward B,3.3333333333333335,9.875,0.33888888888888885
HHN-EDI-01,2025-10-19,Orthopaedics Ward B,2.5833333333333335,9.75,0.2648148148148148
HHN-EDI-01,2025-10-20,Orthopaedics Ward B,4.291666666666667,10.0,0.4291666666666667
HHN-EDI-01,2025-10-21,Orthopaedics Ward B,6.291666666666667,10.0,0.6291666666666667
HHN-EDI-01,2025-10-22,Orthopaedics Ward B,8.75,9.916666666666666,0.8833333333333333
HHN-EDI-01,2025-10-23,Orthopaedics Ward B,9.791666666666666,9.916666666666666,0.9874999999999999
HHN-EDI-01,2025-10-24,Orthopaedics Ward B,10.0,10.0,1.0
HHN-EDI-01,2025-10-25,Orthopaedics Ward B,10.0,10.0,1.0
HHN-EDI-01,2025-10-26,Orthopaedics Ward B,8.625,9.958333333333334,0.8662037037037037
HHN-EDI-01,2025-10-27,Orthopaedics Ward B,9.666666666666666,9.875,0.9791666666666666
HHN-EDI-01,2025-10-28,Orthopaedics Ward B,9.875,9.875,1.0
HHN-EDI-01,2025-10-29,Orthopaedics Ward B,9.208333333333334,10.0,0.9208333333333334
HHN-EDI-01,2025-10-30,Orthopaedics Ward B,9.416666666666666,10.0,0.9416666666666668
HHN-EDI-01,2025-10-31,Orthopaedics Ward B,9.708333333333334,10.0,0.9708333333333333
HHN-EDI-01,2025-11-01,Orthopaedics Ward B,8.375,10.0,0.8375
HHN-EDI-01,2025-11-02,Orthopaedics Ward B,8.083333333333334,9.916666666666666,0.8166666666666668
HHN-EDI-01,2025-11-03,Orthopaedics Ward B,9.166666666666666,9.916666666666666,0.9249999999999999
HHN-EDI-01,2025-11-04,Orthopaedics Ward B,8.708333333333334,10.0,0.8708333333333335
HHN-EDI-01,2025-11-05,Orthopaedics Ward B,9.875,9.875,1.0
HHN-EDI-01,2025-11-06,Orthopaedics Ward B,9.916666666666666,9.916666666666666,1.0
HHN-EDI-01,2025-11-07,Orthopaedics Ward B,9.958333333333334,9.958333333333334,1.0
HHN-EDI-01,2025-11-08,Orthopaedics Ward B,9.958333333333334,9.958333333333334,1.0
HHN-EDI-01,2025-11-09,Orthopaedics Ward B,9.875,9.875,1.0
HHN-EDI-01,2025-11-10,Orthopaedics Ward B,9.958333333333334,9.958333333333334,1.0
HHN-EDI-01,2025-11-11,Orthopaedics Ward B,9.916666666666666,9.916666666666666,1.0
HHN-EDI-01,2025-11-12,Orthopaedics Ward B,9.958333333333334,9.958333333333334,1.0
HHN-EDI-01,2025-11-13,Orthopaedics Ward B,10.0,10.0,1.0
HHN-EDI-01,2025-11-14,Orthopaedics Ward B,10.0,10.0,1.0
HHN-EDI-01,2025-11-15,Orthopaedics Ward B,9.708333333333334,9.958333333333334,0.975
HHN-EDI-01,2025-11-16,Orthopaedics Ward B,9.458333333333334,10.0,0.9458333333333333
HHN-EDI-01,2025-11-17,Orthopaedics Ward B,10.0,10.0,1.0
HHN-EDI-01,2025-11-18,Orthopaedics Ward B,9.958333333333334,9.958333333333334,1.0
HHN-EDI-01,2025-11-19,Orthopaedics Ward B,10.0,10.0,1.0
HHN-EDI-01,2025-11-20,Orthopaedics Ward B,9.916666666666666,9.916666666666666,1.0
HHN-EDI-01,2025-11-21,Orthopaedics Ward B,9.833333333333334,9.833333333333334,1.0
HHN-EDI-01,2025-11-22,Orthopaedics Ward B,9.916666666666666,9.916666666666666,1.0
HHN-EDI-01,2025-11-23,Orthopaedics Ward B,9.833333333333334,9.833333333333334,1.0
HHN-EDI-01,2025-11-24,Orthopaedics Ward B,9.958333333333334,9.958333333333334,1.0
HHN-EDI-01,2025-11-25,Orthopaedics Ward B,9.916666666666666,9.958333333333334,0.9958333333333332
HHN-EDI-01,2025-11-26,Orthopaedics Ward B,7.875,9.916666666666666,0.7939814814814815
HHN-EDI-01,2025-11-27,Orthopaedics Ward B,7.25,9.916666666666666,0.7314814814814815
HHN-EDI-01,2025-11-28,Orthopaedics Ward B,6.708333333333333,10.0,0.6708333333333333
HHN-EDI-01,2025-11-29,Orthopaedics Ward B,5.875,9.958333333333334,0.5898148148148148
HHN-EDI-01,2025-11-30,Orthopaedics Ward B,5.5,10.0,0.5499999999999999
HHN-EDI-01,2025-12-01,Orthopaedics Ward B,4.541666666666667,10.0,0.45416666666666666
HHN-EDI-01,2025-12-02,Orthopaedics Ward B,4.875,9.916666666666666,0.4916666666666667
HHN-EDI-01,2025-12-03,Orthopaedics Ward B,8.0,9.958333333333334,0.8041666666666667
HHN-EDI-01,2025-12-04,Orthopaedics Ward B,8.708333333333334,9.875,0.8828703703703704
HHN-EDI-01,2025-12-05,Orthopaedics Ward B,7.708333333333333,9.916666666666666,0.7777777777777778
HHN-EDI-01,2025-12-06,Orthopaedics Ward B,6.583333333333333,9.916666666666666,0.6648148148148149
HHN-EDI-01,2025-12-07,Orthopaedics Ward B,6.208333333333333,9.958333333333334,0.6236111111111111
HHN-EDI-01,2025-12-08,Orthopaedics Ward B,7.875,9.875,0.7986111111111112
HHN-EDI-01,2025-12-09,Orthopaedics Ward B,9.083333333333334,9.916666666666666,0.9166666666666666
HHN-EDI-01,2025-12-10,Orthopaedics Ward B,8.166666666666666,9.958333333333334,0.8203703703703704
HHN-EDI-01,2025-12-11,Orthopaedics Ward B,6.583333333333333,9.916666666666666,0.6648148148148149
HHN-EDI-01,2025-12-12,Orthopaedics Ward B,9.375,9.916666666666666,0.9458333333333333
HHN-EDI-01,2025-12-13,Orthopaedics Ward B,9.833333333333334,9.833333333333334,1.0
HHN-EDI-01,2025-12-14,Orthopaedics Ward B,9.75,9.75,1.0
HHN-EDI-01,2025-12-15,Orthopaedics Ward B,9.708333333333334,9.833333333333334,0.9874999999999999
HHN-EDI-01,2025-12-16,Orthopaedics Ward B,9.625,9.916666666666666,0.9708333333333333
HHN-EDI-01,2025-12-17,Orthopaedics Ward B,9.833333333333334,9.833333333333334,1.0
HHN-EDI-01,2025-12-18,Orthopaedics Ward B,9.958333333333334,9.958333333333334,1.0
HHN-EDI-01,2025-12-19,Orthopaedics Ward B,9.375,9.875,0.9500000000000001
HHN-EDI-01,2025-12-20,Orthopaedics Ward B,9.875,9.875,1.0
HHN-EDI-01,2025-12-21,Orthopaedics Ward B,9.375,9.708333333333334,0.9666666666666667
HHN-EDI-01,2025-12-22,Orthopaedics Ward B,8.833333333333334,10.0,0.8833333333333333
HHN-EDI-01,2025-12-23,Orthopaedics Ward B,8.333333333333334,9.875,0.8449074074074074
HHN-EDI-01,2025-12-24,Orthopaedics Ward B,9.75,9.916666666666666,0.9833333333333334
HHN-EDI-01,2025-12-25,Orthopaedics Ward B,9.458333333333334,9.875,0.9583333333333334
HHN-EDI-01,2025-12-26,Orthopaedics Ward B,9.875,9.875,1.0
HHN-EDI-01,2025-12-27,Orthopaedics Ward B,9.875,9.875,1.0
HHN-EDI-01,2025-12-28,Orthopaedics Ward B,10.0,10.0,1.0
HHN-EDI-01,2025-12-29,Orthopaedics Ward B,9.958333333333334,9.958333333333334,1.0
HHN-EDI-01,2025-12-30,Orthopaedics Ward B,9.791666666666666,9.916666666666666,0.9874999999999999
HHN-EDI-01,2025-12-31,Orthopaedics Ward B,9.833333333333334,9.916666666666666,0.9916666666666667
HHN-LON-01,2024-01-01,Orthopaedics Ward B,1.0416666666666667,27.833333333333332,0.03788071496404828
HHN-LON-01,2024-01-02,Orthopaedics Ward B,7.541666666666667,27.625,0.2715094627594627
HHN-LON-01,2024-01-03,Orthopaedics Ward B,16.208333333333332,28.0,0.5788690476190476
HHN-LON-01,2024-01-04,Orthopaedics Ward B,24.041666666666668,27.75,0.8675595238095238
HHN-LON-01,2024-01-05,Orthopaedics Ward B,27.625,27.708333333333332,0.9970238095238096
HHN-LON-01,2024-01-06,Orthopaedics Ward B,27.375,27.5,0.9955357142857143
HHN-LON-01,2024-01-07,Orthopaedics Ward B,27.458333333333332,27.458333333333332,1.0
HHN-LON-01,2024-01-08,Orthopaedics Ward B,26.125,27.791666666666668,0.9404210758377426
HHN-LON-01,2024-01-09,Orthopaedics Ward B,27.5,27.791666666666668,0.9895833333333334
HHN-LON-01,2024-01-10,Orthopaedics Ward B,27.958333333333332,27.958333333333332,1.0
HHN-LON-01,2024-01-11,Orthopaedics Ward B,27.708333333333332,27.875,0.9940476190476191
HHN-LON-01,2024-01-12,Orthopaedics Ward B,27.833333333333332,27.833333333333332,1.0
HHN-LON-01,2024-01-13,Orthopaedics Ward B,27.458333333333332,27.458333333333332,1.0
HHN-LON-01,2024-01-14,Orthopaedics Ward B,27.541666666666668,27.541666666666668,1.0
HHN-LON-01,2024-01-15,Orthopaedics Ward B,27.666666666666668,27.666666666666668,1.0
HHN-LON-01,2024-01-16,Orthopaedics Ward B,27.583333333333332,27.583333333333332,1.0
HHN-LON-01,2024-01-17,Orthopaedics Ward B,27.875,27.875,1.0
HHN-LON-01,2024-01-18,Orthopaedics Ward B,27.666666666666668,27.666666666666668,1.0
HHN-LON-01,2024-01-19,Orthopaedics Ward B,27.875,27.875,1.0
HHN-LON-01,2024-01-20,Orthopaedics Ward B,25.291666666666668,27.791666666666668,0.9103708791208791
HHN-LON-01,2024-01-21,Orthopaedics Ward B,21.5,27.916666666666668,0.7703924162257496
HHN-LON-01,2024-01-22,Orthopaedics Ward B,20.583333333333332,27.958333333333332,0.736276455026455
HHN-LON-01,2024-01-23,Orthopaedics Ward B,20.208333333333332,27.666666666666668,0.7313205467372135
HHN-LON-01,2024-01-24,Orthopaedics Ward B,23.666666666666668,27.625,0.8577597171347171
HHN-LON-01,2024-01-25,Orthopaedics Ward B,24.333333333333332,27.791666666666668,0.8759199905033239
HHN-LON-01,2024-01-26,Orthopaedics Ward B,26.291666666666668,28.0,0.9389880952380952
HHN-LON-01,2024-01-27,Orthopaedics Ward B,27.041666666666668,27.041666666666668,1.0
HHN-LON-01,2024-01-28,Orthopaedics Ward B,27.541666666666668,27.541666666666668,1.0
HHN-LON-01,2024-01-29,Orthopaedics Ward B,27.958333333333332,27.958333333333332,1.0
HHN-LON-01,2024-01-30,Orthopaedics Ward B,27.875,28.0,0.9955357142857143
HHN-LON-01,2024-01-31,Orthopaedics Ward B,27.75,27.75,1.0
HHN-LON-01,2024-02-01,Orthopaedics Ward B,27.666666666666668,27.666666666666668,1.0
HHN-LON-01,2024-02-02,Orthopaedics Ward B,27.791666666666668,27.791666666666668,1.0
HHN-LON-01,2024-02-03,Orthopaedics Ward B,27.083333333333332,27.083333333333332,1.0
HHN-LON-01,2024-02-04,Orthopaedics Ward B,26.583333333333332,27.625,0.9627976190476191
HHN-LON-01,2024-02-05,Orthopaedics Ward B,20.416666666666668,27.666666666666668,0.7391849816849817
HHN-LON-01,2024-02-06,Orthopaedics Ward B,24.625,27.666666666666668,0.8905672568172568
HHN-LON-01,2024-02-07,Orthopaedics Ward B,24.541666666666668,27.875,0.8809523809523809
HHN-LON-01,2024-02-08,Orthopaedics Ward B,27.458333333333332,27.458333333333332,1.0
HHN-LON-01,2024-02-09,Orthopaedics Ward B,27.666666666666668,27.666666666666668,1.0
HHN-LON-01,2024-02-10,Orthopaedics Ward B,27.625,27.625,1.0
HHN-LON-01,2024-02-11,Orthopaedics Ward B,27.458333333333332,27.458333333333332,1.0
HHN-LON-01,2024-02-12,Orthopaedics Ward B,27.375,27.916666666666668,0.980654761904762
HHN-LON-01,2024-02-13,Orthopaedics Ward B,27.833333333333332,27.875,0.9985119047619048
HHN-LON-01,2024-02-14,Orthopaedics Ward B,27.875,27.875,1.0
HHN-LON-01,2024-02-15,Orthopaedics Ward B,27.875,27.875,1.0
HHN-LON-01,2024-02-16,Orthopaedics Ward B,27.458333333333332,27.458333333333332,1.0
HHN-LON-01,2024-02-17,Orthopaedics Ward B,27.75,27.75,1.0
HHN-LON-01,2024-02-18,Orthopaedics Ward B,27.833333333333332,27.833333333333332,1.0
HHN-LON-01,2024-02-19,Orthopaedics Ward B,27.916666666666668,27.916666666666668,1.0
HHN-LON-01,2024-02-20,Orthopaedics Ward B,27.875,27.875,1.0
HHN-LON-01,2024-02-21,Orthopaedics Ward B,27.666666666666668,27.666666666666668,1.0
HHN-LON-01,2024-02-22,Orthopaedics Ward B,27.666666666666668,27.666666666666668,1.0
HHN-LON-01,2024-02-23,Orthopaedics Ward B,27.333333333333332,27.833333333333332,0.9821428571428572
HHN-LON-01,2024-02-24,Orthopaedics Ward B,19.375,27.541666666666668,0.7052083333333333
HHN-LON-01,2024-02-25,Orthopaedics Ward B,23.0,27.583333333333332,0.8340773809523809
HHN-LON-01,2024-02-26,Orthopaedics Ward B,28.0,28.0,1.0
HHN-LON-01,2024-02-27,Orthopaedics Ward B,27.875,27.875,1.0
HHN-LON-01,2024-02-28,Orthopaedics Ward B,27.708333333333332,27.708333333333332,1.0
HHN-LON-01,2024-02-29,Orthopaedics Ward B,27.833333333333332,27.833333333333332,1.0
HHN-LON-01,2024-03-01,Orthopaedics Ward B,27.208333333333332,28.0,0.9717261904761906
HHN-LON-01,2024-03-02,Orthopaedics Ward B,23.875,27.625,0.8653841066341066
HHN-LON-01,2024-03-03,Orthopaedics Ward B,18.0,27.666666666666668,0.6517402659069326
HHN-LON-01,2024-03-04,Orthopaedics Ward B,18.041666666666668,28.0,0.6443452380952381
HHN-LON-01,2024-03-05,Orthopaedics Ward B,18.708333333333332,28.0,0.6681547619047619
HHN-LON-01,2024-03-06,Orthopaedics Ward B,19.333333333333332,27.833333333333332,0.6954365079365079
HHN-LON-01,2024-03-07,Orthopaedics Ward B,20.75,28.0,0.7410714285714285
HHN-LON-01,2024-03-08,Orthopaedics Ward B,23.125,28.0,0.8258928571428572
HHN-LON-01,2024-03-09,Orthopaedics Ward B,25.708333333333332,27.833333333333332,0.9241071428571429
HHN-LON-01,2024-03-10,Orthopaedics Ward B,27.958333333333332,28.0,0.9985119047619048
HHN-LON-01,2024-03-11,Orthopaedics Ward B,27.75,27.833333333333332,0.9970238095238094
HHN-LON-01,2024-03-12,Orthopaedics Ward B,27.333333333333332,27.833333333333332,0.9821428571428572
HHN-LON-01,2024-03-13,Orthopaedics Ward B,27.958333333333332,27.958333333333332,1.0
HHN-LON-01,2024-03-14,Orthopaedics Ward B,27.833333333333332,27.833333333333332,1.0
HHN-LON-01,2024-03-15,Orthopaedics Ward B,28.0,28.0,1.0
HHN-LON-01,2024-03-16,Orthopaedics Ward B,26.583333333333332,28.0,0.9494047619047619
HHN-LON-01,2024-03-17,Orthopaedics Ward B,24.833333333333332,27.625,0.9001873897707231
HHN-LON-01,2024-03-18,Orthopaedics Ward B,24.375,28.0,0.8705357142857143
HHN-LON-01,2024-03-19,Orthopaedics Ward B,21.625,28.0,0.7723214285714285
HHN-LON-01,2024-03-20,Orthopaedics Ward B,20.958333333333332,27.833333333333332,0.7532899199565866
HHN-LON-01,2024-03-21,Orthopaedics Ward B,24.375,27.958333333333332,0.8718584656084656
HHN-LON-01,2024-03-22,Orthopaedics Ward B,24.0,27.833333333333332,0.8628472222222222
HHN-LON-01,2024-03-23,Orthopaedics Ward B,21.125,27.958333333333332,0.7556768077601411
HHN-LON-01,2024-03-24,Orthopaedics Ward B,22.5,27.375,0.8238690476190476
HHN-LON-01,2024-03-25,Orthopaedics Ward B,21.791666666666668,27.916666666666668,0.7810210622710622
HHN-LON-01,2024-03-26,Orthopaedics Ward B,20.75,27.916666666666668,0.7433608058608058
HHN-LON-01,2024-03-27,Orthopaedics Ward B,18.083333333333332,27.875,0.6494047619047619
HHN-LON-01,2024-03-28,Orthopaedics Ward B,19.583333333333332,27.916666666666668,0.7016941391941391
HHN-LON-01,2024-03-29,Orthopaedics Ward B,24.5,27.625,0.8872657203907205
HHN-LON-01,2024-03-30,Orthopaedics Ward B,26.791666666666668,27.75,0.9657738095238096
HHN-LON-01,2024-03-31,Orthopaedics Ward B,27.583333333333332,27.875,0.9895833333333334
HHN-LON-01,2024-04-01,Orthopaedics Ward B,27.791666666666668,28.0,0.9925595238095238
HHN-LON-01,2024-04-02,Orthopaedics Ward B,27.666666666666668,27.791666666666668,0.9955357142857143
HHN-LON-01,2024-04-03,Orthopaedics Ward B,26.416666666666668,27.833333333333332,0.9494047619047619
HHN-LON-01,2024-04-04,Orthopaedics Ward B,27.0,28.0,0.9642857142857143
HHN-LON-01,2024-04-05,Orthopaedics Ward B,24.958333333333332,27.875,0.8954761904761904
HHN-LON-01,2024-04-06,Orthopaedics Ward B,25.541666666666668,27.916666666666668,0.9150641025641026
HHN-LON-01,2024-04-07,Orthopaedics Ward B,24.25,27.875,0.8701923076923076
HHN-LON-01,2024-04-08,Orthopaedics Ward B,22.833333333333332,28.0,0.8154761904761904
HHN-LON-01,2024-04-09,Orthopaedics Ward B,20.375,27.75,0.7358928571428572
HHN-LON-01,2024-04-10,Orthopaedics Ward B,27.5,28.0,0.9821428571428572
HHN-LON-01,2024-04-11,Orthopaedics Ward B,27.916666666666668,27.916666666666668,1.0
HHN-LON-01,2024-04-12,Orthopaedics Ward B,27.541666666666668,27.541666666666668,1.0
HHN-LON-01,2024-04-13,Orthopaedics Ward B,27.5,27.5,1.0
HHN-LON-01,2024-04-14,Orthopaedics Ward B,27.0,27.708333333333332,0.9747023809523809
HHN-LON-01,2024-04-15,Orthopaedics Ward B,25.208333333333332,28.0,0.9002976190476191
HHN-LON-01,2024-04-16,Orthopaedics Ward B,23.166666666666668,27.916666666666668,0.8300137362637363
HHN-LON-01,2024-04-17,Orthopaedics Ward B,26.083333333333332,27.875,0.9358465608465609
HHN-LON-01,2024-04-18,Orthopaedics Ward B,27.708333333333332,27.708333333333332,1.0
HHN-LON-01,2024-04-19,Orthopaedics Ward B,27.833333333333332,27.833333333333332,1.0
HHN-LON-01,2024-04-20,Orthopaedics Ward B,26.708333333333332,27.75,0.9627976190476191
HHN-LON-01,2024-04-21,Orthopaedics Ward B,27.916666666666668,27.916666666666668,1.0
HHN-LON-01,2024-04-22,Orthopaedics Ward B,26.0,27.791666666666668,0.93543430335097
HHN-LON-01,2024-04-23,Orthopaedics Ward B,22.5,28.0,0.8035714285714285
HHN-LON-01,2024-04-24,Orthopaedics Ward B,23.583333333333332,27.916666666666668,0.8448946886446885
HHN-LON-01,2024-04-25,Orthopaedics Ward B,26.416666666666668,27.666666666666668,0.9553571428571429
HHN-LON-01,2024-04-26,Orthopaedics Ward B,25.5,27.916666666666668,0.9134149029982365
HHN-LON-01,2024-04-27,Orthopaedics Ward B,27.333333333333332,27.458333333333332,0.9955357142857143
HHN-LON-01,2024-04-28,Orthopaedics Ward B,27.5,27.666666666666668,0.9940476190476191
HHN-LON-01,2024-04-29,Orthopaedics Ward B,26.625,28.0,0.9508928571428572
HHN-LON-01,2024-04-30,Orthopaedics Ward B,26.75,27.875,0.9597069597069597
HHN-LON-01,2024-05-01,Orthopaedics Ward B,24.708333333333332,27.833333333333332,0.8881448412698413
HHN-LON-01,2024-05-02,Orthopaedics Ward B,22.708333333333332,27.833333333333332,0.816468253968254
HHN-LON-01,2024-05-03,Orthopaedics Ward B,22.041666666666668,27.666666666666668,0.7986111111111112
HHN-LON-01,2024-05-04,Orthopaedics Ward B,23.458333333333332,28.0,0.8377976190476191
HHN-LON-01,2024-05-05,Orthopaedics Ward B,22.416666666666668,27.875,0.8041666666666667
HHN-LON-01,2024-05-06,Orthopaedics Ward B,17.875,27.875,0.6416742979242979
HHN-LON-01,2024-05-07,Orthopaedics Ward B,21.166666666666668,27.708333333333332,0.764236111111111
HHN-LON-01,2024-05-08,Orthopaedics Ward B,20.666666666666668,27.875,0.741482668566002
HHN-LON-01,2024-05-09,Orthopaedics Ward B,21.458333333333332,27.916666666666668,0.7691163003663003
HHN-LON-01,2024-05-10,Orthopaedics Ward B,26.083333333333332,27.958333333333332,0.9328703703703703
HHN-LON-01,2024-05-11,Orthopaedics Ward B,26.708333333333332,27.75,0.9627976190476191
HHN-LON-01,2024-05-12,Orthopaedics Ward B,21.958333333333332,27.708333333333332,0.7928512074345407
HHN-LON-01,2024-05-13,Orthopaedics Ward B,17.458333333333332,27.833333333333332,0.6277281746031745
HHN-LON-01,2024-05-14,Orthopaedics Ward B,16.541666666666668,27.916666666666668,0.5924908424908425
HHN-LON-01,2024-05-15,Orthopaedics Ward B,15.333333333333334,27.916666666666668,0.5494505494505494
HHN-LON-01,2024-05-16,Orthopaedics Ward B,17.083333333333332,27.875,0.6135119047619048
HHN-LON-01,2024-05-17,Orthopaedics Ward B,17.5,27.875,0.6282142857142857
HHN-LON-01,2024-05-18,Orthopaedics Ward B,18.125,27.875,0.6503739316239316
HHN-LON-01,2024-05-19,Orthopaedics Ward B,19.291666666666668,28.0,0.6889880952380952
HHN-LON-01,2024-05-20,Orthopaedics Ward B,20.958333333333332,27.916666666666668,0.7510302197802198
HHN-LON-01,2024-05-21,Orthopaedics Ward B,22.125,27.958333333333332,0.7913359788359787
HHN-LON-01,2024-05-22,Orthopaedics Ward B,21.333333333333332,28.0,0.7619047619047619
HHN-LON-01,2024-05-23,Orthopaedics Ward B,20.791666666666668,27.75,0.7495421245421245
HHN-LON-01,2024-05-24,Orthopaedics Ward B,21.875,27.625,0.7925401912901914
HHN-LON-01,2024-05-25,Orthopaedics Ward B,18.666666666666668,27.833333333333332,0.671875
HHN-LON-01,2024-05-26,Orthopaedics Ward B,16.208333333333332,27.833333333333332,0.5828373015873015
HHN-LON-01,2024-05-27,Orthopaedics Ward B,10.916666666666666,28.0,0.38988095238095233
HHN-LON-01,2024-05-28,Orthopaedics Ward B,9.916666666666666,27.916666666666668,0.3551968864468864
HHN-LON-01,2024-05-29,Orthopaedics Ward B,16.875,28.0,0.6026785714285715
HHN-LON-01,2024-05-30,Orthopaedics Ward B,17.625,27.958333333333332,0.6305114638447972
HHN-LON-01,2024-05-31,Orthopaedics Ward B,18.125,27.583333333333332,0.6585584554334555
HHN-LON-01,2024-06-01,Orthopaedics Ward B,17.75,27.333333333333332,0.6517857142857143
HHN-LON-01,2024-06-02,Orthopaedics Ward B,13.375,27.708333333333332,0.48279761904761903
HHN-LON-01,2024-06-03,Orthopaedics Ward B,12.541666666666666,28.0,0.4479166666666667
HHN-LON-01,2024-06-04,Orthopaedics Ward B,16.416666666666668,27.833333333333332,0.5905257936507936
HHN-LON-01,2024-06-05,Orthopaedics Ward B,19.708333333333332,27.958333333333332,0.7048611111111112
HHN-LON-01,2024-06-06,Orthopaedics Ward B,24.083333333333332,27.833333333333332,0.8660714285714285
HHN-LON-01,2024-06-07,Orthopaedics Ward B,25.208333333333332,27.583333333333332,0.9151785714285715
HHN-LON-01,2024-06-08,Orthopaedics Ward B,22.416666666666668,27.625,0.8118969610636277
HHN-LON-01,2024-06-09,Orthopaedics Ward B,20.166666666666668,27.833333333333332,0.7259424603174603
HHN-LON-01,2024-06-10,Orthopaedics Ward B,17.375,27.75,0.6267857142857143
HHN-LON-01,2024-06-11,Orthopaedics Ward B,17.333333333333332,27.375,0.6348656898656898
HHN-LON-01,2024-06-12,Orthopaedics Ward B,15.416666666666666,27.875,0.5536309523809524
HHN-LON-01,2024-06-13,Orthopaedics Ward B,12.583333333333334,28.0,0.44940476190476186
HHN-LON-01,2024-06-14,Orthopaedics Ward B,14.0,27.958333333333332,0.5007716049382717
HHN-LON-01,2024-06-15,Orthopaedics Ward B,15.083333333333334,27.583333333333332,0.5475
HHN-LON-01,2024-06-16,Orthopaedics Ward B,17.041666666666668,27.833333333333332,0.6127270723104056
HHN-LON-01,2024-06-17,Orthopaedics Ward B,18.333333333333332,27.833333333333332,0.6594742063492064
HHN-LON-01,2024-06-18,Orthopaedics Ward B,21.041666666666668,28.0,0.7514880952380952
HHN-LON-01,2024-06-19,Orthopaedics Ward B,24.208333333333332,28.0,0.8645833333333334
HHN-LON-01,2024-06-20,Orthopaedics Ward B,22.708333333333332,28.0,0.8110119047619048
HHN-LON-01,2024-06-21,Orthopaedics Ward B,26.916666666666668,28.0,0.9613095238095238
HHN-LON-01,2024-06-22,Orthopaedics Ward B,23.958333333333332,28.0,0.8556547619047619
HHN-LON-01,2024-06-23,Orthopaedics Ward B,20.541666666666668,27.5,0.7477623456790123
HHN-LON-01,2024-06-24,Orthopaedics Ward B,20.875,28.0,0.7455357142857143
HHN-LON-01,2024-06-25,Orthopaedics Ward B,22.041666666666668,28.0,0.7872023809523809
HHN-LON-01,2024-06-26,Orthopaedics Ward B,22.375,27.833333333333332,0.8038194444444445
HHN-LON-01,2024-06-27,Orthopaedics Ward B,26.666666666666668,28.0,0.9523809523809524
HHN-LON-01,2024-06-28,Orthopaedics Ward B,26.916666666666668,27.833333333333332,0.9672619047619048
HHN-LON-01,2024-06-29,Orthopaedics Ward B,25.875,27.833333333333332,0.9300044091710759
HHN-LON-01,2024-06-30,Orthopaedics Ward B,21.458333333333332,27.666666666666668,0.7763756613756613
HHN-LON-01,2024-07-01,Orthopaedics Ward B,21.083333333333332,28.0,0.7529761904761906
HHN-LON-01,2024-07-02,Orthopaedics Ward B,22.75,27.625,0.8250083943833944
HHN-LON-01,2024-07-03,Orthopaedics Ward B,21.041666666666668,28.0,0.7514880952380952
HHN-LON-01,2024-07-04,Orthopaedics Ward B,20.791666666666668,28.0,0.7425595238095238
HHN-LON-01,2024-07-05,Orthopaedics Ward B,23.666666666666668,27.708333333333332,0.855297619047619
HHN-LON-01,2024-07-06,Orthopaedics Ward B,21.25,27.583333333333332,0.771844474969475
HHN-LON-01,2024-07-07,Orthopaedics Ward B,22.041666666666668,27.666666666666668,0.7976190476190476
HHN-LON-01,2024-07-08,Orthopaedics Ward B,21.291666666666668,27.958333333333332,0.7615189594356261
HHN-LON-01,2024-07-09,Orthopaedics Ward B,24.958333333333332,27.791666666666668,0.89850639329806
HHN-LON-01,2024-07-10,Orthopaedics Ward B,25.458333333333332,28.0,0.9092261904761906
HHN-LON-01,2024-07-11,Orthopaedics Ward B,23.291666666666668,27.75,0.8399343711843712
HHN-LON-01,2024-07-12,Orthopaedics Ward B,25.833333333333332,27.958333333333332,0.9241071428571429
HHN-LON-01,2024-07-13,Orthopaedics Ward B,25.125,27.625,0.910218253968254
HHN-LON-01,2024-07-14,Orthopaedics Ward B,20.416666666666668,27.666666666666668,0.73871336996337
HHN-LON-01,2024-07-15,Orthopaedics Ward B,17.625,28.0,0.6294642857142857
HHN-LON-01,2024-07-16,Orthopaedics Ward B,15.625,28.0,0.5580357142857143
HHN-LON-01,2024-07-17,Orthopaedics Ward B,14.875,27.75,0.5370032899199566
HHN-LON-01,2024-07-18,Orthopaedics Ward B,17.916666666666668,27.916666666666668,0.641941391941392
HHN-LON-01,2024-07-19,Orthopaedics Ward B,18.208333333333332,28.0,0.6502976190476191
HHN-LON-01,2024-07-20,Orthopaedics Ward B,20.166666666666668,27.875,0.7238095238095238
HHN-LON-01,2024-07-21,Orthopaedics Ward B,21.333333333333332,27.875,0.765297619047619
HHN-LON-01,2024-07-22,Orthopaedics Ward B,20.458333333333332,27.916666666666668,0.7328042328042329
HHN-LON-01,2024-07-23,Orthopaedics Ward B,24.458333333333332,28.0,0.8735119047619048
HHN-LON-01,2024-07-24,Orthopaedics Ward B,26.958333333333332,28.0,0.9627976190476191
HHN-LON-01,2024-07-25,Orthopaedics Ward B,27.416666666666668,28.0,0.9791666666666666
HHN-LON-01,2024-07-26,Orthopaedics Ward B,27.875,27.875,1.0
HHN-LON-01,2024-07-27,Orthopaedics Ward B,27.833333333333332,27.833333333333332,1.0
HHN-LON-01,2024-07-28,Orthopaedics Ward B,27.416666666666668,27.625,0.9925595238095238
HHN-LON-01,2024-07-29,Orthopaedics Ward B,23.625,27.958333333333332,0.8449625220458553
HHN-LON-01,2024-07-30,Orthopaedics Ward B,23.0,28.0,0.8214285714285715
HHN-LON-01,2024-07-31,Orthopaedics Ward B,21.958333333333332,27.958333333333332,0.7853835978835978
HHN-LON-01,2024-08-01,Orthopaedics Ward B,20.416666666666668,27.666666666666668,0.7385912698412698
HHN-LON-01,2024-08-02,Orthopaedics Ward B,16.375,27.958333333333332,0.585758377425044
HHN-LON-01,2024-08-03,Orthopaedics Ward B,11.333333333333334,27.666666666666668,0.4099702380952381
HHN-LON-01,2024-08-04,Orthopaedics Ward B,11.166666666666666,27.916666666666668,0.4000686813186813
HHN-LON-01,2024-08-05,Orthopaedics Ward B,7.583333333333333,28.0,0.2708333333333333
HHN-LON-01,2024-08-06,Orthopaedics Ward B,7.125,28.0,0.25446428571428564
HHN-LON-01,2024-08-07,Orthopaedics Ward B,10.166666666666666,27.958333333333332,0.36364638447971775
HHN-LON-01,2024-08-08,Orthopaedics Ward B,9.958333333333334,28.0,0.35565476190476186
HHN-LON-01,2024-08-09,Orthopaedics Ward B,11.75,28.0,0.41964285714285704
HHN-LON-01,2024-08-10,Orthopaedics Ward B,12.625,27.791666666666668,0.4545238095238095
HHN-LON-01,2024-08-11,Orthopaedics Ward B,11.041666666666666,27.916666666666668,0.39571886446886445
HHN-LON-01,2024-08-12,Orthopaedics Ward B,16.5,27.916666666666668,0.5908882783882784
HHN-LON-01,2024-08-13,Orthopaedics Ward B,19.0,27.875,0.6817857142857143
HHN-LON-01,2024-08-14,Orthopaedics Ward B,16.833333333333332,27.875,0.6042261904761904
HHN-LON-01,2024-08-15,Orthopaedics Ward B,16.958333333333332,28.0,0.6056547619047619
HHN-LON-01,2024-08-16,Orthopaedics Ward B,15.125,27.791666666666668,0.5445238095238095
HHN-LON-01,2024-08-17,Orthopaedics Ward B,15.625,27.791666666666668,0.5625457875457875
HHN-LON-01,2024-08-18,Orthopaedics Ward B,18.5,27.833333333333332,0.6651785714285715
HHN-LON-01,2024-08-19,Orthopaedics Ward B,20.083333333333332,27.958333333333332,0.7183090828924162
HHN-LON-01,2024-08-20,Orthopaedics Ward B,20.958333333333332,27.666666666666668,0.7582270044770044
HHN-LON-01,2024-08-21,Orthopaedics Ward B,21.25,28.0,0.7589285714285715
HHN-LON-01,2024-08-22,Orthopaedics Ward B,20.208333333333332,28.0,0.7217261904761906
HHN-LON-01,2024-08-23,Orthopaedics Ward B,15.125,28.0,0.5401785714285715
HHN-LON-01,2024-08-24,Orthopaedics Ward B,14.583333333333334,27.791666666666668,0.5254122574955908
HHN-LON-01,2024-08-25,Orthopaedics Ward B,17.458333333333332,27.791666666666668,0.62878663003663
HHN-LON-01,2024-08-26,Orthopaedics Ward B,15.5,28.0,0.5535714285714285
HHN-LON-01,2024-08-27,Orthopaedics Ward B,15.083333333333334,27.875,0.5411904761904762
HHN-LON-01,2024-08-28,Orthopaedics Ward B,20.333333333333332,27.625,0.7370306776556776
HHN-LON-01,2024-08-29,Orthopaedics Ward B,20.458333333333332,27.916666666666668,0.733173076923077
HHN-LON-01,2024-08-30,Orthopaedics Ward B,19.625,27.916666666666668,0.7032967032967034
HHN-LON-01,2024-08-31,Orthopaedics Ward B,19.791666666666668,27.625,0.7173933319766653
HHN-LON-01,2024-09-01,Orthopaedics Ward B,19.041666666666668,28.0,0.6800595238095238
HHN-LON-01,2024-09-02,Orthopaedics Ward B,20.958333333333332,28.0,0.7485119047619048
HHN-LON-01,2024-09-03,Orthopaedics Ward B,22.458333333333332,28.0,0.8020833333333334
HHN-LON-01,2024-09-04,Orthopaedics Ward B,21.791666666666668,27.666666666666668,0.7883895502645503
HHN-LON-01,2024-09-05,Orthopaedics Ward B,25.125,27.958333333333332,0.8988095238095238
HHN-LON-01,2024-09-06,Orthopaedics Ward B,27.583333333333332,27.833333333333332,0.9910714285714285
HHN-LON-01,2024-09-07,Orthopaedics Ward B,23.541666666666668,27.291666666666668,0.8654609279609279
HHN-LON-01,2024-09-08,Orthopaedics Ward B,22.666666666666668,27.708333333333332,0.8191895604395604
HHN-LON-01,2024-09-09,Orthopaedics Ward B,23.25,28.0,0.8303571428571428
HHN-LON-01,2024-09-10,Orthopaedics Ward B,21.666666666666668,27.708333333333332,0.783125
HHN-LON-01,2024-09-11,Orthopaedics Ward B,19.833333333333332,27.75,0.7144173110839778
HHN-LON-01,2024-09-12,Orthopaedics Ward B,19.166666666666668,27.75,0.6920024420024421
HHN-LON-01,2024-09-13,Orthopaedics Ward B,23.833333333333332,27.916666666666668,0.8541666666666666
HHN-LON-01,2024-09-14,Orthopaedics Ward B,27.666666666666668,27.791666666666668,0.9955357142857143
HHN-LON-01,2024-09-15,Orthopaedics Ward B,25.75,27.875,0.9241071428571429
HHN-LON-01,2024-09-16,Orthopaedics Ward B,23.958333333333332,28.0,0.8556547619047619
HHN-LON-01,2024-09-17,Orthopaedics Ward B,23.583333333333332,28.0,0.8422619047619048
HHN-LON-01,2024-09-18,Orthopaedics Ward B,25.375,27.75,0.9151785714285715
HHN-LON-01,2024-09-19,Orthopaedics Ward B,27.208333333333332,27.666666666666668,0.9835758377425045
HHN-LON-01,2024-09-20,Orthopaedics Ward B,27.833333333333332,27.833333333333332,1.0
HHN-LON-01,2024-09-21,Orthopaedics Ward B,27.708333333333332,27.708333333333332,1.0
HHN-LON-01,2024-09-22,Orthopaedics Ward B,27.708333333333332,27.708333333333332,1.0
HHN-LON-01,2024-09-23,Orthopaedics Ward B,27.416666666666668,28.0,0.9791666666666666
HHN-LON-01,2024-09-24,Orthopaedics Ward B,24.958333333333332,27.916666666666668,0.8940018315018315
HHN-LON-01,2024-09-25,Orthopaedics Ward B,26.625,28.0,0.9508928571428572
HHN-LON-01,2024-09-26,Orthopaedics Ward B,27.416666666666668,27.875,0.9832738095238095
HHN-LON-01,2024-09-27,Orthopaedics Ward B,25.833333333333332,27.833333333333332,0.9280753968253969
HHN-LON-01,2024-09-28,Orthopaedics Ward B,24.625,27.833333333333332,0.8849206349206349
HHN-LON-01,2024-09-29,Orthopaedics Ward B,21.875,27.5,0.7971060575227242
HHN-LON-01,2024-09-30,Orthopaedics Ward B,23.541666666666668,27.833333333333332,0.8462301587301587
HHN-LON-01,2024-10-01,Orthopaedics Ward B,21.833333333333332,28.0,0.7797619047619048
HHN-LON-01,2024-10-02,Orthopaedics Ward B,20.333333333333332,28.0,0.7261904761904762
HHN-LON-01,2024-10-03,Orthopaedics Ward B,25.041666666666668,28.0,0.8943452380952381
HHN-LON-01,2024-10-04,Orthopaedics Ward B,27.833333333333332,27.833333333333332,1.0
HHN-LON-01,2024-10-05,Orthopaedics Ward B,27.541666666666668,27.916666666666668,0.9866071428571429
HHN-LON-01,2024-10-06,Orthopaedics Ward B,23.208333333333332,27.708333333333332,0.8392857142857143
HHN-LON-01,2024-10-07,Orthopaedics Ward B,20.041666666666668,28.0,0.7157738095238096
HHN-LON-01,2024-10-08,Orthopaedics Ward B,23.375,28.0,0.8348214285714285
HHN-LON-01,2024-10-09,Orthopaedics Ward B,23.25,28.0,0.8303571428571428
HHN-LON-01,2024-10-10,Orthopaedics Ward B,21.875,27.958333333333332,0.7824074074074074
HHN-LON-01,2024-10-11,Orthopaedics Ward B,19.583333333333332,28.0,0.6994047619047619
HHN-LON-01,2024-10-12,Orthopaedics Ward B,17.583333333333332,27.791666666666668,0.6334082892416225
HHN-LON-01,2024-10-13,Orthopaedics Ward B,15.25,27.5,0.5557493894993895
HHN-LON-01,2024-10-14,Orthopaedics Ward B,17.458333333333332,27.791666666666668,0.6278659611992946
HHN-LON-01,2024-10-15,Orthopaedics Ward B,18.291666666666668,28.0,0.6532738095238095
HHN-LON-01,2024-10-16,Orthopaedics Ward B,20.208333333333332,28.0,0.7217261904761906
HHN-LON-01,2024-10-17,Orthopaedics Ward B,22.833333333333332,27.875,0.8190374440374439
HHN-LON-01,2024-10-18,Orthopaedics Ward B,25.875,27.791666666666668,0.9315476190476191
HHN-LON-01,2024-10-19,Orthopaedics Ward B,25.083333333333332,27.708333333333332,0.90625
HHN-LON-01,2024-10-20,Orthopaedics Ward B,21.583333333333332,27.625,0.7830296092796093
HHN-LON-01,2024-10-21,Orthopaedics Ward B,22.333333333333332,28.0,0.7976190476190476
HHN-LON-01,2024-10-22,Orthopaedics Ward B,20.416666666666668,28.0,0.7291666666666666
HHN-LON-01,2024-10-23,Orthopaedics Ward B,18.625,28.0,0.6651785714285715
HHN-LON-01,2024-10-24,Orthopaedics Ward B,17.666666666666668,28.0,0.6309523809523809
HHN-LON-01,2024-10-25,Orthopaedics Ward B,15.583333333333334,27.958333333333332,0.5573192239858906
HHN-LON-01,2024-10-26,Orthopaedics Ward B,19.833333333333332,27.958333333333332,0.7094356261022927
HHN-LON-01,2024-10-27,Orthopaedics Ward B,18.583333333333332,27.541666666666668,0.6759615384615385
HHN-LON-01,2024-10-28,Orthopaedics Ward B,20.041666666666668,27.916666666666668,0.7180335097001764
HHN-LON-01,2024-10-29,Orthopaedics Ward B,21.625,27.583333333333332,0.7850747015330349
HHN-LON-01,2024-10-30,Orthopaedics Ward B,23.375,28.0,0.8348214285714285
HHN-LON-01,2024-10-31,Orthopaedics Ward B,21.708333333333332,28.0,0.7752976190476191
HHN-LON-01,2024-11-01,Orthopaedics Ward B,19.958333333333332,28.0,0.7127976190476191
HHN-LON-01,2024-11-02,Orthopaedics Ward B,19.416666666666668,27.666666666666668,0.7027138447971781
HHN-LON-01,2024-11-03,Orthopaedics Ward B,19.416666666666668,27.75,0.700122439289106
HHN-LON-01,2024-11-04,Orthopaedics Ward B,24.166666666666668,27.583333333333332,0.8759466151132819
HHN-LON-01,2024-11-05,Orthopaedics Ward B,27.958333333333332,28.0,0.9985119047619048
HHN-LON-01,2024-11-06,Orthopaedics Ward B,28.0,28.0,1.0
HHN-LON-01,2024-11-07,Orthopaedics Ward B,28.0,28.0,1.0
HHN-LON-01,2024-11-08,Orthopaedics Ward B,27.708333333333332,27.708333333333332,1.0
HHN-LON-01,2024-11-09,Orthopaedics Ward B,27.916666666666668,27.916666666666668,1.0
HHN-LON-01,2024-11-10,Orthopaedics Ward B,27.083333333333332,27.625,0.980599647266314
HHN-LON-01,2024-11-11,Orthopaedics Ward B,27.0,27.583333333333332,0.9791666666666666
HHN-LON-01,2024-11-12,Orthopaedics Ward B,27.083333333333332,27.833333333333332,0.9732142857142857
HHN-LON-01,2024-11-13,Orthopaedics Ward B,24.541666666666668,27.875,0.8805952380952381
HHN-LON-01,2024-11-14,Orthopaedics Ward B,21.916666666666668,27.791666666666668,0.7894620811287477
HHN-LON-01,2024-11-15,Orthopaedics Ward B,21.166666666666668,28.0,0.7559523809523809
HHN-LON-01,2024-11-16,Orthopaedics Ward B,18.625,27.875,0.6687500000000001
HHN-LON-01,2024-11-17,Orthopaedics Ward B,19.666666666666668,27.541666666666668,0.7151984126984128
HHN-LON-01,2024-11-18,Orthopaedics Ward B,20.333333333333332,27.75,0.7332039411206078
HHN-LON-01,2024-11-19,Orthopaedics Ward B,21.375,27.791666666666668,0.7691254578754578
HHN-LON-01,2024-11-20,Orthopaedics Ward B,20.541666666666668,28.0,0.7336309523809524
HHN-LON-01,2024-11-21,Orthopaedics Ward B,22.041666666666668,27.833333333333332,0.7924107142857143
HHN-LON-01,2024-11-22,Orthopaedics Ward B,25.75,28.0,0.9196428571428572
HHN-LON-01,2024-11-23,Orthopaedics Ward B,26.916666666666668,27.791666666666668,0.96875
HHN-LON-01,2024-11-24,Orthopaedics Ward B,24.75,27.916666666666668,0.8864638447971781
HHN-LON-01,2024-11-25,Orthopaedics Ward B,27.875,27.875,1.0
HHN-LON-01,2024-11-26,Orthopaedics Ward B,27.791666666666668,27.791666666666668,1.0
HHN-LON-01,2024-11-27,Orthopaedics Ward B,27.916666666666668,27.916666666666668,1.0
HHN-LON-01,2024-11-28,Orthopaedics Ward B,27.833333333333332,27.833333333333332,1.0
HHN-LON-01,2024-11-29,Orthopaedics Ward B,28.0,28.0,1.0
HHN-LON-01,2024-11-30,Orthopaedics Ward B,28.0,28.0,1.0
HHN-LON-01,2024-12-01,Orthopaedics Ward B,25.083333333333332,27.833333333333332,0.9016203703703703
HHN-LON-01,2024-12-02,Orthopaedics Ward B,26.541666666666668,27.25,0.9746472663139331
HHN-LON-01,2024-12-03,Orthopaedics Ward B,26.25,27.666666666666668,0.949349647266314
HHN-LON-01,2024-12-04,Orthopaedics Ward B,26.75,27.625,0.9686355311355311
HHN-LON-01,2024-12-05,Orthopaedics Ward B,27.583333333333332,27.958333333333332,0.9866071428571429
HHN-LON-01,2024-12-06,Orthopaedics Ward B,27.583333333333332,27.708333333333332,0.9955357142857143
HHN-LON-01,2024-12-07,Orthopaedics Ward B,27.875,27.875,1.0
HHN-LON-01,2024-12-08,Orthopaedics Ward B,26.208333333333332,27.458333333333332,0.955136684303351
HHN-LON-01,2024-12-09,Orthopaedics Ward B,23.541666666666668,27.916666666666668,0.8432921245421245
HHN-LON-01,2024-12-10,Orthopaedics Ward B,27.333333333333332,27.625,0.9895833333333334
HHN-LON-01,2024-12-11,Orthopaedics Ward B,27.625,27.625,1.0
HHN-LON-01,2024-12-12,Orthopaedics Ward B,28.0,28.0,1.0
HHN-LON-01,2024-12-13,Orthopaedics Ward B,27.583333333333332,27.75,0.9940476190476191
HHN-LON-01,2024-12-14,Orthopaedics Ward B,26.916666666666668,27.25,0.9880952380952381
HHN-LON-01,2024-12-15,Orthopaedics Ward B,27.916666666666668,27.916666666666668,1.0
HHN-LON-01,2024-12-16,Orthopaedics Ward B,27.666666666666668,27.666666666666668,1.0
HHN-LON-01,2024-12-17,Orthopaedics Ward B,27.333333333333332,27.875,0.9806547619047619
HHN-LON-01,2024-12-18,Orthopaedics Ward B,23.916666666666668,27.75,0.8622473205806539
HHN-LON-01,2024-12-19,Orthopaedics Ward B,19.208333333333332,27.833333333333332,0.690450752950753
HHN-LON-01,2024-12-20,Orthopaedics Ward B,18.375,27.458333333333332,0.6710393772893773
HHN-LON-01,2024-12-21,Orthopaedics Ward B,23.666666666666668,27.875,0.8497023809523809
HHN-LON-01,2024-12-22,Orthopaedics Ward B,26.625,27.75,0.9598214285714287
HHN-LON-01,2024-12-23,Orthopaedics Ward B,27.541666666666668,27.791666666666668,0.9910714285714285
HHN-LON-01,2024-12-24,Orthopaedics Ward B,24.5,27.541666666666668,0.8911401098901099
HHN-LON-01,2024-12-25,Orthopaedics Ward B,25.041666666666668,27.833333333333332,0.9000686813186812
HHN-LON-01,2024-12-26,Orthopaedics Ward B,23.833333333333332,27.958333333333332,0.8524029982363316
HHN-LON-01,2024-12-27,Orthopaedics Ward B,22.125,27.791666666666668,0.7966556437389771
HHN-LON-01,2024-12-28,Orthopaedics Ward B,20.166666666666668,27.458333333333332,0.7356612908696242
HHN-LON-01,2024-12-29,Orthopaedics Ward B,17.666666666666668,27.541666666666668,0.6424981345814679
HHN-LON-01,2024-12-30,Orthopaedics Ward B,17.833333333333332,27.875,0.6399404761904762
HHN-LON-01,2024-12-31,Orthopaedics Ward B,20.125,27.625,0.7297496947496948
HHN-LON-01,2025-01-01,Orthopaedics Ward B,19.333333333333332,27.791666666666668,0.6962356701940036
HHN-LON-01,2025-01-02,Orthopaedics Ward B,19.916666666666668,27.708333333333332,0.7193944173110839
HHN-LON-01,2025-01-03,Orthopaedics Ward B,22.041666666666668,27.791666666666668,0.7938712522045855
HHN-LON-01,2025-01-04,Orthopaedics Ward B,24.5,27.833333333333332,0.8805072242572242
HHN-LON-01,2025-01-05,Orthopaedics Ward B,23.666666666666668,26.916666666666668,0.8828655372405372
HHN-LON-01,2025-01-06,Orthopaedics Ward B,22.583333333333332,27.75,0.8149992368742369
HHN-LON-01,2025-01-07,Orthopaedics Ward B,26.25,27.833333333333332,0.9432234432234433
HHN-LON-01,2025-01-08,Orthopaedics Ward B,27.583333333333332,27.708333333333332,0.9955357142857143
HHN-LON-01,2025-01-09,Orthopaedics Ward B,27.833333333333332,27.916666666666668,0.9970238095238096
HHN-LON-01,2025-01-10,Orthopaedics Ward B,27.458333333333332,27.458333333333332,1.0
HHN-LON-01,2025-01-11,Orthopaedics Ward B,27.583333333333332,27.583333333333332,1.0
HHN-LON-01,2025-01-12,Orthopaedics Ward B,27.791666666666668,27.791666666666668,1.0
HHN-LON-01,2025-01-13,Orthopaedics Ward B,26.0,28.0,0.9285714285714285
HHN-LON-01,2025-01-14,Orthopaedics Ward B,21.541666666666668,27.541666666666668,0.7835711741961742
HHN-LON-01,2025-01-15,Orthopaedics Ward B,25.166666666666668,28.0,0.8988095238095238
HHN-LON-01,2025-01-16,Orthopaedics Ward B,27.708333333333332,27.708333333333332,1.0
HHN-LON-01,2025-01-17,Orthopaedics Ward B,27.833333333333332,27.833333333333332,1.0
HHN-LON-01,2025-01-18,Orthopaedics Ward B,27.833333333333332,27.833333333333332,1.0
HHN-LON-01,2025-01-19,Orthopaedics Ward B,26.0,27.5,0.9463141025641026
HHN-LON-01,2025-01-20,Orthopaedics Ward B,22.916666666666668,27.625,0.8308002645502645
HHN-LON-01,2025-01-21,Orthopaedics Ward B,26.166666666666668,27.708333333333332,0.9448260073260073
HHN-LON-01,2025-01-22,Orthopaedics Ward B,26.791666666666668,28.0,0.9568452380952381
HHN-LON-01,2025-01-23,Orthopaedics Ward B,24.083333333333332,27.875,0.8640788224121557
HHN-LON-01,2025-01-24,Orthopaedics Ward B,27.083333333333332,27.875,0.9716159611992946
HHN-LON-01,2025-01-25,Orthopaedics Ward B,27.541666666666668,27.625,0.9970238095238096
HHN-LON-01,2025-01-26,Orthopaedics Ward B,27.375,27.375,1.0
HHN-LON-01,2025-01-27,Orthopaedics Ward B,27.5,27.5,1.0
HHN-LON-01,2025-01-28,Orthopaedics Ward B,27.875,27.875,1.0
HHN-LON-01,2025-01-29,Orthopaedics Ward B,27.958333333333332,27.958333333333332,1.0
HHN-LON-01,2025-01-30,Orthopaedics Ward B,27.75,27.75,1.0
HHN-LON-01,2025-01-31,Orthopaedics Ward B,27.916666666666668,27.916666666666668,1.0
HHN-LON-01,2025-02-01,Orthopaedics Ward B,27.708333333333332,27.708333333333332,1.0
HHN-LON-01,2025-02-02,Orthopaedics Ward B,27.583333333333332,27.583333333333332,1.0
HHN-LON-01,2025-02-03,Orthopaedics Ward B,27.958333333333332,27.958333333333332,1.0
HHN-LON-01,2025-02-04,Orthopaedics Ward B,27.666666666666668,27.666666666666668,1.0
HHN-LON-01,2025-02-05,Orthopaedics Ward B,27.916666666666668,27.916666666666668,1.0
HHN-LON-01,2025-02-06,Orthopaedics Ward B,27.708333333333332,27.708333333333332,1.0
HHN-LON-01,2025-02-07,Orthopaedics Ward B,27.916666666666668,27.916666666666668,1.0
HHN-LON-01,2025-02-08,Orthopaedics Ward B,27.708333333333332,27.708333333333332,1.0
HHN-LON-01,2025-02-09,Orthopaedics Ward B,27.708333333333332,27.708333333333332,1.0
HHN-LON-01,2025-02-10,Orthopaedics Ward B,28.0,28.0,1.0
HHN-LON-01,2025-02-11,Orthopaedics Ward B,28.0,28.0,1.0
HHN-LON-01,2025-02-12,Orthopaedics Ward B,27.916666666666668,27.916666666666668,1.0
HHN-LON-01,2025-02-13,Orthopaedics Ward B,27.625,27.458333333333332,1.0
HHN-LON-01,2025-02-14,Orthopaedics Ward B,27.5,27.5,1.0
HHN-LON-01,2025-02-15,Orthopaedics Ward B,27.125,27.625,0.9821428571428572
HHN-LON-01,2025-02-16,Orthopaedics Ward B,21.375,27.375,0.7829983211233212
HHN-LON-01,2025-02-17,Orthopaedics Ward B,16.791666666666668,27.833333333333332,0.6041666666666666
HHN-LON-01,2025-02-18,Orthopaedics Ward B,18.666666666666668,27.791666666666668,0.6716987179487179
HHN-LON-01,2025-02-19,Orthopaedics Ward B,21.625,27.916666666666668,0.7747252747252747
HHN-LON-01,2025-02-20,Orthopaedics Ward B,23.958333333333332,27.958333333333332,0.8568672839506172
HHN-LON-01,2025-02-21,Orthopaedics Ward B,26.583333333333332,27.625,0.96239010989011
HHN-LON-01,2025-02-22,Orthopaedics Ward B,25.583333333333332,27.791666666666668,0.9211309523809524
HHN-LON-01,2025-02-23,Orthopaedics Ward B,26.208333333333332,27.25,0.9627976190476191
HHN-LON-01,2025-02-24,Orthopaedics Ward B,27.75,27.75,1.0
HHN-LON-01,2025-02-25,Orthopaedics Ward B,27.833333333333332,27.916666666666668,0.9970238095238096
HHN-LON-01,2025-02-26,Orthopaedics Ward B,27.666666666666668,27.666666666666668,1.0
HHN-LON-01,2025-02-27,Orthopaedics Ward B,28.0,28.0,1.0
HHN-LON-01,2025-02-28,Orthopaedics Ward B,27.875,27.875,1.0
HHN-LON-01,2025-03-01,Orthopaedics Ward B,27.833333333333332,27.833333333333332,1.0
HHN-LON-01,2025-03-02,Orthopaedics Ward B,27.583333333333332,27.833333333333332,0.9910163139329806
HHN-LON-01,2025-03-03,Orthopaedics Ward B,27.083333333333332,27.875,0.9717261904761906
HHN-LON-01,2025-03-04,Orthopaedics Ward B,27.708333333333332,27.708333333333332,1.0
HHN-LON-01,2025-03-05,Orthopaedics Ward B,27.875,28.0,0.9955357142857143
HHN-LON-01,2025-03-06,Orthopaedics Ward B,24.833333333333332,27.833333333333332,0.8921130952380953
HHN-LON-01,2025-03-07,Orthopaedics Ward B,26.5,28.0,0.9464285714285715
HHN-LON-01,2025-03-08,Orthopaedics Ward B,27.583333333333332,27.791666666666668,0.9925595238095238
HHN-LON-01,2025-03-09,Orthopaedics Ward B,25.041666666666668,27.875,0.8986309523809525
HHN-LON-01,2025-03-10,Orthopaedics Ward B,20.333333333333332,27.875,0.7295779066612399
HHN-LON-01,2025-03-11,Orthopaedics Ward B,18.666666666666668,27.916666666666668,0.6689560439560439
HHN-LON-01,2025-03-12,Orthopaedics Ward B,17.625,27.791666666666668,0.634920634920635
HHN-LON-01,2025-03-13,Orthopaedics Ward B,19.083333333333332,27.833333333333332,0.6862599206349206
HHN-LON-01,2025-03-14,Orthopaedics Ward B,19.791666666666668,27.875,0.7102380952380952
HHN-LON-01,2025-03-15,Orthopaedics Ward B,18.208333333333332,27.5,0.6632005494505494
HHN-LON-01,2025-03-16,Orthopaedics Ward B,17.458333333333332,27.916666666666668,0.6256868131868132
HHN-LON-01,2025-03-17,Orthopaedics Ward B,18.833333333333332,27.916666666666668,0.6746582892416226
HHN-LON-01,2025-03-18,Orthopaedics Ward B,22.083333333333332,27.75,0.7973901098901099
HHN-LON-01,2025-03-19,Orthopaedics Ward B,27.291666666666668,27.958333333333332,0.9761904761904763
HHN-LON-01,2025-03-20,Orthopaedics Ward B,27.708333333333332,27.708333333333332,1.0
HHN-LON-01,2025-03-21,Orthopaedics Ward B,27.833333333333332,27.833333333333332,1.0
HHN-LON-01,2025-03-22,Orthopaedics Ward B,27.666666666666668,27.666666666666668,1.0
HHN-LON-01,2025-03-23,Orthopaedics Ward B,27.875,27.875,1.0
HHN-LON-01,2025-03-24,Orthopaedics Ward B,27.875,27.875,1.0
HHN-LON-01,2025-03-25,Orthopaedics Ward B,27.791666666666668,27.791666666666668,1.0
HHN-LON-01,2025-03-26,Orthopaedics Ward B,25.416666666666668,28.0,0.9077380952380952
HHN-LON-01,2025-03-27,Orthopaedics Ward B,24.791666666666668,28.0,0.8854166666666666
HHN-LON-01,2025-03-28,Orthopaedics Ward B,27.25,27.958333333333332,0.9747023809523809
HHN-LON-01,2025-03-29,Orthopaedics Ward B,24.333333333333332,27.833333333333332,0.8743672839506172
HHN-LON-01,2025-03-30,Orthopaedics Ward B,24.833333333333332,27.625,0.8999542124542125
HHN-LON-01,2025-03-31,Orthopaedics Ward B,26.083333333333332,28.0,0.9315476190476191
HHN-LON-01,2025-04-01,Orthopaedics Ward B,23.75,28.0,0.8482142857142857
HHN-LON-01,2025-04-02,Orthopaedics Ward B,22.625,28.0,0.8080357142857143
HHN-LON-01,2025-04-03,Orthopaedics Ward B,21.791666666666668,27.833333333333332,0.7839781746031745
HHN-LON-01,2025-04-04,Orthopaedics Ward B,23.75,27.833333333333332,0.8531746031746033
HHN-LON-01,2025-04-05,Orthopaedics Ward B,21.833333333333332,27.916666666666668,0.7822802197802198
HHN-LON-01,2025-04-06,Orthopaedics Ward B,21.708333333333332,27.75,0.7827233414733414
HHN-LON-01,2025-04-07,Orthopaedics Ward B,19.5,27.875,0.6998214285714286
HHN-LON-01,2025-04-08,Orthopaedics Ward B,23.5,27.833333333333332,0.8441798941798941
HHN-LON-01,2025-04-09,Orthopaedics Ward B,26.958333333333332,28.0,0.9627976190476191
HHN-LON-01,2025-04-10,Orthopaedics Ward B,23.458333333333332,27.666666666666668,0.8492063492063492
HHN-LON-01,2025-04-11,Orthopaedics Ward B,23.916666666666668,27.75,0.8625595238095238
HHN-LON-01,2025-04-12,Orthopaedics Ward B,22.875,27.375,0.836945122778456
HHN-LON-01,2025-04-13,Orthopaedics Ward B,19.75,27.666666666666668,0.7150106837606839
HHN-LON-01,2025-04-14,Orthopaedics Ward B,20.875,27.75,0.7529189560439561
HHN-LON-01,2025-04-15,Orthopaedics Ward B,22.375,27.583333333333332,0.8113103717270383
HHN-LON-01,2025-04-16,Orthopaedics Ward B,25.25,27.833333333333332,0.9077380952380952
HHN-LON-01,2025-04-17,Orthopaedics Ward B,26.791666666666668,27.916666666666668,0.9598214285714287
HHN-LON-01,2025-04-18,Orthopaedics Ward B,26.291666666666668,28.0,0.9389880952380952
HHN-LON-01,2025-04-19,Orthopaedics Ward B,27.0,27.791666666666668,0.9716710758377425
HHN-LON-01,2025-04-20,Orthopaedics Ward B,25.625,28.0,0.9151785714285715
HHN-LON-01,2025-04-21,Orthopaedics Ward B,26.75,28.0,0.9553571428571429
HHN-LON-01,2025-04-22,Orthopaedics Ward B,24.25,27.75,0.8745230463980463
HHN-LON-01,2025-04-23,Orthopaedics Ward B,24.125,28.0,0.8616071428571428
HHN-LON-01,2025-04-24,Orthopaedics Ward B,23.708333333333332,27.875,0.8508333333333332
HHN-LON-01,2025-04-25,Orthopaedics Ward B,22.75,27.583333333333332,0.8261579161579161
HHN-LON-01,2025-04-26,Orthopaedics Ward B,23.625,27.541666666666668,0.8588403880070546
HHN-LON-01,2025-04-27,Orthopaedics Ward B,21.791666666666668,27.791666666666668,0.7854111552028219
HHN-LON-01,2025-04-28,Orthopaedics Ward B,24.333333333333332,27.791666666666668,0.8764880952380952
HHN-LON-01,2025-04-29,Orthopaedics Ward B,27.708333333333332,27.833333333333332,0.9955357142857143
HHN-LON-01,2025-04-30,Orthopaedics Ward B,24.791666666666668,27.833333333333332,0.8913690476190476
HHN-LON-01,2025-05-01,Orthopaedics Ward B,19.333333333333332,27.875,0.6942261904761905
HHN-LON-01,2025-05-02,Orthopaedics Ward B,21.416666666666668,27.791666666666668,0.7712466931216931
HHN-LON-01,2025-05-03,Orthopaedics Ward B,18.125,27.875,0.6505357142857143
HHN-LON-01,2025-05-04,Orthopaedics Ward B,20.416666666666668,27.75,0.7361683455433455
HHN-LON-01,2025-05-05,Orthopaedics Ward B,23.416666666666668,27.833333333333332,0.8415178571428571
HHN-LON-01,2025-05-06,Orthopaedics Ward B,25.625,28.0,0.9151785714285715
HHN-LON-01,2025-05-07,Orthopaedics Ward B,27.458333333333332,28.0,0.9806547619047619
HHN-LON-01,2025-05-08,Orthopaedics Ward B,27.25,27.541666666666668,0.9895833333333334
HHN-LON-01,2025-05-09,Orthopaedics Ward B,26.25,27.75,0.9464285714285715
HHN-LON-01,2025-05-10,Orthopaedics Ward B,23.541666666666668,27.583333333333332,0.8544973544973544
HHN-LON-01,2025-05-11,Orthopaedics Ward B,23.0,27.916666666666668,0.8239468864468864
HHN-LON-01,2025-05-12,Orthopaedics Ward B,22.041666666666668,27.75,0.7948717948717948
HHN-LON-01,2025-05-13,Orthopaedics Ward B,21.791666666666668,27.875,0.7823809523809523
HHN-LON-01,2025-05-14,Orthopaedics Ward B,22.625,28.0,0.8080357142857143
HHN-LON-01,2025-05-15,Orthopaedics Ward B,27.166666666666668,28.0,0.9702380952380952
HHN-LON-01,2025-05-16,Orthopaedics Ward B,26.791666666666668,27.708333333333332,0.9672619047619048
HHN-LON-01,2025-05-17,Orthopaedics Ward B,26.166666666666668,27.875,0.9389880952380953
HHN-LON-01,2025-05-18,Orthopaedics Ward B,21.583333333333332,27.708333333333332,0.7799230090896758
HHN-LON-01,2025-05-19,Orthopaedics Ward B,23.5,28.0,0.8392857142857143
HHN-LON-01,2025-05-20,Orthopaedics Ward B,27.375,27.916666666666668,0.9806547619047619
HHN-LON-01,2025-05-21,Orthopaedics Ward B,27.958333333333332,27.958333333333332,1.0
HHN-LON-01,2025-05-22,Orthopaedics Ward B,28.0,28.0,1.0
HHN-LON-01,2025-05-23,Orthopaedics Ward B,27.708333333333332,28.0,0.9895833333333334
HHN-LON-01,2025-05-24,Orthopaedics Ward B,25.458333333333332,27.791666666666668,0.9166666666666666
HHN-LON-01,2025-05-25,Orthopaedics Ward B,22.166666666666668,27.791666666666668,0.7982804232804233
HHN-LON-01,2025-05-26,Orthopaedics Ward B,19.75,28.0,0.7053571428571428
HHN-LON-01,2025-05-27,Orthopaedics Ward B,16.0,27.958333333333332,0.572310405643739
HHN-LON-01,2025-05-28,Orthopaedics Ward B,18.833333333333332,28.0,0.6726190476190476
HHN-LON-01,2025-05-29,Orthopaedics Ward B,16.625,27.833333333333332,0.5976256613756613
HHN-LON-01,2025-05-30,Orthopaedics Ward B,11.708333333333334,28.0,0.41815476190476186
HHN-LON-01,2025-05-31,Orthopaedics Ward B,12.125,27.875,0.4350707163207163
HHN-LON-01,2025-06-01,Orthopaedics Ward B,10.833333333333334,28.0,0.38690476190476186
HHN-LON-01,2025-06-02,Orthopaedics Ward B,13.291666666666666,27.791666666666668,0.47821886446886447
HHN-LON-01,2025-06-03,Orthopaedics Ward B,17.291666666666668,28.0,0.6175595238095238
HHN-LON-01,2025-06-04,Orthopaedics Ward B,19.166666666666668,27.708333333333332,0.691710758377425
HHN-LON-01,2025-06-05,Orthopaedics Ward B,21.541666666666668,27.875,0.7730952380952382
HHN-LON-01,2025-06-06,Orthopaedics Ward B,22.333333333333332,27.708333333333332,0.8066917650250983
HHN-LON-01,2025-06-07,Orthopaedics Ward B,26.208333333333332,27.916666666666668,0.9388736263736264
HHN-LON-01,2025-06-08,Orthopaedics Ward B,26.541666666666668,27.833333333333332,0.9538690476190478
HHN-LON-01,2025-06-09,Orthopaedics Ward B,21.5,27.583333333333332,0.7804960317460318
HHN-LON-01,2025-06-10,Orthopaedics Ward B,24.916666666666668,27.833333333333332,0.8950892857142857
HHN-LON-01,2025-06-11,Orthopaedics Ward B,27.541666666666668,27.75,0.9925595238095238
HHN-LON-01,2025-06-12,Orthopaedics Ward B,27.791666666666668,27.833333333333332,0.9985119047619048
HHN-LON-01,2025-06-13,Orthopaedics Ward B,28.0,28.0,1.0
HHN-LON-01,2025-06-14,Orthopaedics Ward B,26.958333333333332,27.916666666666668,0.9657738095238096
HHN-LON-01,2025-06-15,Orthopaedics Ward B,22.666666666666668,27.416666666666668,0.828276098901099
HHN-LON-01,2025-06-16,Orthopaedics Ward B,22.5,28.0,0.8035714285714285
HHN-LON-01,2025-06-17,Orthopaedics Ward B,26.708333333333332,27.875,0.9581679894179894
HHN-LON-01,2025-06-18,Orthopaedics Ward B,27.166666666666668,27.708333333333332,0.9806547619047619
HHN-LON-01,2025-06-19,Orthopaedics Ward B,25.541666666666668,27.791666666666668,0.9195326278659612
HHN-LON-01,2025-06-20,Orthopaedics Ward B,26.291666666666668,27.875,0.9433972663139331
HHN-LON-01,2025-06-21,Orthopaedics Ward B,18.916666666666668,27.875,0.6790377832044499
HHN-LON-01,2025-06-22,Orthopaedics Ward B,15.083333333333334,27.416666666666668,0.5510570139736807
HHN-LON-01,2025-06-23,Orthopaedics Ward B,18.75,27.833333333333332,0.673859126984127
HHN-LON-01,2025-06-24,Orthopaedics Ward B,24.5,27.833333333333332,0.8809523809523809
HHN-LON-01,2025-06-25,Orthopaedics Ward B,27.333333333333332,28.0,0.9761904761904763
HHN-LON-01,2025-06-26,Orthopaedics Ward B,27.541666666666668,27.875,0.9880952380952381
HHN-LON-01,2025-06-27,Orthopaedics Ward B,27.375,27.875,0.9821428571428572
HHN-LON-01,2025-06-28,Orthopaedics Ward B,22.333333333333332,27.75,0.8056547619047619
HHN-LON-01,2025-06-29,Orthopaedics Ward B,18.583333333333332,27.708333333333332,0.671438492063492
HHN-LON-01,2025-06-30,Orthopaedics Ward B,13.041666666666666,28.0,0.46577380952380953
HHN-LON-01,2025-07-01,Orthopaedics Ward B,16.458333333333332,27.875,0.5901190476190477
HHN-LON-01,2025-07-02,Orthopaedics Ward B,19.083333333333332,27.708333333333332,0.6889668973002306
HHN-LON-01,2025-07-03,Orthopaedics Ward B,23.791666666666668,28.0,0.8497023809523809
HHN-LON-01,2025-07-04,Orthopaedics Ward B,24.416666666666668,28.0,0.8720238095238094
HHN-LON-01,2025-07-05,Orthopaedics Ward B,24.083333333333332,28.0,0.8601190476190476
HHN-LON-01,2025-07-06,Orthopaedics Ward B,18.875,27.75,0.6814649470899471
HHN-LON-01,2025-07-07,Orthopaedics Ward B,17.25,27.916666666666668,0.6177884615384616
HHN-LON-01,2025-07-08,Orthopaedics Ward B,20.25,27.833333333333332,0.7281746031746033
HHN-LON-01,2025-07-09,Orthopaedics Ward B,25.208333333333332,27.958333333333332,0.9017305996472663
HHN-LON-01,2025-07-10,Orthopaedics Ward B,27.166666666666668,28.0,0.9702380952380952
HHN-LON-01,2025-07-11,Orthopaedics Ward B,27.5,27.958333333333332,0.9836309523809524
HHN-LON-01,2025-07-12,Orthopaedics Ward B,27.041666666666668,27.666666666666668,0.9775641025641026
HHN-LON-01,2025-07-13,Orthopaedics Ward B,22.5,27.75,0.8123855311355311
HHN-LON-01,2025-07-14,Orthopaedics Ward B,23.333333333333332,28.0,0.8333333333333334
HHN-LON-01,2025-07-15,Orthopaedics Ward B,22.666666666666668,28.0,0.8095238095238094
HHN-LON-01,2025-07-16,Orthopaedics Ward B,24.791666666666668,27.833333333333332,0.8908730158730158
HHN-LON-01,2025-07-17,Orthopaedics Ward B,23.833333333333332,28.0,0.8511904761904762
HHN-LON-01,2025-07-18,Orthopaedics Ward B,20.166666666666668,27.875,0.7239880952380952
HHN-LON-01,2025-07-19,Orthopaedics Ward B,17.25,27.875,0.6191071428571429
HHN-LON-01,2025-07-20,Orthopaedics Ward B,20.791666666666668,27.541666666666668,0.756394993894994
HHN-LON-01,2025-07-21,Orthopaedics Ward B,21.458333333333332,27.875,0.7702976190476191
HHN-LON-01,2025-07-22,Orthopaedics Ward B,22.666666666666668,27.916666666666668,0.8122710622710622
HHN-LON-01,2025-07-23,Orthopaedics Ward B,22.5,27.958333333333332,0.8048390652557319
HHN-LON-01,2025-07-24,Orthopaedics Ward B,21.125,27.833333333333332,0.7589285714285715
HHN-LON-01,2025-07-25,Orthopaedics Ward B,23.916666666666668,27.875,0.858452380952381
HHN-LON-01,2025-07-26,Orthopaedics Ward B,20.5,27.833333333333332,0.7373511904761906
HHN-LON-01,2025-07-27,Orthopaedics Ward B,19.333333333333332,27.5,0.7048611111111112
HHN-LON-01,2025-07-28,Orthopaedics Ward B,17.75,27.916666666666668,0.6358745421245421
HHN-LON-01,2025-07-29,Orthopaedics Ward B,19.458333333333332,27.833333333333332,0.699290293040293
HHN-LON-01,2025-07-30,Orthopaedics Ward B,23.458333333333332,27.875,0.8415793311626646
HHN-LON-01,2025-07-31,Orthopaedics Ward B,27.083333333333332,27.875,0.9716159611992946
HHN-LON-01,2025-08-01,Orthopaedics Ward B,23.666666666666668,27.833333333333332,0.8511904761904763
HHN-LON-01,2025-08-02,Orthopaedics Ward B,19.208333333333332,27.875,0.6893484601817935
HHN-LON-01,2025-08-03,Orthopaedics Ward B,19.791666666666668,27.666666666666668,0.7155151946818613
HHN-LON-01,2025-08-04,Orthopaedics Ward B,18.625,27.875,0.6685714285714286
HHN-LON-01,2025-08-05,Orthopaedics Ward B,17.0,27.958333333333332,0.6079695767195766
HHN-LON-01,2025-08-06,Orthopaedics Ward B,17.583333333333332,27.75,0.6342261904761904
HHN-LON-01,2025-08-07,Orthopaedics Ward B,17.25,28.0,0.6160714285714285
HHN-LON-01,2025-08-08,Orthopaedics Ward B,15.958333333333334,28.0,0.5699404761904762
HHN-LON-01,2025-08-09,Orthopaedics Ward B,16.583333333333332,27.833333333333332,0.5960393772893773
HHN-LON-01,2025-08-10,Orthopaedics Ward B,12.75,27.833333333333332,0.4581043956043956
HHN-LON-01,2025-08-11,Orthopaedics Ward B,11.833333333333334,27.791666666666668,0.42620149911816574
HHN-LON-01,2025-08-12,Orthopaedics Ward B,14.083333333333334,27.958333333333332,0.5037477954144621
HHN-LON-01,2025-08-13,Orthopaedics Ward B,14.875,28.0,0.53125
HHN-LON-01,2025-08-14,Orthopaedics Ward B,15.666666666666666,28.0,0.5595238095238095
HHN-LON-01,2025-08-15,Orthopaedics Ward B,17.916666666666668,27.75,0.6469017094017094
HHN-LON-01,2025-08-16,Orthopaedics Ward B,15.25,27.708333333333332,0.5513988095238095
HHN-LON-01,2025-08-17,Orthopaedics Ward B,13.708333333333334,27.75,0.49410934744268076
HHN-LON-01,2025-08-18,Orthopaedics Ward B,13.416666666666666,28.0,0.4791666666666667
HHN-LON-01,2025-08-19,Orthopaedics Ward B,12.083333333333334,27.916666666666668,0.4329254850088183
HHN-LON-01,2025-08-20,Orthopaedics Ward B,10.416666666666666,27.958333333333332,0.3725198412698412
HHN-LON-01,2025-08-21,Orthopaedics Ward B,9.791666666666666,27.916666666666668,0.35084706959706957
HHN-LON-01,2025-08-22,Orthopaedics Ward B,10.125,27.833333333333332,0.3638337742504409
HHN-LON-01,2025-08-23,Orthopaedics Ward B,9.083333333333334,27.916666666666668,0.3253205128205128
HHN-LON-01,2025-08-24,Orthopaedics Ward B,10.625,27.958333333333332,0.38001543209876537
HHN-LON-01,2025-08-25,Orthopaedics Ward B,11.75,28.0,0.41964285714285704
HHN-LON-01,2025-08-26,Orthopaedics Ward B,11.625,27.875,0.4169642857142857
HHN-LON-01,2025-08-27,Orthopaedics Ward B,15.666666666666666,27.833333333333332,0.5637400793650794
HHN-LON-01,2025-08-28,Orthopaedics Ward B,16.625,27.833333333333332,0.5982142857142857
HHN-LON-01,2025-08-29,Orthopaedics Ward B,14.291666666666666,28.0,0.5104166666666666
HHN-LON-01,2025-08-30,Orthopaedics Ward B,17.875,27.958333333333332,0.6393298059964726
HHN-LON-01,2025-08-31,Orthopaedics Ward B,20.208333333333332,27.916666666666668,0.7239858906525574
HHN-LON-01,2025-09-01,Orthopaedics Ward B,17.041666666666668,27.958333333333332,0.6097332451499119
HHN-LON-01,2025-09-02,Orthopaedics Ward B,15.625,28.0,0.5580357142857143
HHN-LON-01,2025-09-03,Orthopaedics Ward B,20.666666666666668,28.0,0.7380952380952381
HHN-LON-01,2025-09-04,Orthopaedics Ward B,22.833333333333332,27.791666666666668,0.8220375457875457
HHN-LON-01,2025-09-05,Orthopaedics Ward B,23.208333333333332,27.916666666666668,0.8315018315018315
HHN-LON-01,2025-09-06,Orthopaedics Ward B,18.5,27.875,0.6638303825803825
HHN-LON-01,2025-09-07,Orthopaedics Ward B,14.458333333333334,27.875,0.5190476190476191
HHN-LON-01,2025-09-08,Orthopaedics Ward B,16.125,28.0,0.5758928571428571
HHN-LON-01,2025-09-09,Orthopaedics Ward B,19.583333333333332,28.0,0.6994047619047619
HHN-LON-01,2025-09-10,Orthopaedics Ward B,20.25,27.875,0.7271428571428572
HHN-LON-01,2025-09-11,Orthopaedics Ward B,23.458333333333332,28.0,0.8377976190476191
HHN-LON-01,2025-09-12,Orthopaedics Ward B,25.5,28.0,0.9107142857142857
HHN-LON-01,2025-09-13,Orthopaedics Ward B,22.416666666666668,27.125,0.8296756715506716
HHN-LON-01,2025-09-14,Orthopaedics Ward B,20.125,27.666666666666668,0.7284752747252748
HHN-LON-01,2025-09-15,Orthopaedics Ward B,22.708333333333332,28.0,0.8110119047619048
HHN-LON-01,2025-09-16,Orthopaedics Ward B,23.166666666666668,27.708333333333332,0.8374626916293583
HHN-LON-01,2025-09-17,Orthopaedics Ward B,24.041666666666668,27.791666666666668,0.8656029541446207
HHN-LON-01,2025-09-18,Orthopaedics Ward B,25.75,27.833333333333332,0.9255952380952381
HHN-LON-01,2025-09-19,Orthopaedics Ward B,26.583333333333332,28.0,0.949404761904762
HHN-LON-01,2025-09-20,Orthopaedics Ward B,27.208333333333332,27.916666666666668,0.974702380952381
HHN-LON-01,2025-09-21,Orthopaedics Ward B,26.041666666666668,27.833333333333332,0.9360119047619048
HHN-LON-01,2025-09-22,Orthopaedics Ward B,22.5,27.958333333333332,0.8048390652557319
HHN-LON-01,2025-09-23,Orthopaedics Ward B,22.208333333333332,27.875,0.7972619047619047
HHN-LON-01,2025-09-24,Orthopaedics Ward B,20.708333333333332,27.791666666666668,0.7455908289241623
HHN-LON-01,2025-09-25,Orthopaedics Ward B,20.333333333333332,27.833333333333332,0.7309027777777778
HHN-LON-01,2025-09-26,Orthopaedics Ward B,22.583333333333332,27.666666666666668,0.8182043650793651
HHN-LON-01,2025-09-27,Orthopaedics Ward B,19.916666666666668,27.875,0.7152380952380953
HHN-LON-01,2025-09-28,Orthopaedics Ward B,15.458333333333334,27.666666666666668,0.5595238095238095
HHN-LON-01,2025-09-29,Orthopaedics Ward B,12.208333333333334,27.875,0.43827160493827155
HHN-LON-01,2025-09-30,Orthopaedics Ward B,15.416666666666666,27.625,0.5580952380952381
HHN-LON-01,2025-10-01,Orthopaedics Ward B,16.208333333333332,28.0,0.5788690476190476
HHN-LON-01,2025-10-02,Orthopaedics Ward B,20.0,27.833333333333332,0.7185019841269842
HHN-LON-01,2025-10-03,Orthopaedics Ward B,19.458333333333332,28.0,0.6949404761904763
HHN-LON-01,2025-10-04,Orthopaedics Ward B,15.625,27.625,0.5668208180708181
HHN-LON-01,2025-10-05,Orthopaedics Ward B,17.583333333333332,27.666666666666668,0.6364671516754851
HHN-LON-01,2025-10-06,Orthopaedics Ward B,18.583333333333332,28.0,0.6636904761904762
HHN-LON-01,2025-10-07,Orthopaedics Ward B,18.125,28.0,0.6473214285714286
HHN-LON-01,2025-10-08,Orthopaedics Ward B,20.958333333333332,28.0,0.7485119047619048
HHN-LON-01,2025-10-09,Orthopaedics Ward B,25.375,28.0,0.90625
HHN-LON-01,2025-10-10,Orthopaedics Ward B,28.0,28.0,1.0
HHN-LON-01,2025-10-11,Orthopaedics Ward B,26.416666666666668,27.875,0.9479166666666666
HHN-LON-01,2025-10-12,Orthopaedics Ward B,24.375,27.458333333333332,0.8895238095238095
HHN-LON-01,2025-10-13,Orthopaedics Ward B,22.541666666666668,28.0,0.8050595238095237
HHN-LON-01,2025-10-14,Orthopaedics Ward B,19.541666666666668,27.958333333333332,0.6990740740740741
HHN-LON-01,2025-10-15,Orthopaedics Ward B,21.041666666666668,27.833333333333332,0.7566964285714285
HHN-LON-01,2025-10-16,Orthopaedics Ward B,21.875,27.791666666666668,0.7879188712522045
HHN-LON-01,2025-10-17,Orthopaedics Ward B,21.708333333333332,27.916666666666668,0.7775869963369964
HHN-LON-01,2025-10-18,Orthopaedics Ward B,23.041666666666668,27.833333333333332,0.8286485890652558
HHN-LON-01,2025-10-19,Orthopaedics Ward B,24.291666666666668,27.833333333333332,0.8734016754850088
HHN-LON-01,2025-10-20,Orthopaedics Ward B,22.25,27.791666666666668,0.8011188271604938
HHN-LON-01,2025-10-21,Orthopaedics Ward B,24.208333333333332,28.0,0.8645833333333334
HHN-LON-01,2025-10-22,Orthopaedics Ward B,26.291666666666668,27.833333333333332,0.9449404761904763
HHN-LON-01,2025-10-23,Orthopaedics Ward B,26.875,27.791666666666668,0.9672619047619048
HHN-LON-01,2025-10-24,Orthopaedics Ward B,27.25,28.0,0.9732142857142857
HHN-LON-01,2025-10-25,Orthopaedics Ward B,27.333333333333332,27.75,0.9851190476190476
HHN-LON-01,2025-10-26,Orthopaedics Ward B,28.0,28.0,1.0
HHN-LON-01,2025-10-27,Orthopaedics Ward B,27.583333333333332,27.833333333333332,0.9910714285714285
HHN-LON-01,2025-10-28,Orthopaedics Ward B,26.291666666666668,27.75,0.9479166666666666
HHN-LON-01,2025-10-29,Orthopaedics Ward B,26.333333333333332,27.958333333333332,0.9419642857142857
HHN-LON-01,2025-10-30,Orthopaedics Ward B,25.25,28.0,0.9017857142857143
HHN-LON-01,2025-10-31,Orthopaedics Ward B,24.083333333333332,28.0,0.8601190476190476
HHN-LON-01,2025-11-01,Orthopaedics Ward B,21.458333333333332,27.75,0.7738667582417582
HHN-LON-01,2025-11-02,Orthopaedics Ward B,21.333333333333332,27.875,0.7658333333333333
HHN-LON-01,2025-11-03,Orthopaedics Ward B,17.416666666666668,27.791666666666668,0.6271770282186949
HHN-LON-01,2025-11-04,Orthopaedics Ward B,17.166666666666668,27.708333333333332,0.6201223544973545
HHN-LON-01,2025-11-05,Orthopaedics Ward B,19.458333333333332,27.791666666666668,0.7010185185185186
HHN-LON-01,2025-11-06,Orthopaedics Ward B,23.0,27.875,0.8250000000000001
HHN-LON-01,2025-11-07,Orthopaedics Ward B,26.916666666666668,27.916666666666668,0.9642857142857143
HHN-LON-01,2025-11-08,Orthopaedics Ward B,27.833333333333332,27.833333333333332,1.0
HHN-LON-01,2025-11-09,Orthopaedics Ward B,27.541666666666668,27.875,0.9880952380952381
HHN-LON-01,2025-11-10,Orthopaedics Ward B,28.0,28.0,1.0
HHN-LON-01,2025-11-11,Orthopaedics Ward B,27.583333333333332,27.583333333333332,1.0
HHN-LON-01,2025-11-12,Orthopaedics Ward B,28.0,28.0,1.0
HHN-LON-01,2025-11-13,Orthopaedics Ward B,25.875,27.833333333333332,0.9300595238095238
HHN-LON-01,2025-11-14,Orthopaedics Ward B,23.208333333333332,27.875,0.8329761904761904
HHN-LON-01,2025-11-15,Orthopaedics Ward B,19.041666666666668,27.75,0.6863553113553115
HHN-LON-01,2025-11-16,Orthopaedics Ward B,21.5,27.666666666666668,0.778261684303351
HHN-LON-01,2025-11-17,Orthopaedics Ward B,20.041666666666668,27.916666666666668,0.7180631868131869
HHN-LON-01,2025-11-18,Orthopaedics Ward B,24.333333333333332,27.958333333333332,0.8701499118165786
HHN-LON-01,2025-11-19,Orthopaedics Ward B,27.75,27.791666666666668,0.9985119047619048
HHN-LON-01,2025-11-20,Orthopaedics Ward B,27.333333333333332,27.833333333333332,0.9821428571428572
HHN-LON-01,2025-11-21,Orthopaedics Ward B,27.708333333333332,27.791666666666668,0.9969686948853616
HHN-LON-01,2025-11-22,Orthopaedics Ward B,25.666666666666668,27.541666666666668,0.9329254850088183
HHN-LON-01,2025-11-23,Orthopaedics Ward B,23.666666666666668,28.0,0.8452380952380952
HHN-LON-01,2025-11-24,Orthopaedics Ward B,21.333333333333332,28.0,0.7619047619047619
HHN-LON-01,2025-11-25,Orthopaedics Ward B,21.125,27.833333333333332,0.7595502645502646
HHN-LON-01,2025-11-26,Orthopaedics Ward B,25.416666666666668,27.916666666666668,0.9107142857142857
HHN-LON-01,2025-11-27,Orthopaedics Ward B,28.0,28.0,1.0
HHN-LON-01,2025-11-28,Orthopaedics Ward B,27.833333333333332,27.833333333333332,1.0
HHN-LON-01,2025-11-29,Orthopaedics Ward B,26.541666666666668,27.75,0.9568452380952381
HHN-LON-01,2025-11-30,Orthopaedics Ward B,20.625,27.833333333333332,0.7415547415547415
HHN-LON-01,2025-12-01,Orthopaedics Ward B,21.375,28.0,0.7633928571428572
HHN-LON-01,2025-12-02,Orthopaedics Ward B,21.083333333333332,27.833333333333332,0.7584325396825397
HHN-LON-01,2025-12-03,Orthopaedics Ward B,17.5,27.791666666666668,0.6300961538461539
HHN-LON-01,2025-12-04,Orthopaedics Ward B,19.958333333333332,27.666666666666668,0.7221836419753087
HHN-LON-01,2025-12-05,Orthopaedics Ward B,23.625,27.833333333333332,0.8497023809523809
HHN-LON-01,2025-12-06,Orthopaedics Ward B,23.041666666666668,27.541666666666668,0.8384706959706959
HHN-LON-01,2025-12-07,Orthopaedics Ward B,23.166666666666668,27.833333333333332,0.8333333333333334
HHN-LON-01,2025-12-08,Orthopaedics Ward B,20.666666666666668,27.5,0.7527281746031745
HHN-LON-01,2025-12-09,Orthopaedics Ward B,25.958333333333332,27.791666666666668,0.9343033509700177
HHN-LON-01,2025-12-10,Orthopaedics Ward B,28.0,28.0,1.0
HHN-LON-01,2025-12-11,Orthopaedics Ward B,28.0,28.0,1.0
HHN-LON-01,2025-12-12,Orthopaedics Ward B,27.5,27.666666666666668,0.9940476190476191
HHN-LON-01,2025-12-13,Orthopaedics Ward B,24.125,27.875,0.8645833333333334
HHN-LON-01,2025-12-14,Orthopaedics Ward B,16.166666666666668,27.791666666666668,0.5818706756206756
HHN-LON-01,2025-12-15,Orthopaedics Ward B,16.166666666666668,27.833333333333332,0.5823412698412699
HHN-LON-01,2025-12-16,Orthopaedics Ward B,23.541666666666668,27.916666666666668,0.8430631868131869
HHN-LON-01,2025-12-17,Orthopaedics Ward B,27.208333333333332,27.458333333333332,0.9910714285714285
HHN-LON-01,2025-12-18,Orthopaedics Ward B,27.875,27.875,1.0
HHN-LON-01,2025-12-19,Orthopaedics Ward B,27.708333333333332,27.708333333333332,1.0
HHN-LON-01,2025-12-20,Orthopaedics Ward B,27.0,27.5,0.9821428571428572
HHN-LON-01,2025-12-21,Orthopaedics Ward B,24.291666666666668,27.208333333333332,0.8954899267399267
HHN-LON-01,2025-12-22,Orthopaedics Ward B,23.541666666666668,28.0,0.8407738095238096
HHN-LON-01,2025-12-23,Orthopaedics Ward B,26.333333333333332,27.708333333333332,0.9508928571428572
HHN-LON-01,2025-12-24,Orthopaedics Ward B,27.75,28.0,0.9910714285714285
HHN-LON-01,2025-12-25,Orthopaedics Ward B,26.708333333333332,27.791666666666668,0.9613095238095238
HHN-LON-01,2025-12-26,Orthopaedics Ward B,24.666666666666668,27.583333333333332,0.8947649572649573
HHN-LON-01,2025-12-27,Orthopaedics Ward B,19.875,27.708333333333332,0.7185359008275675
HHN-LON-01,2025-12-28,Orthopaedics Ward B,23.75,27.458333333333332,0.8675595238095238
HHN-LON-01,2025-12-29,Orthopaedics Ward B,27.958333333333332,27.875,1.0
HHN-LON-01,2025-12-30,Orthopaedics Ward B,27.083333333333332,27.75,0.9761904761904763
HHN-LON-01,2025-12-31,Orthopaedics Ward B,25.791666666666668,27.75,0.9298305860805861
HHN-LON-02,2024-01-01,Orthopaedics Ward B,1.6666666666666667,11.916666666666666,0.14078282828282826
HHN-LON-02,2024-01-02,Orthopaedics Ward B,8.083333333333334,11.958333333333334,0.6770833333333334
HHN-LON-02,2024-01-03,Orthopaedics Ward B,11.916666666666666,11.916666666666666,1.0
HHN-LON-02,2024-01-04,Orthopaedics Ward B,11.958333333333334,11.958333333333334,1.0
HHN-LON-02,2024-01-05,Orthopaedics Ward B,11.791666666666666,11.791666666666666,1.0
HHN-LON-02,2024-01-06,Orthopaedics Ward B,11.833333333333334,11.833333333333334,1.0
HHN-LON-02,2024-01-07,Orthopaedics Ward B,11.958333333333334,11.958333333333334,1.0
HHN-LON-02,2024-01-08,Orthopaedics Ward B,11.875,11.875,1.0
HHN-LON-02,2024-01-09,Orthopaedics Ward B,11.958333333333334,11.958333333333334,1.0
HHN-LON-02,2024-01-10,Orthopaedics Ward B,11.958333333333334,11.958333333333334,1.0
HHN-LON-02,2024-01-11,Orthopaedics Ward B,11.916666666666666,11.916666666666666,1.0
HHN-LON-02,2024-01-12,Orthopaedics Ward B,11.958333333333334,11.958333333333334,1.0
HHN-LON-02,2024-01-13,Orthopaedics Ward B,11.916666666666666,11.916666666666666,1.0
HHN-LON-02,2024-01-14,Orthopaedics Ward B,11.791666666666666,11.791666666666666,1.0
HHN-LON-02,2024-01-15,Orthopaedics Ward B,11.833333333333334,11.833333333333334,1.0
HHN-LON-02,2024-01-16,Orthopaedics Ward B,11.833333333333334,11.833333333333334,1.0
HHN-LON-02,2024-01-17,Orthopaedics Ward B,11.958333333333334,11.958333333333334,1.0
HHN-LON-02,2024-01-18,Orthopaedics Ward B,11.875,11.875,1.0
HHN-LON-02,2024-01-19,Orthopaedics Ward B,11.875,11.875,1.0
HHN-LON-02,2024-01-20,Orthopaedics Ward B,11.958333333333334,11.958333333333334,1.0
HHN-LON-02,2024-01-21,Orthopaedics Ward B,11.041666666666666,11.791666666666666,0.9362373737373737
HHN-LON-02,2024-01-22,Orthopaedics Ward B,11.041666666666666,11.833333333333334,0.9333964646464646
HHN-LON-02,2024-01-23,Orthopaedics Ward B,11.875,11.875,1.0
HHN-LON-02,2024-01-24,Orthopaedics Ward B,11.916666666666666,11.916666666666666,1.0
HHN-LON-02,2024-01-25,Orthopaedics Ward B,11.916666666666666,11.916666666666666,1.0
HHN-LON-02,2024-01-26,Orthopaedics Ward B,11.916666666666666,11.916666666666666,1.0
HHN-LON-02,2024-01-27,Orthopaedics Ward B,11.708333333333334,11.708333333333334,1.0
HHN-LON-02,2024-01-28,Orthopaedics Ward B,11.833333333333334,11.833333333333334,1.0
HHN-LON-02,2024-01-29,Orthopaedics Ward B,11.958333333333334,11.958333333333334,1.0
HHN-LON-02,2024-01-30,Orthopaedics Ward B,11.833333333333334,11.833333333333334,1.0
HHN-LON-02,2024-01-31,Orthopaedics Ward B,11.666666666666666,11.791666666666666,0.9895833333333334
HHN-LON-02,2024-02-01,Orthopaedics Ward B,12.0,12.0,1.0
HHN-LON-02,2024-02-02,Orthopaedics Ward B,11.958333333333334,11.958333333333334,1.0
HHN-LON-02,2024-02-03,Orthopaedics Ward B,12.0,12.0,1.0
HHN-LON-02,2024-02-04,Orthopaedics Ward B,11.875,11.875,1.0
HHN-LON-02,2024-02-05,Orthopaedics Ward B,11.958333333333334,11.958333333333334,1.0
HHN-LON-02,2024-02-06,Orthopaedics Ward B,11.875,11.875,1.0
HHN-LON-02,2024-02-07,Orthopaedics Ward B,11.833333333333334,11.833333333333334,1.0
HHN-LON-02,2024-02-08,Orthopaedics Ward B,11.916666666666666,11.958333333333334,0.9965277777777778
HHN-LON-02,2024-02-09,Orthopaedics Ward B,11.833333333333334,11.833333333333334,1.0
HHN-LON-02,2024-02-10,Orthopaedics Ward B,11.916666666666666,11.916666666666666,1.0
HHN-LON-02,2024-02-11,Orthopaedics Ward B,11.833333333333334,11.833333333333334,1.0
HHN-LON-02,2024-02-12,Orthopaedics Ward B,11.958333333333334,11.958333333333334,1.0
HHN-LON-02,2024-02-13,Orthopaedics Ward B,11.875,11.875,1.0
HHN-LON-02,2024-02-14,Orthopaedics Ward B,11.875,11.875,1.0
HHN-LON-02,2024-02-15,Orthopaedics Ward B,11.875,11.875,1.0
HHN-LON-02,2024-02-16,Orthopaedics Ward B,12.0,12.0,1.0
HHN-LON-02,2024-02-17,Orthopaedics Ward B,10.5,11.958333333333334,0.8784722222222222
HHN-LON-02,2024-02-18,Orthopaedics Ward B,6.083333333333333,11.958333333333334,0.5088383838383839
HHN-LON-02,2024-02-19,Orthopaedics Ward B,10.083333333333334,12.0,0.8402777777777778
HHN-LON-02,2024-02-20,Orthopaedics Ward B,11.958333333333334,11.958333333333334,1.0
HHN-LON-02,2024-02-21,Orthopaedics Ward B,11.958333333333334,11.958333333333334,1.0
HHN-LON-02,2024-02-22,Orthopaedics Ward B,12.0,12.0,1.0
HHN-LON-02,2024-02-23,Orthopaedics Ward B,11.875,11.875,1.0
HHN-LON-02,2024-02-24,Orthopaedics Ward B,11.875,11.875,1.0
HHN-LON-02,2024-02-25,Orthopaedics Ward B,11.875,11.875,1.0
HHN-LON-02,2024-02-26,Orthopaedics Ward B,10.375,11.875,0.8737373737373737
HHN-LON-02,2024-02-27,Orthopaedics Ward B,11.875,12.0,0.9895833333333334
HHN-LON-02,2024-02-28,Orthopaedics Ward B,11.875,11.875,1.0
HHN-LON-02,2024-02-29,Orthopaedics Ward B,11.916666666666666,11.916666666666666,1.0
HHN-LON-02,2024-03-01,Orthopaedics Ward B,11.958333333333334,11.958333333333334,1.0
HHN-LON-02,2024-03-02,Orthopaedics Ward B,11.958333333333334,11.958333333333334,1.0
HHN-LON-02,2024-03-03,Orthopaedics Ward B,11.791666666666666,11.791666666666666,1.0
HHN-LON-02,2024-03-04,Orthopaedics Ward B,11.916666666666666,11.916666666666666,1.0
HHN-LON-02,2024-03-05,Orthopaedics Ward B,11.916666666666666,11.916666666666666,1.0
HHN-LON-02,2024-03-06,Orthopaedics Ward B,11.875,11.875,1.0
HHN-LON-02,2024-03-07,Orthopaedics Ward B,11.958333333333334,11.958333333333334,1.0
HHN-LON-02,2024-03-08,Orthopaedics Ward B,11.916666666666666,11.916666666666666,1.0
HHN-LON-02,2024-03-09,Orthopaedics Ward B,11.875,11.875,1.0
HHN-LON-02,2024-03-10,Orthopaedics Ward B,12.0,12.0,1.0
HHN-LON-02,2024-03-11,Orthopaedics Ward B,11.916666666666666,11.916666666666666,1.0
HHN-LON-02,2024-03-12,Orthopaedics Ward B,12.0,12.0,1.0
HHN-LON-02,2024-03-13,Orthopaedics Ward B,12.0,12.0,1.0
HHN-LON-02,2024-03-14,Orthopaedics Ward B,11.958333333333334,11.958333333333334,1.0
HHN-LON-02,2024-03-15,Orthopaedics Ward B,11.916666666666666,11.916666666666666,1.0
HHN-LON-02,2024-03-16,Orthopaedics Ward B,11.958333333333334,11.958333333333334,1.0
HHN-LON-02,2024-03-17,Orthopaedics Ward B,12.0,12.0,1.0
HHN-LON-02,2024-03-18,Orthopaedics Ward B,11.916666666666666,11.916666666666666,1.0
HHN-LON-02,2024-03-19,Orthopaedics Ward B,12.0,12.0,1.0
HHN-LON-02,2024-03-20,Orthopaedics Ward B,12.0,12.0,1.0
HHN-LON-02,2024-03-21,Orthopaedics Ward B,11.958333333333334,11.958333333333334,1.0
HHN-LON-02,2024-03-22,Orthopaedics Ward B,12.0,12.0,1.0
HHN-LON-02,2024-03-23,Orthopaedics Ward B,11.791666666666666,11.875,0.9927398989898989
HHN-LON-02,2024-03-24,Orthopaedics Ward B,10.916666666666666,11.916666666666666,0.9160353535353535
HHN-LON-02,2024-03-25,Orthopaedics Ward B,11.583333333333334,11.875,0.9756944444444445
HHN-LON-02,2024-03-26,Orthopaedics Ward B,11.875,11.875,1.0
HHN-LON-02,2024-03-27,Orthopaedics Ward B,10.375,12.0,0.8645833333333334
HHN-LON-02,2024-03-28,Orthopaedics Ward B,10.833333333333334,12.0,0.9027777777777778
HHN-LON-02,2024-03-29,Orthopaedics Ward B,12.0,12.0,1.0
HHN-LON-02,2024-03-30,Orthopaedics Ward B,11.916666666666666,11.916666666666666,1.0
HHN-LON-02,2024-03-31,Orthopaedics Ward B,11.958333333333334,11.958333333333334,1.0
HHN-LON-02,2024-04-01,Orthopaedics Ward B,11.833333333333334,11.958333333333334,0.9895833333333334
HHN-LON-02,2024-04-02,Orthopaedics Ward B,11.208333333333334,11.916666666666666,0.9409722222222222
HHN-LON-02,2024-04-03,Orthopaedics Ward B,11.666666666666666,12.0,0.9722222222222222
HHN-LON-02,2024-04-04,Orthopaedics Ward B,11.958333333333334,11.958333333333334,1.0
HHN-LON-02,2024-04-05,Orthopaedics Ward B,11.958333333333334,11.958333333333334,1.0
HHN-LON-02,2024-04-06,Orthopaedics Ward B,11.791666666666666,11.791666666666666,1.0
HHN-LON-02,2024-04-07,Orthopaedics Ward B,11.958333333333334,11.958333333333334,1.0
HHN-LON-02,2024-04-08,Orthopaedics Ward B,7.791666666666667,11.875,0.6587752525252525
HHN-LON-02,2024-04-09,Orthopaedics Ward B,6.666666666666667,11.916666666666666,0.5596590909090909
HHN-LON-02,2024-04-10,Orthopaedics Ward B,9.458333333333334,11.916666666666666,0.7938762626262627
HHN-LON-02,2024-04-11,Orthopaedics Ward B,8.5,11.958333333333334,0.7108585858585857
HHN-LON-02,2024-04-12,Orthopaedics Ward B,10.833333333333334,11.958333333333334,0.9059343434343434
HHN-LON-02,2024-04-13,Orthopaedics Ward B,11.041666666666666,11.958333333333334,0.9236111111111112
HHN-LON-02,2024-04-14,Orthopaedics Ward B,11.333333333333334,11.791666666666666,0.9618055555555555
HHN-LON-02,2024-04-15,Orthopaedics Ward B,11.166666666666666,12.0,0.9305555555555555
HHN-LON-02,2024-04-16,Orthopaedics Ward B,11.708333333333334,12.0,0.9756944444444445
HHN-LON-02,2024-04-17,Orthopaedics Ward B,11.958333333333334,11.958333333333334,1.0
HHN-LON-02,2024-04-18,Orthopaedics Ward B,12.0,12.0,1.0
HHN-LON-02,2024-04-19,Orthopaedics Ward B,11.958333333333334,11.958333333333334,1.0
HHN-LON-02,2024-04-20,Orthopaedics Ward B,11.791666666666666,11.791666666666666,1.0
HHN-LON-02,2024-04-21,Orthopaedics Ward B,12.0,12.0,1.0
HHN-LON-02,2024-04-22,Orthopaedics Ward B,11.916666666666666,11.916666666666666,1.0
HHN-LON-02,2024-04-23,Orthopaedics Ward B,11.958333333333334,11.958333333333334,1.0
HHN-LON-02,2024-04-24,Orthopaedics Ward B,11.958333333333334,11.958333333333334,1.0
HHN-LON-02,2024-04-25,Orthopaedics Ward B,11.958333333333334,11.958333333333334,1.0
HHN-LON-02,2024-04-26,Orthopaedics Ward B,11.916666666666666,11.916666666666666,1.0
HHN-LON-02,2024-04-27,Orthopaedics Ward B,11.916666666666666,11.916666666666666,1.0
HHN-LON-02,2024-04-28,Orthopaedics Ward B,11.916666666666666,11.916666666666666,1.0
HHN-LON-02,2024-04-29,Orthopaedics Ward B,11.958333333333334,11.958333333333334,1.0
HHN-LON-02,2024-04-30,Orthopaedics Ward B,11.958333333333334,11.958333333333334,1.0
HHN-LON-02,2024-05-01,Orthopaedics Ward B,11.916666666666666,11.916666666666666,1.0
HHN-LON-02,2024-05-02,Orthopaedics Ward B,12.0,12.0,1.0
HHN-LON-02,2024-05-03,Orthopaedics Ward B,12.0,12.0,1.0
HHN-LON-02,2024-05-04,Orthopaedics Ward B,11.958333333333334,11.958333333333334,1.0
HHN-LON-02,2024-05-05,Orthopaedics Ward B,11.833333333333334,11.833333333333334,1.0
HHN-LON-02,2024-05-06,Orthopaedics Ward B,11.0,11.916666666666666,0.922979797979798
HHN-LON-02,2024-05-07,Orthopaedics Ward B,10.083333333333334,11.916666666666666,0.8469065656565656
HHN-LON-02,2024-05-08,Orthopaedics Ward B,10.291666666666666,11.958333333333334,0.8607954545454546
HHN-LON-02,2024-05-09,Orthopaedics Ward B,11.291666666666666,11.958333333333334,0.9444444444444445
HHN-LON-02,2024-05-10,Orthopaedics Ward B,11.916666666666666,11.916666666666666,1.0
HHN-LON-02,2024-05-11,Orthopaedics Ward B,11.958333333333334,11.958333333333334,1.0
HHN-LON-02,2024-05-12,Orthopaedics Ward B,11.875,11.875,1.0
HHN-LON-02,2024-05-13,Orthopaedics Ward B,11.916666666666666,11.916666666666666,1.0
HHN-LON-02,2024-05-14,Orthopaedics Ward B,11.916666666666666,11.916666666666666,1.0
HHN-LON-02,2024-05-15,Orthopaedics Ward B,11.875,11.875,1.0
HHN-LON-02,2024-05-16,Orthopaedics Ward B,11.958333333333334,11.958333333333334,1.0
HHN-LON-02,2024-05-17,Orthopaedics Ward B,11.25,12.0,0.9375
HHN-LON-02,2024-05-18,Orthopaedics Ward B,9.166666666666666,11.916666666666666,0.7695707070707071
HHN-LON-02,2024-05-19,Orthopaedics Ward B,8.833333333333334,11.916666666666666,0.7411616161616162
HHN-LON-02,2024-05-20,Orthopaedics Ward B,9.458333333333334,12.0,0.7881944444444445
HHN-LON-02,2024-05-21,Orthopaedics Ward B,10.333333333333334,11.958333333333334,0.8639520202020202
HHN-LON-02,2024-05-22,Orthopaedics Ward B,11.916666666666666,11.916666666666666,1.0
HHN-LON-02,2024-05-23,Orthopaedics Ward B,11.916666666666666,11.916666666666666,1.0
HHN-LON-02,2024-05-24,Orthopaedics Ward B,11.333333333333334,11.958333333333334,0.9479166666666666
HHN-LON-02,2024-05-25,Orthopaedics Ward B,9.375,11.916666666666666,0.7875631313131314
HHN-LON-02,2024-05-26,Orthopaedics Ward B,8.416666666666666,11.916666666666666,0.7064393939393939
HHN-LON-02,2024-05-27,Orthopaedics Ward B,6.708333333333333,12.0,0.5590277777777778
HHN-LON-02,2024-05-28,Orthopaedics Ward B,7.708333333333333,11.916666666666666,0.646780303030303
HHN-LON-02,2024-05-29,Orthopaedics Ward B,8.708333333333334,12.0,0.7256944444444445
HHN-LON-02,2024-05-30,Orthopaedics Ward B,11.791666666666666,11.875,0.9930555555555555
HHN-LON-02,2024-05-31,Orthopaedics Ward B,12.0,12.0,1.0
HHN-LON-02,2024-06-01,Orthopaedics Ward B,11.958333333333334,11.958333333333334,1.0
HHN-LON-02,2024-06-02,Orthopaedics Ward B,11.833333333333334,11.833333333333334,1.0
HHN-LON-02,2024-06-03,Orthopaedics Ward B,12.0,12.0,1.0
HHN-LON-02,2024-06-04,Orthopaedics Ward B,11.916666666666666,11.916666666666666,1.0
HHN-LON-02,2024-06-05,Orthopaedics Ward B,11.875,11.875,1.0
HHN-LON-02,2024-06-06,Orthopaedics Ward B,11.916666666666666,11.916666666666666,1.0
HHN-LON-02,2024-06-07,Orthopaedics Ward B,11.875,11.875,1.0
HHN-LON-02,2024-06-08,Orthopaedics Ward B,11.0,11.916666666666666,0.9236111111111112
HHN-LON-02,2024-06-09,Orthopaedics Ward B,8.541666666666666,11.916666666666666,0.7171717171717171
HHN-LON-02,2024-06-10,Orthopaedics Ward B,8.5,11.958333333333334,0.7108585858585857
HHN-LON-02,2024-06-11,Orthopaedics Ward B,11.541666666666666,11.916666666666666,0.9684343434343434
HHN-LON-02,2024-06-12,Orthopaedics Ward B,11.875,11.875,1.0
HHN-LON-02,2024-06-13,Orthopaedics Ward B,11.791666666666666,11.958333333333334,0.9861111111111112
HHN-LON-02,2024-06-14,Orthopaedics Ward B,10.916666666666666,11.875,0.9201388888888888
HHN-LON-02,2024-06-15,Orthopaedics Ward B,9.791666666666666,11.958333333333334,0.819128787878788
HHN-LON-02,2024-06-16,Orthopaedics Ward B,9.5,11.958333333333334,0.7948232323232324
HHN-LON-02,2024-06-17,Orthopaedics Ward B,10.458333333333334,11.875,0.8813131313131314
HHN-LON-02,2024-06-18,Orthopaedics Ward B,10.916666666666666,12.0,0.9097222222222222
HHN-LON-02,2024-06-19,Orthopaedics Ward B,11.916666666666666,11.916666666666666,1.0
HHN-LON-02,2024-06-20,Orthopaedics Ward B,12.0,12.0,1.0
HHN-LON-02,2024-06-21,Orthopaedics Ward B,12.0,12.0,1.0
HHN-LON-02,2024-06-22,Orthopaedics Ward B,11.958333333333334,12.0,0.9965277777777778
HHN-LON-02,2024-06-23,Orthopaedics Ward B,10.458333333333334,11.833333333333334,0.8844696969696969
HHN-LON-02,2024-06-24,Orthopaedics Ward B,11.416666666666666,11.916666666666666,0.9580176767676768
HHN-LON-02,2024-06-25,Orthopaedics Ward B,11.916666666666666,11.916666666666666,1.0
HHN-LON-02,2024-06-26,Orthopaedics Ward B,11.916666666666666,11.916666666666666,1.0
HHN-LON-02,2024-06-27,Orthopaedics Ward B,12.0,12.0,1.0
HHN-LON-02,2024-06-28,Orthopaedics Ward B,11.958333333333334,11.958333333333334,1.0
HHN-LON-02,2024-06-29,Orthopaedics Ward B,11.875,11.875,1.0
HHN-LON-02,2024-06-30,Orthopaedics Ward B,11.916666666666666,11.916666666666666,1.0
HHN-LON-02,2024-07-01,Orthopaedics Ward B,11.833333333333334,11.833333333333334,1.0
HHN-LON-02,2024-07-02,Orthopaedics Ward B,11.833333333333334,11.875,0.9965277777777778
HHN-LON-02,2024-07-03,Orthopaedics Ward B,12.0,12.0,1.0
HHN-LON-02,2024-07-04,Orthopaedics Ward B,11.916666666666666,11.916666666666666,1.0
HHN-LON-02,2024-07-05,Orthopaedics Ward B,11.958333333333334,11.958333333333334,1.0
HHN-LON-02,2024-07-06,Orthopaedics Ward B,11.916666666666666,11.916666666666666,1.0
HHN-LON-02,2024-07-07,Orthopaedics Ward B,11.5,11.916666666666666,0.9652777777777778
HHN-LON-02,2024-07-08,Orthopaedics Ward B,10.833333333333334,12.0,0.9027777777777778
HHN-LON-02,2024-07-09,Orthopaedics Ward B,11.833333333333334,12.0,0.9861111111111112
HHN-LON-02,2024-07-10,Orthopaedics Ward B,12.0,12.0,1.0
HHN-LON-02,2024-07-11,Orthopaedics Ward B,11.958333333333334,11.958333333333334,1.0
HHN-LON-02,2024-07-12,Orthopaedics Ward B,12.0,12.0,1.0
HHN-LON-02,2024-07-13,Orthopaedics Ward B,11.875,11.875,1.0
HHN-LON-02,2024-07-14,Orthopaedics Ward B,11.958333333333334,11.958333333333334,1.0
HHN-LON-02,2024-07-15,Orthopaedics Ward B,12.0,12.0,1.0
HHN-LON-02,2024-07-16,Orthopaedics Ward B,11.916666666666666,11.916666666666666,1.0
HHN-LON-02,2024-07-17,Orthopaedics Ward B,12.0,12.0,1.0
HHN-LON-02,2024-07-18,Orthopaedics Ward B,11.958333333333334,11.958333333333334,1.0
HHN-LON-02,2024-07-19,Orthopaedics Ward B,12.0,12.0,1.0
HHN-LON-02,2024-07-20,Orthopaedics Ward B,11.958333333333334,11.958333333333334,1.0
HHN-LON-02,2024-07-21,Orthopaedics Ward B,11.958333333333334,11.958333333333334,1.0
HHN-LON-02,2024-07-22,Orthopaedics Ward B,12.0,12.0,1.0
HHN-LON-02,2024-07-23,Orthopaedics Ward B,12.0,12.0,1.0
HHN-LON-02,2024-07-24,Orthopaedics Ward B,12.0,12.0,1.0
HHN-LON-02,2024-07-25,Orthopaedics Ward B,11.875,11.875,1.0
HHN-LON-02,2024-07-26,Orthopaedics Ward B,12.0,12.0,1.0
HHN-LON-02,2024-07-27,Orthopaedics Ward B,11.875,11.875,1.0
HHN-LON-02,2024-07-28,Orthopaedics Ward B,11.833333333333334,11.833333333333334,1.0
HHN-LON-02,2024-07-29,Orthopaedics Ward B,11.208333333333334,11.958333333333334,0.9375
HHN-LON-02,2024-07-30,Orthopaedics Ward B,8.541666666666666,12.0,0.7118055555555555
HHN-LON-02,2024-07-31,Orthopaedics Ward B,9.458333333333334,11.958333333333334,0.7907196969696969
HHN-LON-02,2024-08-01,Orthopaedics Ward B,7.791666666666667,11.875,0.6565656565656566
HHN-LON-02,2024-08-02,Orthopaedics Ward B,6.875,11.916666666666666,0.5770202020202021
HHN-LON-02,2024-08-03,Orthopaedics Ward B,6.208333333333333,11.958333333333334,0.5195707070707071
HHN-LON-02,2024-08-04,Orthopaedics Ward B,5.958333333333333,11.875,0.5022095959595959
HHN-LON-02,2024-08-05,Orthopaedics Ward B,8.583333333333334,12.0,0.7152777777777778
HHN-LON-02,2024-08-06,Orthopaedics Ward B,11.958333333333334,11.958333333333334,1.0
HHN-LON-02,2024-08-07,Orthopaedics Ward B,11.708333333333334,12.0,0.9756944444444445
HHN-LON-02,2024-08-08,Orthopaedics Ward B,11.916666666666666,11.916666666666666,1.0
HHN-LON-02,2024-08-09,Orthopaedics Ward B,11.916666666666666,11.916666666666666,1.0
HHN-LON-02,2024-08-10,Orthopaedics Ward B,11.875,11.875,1.0
HHN-LON-02,2024-08-11,Orthopaedics Ward B,11.916666666666666,11.916666666666666,1.0
HHN-LON-02,2024-08-12,Orthopaedics Ward B,12.0,12.0,1.0
HHN-LON-02,2024-08-13,Orthopaedics Ward B,12.0,12.0,1.0
HHN-LON-02,2024-08-14,Orthopaedics Ward B,11.833333333333334,11.916666666666666,0.9930555555555555
HHN-LON-02,2024-08-15,Orthopaedics Ward B,11.0,12.0,0.9166666666666666
HHN-LON-02,2024-08-16,Orthopaedics Ward B,8.916666666666666,11.916666666666666,0.7484217171717171
HHN-LON-02,2024-08-17,Orthopaedics Ward B,6.958333333333333,11.833333333333334,0.5890151515151515
HHN-LON-02,2024-08-18,Orthopaedics Ward B,6.0,11.958333333333334,0.5018939393939393
HHN-LON-02,2024-08-19,Orthopaedics Ward B,5.833333333333333,11.916666666666666,0.4895833333333333
HHN-LON-02,2024-08-20,Orthopaedics Ward B,6.25,12.0,0.5208333333333334
HHN-LON-02,2024-08-21,Orthopaedics Ward B,10.041666666666666,11.958333333333334,0.8393308080808081
HHN-LON-02,2024-08-22,Orthopaedics Ward B,11.75,12.0,0.9791666666666666
HHN-LON-02,2024-08-23,Orthopaedics Ward B,11.833333333333334,11.833333333333334,1.0
HHN-LON-02,2024-08-24,Orthopaedics Ward B,11.625,11.958333333333334,0.9722222222222222
HHN-LON-02,2024-08-25,Orthopaedics Ward B,11.916666666666666,11.916666666666666,1.0
HHN-LON-02,2024-08-26,Orthopaedics Ward B,11.875,11.875,1.0
HHN-LON-02,2024-08-27,Orthopaedics Ward B,12.0,12.0,1.0
HHN-LON-02,2024-08-28,Orthopaedics Ward B,11.958333333333334,11.958333333333334,1.0
HHN-LON-02,2024-08-29,Orthopaedics Ward B,11.25,12.0,0.9375
HHN-LON-02,2024-08-30,Orthopaedics Ward B,11.916666666666666,11.916666666666666,1.0
HHN-LON-02,2024-08-31,Orthopaedics Ward B,11.75,11.833333333333334,0.9930555555555555
HHN-LON-02,2024-09-01,Orthopaedics Ward B,11.916666666666666,11.916666666666666,1.0
HHN-LON-02,2024-09-02,Orthopaedics Ward B,11.791666666666666,11.958333333333334,0.9861111111111112
HHN-LON-02,2024-09-03,Orthopaedics Ward B,11.958333333333334,11.958333333333334,1.0
HHN-LON-02,2024-09-04,Orthopaedics Ward B,11.958333333333334,11.958333333333334,1.0
HHN-LON-02,2024-09-05,Orthopaedics Ward B,11.958333333333334,11.958333333333334,1.0
HHN-LON-02,2024-09-06,Orthopaedics Ward B,11.958333333333334,11.958333333333334,1.0
HHN-LON-02,2024-09-07,Orthopaedics Ward B,12.0,12.0,1.0
HHN-LON-02,2024-09-08,Orthopaedics Ward B,11.916666666666666,11.916666666666666,1.0
HHN-LON-02,2024-09-09,Orthopaedics Ward B,11.916666666666666,11.916666666666666,1.0
HHN-LON-02,2024-09-10,Orthopaedics Ward B,11.958333333333334,11.958333333333334,1.0
HHN-LON-02,2024-09-11,Orthopaedics Ward B,11.583333333333334,11.958333333333334,0.96875
HHN-LON-02,2024-09-12,Orthopaedics Ward B,12.0,12.0,1.0
HHN-LON-02,2024-09-13,Orthopaedics Ward B,11.916666666666666,11.916666666666666,1.0
HHN-LON-02,2024-09-14,Orthopaedics Ward B,11.916666666666666,11.958333333333334,0.9965277777777778
HHN-LON-02,2024-09-15,Orthopaedics Ward B,11.875,11.875,1.0
HHN-LON-02,2024-09-16,Orthopaedics Ward B,12.0,12.0,1.0
HHN-LON-02,2024-09-17,Orthopaedics Ward B,11.75,11.916666666666666,0.9861111111111112
HHN-LON-02,2024-09-18,Orthopaedics Ward B,11.958333333333334,11.958333333333334,1.0
HHN-LON-02,2024-09-19,Orthopaedics Ward B,11.916666666666666,11.916666666666666,1.0
HHN-LON-02,2024-09-20,Orthopaedics Ward B,12.0,12.0,1.0
HHN-LON-02,2024-09-21,Orthopaedics Ward B,11.875,11.875,1.0
HHN-LON-02,2024-09-22,Orthopaedics Ward B,11.833333333333334,11.833333333333334,1.0
HHN-LON-02,2024-09-23,Orthopaedics Ward B,11.958333333333334,11.958333333333334,1.0
HHN-LON-02,2024-09-24,Orthopaedics Ward B,12.0,12.0,1.0
HHN-LON-02,2024-09-25,Orthopaedics Ward B,11.0,12.0,0.9166666666666666
HHN-LON-02,2024-09-26,Orthopaedics Ward B,8.875,12.0,0.7395833333333334
HHN-LON-02,2024-09-27,Orthopaedics Ward B,8.708333333333334,11.958333333333334,0.7285353535353535
HHN-LON-02,2024-09-28,Orthopaedics Ward B,7.541666666666667,11.916666666666666,0.6332070707070707
HHN-LON-02,2024-09-29,Orthopaedics Ward B,8.0,11.916666666666666,0.6717171717171717
HHN-LON-02,2024-09-30,Orthopaedics Ward B,8.458333333333334,11.958333333333334,0.7073863636363636
HHN-LON-02,2024-10-01,Orthopaedics Ward B,11.916666666666666,11.958333333333334,0.9965277777777778
HHN-LON-02,2024-10-02,Orthopaedics Ward B,11.958333333333334,11.958333333333334,1.0
HHN-LON-02,2024-10-03,Orthopaedics Ward B,11.833333333333334,11.833333333333334,1.0
HHN-LON-02,2024-10-04,Orthopaedics Ward B,11.791666666666666,11.958333333333334,0.9861111111111112
HHN-LON-02,2024-10-05,Orthopaedics Ward B,10.875,11.875,0.9157196969696969
HHN-LON-02,2024-10-06,Orthopaedics Ward B,10.875,11.875,0.9157196969696969
HHN-LON-02,2024-10-07,Orthopaedics Ward B,11.375,11.875,0.9580176767676768
HHN-LON-02,2024-10-08,Orthopaedics Ward B,11.958333333333334,11.958333333333334,1.0
HHN-LON-02,2024-10-09,Orthopaedics Ward B,11.958333333333334,11.958333333333334,1.0
HHN-LON-02,2024-10-10,Orthopaedics Ward B,11.916666666666666,11.916666666666666,1.0
HHN-LON-02,2024-10-11,Orthopaedics Ward B,11.916666666666666,11.916666666666666,1.0
HHN-LON-02,2024-10-12,Orthopaedics Ward B,11.833333333333334,11.833333333333334,1.0
HHN-LON-02,2024-10-13,Orthopaedics Ward B,12.0,12.0,1.0
HHN-LON-02,2024-10-14,Orthopaedics Ward B,9.708333333333334,11.875,0.8184974747474748
HHN-LON-02,2024-10-15,Orthopaedics Ward B,11.875,12.0,0.9895833333333334
HHN-LON-02,2024-10-16,Orthopaedics Ward B,12.0,12.0,1.0
HHN-LON-02,2024-10-17,Orthopaedics Ward B,12.0,12.0,1.0
HHN-LON-02,2024-10-18,Orthopaedics Ward B,11.958333333333334,11.958333333333334,1.0
HHN-LON-02,2024-10-19,Orthopaedics Ward B,12.0,12.0,1.0
HHN-LON-02,2024-10-20,Orthopaedics Ward B,11.541666666666666,11.958333333333334,0.9652777777777778
HHN-LON-02,2024-10-21,Orthopaedics Ward B,11.75,11.958333333333334,0.9826388888888888
HHN-LON-02,2024-10-22,Orthopaedics Ward B,11.916666666666666,11.916666666666666,1.0
HHN-LON-02,2024-10-23,Orthopaedics Ward B,11.958333333333334,11.958333333333334,1.0
HHN-LON-02,2024-10-24,Orthopaedics Ward B,11.916666666666666,11.958333333333334,0.9965277777777778
HHN-LON-02,2024-10-25,Orthopaedics Ward B,12.0,12.0,1.0
HHN-LON-02,2024-10-26,Orthopaedics Ward B,11.916666666666666,11.916666666666666,1.0
HHN-LON-02,2024-10-27,Orthopaedics Ward B,11.875,11.875,1.0
HHN-LON-02,2024-10-28,Orthopaedics Ward B,11.958333333333334,11.958333333333334,1.0
HHN-LON-02,2024-10-29,Orthopaedics Ward B,11.958333333333334,11.958333333333334,1.0
HHN-LON-02,2024-10-30,Orthopaedics Ward B,11.916666666666666,11.916666666666666,1.0
HHN-LON-02,2024-10-31,Orthopaedics Ward B,11.916666666666666,11.916666666666666,1.0
HHN-LON-02,2024-11-01,Orthopaedics Ward B,11.958333333333334,11.958333333333334,1.0
HHN-LON-02,2024-11-02,Orthopaedics Ward B,12.0,12.0,1.0
HHN-LON-02,2024-11-03,Orthopaedics Ward B,11.75,11.75,1.0
HHN-LON-02,2024-11-04,Orthopaedics Ward B,11.75,11.958333333333334,0.9826388888888888
HHN-LON-02,2024-11-05,Orthopaedics Ward B,11.916666666666666,11.916666666666666,1.0
HHN-LON-02,2024-11-06,Orthopaedics Ward B,12.0,12.0,1.0
HHN-LON-02,2024-11-07,Orthopaedics Ward B,11.958333333333334,11.958333333333334,1.0
HHN-LON-02,2024-11-08,Orthopaedics Ward B,11.958333333333334,11.958333333333334,1.0
HHN-LON-02,2024-11-09,Orthopaedics Ward B,11.916666666666666,11.916666666666666,1.0
HHN-LON-02,2024-11-10,Orthopaedics Ward B,11.833333333333334,11.833333333333334,1.0
HHN-LON-02,2024-11-11,Orthopaedics Ward B,11.916666666666666,11.916666666666666,1.0
HHN-LON-02,2024-11-12,Orthopaedics Ward B,11.833333333333334,11.833333333333334,1.0
HHN-LON-02,2024-11-13,Orthopaedics Ward B,12.0,12.0,1.0
HHN-LON-02,2024-11-14,Orthopaedics Ward B,11.958333333333334,11.958333333333334,1.0
HHN-LON-02,2024-11-15,Orthopaedics Ward B,11.958333333333334,11.958333333333334,1.0
HHN-LON-02,2024-11-16,Orthopaedics Ward B,11.875,11.875,1.0
HHN-LON-02,2024-11-17,Orthopaedics Ward B,10.583333333333334,11.958333333333334,0.8854166666666666
HHN-LON-02,2024-11-18,Orthopaedics Ward B,9.541666666666666,12.0,0.7951388888888888
HHN-LON-02,2024-11-19,Orthopaedics Ward B,10.208333333333334,11.875,0.8595328282828283
HHN-LON-02,2024-11-20,Orthopaedics Ward B,12.0,12.0,1.0
HHN-LON-02,2024-11-21,Orthopaedics Ward B,12.0,12.0,1.0
HHN-LON-02,2024-11-22,Orthopaedics Ward B,11.958333333333334,11.958333333333334,1.0
HHN-LON-02,2024-11-23,Orthopaedics Ward B,11.375,11.833333333333334,0.9618055555555555
HHN-LON-02,2024-11-24,Orthopaedics Ward B,11.791666666666666,11.916666666666666,0.9895833333333334
HHN-LON-02,2024-11-25,Orthopaedics Ward B,11.875,11.958333333333334,0.9930555555555555
HHN-LON-02,2024-11-26,Orthopaedics Ward B,12.0,12.0,1.0
HHN-LON-02,2024-11-27,Orthopaedics Ward B,12.0,12.0,1.0
HHN-LON-02,2024-11-28,Orthopaedics Ward B,11.916666666666666,12.0,0.9930555555555555
HHN-LON-02,2024-11-29,Orthopaedics Ward B,11.916666666666666,11.916666666666666,1.0
HHN-LON-02,2024-11-30,Orthopaedics Ward B,11.916666666666666,11.916666666666666,1.0
HHN-LON-02,2024-12-01,Orthopaedics Ward B,11.875,11.875,1.0
HHN-LON-02,2024-12-02,Orthopaedics Ward B,11.916666666666666,11.916666666666666,1.0
HHN-LON-02,2024-12-03,Orthopaedics Ward B,11.875,11.875,1.0
HHN-LON-02,2024-12-04,Orthopaedics Ward B,11.916666666666666,11.916666666666666,1.0
HHN-LON-02,2024-12-05,Orthopaedics Ward B,11.833333333333334,11.833333333333334,1.0
HHN-LON-02,2024-12-06,Orthopaedics Ward B,12.0,12.0,1.0
HHN-LON-02,2024-12-07,Orthopaedics Ward B,11.916666666666666,11.916666666666666,1.0
HHN-LON-02,2024-12-08,Orthopaedics Ward B,11.708333333333334,11.791666666666666,0.9930555555555555
HHN-LON-02,2024-12-09,Orthopaedics Ward B,11.958333333333334,11.958333333333334,1.0
HHN-LON-02,2024-12-10,Orthopaedics Ward B,11.958333333333334,11.958333333333334,1.0
HHN-LON-02,2024-12-11,Orthopaedics Ward B,11.875,11.875,1.0
HHN-LON-02,2024-12-12,Orthopaedics Ward B,11.875,11.875,1.0
HHN-LON-02,2024-12-13,Orthopaedics Ward B,11.958333333333334,11.958333333333334,1.0
HHN-LON-02,2024-12-14,Orthopaedics Ward B,11.916666666666666,11.916666666666666,1.0
HHN-LON-02,2024-12-15,Orthopaedics Ward B,11.875,11.875,1.0
HHN-LON-02,2024-12-16,Orthopaedics Ward B,11.666666666666666,11.833333333333334,0.9861111111111112
HHN-LON-02,2024-12-17,Orthopaedics Ward B,11.958333333333334,11.958333333333334,1.0
HHN-LON-02,2024-12-18,Orthopaedics Ward B,12.0,12.0,1.0
HHN-LON-02,2024-12-19,Orthopaedics Ward B,11.958333333333334,11.958333333333334,1.0
HHN-LON-02,2024-12-20,Orthopaedics Ward B,11.916666666666666,11.916666666666666,1.0
HHN-LON-02,2024-12-21,Orthopaedics Ward B,11.958333333333334,11.958333333333334,1.0
HHN-LON-02,2024-12-22,Orthopaedics Ward B,11.75,11.75,1.0
HHN-LON-02,2024-12-23,Orthopaedics Ward B,11.708333333333334,12.0,0.9756944444444445
HHN-LON-02,2024-12-24,Orthopaedics Ward B,10.458333333333334,11.958333333333334,0.8746843434343434
HHN-LON-02,2024-12-25,Orthopaedics Ward B,10.208333333333334,11.958333333333334,0.85385101010101
HHN-LON-02,2024-12-26,Orthopaedics Ward B,7.208333333333333,11.875,0.607638888888889
HHN-LON-02,2024-12-27,Orthopaedics Ward B,9.416666666666666,11.875,0.7941919191919192
HHN-LON-02,2024-12-28,Orthopaedics Ward B,11.5,11.791666666666666,0.9756944444444445
HHN-LON-02,2024-12-29,Orthopaedics Ward B,11.875,11.875,1.0
HHN-LON-02,2024-12-30,Orthopaedics Ward B,11.583333333333334,11.833333333333334,0.9791666666666666
HHN-LON-02,2024-12-31,Orthopaedics Ward B,7.0,11.958333333333334,0.5852272727272727
HHN-LON-02,2025-01-01,Orthopaedics Ward B,6.458333333333333,11.958333333333334,0.5400883838383839
HHN-LON-02,2025-01-02,Orthopaedics Ward B,7.416666666666667,11.916666666666666,0.6227904040404041
HHN-LON-02,2025-01-03,Orthopaedics Ward B,8.541666666666666,11.916666666666666,0.7171717171717171
HHN-LON-02,2025-01-04,Orthopaedics Ward B,9.583333333333334,11.791666666666666,0.8125
HHN-LON-02,2025-01-05,Orthopaedics Ward B,11.375,11.875,0.9583333333333334
HHN-LON-02,2025-01-06,Orthopaedics Ward B,11.833333333333334,12.0,0.9861111111111112
HHN-LON-02,2025-01-07,Orthopaedics Ward B,11.958333333333334,11.958333333333334,1.0
HHN-LON-02,2025-01-08,Orthopaedics Ward B,11.958333333333334,11.958333333333334,1.0
HHN-LON-02,2025-01-09,Orthopaedics Ward B,11.958333333333334,11.958333333333334,1.0
HHN-LON-02,2025-01-10,Orthopaedics Ward B,11.916666666666666,11.916666666666666,1.0
HHN-LON-02,2025-01-11,Orthopaedics Ward B,11.791666666666666,11.791666666666666,1.0
HHN-LON-02,2025-01-12,Orthopaedics Ward B,11.875,11.875,1.0
HHN-LON-02,2025-01-13,Orthopaedics Ward B,11.833333333333334,11.833333333333334,1.0
HHN-LON-02,2025-01-14,Orthopaedics Ward B,12.0,12.0,1.0
HHN-LON-02,2025-01-15,Orthopaedics Ward B,11.958333333333334,11.958333333333334,1.0
HHN-LON-02,2025-01-16,Orthopaedics Ward B,11.916666666666666,11.916666666666666,1.0
HHN-LON-02,2025-01-17,Orthopaedics Ward B,11.75,11.75,1.0
HHN-LON-02,2025-01-18,Orthopaedics Ward B,11.833333333333334,11.833333333333334,1.0
HHN-LON-02,2025-01-19,Orthopaedics Ward B,11.833333333333334,11.833333333333334,1.0
HHN-LON-02,2025-01-20,Orthopaedics Ward B,11.833333333333334,11.875,0.9965277777777778
HHN-LON-02,2025-01-21,Orthopaedics Ward B,11.916666666666666,11.916666666666666,1.0
HHN-LON-02,2025-01-22,Orthopaedics Ward B,11.958333333333334,11.958333333333334,1.0
HHN-LON-02,2025-01-23,Orthopaedics Ward B,11.958333333333334,11.958333333333334,1.0
HHN-LON-02,2025-01-24,Orthopaedics Ward B,11.958333333333334,11.958333333333334,1.0
HHN-LON-02,2025-01-25,Orthopaedics Ward B,11.75,11.75,1.0
HHN-LON-02,2025-01-26,Orthopaedics Ward B,11.916666666666666,11.916666666666666,1.0
HHN-LON-02,2025-01-27,Orthopaedics Ward B,11.833333333333334,11.833333333333334,1.0
HHN-LON-02,2025-01-28,Orthopaedics Ward B,11.916666666666666,11.958333333333334,0.9965277777777778
HHN-LON-02,2025-01-29,Orthopaedics Ward B,11.958333333333334,11.958333333333334,1.0
HHN-LON-02,2025-01-30,Orthopaedics Ward B,11.916666666666666,11.916666666666666,1.0
HHN-LON-02,2025-01-31,Orthopaedics Ward B,11.916666666666666,11.916666666666666,1.0
HHN-LON-02,2025-02-01,Orthopaedics Ward B,11.958333333333334,11.958333333333334,1.0
HHN-LON-02,2025-02-02,Orthopaedics Ward B,11.875,11.875,1.0
HHN-LON-02,2025-02-03,Orthopaedics Ward B,11.875,11.875,1.0
HHN-LON-02,2025-02-04,Orthopaedics Ward B,11.875,11.875,1.0
HHN-LON-02,2025-02-05,Orthopaedics Ward B,11.916666666666666,11.916666666666666,1.0
HHN-LON-02,2025-02-06,Orthopaedics Ward B,11.916666666666666,11.916666666666666,1.0
HHN-LON-02,2025-02-07,Orthopaedics Ward B,11.458333333333334,11.916666666666666,0.9618055555555555
HHN-LON-02,2025-02-08,Orthopaedics Ward B,11.75,11.916666666666666,0.9861111111111112
HHN-LON-02,2025-02-09,Orthopaedics Ward B,11.041666666666666,11.916666666666666,0.9270833333333334
HHN-LON-02,2025-02-10,Orthopaedics Ward B,11.958333333333334,11.958333333333334,1.0
HHN-LON-02,2025-02-11,Orthopaedics Ward B,11.958333333333334,11.958333333333334,1.0
HHN-LON-02,2025-02-12,Orthopaedics Ward B,11.916666666666666,11.916666666666666,1.0
HHN-LON-02,2025-02-13,Orthopaedics Ward B,11.916666666666666,11.916666666666666,1.0
HHN-LON-02,2025-02-14,Orthopaedics Ward B,11.958333333333334,11.958333333333334,1.0
HHN-LON-02,2025-02-15,Orthopaedics Ward B,11.916666666666666,11.916666666666666,1.0
HHN-LON-02,2025-02-16,Orthopaedics Ward B,11.875,11.875,1.0
HHN-LON-02,2025-02-17,Orthopaedics Ward B,11.875,11.875,1.0
HHN-LON-02,2025-02-18,Orthopaedics Ward B,11.958333333333334,11.958333333333334,1.0
HHN-LON-02,2025-02-19,Orthopaedics Ward B,11.958333333333334,11.958333333333334,1.0
HHN-LON-02,2025-02-20,Orthopaedics Ward B,12.0,12.0,1.0
HHN-LON-02,2025-02-21,Orthopaedics Ward B,11.708333333333334,11.958333333333334,0.9791666666666666
HHN-LON-02,2025-02-22,Orthopaedics Ward B,11.5,11.916666666666666,0.9652777777777778
HHN-LON-02,2025-02-23,Orthopaedics Ward B,11.583333333333334,11.791666666666666,0.9826388888888888
HHN-LON-02,2025-02-24,Orthopaedics Ward B,10.5,11.875,0.8847853535353535
HHN-LON-02,2025-02-25,Orthopaedics Ward B,11.375,11.875,0.9583333333333334
HHN-LON-02,2025-02-26,Orthopaedics Ward B,11.666666666666666,11.833333333333334,0.9861111111111112
HHN-LON-02,2025-02-27,Orthopaedics Ward B,11.958333333333334,11.958333333333334,1.0
HHN-LON-02,2025-02-28,Orthopaedics Ward B,11.833333333333334,11.833333333333334,1.0
HHN-LON-02,2025-03-01,Orthopaedics Ward B,11.083333333333334,11.875,0.9340277777777778
HHN-LON-02,2025-03-02,Orthopaedics Ward B,9.5,11.916666666666666,0.7976641414141414
HHN-LON-02,2025-03-03,Orthopaedics Ward B,10.75,11.875,0.9056186868686869
HHN-LON-02,2025-03-04,Orthopaedics Ward B,11.916666666666666,11.916666666666666,1.0
HHN-LON-02,2025-03-05,Orthopaedics Ward B,12.0,12.0,1.0
HHN-LON-02,2025-03-06,Orthopaedics Ward B,11.958333333333334,11.958333333333334,1.0
HHN-LON-02,2025-03-07,Orthopaedics Ward B,11.875,11.875,1.0
HHN-LON-02,2025-03-08,Orthopaedics Ward B,11.958333333333334,11.958333333333334,1.0
HHN-LON-02,2025-03-09,Orthopaedics Ward B,11.916666666666666,11.916666666666666,1.0
HHN-LON-02,2025-03-10,Orthopaedics Ward B,11.791666666666666,12.0,0.9826388888888888
HHN-LON-02,2025-03-11,Orthopaedics Ward B,10.208333333333334,11.875,0.860479797979798
HHN-LON-02,2025-03-12,Orthopaedics Ward B,11.916666666666666,11.958333333333334,0.9965277777777778
HHN-LON-02,2025-03-13,Orthopaedics Ward B,11.833333333333334,11.833333333333334,1.0
HHN-LON-02,2025-03-14,Orthopaedics Ward B,11.875,11.875,1.0
HHN-LON-02,2025-03-15,Orthopaedics Ward B,11.833333333333334,11.833333333333334,1.0
HHN-LON-02,2025-03-16,Orthopaedics Ward B,11.958333333333334,11.958333333333334,1.0
HHN-LON-02,2025-03-17,Orthopaedics Ward B,12.0,12.0,1.0
HHN-LON-02,2025-03-18,Orthopaedics Ward B,12.0,12.0,1.0
HHN-LON-02,2025-03-19,Orthopaedics Ward B,11.958333333333334,11.958333333333334,1.0
HHN-LON-02,2025-03-20,Orthopaedics Ward B,11.958333333333334,11.958333333333334,1.0
HHN-LON-02,2025-03-21,Orthopaedics Ward B,12.0,12.0,1.0
HHN-LON-02,2025-03-22,Orthopaedics Ward B,11.875,11.875,1.0
HHN-LON-02,2025-03-23,Orthopaedics Ward B,11.958333333333334,11.958333333333334,1.0
HHN-LON-02,2025-03-24,Orthopaedics Ward B,11.916666666666666,11.916666666666666,1.0
HHN-LON-02,2025-03-25,Orthopaedics Ward B,11.875,11.875,1.0
HHN-LON-02,2025-03-26,Orthopaedics Ward B,12.0,12.0,1.0
HHN-LON-02,2025-03-27,Orthopaedics Ward B,12.0,12.0,1.0
HHN-LON-02,2025-03-28,Orthopaedics Ward B,11.958333333333334,11.958333333333334,1.0
HHN-LON-02,2025-03-29,Orthopaedics Ward B,11.833333333333334,11.833333333333334,1.0
HHN-LON-02,2025-03-30,Orthopaedics Ward B,11.791666666666666,11.791666666666666,1.0
HHN-LON-02,2025-03-31,Orthopaedics Ward B,11.958333333333334,11.958333333333334,1.0
HHN-LON-02,2025-04-01,Orthopaedics Ward B,11.958333333333334,11.958333333333334,1.0
HHN-LON-02,2025-04-02,Orthopaedics Ward B,11.958333333333334,11.958333333333334,1.0
HHN-LON-02,2025-04-03,Orthopaedics Ward B,11.958333333333334,11.958333333333334,1.0
HHN-LON-02,2025-04-04,Orthopaedics Ward B,11.958333333333334,11.958333333333334,1.0
HHN-LON-02,2025-04-05,Orthopaedics Ward B,11.75,11.791666666666666,0.9965277777777778
HHN-LON-02,2025-04-06,Orthopaedics Ward B,10.333333333333334,12.0,0.8611111111111112
HHN-LON-02,2025-04-07,Orthopaedics Ward B,10.416666666666666,11.916666666666666,0.8746843434343434
HHN-LON-02,2025-04-08,Orthopaedics Ward B,11.958333333333334,11.958333333333334,1.0
HHN-LON-02,2025-04-09,Orthopaedics Ward B,12.0,12.0,1.0
HHN-LON-02,2025-04-10,Orthopaedics Ward B,12.0,12.0,1.0
HHN-LON-02,2025-04-11,Orthopaedics Ward B,12.0,12.0,1.0
HHN-LON-02,2025-04-12,Orthopaedics Ward B,11.833333333333334,11.833333333333334,1.0
HHN-LON-02,2025-04-13,Orthopaedics Ward B,11.916666666666666,11.916666666666666,1.0
HHN-LON-02,2025-04-14,Orthopaedics Ward B,11.958333333333334,11.958333333333334,1.0
HHN-LON-02,2025-04-15,Orthopaedics Ward B,11.75,11.916666666666666,0.9861111111111112
HHN-LON-02,2025-04-16,Orthopaedics Ward B,10.833333333333334,11.958333333333334,0.90625
HHN-LON-02,2025-04-17,Orthopaedics Ward B,8.125,11.958333333333334,0.6796085858585857
HHN-LON-02,2025-04-18,Orthopaedics Ward B,8.5,11.916666666666666,0.7140151515151515
HHN-LON-02,2025-04-19,Orthopaedics Ward B,9.25,11.875,0.7787247474747475
HHN-LON-02,2025-04-20,Orthopaedics Ward B,9.041666666666666,11.958333333333334,0.7559974747474748
HHN-LON-02,2025-04-21,Orthopaedics Ward B,8.166666666666666,12.0,0.6805555555555555
HHN-LON-02,2025-04-22,Orthopaedics Ward B,8.625,12.0,0.71875
HHN-LON-02,2025-04-23,Orthopaedics Ward B,10.041666666666666,11.958333333333334,0.8399621212121212
HHN-LON-02,2025-04-24,Orthopaedics Ward B,11.458333333333334,12.0,0.9548611111111112
HHN-LON-02,2025-04-25,Orthopaedics Ward B,11.875,11.875,1.0
HHN-LON-02,2025-04-26,Orthopaedics Ward B,11.958333333333334,11.958333333333334,1.0
HHN-LON-02,2025-04-27,Orthopaedics Ward B,11.0,11.875,0.9258207070707071
HHN-LON-02,2025-04-28,Orthopaedics Ward B,10.375,11.875,0.8737373737373737
HHN-LON-02,2025-04-29,Orthopaedics Ward B,11.833333333333334,11.833333333333334,1.0
HHN-LON-02,2025-04-30,Orthopaedics Ward B,11.958333333333334,11.958333333333334,1.0
HHN-LON-02,2025-05-01,Orthopaedics Ward B,12.0,12.0,1.0
HHN-LON-02,2025-05-02,Orthopaedics Ward B,11.916666666666666,11.916666666666666,1.0
HHN-LON-02,2025-05-03,Orthopaedics Ward B,11.25,11.75,0.9573863636363636
HHN-LON-02,2025-05-04,Orthopaedics Ward B,11.5,11.833333333333334,0.9722222222222222
HHN-LON-02,2025-05-05,Orthopaedics Ward B,11.125,11.916666666666666,0.9340277777777778
HHN-LON-02,2025-05-06,Orthopaedics Ward B,11.791666666666666,12.0,0.9826388888888888
HHN-LON-02,2025-05-07,Orthopaedics Ward B,11.916666666666666,11.916666666666666,1.0
HHN-LON-02,2025-05-08,Orthopaedics Ward B,11.916666666666666,11.916666666666666,1.0
HHN-LON-02,2025-05-09,Orthopaedics Ward B,11.958333333333334,11.958333333333334,1.0
HHN-LON-02,2025-05-10,Orthopaedics Ward B,11.916666666666666,11.916666666666666,1.0
HHN-LON-02,2025-05-11,Orthopaedics Ward B,11.833333333333334,11.833333333333334,1.0
HHN-LON-02,2025-05-12,Orthopaedics Ward B,12.0,12.0,1.0
HHN-LON-02,2025-05-13,Orthopaedics Ward B,12.0,12.0,1.0
HHN-LON-02,2025-05-14,Orthopaedics Ward B,11.916666666666666,11.916666666666666,1.0
HHN-LON-02,2025-05-15,Orthopaedics Ward B,11.958333333333334,11.958333333333334,1.0
HHN-LON-02,2025-05-16,Orthopaedics Ward B,11.5,11.958333333333334,0.9618055555555555
HHN-LON-02,2025-05-17,Orthopaedics Ward B,9.333333333333334,11.958333333333334,0.7809343434343434
HHN-LON-02,2025-05-18,Orthopaedics Ward B,8.333333333333334,11.916666666666666,0.6994949494949495
HHN-LON-02,2025-05-19,Orthopaedics Ward B,9.541666666666666,12.0,0.7951388888888888
HHN-LON-02,2025-05-20,Orthopaedics Ward B,10.916666666666666,11.958333333333334,0.9131944444444445
HHN-LON-02,2025-05-21,Orthopaedics Ward B,10.125,11.916666666666666,0.8494318181818182
HHN-LON-02,2025-05-22,Orthopaedics Ward B,10.208333333333334,11.958333333333334,0.8541666666666666
HHN-LON-02,2025-05-23,Orthopaedics Ward B,11.166666666666666,11.916666666666666,0.9375
HHN-LON-02,2025-05-24,Orthopaedics Ward B,11.791666666666666,11.875,0.9930555555555555
HHN-LON-02,2025-05-25,Orthopaedics Ward B,10.875,11.833333333333334,0.9198232323232323
HHN-LON-02,2025-05-26,Orthopaedics Ward B,11.25,11.958333333333334,0.9409722222222222
HHN-LON-02,2025-05-27,Orthopaedics Ward B,10.708333333333334,11.958333333333334,0.8958333333333334
HHN-LON-02,2025-05-28,Orthopaedics Ward B,11.166666666666666,12.0,0.9305555555555555
HHN-LON-02,2025-05-29,Orthopaedics Ward B,9.583333333333334,11.958333333333334,0.8014520202020202
HHN-LON-02,2025-05-30,Orthopaedics Ward B,10.75,11.916666666666666,0.9021464646464646
HHN-LON-02,2025-05-31,Orthopaedics Ward B,11.916666666666666,11.916666666666666,1.0
HHN-LON-02,2025-06-01,Orthopaedics Ward B,11.916666666666666,11.916666666666666,1.0
HHN-LON-02,2025-06-02,Orthopaedics Ward B,11.916666666666666,11.916666666666666,1.0
HHN-LON-02,2025-06-03,Orthopaedics Ward B,11.958333333333334,11.958333333333334,1.0
HHN-LON-02,2025-06-04,Orthopaedics Ward B,12.0,12.0,1.0
HHN-LON-02,2025-06-05,Orthopaedics Ward B,12.0,12.0,1.0
HHN-LON-02,2025-06-06,Orthopaedics Ward B,11.958333333333334,11.958333333333334,1.0
HHN-LON-02,2025-06-07,Orthopaedics Ward B,11.875,11.875,1.0
HHN-LON-02,2025-06-08,Orthopaedics Ward B,11.916666666666666,11.916666666666666,1.0
HHN-LON-02,2025-06-09,Orthopaedics Ward B,12.0,12.0,1.0
HHN-LON-02,2025-06-10,Orthopaedics Ward B,12.0,12.0,1.0
HHN-LON-02,2025-06-11,Orthopaedics Ward B,11.916666666666666,11.916666666666666,1.0
HHN-LON-02,2025-06-12,Orthopaedics Ward B,11.958333333333334,11.958333333333334,1.0
HHN-LON-02,2025-06-13,Orthopaedics Ward B,11.916666666666666,11.916666666666666,1.0
HHN-LON-02,2025-06-14,Orthopaedics Ward B,11.625,11.875,0.9791666666666666
HHN-LON-02,2025-06-15,Orthopaedics Ward B,7.625,11.916666666666666,0.6401515151515151
HHN-LON-02,2025-06-16,Orthopaedics Ward B,9.25,11.875,0.7765151515151515
HHN-LON-02,2025-06-17,Orthopaedics Ward B,11.958333333333334,11.958333333333334,1.0
HHN-LON-02,2025-06-18,Orthopaedics Ward B,11.875,11.875,1.0
HHN-LON-02,2025-06-19,Orthopaedics Ward B,11.916666666666666,11.916666666666666,1.0
HHN-LON-02,2025-06-20,Orthopaedics Ward B,12.0,12.0,1.0
HHN-LON-02,2025-06-21,Orthopaedics Ward B,11.875,11.875,1.0
HHN-LON-02,2025-06-22,Orthopaedics Ward B,11.875,11.875,1.0
HHN-LON-02,2025-06-23,Orthopaedics Ward B,12.0,12.0,1.0
HHN-LON-02,2025-06-24,Orthopaedics Ward B,11.958333333333334,11.958333333333334,1.0
HHN-LON-02,2025-06-25,Orthopaedics Ward B,11.958333333333334,11.958333333333334,1.0
HHN-LON-02,2025-06-26,Orthopaedics Ward B,11.916666666666666,11.916666666666666,1.0
HHN-LON-02,2025-06-27,Orthopaedics Ward B,12.0,12.0,1.0
HHN-LON-02,2025-06-28,Orthopaedics Ward B,11.958333333333334,11.958333333333334,1.0
HHN-LON-02,2025-06-29,Orthopaedics Ward B,12.0,12.0,1.0
HHN-LON-02,2025-06-30,Orthopaedics Ward B,11.958333333333334,11.958333333333334,1.0
HHN-LON-02,2025-07-01,Orthopaedics Ward B,11.875,11.875,1.0
HHN-LON-02,2025-07-02,Orthopaedics Ward B,12.0,12.0,1.0
HHN-LON-02,2025-07-03,Orthopaedics Ward B,11.958333333333334,11.958333333333334,1.0
HHN-LON-02,2025-07-04,Orthopaedics Ward B,11.875,11.916666666666666,0.9965277777777778
HHN-LON-02,2025-07-05,Orthopaedics Ward B,11.875,11.875,1.0
HHN-LON-02,2025-07-06,Orthopaedics Ward B,9.833333333333334,12.0,0.8194444444444445
HHN-LON-02,2025-07-07,Orthopaedics Ward B,10.75,11.958333333333334,0.8993055555555555
HHN-LON-02,2025-07-08,Orthopaedics Ward B,11.5,11.875,0.9684343434343434
HHN-LON-02,2025-07-09,Orthopaedics Ward B,11.958333333333334,11.958333333333334,1.0
HHN-LON-02,2025-07-10,Orthopaedics Ward B,12.0,12.0,1.0
HHN-LON-02,2025-07-11,Orthopaedics Ward B,11.75,11.75,1.0
HHN-LON-02,2025-07-12,Orthopaedics Ward B,12.0,12.0,1.0
HHN-LON-02,2025-07-13,Orthopaedics Ward B,11.291666666666666,11.958333333333334,0.9444444444444445
HHN-LON-02,2025-07-14,Orthopaedics Ward B,8.5,11.958333333333334,0.7108585858585857
HHN-LON-02,2025-07-15,Orthopaedics Ward B,8.291666666666666,12.0,0.6909722222222222
HHN-LON-02,2025-07-16,Orthopaedics Ward B,9.625,11.958333333333334,0.8052398989898991
HHN-LON-02,2025-07-17,Orthopaedics Ward B,11.833333333333334,12.0,0.9861111111111112
HHN-LON-02,2025-07-18,Orthopaedics Ward B,11.958333333333334,11.958333333333334,1.0
HHN-LON-02,2025-07-19,Orthopaedics Ward B,11.833333333333334,11.833333333333334,1.0
HHN-LON-02,2025-07-20,Orthopaedics Ward B,11.916666666666666,11.916666666666666,1.0
HHN-LON-02,2025-07-21,Orthopaedics Ward B,11.916666666666666,11.916666666666666,1.0
HHN-LON-02,2025-07-22,Orthopaedics Ward B,11.958333333333334,11.958333333333334,1.0
HHN-LON-02,2025-07-23,Orthopaedics Ward B,11.958333333333334,11.958333333333334,1.0
HHN-LON-02,2025-07-24,Orthopaedics Ward B,11.958333333333334,11.958333333333334,1.0
HHN-LON-02,2025-07-25,Orthopaedics Ward B,11.958333333333334,11.958333333333334,1.0
HHN-LON-02,2025-07-26,Orthopaedics Ward B,11.791666666666666,11.958333333333334,0.9861111111111112
HHN-LON-02,2025-07-27,Orthopaedics Ward B,10.708333333333334,11.916666666666666,0.8993055555555555
HHN-LON-02,2025-07-28,Orthopaedics Ward B,7.166666666666667,11.958333333333334,0.5997474747474748
HHN-LON-02,2025-07-29,Orthopaedics Ward B,7.75,12.0,0.6458333333333334
HHN-LON-02,2025-07-30,Orthopaedics Ward B,8.625,11.958333333333334,0.7215909090909092
HHN-LON-02,2025-07-31,Orthopaedics Ward B,11.708333333333334,11.958333333333334,0.9791666666666666
HHN-LON-02,2025-08-01,Orthopaedics Ward B,9.375,11.958333333333334,0.7847222222222222
HHN-LON-02,2025-08-02,Orthopaedics Ward B,8.916666666666666,11.958333333333334,0.7455808080808081
HHN-LON-02,2025-08-03,Orthopaedics Ward B,11.791666666666666,11.916666666666666,0.9895833333333334
HHN-LON-02,2025-08-04,Orthopaedics Ward B,11.958333333333334,11.958333333333334,1.0
HHN-LON-02,2025-08-05,Orthopaedics Ward B,12.0,12.0,1.0
HHN-LON-02,2025-08-06,Orthopaedics Ward B,12.0,12.0,1.0
HHN-LON-02,2025-08-07,Orthopaedics Ward B,11.916666666666666,11.958333333333334,0.9965277777777778
HHN-LON-02,2025-08-08,Orthopaedics Ward B,9.916666666666666,11.916666666666666,0.8327020202020202
HHN-LON-02,2025-08-09,Orthopaedics Ward B,8.416666666666666,11.916666666666666,0.7061237373737373
HHN-LON-02,2025-08-10,Orthopaedics Ward B,5.708333333333333,11.875,0.48074494949494945
HHN-LON-02,2025-08-11,Orthopaedics Ward B,7.291666666666667,11.958333333333334,0.6098484848484849
HHN-LON-02,2025-08-12,Orthopaedics Ward B,7.541666666666667,12.0,0.6284722222222222
HHN-LON-02,2025-08-13,Orthopaedics Ward B,6.625,11.958333333333334,0.5539772727272728
HHN-LON-02,2025-08-14,Orthopaedics Ward B,6.541666666666667,11.916666666666666,0.5489267676767677
HHN-LON-02,2025-08-15,Orthopaedics Ward B,7.458333333333333,11.916666666666666,0.6253156565656566
HHN-LON-02,2025-08-16,Orthopaedics Ward B,9.125,11.916666666666666,0.7660984848484849
HHN-LON-02,2025-08-17,Orthopaedics Ward B,11.041666666666666,11.916666666666666,0.9267676767676768
HHN-LON-02,2025-08-18,Orthopaedics Ward B,11.166666666666666,12.0,0.9305555555555555
HHN-LON-02,2025-08-19,Orthopaedics Ward B,11.375,11.916666666666666,0.9548611111111112
HHN-LON-02,2025-08-20,Orthopaedics Ward B,11.708333333333334,11.916666666666666,0.9826388888888888
HHN-LON-02,2025-08-21,Orthopaedics Ward B,11.958333333333334,11.958333333333334,1.0
HHN-LON-02,2025-08-22,Orthopaedics Ward B,12.0,12.0,1.0
HHN-LON-02,2025-08-23,Orthopaedics Ward B,11.916666666666666,11.916666666666666,1.0
HHN-LON-02,2025-08-24,Orthopaedics Ward B,11.875,11.875,1.0
HHN-LON-02,2025-08-25,Orthopaedics Ward B,11.916666666666666,11.916666666666666,1.0
HHN-LON-02,2025-08-26,Orthopaedics Ward B,11.958333333333334,11.958333333333334,1.0
HHN-LON-02,2025-08-27,Orthopaedics Ward B,11.916666666666666,11.916666666666666,1.0
HHN-LON-02,2025-08-28,Orthopaedics Ward B,11.958333333333334,11.958333333333334,1.0
HHN-LON-02,2025-08-29,Orthopaedics Ward B,11.875,11.875,1.0
HHN-LON-02,2025-08-30,Orthopaedics Ward B,11.958333333333334,11.958333333333334,1.0
HHN-LON-02,2025-08-31,Orthopaedics Ward B,11.791666666666666,11.791666666666666,1.0
HHN-LON-02,2025-09-01,Orthopaedics Ward B,12.0,12.0,1.0
HHN-LON-02,2025-09-02,Orthopaedics Ward B,11.875,11.875,1.0
HHN-LON-02,2025-09-03,Orthopaedics Ward B,11.958333333333334,11.958333333333334,1.0
HHN-LON-02,2025-09-04,Orthopaedics Ward B,11.916666666666666,11.916666666666666,1.0
HHN-LON-02,2025-09-05,Orthopaedics Ward B,12.0,12.0,1.0
HHN-LON-02,2025-09-06,Orthopaedics Ward B,11.958333333333334,11.958333333333334,1.0
HHN-LON-02,2025-09-07,Orthopaedics Ward B,11.916666666666666,11.916666666666666,1.0
HHN-LON-02,2025-09-08,Orthopaedics Ward B,12.0,12.0,1.0
HHN-LON-02,2025-09-09,Orthopaedics Ward B,11.958333333333334,11.958333333333334,1.0
HHN-LON-02,2025-09-10,Orthopaedics Ward B,11.958333333333334,11.958333333333334,1.0
HHN-LON-02,2025-09-11,Orthopaedics Ward B,11.916666666666666,11.916666666666666,1.0
HHN-LON-02,2025-09-12,Orthopaedics Ward B,11.916666666666666,11.916666666666666,1.0
HHN-LON-02,2025-09-13,Orthopaedics Ward B,11.916666666666666,11.916666666666666,1.0
HHN-LON-02,2025-09-14,Orthopaedics Ward B,11.875,11.875,1.0
HHN-LON-02,2025-09-15,Orthopaedics Ward B,12.0,12.0,1.0
HHN-LON-02,2025-09-16,Orthopaedics Ward B,11.958333333333334,11.958333333333334,1.0
HHN-LON-02,2025-09-17,Orthopaedics Ward B,12.0,12.0,1.0
HHN-LON-02,2025-09-18,Orthopaedics Ward B,11.958333333333334,11.958333333333334,1.0
HHN-LON-02,2025-09-19,Orthopaedics Ward B,11.916666666666666,11.916666666666666,1.0
HHN-LON-02,2025-09-20,Orthopaedics Ward B,11.916666666666666,11.916666666666666,1.0
HHN-LON-02,2025-09-21,Orthopaedics Ward B,11.875,11.875,1.0
HHN-LON-02,2025-09-22,Orthopaedics Ward B,11.875,11.875,1.0
HHN-LON-02,2025-09-23,Orthopaedics Ward B,11.916666666666666,11.916666666666666,1.0
HHN-LON-02,2025-09-24,Orthopaedics Ward B,11.916666666666666,11.916666666666666,1.0
HHN-LON-02,2025-09-25,Orthopaedics Ward B,11.958333333333334,11.958333333333334,1.0
HHN-LON-02,2025-09-26,Orthopaedics Ward B,11.958333333333334,11.958333333333334,1.0
HHN-LON-02,2025-09-27,Orthopaedics Ward B,12.0,12.0,1.0
HHN-LON-02,2025-09-28,Orthopaedics Ward B,12.0,12.0,1.0
HHN-LON-02,2025-09-29,Orthopaedics Ward B,11.958333333333334,11.958333333333334,1.0
HHN-LON-02,2025-09-30,Orthopaedics Ward B,12.0,12.0,1.0
HHN-LON-02,2025-10-01,Orthopaedics Ward B,11.916666666666666,11.916666666666666,1.0
HHN-LON-02,2025-10-02,Orthopaedics Ward B,11.958333333333334,11.958333333333334,1.0
HHN-LON-02,2025-10-03,Orthopaedics Ward B,11.958333333333334,11.958333333333334,1.0
HHN-LON-02,2025-10-04,Orthopaedics Ward B,12.0,12.0,1.0
HHN-LON-02,2025-10-05,Orthopaedics Ward B,11.916666666666666,11.916666666666666,1.0
HHN-LON-02,2025-10-06,Orthopaedics Ward B,11.958333333333334,11.958333333333334,1.0
HHN-LON-02,2025-10-07,Orthopaedics Ward B,12.0,12.0,1.0
HHN-LON-02,2025-10-08,Orthopaedics Ward B,11.916666666666666,11.916666666666666,1.0
HHN-LON-02,2025-10-09,Orthopaedics Ward B,11.958333333333334,11.958333333333334,1.0
HHN-LON-02,2025-10-10,Orthopaedics Ward B,11.958333333333334,11.958333333333334,1.0
HHN-LON-02,2025-10-11,Orthopaedics Ward B,11.833333333333334,11.833333333333334,1.0
HHN-LON-02,2025-10-12,Orthopaedics Ward B,11.916666666666666,11.916666666666666,1.0
HHN-LON-02,2025-10-13,Orthopaedics Ward B,11.958333333333334,11.958333333333334,1.0
HHN-LON-02,2025-10-14,Orthopaedics Ward B,11.916666666666666,11.916666666666666,1.0
HHN-LON-02,2025-10-15,Orthopaedics Ward B,11.875,12.0,0.9895833333333334
HHN-LON-02,2025-10-16,Orthopaedics Ward B,11.958333333333334,11.958333333333334,1.0
HHN-LON-02,2025-10-17,Orthopaedics Ward B,11.916666666666666,11.916666666666666,1.0
HHN-LON-02,2025-10-18,Orthopaedics Ward B,11.791666666666666,11.791666666666666,1.0
HHN-LON-02,2025-10-19,Orthopaedics Ward B,11.041666666666666,11.958333333333334,0.922979797979798
HHN-LON-02,2025-10-20,Orthopaedics Ward B,11.291666666666666,11.875,0.9513888888888888
HHN-LON-02,2025-10-21,Orthopaedics Ward B,11.875,11.916666666666666,0.9965277777777778
HHN-LON-02,2025-10-22,Orthopaedics Ward B,11.583333333333334,12.0,0.9652777777777778
HHN-LON-02,2025-10-23,Orthopaedics Ward B,11.958333333333334,11.958333333333334,1.0
HHN-LON-02,2025-10-24,Orthopaedics Ward B,11.875,11.875,1.0
HHN-LON-02,2025-10-25,Orthopaedics Ward B,11.958333333333334,11.958333333333334,1.0
HHN-LON-02,2025-10-26,Orthopaedics Ward B,11.958333333333334,11.958333333333334,1.0
HHN-LON-02,2025-10-27,Orthopaedics Ward B,11.958333333333334,11.958333333333334,1.0
HHN-LON-02,2025-10-28,Orthopaedics Ward B,11.958333333333334,12.0,0.9965277777777778
HHN-LON-02,2025-10-29,Orthopaedics Ward B,10.041666666666666,11.958333333333334,0.8402777777777778
HHN-LON-02,2025-10-30,Orthopaedics Ward B,8.333333333333334,11.958333333333334,0.6969696969696969
HHN-LON-02,2025-10-31,Orthopaedics Ward B,10.791666666666666,11.916666666666666,0.9049873737373737
HHN-LON-02,2025-11-01,Orthopaedics Ward B,11.916666666666666,11.916666666666666,1.0
HHN-LON-02,2025-11-02,Orthopaedics Ward B,11.916666666666666,11.916666666666666,1.0
HHN-LON-02,2025-11-03,Orthopaedics Ward B,12.0,12.0,1.0
HHN-LON-02,2025-11-04,Orthopaedics Ward B,11.958333333333334,11.958333333333334,1.0
HHN-LON-02,2025-11-05,Orthopaedics Ward B,11.958333333333334,11.958333333333334,1.0
HHN-LON-02,2025-11-06,Orthopaedics Ward B,11.958333333333334,11.958333333333334,1.0
HHN-LON-02,2025-11-07,Orthopaedics Ward B,12.0,12.0,1.0
HHN-LON-02,2025-11-08,Orthopaedics Ward B,11.916666666666666,11.916666666666666,1.0
HHN-LON-02,2025-11-09,Orthopaedics Ward B,11.916666666666666,11.916666666666666,1.0
HHN-LON-02,2025-11-10,Orthopaedics Ward B,11.916666666666666,12.0,0.9930555555555555
HHN-LON-02,2025-11-11,Orthopaedics Ward B,12.0,12.0,1.0
HHN-LON-02,2025-11-12,Orthopaedics Ward B,12.0,12.0,1.0
HHN-LON-02,2025-11-13,Orthopaedics Ward B,11.958333333333334,11.958333333333334,1.0
HHN-LON-02,2025-11-14,Orthopaedics Ward B,11.958333333333334,11.958333333333334,1.0
HHN-LON-02,2025-11-15,Orthopaedics Ward B,11.875,11.875,1.0
HHN-LON-02,2025-11-16,Orthopaedics Ward B,11.958333333333334,11.958333333333334,1.0
HHN-LON-02,2025-11-17,Orthopaedics Ward B,11.75,11.958333333333334,0.9826388888888888
HHN-LON-02,2025-11-18,Orthopaedics Ward B,11.25,11.958333333333334,0.9406565656565656
HHN-LON-02,2025-11-19,Orthopaedics Ward B,11.916666666666666,11.916666666666666,1.0
HHN-LON-02,2025-11-20,Orthopaedics Ward B,11.875,11.875,1.0
HHN-LON-02,2025-11-21,Orthopaedics Ward B,11.958333333333334,11.958333333333334,1.0
HHN-LON-02,2025-11-22,Orthopaedics Ward B,11.875,11.875,1.0
HHN-LON-02,2025-11-23,Orthopaedics Ward B,11.958333333333334,11.958333333333334,1.0
HHN-LON-02,2025-11-24,Orthopaedics Ward B,11.958333333333334,11.958333333333334,1.0
HHN-LON-02,2025-11-25,Orthopaedics Ward B,12.0,12.0,1.0
HHN-LON-02,2025-11-26,Orthopaedics Ward B,11.916666666666666,11.916666666666666,1.0
HHN-LON-02,2025-11-27,Orthopaedics Ward B,12.0,12.0,1.0
HHN-LON-02,2025-11-28,Orthopaedics Ward B,11.958333333333334,11.958333333333334,1.0
HHN-LON-02,2025-11-29,Orthopaedics Ward B,11.875,11.875,1.0
HHN-LON-02,2025-11-30,Orthopaedics Ward B,11.958333333333334,11.958333333333334,1.0
HHN-LON-02,2025-12-01,Orthopaedics Ward B,11.875,11.875,1.0
HHN-LON-02,2025-12-02,Orthopaedics Ward B,11.958333333333334,11.958333333333334,1.0
HHN-LON-02,2025-12-03,Orthopaedics Ward B,11.958333333333334,11.958333333333334,1.0
HHN-LON-02,2025-12-04,Orthopaedics Ward B,11.958333333333334,11.958333333333334,1.0
HHN-LON-02,2025-12-05,Orthopaedics Ward B,11.916666666666666,11.916666666666666,1.0
HHN-LON-02,2025-12-06,Orthopaedics Ward B,11.875,11.875,1.0
HHN-LON-02,2025-12-07,Orthopaedics Ward B,11.875,11.833333333333334,1.0
HHN-LON-02,2025-12-08,Orthopaedics Ward B,11.958333333333334,11.958333333333334,1.0
HHN-LON-02,2025-12-09,Orthopaedics Ward B,12.0,12.0,1.0
HHN-LON-02,2025-12-10,Orthopaedics Ward B,11.916666666666666,11.916666666666666,1.0
HHN-LON-02,2025-12-11,Orthopaedics Ward B,10.791666666666666,11.875,0.9090909090909092
HHN-LON-02,2025-12-12,Orthopaedics Ward B,11.875,11.875,1.0
HHN-LON-02,2025-12-13,Orthopaedics Ward B,10.875,11.75,0.9261363636363636
HHN-LON-02,2025-12-14,Orthopaedics Ward B,11.5,11.916666666666666,0.9652777777777777
HHN-LON-02,2025-12-15,Orthopaedics Ward B,11.875,11.875,1.0
HHN-LON-02,2025-12-16,Orthopaedics Ward B,11.875,11.875,1.0
HHN-LON-02,2025-12-17,Orthopaedics Ward B,11.916666666666666,11.916666666666666,1.0
HHN-LON-02,2025-12-18,Orthopaedics Ward B,11.875,11.875,1.0
HHN-LON-02,2025-12-19,Orthopaedics Ward B,11.958333333333334,11.958333333333334,1.0
HHN-LON-02,2025-12-20,Orthopaedics Ward B,11.791666666666666,11.791666666666666,1.0
HHN-LON-02,2025-12-21,Orthopaedics Ward B,11.958333333333334,11.958333333333334,1.0
HHN-LON-02,2025-12-22,Orthopaedics Ward B,11.833333333333334,11.833333333333334,1.0
HHN-LON-02,2025-12-23,Orthopaedics Ward B,12.0,12.0,1.0
HHN-LON-02,2025-12-24,Orthopaedics Ward B,11.958333333333334,11.958333333333334,1.0
HHN-LON-02,2025-12-25,Orthopaedics Ward B,11.958333333333334,11.958333333333334,1.0
HHN-LON-02,2025-12-26,Orthopaedics Ward B,11.833333333333334,11.833333333333334,1.0
HHN-LON-02,2025-12-27,Orthopaedics Ward B,11.875,11.875,1.0
HHN-LON-02,2025-12-28,Orthopaedics Ward B,11.958333333333334,11.958333333333334,1.0
HHN-LON-02,2025-12-29,Orthopaedics Ward B,10.416666666666666,11.958333333333334,0.8715277777777778
HHN-LON-02,2025-12-30,Orthopaedics Ward B,10.583333333333334,11.958333333333334,0.88510101010101
HHN-LON-02,2025-12-31,Orthopaedics Ward B,11.75,11.75,1.0
HHN-MAN-01,2024-01-01,Orthopaedics Ward B,1.8333333333333333,32.0,0.057291666666666664
HHN-MAN-01,2024-01-02,Orthopaedics Ward B,7.791666666666667,31.916666666666668,0.24427083333333333
HHN-MAN-01,2024-01-03,Orthopaedics Ward B,11.875,31.541666666666668,0.3776045666922683
HHN-MAN-01,2024-01-04,Orthopaedics Ward B,16.791666666666668,31.833333333333332,0.5277521899332592
HHN-MAN-01,2024-01-05,Orthopaedics Ward B,19.541666666666668,31.75,0.6160819120009887
HHN-MAN-01,2024-01-06,Orthopaedics Ward B,20.375,31.541666666666668,0.6472252155172414
HHN-MAN-01,2024-01-07,Orthopaedics Ward B,17.958333333333332,31.708333333333332,0.56693780126066
HHN-MAN-01,2024-01-08,Orthopaedics Ward B,21.416666666666668,31.708333333333332,0.6765124692118226
HHN-MAN-01,2024-01-09,Orthopaedics Ward B,23.416666666666668,31.75,0.7383184523809524
HHN-MAN-01,2024-01-10,Orthopaedics Ward B,23.708333333333332,31.375,0.7569016830870279
HHN-MAN-01,2024-01-11,Orthopaedics Ward B,25.208333333333332,31.333333333333332,0.8063616071428572
HHN-MAN-01,2024-01-12,Orthopaedics Ward B,21.125,32.0,0.66015625
HHN-MAN-01,2024-01-13,Orthopaedics Ward B,16.833333333333332,31.666666666666668,0.5322964669738863
HHN-MAN-01,2024-01-14,Orthopaedics Ward B,19.583333333333332,31.666666666666668,0.6185003978185638
HHN-MAN-01,2024-01-15,Orthopaedics Ward B,20.208333333333332,32.0,0.6315104166666666
HHN-MAN-01,2024-01-16,Orthopaedics Ward B,20.0,31.791666666666668,0.6292722734254993
HHN-MAN-01,2024-01-17,Orthopaedics Ward B,21.333333333333332,31.875,0.6694953304597702
HHN-MAN-01,2024-01-18,Orthopaedics Ward B,20.833333333333332,31.958333333333332,0.6518397177419355
HHN-MAN-01,2024-01-19,Orthopaedics Ward B,22.125,31.75,0.6974676724137931
HHN-MAN-01,2024-01-20,Orthopaedics Ward B,22.875,31.583333333333332,0.7252484158986174
HHN-MAN-01,2024-01-21,Orthopaedics Ward B,21.083333333333332,31.708333333333332,0.6655282489803486
HHN-MAN-01,2024-01-22,Orthopaedics Ward B,21.208333333333332,31.916666666666668,0.6645833333333333
HHN-MAN-01,2024-01-23,Orthopaedics Ward B,21.708333333333332,31.833333333333332,0.6822916666666666
HHN-MAN-01,2024-01-24,Orthopaedics Ward B,25.083333333333332,31.833333333333332,0.7884548611111111
HHN-MAN-01,2024-01-25,Orthopaedics Ward B,30.333333333333332,31.791666666666668,0.9544270833333334
HHN-MAN-01,2024-01-26,Orthopaedics Ward B,31.375,31.375,1.0
HHN-MAN-01,2024-01-27,Orthopaedics Ward B,31.125,31.625,0.984375
HHN-MAN-01,2024-01-28,Orthopaedics Ward B,25.791666666666668,31.666666666666668,0.8150433351872451
HHN-MAN-01,2024-01-29,Orthopaedics Ward B,25.791666666666668,31.625,0.8166702668970814
HHN-MAN-01,2024-01-30,Orthopaedics Ward B,26.375,31.625,0.8350356629720853
HHN-MAN-01,2024-01-31,Orthopaedics Ward B,29.625,31.75,0.9333333333333332
HHN-MAN-01,2024-02-01,Orthopaedics Ward B,30.125,31.458333333333332,0.9581233198924731
HHN-MAN-01,2024-02-02,Orthopaedics Ward B,28.833333333333332,31.666666666666668,0.9112847222222222
HHN-MAN-01,2024-02-03,Orthopaedics Ward B,26.208333333333332,31.708333333333332,0.8276573700716846
HHN-MAN-01,2024-02-04,Orthopaedics Ward B,19.083333333333332,31.708333333333332,0.603409790640394
HHN-MAN-01,2024-02-05,Orthopaedics Ward B,19.833333333333332,31.833333333333332,0.6231576751946607
HHN-MAN-01,2024-02-06,Orthopaedics Ward B,27.0,31.833333333333332,0.8489583333333334
HHN-MAN-01,2024-02-07,Orthopaedics Ward B,31.0,31.75,0.976478494623656
HHN-MAN-01,2024-02-08,Orthopaedics Ward B,28.875,31.75,0.9098622311827956
HHN-MAN-01,2024-02-09,Orthopaedics Ward B,28.125,31.833333333333332,0.883727868928439
HHN-MAN-01,2024-02-10,Orthopaedics Ward B,24.541666666666668,31.416666666666668,0.7825640841013826
HHN-MAN-01,2024-02-11,Orthopaedics Ward B,20.333333333333332,31.833333333333332,0.6389086832591769
HHN-MAN-01,2024-02-12,Orthopaedics Ward B,19.083333333333332,31.708333333333332,0.6021780566370041
HHN-MAN-01,2024-02-13,Orthopaedics Ward B,21.5,31.958333333333332,0.672883064516129
HHN-MAN-01,2024-02-14,Orthopaedics Ward B,20.833333333333332,32.0,0.6510416666666666
HHN-MAN-01,2024-02-15,Orthopaedics Ward B,22.458333333333332,31.875,0.7050556752873564
HHN-MAN-01,2024-02-16,Orthopaedics Ward B,25.833333333333332,31.708333333333332,0.8154984125880609
HHN-MAN-01,2024-02-17,Orthopaedics Ward B,23.416666666666668,31.541666666666668,0.7442015599343185
HHN-MAN-01,2024-02-18,Orthopaedics Ward B,19.708333333333332,31.875,0.6185793821839081
HHN-MAN-01,2024-02-19,Orthopaedics Ward B,18.75,31.791666666666668,0.5900237615207373
HHN-MAN-01,2024-02-20,Orthopaedics Ward B,22.625,31.875,0.7099946120689654
HHN-MAN-01,2024-02-21,Orthopaedics Ward B,25.791666666666668,31.291666666666668,0.8253666855368399
HHN-MAN-01,2024-02-22,Orthopaedics Ward B,26.916666666666668,31.666666666666668,0.8513764880952381
HHN-MAN-01,2024-02-23,Orthopaedics Ward B,23.083333333333332,32.0,0.7213541666666666
HHN-MAN-01,2024-02-24,Orthopaedics Ward B,16.958333333333332,31.791666666666668,0.5333183668582375
HHN-MAN-01,2024-02-25,Orthopaedics Ward B,12.416666666666666,31.791666666666668,0.3908135775862069
HHN-MAN-01,2024-02-26,Orthopaedics Ward B,13.75,32.0,0.4296875
HHN-MAN-01,2024-02-27,Orthopaedics Ward B,19.708333333333332,31.791666666666668,0.6205057123655914
HHN-MAN-01,2024-02-28,Orthopaedics Ward B,22.291666666666668,31.916666666666668,0.6983506944444445
HHN-MAN-01,2024-02-29,Orthopaedics Ward B,22.791666666666668,31.958333333333332,0.7132476478494624
HHN-MAN-01,2024-03-01,Orthopaedics Ward B,20.916666666666668,32.0,0.6536458333333334
HHN-MAN-01,2024-03-02,Orthopaedics Ward B,19.083333333333332,31.916666666666668,0.5980034722222222
HHN-MAN-01,2024-03-03,Orthopaedics Ward B,18.75,32.0,0.5859375
HHN-MAN-01,2024-03-04,Orthopaedics Ward B,19.083333333333332,31.833333333333332,0.5997395833333333
HHN-MAN-01,2024-03-05,Orthopaedics Ward B,19.875,31.75,0.6265120967741936
HHN-MAN-01,2024-03-06,Orthopaedics Ward B,25.875,31.75,0.81484375
HHN-MAN-01,2024-03-07,Orthopaedics Ward B,29.791666666666668,32.0,0.9309895833333334
HHN-MAN-01,2024-03-08,Orthopaedics Ward B,27.541666666666668,31.708333333333332,0.8696056547619048
HHN-MAN-01,2024-03-09,Orthopaedics Ward B,25.208333333333332,31.791666666666668,0.7935027841781874
HHN-MAN-01,2024-03-10,Orthopaedics Ward B,21.5,32.0,0.671875
HHN-MAN-01,2024-03-11,Orthopaedics Ward B,21.083333333333332,31.833333333333332,0.6627604166666666
HHN-MAN-01,2024-03-12,Orthopaedics Ward B,26.125,31.583333333333332,0.8280505952380953
HHN-MAN-01,2024-03-13,Orthopaedics Ward B,30.5,31.791666666666668,0.9593271072796935
HHN-MAN-01,2024-03-14,Orthopaedics Ward B,31.958333333333332,31.958333333333332,1.0
HHN-MAN-01,2024-03-15,Orthopaedics Ward B,30.791666666666668,32.0,0.9622395833333334
HHN-MAN-01,2024-03-16,Orthopaedics Ward B,28.166666666666668,31.583333333333332,0.8932291666666666
HHN-MAN-01,2024-03-17,Orthopaedics Ward B,24.375,31.916666666666668,0.7636284722222223
HHN-MAN-01,2024-03-18,Orthopaedics Ward B,20.333333333333332,31.791666666666668,0.6398329493087558
HHN-MAN-01,2024-03-19,Orthopaedics Ward B,20.541666666666668,31.916666666666668,0.6434895833333333
HHN-MAN-01,2024-03-20,Orthopaedics Ward B,20.166666666666668,31.75,0.6359374999999999
HHN-MAN-01,2024-03-21,Orthopaedics Ward B,25.041666666666668,31.958333333333332,0.7836441532258065
HHN-MAN-01,2024-03-22,Orthopaedics Ward B,27.583333333333332,31.916666666666668,0.8644097222222222
HHN-MAN-01,2024-03-23,Orthopaedics Ward B,23.666666666666668,31.958333333333332,0.7405073924731184
HHN-MAN-01,2024-03-24,Orthopaedics Ward B,19.5,31.875,0.6119959677419354
HHN-MAN-01,2024-03-25,Orthopaedics Ward B,17.0,31.875,0.533405172413793
HHN-MAN-01,2024-03-26,Orthopaedics Ward B,17.458333333333332,31.833333333333332,0.5484841374675565
HHN-MAN-01,2024-03-27,Orthopaedics Ward B,19.416666666666668,31.75,0.6114087301587302
HHN-MAN-01,2024-03-28,Orthopaedics Ward B,24.875,31.958333333333332,0.778351814516129
HHN-MAN-01,2024-03-29,Orthopaedics Ward B,19.791666666666668,31.833333333333332,0.6218377976190476
HHN-MAN-01,2024-03-30,Orthopaedics Ward B,18.875,31.958333333333332,0.5905577956989247
HHN-MAN-01,2024-03-31,Orthopaedics Ward B,14.125,31.666666666666668,0.4468005952380953
HHN-MAN-01,2024-04-01,Orthopaedics Ward B,11.5,31.625,0.3642241379310345
HHN-MAN-01,2024-04-02,Orthopaedics Ward B,9.375,31.958333333333332,0.29343077956989244
HHN-MAN-01,2024-04-03,Orthopaedics Ward B,10.708333333333334,31.916666666666668,0.33550347222222227
HHN-MAN-01,2024-04-04,Orthopaedics Ward B,13.375,32.0,0.41796875
HHN-MAN-01,2024-04-05,Orthopaedics Ward B,15.875,31.875,0.4983836206896552
HHN-MAN-01,2024-04-06,Orthopaedics Ward B,16.5,31.833333333333332,0.5184522154245458
HHN-MAN-01,2024-04-07,Orthopaedics Ward B,17.875,32.0,0.55859375
HHN-MAN-01,2024-04-08,Orthopaedics Ward B,16.291666666666668,32.0,0.5091145833333334
HHN-MAN-01,2024-04-09,Orthopaedics Ward B,21.25,32.0,0.6640625
HHN-MAN-01,2024-04-10,Orthopaedics Ward B,23.25,32.0,0.7265625
HHN-MAN-01,2024-04-11,Orthopaedics Ward B,23.375,31.583333333333332,0.7406362972747497
HHN-MAN-01,2024-04-12,Orthopaedics Ward B,23.5,32.0,0.734375
HHN-MAN-01,2024-04-13,Orthopaedics Ward B,19.583333333333332,31.708333333333332,0.6179884478123842
HHN-MAN-01,2024-04-14,Orthopaedics Ward B,14.916666666666666,31.583333333333332,0.47265625
HHN-MAN-01,2024-04-15,Orthopaedics Ward B,16.5,32.0,0.515625
HHN-MAN-01,2024-04-16,Orthopaedics Ward B,16.666666666666668,31.916666666666668,0.5223958333333333
HHN-MAN-01,2024-04-17,Orthopaedics Ward B,24.0,32.0,0.75
HHN-MAN-01,2024-04-18,Orthopaedics Ward B,30.333333333333332,32.0,0.9479166666666666
HHN-MAN-01,2024-04-19,Orthopaedics Ward B,31.75,31.75,1.0
HHN-MAN-01,2024-04-20,Orthopaedics Ward B,30.708333333333332,31.666666666666668,0.9700520833333334
HHN-MAN-01,2024-04-21,Orthopaedics Ward B,28.583333333333332,31.875,0.8965966235632185
HHN-MAN-01,2024-04-22,Orthopaedics Ward B,27.541666666666668,31.875,0.8645833333333334
HHN-MAN-01,2024-04-23,Orthopaedics Ward B,29.541666666666668,31.958333333333332,0.9243951612903226
HHN-MAN-01,2024-04-24,Orthopaedics Ward B,27.0,32.0,0.84375
HHN-MAN-01,2024-04-25,Orthopaedics Ward B,25.666666666666668,31.791666666666668,0.807755627394636
HHN-MAN-01,2024-04-26,Orthopaedics Ward B,23.25,32.0,0.7265625
HHN-MAN-01,2024-04-27,Orthopaedics Ward B,19.916666666666668,32.0,0.6223958333333334
HHN-MAN-01,2024-04-28,Orthopaedics Ward B,18.208333333333332,31.5,0.578546626984127
HHN-MAN-01,2024-04-29,Orthopaedics Ward B,15.166666666666666,32.0,0.4739583333333333
HHN-MAN-01,2024-04-30,Orthopaedics Ward B,17.541666666666668,31.75,0.5527568247126436
HHN-MAN-01,2024-05-01,Orthopaedics Ward B,18.458333333333332,31.75,0.5817934278828328
HHN-MAN-01,2024-05-02,Orthopaedics Ward B,20.208333333333332,31.875,0.6342043821839081
HHN-MAN-01,2024-05-03,Orthopaedics Ward B,21.541666666666668,31.791666666666668,0.6781934043778802
HHN-MAN-01,2024-05-04,Orthopaedics Ward B,22.083333333333332,31.5,0.7020204741379311
HHN-MAN-01,2024-05-05,Orthopaedics Ward B,22.5,31.875,0.7058189655172414
HHN-MAN-01,2024-05-06,Orthopaedics Ward B,18.125,31.916666666666668,0.5678819444444444
HHN-MAN-01,2024-05-07,Orthopaedics Ward B,15.041666666666666,31.875,0.47207255747126436
HHN-MAN-01,2024-05-08,Orthopaedics Ward B,14.041666666666666,32.0,0.4388020833333333
HHN-MAN-01,2024-05-09,Orthopaedics Ward B,13.5,31.916666666666668,0.42300347222222223
HHN-MAN-01,2024-05-10,Orthopaedics Ward B,8.625,31.916666666666668,0.27005208333333336
HHN-MAN-01,2024-05-11,Orthopaedics Ward B,6.791666666666667,31.791666666666668,0.21360767089093702
HHN-MAN-01,2024-05-12,Orthopaedics Ward B,10.458333333333334,31.416666666666668,0.33360914408866993
HHN-MAN-01,2024-05-13,Orthopaedics Ward B,10.416666666666666,31.875,0.32686781609195403
HHN-MAN-01,2024-05-14,Orthopaedics Ward B,14.458333333333334,32.0,0.4518229166666667
HHN-MAN-01,2024-05-15,Orthopaedics Ward B,17.208333333333332,31.958333333333332,0.5385164650537634
HHN-MAN-01,2024-05-16,Orthopaedics Ward B,22.916666666666668,31.916666666666668,0.7182291666666667
HHN-MAN-01,2024-05-17,Orthopaedics Ward B,30.208333333333332,32.0,0.9440104166666666
HHN-MAN-01,2024-05-18,Orthopaedics Ward B,31.625,31.625,1.0
HHN-MAN-01,2024-05-19,Orthopaedics Ward B,31.0,31.666666666666668,0.9791666666666666
HHN-MAN-01,2024-05-20,Orthopaedics Ward B,21.833333333333332,32.0,0.6822916666666666
HHN-MAN-01,2024-05-21,Orthopaedics Ward B,16.0,32.0,0.5
HHN-MAN-01,2024-05-22,Orthopaedics Ward B,16.75,32.0,0.5234375
HHN-MAN-01,2024-05-23,Orthopaedics Ward B,14.291666666666666,32.0,0.4466145833333333
HHN-MAN-01,2024-05-24,Orthopaedics Ward B,14.5,31.833333333333332,0.45610119047619047
HHN-MAN-01,2024-05-25,Orthopaedics Ward B,15.5,31.708333333333332,0.4892289106502816
HHN-MAN-01,2024-05-26,Orthopaedics Ward B,13.375,31.708333333333332,0.42259339080459773
HHN-MAN-01,2024-05-27,Orthopaedics Ward B,12.541666666666666,32.0,0.3919270833333333
HHN-MAN-01,2024-05-28,Orthopaedics Ward B,15.791666666666666,31.875,0.4957794540229885
HHN-MAN-01,2024-05-29,Orthopaedics Ward B,19.958333333333332,32.0,0.6236979166666666
HHN-MAN-01,2024-05-30,Orthopaedics Ward B,22.625,31.875,0.7103987068965517
HHN-MAN-01,2024-05-31,Orthopaedics Ward B,23.333333333333332,31.875,0.7322647270114943
HHN-MAN-01,2024-06-01,Orthopaedics Ward B,19.291666666666668,31.791666666666668,0.6069192428315412
HHN-MAN-01,2024-06-02,Orthopaedics Ward B,16.083333333333332,31.541666666666668,0.5103431171319103
HHN-MAN-01,2024-06-03,Orthopaedics Ward B,16.416666666666668,32.0,0.5130208333333334
HHN-MAN-01,2024-06-04,Orthopaedics Ward B,17.5,31.833333333333332,0.5496651785714286
HHN-MAN-01,2024-06-05,Orthopaedics Ward B,17.458333333333332,31.916666666666668,0.5471354166666667
HHN-MAN-01,2024-06-06,Orthopaedics Ward B,15.291666666666666,32.0,0.4778645833333333
HHN-MAN-01,2024-06-07,Orthopaedics Ward B,15.333333333333334,31.666666666666668,0.4847268570016067
HHN-MAN-01,2024-06-08,Orthopaedics Ward B,15.083333333333334,31.208333333333332,0.484535355090312
HHN-MAN-01,2024-06-09,Orthopaedics Ward B,18.125,31.958333333333332,0.5671622983870968
HHN-MAN-01,2024-06-10,Orthopaedics Ward B,16.541666666666668,32.0,0.5169270833333334
HHN-MAN-01,2024-06-11,Orthopaedics Ward B,15.875,31.958333333333332,0.49680779569892475
HHN-MAN-01,2024-06-12,Orthopaedics Ward B,17.333333333333332,31.833333333333332,0.5446705830552466
HHN-MAN-01,2024-06-13,Orthopaedics Ward B,15.791666666666666,31.916666666666668,0.4947916666666667
HHN-MAN-01,2024-06-14,Orthopaedics Ward B,18.291666666666668,31.875,0.5736350574712644
HHN-MAN-01,2024-06-15,Orthopaedics Ward B,18.875,31.875,0.5922683189655172
HHN-MAN-01,2024-06-16,Orthopaedics Ward B,20.416666666666668,31.833333333333332,0.6415550595238095
HHN-MAN-01,2024-06-17,Orthopaedics Ward B,20.625,32.0,0.64453125
HHN-MAN-01,2024-06-18,Orthopaedics Ward B,16.5,31.958333333333332,0.5162550403225806
HHN-MAN-01,2024-06-19,Orthopaedics Ward B,17.041666666666668,31.666666666666668,0.5389048347370093
HHN-MAN-01,2024-06-20,Orthopaedics Ward B,19.833333333333332,32.0,0.6197916666666666
HHN-MAN-01,2024-06-21,Orthopaedics Ward B,22.208333333333332,31.833333333333332,0.6981026785714285
HHN-MAN-01,2024-06-22,Orthopaedics Ward B,17.916666666666668,31.75,0.5639890194351749
HHN-MAN-01,2024-06-23,Orthopaedics Ward B,14.25,31.875,0.44716061827956993
HHN-MAN-01,2024-06-24,Orthopaedics Ward B,16.583333333333332,32.0,0.5182291666666666
HHN-MAN-01,2024-06-25,Orthopaedics Ward B,15.666666666666666,32.0,0.4895833333333333
HHN-MAN-01,2024-06-26,Orthopaedics Ward B,15.375,32.0,0.48046875
HHN-MAN-01,2024-06-27,Orthopaedics Ward B,14.208333333333334,32.0,0.4440104166666667
HHN-MAN-01,2024-06-28,Orthopaedics Ward B,11.958333333333334,31.791666666666668,0.37643409178187404
HHN-MAN-01,2024-06-29,Orthopaedics Ward B,10.833333333333334,31.625,0.34310171023359287
HHN-MAN-01,2024-06-30,Orthopaedics Ward B,8.5,31.875,0.2667842741935484
HHN-MAN-01,2024-07-01,Orthopaedics Ward B,10.416666666666666,31.5,0.33058536435987074
HHN-MAN-01,2024-07-02,Orthopaedics Ward B,14.458333333333334,32.0,0.4518229166666667
HHN-MAN-01,2024-07-03,Orthopaedics Ward B,19.541666666666668,31.833333333333332,0.6139417060622915
HHN-MAN-01,2024-07-04,Orthopaedics Ward B,21.666666666666668,31.666666666666668,0.6848958333333334
HHN-MAN-01,2024-07-05,Orthopaedics Ward B,21.083333333333332,31.833333333333332,0.6625744047619048
HHN-MAN-01,2024-07-06,Orthopaedics Ward B,20.25,32.0,0.6328125
HHN-MAN-01,2024-07-07,Orthopaedics Ward B,15.958333333333334,31.791666666666668,0.5020341301843317
HHN-MAN-01,2024-07-08,Orthopaedics Ward B,14.791666666666666,31.75,0.4662326388888889
HHN-MAN-01,2024-07-09,Orthopaedics Ward B,16.75,31.833333333333332,0.5264136904761905
HHN-MAN-01,2024-07-10,Orthopaedics Ward B,20.75,31.916666666666668,0.6504340277777778
HHN-MAN-01,2024-07-11,Orthopaedics Ward B,18.041666666666668,31.791666666666668,0.5680503552227343
HHN-MAN-01,2024-07-12,Orthopaedics Ward B,18.625,32.0,0.58203125
HHN-MAN-01,2024-07-13,Orthopaedics Ward B,20.041666666666668,31.541666666666668,0.6367059215927751
HHN-MAN-01,2024-07-14,Orthopaedics Ward B,19.708333333333332,31.75,0.6210039511494253
HHN-MAN-01,2024-07-15,Orthopaedics Ward B,24.416666666666668,31.875,0.7666576867816092
HHN-MAN-01,2024-07-16,Orthopaedics Ward B,25.375,31.791666666666668,0.7987531201996928
HHN-MAN-01,2024-07-17,Orthopaedics Ward B,23.083333333333332,31.625,0.7308767761136713
HHN-MAN-01,2024-07-18,Orthopaedics Ward B,22.375,31.875,0.7024515086206896
HHN-MAN-01,2024-07-19,Orthopaedics Ward B,27.125,31.958333333333332,0.8487903225806451
HHN-MAN-01,2024-07-20,Orthopaedics Ward B,22.125,31.541666666666668,0.70209530651341
HHN-MAN-01,2024-07-21,Orthopaedics Ward B,19.666666666666668,31.875,0.6171426005747126
HHN-MAN-01,2024-07-22,Orthopaedics Ward B,17.416666666666668,31.75,0.5490823412698412
HHN-MAN-01,2024-07-23,Orthopaedics Ward B,19.083333333333332,32.0,0.5963541666666666
HHN-MAN-01,2024-07-24,Orthopaedics Ward B,21.0,32.0,0.65625
HHN-MAN-01,2024-07-25,Orthopaedics Ward B,23.666666666666668,31.875,0.7425039202508961
HHN-MAN-01,2024-07-26,Orthopaedics Ward B,26.916666666666668,32.0,0.8411458333333334
HHN-MAN-01,2024-07-27,Orthopaedics Ward B,25.916666666666668,32.0,0.8098958333333334
HHN-MAN-01,2024-07-28,Orthopaedics Ward B,25.125,32.0,0.78515625
HHN-MAN-01,2024-07-29,Orthopaedics Ward B,26.416666666666668,31.916666666666668,0.8278645833333332
HHN-MAN-01,2024-07-30,Orthopaedics Ward B,27.333333333333332,31.875,0.8575341235632185
HHN-MAN-01,2024-07-31,Orthopaedics Ward B,27.666666666666668,32.0,0.8645833333333334
HHN-MAN-01,2024-08-01,Orthopaedics Ward B,26.166666666666668,31.916666666666668,0.8200520833333332
HHN-MAN-01,2024-08-02,Orthopaedics Ward B,23.5,31.666666666666668,0.7429627634099617
HHN-MAN-01,2024-08-03,Orthopaedics Ward B,15.458333333333334,31.75,0.48724421811271784
HHN-MAN-01,2024-08-04,Orthopaedics Ward B,10.916666666666666,31.708333333333332,0.34364919354838713
HHN-MAN-01,2024-08-05,Orthopaedics Ward B,8.75,32.0,0.2734375
HHN-MAN-01,2024-08-06,Orthopaedics Ward B,10.333333333333334,32.0,0.3229166666666667
HHN-MAN-01,2024-08-07,Orthopaedics Ward B,12.0,32.0,0.375
HHN-MAN-01,2024-08-08,Orthopaedics Ward B,14.916666666666666,32.0,0.4661458333333333
HHN-MAN-01,2024-08-09,Orthopaedics Ward B,15.041666666666666,32.0,0.4700520833333333
HHN-MAN-01,2024-08-10,Orthopaedics Ward B,11.791666666666666,31.458333333333332,0.3756055835849357
HHN-MAN-01,2024-08-11,Orthopaedics Ward B,11.041666666666666,32.0,0.3450520833333333
HHN-MAN-01,2024-08-12,Orthopaedics Ward B,15.25,31.916666666666668,0.47760416666666666
HHN-MAN-01,2024-08-13,Orthopaedics Ward B,17.916666666666668,32.0,0.5598958333333334
HHN-MAN-01,2024-08-14,Orthopaedics Ward B,19.208333333333332,31.583333333333332,0.6087271654351396
HHN-MAN-01,2024-08-15,Orthopaedics Ward B,18.125,32.0,0.56640625
HHN-MAN-01,2024-08-16,Orthopaedics Ward B,15.166666666666666,31.958333333333332,0.474588373655914
HHN-MAN-01,2024-08-17,Orthopaedics Ward B,14.833333333333334,31.75,0.46744946159312817
HHN-MAN-01,2024-08-18,Orthopaedics Ward B,12.958333333333334,31.791666666666668,0.40783306683351866
HHN-MAN-01,2024-08-19,Orthopaedics Ward B,14.708333333333334,31.833333333333332,0.46202956989247307
HHN-MAN-01,2024-08-20,Orthopaedics Ward B,19.083333333333332,31.916666666666668,0.5979166666666667
HHN-MAN-01,2024-08-21,Orthopaedics Ward B,16.875,31.916666666666668,0.5288194444444444
HHN-MAN-01,2024-08-22,Orthopaedics Ward B,16.0,31.541666666666668,0.5080932765903915
HHN-MAN-01,2024-08-23,Orthopaedics Ward B,11.333333333333334,31.791666666666668,0.3567857998084291
HHN-MAN-01,2024-08-24,Orthopaedics Ward B,13.458333333333334,31.75,0.42402033730158734
HHN-MAN-01,2024-08-25,Orthopaedics Ward B,13.833333333333334,31.791666666666668,0.43544186827956993
HHN-MAN-01,2024-08-26,Orthopaedics Ward B,15.958333333333334,31.708333333333332,0.5038292795566502
HHN-MAN-01,2024-08-27,Orthopaedics Ward B,19.0,31.916666666666668,0.5953040994623656
HHN-MAN-01,2024-08-28,Orthopaedics Ward B,20.25,32.0,0.6328125
HHN-MAN-01,2024-08-29,Orthopaedics Ward B,15.5,31.75,0.48823461253244343
HHN-MAN-01,2024-08-30,Orthopaedics Ward B,11.166666666666666,32.0,0.3489583333333333
HHN-MAN-01,2024-08-31,Orthopaedics Ward B,12.291666666666666,32.0,0.3841145833333333
HHN-MAN-01,2024-09-01,Orthopaedics Ward B,11.875,31.708333333333332,0.37505760368663593
HHN-MAN-01,2024-09-02,Orthopaedics Ward B,14.25,31.875,0.44733297413793105
HHN-MAN-01,2024-09-03,Orthopaedics Ward B,22.5,31.875,0.705145474137931
HHN-MAN-01,2024-09-04,Orthopaedics Ward B,29.916666666666668,32.0,0.9348958333333334
HHN-MAN-01,2024-09-05,Orthopaedics Ward B,30.166666666666668,31.916666666666668,0.9453125
HHN-MAN-01,2024-09-06,Orthopaedics Ward B,27.916666666666668,31.958333333333332,0.8735299059139785
HHN-MAN-01,2024-09-07,Orthopaedics Ward B,18.333333333333332,31.75,0.5780352011494253
HHN-MAN-01,2024-09-08,Orthopaedics Ward B,17.791666666666668,31.916666666666668,0.5574652777777778
HHN-MAN-01,2024-09-09,Orthopaedics Ward B,17.75,32.0,0.5546875
HHN-MAN-01,2024-09-10,Orthopaedics Ward B,21.25,31.916666666666668,0.6657118055555555
HHN-MAN-01,2024-09-11,Orthopaedics Ward B,20.875,31.875,0.6551724137931034
HHN-MAN-01,2024-09-12,Orthopaedics Ward B,18.416666666666668,31.833333333333332,0.5790550595238095
HHN-MAN-01,2024-09-13,Orthopaedics Ward B,19.708333333333332,31.875,0.618444683908046
HHN-MAN-01,2024-09-14,Orthopaedics Ward B,14.166666666666666,31.5,0.45043248285131626
HHN-MAN-01,2024-09-15,Orthopaedics Ward B,12.166666666666666,31.416666666666668,0.3870601511600191
HHN-MAN-01,2024-09-16,Orthopaedics Ward B,14.125,31.958333333333332,0.4420362903225807
HHN-MAN-01,2024-09-17,Orthopaedics Ward B,15.5,31.833333333333332,0.4869791666666667
HHN-MAN-01,2024-09-18,Orthopaedics Ward B,18.083333333333332,31.833333333333332,0.5684523809523809
HHN-MAN-01,2024-09-19,Orthopaedics Ward B,20.0,31.875,0.6274417562724014
HHN-MAN-01,2024-09-20,Orthopaedics Ward B,22.708333333333332,32.0,0.7096354166666666
HHN-MAN-01,2024-09-21,Orthopaedics Ward B,18.541666666666668,31.916666666666668,0.5811631944444444
HHN-MAN-01,2024-09-22,Orthopaedics Ward B,17.958333333333332,31.666666666666668,0.5674083279260907
HHN-MAN-01,2024-09-23,Orthopaedics Ward B,15.208333333333334,31.833333333333332,0.47803819444444445
HHN-MAN-01,2024-09-24,Orthopaedics Ward B,19.416666666666668,31.916666666666668,0.6083333333333333
HHN-MAN-01,2024-09-25,Orthopaedics Ward B,20.666666666666668,31.75,0.651221264367816
HHN-MAN-01,2024-09-26,Orthopaedics Ward B,23.0,31.875,0.7218480603448275
HHN-MAN-01,2024-09-27,Orthopaedics Ward B,24.708333333333332,32.0,0.7721354166666666
HHN-MAN-01,2024-09-28,Orthopaedics Ward B,18.458333333333332,31.833333333333332,0.5805431547619048
HHN-MAN-01,2024-09-29,Orthopaedics Ward B,16.583333333333332,31.833333333333332,0.5210489471326165
HHN-MAN-01,2024-09-30,Orthopaedics Ward B,16.708333333333332,31.916666666666668,0.5234375
HHN-MAN-01,2024-10-01,Orthopaedics Ward B,19.75,31.875,0.619342672413793
HHN-MAN-01,2024-10-02,Orthopaedics Ward B,20.5,32.0,0.640625
HHN-MAN-01,2024-10-03,Orthopaedics Ward B,17.416666666666668,31.833333333333332,0.5478050595238095
HHN-MAN-01,2024-10-04,Orthopaedics Ward B,16.833333333333332,31.791666666666668,0.529229525862069
HHN-MAN-01,2024-10-05,Orthopaedics Ward B,17.375,31.791666666666668,0.5468211206896552
HHN-MAN-01,2024-10-06,Orthopaedics Ward B,16.0,31.916666666666668,0.5012152777777777
HHN-MAN-01,2024-10-07,Orthopaedics Ward B,11.083333333333334,31.958333333333332,0.3468161962365592
HHN-MAN-01,2024-10-08,Orthopaedics Ward B,12.833333333333334,31.875,0.4028057795698925
HHN-MAN-01,2024-10-09,Orthopaedics Ward B,15.125,31.541666666666668,0.48110375615763545
HHN-MAN-01,2024-10-10,Orthopaedics Ward B,16.708333333333332,31.708333333333332,0.5274014778325123
HHN-MAN-01,2024-10-11,Orthopaedics Ward B,16.958333333333332,31.833333333333332,0.5332961309523809
HHN-MAN-01,2024-10-12,Orthopaedics Ward B,19.875,32.0,0.62109375
HHN-MAN-01,2024-10-13,Orthopaedics Ward B,16.958333333333332,31.916666666666668,0.5315104166666667
HHN-MAN-01,2024-10-14,Orthopaedics Ward B,13.875,32.0,0.43359375
HHN-MAN-01,2024-10-15,Orthopaedics Ward B,13.916666666666666,32.0,0.4348958333333333
HHN-MAN-01,2024-10-16,Orthopaedics Ward B,13.291666666666666,31.625,0.42134696620583717
HHN-MAN-01,2024-10-17,Orthopaedics Ward B,16.875,31.958333333333332,0.5282258064516129
HHN-MAN-01,2024-10-18,Orthopaedics Ward B,24.0,31.833333333333332,0.7544642857142857
HHN-MAN-01,2024-10-19,Orthopaedics Ward B,26.041666666666668,31.791666666666668,0.8196230765665554
HHN-MAN-01,2024-10-20,Orthopaedics Ward B,21.791666666666668,31.583333333333332,0.6908789886690679
HHN-MAN-01,2024-10-21,Orthopaedics Ward B,18.25,32.0,0.5703125
HHN-MAN-01,2024-10-22,Orthopaedics Ward B,19.416666666666668,31.833333333333332,0.6096354166666667
HHN-MAN-01,2024-10-23,Orthopaedics Ward B,24.125,31.875,0.7574084051724138
HHN-MAN-01,2024-10-24,Orthopaedics Ward B,26.666666666666668,31.958333333333332,0.8345094086021505
HHN-MAN-01,2024-10-25,Orthopaedics Ward B,23.875,31.916666666666668,0.7480902777777777
HHN-MAN-01,2024-10-26,Orthopaedics Ward B,19.041666666666668,31.791666666666668,0.5988176484674329
HHN-MAN-01,2024-10-27,Orthopaedics Ward B,17.875,31.791666666666668,0.5626676245210728
HHN-MAN-01,2024-10-28,Orthopaedics Ward B,20.958333333333332,31.833333333333332,0.6578504472562107
HHN-MAN-01,2024-10-29,Orthopaedics Ward B,24.708333333333332,32.0,0.7721354166666666
HHN-MAN-01,2024-10-30,Orthopaedics Ward B,30.083333333333332,31.958333333333332,0.94140625
HHN-MAN-01,2024-10-31,Orthopaedics Ward B,31.458333333333332,31.833333333333332,0.98828125
HHN-MAN-01,2024-11-01,Orthopaedics Ward B,31.833333333333332,32.0,0.9947916666666666
HHN-MAN-01,2024-11-02,Orthopaedics Ward B,27.416666666666668,31.708333333333332,0.8655133928571428
HHN-MAN-01,2024-11-03,Orthopaedics Ward B,23.666666666666668,31.791666666666668,0.7446836597542242
HHN-MAN-01,2024-11-04,Orthopaedics Ward B,20.041666666666668,31.875,0.6287266522988506
HHN-MAN-01,2024-11-05,Orthopaedics Ward B,16.875,32.0,0.52734375
HHN-MAN-01,2024-11-06,Orthopaedics Ward B,19.625,32.0,0.61328125
HHN-MAN-01,2024-11-07,Orthopaedics Ward B,18.5,31.541666666666668,0.587926027265745
HHN-MAN-01,2024-11-08,Orthopaedics Ward B,18.0,31.916666666666668,0.564236111111111
HHN-MAN-01,2024-11-09,Orthopaedics Ward B,18.333333333333332,31.916666666666668,0.5744791666666667
HHN-MAN-01,2024-11-10,Orthopaedics Ward B,15.541666666666666,31.75,0.4893633744283772
HHN-MAN-01,2024-11-11,Orthopaedics Ward B,16.833333333333332,32.0,0.5260416666666666
HHN-MAN-01,2024-11-12,Orthopaedics Ward B,23.041666666666668,32.0,0.7200520833333334
HHN-MAN-01,2024-11-13,Orthopaedics Ward B,24.125,31.875,0.7575431034482758
HHN-MAN-01,2024-11-14,Orthopaedics Ward B,22.0,32.0,0.6875
HHN-MAN-01,2024-11-15,Orthopaedics Ward B,18.083333333333332,32.0,0.5651041666666666
HHN-MAN-01,2024-11-16,Orthopaedics Ward B,13.208333333333334,32.0,0.4127604166666667
HHN-MAN-01,2024-11-17,Orthopaedics Ward B,12.208333333333334,31.708333333333332,0.38514424923195084
HHN-MAN-01,2024-11-18,Orthopaedics Ward B,11.25,31.833333333333332,0.35323660714285715
HHN-MAN-01,2024-11-19,Orthopaedics Ward B,15.875,31.958333333333332,0.49668178763440857
HHN-MAN-01,2024-11-20,Orthopaedics Ward B,18.25,31.833333333333332,0.573431899641577
HHN-MAN-01,2024-11-21,Orthopaedics Ward B,17.833333333333332,31.75,0.562202380952381
HHN-MAN-01,2024-11-22,Orthopaedics Ward B,19.416666666666668,31.833333333333332,0.6103975482017056
HHN-MAN-01,2024-11-23,Orthopaedics Ward B,21.75,31.916666666666668,0.681577620967742
HHN-MAN-01,2024-11-24,Orthopaedics Ward B,18.75,31.958333333333332,0.5866515456989247
HHN-MAN-01,2024-11-25,Orthopaedics Ward B,21.958333333333332,31.916666666666668,0.6882812500000001
HHN-MAN-01,2024-11-26,Orthopaedics Ward B,22.666666666666668,32.0,0.7083333333333334
HHN-MAN-01,2024-11-27,Orthopaedics Ward B,22.166666666666668,31.875,0.695941091954023
HHN-MAN-01,2024-11-28,Orthopaedics Ward B,26.041666666666668,31.916666666666668,0.8157118055555556
HHN-MAN-01,2024-11-29,Orthopaedics Ward B,30.791666666666668,31.875,0.9661458333333334
HHN-MAN-01,2024-11-30,Orthopaedics Ward B,30.083333333333332,31.708333333333332,0.94921875
HHN-MAN-01,2024-12-01,Orthopaedics Ward B,25.958333333333332,31.875,0.8147000718390806
HHN-MAN-01,2024-12-02,Orthopaedics Ward B,20.5,31.25,0.657514674042587
HHN-MAN-01,2024-12-03,Orthopaedics Ward B,23.416666666666668,31.958333333333332,0.7328629032258065
HHN-MAN-01,2024-12-04,Orthopaedics Ward B,29.791666666666668,31.541666666666668,0.9448305795019157
HHN-MAN-01,2024-12-05,Orthopaedics Ward B,31.75,31.75,1.0
HHN-MAN-01,2024-12-06,Orthopaedics Ward B,31.75,31.75,1.0
HHN-MAN-01,2024-12-07,Orthopaedics Ward B,31.75,31.75,1.0
HHN-MAN-01,2024-12-08,Orthopaedics Ward B,29.166666666666668,31.375,0.9307195660522273
HHN-MAN-01,2024-12-09,Orthopaedics Ward B,26.25,31.666666666666668,0.8293990815412187
HHN-MAN-01,2024-12-10,Orthopaedics Ward B,28.666666666666668,31.916666666666668,0.8984375
HHN-MAN-01,2024-12-11,Orthopaedics Ward B,28.125,31.541666666666668,0.8929715501792114
HHN-MAN-01,2024-12-12,Orthopaedics Ward B,25.583333333333332,31.875,0.8031160201149424
HHN-MAN-01,2024-12-13,Orthopaedics Ward B,28.166666666666668,31.875,0.8839798850574713
HHN-MAN-01,2024-12-14,Orthopaedics Ward B,24.208333333333332,31.666666666666668,0.7658110119047619
HHN-MAN-01,2024-12-15,Orthopaedics Ward B,13.666666666666666,31.833333333333332,0.4298735119047619
HHN-MAN-01,2024-12-16,Orthopaedics Ward B,17.916666666666668,31.833333333333332,0.5630851408972933
HHN-MAN-01,2024-12-17,Orthopaedics Ward B,15.208333333333334,31.916666666666668,0.47664930555555557
HHN-MAN-01,2024-12-18,Orthopaedics Ward B,16.416666666666668,31.75,0.5173311781609196
HHN-MAN-01,2024-12-19,Orthopaedics Ward B,18.208333333333332,31.916666666666668,0.5705729166666667
HHN-MAN-01,2024-12-20,Orthopaedics Ward B,20.041666666666668,31.958333333333332,0.6272261424731183
HHN-MAN-01,2024-12-21,Orthopaedics Ward B,18.583333333333332,31.875,0.5830477150537634
HHN-MAN-01,2024-12-22,Orthopaedics Ward B,19.208333333333332,31.625,0.6080421284893268
HHN-MAN-01,2024-12-23,Orthopaedics Ward B,19.916666666666668,31.708333333333332,0.6284893267651889
HHN-MAN-01,2024-12-24,Orthopaedics Ward B,19.458333333333332,31.833333333333332,0.6116071428571429
HHN-MAN-01,2024-12-25,Orthopaedics Ward B,22.708333333333332,31.666666666666668,0.7174479166666666
HHN-MAN-01,2024-12-26,Orthopaedics Ward B,23.541666666666668,31.833333333333332,0.7397821460573476
HHN-MAN-01,2024-12-27,Orthopaedics Ward B,20.416666666666668,31.833333333333332,0.6419270833333334
HHN-MAN-01,2024-12-28,Orthopaedics Ward B,22.0,32.0,0.6875
HHN-MAN-01,2024-12-29,Orthopaedics Ward B,18.416666666666668,31.791666666666668,0.579460009578544
HHN-MAN-01,2024-12-30,Orthopaedics Ward B,19.041666666666668,31.708333333333332,0.6015496991807475
HHN-MAN-01,2024-12-31,Orthopaedics Ward B,24.333333333333332,31.791666666666668,0.7658890168970814
HHN-MAN-01,2025-01-01,Orthopaedics Ward B,27.208333333333332,31.5,0.8651906825485107
HHN-MAN-01,2025-01-02,Orthopaedics Ward B,28.208333333333332,32.0,0.8815104166666666
HHN-MAN-01,2025-01-03,Orthopaedics Ward B,27.0,31.916666666666668,0.8458333333333333
HHN-MAN-01,2025-01-04,Orthopaedics Ward B,23.0,31.666666666666668,0.7269866788715857
HHN-MAN-01,2025-01-05,Orthopaedics Ward B,20.125,31.625,0.637144777265745
HHN-MAN-01,2025-01-06,Orthopaedics Ward B,20.583333333333332,32.0,0.6432291666666666
HHN-MAN-01,2025-01-07,Orthopaedics Ward B,22.625,31.958333333333332,0.707997311827957
HHN-MAN-01,2025-01-08,Orthopaedics Ward B,21.375,31.916666666666668,0.6697916666666667
HHN-MAN-01,2025-01-09,Orthopaedics Ward B,21.75,32.0,0.6796875
HHN-MAN-01,2025-01-10,Orthopaedics Ward B,24.458333333333332,31.583333333333332,0.7752527196223317
HHN-MAN-01,2025-01-11,Orthopaedics Ward B,23.375,31.833333333333332,0.7345610119047619
HHN-MAN-01,2025-01-12,Orthopaedics Ward B,23.125,31.666666666666668,0.7311333442581706
HHN-MAN-01,2025-01-13,Orthopaedics Ward B,22.125,31.791666666666668,0.6962930455135335
HHN-MAN-01,2025-01-14,Orthopaedics Ward B,30.166666666666668,31.666666666666668,0.9529149865591399
HHN-MAN-01,2025-01-15,Orthopaedics Ward B,31.666666666666668,31.666666666666668,1.0
HHN-MAN-01,2025-01-16,Orthopaedics Ward B,31.875,31.875,1.0
HHN-MAN-01,2025-01-17,Orthopaedics Ward B,31.708333333333332,31.833333333333332,0.99609375
HHN-MAN-01,2025-01-18,Orthopaedics Ward B,25.5,31.333333333333332,0.8144636015325671
HHN-MAN-01,2025-01-19,Orthopaedics Ward B,19.125,31.333333333333332,0.6117761605708282
HHN-MAN-01,2025-01-20,Orthopaedics Ward B,26.25,32.0,0.8203125
HHN-MAN-01,2025-01-21,Orthopaedics Ward B,21.333333333333332,31.958333333333332,0.6675907258064516
HHN-MAN-01,2025-01-22,Orthopaedics Ward B,21.708333333333332,31.541666666666668,0.6896325088943623
HHN-MAN-01,2025-01-23,Orthopaedics Ward B,23.458333333333332,31.583333333333332,0.7435431177940216
HHN-MAN-01,2025-01-24,Orthopaedics Ward B,26.583333333333332,31.625,0.8419498847926268
HHN-MAN-01,2025-01-25,Orthopaedics Ward B,26.541666666666668,31.75,0.8368195564516129
HHN-MAN-01,2025-01-26,Orthopaedics Ward B,26.833333333333332,32.0,0.8385416666666666
HHN-MAN-01,2025-01-27,Orthopaedics Ward B,26.625,31.625,0.8421233579638753
HHN-MAN-01,2025-01-28,Orthopaedics Ward B,30.291666666666668,31.75,0.9542410714285715
HHN-MAN-01,2025-01-29,Orthopaedics Ward B,26.916666666666668,31.583333333333332,0.8536990367383512
HHN-MAN-01,2025-01-30,Orthopaedics Ward B,26.333333333333332,31.5,0.8368675595238094
HHN-MAN-01,2025-01-31,Orthopaedics Ward B,28.708333333333332,31.5,0.9126257183908045
HHN-MAN-01,2025-02-01,Orthopaedics Ward B,26.125,31.625,0.8268421592775042
HHN-MAN-01,2025-02-02,Orthopaedics Ward B,17.375,31.583333333333332,0.5515039859102707
HHN-MAN-01,2025-02-03,Orthopaedics Ward B,13.5,31.625,0.42762936827956993
HHN-MAN-01,2025-02-04,Orthopaedics Ward B,21.583333333333332,31.708333333333332,0.6810088259441708
HHN-MAN-01,2025-02-05,Orthopaedics Ward B,27.916666666666668,31.625,0.8834979645593869
HHN-MAN-01,2025-02-06,Orthopaedics Ward B,28.666666666666668,32.0,0.8958333333333334
HHN-MAN-01,2025-02-07,Orthopaedics Ward B,29.0,31.833333333333332,0.9109002976190476
HHN-MAN-01,2025-02-08,Orthopaedics Ward B,27.166666666666668,31.833333333333332,0.8541666666666666
HHN-MAN-01,2025-02-09,Orthopaedics Ward B,26.5,31.541666666666668,0.8414857861247947
HHN-MAN-01,2025-02-10,Orthopaedics Ward B,26.375,31.916666666666668,0.8263020833333333
HHN-MAN-01,2025-02-11,Orthopaedics Ward B,28.333333333333332,31.75,0.8928695436507937
HHN-MAN-01,2025-02-12,Orthopaedics Ward B,26.666666666666668,31.875,0.8369701867816092
HHN-MAN-01,2025-02-13,Orthopaedics Ward B,22.791666666666668,31.833333333333332,0.716232638888889
HHN-MAN-01,2025-02-14,Orthopaedics Ward B,18.833333333333332,31.708333333333332,0.594323553948832
HHN-MAN-01,2025-02-15,Orthopaedics Ward B,17.291666666666668,31.458333333333332,0.5502437397372743
HHN-MAN-01,2025-02-16,Orthopaedics Ward B,16.333333333333332,32.0,0.5104166666666666
HHN-MAN-01,2025-02-17,Orthopaedics Ward B,18.583333333333332,31.916666666666668,0.5822916666666667
HHN-MAN-01,2025-02-18,Orthopaedics Ward B,15.708333333333334,31.875,0.4930405890804597
HHN-MAN-01,2025-02-19,Orthopaedics Ward B,20.208333333333332,31.916666666666668,0.6329805107526881
HHN-MAN-01,2025-02-20,Orthopaedics Ward B,24.458333333333332,31.708333333333332,0.7722932888394513
HHN-MAN-01,2025-02-21,Orthopaedics Ward B,25.125,31.791666666666668,0.7904005856374807
HHN-MAN-01,2025-02-22,Orthopaedics Ward B,20.125,31.75,0.6346478174603175
HHN-MAN-01,2025-02-23,Orthopaedics Ward B,14.916666666666666,31.833333333333332,0.46968005952380953
HHN-MAN-01,2025-02-24,Orthopaedics Ward B,12.833333333333334,31.5,0.40829613095238093
HHN-MAN-01,2025-02-25,Orthopaedics Ward B,17.625,31.916666666666668,0.5521673387096774
HHN-MAN-01,2025-02-26,Orthopaedics Ward B,21.041666666666668,31.833333333333332,0.6612208008898777
HHN-MAN-01,2025-02-27,Orthopaedics Ward B,21.75,32.0,0.6796875
HHN-MAN-01,2025-02-28,Orthopaedics Ward B,28.375,31.875,0.890625
HHN-MAN-01,2025-03-01,Orthopaedics Ward B,31.75,31.75,1.0
HHN-MAN-01,2025-03-02,Orthopaedics Ward B,31.291666666666668,31.583333333333332,0.9908854166666666
HHN-MAN-01,2025-03-03,Orthopaedics Ward B,28.708333333333332,32.0,0.8971354166666666
HHN-MAN-01,2025-03-04,Orthopaedics Ward B,27.875,31.875,0.8745715725806451
HHN-MAN-01,2025-03-05,Orthopaedics Ward B,27.833333333333332,32.0,0.8697916666666666
HHN-MAN-01,2025-03-06,Orthopaedics Ward B,28.583333333333332,31.75,0.9006076388888888
HHN-MAN-01,2025-03-07,Orthopaedics Ward B,26.0,31.916666666666668,0.81484375
HHN-MAN-01,2025-03-08,Orthopaedics Ward B,22.625,31.875,0.7098650313620071
HHN-MAN-01,2025-03-09,Orthopaedics Ward B,18.333333333333332,31.75,0.5782986111111111
HHN-MAN-01,2025-03-10,Orthopaedics Ward B,15.208333333333334,31.541666666666668,0.4826752360426929
HHN-MAN-01,2025-03-11,Orthopaedics Ward B,17.666666666666668,31.958333333333332,0.552713373655914
HHN-MAN-01,2025-03-12,Orthopaedics Ward B,28.333333333333332,32.0,0.8854166666666666
HHN-MAN-01,2025-03-13,Orthopaedics Ward B,29.375,32.0,0.91796875
HHN-MAN-01,2025-03-14,Orthopaedics Ward B,25.625,31.875,0.8041487068965517
HHN-MAN-01,2025-03-15,Orthopaedics Ward B,27.208333333333332,31.333333333333332,0.870284318886064
HHN-MAN-01,2025-03-16,Orthopaedics Ward B,24.625,32.0,0.76953125
HHN-MAN-01,2025-03-17,Orthopaedics Ward B,25.625,32.0,0.80078125
HHN-MAN-01,2025-03-18,Orthopaedics Ward B,30.583333333333332,31.833333333333332,0.960853494623656
HHN-MAN-01,2025-03-19,Orthopaedics Ward B,29.291666666666668,31.833333333333332,0.9205309139784946
HHN-MAN-01,2025-03-20,Orthopaedics Ward B,28.291666666666668,32.0,0.8841145833333334
HHN-MAN-01,2025-03-21,Orthopaedics Ward B,26.916666666666668,31.958333333333332,0.8422379032258065
HHN-MAN-01,2025-03-22,Orthopaedics Ward B,19.458333333333332,31.916666666666668,0.6098958333333333
HHN-MAN-01,2025-03-23,Orthopaedics Ward B,17.416666666666668,31.958333333333332,0.5450688844086021
HHN-MAN-01,2025-03-24,Orthopaedics Ward B,20.833333333333332,32.0,0.6510416666666666
HHN-MAN-01,2025-03-25,Orthopaedics Ward B,23.833333333333332,31.666666666666668,0.7529389880952381
HHN-MAN-01,2025-03-26,Orthopaedics Ward B,25.708333333333332,31.875,0.8067528735632185
HHN-MAN-01,2025-03-27,Orthopaedics Ward B,26.833333333333332,31.833333333333332,0.8435639880952381
HHN-MAN-01,2025-03-28,Orthopaedics Ward B,25.916666666666668,31.916666666666668,0.8119119623655914
HHN-MAN-01,2025-03-29,Orthopaedics Ward B,21.041666666666668,31.666666666666668,0.6653645833333334
HHN-MAN-01,2025-03-30,Orthopaedics Ward B,19.583333333333332,31.916666666666668,0.6136284722222222
HHN-MAN-01,2025-03-31,Orthopaedics Ward B,14.708333333333334,31.958333333333332,0.46039146505376344
HHN-MAN-01,2025-04-01,Orthopaedics Ward B,17.291666666666668,31.916666666666668,0.5414930555555556
HHN-MAN-01,2025-04-02,Orthopaedics Ward B,22.333333333333332,32.0,0.6979166666666666
HHN-MAN-01,2025-04-03,Orthopaedics Ward B,20.875,31.833333333333332,0.6558779761904762
HHN-MAN-01,2025-04-04,Orthopaedics Ward B,21.0,31.958333333333332,0.6570480510752689
HHN-MAN-01,2025-04-05,Orthopaedics Ward B,23.416666666666668,31.833333333333332,0.7360491071428572
HHN-MAN-01,2025-04-06,Orthopaedics Ward B,22.708333333333332,31.708333333333332,0.7164861999443827
HHN-MAN-01,2025-04-07,Orthopaedics Ward B,20.541666666666668,31.791666666666668,0.6464873751920123
HHN-MAN-01,2025-04-08,Orthopaedics Ward B,20.458333333333332,31.958333333333332,0.6402049731182796
HHN-MAN-01,2025-04-09,Orthopaedics Ward B,19.208333333333332,31.916666666666668,0.6018229166666667
HHN-MAN-01,2025-04-10,Orthopaedics Ward B,14.0,32.0,0.4375
HHN-MAN-01,2025-04-11,Orthopaedics Ward B,12.583333333333334,32.0,0.3932291666666667
HHN-MAN-01,2025-04-12,Orthopaedics Ward B,9.75,31.75,0.3074156746031746
HHN-MAN-01,2025-04-13,Orthopaedics Ward B,9.125,31.708333333333332,0.28813911676554194
HHN-MAN-01,2025-04-14,Orthopaedics Ward B,12.833333333333334,31.916666666666668,0.40208333333333335
HHN-MAN-01,2025-04-15,Orthopaedics Ward B,17.208333333333332,31.916666666666668,0.5389756944444445
HHN-MAN-01,2025-04-16,Orthopaedics Ward B,21.125,32.0,0.66015625
HHN-MAN-01,2025-04-17,Orthopaedics Ward B,23.541666666666668,32.0,0.7356770833333334
HHN-MAN-01,2025-04-18,Orthopaedics Ward B,21.666666666666668,31.875,0.680316091954023
HHN-MAN-01,2025-04-19,Orthopaedics Ward B,14.375,31.916666666666668,0.45078124999999997
HHN-MAN-01,2025-04-20,Orthopaedics Ward B,8.458333333333334,31.708333333333332,0.266940891113583
HHN-MAN-01,2025-04-21,Orthopaedics Ward B,10.625,32.0,0.33203125
HHN-MAN-01,2025-04-22,Orthopaedics Ward B,11.833333333333334,32.0,0.3697916666666667
HHN-MAN-01,2025-04-23,Orthopaedics Ward B,17.916666666666668,31.875,0.5621857040229885
HHN-MAN-01,2025-04-24,Orthopaedics Ward B,24.166666666666668,31.875,0.7588451867816092
HHN-MAN-01,2025-04-25,Orthopaedics Ward B,30.833333333333332,31.916666666666668,0.9661458333333334
HHN-MAN-01,2025-04-26,Orthopaedics Ward B,30.916666666666668,31.791666666666668,0.97265625
HHN-MAN-01,2025-04-27,Orthopaedics Ward B,27.25,31.708333333333332,0.8602729885057472
HHN-MAN-01,2025-04-28,Orthopaedics Ward B,26.166666666666668,31.791666666666668,0.8236787154377879
HHN-MAN-01,2025-04-29,Orthopaedics Ward B,24.125,31.75,0.760639880952381
HHN-MAN-01,2025-04-30,Orthopaedics Ward B,27.5,32.0,0.859375
HHN-MAN-01,2025-05-01,Orthopaedics Ward B,26.958333333333332,32.0,0.8424479166666666
HHN-MAN-01,2025-05-02,Orthopaedics Ward B,24.416666666666668,31.833333333333332,0.7676711309523809
HHN-MAN-01,2025-05-03,Orthopaedics Ward B,20.625,31.666666666666668,0.65266425327083
HHN-MAN-01,2025-05-04,Orthopaedics Ward B,17.541666666666668,32.0,0.5481770833333334
HHN-MAN-01,2025-05-05,Orthopaedics Ward B,14.166666666666666,31.875,0.4447692652329749
HHN-MAN-01,2025-05-06,Orthopaedics Ward B,10.833333333333334,31.708333333333332,0.3420694786535304
HHN-MAN-01,2025-05-07,Orthopaedics Ward B,11.375,31.833333333333332,0.3571850667408231
HHN-MAN-01,2025-05-08,Orthopaedics Ward B,15.458333333333334,31.958333333333332,0.4837029569892473
HHN-MAN-01,2025-05-09,Orthopaedics Ward B,17.291666666666668,31.833333333333332,0.5437127976190476
HHN-MAN-01,2025-05-10,Orthopaedics Ward B,15.708333333333334,31.833333333333332,0.49357358870967744
HHN-MAN-01,2025-05-11,Orthopaedics Ward B,13.375,31.916666666666668,0.41901041666666666
HHN-MAN-01,2025-05-12,Orthopaedics Ward B,18.166666666666668,32.0,0.5677083333333334
HHN-MAN-01,2025-05-13,Orthopaedics Ward B,21.041666666666668,31.833333333333332,0.6609002976190476
HHN-MAN-01,2025-05-14,Orthopaedics Ward B,21.5,31.541666666666668,0.6826508620689654
HHN-MAN-01,2025-05-15,Orthopaedics Ward B,22.166666666666668,31.916666666666668,0.6945312499999999
HHN-MAN-01,2025-05-16,Orthopaedics Ward B,21.375,31.958333333333332,0.6688088037634409
HHN-MAN-01,2025-05-17,Orthopaedics Ward B,18.833333333333332,32.0,0.5885416666666666
HHN-MAN-01,2025-05-18,Orthopaedics Ward B,16.875,31.875,0.5294914874551971
HHN-MAN-01,2025-05-19,Orthopaedics Ward B,16.458333333333332,32.0,0.5143229166666666
HHN-MAN-01,2025-05-20,Orthopaedics Ward B,17.25,31.875,0.5413390456989248
HHN-MAN-01,2025-05-21,Orthopaedics Ward B,19.625,31.708333333333332,0.6193234298029556
HHN-MAN-01,2025-05-22,Orthopaedics Ward B,22.125,32.0,0.69140625
HHN-MAN-01,2025-05-23,Orthopaedics Ward B,24.625,31.916666666666668,0.7717881944444445
HHN-MAN-01,2025-05-24,Orthopaedics Ward B,23.583333333333332,32.0,0.7369791666666666
HHN-MAN-01,2025-05-25,Orthopaedics Ward B,24.541666666666668,32.0,0.7669270833333334
HHN-MAN-01,2025-05-26,Orthopaedics Ward B,24.375,31.958333333333332,0.762768817204301
HHN-MAN-01,2025-05-27,Orthopaedics Ward B,22.875,31.916666666666668,0.7167534722222223
HHN-MAN-01,2025-05-28,Orthopaedics Ward B,20.833333333333332,31.916666666666668,0.6529513888888888
HHN-MAN-01,2025-05-29,Orthopaedics Ward B,24.958333333333332,32.0,0.7799479166666666
HHN-MAN-01,2025-05-30,Orthopaedics Ward B,26.5,31.791666666666668,0.8338840996168582
HHN-MAN-01,2025-05-31,Orthopaedics Ward B,23.166666666666668,31.75,0.7304238505747126
HHN-MAN-01,2025-06-01,Orthopaedics Ward B,19.041666666666668,31.75,0.600440014367816
HHN-MAN-01,2025-06-02,Orthopaedics Ward B,21.75,32.0,0.6796875
HHN-MAN-01,2025-06-03,Orthopaedics Ward B,25.541666666666668,31.625,0.8087137576804916
HHN-MAN-01,2025-06-04,Orthopaedics Ward B,25.833333333333332,31.958333333333332,0.8084257392473119
HHN-MAN-01,2025-06-05,Orthopaedics Ward B,28.291666666666668,31.75,0.8916576867816092
HHN-MAN-01,2025-06-06,Orthopaedics Ward B,27.083333333333332,31.875,0.8498347894265232
HHN-MAN-01,2025-06-07,Orthopaedics Ward B,24.708333333333332,31.583333333333332,0.7836061507936508
HHN-MAN-01,2025-06-08,Orthopaedics Ward B,23.208333333333332,31.791666666666668,0.7307112068965518
HHN-MAN-01,2025-06-09,Orthopaedics Ward B,26.208333333333332,31.791666666666668,0.8243564415708812
HHN-MAN-01,2025-06-10,Orthopaedics Ward B,28.208333333333332,31.708333333333332,0.8904121863799284
HHN-MAN-01,2025-06-11,Orthopaedics Ward B,27.041666666666668,32.0,0.8450520833333334
HHN-MAN-01,2025-06-12,Orthopaedics Ward B,25.458333333333332,31.833333333333332,0.8003945355951058
HHN-MAN-01,2025-06-13,Orthopaedics Ward B,20.916666666666668,31.75,0.6594866071428571
HHN-MAN-01,2025-06-14,Orthopaedics Ward B,15.625,31.708333333333332,0.493546386968766
HHN-MAN-01,2025-06-15,Orthopaedics Ward B,16.208333333333332,31.875,0.5086581541218638
HHN-MAN-01,2025-06-16,Orthopaedics Ward B,16.416666666666668,31.875,0.5149066091954023
HHN-MAN-01,2025-06-17,Orthopaedics Ward B,16.041666666666668,31.75,0.505521277499691
HHN-MAN-01,2025-06-18,Orthopaedics Ward B,18.5,31.916666666666668,0.5795950940860215
HHN-MAN-01,2025-06-19,Orthopaedics Ward B,20.291666666666668,32.0,0.6341145833333334
HHN-MAN-01,2025-06-20,Orthopaedics Ward B,20.708333333333332,32.0,0.6471354166666666
HHN-MAN-01,2025-06-21,Orthopaedics Ward B,18.416666666666668,31.833333333333332,0.5787662410394265
HHN-MAN-01,2025-06-22,Orthopaedics Ward B,12.375,31.958333333333332,0.38709677419354843
HHN-MAN-01,2025-06-23,Orthopaedics Ward B,11.166666666666666,31.708333333333332,0.3520803400383142
HHN-MAN-01,2025-06-24,Orthopaedics Ward B,11.791666666666666,31.958333333333332,0.3689936155913978
HHN-MAN-01,2025-06-25,Orthopaedics Ward B,14.291666666666666,31.833333333333332,0.4485243055555555
HHN-MAN-01,2025-06-26,Orthopaedics Ward B,16.166666666666668,31.833333333333332,0.5081845238095238
HHN-MAN-01,2025-06-27,Orthopaedics Ward B,16.0,32.0,0.5
HHN-MAN-01,2025-06-28,Orthopaedics Ward B,14.083333333333334,31.708333333333332,0.44483886968766
HHN-MAN-01,2025-06-29,Orthopaedics Ward B,13.541666666666666,31.833333333333332,0.4252974949017427
HHN-MAN-01,2025-06-30,Orthopaedics Ward B,16.541666666666668,31.833333333333332,0.5197542987578792
HHN-MAN-01,2025-07-01,Orthopaedics Ward B,19.333333333333332,31.75,0.6090525793650794
HHN-MAN-01,2025-07-02,Orthopaedics Ward B,26.458333333333332,31.875,0.8307291666666666
HHN-MAN-01,2025-07-03,Orthopaedics Ward B,30.75,31.666666666666668,0.9707375478927203
HHN-MAN-01,2025-07-04,Orthopaedics Ward B,31.125,31.875,0.9765625
HHN-MAN-01,2025-07-05,Orthopaedics Ward B,29.5,31.416666666666668,0.9399305555555556
HHN-MAN-01,2025-07-06,Orthopaedics Ward B,24.708333333333332,31.791666666666668,0.7776077668970814
HHN-MAN-01,2025-07-07,Orthopaedics Ward B,22.666666666666668,31.666666666666668,0.7167038690476191
HHN-MAN-01,2025-07-08,Orthopaedics Ward B,23.708333333333332,32.0,0.7408854166666666
HHN-MAN-01,2025-07-09,Orthopaedics Ward B,25.791666666666668,32.0,0.8059895833333334
HHN-MAN-01,2025-07-10,Orthopaedics Ward B,29.041666666666668,32.0,0.9075520833333334
HHN-MAN-01,2025-07-11,Orthopaedics Ward B,27.958333333333332,32.0,0.8736979166666666
HHN-MAN-01,2025-07-12,Orthopaedics Ward B,28.75,31.791666666666668,0.9048611111111112
HHN-MAN-01,2025-07-13,Orthopaedics Ward B,22.666666666666668,31.541666666666668,0.7196997159542349
HHN-MAN-01,2025-07-14,Orthopaedics Ward B,16.291666666666668,31.958333333333332,0.5099126344086021
HHN-MAN-01,2025-07-15,Orthopaedics Ward B,12.666666666666666,32.0,0.3958333333333333
HHN-MAN-01,2025-07-16,Orthopaedics Ward B,14.833333333333334,31.833333333333332,0.4663318452380953
HHN-MAN-01,2025-07-17,Orthopaedics Ward B,18.583333333333332,32.0,0.5807291666666666
HHN-MAN-01,2025-07-18,Orthopaedics Ward B,22.208333333333332,31.875,0.6966677867383512
HHN-MAN-01,2025-07-19,Orthopaedics Ward B,18.708333333333332,31.833333333333332,0.5879087296069707
HHN-MAN-01,2025-07-20,Orthopaedics Ward B,18.083333333333332,31.333333333333332,0.5784461377941982
HHN-MAN-01,2025-07-21,Orthopaedics Ward B,17.458333333333332,32.0,0.5455729166666666
HHN-MAN-01,2025-07-22,Orthopaedics Ward B,14.875,31.958333333333332,0.4654737903225807
HHN-MAN-01,2025-07-23,Orthopaedics Ward B,15.833333333333334,31.833333333333332,0.49756944444444445
HHN-MAN-01,2025-07-24,Orthopaedics Ward B,19.0,31.791666666666668,0.5977522561443932
HHN-MAN-01,2025-07-25,Orthopaedics Ward B,19.416666666666668,31.875,0.6091954022988506
HHN-MAN-01,2025-07-26,Orthopaedics Ward B,15.25,31.666666666666668,0.483118023001748
HHN-MAN-01,2025-07-27,Orthopaedics Ward B,9.708333333333334,31.708333333333332,0.30614600713756024
HHN-MAN-01,2025-07-28,Orthopaedics Ward B,14.666666666666666,32.0,0.4583333333333333
HHN-MAN-01,2025-07-29,Orthopaedics Ward B,18.208333333333332,32.0,0.5690104166666666
HHN-MAN-01,2025-07-30,Orthopaedics Ward B,21.333333333333332,32.0,0.6666666666666666
HHN-MAN-01,2025-07-31,Orthopaedics Ward B,22.083333333333332,32.0,0.6901041666666666
HHN-MAN-01,2025-08-01,Orthopaedics Ward B,22.166666666666668,31.875,0.6956716954022988
HHN-MAN-01,2025-08-02,Orthopaedics Ward B,20.083333333333332,31.833333333333332,0.6311383928571429
HHN-MAN-01,2025-08-03,Orthopaedics Ward B,19.291666666666668,31.916666666666668,0.6044270833333333
HHN-MAN-01,2025-08-04,Orthopaedics Ward B,16.75,32.0,0.5234375
HHN-MAN-01,2025-08-05,Orthopaedics Ward B,15.958333333333334,31.916666666666668,0.5000868055555555
HHN-MAN-01,2025-08-06,Orthopaedics Ward B,14.333333333333334,31.875,0.4496677442528736
HHN-MAN-01,2025-08-07,Orthopaedics Ward B,14.125,32.0,0.44140625
HHN-MAN-01,2025-08-08,Orthopaedics Ward B,14.541666666666666,31.875,0.4561781609195403
HHN-MAN-01,2025-08-09,Orthopaedics Ward B,15.083333333333334,31.166666666666668,0.4853514073176545
HHN-MAN-01,2025-08-10,Orthopaedics Ward B,16.291666666666668,31.708333333333332,0.5142736721357063
HHN-MAN-01,2025-08-11,Orthopaedics Ward B,17.583333333333332,32.0,0.5494791666666666
HHN-MAN-01,2025-08-12,Orthopaedics Ward B,18.916666666666668,31.875,0.5933010057471264
HHN-MAN-01,2025-08-13,Orthopaedics Ward B,14.25,32.0,0.4453125
HHN-MAN-01,2025-08-14,Orthopaedics Ward B,13.541666666666666,32.0,0.4231770833333333
HHN-MAN-01,2025-08-15,Orthopaedics Ward B,10.958333333333334,31.916666666666668,0.3432291666666667
HHN-MAN-01,2025-08-16,Orthopaedics Ward B,8.041666666666666,31.625,0.25456220922276956
HHN-MAN-01,2025-08-17,Orthopaedics Ward B,8.708333333333334,31.833333333333332,0.2736235119047619
HHN-MAN-01,2025-08-18,Orthopaedics Ward B,11.0,31.916666666666668,0.34479166666666666
HHN-MAN-01,2025-08-19,Orthopaedics Ward B,14.75,31.75,0.46493210048201705
HHN-MAN-01,2025-08-20,Orthopaedics Ward B,14.833333333333334,31.75,0.4674479166666667
HHN-MAN-01,2025-08-21,Orthopaedics Ward B,14.708333333333334,31.75,0.4637276785714286
HHN-MAN-01,2025-08-22,Orthopaedics Ward B,13.541666666666666,31.958333333333332,0.42372311827956993
HHN-MAN-01,2025-08-23,Orthopaedics Ward B,12.291666666666666,31.5,0.3906441184649611
HHN-MAN-01,2025-08-24,Orthopaedics Ward B,11.791666666666666,31.791666666666668,0.37114762931034484
HHN-MAN-01,2025-08-25,Orthopaedics Ward B,10.25,32.0,0.3203125
HHN-MAN-01,2025-08-26,Orthopaedics Ward B,11.541666666666666,31.833333333333332,0.3629092261904762
HHN-MAN-01,2025-08-27,Orthopaedics Ward B,16.166666666666668,31.833333333333332,0.5074404761904762
HHN-MAN-01,2025-08-28,Orthopaedics Ward B,19.083333333333332,31.916666666666668,0.5980034722222222
HHN-MAN-01,2025-08-29,Orthopaedics Ward B,14.208333333333334,31.958333333333332,0.44455645161290325
HHN-MAN-01,2025-08-30,Orthopaedics Ward B,12.041666666666666,31.75,0.38003472222222223
HHN-MAN-01,2025-08-31,Orthopaedics Ward B,7.541666666666667,31.958333333333332,0.23601310483870966
HHN-MAN-01,2025-09-01,Orthopaedics Ward B,10.375,32.0,0.32421875
HHN-MAN-01,2025-09-02,Orthopaedics Ward B,12.416666666666666,31.833333333333332,0.3899138510381906
HHN-MAN-01,2025-09-03,Orthopaedics Ward B,14.0,32.0,0.4375
HHN-MAN-01,2025-09-04,Orthopaedics Ward B,14.916666666666666,32.0,0.4661458333333333
HHN-MAN-01,2025-09-05,Orthopaedics Ward B,12.833333333333334,32.0,0.4010416666666667
HHN-MAN-01,2025-09-06,Orthopaedics Ward B,11.708333333333334,31.583333333333332,0.3714781746031746
HHN-MAN-01,2025-09-07,Orthopaedics Ward B,9.25,31.875,0.2903645833333333
HHN-MAN-01,2025-09-08,Orthopaedics Ward B,10.375,31.875,0.3255657327586207
HHN-MAN-01,2025-09-09,Orthopaedics Ward B,18.5,31.833333333333332,0.5825892857142857
HHN-MAN-01,2025-09-10,Orthopaedics Ward B,27.458333333333332,31.916666666666668,0.8604166666666666
HHN-MAN-01,2025-09-11,Orthopaedics Ward B,31.708333333333332,31.916666666666668,0.9934895833333334
HHN-MAN-01,2025-09-12,Orthopaedics Ward B,32.0,32.0,1.0
HHN-MAN-01,2025-09-13,Orthopaedics Ward B,32.0,32.0,1.0
HHN-MAN-01,2025-09-14,Orthopaedics Ward B,30.708333333333332,31.833333333333332,0.96484375
HHN-MAN-01,2025-09-15,Orthopaedics Ward B,27.375,31.958333333333332,0.8566028225806451
HHN-MAN-01,2025-09-16,Orthopaedics Ward B,26.875,31.791666666666668,0.8455441148233488
HHN-MAN-01,2025-09-17,Orthopaedics Ward B,26.833333333333332,32.0,0.8385416666666666
HHN-MAN-01,2025-09-18,Orthopaedics Ward B,24.25,32.0,0.7578125
HHN-MAN-01,2025-09-19,Orthopaedics Ward B,21.166666666666668,31.958333333333332,0.6623403897849462
HHN-MAN-01,2025-09-20,Orthopaedics Ward B,19.625,31.916666666666668,0.6151909722222222
HHN-MAN-01,2025-09-21,Orthopaedics Ward B,18.333333333333332,31.708333333333332,0.5782537116858237
HHN-MAN-01,2025-09-22,Orthopaedics Ward B,17.625,31.916666666666668,0.55234375
HHN-MAN-01,2025-09-23,Orthopaedics Ward B,18.166666666666668,31.958333333333332,0.5685063844086021
HHN-MAN-01,2025-09-24,Orthopaedics Ward B,16.958333333333332,32.0,0.5299479166666666
HHN-MAN-01,2025-09-25,Orthopaedics Ward B,16.708333333333332,32.0,0.5221354166666666
HHN-MAN-01,2025-09-26,Orthopaedics Ward B,19.916666666666668,31.875,0.6248204022988506
HHN-MAN-01,2025-09-27,Orthopaedics Ward B,23.583333333333332,31.916666666666668,0.7389952956989246
HHN-MAN-01,2025-09-28,Orthopaedics Ward B,24.458333333333332,31.916666666666668,0.7665798611111111
HHN-MAN-01,2025-09-29,Orthopaedics Ward B,25.458333333333332,32.0,0.7955729166666666
HHN-MAN-01,2025-09-30,Orthopaedics Ward B,24.083333333333332,31.833333333333332,0.7570684523809524
HHN-MAN-01,2025-10-01,Orthopaedics Ward B,25.916666666666668,32.0,0.8098958333333334
HHN-MAN-01,2025-10-02,Orthopaedics Ward B,21.666666666666668,31.708333333333332,0.684222341954023
HHN-MAN-01,2025-10-03,Orthopaedics Ward B,21.708333333333332,31.791666666666668,0.6826156874039939
HHN-MAN-01,2025-10-04,Orthopaedics Ward B,25.083333333333332,31.416666666666668,0.7996202791461412
HHN-MAN-01,2025-10-05,Orthopaedics Ward B,21.125,31.875,0.6629032258064517
HHN-MAN-01,2025-10-06,Orthopaedics Ward B,22.0,31.833333333333332,0.6914801167964405
HHN-MAN-01,2025-10-07,Orthopaedics Ward B,23.875,31.875,0.7491918103448275
HHN-MAN-01,2025-10-08,Orthopaedics Ward B,27.333333333333332,31.916666666666668,0.8563368055555555
HHN-MAN-01,2025-10-09,Orthopaedics Ward B,25.541666666666668,32.0,0.7981770833333334
HHN-MAN-01,2025-10-10,Orthopaedics Ward B,28.125,32.0,0.87890625
HHN-MAN-01,2025-10-11,Orthopaedics Ward B,28.458333333333332,31.833333333333332,0.89453125
HHN-MAN-01,2025-10-12,Orthopaedics Ward B,23.75,31.833333333333332,0.7465210187245087
HHN-MAN-01,2025-10-13,Orthopaedics Ward B,20.625,31.833333333333332,0.6479026657706093
HHN-MAN-01,2025-10-14,Orthopaedics Ward B,23.875,32.0,0.74609375
HHN-MAN-01,2025-10-15,Orthopaedics Ward B,30.0,31.958333333333332,0.9387600806451614
HHN-MAN-01,2025-10-16,Orthopaedics Ward B,31.0,32.0,0.96875
HHN-MAN-01,2025-10-17,Orthopaedics Ward B,30.625,31.916666666666668,0.9596354166666666
HHN-MAN-01,2025-10-18,Orthopaedics Ward B,23.458333333333332,31.833333333333332,0.7367931547619048
HHN-MAN-01,2025-10-19,Orthopaedics Ward B,15.875,31.708333333333332,0.5010254449388208
HHN-MAN-01,2025-10-20,Orthopaedics Ward B,15.291666666666666,31.875,0.4800197557471264
HHN-MAN-01,2025-10-21,Orthopaedics Ward B,17.333333333333332,31.833333333333332,0.5452008928571429
HHN-MAN-01,2025-10-22,Orthopaedics Ward B,16.375,31.875,0.5137768817204301
HHN-MAN-01,2025-10-23,Orthopaedics Ward B,15.625,31.833333333333332,0.4908854166666667
HHN-MAN-01,2025-10-24,Orthopaedics Ward B,18.208333333333332,31.916666666666668,0.5705729166666667
HHN-MAN-01,2025-10-25,Orthopaedics Ward B,15.666666666666666,31.75,0.49423363095238093
HHN-MAN-01,2025-10-26,Orthopaedics Ward B,11.166666666666666,31.958333333333332,0.34937836021505375
HHN-MAN-01,2025-10-27,Orthopaedics Ward B,11.125,32.0,0.34765625
HHN-MAN-01,2025-10-28,Orthopaedics Ward B,17.375,31.833333333333332,0.5453869047619048
HHN-MAN-01,2025-10-29,Orthopaedics Ward B,26.041666666666668,31.708333333333332,0.8205369971264368
HHN-MAN-01,2025-10-30,Orthopaedics Ward B,26.625,31.916666666666668,0.8342881944444445
HHN-MAN-01,2025-10-31,Orthopaedics Ward B,25.666666666666668,31.833333333333332,0.8065476190476191
HHN-MAN-01,2025-11-01,Orthopaedics Ward B,19.333333333333332,31.666666666666668,0.6119882706976005
HHN-MAN-01,2025-11-02,Orthopaedics Ward B,17.708333333333332,31.75,0.5579861111111111
HHN-MAN-01,2025-11-03,Orthopaedics Ward B,18.958333333333332,31.833333333333332,0.5956285340192807
HHN-MAN-01,2025-11-04,Orthopaedics Ward B,22.375,31.75,0.7053819444444445
HHN-MAN-01,2025-11-05,Orthopaedics Ward B,27.541666666666668,31.708333333333332,0.8691502463054187
HHN-MAN-01,2025-11-06,Orthopaedics Ward B,30.083333333333332,32.0,0.9401041666666666
HHN-MAN-01,2025-11-07,Orthopaedics Ward B,30.916666666666668,31.916666666666668,0.96875
HHN-MAN-01,2025-11-08,Orthopaedics Ward B,30.75,31.916666666666668,0.9635416666666666
HHN-MAN-01,2025-11-09,Orthopaedics Ward B,30.208333333333332,31.958333333333332,0.945270497311828
HHN-MAN-01,2025-11-10,Orthopaedics Ward B,21.708333333333332,32.0,0.6783854166666666
HHN-MAN-01,2025-11-11,Orthopaedics Ward B,21.166666666666668,31.708333333333332,0.6684818862889984
HHN-MAN-01,2025-11-12,Orthopaedics Ward B,22.75,31.791666666666668,0.7160378264208909
HHN-MAN-01,2025-11-13,Orthopaedics Ward B,18.666666666666668,32.0,0.5833333333333334
HHN-MAN-01,2025-11-14,Orthopaedics Ward B,17.458333333333332,31.833333333333332,0.5489211309523809
HHN-MAN-01,2025-11-15,Orthopaedics Ward B,14.833333333333334,31.875,0.4658315373563218
HHN-MAN-01,2025-11-16,Orthopaedics Ward B,13.041666666666666,31.333333333333332,0.41678511562671045
HHN-MAN-01,2025-11-17,Orthopaedics Ward B,20.041666666666668,31.916666666666668,0.6280381944444444
HHN-MAN-01,2025-11-18,Orthopaedics Ward B,22.583333333333332,32.0,0.7057291666666666
HHN-MAN-01,2025-11-19,Orthopaedics Ward B,23.75,31.666666666666668,0.7507440476190476
HHN-MAN-01,2025-11-20,Orthopaedics Ward B,25.666666666666668,32.0,0.8020833333333334
HHN-MAN-01,2025-11-21,Orthopaedics Ward B,25.708333333333332,32.0,0.8033854166666666
HHN-MAN-01,2025-11-22,Orthopaedics Ward B,23.5,31.791666666666668,0.7398257902298851
HHN-MAN-01,2025-11-23,Orthopaedics Ward B,23.291666666666668,31.875,0.7309626436781609
HHN-MAN-01,2025-11-24,Orthopaedics Ward B,19.541666666666668,31.75,0.6158606150793651
HHN-MAN-01,2025-11-25,Orthopaedics Ward B,18.083333333333332,31.916666666666668,0.5667534722222222
HHN-MAN-01,2025-11-26,Orthopaedics Ward B,18.875,31.875,0.5922683189655172
HHN-MAN-01,2025-11-27,Orthopaedics Ward B,20.125,31.958333333333332,0.6297043010752689
HHN-MAN-01,2025-11-28,Orthopaedics Ward B,21.416666666666668,31.666666666666668,0.6767437943614598
HHN-MAN-01,2025-11-29,Orthopaedics Ward B,22.791666666666668,31.958333333333332,0.7132896505376344
HHN-MAN-01,2025-11-30,Orthopaedics Ward B,23.375,31.708333333333332,0.7382171079638752
HHN-MAN-01,2025-12-01,Orthopaedics Ward B,24.041666666666668,31.625,0.7610379891899289
HHN-MAN-01,2025-12-02,Orthopaedics Ward B,21.625,31.583333333333332,0.6853651461279728
HHN-MAN-01,2025-12-03,Orthopaedics Ward B,26.166666666666668,31.708333333333332,0.8266969086021505
HHN-MAN-01,2025-12-04,Orthopaedics Ward B,30.041666666666668,32.0,0.9388020833333334
HHN-MAN-01,2025-12-05,Orthopaedics Ward B,29.666666666666668,31.833333333333332,0.9322916666666666
HHN-MAN-01,2025-12-06,Orthopaedics Ward B,24.708333333333332,31.416666666666668,0.7878574849480021
HHN-MAN-01,2025-12-07,Orthopaedics Ward B,21.375,31.916666666666668,0.6699652777777777
HHN-MAN-01,2025-12-08,Orthopaedics Ward B,21.625,31.833333333333332,0.6800595238095238
HHN-MAN-01,2025-12-09,Orthopaedics Ward B,23.833333333333332,31.708333333333332,0.75209530651341
HHN-MAN-01,2025-12-10,Orthopaedics Ward B,24.25,31.666666666666668,0.7664960488505748
HHN-MAN-01,2025-12-11,Orthopaedics Ward B,27.75,31.666666666666668,0.876984126984127
HHN-MAN-01,2025-12-12,Orthopaedics Ward B,30.0,31.541666666666668,0.9517809139784946
HHN-MAN-01,2025-12-13,Orthopaedics Ward B,30.666666666666668,31.333333333333332,0.9791666666666666
HHN-MAN-01,2025-12-14,Orthopaedics Ward B,28.625,31.708333333333332,0.9027203258249908
HHN-MAN-01,2025-12-15,Orthopaedics Ward B,24.0,31.791666666666668,0.7550466954022989
HHN-MAN-01,2025-12-16,Orthopaedics Ward B,23.625,32.0,0.73828125
HHN-MAN-01,2025-12-17,Orthopaedics Ward B,26.708333333333332,31.875,0.8382000448028674
HHN-MAN-01,2025-12-18,Orthopaedics Ward B,24.666666666666668,31.875,0.774066091954023
HHN-MAN-01,2025-12-19,Orthopaedics Ward B,20.416666666666668,31.708333333333332,0.6450764573070608
HHN-MAN-01,2025-12-20,Orthopaedics Ward B,22.708333333333332,31.5,0.7218559229169977
HHN-MAN-01,2025-12-21,Orthopaedics Ward B,21.75,31.375,0.6944448720580186
HHN-MAN-01,2025-12-22,Orthopaedics Ward B,20.541666666666668,31.958333333333332,0.6428091397849462
HHN-MAN-01,2025-12-23,Orthopaedics Ward B,19.666666666666668,31.708333333333332,0.6206768267651889
HHN-MAN-01,2025-12-24,Orthopaedics Ward B,21.0,31.75,0.6615203373015873
HHN-MAN-01,2025-12-25,Orthopaedics Ward B,21.875,31.625,0.6927327073070608
HHN-MAN-01,2025-12-26,Orthopaedics Ward B,21.166666666666668,31.583333333333332,0.671453373015873
HHN-MAN-01,2025-12-27,Orthopaedics Ward B,18.541666666666668,31.916666666666668,0.5810763888888889
HHN-MAN-01,2025-12-28,Orthopaedics Ward B,16.083333333333332,31.75,0.506969246031746
HHN-MAN-01,2025-12-29,Orthopaedics Ward B,17.833333333333332,31.833333333333332,0.5608258928571429
HHN-MAN-01,2025-12-30,Orthopaedics Ward B,22.625,31.791666666666668,0.7121915802611367
HHN-MAN-01,2025-12-31,Orthopaedics Ward B,20.875,31.916666666666668,0.6541666666666667
