hospital_id,date,total_admissions,total_discharges,total_beds,occupied_beds,staffed_beds,closed_beds,occupancy_rate,completed_surgeries,expected_los,cancelled_surgeries,arrivals,avg_time_to_admission,bed_requests,planned_staff,actual_staff,safe_ratio,hospital_name,city,tier,specialty_emphasis,total_bed_capacity,year,month,quarter,day,day_of_week,week,is_weekend,occupancy_percent,staff_utilisation,admission_discharge_difference,bed_utilisation
HHN-BIR-01,2024-01-01,20,0,42.0,1.0833333333333333,15.630208333333334,0.0,0.070893592349385,0,0.0,0,80,30.55,22,64.0,61.0,0.9375,Horizon Birmingham,Birmingham,Medium,Cardiology,126,2024,1,1,1,0,1,0,0.025793650793650792,0.953125,20,0.06931022992335888
HHN-BIR-01,2024-01-02,35,5,42.0,3.921875,15.578125,0.0,0.2693097876691626,3,1.9666666666666668,0,83,43.83132530120482,31,64.0,58.0,0.875,Horizon Birmingham,Birmingham,Medium,Cardiology,126,2024,1,1,2,1,1,0,0.09337797619047619,0.90625,30,0.25175526579739216
HHN-BIR-01,2024-01-03,29,17,42.0,6.864583333333333,15.671875,0.0,0.44316829004329,1,1.4,1,72,49.94444444444444,28,64.0,62.0,0.9375,Horizon Birmingham,Birmingham,Medium,Cardiology,126,2024,1,1,3,2,1,0,0.16344246031746032,0.96875,12,0.43801927550681286
HHN-BIR-01,2024-01-04,35,14,42.0,8.807291666666666,15.578125,0.0,0.5769527208405885,8,2.975,1,95,58.43157894736842,29,64.0,63.0,0.96875,Horizon Birmingham,Birmingham,Medium,Cardiology,126,2024,1,1,4,3,1,0,0.2096974206349206,0.984375,21,0.565362754931461
HHN-BIR-01,2024-01-05,41,29,42.0,10.3125,15.661458333333334,0.0,0.6848491479925304,13,2.338461538461538,1,80,56.0,26,64.0,62.0,0.9375,Horizon Birmingham,Birmingham,Medium,Cardiology,126,2024,1,1,5,4,1,0,0.24553571428571427,0.96875,12,0.6584635849684071
HHN-BIR-01,2024-01-06,35,15,42.0,10.911458333333334,15.526041666666666,0.0,0.6999473270643212,0,0.0,0,98,72.89795918367346,39,64.0,62.0,0.9375,Horizon Birmingham,Birmingham,Medium,Cardiology,126,2024,1,1,6,5,1,1,0.259796626984127,0.96875,20,0.7027843005702785
HHN-BIR-01,2024-01-07,20,29,42.0,11.520833333333334,15.546875,0.0,0.7600867850795289,0,0.0,0,69,38.60869565217392,18,64.0,62.0,0.96875,Horizon Birmingham,Birmingham,Medium,Cardiology,126,2024,1,1,7,6,1,1,0.2743055555555556,0.96875,-9,0.7410385259631491
HHN-BIR-01,2024-01-08,46,26,42.0,12.088541666666666,15.59375,0.0,0.7871638481219073,12,2.566666666666667,1,119,45.294117647058826,36,64.0,64.0,1.0,Horizon Birmingham,Birmingham,Medium,Cardiology,126,2024,1,1,8,0,2,0,0.28782242063492064,1.0,20,0.7752171008684035
HHN-BIR-01,2024-01-09,27,29,42.0,13.026041666666666,15.645833333333334,0.0,0.8110099493371553,6,3.9333333333333336,1,80,40.1875,21,64.0,64.0,1.0,Horizon Birmingham,Birmingham,Medium,Cardiology,126,2024,1,1,9,1,2,0,0.3101438492063492,1.0,-2,0.8325565912117177
HHN-BIR-01,2024-01-10,34,40,42.0,12.916666666666666,15.536458333333334,0.0,0.8203985292660531,11,2.4454545454545453,1,92,37.641304347826086,22,64.0,64.0,1.0,Horizon Birmingham,Birmingham,Medium,Cardiology,126,2024,1,1,10,2,2,0,0.3075396825396825,1.0,-6,0.8313778075762654
HHN-BIR-01,2024-01-11,25,30,42.0,12.630208333333334,15.619791666666666,0.0,0.7901396703993772,4,2.675,1,82,45.46341463414634,23,64.0,63.0,0.96875,Horizon Birmingham,Birmingham,Medium,Cardiology,126,2024,1,1,11,3,2,0,0.30071924603174605,0.984375,-5,0.808602867622541
HHN-BIR-01,2024-01-12,40,46,42.0,12.020833333333334,15.614583333333334,0.0,0.789325912278914,6,2.6333333333333333,3,114,43.175438596491226,33,64.0,62.0,0.96875,Horizon Birmingham,Birmingham,Medium,Cardiology,126,2024,1,1,12,4,2,0,0.2862103174603175,0.96875,-6,0.7698465643762509
HHN-BIR-01,2024-01-13,18,32,42.0,11.359375,15.567708333333334,0.0,0.7711092229359693,0,0.0,0,72,41.11111111111112,18,64.0,58.0,0.84375,Horizon Birmingham,Birmingham,Medium,Cardiology,126,2024,1,1,13,5,2,1,0.27046130952380953,0.90625,-14,0.7296754767480762
HHN-BIR-01,2024-01-14,43,27,42.0,10.942708333333334,15.541666666666666,0.0,0.7592139211164947,0,0.0,0,111,77.01801801801801,45,64.0,60.0,0.875,Horizon Birmingham,Birmingham,Medium,Cardiology,126,2024,1,1,14,6,2,1,0.2605406746031746,0.9375,16,0.704088471849866
HHN-BIR-01,2024-01-15,39,25,42.0,12.197916666666666,15.661458333333334,0.0,0.8138952295661855,14,3.2,2,88,45.48863636363637,25,64.0,59.0,0.875,Horizon Birmingham,Birmingham,Medium,Cardiology,126,2024,1,1,15,0,3,0,0.29042658730158727,0.921875,14,0.778849351513136
HHN-BIR-01,2024-01-16,37,32,42.0,12.744791666666666,15.635416666666666,0.0,0.8076524188172796,8,2.7375,1,97,50.95876288659794,30,64.0,62.0,0.9375,Horizon Birmingham,Birmingham,Medium,Cardiology,126,2024,1,1,16,1,3,0,0.30344742063492064,0.96875,5,0.8151232511658894
HHN-BIR-01,2024-01-17,46,44,42.0,13.276041666666666,15.598958333333334,0.0,0.8480463281522685,10,2.95,1,128,42.21875,35,64.0,64.0,1.0,Horizon Birmingham,Birmingham,Medium,Cardiology,126,2024,1,1,17,2,3,0,0.3160962301587301,1.0,2,0.8510851419031719
HHN-BIR-01,2024-01-18,47,31,42.0,13.1875,15.645833333333334,0.0,0.8453621031746031,5,2.4,0,121,57.68595041322314,42,64.0,63.0,0.96875,Horizon Birmingham,Birmingham,Medium,Cardiology,126,2024,1,1,18,3,3,0,0.31398809523809523,0.984375,16,0.8428761651131824
HHN-BIR-01,2024-01-19,35,40,42.0,13.755208333333334,15.604166666666666,0.0,0.8645114035739035,11,2.854545454545455,1,72,61.22222222222222,25,64.0,61.0,0.9375,Horizon Birmingham,Birmingham,Medium,Cardiology,126,2024,1,1,19,4,3,0,0.32750496031746035,0.953125,-5,0.8815086782376502
HHN-BIR-01,2024-01-20,25,43,42.0,13.197916666666666,15.59375,0.0,0.8393119464637052,0,0.0,0,101,54.148514851485146,27,64.0,61.0,0.90625,Horizon Birmingham,Birmingham,Medium,Cardiology,126,2024,1,1,20,5,3,1,0.3142361111111111,0.953125,-18,0.8463593854375417
HHN-BIR-01,2024-01-21,51,30,42.0,12.510416666666666,15.546875,0.0,0.8150365831075245,0,0.0,0,122,65.30327868852459,48,64.0,61.0,0.90625,Horizon Birmingham,Birmingham,Medium,Cardiology,126,2024,1,1,21,6,3,1,0.2978670634920635,0.953125,21,0.8046901172529313
HHN-BIR-01,2024-01-22,37,36,42.0,13.020833333333334,15.65625,0.0,0.8205923127798128,11,3.4545454545454546,0,97,45.54639175257732,28,64.0,63.0,0.96875,Horizon Birmingham,Birmingham,Medium,Cardiology,126,2024,1,1,22,0,4,0,0.3100198412698413,0.984375,1,0.83166999334664
HHN-BIR-01,2024-01-23,44,35,42.0,13.572916666666666,15.598958333333334,0.0,0.8698938894251395,9,2.7333333333333334,0,107,52.55140186915888,36,64.0,61.0,0.90625,Horizon Birmingham,Birmingham,Medium,Cardiology,126,2024,1,1,23,1,4,0,0.3231646825396825,0.953125,9,0.8701168614357261
HHN-BIR-01,2024-01-24,32,34,42.0,14.067708333333334,15.645833333333334,0.0,0.8601425085800085,7,3.0142857142857147,0,101,28.544554455445542,22,64.0,61.0,0.9375,Horizon Birmingham,Birmingham,Medium,Cardiology,126,2024,1,1,24,2,4,0,0.3349454365079365,0.953125,-2,0.8991344873501997
HHN-BIR-01,2024-01-25,31,43,42.0,13.765625,15.59375,0.0,0.856961935597981,9,2.888888888888889,1,98,41.326530612244895,23,64.0,60.0,0.90625,Horizon Birmingham,Birmingham,Medium,Cardiology,126,2024,1,1,25,3,4,0,0.32775297619047616,0.9375,-12,0.8827655310621243
HHN-BIR-01,2024-01-26,34,51,42.0,13.328125,15.59375,0.0,0.8613720415692595,11,2.6818181818181817,0,62,66.03225806451613,21,64.0,64.0,1.0,Horizon Birmingham,Birmingham,Medium,Cardiology,126,2024,1,1,26,4,4,0,0.31733630952380953,1.0,-17,0.8547094188376754
HHN-BIR-01,2024-01-27,24,31,42.0,12.3125,15.588541666666666,0.0,0.7857553003009418,0,0.0,0,87,42.94252873563219,25,64.0,62.0,0.96875,Horizon Birmingham,Birmingham,Medium,Cardiology,126,2024,1,1,27,5,4,1,0.2931547619047619,0.96875,-7,0.78984296692282
HHN-BIR-01,2024-01-28,33,43,42.0,11.385416666666666,15.578125,0.0,0.7410499372011321,0,0.0,0,97,52.72164948453608,34,64.0,64.0,1.0,Horizon Birmingham,Birmingham,Medium,Cardiology,126,2024,1,1,28,6,4,1,0.2710813492063492,1.0,-10,0.7308592443998663
HHN-BIR-01,2024-01-29,32,24,42.0,11.395833333333334,15.520833333333334,0.125,0.7702518651815863,8,2.2375000000000003,1,84,39.833333333333336,24,64.0,63.0,0.96875,Horizon Birmingham,Birmingham,Medium,Cardiology,126,2024,1,1,29,0,5,0,0.2713293650793651,0.984375,8,0.7342281879194631
HHN-BIR-01,2024-01-30,55,31,42.0,12.635416666666666,15.635416666666666,0.25,0.8178273344851325,10,3.0700000000000003,1,141,47.70212765957447,47,64.0,63.0,0.96875,Horizon Birmingham,Birmingham,Medium,Cardiology,126,2024,1,1,30,1,5,0,0.30084325396825395,0.984375,24,0.8081279147235176
HHN-BIR-01,2024-01-31,44,40,42.0,13.276041666666666,15.625,0.21875,0.8385422600060758,7,3.3000000000000003,2,137,35.72262773722628,33,64.0,64.0,1.0,Horizon Birmingham,Birmingham,Medium,Cardiology,126,2024,1,1,31,2,5,0,0.3160962301587301,1.0,4,0.8496666666666667
HHN-BIR-01,2024-02-01,24,45,42.0,13.161458333333334,15.65625,0.0,0.8326719576719577,6,2.9166666666666665,0,55,55.2,20,64.0,63.0,0.96875,Horizon Birmingham,Birmingham,Medium,Cardiology,126,2024,2,1,1,3,5,0,0.3133680555555556,0.984375,-21,0.8406520292747838
HHN-BIR-01,2024-02-02,30,29,42.0,12.046875,15.598958333333334,0.0,0.7919989326239326,6,3.7833333333333337,0,88,44.60227272727273,25,64.0,59.0,0.875,Horizon Birmingham,Birmingham,Medium,Cardiology,126,2024,2,1,2,4,5,0,0.28683035714285715,0.921875,1,0.7722871452420701
HHN-BIR-01,2024-02-03,52,30,42.0,11.90625,15.526041666666666,0.0,0.7931602294216623,0,0.0,0,164,52.6890243902439,55,63.0,57.0,0.8125,Horizon Birmingham,Birmingham,Medium,Cardiology,126,2024,2,1,3,5,5,1,0.28348214285714285,0.9047619047619048,22,0.7668567594766857
HHN-BIR-01,2024-02-04,31,38,42.0,12.322916666666666,15.520833333333334,0.0,0.8335034048639232,0,0.0,0,94,43.9468085106383,29,64.0,59.0,0.84375,Horizon Birmingham,Birmingham,Medium,Cardiology,126,2024,2,1,4,6,5,1,0.2934027777777778,0.921875,-7,0.7939597315436241
HHN-BIR-01,2024-02-05,28,43,42.0,12.453125,15.625,0.0,0.8356384294486765,9,3.344444444444444,2,86,33.69767441860465,19,64.0,61.0,0.9375,Horizon Birmingham,Birmingham,Medium,Cardiology,126,2024,2,1,5,0,6,0,0.29650297619047616,0.953125,-15,0.797
HHN-BIR-01,2024-02-06,31,28,42.0,12.677083333333334,15.59375,0.0,0.8287167843421471,12,2.6416666666666666,0,59,45.49152542372882,19,64.0,63.0,0.96875,Horizon Birmingham,Birmingham,Medium,Cardiology,126,2024,2,1,6,1,6,0,0.3018353174603175,0.984375,3,0.8129592518370073
HHN-BIR-01,2024-02-07,42,40,42.0,13.0625,15.609375,0.0,0.8535014826030451,12,3.841666666666667,1,104,42.75,31,64.0,63.0,0.96875,Horizon Birmingham,Birmingham,Medium,Cardiology,126,2024,2,1,7,2,6,0,0.31101190476190477,0.984375,2,0.8368368368368369
HHN-BIR-01,2024-02-08,37,44,42.0,13.135416666666666,15.625,0.0052083333333333,0.8445594336219336,7,1.9714285714285715,0,116,49.12931034482759,38,64.0,60.0,0.90625,Horizon Birmingham,Birmingham,Medium,Cardiology,126,2024,2,1,8,3,6,0,0.31274801587301587,0.9375,-7,0.8406666666666667
HHN-BIR-01,2024-02-09,33,34,42.0,12.786458333333334,15.552083333333334,0.125,0.8153893627502621,3,3.1,1,70,59.71428571428572,25,64.0,60.0,0.875,Horizon Birmingham,Birmingham,Medium,Cardiology,126,2024,2,1,9,4,6,0,0.30443948412698413,0.9375,-1,0.8221701272605493
HHN-BIR-01,2024-02-10,48,28,42.0,12.583333333333334,15.546875,0.125,0.7950054762554762,0,0.0,0,167,50.34730538922156,50,64.0,64.0,1.0,Horizon Birmingham,Birmingham,Medium,Cardiology,126,2024,2,1,10,5,6,1,0.2996031746031746,1.0,20,0.8093802345058627
HHN-BIR-01,2024-02-11,43,39,42.0,12.9375,15.578125,0.125,0.8173290138610261,0,0.0,0,114,53.14912280701754,40,64.0,61.0,0.9375,Horizon Birmingham,Birmingham,Medium,Cardiology,126,2024,2,1,11,6,6,1,0.3080357142857143,0.953125,4,0.8304914744232698
HHN-BIR-01,2024-02-12,46,47,42.0,13.71875,15.677083333333334,0.125,0.8337333962333963,17,3.264705882352941,1,99,39.06060606060606,28,64.0,63.0,0.96875,Horizon Birmingham,Birmingham,Medium,Cardiology,126,2024,2,1,12,0,7,0,0.32663690476190477,0.984375,-1,0.8750830564784052
HHN-BIR-01,2024-02-13,33,38,42.0,14.53125,15.619791666666666,0.125,0.8552943521111845,8,1.9625,0,97,38.29896907216495,28,64.0,64.0,1.0,Horizon Birmingham,Birmingham,Medium,Cardiology,126,2024,2,1,13,1,7,0,0.34598214285714285,1.0,-5,0.9303101033677893
HHN-BIR-01,2024-02-14,44,43,42.0,14.307291666666666,15.583333333333334,0.125,0.8518425451061443,6,2.0500000000000003,0,134,45.20149253731344,39,64.0,63.0,0.96875,Horizon Birmingham,Birmingham,Medium,Cardiology,126,2024,2,1,14,2,7,0,0.34064980158730157,0.984375,1,0.9181149732620321
HHN-BIR-01,2024-02-15,47,43,42.0,13.192708333333334,15.604166666666666,0.1041666666666666,0.8346304130291867,2,0.2,0,141,48.340425531914896,45,64.0,59.0,0.90625,Horizon Birmingham,Birmingham,Medium,Cardiology,126,2024,2,1,15,3,7,0,0.3141121031746032,0.921875,4,0.845460614152203
HHN-BIR-01,2024-02-16,25,47,42.0,12.322916666666666,15.557291666666666,0.0,0.7954019128766371,5,3.0,0,71,60.971830985915496,23,64.0,55.0,0.78125,Horizon Birmingham,Birmingham,Medium,Cardiology,126,2024,2,1,16,4,7,0,0.2934027777777778,0.859375,-22,0.7920990960830264
HHN-BIR-01,2024-02-17,38,35,42.0,11.75,15.567708333333334,0.0,0.7750315675582945,0,0.0,0,124,41.91129032258065,36,64.0,57.0,0.8125,Horizon Birmingham,Birmingham,Medium,Cardiology,126,2024,2,1,17,5,7,1,0.27976190476190477,0.890625,3,0.7547674807627969
HHN-BIR-01,2024-02-18,40,29,42.0,12.130208333333334,15.630208333333334,0.0,0.7653877118297738,0,0.0,0,128,43.34375,38,64.0,63.0,0.96875,Horizon Birmingham,Birmingham,Medium,Cardiology,126,2024,2,1,18,6,7,1,0.28881448412698413,0.984375,11,0.7760746417860713
HHN-BIR-01,2024-02-19,23,32,42.0,12.421875,15.614583333333334,0.0,0.8074288220058037,6,2.283333333333333,0,84,28.714285714285715,16,64.0,62.0,0.96875,Horizon Birmingham,Birmingham,Medium,Cardiology,126,2024,2,1,19,0,8,0,0.29575892857142855,0.96875,-9,0.795530353569046
HHN-BIR-01,2024-02-20,39,44,42.0,11.703125,15.65625,0.0,0.745623904680237,3,3.5,1,117,57.32478632478632,42,64.0,62.0,0.9375,Horizon Birmingham,Birmingham,Medium,Cardiology,126,2024,2,1,20,1,8,0,0.2786458333333333,0.96875,-5,0.7475049900199601
HHN-BIR-01,2024-02-21,40,23,42.0,12.020833333333334,15.5625,0.0,0.7722944523532423,8,2.7,0,109,42.95412844036697,32,64.0,64.0,1.0,Horizon Birmingham,Birmingham,Medium,Cardiology,126,2024,2,1,21,2,8,0,0.2862103174603175,1.0,17,0.7724230254350737
HHN-BIR-01,2024-02-22,30,37,42.0,12.145833333333334,15.625,0.0,0.781928960901903,7,2.4857142857142853,1,68,45.23529411764706,20,64.0,60.0,0.875,Horizon Birmingham,Birmingham,Medium,Cardiology,126,2024,2,1,22,3,8,0,0.28918650793650796,0.9375,-7,0.7773333333333333
HHN-BIR-01,2024-02-23,31,45,42.0,12.046875,15.583333333333334,0.0,0.7799541926380161,4,1.75,0,81,61.51851851851852,26,64.0,61.0,0.90625,Horizon Birmingham,Birmingham,Medium,Cardiology,126,2024,2,1,23,4,8,0,0.28683035714285715,0.953125,-14,0.7730614973262032
HHN-BIR-01,2024-02-24,20,42,42.0,11.145833333333334,15.541666666666666,0.0,0.7299003224784474,0,0.0,0,51,76.90196078431373,19,64.0,62.0,0.96875,Horizon Birmingham,Birmingham,Medium,Cardiology,126,2024,2,1,24,5,8,1,0.26537698412698413,0.96875,-22,0.7171581769436998
HHN-BIR-01,2024-02-25,27,37,42.0,9.921875,15.567708333333334,0.0,0.6499411586739857,0,0.0,0,96,58.145833333333336,29,64.0,62.0,0.9375,Horizon Birmingham,Birmingham,Medium,Cardiology,126,2024,2,1,25,6,8,1,0.23623511904761904,0.96875,-10,0.6373369019739042
HHN-BIR-01,2024-02-26,36,31,42.0,10.5,15.65625,0.0,0.6975032558672264,10,2.64,1,89,44.71910112359551,25,64.0,58.0,0.875,Horizon Birmingham,Birmingham,Medium,Cardiology,126,2024,2,1,26,0,9,0,0.25,0.90625,5,0.6706586826347305
HHN-BIR-01,2024-02-27,30,25,42.0,10.619791666666666,15.546875,0.0,0.693658421002171,6,2.7,0,81,49.95061728395062,25,64.0,63.0,0.96875,Horizon Birmingham,Birmingham,Medium,Cardiology,126,2024,2,1,27,1,9,0,0.2528521825396825,0.984375,5,0.6830820770519263
HHN-BIR-01,2024-02-28,45,24,42.0,11.354166666666666,15.65625,0.0,0.74238354195845,5,3.04,0,128,53.4296875,44,64.0,63.0,0.96875,Horizon Birmingham,Birmingham,Medium,Cardiology,126,2024,2,1,28,2,9,0,0.27033730158730157,0.984375,21,0.7252162341982701
HHN-BIR-01,2024-02-29,50,28,42.0,12.619791666666666,15.583333333333334,0.0,0.7714565404012482,8,3.925,0,139,41.56115107913669,41,64.0,63.0,0.96875,Horizon Birmingham,Birmingham,Medium,Cardiology,126,2024,2,1,29,3,9,0,0.3004712301587301,0.984375,22,0.809826203208556
HHN-BIR-01,2024-03-01,35,50,42.0,13.640625,15.645833333333334,0.0,0.8157448743386243,9,3.1333333333333333,0,79,56.45569620253165,25,64.0,56.0,0.8125,Horizon Birmingham,Birmingham,Medium,Cardiology,126,2024,3,1,1,4,9,0,0.3247767857142857,0.875,-15,0.8718375499334221
HHN-BIR-01,2024-03-02,28,29,42.0,12.96875,15.640625,0.0,0.7656779381697145,0,0.0,0,87,47.39080459770115,28,64.0,63.0,0.96875,Horizon Birmingham,Birmingham,Medium,Cardiology,126,2024,3,1,2,5,9,1,0.3087797619047619,0.984375,-1,0.8291708291708292
HHN-BIR-01,2024-03-03,13,29,42.0,12.802083333333334,15.578125,0.0,0.7800939803920889,0,0.0,0,47,37.38297872340426,12,64.0,60.0,0.875,Horizon Birmingham,Birmingham,Medium,Cardiology,126,2024,3,1,3,6,9,1,0.30481150793650796,0.9375,-16,0.821798729521899
HHN-BIR-01,2024-03-04,22,28,42.0,11.927083333333334,15.625,0.0,0.7705414755621557,4,2.975,1,63,56.90476190476191,18,64.0,63.0,0.96875,Horizon Birmingham,Birmingham,Medium,Cardiology,126,2024,3,1,4,0,10,0,0.2839781746031746,0.984375,-6,0.7633333333333334
HHN-BIR-01,2024-03-05,21,27,42.0,11.572916666666666,15.697916666666666,0.0,0.7400389685545936,10,2.54,0,44,39.13636363636363,11,64.0,63.0,0.96875,Horizon Birmingham,Birmingham,Medium,Cardiology,126,2024,3,1,5,1,10,0,0.2755456349206349,0.984375,-6,0.7372262773722628
HHN-BIR-01,2024-03-06,52,24,42.0,12.104166666666666,15.640625,0.0,0.7687045907929405,7,3.5285714285714285,1,162,45.68518518518518,49,64.0,61.0,0.9375,Horizon Birmingham,Birmingham,Medium,Cardiology,126,2024,3,1,6,2,10,0,0.2881944444444444,0.953125,28,0.7738927738927739
HHN-BIR-01,2024-03-07,35,41,42.0,12.677083333333334,15.682291666666666,0.0,0.8113092419733045,14,2.242857142857143,0,78,55.35897435897436,21,64.0,63.0,0.96875,Horizon Birmingham,Birmingham,Medium,Cardiology,126,2024,3,1,7,3,10,0,0.3018353174603175,0.984375,-6,0.8083693125207573
HHN-BIR-01,2024-03-08,34,29,42.0,12.010416666666666,15.640625,0.0,0.7317570596158518,3,5.166666666666667,1,99,54.18181818181818,31,64.0,61.0,0.9375,Horizon Birmingham,Birmingham,Medium,Cardiology,126,2024,3,1,8,4,10,0,0.28596230158730157,0.953125,5,0.7678987678987679
HHN-BIR-01,2024-03-09,16,35,42.0,11.041666666666666,15.640625,0.0,0.717697148303766,0,0.0,0,41,64.41463414634147,15,64.0,63.0,0.96875,Horizon Birmingham,Birmingham,Medium,Cardiology,126,2024,3,1,9,5,10,1,0.2628968253968254,0.984375,-19,0.7059607059607059
HHN-BIR-01,2024-03-10,27,28,42.0,10.104166666666666,15.59375,0.0,0.6621357280641017,0,0.0,0,86,46.04651162790697,27,64.0,62.0,0.9375,Horizon Birmingham,Birmingham,Medium,Cardiology,126,2024,3,1,10,6,10,1,0.2405753968253968,0.96875,-1,0.6479625918503673
HHN-BIR-01,2024-03-11,46,30,42.0,11.369791666666666,15.703125,0.0,0.7334634328877749,14,2.9714285714285715,0,115,41.69565217391305,34,64.0,64.0,1.0,Horizon Birmingham,Birmingham,Medium,Cardiology,126,2024,3,1,11,0,11,0,0.2707093253968254,1.0,16,0.7240464344941957
HHN-BIR-01,2024-03-12,33,28,42.0,12.109375,15.645833333333334,0.0,0.7733444940476191,4,3.375,0,85,46.90588235294118,27,64.0,64.0,1.0,Horizon Birmingham,Birmingham,Medium,Cardiology,126,2024,3,1,12,1,11,0,0.2883184523809524,1.0,5,0.7739680426098535
HHN-BIR-01,2024-03-13,32,39,42.0,12.609375,15.666666666666666,0.0,0.7927827380952381,6,3.116666666666667,1,87,49.7816091954023,27,64.0,62.0,0.9375,Horizon Birmingham,Birmingham,Medium,Cardiology,126,2024,3,1,13,2,11,0,0.3002232142857143,0.96875,-7,0.8048537234042553
HHN-BIR-01,2024-03-14,35,36,42.0,12.53125,15.630208333333334,0.0,0.808212144149644,13,2.803846153846154,1,75,35.89333333333333,22,64.0,62.0,0.96875,Horizon Birmingham,Birmingham,Medium,Cardiology,126,2024,3,1,14,3,11,0,0.29836309523809523,0.96875,-1,0.8017327557480839
HHN-BIR-01,2024-03-15,25,26,42.0,12.385416666666666,15.65625,0.0,0.7879695586285419,3,2.966666666666667,1,77,48.8051948051948,23,64.0,62.0,0.9375,Horizon Birmingham,Birmingham,Medium,Cardiology,126,2024,3,1,15,4,11,0,0.294890873015873,0.96875,-1,0.7910844976713239
HHN-BIR-01,2024-03-16,35,38,42.0,12.25,15.619791666666666,0.0,0.8042872255905792,0,0.0,0,149,47.41610738255034,37,64.0,63.0,0.96875,Horizon Birmingham,Birmingham,Medium,Cardiology,126,2024,3,1,16,5,11,1,0.2916666666666667,0.984375,-3,0.7842614204734912
HHN-BIR-01,2024-03-17,27,35,42.0,11.276041666666666,15.614583333333334,0.0,0.7314979797401673,0,0.0,0,89,42.01123595505618,24,64.0,63.0,0.96875,Horizon Birmingham,Birmingham,Medium,Cardiology,126,2024,3,1,17,6,11,1,0.2684771825396825,0.984375,-8,0.7221480987324883
HHN-BIR-01,2024-03-18,20,26,42.0,11.307291666666666,15.703125,0.0,0.7171403394059643,5,3.98,1,36,40.22222222222222,12,64.0,60.0,0.9375,Horizon Birmingham,Birmingham,Medium,Cardiology,126,2024,3,1,18,0,12,0,0.2692212301587301,0.9375,-6,0.7200663349917081
HHN-BIR-01,2024-03-19,19,29,42.0,10.911458333333334,15.682291666666666,0.0,0.7154991230443533,4,3.8,0,56,47.30357142857143,16,64.0,63.0,0.96875,Horizon Birmingham,Birmingham,Medium,Cardiology,126,2024,3,1,19,1,12,0,0.259796626984127,0.984375,-10,0.6957821321819994
HHN-BIR-01,2024-03-20,36,20,42.0,10.770833333333334,15.651041666666666,0.0,0.7239325262762762,10,3.43,1,93,50.32258064516129,28,64.0,64.0,1.0,Horizon Birmingham,Birmingham,Medium,Cardiology,126,2024,3,1,20,2,12,0,0.25644841269841273,1.0,16,0.6881863560732113
HHN-BIR-01,2024-03-21,51,31,42.0,11.838541666666666,15.682291666666666,0.0,0.7549269668410293,8,2.7125,2,131,56.30534351145038,45,64.0,63.0,0.96875,Horizon Birmingham,Birmingham,Medium,Cardiology,126,2024,3,1,21,3,12,0,0.28187003968253965,0.984375,20,0.7548987047492527
HHN-BIR-01,2024-03-22,25,34,42.0,12.989583333333334,15.682291666666666,0.0,0.7703508297258298,7,2.2142857142857144,0,69,30.81159420289855,15,64.0,64.0,1.0,Horizon Birmingham,Birmingham,Medium,Cardiology,126,2024,3,1,22,4,12,0,0.30927579365079366,1.0,-9,0.8282962470939887
HHN-BIR-01,2024-03-23,32,30,42.0,12.6875,15.609375,0.0,0.7746098085941836,0,0.0,0,125,46.184,34,64.0,60.0,0.90625,Horizon Birmingham,Birmingham,Medium,Cardiology,126,2024,3,1,23,5,12,1,0.3020833333333333,0.9375,2,0.8128128128128128
HHN-BIR-01,2024-03-24,23,32,42.0,12.630208333333334,15.640625,0.0,0.8046803303615423,0,0.0,0,86,45.83720930232558,24,63.0,61.0,0.9375,Horizon Birmingham,Birmingham,Medium,Cardiology,126,2024,3,1,24,6,12,1,0.30071924603174605,0.9682539682539683,-9,0.8075258075258076
HHN-BIR-01,2024-03-25,32,32,42.0,12.484375,15.682291666666666,0.0,0.8026937626547003,6,3.266666666666667,1,87,44.45977011494253,24,64.0,64.0,1.0,Horizon Birmingham,Birmingham,Medium,Cardiology,126,2024,3,1,25,0,13,0,0.29724702380952384,1.0,0,0.7960810362005979
HHN-BIR-01,2024-03-26,40,30,42.0,12.0625,15.65625,0.0,0.8008408064431913,12,2.75,2,77,70.14285714285714,32,64.0,64.0,1.0,Horizon Birmingham,Birmingham,Medium,Cardiology,126,2024,3,1,26,1,13,0,0.28720238095238093,1.0,10,0.7704590818363274
HHN-BIR-01,2024-03-27,34,28,42.0,12.848958333333334,15.604166666666666,0.0,0.8029658377774186,11,3.036363636363636,0,78,39.21794871794872,20,64.0,61.0,0.90625,Horizon Birmingham,Birmingham,Medium,Cardiology,126,2024,3,1,27,2,13,0,0.30592757936507936,0.953125,6,0.8234312416555408
HHN-BIR-01,2024-03-28,42,37,42.0,13.567708333333334,15.697916666666666,0.0,0.8284650823713324,7,1.8571428571428568,0,124,46.983870967741936,41,64.0,64.0,1.0,Horizon Birmingham,Birmingham,Medium,Cardiology,126,2024,3,1,28,3,13,0,0.3230406746031746,1.0,5,0.8642999336429994
HHN-BIR-01,2024-03-29,20,35,42.0,12.734375,15.713541666666666,0.0,0.8050001589389143,0,0.0,0,51,44.94117647058823,13,64.0,63.0,0.96875,Horizon Birmingham,Birmingham,Medium,Cardiology,126,2024,3,1,29,4,13,0,0.30319940476190477,0.984375,-15,0.8104076897580378
HHN-BIR-01,2024-03-30,14,41,42.0,10.1875,15.609375,0.0,0.6876849290682011,0,0.0,0,77,26.428571428571427,16,64.0,63.0,0.96875,Horizon Birmingham,Birmingham,Medium,Cardiology,126,2024,3,1,30,5,13,1,0.2425595238095238,0.984375,-27,0.6526526526526526
HHN-BIR-01,2024-03-31,32,21,42.0,10.401041666666666,15.661458333333334,0.0,0.7151019273921024,0,0.0,0,101,50.306930693069305,31,64.0,64.0,1.0,Horizon Birmingham,Birmingham,Medium,Cardiology,126,2024,3,1,31,6,13,1,0.2476438492063492,1.0,11,0.6641170601928832
HHN-BIR-01,2024-04-01,33,26,42.0,10.833333333333334,15.6875,0.0,0.7282398952320827,0,0.0,0,128,44.125,35,64.0,62.0,0.9375,Horizon Birmingham,Birmingham,Medium,Cardiology,126,2024,4,2,1,0,14,0,0.25793650793650796,0.96875,7,0.6905710491367862
HHN-BIR-01,2024-04-02,34,32,42.0,11.359375,15.703125,0.0,0.7780441130050505,7,2.071428571428572,0,91,52.84615384615385,27,64.0,64.0,1.0,Horizon Birmingham,Birmingham,Medium,Cardiology,126,2024,4,2,2,1,14,0,0.27046130952380953,1.0,2,0.7233830845771144
HHN-BIR-01,2024-04-03,30,23,42.0,12.385416666666666,15.671875,0.0,0.7957727993343803,15,3.293333333333333,0,53,37.56603773584906,14,64.0,61.0,0.9375,Horizon Birmingham,Birmingham,Medium,Cardiology,126,2024,4,2,3,2,14,0,0.294890873015873,0.953125,7,0.7902957793286806
HHN-BIR-01,2024-04-04,32,28,42.0,12.973958333333334,15.71875,0.0,0.8146661931818181,11,2.645454545454545,0,83,42.506024096385545,22,64.0,61.0,0.9375,Horizon Birmingham,Birmingham,Medium,Cardiology,126,2024,4,2,4,3,14,0,0.3089037698412699,0.953125,4,0.8253810470510272
HHN-BIR-01,2024-04-05,44,36,42.0,13.03125,15.666666666666666,0.0,0.8125249027592778,8,4.1125,0,84,71.69047619047619,39,64.0,64.0,1.0,Horizon Birmingham,Birmingham,Medium,Cardiology,126,2024,4,2,5,4,14,0,0.31026785714285715,1.0,8,0.8317819148936171
HHN-BIR-01,2024-04-06,50,37,42.0,13.505208333333334,15.567708333333334,0.0,0.8444274221713246,0,0.0,0,159,43.57232704402516,49,64.0,62.0,0.9375,Horizon Birmingham,Birmingham,Medium,Cardiology,126,2024,4,2,6,5,14,1,0.32155257936507936,0.96875,13,0.867514218802275
HHN-BIR-01,2024-04-07,23,33,42.0,12.958333333333334,15.5625,0.0,0.8329805002883469,0,0.0,0,92,33.83695652173913,21,64.0,64.0,1.0,Horizon Birmingham,Birmingham,Medium,Cardiology,126,2024,4,2,7,6,14,1,0.30853174603174605,1.0,-10,0.8326639892904953
HHN-BIR-01,2024-04-08,46,41,42.0,12.838541666666666,15.614583333333334,0.0,0.8429853238446988,11,2.2818181818181817,0,94,68.24468085106383,40,64.0,64.0,1.0,Horizon Birmingham,Birmingham,Medium,Cardiology,126,2024,4,2,8,0,15,0,0.3056795634920635,1.0,5,0.8222148098732488
HHN-BIR-01,2024-04-09,40,37,42.0,12.4375,15.692708333333334,0.0,0.8179118190836941,13,3.5,0,70,54.01428571428571,22,64.0,63.0,0.96875,Horizon Birmingham,Birmingham,Medium,Cardiology,126,2024,4,2,9,1,15,0,0.2961309523809524,0.984375,3,0.7925655492864254
HHN-BIR-01,2024-04-10,23,43,42.0,11.770833333333334,15.677083333333334,0.0,0.7934492807539683,8,1.6625,1,51,42.03921568627451,14,64.0,63.0,0.96875,Horizon Birmingham,Birmingham,Medium,Cardiology,126,2024,4,2,10,2,15,0,0.2802579365079365,0.984375,-20,0.7508305647840532
HHN-BIR-01,2024-04-11,16,34,42.0,11.151041666666666,15.697916666666666,0.0,0.7427342622655123,3,3.966666666666667,1,54,37.7962962962963,13,64.0,64.0,1.0,Horizon Birmingham,Birmingham,Medium,Cardiology,126,2024,4,2,11,3,15,0,0.26550099206349204,1.0,-18,0.7103516921035169
HHN-BIR-01,2024-04-12,41,39,42.0,11.015625,15.671875,0.0,0.740039698438136,14,2.4214285714285717,1,98,60.94897959183673,31,64.0,62.0,0.96875,Horizon Birmingham,Birmingham,Medium,Cardiology,126,2024,4,2,12,4,15,0,0.2622767857142857,0.96875,2,0.7028913260219342
HHN-BIR-01,2024-04-13,22,30,42.0,11.078125,15.619791666666666,0.0,0.713444554747404,0,0.0,0,78,35.06410256410256,21,64.0,59.0,0.90625,Horizon Birmingham,Birmingham,Medium,Cardiology,126,2024,4,2,13,5,15,1,0.26376488095238093,0.921875,-8,0.7092364121373792
HHN-BIR-01,2024-04-14,16,25,42.0,9.84375,15.614583333333334,0.0,0.6497268173280678,0,0.0,0,52,34.78846153846154,13,64.0,53.0,0.75,Horizon Birmingham,Birmingham,Medium,Cardiology,126,2024,4,2,14,6,15,1,0.234375,0.828125,-9,0.6304202801867912
HHN-BIR-01,2024-04-15,37,22,42.0,10.255208333333334,15.651041666666666,0.0,0.6733880847162097,8,2.6,3,80,56.95,29,64.0,63.0,0.96875,Horizon Birmingham,Birmingham,Medium,Cardiology,126,2024,4,2,15,0,16,0,0.244171626984127,0.984375,15,0.6552412645590683
HHN-BIR-01,2024-04-16,20,27,42.0,11.244791666666666,15.697916666666666,0.0,0.716745205026455,10,2.64,1,58,33.172413793103445,11,64.0,63.0,0.96875,Horizon Birmingham,Birmingham,Medium,Cardiology,126,2024,4,2,16,1,16,0,0.2677331349206349,0.984375,-7,0.7163238221632382
HHN-BIR-01,2024-04-17,29,19,42.0,11.072916666666666,15.65625,0.0,0.7255172000691302,11,2.7818181818181817,1,83,38.34939759036145,18,64.0,62.0,0.9375,Horizon Birmingham,Birmingham,Medium,Cardiology,126,2024,4,2,17,2,16,0,0.263640873015873,0.96875,10,0.7072521623419826
HHN-BIR-01,2024-04-18,33,27,42.0,12.21875,15.6875,0.0,0.7669168753629502,8,3.1125,0,86,50.25581395348837,27,64.0,64.0,1.0,Horizon Birmingham,Birmingham,Medium,Cardiology,126,2024,4,2,18,3,16,0,0.29092261904761907,1.0,6,0.7788844621513944
HHN-BIR-01,2024-04-19,32,33,42.0,12.255208333333334,15.713541666666666,0.0,0.7577455169252044,6,3.65,1,102,37.76470588235294,27,64.0,61.0,0.9375,Horizon Birmingham,Birmingham,Medium,Cardiology,126,2024,4,2,19,4,16,0,0.2917906746031746,0.953125,-1,0.7799138216771628
HHN-BIR-01,2024-04-20,17,29,42.0,11.864583333333334,15.630208333333334,0.0,0.7238162139127212,0,0.0,0,61,34.295081967213115,15,64.0,64.0,1.0,Horizon Birmingham,Birmingham,Medium,Cardiology,126,2024,4,2,20,5,16,1,0.28249007936507936,1.0,-12,0.7590803065644786
HHN-BIR-01,2024-04-21,16,26,42.0,10.489583333333334,15.578125,0.0,0.6602831143846769,0,0.0,0,58,42.77586206896552,16,64.0,64.0,1.0,Horizon Birmingham,Birmingham,Medium,Cardiology,126,2024,4,2,21,6,16,1,0.24975198412698413,1.0,-10,0.673353393513875
HHN-BIR-01,2024-04-22,32,25,42.0,10.182291666666666,15.671875,0.0,0.6798208480877066,12,3.4916666666666667,2,83,42.13253012048193,22,64.0,63.0,0.96875,Horizon Birmingham,Birmingham,Medium,Cardiology,126,2024,4,2,22,0,17,0,0.24243551587301587,0.984375,7,0.6497175141242938
HHN-BIR-01,2024-04-23,25,19,42.0,10.208333333333334,15.671875,0.0,0.7167462384259259,5,4.54,0,54,46.72222222222222,18,64.0,62.0,0.96875,Horizon Birmingham,Birmingham,Medium,Cardiology,126,2024,4,2,23,1,17,0,0.24305555555555558,0.96875,6,0.651379195746095
HHN-BIR-01,2024-04-24,45,33,42.0,11.442708333333334,15.682291666666666,0.0,0.7766726983235528,20,3.225,0,104,42.63461538461539,25,64.0,62.0,0.96875,Horizon Birmingham,Birmingham,Medium,Cardiology,126,2024,4,2,24,2,17,0,0.2724454365079365,0.96875,12,0.729657920956493
HHN-BIR-01,2024-04-25,33,30,42.0,11.364583333333334,15.651041666666666,0.0,0.7145109953703703,11,3.436363636363636,0,75,47.12,25,64.0,64.0,1.0,Horizon Birmingham,Birmingham,Medium,Cardiology,126,2024,4,2,25,3,17,0,0.2705853174603175,1.0,3,0.7261231281198004
HHN-BIR-01,2024-04-26,41,30,42.0,12.614583333333334,15.703125,0.0,0.7935216187169312,9,2.522222222222222,0,62,87.53225806451613,29,64.0,64.0,1.0,Horizon Birmingham,Birmingham,Medium,Cardiology,126,2024,4,2,26,4,17,0,0.3003472222222222,1.0,11,0.8033167495854063
HHN-BIR-01,2024-04-27,31,29,42.0,12.619791666666666,15.604166666666666,0.0,0.789310692307072,0,0.0,0,136,41.38235294117647,37,64.0,63.0,0.96875,Horizon Birmingham,Birmingham,Medium,Cardiology,126,2024,4,2,27,5,17,1,0.3004712301587301,0.984375,2,0.8087449933244326
HHN-BIR-01,2024-04-28,23,39,42.0,12.213541666666666,15.661458333333334,0.0,0.8039257906445406,0,0.0,0,72,55.80555555555556,22,64.0,62.0,0.9375,Horizon Birmingham,Birmingham,Medium,Cardiology,126,2024,4,2,28,6,17,1,0.2907986111111111,0.96875,-16,0.7798470236115729
HHN-BIR-01,2024-04-29,46,35,42.0,12.130208333333334,15.666666666666666,0.0,0.7852723467443862,5,3.9,2,118,56.34745762711864,39,64.0,62.0,0.9375,Horizon Birmingham,Birmingham,Medium,Cardiology,126,2024,4,2,29,0,18,0,0.28881448412698413,0.96875,11,0.7742686170212767
HHN-BIR-01,2024-04-30,47,48,42.0,12.5625,15.640625,0.0,0.8105134996582365,18,2.716666666666667,1,86,50.84883720930232,29,64.0,63.0,0.96875,Horizon Birmingham,Birmingham,Medium,Cardiology,126,2024,4,2,30,1,18,0,0.29910714285714285,0.984375,-1,0.8031968031968032
HHN-BIR-01,2024-05-01,36,34,42.0,12.916666666666666,15.666666666666666,0.0,0.7988416812841156,14,2.757142857142857,1,72,41.11111111111112,21,64.0,64.0,1.0,Horizon Birmingham,Birmingham,Medium,Cardiology,126,2024,5,2,1,2,18,0,0.3075396825396825,1.0,2,0.8244680851063829
HHN-BIR-01,2024-05-02,35,38,42.0,13.708333333333334,15.661458333333334,0.0,0.8261586644725673,8,3.925,0,73,56.397260273972606,28,64.0,64.0,1.0,Horizon Birmingham,Birmingham,Medium,Cardiology,126,2024,5,2,2,3,18,0,0.3263888888888889,1.0,-3,0.8752909876953775
HHN-BIR-01,2024-05-03,34,31,42.0,13.328125,15.619791666666666,0.0,0.8058411070819159,12,3.6666666666666665,0,76,42.43421052631579,20,64.0,60.0,0.90625,Horizon Birmingham,Birmingham,Medium,Cardiology,126,2024,5,2,3,4,18,0,0.31733630952380953,0.9375,3,0.8532844281427143
HHN-BIR-01,2024-05-04,19,37,42.0,12.135416666666666,15.598958333333334,0.0,0.7709205460747403,0,0.0,0,66,30.954545454545453,19,64.0,63.0,0.96875,Horizon Birmingham,Birmingham,Medium,Cardiology,126,2024,5,2,4,5,18,1,0.28893849206349204,0.984375,-18,0.7779632721202002
HHN-BIR-01,2024-05-05,28,19,42.0,11.317708333333334,15.520833333333334,0.0,0.7369900019256637,0,0.0,0,69,64.30434782608695,29,64.0,58.0,0.875,Horizon Birmingham,Birmingham,Medium,Cardiology,126,2024,5,2,5,6,18,1,0.26946924603174605,0.90625,9,0.7291946308724833
HHN-BIR-01,2024-05-06,38,31,42.0,11.109375,15.682291666666666,0.0,0.7378625850592763,0,0.0,0,120,56.19166666666667,38,64.0,60.0,0.90625,Horizon Birmingham,Birmingham,Medium,Cardiology,126,2024,5,2,6,0,19,0,0.26450892857142855,0.9375,7,0.7084025240783793
HHN-BIR-01,2024-05-07,33,27,42.0,11.463541666666666,15.666666666666666,0.0,0.755031439659197,7,2.6142857142857143,0,76,46.44736842105263,25,64.0,61.0,0.9375,Horizon Birmingham,Birmingham,Medium,Cardiology,126,2024,5,2,7,1,19,0,0.27294146825396826,0.953125,6,0.7317154255319149
HHN-BIR-01,2024-05-08,28,40,42.0,11.671875,15.723958333333334,0.0,0.766215286484913,8,2.25,1,67,57.37313432835821,23,64.0,64.0,1.0,Horizon Birmingham,Birmingham,Medium,Cardiology,126,2024,5,2,8,2,19,0,0.2779017857142857,1.0,-12,0.7422987744286187
HHN-BIR-01,2024-05-09,31,40,42.0,12.0625,15.71875,0.0,0.7929063039357157,11,2.645454545454545,0,62,49.0,18,64.0,63.0,0.96875,Horizon Birmingham,Birmingham,Medium,Cardiology,126,2024,5,2,9,3,19,0,0.28720238095238093,0.984375,-9,0.7673956262425448
HHN-BIR-01,2024-05-10,27,34,42.0,11.21875,15.708333333333334,0.0,0.7460471530784031,5,2.54,2,62,62.61290322580645,21,64.0,64.0,1.0,Horizon Birmingham,Birmingham,Medium,Cardiology,126,2024,5,2,10,4,19,0,0.26711309523809523,1.0,-7,0.7141909814323607
HHN-BIR-01,2024-05-11,15,23,42.0,10.166666666666666,15.6875,0.0,0.6767909531236738,0,0.0,0,73,33.47945205479452,18,64.0,63.0,0.96875,Horizon Birmingham,Birmingham,Medium,Cardiology,126,2024,5,2,11,5,19,1,0.24206349206349204,0.984375,-8,0.648074369189907
HHN-BIR-01,2024-05-12,12,22,42.0,9.234375,15.604166666666666,0.0,0.6405793038490649,0,0.0,0,45,46.333333333333336,12,64.0,64.0,1.0,Horizon Birmingham,Birmingham,Medium,Cardiology,126,2024,5,2,12,6,19,1,0.21986607142857142,1.0,-10,0.5917890520694259
HHN-BIR-01,2024-05-13,36,25,42.0,9.885416666666666,15.651041666666666,0.0,0.6721559196168571,12,2.983333333333333,1,87,49.22988505747127,26,64.0,64.0,1.0,Horizon Birmingham,Birmingham,Medium,Cardiology,126,2024,5,2,13,0,20,0,0.2353670634920635,1.0,11,0.6316139767054908
HHN-BIR-01,2024-05-14,28,21,42.0,11.015625,15.729166666666666,0.0,0.713034455417268,6,2.8833333333333333,1,51,73.09803921568627,21,64.0,60.0,0.90625,Horizon Birmingham,Birmingham,Medium,Cardiology,126,2024,5,2,14,1,20,0,0.2622767857142857,0.9375,7,0.7003311258278146
HHN-BIR-01,2024-05-15,33,28,42.0,11.484375,15.682291666666666,0.0,0.7572230441902598,11,3.0,0,70,53.8,20,64.0,59.0,0.90625,Horizon Birmingham,Birmingham,Medium,Cardiology,126,2024,5,2,15,2,20,0,0.2734375,0.921875,5,0.732314845566257
HHN-BIR-01,2024-05-16,24,24,42.0,11.760416666666666,15.645833333333334,0.0,0.759907416249328,8,3.075,3,69,35.94202898550725,19,64.0,60.0,0.90625,Horizon Birmingham,Birmingham,Medium,Cardiology,126,2024,5,2,16,3,20,0,0.28000992063492064,0.9375,0,0.7516644474034619
HHN-BIR-01,2024-05-17,38,26,42.0,11.755208333333334,15.703125,0.0,0.7518227895640579,7,2.9857142857142853,0,118,39.75423728813559,31,64.0,64.0,1.0,Horizon Birmingham,Birmingham,Medium,Cardiology,126,2024,5,2,17,4,20,0,0.27988591269841273,1.0,12,0.7485903814262024
HHN-BIR-01,2024-05-18,28,40,42.0,11.489583333333334,15.630208333333334,0.0,0.7403397853305941,0,0.0,0,96,50.239583333333336,28,64.0,63.0,0.96875,Horizon Birmingham,Birmingham,Medium,Cardiology,126,2024,5,2,18,5,20,1,0.27356150793650796,0.984375,-12,0.7350883038987004
HHN-BIR-01,2024-05-19,13,26,42.0,11.161458333333334,15.614583333333334,0.0,0.7331470653839075,0,0.0,0,61,20.65573770491803,11,64.0,59.0,0.90625,Horizon Birmingham,Birmingham,Medium,Cardiology,126,2024,5,2,19,6,20,1,0.26574900793650796,0.921875,-13,0.7148098732488326
HHN-BIR-01,2024-05-20,23,22,42.0,10.411458333333334,15.671875,0.0,0.6720443854548163,9,2.377777777777778,0,49,48.61224489795919,13,64.0,64.0,1.0,Horizon Birmingham,Birmingham,Medium,Cardiology,126,2024,5,2,20,0,21,0,0.2478918650793651,1.0,1,0.6643403123961449
HHN-BIR-01,2024-05-21,33,20,42.0,11.197916666666666,15.697916666666666,0.0,0.667011689461138,8,3.75,2,78,67.62820512820512,31,64.0,64.0,1.0,Horizon Birmingham,Birmingham,Medium,Cardiology,126,2024,5,2,21,1,21,0,0.2666170634920635,1.0,13,0.7133377571333775
HHN-BIR-01,2024-05-22,28,24,42.0,11.677083333333334,15.65625,0.0,0.7026443753006254,7,4.357142857142857,0,74,33.5,17,64.0,64.0,1.0,Horizon Birmingham,Birmingham,Medium,Cardiology,126,2024,5,2,22,2,21,0,0.27802579365079366,1.0,4,0.7458416500332669
HHN-BIR-01,2024-05-23,26,30,42.0,11.75,15.635416666666666,0.0,0.7449718047803032,11,3.3545454545454545,1,74,35.51351351351352,15,64.0,63.0,0.96875,Horizon Birmingham,Birmingham,Medium,Cardiology,126,2024,5,2,23,3,21,0,0.27976190476190477,0.984375,-4,0.7514990006662225
HHN-BIR-01,2024-05-24,34,26,42.0,11.557291666666666,15.666666666666666,0.1666666666666666,0.7010233473124098,12,3.45,0,70,38.22857142857143,21,64.0,64.0,1.0,Horizon Birmingham,Birmingham,Medium,Cardiology,126,2024,5,2,24,4,21,0,0.2751736111111111,1.0,8,0.7376994680851063
HHN-BIR-01,2024-05-25,35,32,42.0,12.401041666666666,15.588541666666666,0.25,0.7607446732446732,0,0.0,0,95,61.6,38,64.0,61.0,0.9375,Horizon Birmingham,Birmingham,Medium,Cardiology,126,2024,5,2,25,5,21,1,0.2952628968253968,0.953125,3,0.7955228867357167
HHN-BIR-01,2024-05-26,25,33,42.0,12.21875,15.640625,0.1458333333333333,0.753864503083253,0,0.0,0,81,48.66666666666666,25,64.0,58.0,0.84375,Horizon Birmingham,Birmingham,Medium,Cardiology,126,2024,5,2,26,6,21,1,0.29092261904761907,0.90625,-8,0.7812187812187812
HHN-BIR-01,2024-05-27,18,25,42.0,11.994791666666666,15.692708333333334,0.0,0.7618971982815589,0,0.0,0,76,31.48684210526316,18,64.0,64.0,1.0,Horizon Birmingham,Birmingham,Medium,Cardiology,126,2024,5,2,27,0,22,0,0.2855902777777778,1.0,-7,0.7643544639893793
HHN-BIR-01,2024-05-28,36,33,42.0,11.473958333333334,15.677083333333334,0.0,0.763067770190932,13,2.838461538461538,1,67,57.28358208955224,24,64.0,59.0,0.84375,Horizon Birmingham,Birmingham,Medium,Cardiology,126,2024,5,2,28,1,22,0,0.27318948412698413,0.921875,3,0.7318936877076412
HHN-BIR-01,2024-05-29,30,25,42.0,11.53125,15.625,0.0,0.7542855281856103,12,3.2,0,64,40.84375,20,64.0,64.0,1.0,Horizon Birmingham,Birmingham,Medium,Cardiology,126,2024,5,2,29,2,22,0,0.27455357142857145,1.0,5,0.738
HHN-BIR-01,2024-05-30,38,37,42.0,11.755208333333334,15.6875,0.0,0.7747085813492064,11,2.209090909090909,1,72,49.56944444444444,25,64.0,63.0,0.96875,Horizon Birmingham,Birmingham,Medium,Cardiology,126,2024,5,2,30,3,22,0,0.27988591269841273,0.984375,1,0.74933598937583
HHN-BIR-01,2024-05-31,37,26,42.0,11.744791666666666,15.708333333333334,0.0,0.7458147321428572,15,3.14,0,68,62.794117647058826,23,64.0,61.0,0.90625,Horizon Birmingham,Birmingham,Medium,Cardiology,126,2024,5,2,31,4,22,0,0.2796378968253968,0.953125,11,0.7476790450928381
HHN-BIR-01,2024-06-01,19,28,42.0,11.598958333333334,15.614583333333334,0.0,0.7247438177506775,0,0.0,0,71,54.87323943661972,22,64.0,64.0,1.0,Horizon Birmingham,Birmingham,Medium,Cardiology,126,2024,6,2,1,5,22,1,0.2761656746031746,1.0,-9,0.7428285523682455
HHN-BIR-01,2024-06-02,25,28,42.0,11.880208333333334,15.651041666666666,0.0,0.7452215608465608,0,0.0,0,81,34.32098765432099,22,64.0,64.0,1.0,Horizon Birmingham,Birmingham,Medium,Cardiology,126,2024,6,2,2,6,22,1,0.2828621031746032,1.0,-3,0.7590682196339434
HHN-BIR-01,2024-06-03,35,36,42.0,11.630208333333334,15.625,0.0,0.7509280722171346,13,2.484615384615384,2,73,45.08219178082192,22,64.0,62.0,0.9375,Horizon Birmingham,Birmingham,Medium,Cardiology,126,2024,6,2,3,0,23,0,0.2769097222222222,0.96875,-1,0.7443333333333334
HHN-BIR-01,2024-06-04,35,36,42.0,11.765625,15.661458333333334,0.0,0.7724176978905598,14,2.821428571428572,2,68,51.51470588235294,20,64.0,63.0,0.96875,Horizon Birmingham,Birmingham,Medium,Cardiology,126,2024,6,2,4,1,23,0,0.28013392857142855,0.984375,-1,0.7512470901230462
HHN-BIR-01,2024-06-05,29,27,42.0,12.520833333333334,15.713541666666666,0.0,0.776726810515873,13,2.853846153846154,2,69,32.608695652173914,16,64.0,64.0,1.0,Horizon Birmingham,Birmingham,Medium,Cardiology,126,2024,6,2,5,2,23,0,0.29811507936507936,1.0,2,0.7968180311567783
HHN-BIR-01,2024-06-06,20,24,42.0,11.71875,15.708333333333334,0.0,0.7308569026318645,3,2.833333333333333,0,64,49.59375,19,64.0,64.0,1.0,Horizon Birmingham,Birmingham,Medium,Cardiology,126,2024,6,2,6,3,23,0,0.27901785714285715,1.0,-4,0.7460212201591512
HHN-BIR-01,2024-06-07,37,27,42.0,12.109375,15.583333333333334,0.0,0.7500993002946128,12,2.4916666666666667,0,73,43.58904109589041,23,64.0,64.0,1.0,Horizon Birmingham,Birmingham,Medium,Cardiology,126,2024,6,2,7,4,23,0,0.2883184523809524,1.0,10,0.777072192513369
HHN-BIR-01,2024-06-08,28,33,42.0,11.8125,15.625,0.0,0.766868083582117,0,0.0,0,89,60.21348314606742,29,64.0,64.0,1.0,Horizon Birmingham,Birmingham,Medium,Cardiology,126,2024,6,2,8,5,23,1,0.28125,1.0,-5,0.756
HHN-BIR-01,2024-06-09,19,30,42.0,11.552083333333334,15.567708333333334,0.0,0.7632805766537384,0,0.0,0,63,70.46031746031746,27,64.0,64.0,1.0,Horizon Birmingham,Birmingham,Medium,Cardiology,126,2024,6,2,9,6,23,1,0.2750496031746032,1.0,-11,0.7420541987286718
HHN-BIR-01,2024-06-10,45,37,42.0,11.625,15.671875,0.0,0.8004229938972586,8,2.1,0,79,59.16455696202532,31,64.0,63.0,0.96875,Horizon Birmingham,Birmingham,Medium,Cardiology,126,2024,6,2,10,0,24,0,0.2767857142857143,0.984375,8,0.7417746759720838
HHN-BIR-01,2024-06-11,54,34,42.0,12.807291666666666,15.609375,0.0,0.826809402981278,16,3.05,0,110,52.1,38,64.0,63.0,0.96875,Horizon Birmingham,Birmingham,Medium,Cardiology,126,2024,6,2,11,1,24,0,0.30493551587301587,0.984375,20,0.8204871538204871
HHN-BIR-01,2024-06-12,39,45,42.0,13.916666666666666,15.682291666666666,0.0,0.8965403961292119,13,2.976923076923077,2,82,60.29268292682927,29,64.0,64.0,1.0,Horizon Birmingham,Birmingham,Medium,Cardiology,126,2024,6,2,12,2,24,0,0.33134920634920634,1.0,-6,0.8874128196612421
HHN-BIR-01,2024-06-13,44,41,42.0,13.708333333333334,15.635416666666666,0.0,0.853432953042328,17,2.3000000000000003,0,66,52.57575757575758,23,64.0,64.0,1.0,Horizon Birmingham,Birmingham,Medium,Cardiology,126,2024,6,2,13,3,24,0,0.3263888888888889,1.0,3,0.876748834110593
HHN-BIR-01,2024-06-14,34,27,42.0,13.510416666666666,15.703125,0.0,0.7986524470899471,5,2.26,0,93,40.956989247311824,30,64.0,61.0,0.90625,Horizon Birmingham,Birmingham,Medium,Cardiology,126,2024,6,2,14,4,24,0,0.32167658730158727,0.953125,7,0.8603648424543947
HHN-BIR-01,2024-06-15,15,38,42.0,12.541666666666666,15.640625,0.0,0.7661302485521236,0,0.0,0,41,55.97560975609756,15,64.0,59.0,0.875,Horizon Birmingham,Birmingham,Medium,Cardiology,126,2024,6,2,15,5,24,1,0.2986111111111111,0.921875,-23,0.8018648018648018
HHN-BIR-01,2024-06-16,23,46,42.0,10.25,15.619791666666666,0.0,0.6825450823539437,0,0.0,0,74,55.310810810810814,22,64.0,64.0,1.0,Horizon Birmingham,Birmingham,Medium,Cardiology,126,2024,6,2,16,6,24,1,0.24404761904761904,1.0,-23,0.65621873957986
HHN-BIR-01,2024-06-17,16,20,42.0,8.984375,15.703125,0.0,0.6146669447450698,4,2.7,0,87,20.06896551724138,13,64.0,64.0,1.0,Horizon Birmingham,Birmingham,Medium,Cardiology,126,2024,6,2,17,0,25,0,0.21391369047619047,1.0,-4,0.572139303482587
HHN-BIR-01,2024-06-18,21,26,42.0,8.932291666666666,15.651041666666666,0.0,0.5950800871412084,9,2.2555555555555555,0,68,43.60294117647059,13,64.0,63.0,0.96875,Horizon Birmingham,Birmingham,Medium,Cardiology,126,2024,6,2,18,1,25,0,0.2126736111111111,0.984375,-5,0.5707154742096505
HHN-BIR-01,2024-06-19,29,26,42.0,9.34375,15.682291666666666,0.0,0.5829309608261813,15,2.313333333333333,0,42,53.47619047619048,13,64.0,64.0,1.0,Horizon Birmingham,Birmingham,Medium,Cardiology,126,2024,6,2,19,2,25,0,0.22247023809523808,1.0,3,0.5958153437396214
HHN-BIR-01,2024-06-20,24,19,42.0,9.421875,15.671875,0.0,0.5835253081785595,7,2.957142857142857,0,61,49.03278688524591,18,64.0,64.0,1.0,Horizon Birmingham,Birmingham,Medium,Cardiology,126,2024,6,2,20,3,25,0,0.22433035714285715,1.0,5,0.6011964107676969
HHN-BIR-01,2024-06-21,25,28,42.0,9.776041666666666,15.583333333333334,0.0052083333333333,0.5754265668031874,6,2.716666666666667,0,57,67.56140350877193,19,64.0,64.0,1.0,Horizon Birmingham,Birmingham,Medium,Cardiology,126,2024,6,2,21,4,25,0,0.2327628968253968,1.0,-3,0.6273395721925134
HHN-BIR-01,2024-06-22,21,15,42.0,9.932291666666666,15.635416666666666,0.125,0.5941384533526078,0,0.0,0,77,41.23376623376623,23,64.0,64.0,1.0,Horizon Birmingham,Birmingham,Medium,Cardiology,126,2024,6,2,22,5,25,1,0.2364831349206349,1.0,6,0.6352431712191872
HHN-BIR-01,2024-06-23,16,29,42.0,9.473958333333334,15.666666666666666,0.125,0.5858336903258778,0,0.0,0,56,44.642857142857146,16,64.0,63.0,0.96875,Horizon Birmingham,Birmingham,Medium,Cardiology,126,2024,6,2,23,6,25,1,0.2255704365079365,0.984375,-13,0.6047207446808511
HHN-BIR-01,2024-06-24,26,21,42.0,8.583333333333334,15.723958333333334,0.125,0.5451003712722463,5,3.6,1,76,43.10526315789474,21,64.0,64.0,1.0,Horizon Birmingham,Birmingham,Medium,Cardiology,126,2024,6,2,24,0,26,0,0.2043650793650794,1.0,5,0.545876117919841
HHN-BIR-01,2024-06-25,31,21,42.0,10.333333333333334,15.703125,0.125,0.6439546130952382,16,2.79375,0,58,34.327586206896555,15,64.0,64.0,1.0,Horizon Birmingham,Birmingham,Medium,Cardiology,126,2024,6,2,25,1,26,0,0.24603174603174605,1.0,10,0.6580431177446103
HHN-BIR-01,2024-06-26,29,26,42.0,10.21875,15.692708333333334,0.125,0.6176503690175565,11,3.6818181818181817,0,81,32.01234567901235,19,64.0,64.0,1.0,Horizon Birmingham,Birmingham,Medium,Cardiology,126,2024,6,2,26,2,26,0,0.24330357142857142,1.0,3,0.6511782276800531
HHN-BIR-01,2024-06-27,32,23,42.0,10.307291666666666,15.682291666666666,0.125,0.6461456622538037,8,3.725,1,67,68.46268656716418,29,64.0,64.0,1.0,Horizon Birmingham,Birmingham,Medium,Cardiology,126,2024,6,2,27,3,26,0,0.24541170634920634,1.0,9,0.6572567253404185
HHN-BIR-01,2024-06-28,36,23,42.0,11.322916666666666,15.703125,0.125,0.7293192450591347,9,3.2,0,72,59.638888888888886,24,64.0,64.0,1.0,Horizon Birmingham,Birmingham,Medium,Cardiology,126,2024,6,2,28,4,26,0,0.26959325396825395,1.0,13,0.72106135986733
HHN-BIR-01,2024-06-29,44,28,42.0,12.041666666666666,15.557291666666666,0.1041666666666666,0.7882573526260432,0,0.0,0,123,57.016260162601625,44,64.0,64.0,1.0,Horizon Birmingham,Birmingham,Medium,Cardiology,126,2024,6,2,29,5,26,1,0.2867063492063492,1.0,16,0.7740207566119852
HHN-BIR-01,2024-06-30,14,44,42.0,11.859375,15.567708333333334,0.0,0.7746550434969554,0,0.0,0,52,56.30769230769231,12,64.0,64.0,1.0,Horizon Birmingham,Birmingham,Medium,Cardiology,126,2024,6,2,30,6,26,1,0.28236607142857145,1.0,-30,0.7617932418869187
HHN-BIR-01,2024-07-01,34,39,42.0,10.911458333333334,15.703125,0.0,0.7391071848562657,15,4.3,0,69,53.0,23,64.0,58.0,0.875,Horizon Birmingham,Birmingham,Medium,Cardiology,126,2024,7,3,1,0,27,0,0.259796626984127,0.90625,-5,0.6948590381426203
HHN-BIR-01,2024-07-02,34,31,42.0,10.484375,15.692708333333334,0.0,0.7302853067001314,10,2.4,1,64,66.59375,22,64.0,64.0,1.0,Horizon Birmingham,Birmingham,Medium,Cardiology,126,2024,7,3,2,1,27,0,0.2496279761904762,1.0,3,0.6681048788582807
HHN-BIR-01,2024-07-03,30,26,42.0,10.598958333333334,15.6875,0.0,0.7101146321849447,12,2.733333333333333,1,53,59.50943396226416,17,64.0,62.0,0.9375,Horizon Birmingham,Birmingham,Medium,Cardiology,126,2024,7,3,3,2,27,0,0.2523561507936508,0.96875,4,0.6756308100929616
HHN-BIR-01,2024-07-04,18,23,42.0,10.46875,15.614583333333334,0.0,0.6810046200004279,8,2.6625,1,40,37.8,9,64.0,59.0,0.90625,Horizon Birmingham,Birmingham,Medium,Cardiology,126,2024,7,3,4,3,27,0,0.24925595238095238,0.921875,-5,0.6704469646430954
HHN-BIR-01,2024-07-05,19,31,42.0,10.375,15.661458333333334,0.0,0.6696910511363637,7,2.642857142857143,1,38,42.05263157894737,12,64.0,64.0,1.0,Horizon Birmingham,Birmingham,Medium,Cardiology,126,2024,7,3,5,4,27,0,0.24702380952380953,1.0,-12,0.6624542733621549
HHN-BIR-01,2024-07-06,31,27,42.0,9.046875,15.5,0.0,0.5624118966482473,0,0.0,0,86,67.94186046511628,34,64.0,62.0,0.9375,Horizon Birmingham,Birmingham,Medium,Cardiology,126,2024,7,3,6,5,27,1,0.21540178571428573,0.96875,4,0.5836693548387096
HHN-BIR-01,2024-07-07,15,22,42.0,10.09375,15.640625,0.0,0.6388904808826684,0,0.0,0,50,32.54,12,64.0,63.0,0.96875,Horizon Birmingham,Birmingham,Medium,Cardiology,126,2024,7,3,7,6,27,1,0.24032738095238096,0.984375,-7,0.6453546453546454
HHN-BIR-01,2024-07-08,28,28,42.0,9.041666666666666,15.661458333333334,0.0,0.5918138699531611,9,2.4000000000000004,2,77,33.79220779220779,20,64.0,64.0,1.0,Horizon Birmingham,Birmingham,Medium,Cardiology,126,2024,7,3,8,0,28,0,0.21527777777777776,1.0,0,0.5773195876288659
HHN-BIR-01,2024-07-09,21,22,42.0,9.192708333333334,15.619791666666666,0.0,0.6104714257862236,6,1.85,0,44,58.18181818181818,15,64.0,62.0,0.96875,Horizon Birmingham,Birmingham,Medium,Cardiology,126,2024,7,3,9,1,28,0,0.21887400793650796,0.96875,-1,0.5885295098366122
HHN-BIR-01,2024-07-10,18,20,42.0,9.088541666666666,15.692708333333334,0.0,0.6050967312686063,7,2.628571428571429,0,35,56.6,12,64.0,63.0,0.96875,Horizon Birmingham,Birmingham,Medium,Cardiology,126,2024,7,3,10,2,28,0,0.2163938492063492,0.984375,-2,0.5791569863923
HHN-BIR-01,2024-07-11,22,19,42.0,9.380208333333334,15.734375,0.0,0.6043575637325637,11,3.690909090909091,2,36,40.36111111111112,9,64.0,63.0,0.96875,Horizon Birmingham,Birmingham,Medium,Cardiology,126,2024,7,3,11,3,28,0,0.22333829365079366,0.984375,3,0.5961602118503807
HHN-BIR-01,2024-07-12,33,27,42.0,10.161458333333334,15.708333333333334,0.0,0.6369480707371332,18,2.5277777777777777,1,38,66.89473684210526,16,64.0,63.0,0.96875,Horizon Birmingham,Birmingham,Medium,Cardiology,126,2024,7,3,12,4,28,0,0.24193948412698413,0.984375,6,0.6468832891246684
HHN-BIR-01,2024-07-13,14,17,42.0,9.9375,15.557291666666666,0.0,0.575081186728481,0,0.0,0,69,33.971014492753625,16,64.0,62.0,0.9375,Horizon Birmingham,Birmingham,Medium,Cardiology,126,2024,7,3,13,5,28,1,0.23660714285714285,0.96875,-3,0.638767994643455
HHN-BIR-01,2024-07-14,11,27,42.0,8.848958333333334,15.619791666666666,0.0,0.5327347349949798,0,0.0,0,56,27.125,10,64.0,61.0,0.9375,Horizon Birmingham,Birmingham,Medium,Cardiology,126,2024,7,3,14,6,28,1,0.21068948412698413,0.953125,-16,0.5665221740580194
HHN-BIR-01,2024-07-15,30,23,42.0,8.46875,15.59375,0.0,0.5318490238412114,11,2.109090909090909,0,71,40.33802816901409,19,64.0,60.0,0.875,Horizon Birmingham,Birmingham,Medium,Cardiology,126,2024,7,3,15,0,29,0,0.20163690476190477,0.9375,7,0.5430861723446894
HHN-BIR-01,2024-07-16,31,16,42.0,10.041666666666666,15.71875,0.0,0.6148981443903319,13,2.376923076923077,1,54,52.31481481481482,20,64.0,63.0,0.96875,Horizon Birmingham,Birmingham,Medium,Cardiology,126,2024,7,3,16,1,29,0,0.23908730158730157,0.984375,15,0.638833664678595
HHN-BIR-01,2024-07-17,20,23,42.0,10.619791666666666,15.677083333333334,0.0,0.677237094033969,10,2.27,1,54,17.11111111111111,7,64.0,64.0,1.0,Horizon Birmingham,Birmingham,Medium,Cardiology,126,2024,7,3,17,2,29,0,0.2528521825396825,1.0,-3,0.677408637873754
HHN-BIR-01,2024-07-18,26,27,42.0,10.322916666666666,15.6875,0.0,0.6476957954899131,12,2.783333333333333,0,49,42.42857142857143,14,64.0,64.0,1.0,Horizon Birmingham,Birmingham,Medium,Cardiology,126,2024,7,3,18,3,29,0,0.24578373015873015,1.0,-1,0.6580345285524568
HHN-BIR-01,2024-07-19,15,32,42.0,8.765625,15.651041666666666,0.0,0.5515770336082836,5,2.38,0,43,39.74418604651163,10,64.0,64.0,1.0,Horizon Birmingham,Birmingham,Medium,Cardiology,126,2024,7,3,19,4,29,0,0.20870535714285715,1.0,-17,0.5600665557404326
HHN-BIR-01,2024-07-20,17,12,42.0,8.442708333333334,15.666666666666666,0.0,0.548267760629893,0,0.0,0,71,44.901408450704224,19,64.0,62.0,0.9375,Horizon Birmingham,Birmingham,Medium,Cardiology,126,2024,7,3,20,5,29,1,0.2010168650793651,0.96875,5,0.5388962765957448
HHN-BIR-01,2024-07-21,22,25,42.0,8.703125,15.604166666666666,0.0,0.5606836737006774,0,0.0,0,69,43.6231884057971,21,64.0,61.0,0.90625,Horizon Birmingham,Birmingham,Medium,Cardiology,126,2024,7,3,21,6,29,1,0.20721726190476192,0.953125,-3,0.557743658210948
HHN-BIR-01,2024-07-22,47,18,42.0,10.197916666666666,15.708333333333334,0.0,0.6570491548892284,14,3.292857142857143,0,117,50.82905982905983,35,64.0,62.0,0.9375,Horizon Birmingham,Birmingham,Medium,Cardiology,126,2024,7,3,22,0,30,0,0.24280753968253968,0.96875,29,0.6492042440318302
HHN-BIR-01,2024-07-23,33,27,42.0,12.088541666666666,15.682291666666666,0.0,0.7654263752028845,10,2.3600000000000003,0,63,54.888888888888886,20,64.0,64.0,1.0,Horizon Birmingham,Birmingham,Medium,Cardiology,126,2024,7,3,23,1,30,0,0.28782242063492064,1.0,6,0.7708402524078379
HHN-BIR-01,2024-07-24,32,26,42.0,12.59375,15.703125,0.0,0.7460054413179412,9,3.2444444444444445,0,63,56.31746031746032,23,64.0,63.0,0.96875,Horizon Birmingham,Birmingham,Medium,Cardiology,126,2024,7,3,24,2,30,0,0.29985119047619047,0.984375,6,0.8019900497512438
HHN-BIR-01,2024-07-25,24,39,42.0,12.333333333333334,15.614583333333334,0.0,0.7647467560725834,8,2.825,0,59,42.13559322033898,19,64.0,64.0,1.0,Horizon Birmingham,Birmingham,Medium,Cardiology,126,2024,7,3,25,3,30,0,0.29365079365079366,1.0,-15,0.789859906604403
HHN-BIR-01,2024-07-26,32,30,42.0,11.229166666666666,15.666666666666666,0.0,0.6932512982266271,9,3.1333333333333333,0,58,52.62068965517241,20,64.0,61.0,0.9375,Horizon Birmingham,Birmingham,Medium,Cardiology,126,2024,7,3,26,4,30,0,0.2673611111111111,0.953125,2,0.7167553191489362
HHN-BIR-01,2024-07-27,24,22,42.0,11.364583333333334,15.651041666666666,0.0,0.7329196088157485,0,0.0,0,77,45.688311688311686,26,64.0,63.0,0.96875,Horizon Birmingham,Birmingham,Medium,Cardiology,126,2024,7,3,27,5,30,1,0.2705853174603175,0.984375,2,0.7261231281198004
HHN-BIR-01,2024-07-28,18,25,42.0,11.015625,15.578125,0.0,0.7034232144641153,0,0.0,0,60,49.56666666666667,18,64.0,64.0,1.0,Horizon Birmingham,Birmingham,Medium,Cardiology,126,2024,7,3,28,6,30,1,0.2622767857142857,1.0,-7,0.7071213640922769
HHN-BIR-01,2024-07-29,34,27,42.0,11.083333333333334,15.682291666666666,0.0,0.719461769082633,9,2.566666666666667,0,104,46.22115384615385,28,64.0,63.0,0.96875,Horizon Birmingham,Birmingham,Medium,Cardiology,126,2024,7,3,29,0,31,0,0.2638888888888889,0.984375,7,0.7067419461972767
HHN-BIR-01,2024-07-30,28,32,42.0,11.776041666666666,15.651041666666666,0.0,0.7708460159632035,10,2.66,1,53,44.18867924528302,15,64.0,64.0,1.0,Horizon Birmingham,Birmingham,Medium,Cardiology,126,2024,7,3,30,1,31,0,0.2803819444444444,1.0,-4,0.7524126455906822
HHN-BIR-01,2024-07-31,25,35,42.0,10.713541666666666,15.65625,0.0,0.6920451050076872,8,2.375,2,48,64.91666666666667,19,64.0,64.0,1.0,Horizon Birmingham,Birmingham,Medium,Cardiology,126,2024,7,3,31,2,31,0,0.2550843253968254,1.0,-10,0.6842980705256154
HHN-BIR-01,2024-08-01,20,18,42.0,10.479166666666666,15.635416666666666,0.0,0.6405607362638613,6,2.9166666666666665,0,41,43.14634146341464,12,64.0,64.0,1.0,Horizon Birmingham,Birmingham,Medium,Cardiology,126,2024,8,3,1,3,31,0,0.24950396825396823,1.0,2,0.670219853431046
HHN-BIR-01,2024-08-02,18,18,42.0,10.244791666666666,15.677083333333334,0.0,0.5971470658970659,4,2.55,0,47,59.48936170212766,18,64.0,63.0,0.96875,Horizon Birmingham,Birmingham,Medium,Cardiology,126,2024,8,3,2,4,31,0,0.2439236111111111,0.984375,0,0.6534883720930232
HHN-BIR-01,2024-08-03,17,26,42.0,9.817708333333334,15.588541666666666,0.0,0.6142204260643453,0,0.0,0,52,46.98076923076923,17,64.0,57.0,0.875,Horizon Birmingham,Birmingham,Medium,Cardiology,126,2024,8,3,3,5,31,1,0.23375496031746032,0.890625,-9,0.6298028733711996
HHN-BIR-01,2024-08-04,22,31,42.0,9.088541666666666,15.572916666666666,0.0,0.5698330661221286,0,0.0,0,60,56.15,20,64.0,61.0,0.9375,Horizon Birmingham,Birmingham,Medium,Cardiology,126,2024,8,3,4,6,31,1,0.2163938492063492,0.953125,-9,0.5836120401337792
HHN-BIR-01,2024-08-05,20,22,42.0,8.380208333333334,15.692708333333334,0.0,0.5629288172447472,6,2.766666666666667,0,54,43.129629629629626,15,64.0,63.0,0.96875,Horizon Birmingham,Birmingham,Medium,Cardiology,126,2024,8,3,5,0,32,0,0.19952876984126985,0.984375,-2,0.5340192499170262
HHN-BIR-01,2024-08-06,16,17,42.0,8.354166666666666,15.677083333333334,0.0,0.5517126247594998,2,2.45,0,62,50.58064516129032,19,64.0,63.0,0.96875,Horizon Birmingham,Birmingham,Medium,Cardiology,126,2024,8,3,6,1,32,0,0.19890873015873015,0.984375,-1,0.5328903654485049
HHN-BIR-01,2024-08-07,28,22,42.0,8.927083333333334,15.692708333333334,0.0,0.5839643756808278,2,0.95,0,84,43.25,23,64.0,63.0,0.96875,Horizon Birmingham,Birmingham,Medium,Cardiology,126,2024,8,3,7,2,32,0,0.2125496031746032,0.984375,6,0.5688682376369067
HHN-BIR-01,2024-08-08,16,20,42.0,8.552083333333334,15.71875,0.0,0.5748492176226551,6,2.833333333333333,1,41,29.4390243902439,8,64.0,63.0,0.96875,Horizon Birmingham,Birmingham,Medium,Cardiology,126,2024,8,3,8,3,32,0,0.20362103174603177,0.984375,-4,0.5440689198144467
HHN-BIR-01,2024-08-09,33,23,42.0,8.729166666666666,15.697916666666666,0.0,0.5771319031084656,7,3.185714285714286,1,73,65.04109589041096,28,64.0,62.0,0.9375,Horizon Birmingham,Birmingham,Medium,Cardiology,126,2024,8,3,9,4,32,0,0.20783730158730157,0.96875,10,0.5560716655607166
HHN-BIR-01,2024-08-10,22,18,42.0,9.703125,15.635416666666666,0.0,0.6496478131243756,0,0.0,0,55,57.92727272727273,19,64.0,64.0,1.0,Horizon Birmingham,Birmingham,Medium,Cardiology,126,2024,8,3,10,5,32,1,0.23102678571428573,1.0,4,0.6205862758161226
HHN-BIR-01,2024-08-11,29,24,42.0,9.848958333333334,15.552083333333334,0.0,0.6268041855927466,0,0.0,0,76,47.98684210526316,28,64.0,63.0,0.96875,Horizon Birmingham,Birmingham,Medium,Cardiology,126,2024,8,3,11,6,32,1,0.23449900793650796,0.984375,5,0.6332886805090422
HHN-BIR-01,2024-08-12,24,23,42.0,10.369791666666666,15.682291666666666,0.0,0.6558624751984127,4,2.775,1,52,65.9423076923077,21,64.0,64.0,1.0,Horizon Birmingham,Birmingham,Medium,Cardiology,126,2024,8,3,12,0,33,0,0.24689980158730157,1.0,1,0.6612421122550648
HHN-BIR-01,2024-08-13,19,26,42.0,10.208333333333334,15.65625,0.0208333333333333,0.6848301792423362,4,4.85,0,48,47.270833333333336,15,64.0,64.0,1.0,Horizon Birmingham,Birmingham,Medium,Cardiology,126,2024,8,3,13,1,33,0,0.24305555555555558,1.0,-7,0.6520292747837658
HHN-BIR-01,2024-08-14,24,30,42.0,9.286458333333334,15.713541666666666,0.125,0.6379340277777777,7,2.257142857142857,0,64,44.546875,18,64.0,64.0,1.0,Horizon Birmingham,Birmingham,Medium,Cardiology,126,2024,8,3,14,2,33,0,0.2211061507936508,1.0,-6,0.5909844216108718
HHN-BIR-01,2024-08-15,15,29,42.0,8.421875,15.682291666666666,0.125,0.5469639662999038,3,2.1333333333333333,0,55,39.345454545454544,13,64.0,61.0,0.90625,Horizon Birmingham,Birmingham,Medium,Cardiology,126,2024,8,3,15,3,33,0,0.20052083333333334,0.953125,-14,0.5370308867485886
HHN-BIR-01,2024-08-16,22,14,42.0,8.036458333333334,15.729166666666666,0.125,0.495275391564454,4,4.425,1,48,41.895833333333336,16,64.0,64.0,1.0,Horizon Birmingham,Birmingham,Medium,Cardiology,126,2024,8,3,16,4,33,0,0.19134424603174605,1.0,8,0.5109271523178809
HHN-BIR-01,2024-08-17,17,15,42.0,8.489583333333334,15.697916666666666,0.125,0.5341492602407124,0,0.0,0,50,66.2,17,64.0,63.0,0.96875,Horizon Birmingham,Birmingham,Medium,Cardiology,126,2024,8,3,17,5,33,1,0.2021329365079365,0.984375,2,0.5408095554080956
HHN-BIR-01,2024-08-18,20,15,42.0,8.75,15.583333333333334,0.109375,0.5620611781687149,0,0.0,0,73,51.397260273972606,21,64.0,61.0,0.9375,Horizon Birmingham,Birmingham,Medium,Cardiology,126,2024,8,3,18,6,33,1,0.20833333333333334,0.953125,5,0.5614973262032086
HHN-BIR-01,2024-08-19,14,28,42.0,8.494791666666666,15.645833333333334,0.0,0.5507449870731121,3,4.366666666666667,0,55,30.63636363636364,12,64.0,64.0,1.0,Horizon Birmingham,Birmingham,Medium,Cardiology,126,2024,8,3,19,0,34,0,0.20225694444444442,1.0,-14,0.5429427430093209
HHN-BIR-01,2024-08-20,24,21,42.0,7.90625,15.71875,0.0,0.5365894590159296,7,2.3285714285714287,0,48,63.270833333333336,16,64.0,63.0,0.96875,Horizon Birmingham,Birmingham,Medium,Cardiology,126,2024,8,3,20,1,34,0,0.18824404761904762,0.984375,3,0.5029821073558648
HHN-BIR-01,2024-08-21,9,15,42.0,7.619791666666667,15.682291666666666,0.0,0.4873488915768327,3,4.133333333333334,0,26,33.30769230769231,5,64.0,63.0,0.96875,Horizon Birmingham,Birmingham,Medium,Cardiology,126,2024,8,3,21,2,34,0,0.1814236111111111,0.984375,-6,0.48588508801062774
HHN-BIR-01,2024-08-22,14,20,42.0,6.625,15.65625,0.0,0.4106498723226664,4,2.425,0,48,42.208333333333336,11,64.0,64.0,1.0,Horizon Birmingham,Birmingham,Medium,Cardiology,126,2024,8,3,22,3,34,0,0.15773809523809523,1.0,-6,0.4231536926147705
HHN-BIR-01,2024-08-23,38,21,42.0,7.328125,15.682291666666666,0.0,0.4662000317457298,3,3.733333333333333,0,99,48.09090909090909,34,64.0,64.0,1.0,Horizon Birmingham,Birmingham,Medium,Cardiology,126,2024,8,3,23,4,34,0,0.17447916666666666,1.0,17,0.4672866157422783
HHN-BIR-01,2024-08-24,6,14,42.0,8.0,15.578125,0.0,0.4938773823194779,0,0.0,0,31,14.387096774193548,6,64.0,64.0,1.0,Horizon Birmingham,Birmingham,Medium,Cardiology,126,2024,8,3,24,5,34,1,0.19047619047619047,1.0,-8,0.5135406218655968
HHN-BIR-01,2024-08-25,22,22,42.0,7.442708333333333,15.651041666666666,0.0,0.4545376171984627,0,0.0,0,74,52.41891891891892,23,64.0,63.0,0.96875,Horizon Birmingham,Birmingham,Medium,Cardiology,126,2024,8,3,25,6,34,1,0.17720734126984125,0.984375,0,0.475540765391015
HHN-BIR-01,2024-08-26,23,15,42.0,7.703125,15.671875,0.0,0.4853502472643098,0,0.0,0,63,62.34920634920635,25,64.0,59.0,0.84375,Horizon Birmingham,Birmingham,Medium,Cardiology,126,2024,8,3,26,0,35,0,0.18340773809523808,0.921875,8,0.4915254237288136
HHN-BIR-01,2024-08-27,25,12,42.0,9.192708333333334,15.697916666666666,0.0,0.6090165043290043,3,2.766666666666667,0,68,60.0735294117647,20,64.0,64.0,1.0,Horizon Birmingham,Birmingham,Medium,Cardiology,126,2024,8,3,27,1,35,0,0.21887400793650796,1.0,13,0.5856005308560054
HHN-BIR-01,2024-08-28,33,25,42.0,10.203125,15.640625,0.0,0.6775335476507353,2,2.15,0,78,58.23076923076923,31,64.0,63.0,0.96875,Horizon Birmingham,Birmingham,Medium,Cardiology,126,2024,8,3,28,2,35,0,0.24293154761904762,0.984375,8,0.6523476523476524
HHN-BIR-01,2024-08-29,28,28,42.0,9.713541666666666,15.645833333333334,0.0,0.6565220190026692,7,1.9857142857142855,0,73,35.42465753424658,21,64.0,64.0,1.0,Horizon Birmingham,Birmingham,Medium,Cardiology,126,2024,8,3,29,3,35,0,0.23127480158730157,1.0,0,0.6208388814913448
HHN-BIR-01,2024-08-30,17,24,42.0,9.723958333333334,15.713541666666666,0.0,0.6375769527446357,3,4.7,1,72,41.513888888888886,17,64.0,63.0,0.96875,Horizon Birmingham,Birmingham,Medium,Cardiology,126,2024,8,3,30,4,35,0,0.23152281746031747,0.984375,-7,0.618826648989062
HHN-BIR-01,2024-08-31,20,25,42.0,8.921875,15.625,0.0,0.5874822970192635,0,0.0,0,71,57.33802816901409,20,64.0,64.0,1.0,Horizon Birmingham,Birmingham,Medium,Cardiology,126,2024,8,3,31,5,35,1,0.21242559523809523,1.0,-5,0.571
HHN-BIR-01,2024-09-01,25,20,42.0,8.802083333333334,15.640625,0.0,0.5923996261771997,0,0.0,0,65,56.261538461538464,23,64.0,61.0,0.9375,Horizon Birmingham,Birmingham,Medium,Cardiology,126,2024,9,3,1,6,35,1,0.2095734126984127,0.953125,5,0.5627705627705628
HHN-BIR-01,2024-09-02,31,21,42.0,10.380208333333334,15.666666666666666,0.0,0.6584504138986047,8,2.8,1,97,44.845360824742265,25,64.0,64.0,1.0,Horizon Birmingham,Birmingham,Medium,Cardiology,126,2024,9,3,2,0,36,0,0.24714781746031747,1.0,10,0.6625664893617021
HHN-BIR-01,2024-09-03,24,20,42.0,11.484375,15.609375,0.0,0.7058424528311331,8,3.8875,0,44,52.09090909090909,16,64.0,64.0,1.0,Horizon Birmingham,Birmingham,Medium,Cardiology,126,2024,9,3,3,1,36,0,0.2734375,1.0,4,0.7357357357357357
HHN-BIR-01,2024-09-04,40,33,42.0,12.182291666666666,15.671875,0.0,0.7835777286949162,10,2.12,1,100,50.54,32,64.0,62.0,0.9375,Horizon Birmingham,Birmingham,Medium,Cardiology,126,2024,9,3,4,2,36,0,0.2900545634920635,0.96875,7,0.7773346626786307
HHN-BIR-01,2024-09-05,33,38,42.0,11.489583333333334,15.661458333333334,0.0,0.785516270767515,13,1.4692307692307691,0,59,55.66101694915254,18,64.0,62.0,0.9375,Horizon Birmingham,Birmingham,Medium,Cardiology,126,2024,9,3,5,3,36,0,0.27356150793650796,0.96875,-5,0.7336215497173263
HHN-BIR-01,2024-09-06,24,36,42.0,10.536458333333334,15.713541666666666,0.0,0.7160770652958153,6,4.466666666666667,0,66,38.13636363636363,16,64.0,64.0,1.0,Horizon Birmingham,Birmingham,Medium,Cardiology,126,2024,9,3,6,4,36,0,0.2508680555555556,1.0,-12,0.6705336426914154
HHN-BIR-01,2024-09-07,26,25,42.0,9.833333333333334,15.625,0.0,0.6693345946333079,0,0.0,0,87,46.16091954022989,28,64.0,63.0,0.96875,Horizon Birmingham,Birmingham,Medium,Cardiology,126,2024,9,3,7,5,36,1,0.23412698412698413,0.984375,1,0.6293333333333334
HHN-BIR-01,2024-09-08,13,18,42.0,10.473958333333334,15.666666666666666,0.0,0.7035819069212743,0,0.0,0,33,62.696969696969695,12,64.0,63.0,0.96875,Horizon Birmingham,Birmingham,Medium,Cardiology,126,2024,9,3,8,6,36,1,0.24937996031746032,0.984375,-5,0.6685505319148937
HHN-BIR-01,2024-09-09,33,24,42.0,10.473958333333334,15.6875,0.0,0.7114835849690024,9,3.3,0,73,50.78082191780822,24,64.0,64.0,1.0,Horizon Birmingham,Birmingham,Medium,Cardiology,126,2024,9,3,9,0,37,0,0.24937996031746032,1.0,9,0.6676626826029217
HHN-BIR-01,2024-09-10,18,32,42.0,10.34375,15.671875,0.0,0.7186673714017463,7,3.4285714285714284,2,61,40.81967213114754,13,64.0,62.0,0.9375,Horizon Birmingham,Birmingham,Medium,Cardiology,126,2024,9,3,10,1,37,0,0.24627976190476192,0.96875,-14,0.6600199401794616
HHN-BIR-01,2024-09-11,26,19,42.0,10.333333333333334,15.71875,0.0,0.6961605596371222,9,3.577777777777778,0,64,53.90625,15,64.0,63.0,0.96875,Horizon Birmingham,Birmingham,Medium,Cardiology,126,2024,9,3,11,2,37,0,0.24603174603174605,0.984375,7,0.6573889993373095
HHN-BIR-01,2024-09-12,26,28,42.0,10.046875,15.671875,0.0,0.6655240086880712,11,3.5181818181818185,1,56,37.285714285714285,15,64.0,62.0,0.96875,Horizon Birmingham,Birmingham,Medium,Cardiology,126,2024,9,3,12,3,37,0,0.23921130952380953,0.96875,-2,0.6410767696909272
HHN-BIR-01,2024-09-13,37,22,42.0,9.880208333333334,15.703125,0.0,0.6486130014759969,7,3.7142857142857135,0,93,51.913978494623656,32,64.0,63.0,0.96875,Horizon Birmingham,Birmingham,Medium,Cardiology,126,2024,9,3,13,4,37,0,0.23524305555555558,0.984375,15,0.6291873963515755
HHN-BIR-01,2024-09-14,23,25,42.0,10.348958333333334,15.619791666666666,0.0,0.6717762414078097,0,0.0,0,69,60.26086956521739,21,64.0,58.0,0.84375,Horizon Birmingham,Birmingham,Medium,Cardiology,126,2024,9,3,14,5,37,1,0.24640376984126985,0.90625,-2,0.6625541847282428
HHN-BIR-01,2024-09-15,21,27,42.0,9.916666666666666,15.541666666666666,0.0,0.6385960393772894,0,0.0,0,95,36.21052631578947,23,64.0,64.0,1.0,Horizon Birmingham,Birmingham,Medium,Cardiology,126,2024,9,3,15,6,37,1,0.2361111111111111,1.0,-6,0.6380697050938338
HHN-BIR-01,2024-09-16,43,30,42.0,10.536458333333334,15.682291666666666,0.0,0.6955595941924066,7,3.0,0,137,50.5985401459854,37,64.0,64.0,1.0,Horizon Birmingham,Birmingham,Medium,Cardiology,126,2024,9,3,16,0,38,0,0.2508680555555556,1.0,13,0.6718698106941217
HHN-BIR-01,2024-09-17,25,33,42.0,11.697916666666666,15.723958333333334,0.0,0.7736332730616268,9,2.977777777777778,0,45,51.2,15,64.0,57.0,0.875,Horizon Birmingham,Birmingham,Medium,Cardiology,126,2024,9,3,17,1,38,0,0.2785218253968254,0.890625,-8,0.7439549519708513
HHN-BIR-01,2024-09-18,41,27,42.0,11.244791666666666,15.734375,0.0,0.7389699748270521,8,2.675,0,76,56.776315789473685,31,64.0,64.0,1.0,Horizon Birmingham,Birmingham,Medium,Cardiology,126,2024,9,3,18,2,38,0,0.2677331349206349,1.0,14,0.7146640185369083
HHN-BIR-01,2024-09-19,19,28,42.0,12.088541666666666,15.666666666666666,0.0,0.7876759019337145,6,2.15,0,45,44.77777777777778,13,64.0,62.0,0.9375,Horizon Birmingham,Birmingham,Medium,Cardiology,126,2024,9,3,19,3,38,0,0.28782242063492064,0.96875,-9,0.7716090425531915
HHN-BIR-01,2024-09-20,28,22,42.0,11.572916666666666,15.703125,0.0,0.7440797709065173,9,2.844444444444445,1,52,52.38461538461539,18,64.0,63.0,0.96875,Horizon Birmingham,Birmingham,Medium,Cardiology,126,2024,9,3,20,4,38,0,0.2755456349206349,0.984375,6,0.7369817578772803
HHN-BIR-01,2024-09-21,15,27,42.0,11.213541666666666,15.625,0.0,0.7073886238523187,0,0.0,0,55,43.29090909090909,17,64.0,63.0,0.96875,Horizon Birmingham,Birmingham,Medium,Cardiology,126,2024,9,3,21,5,38,1,0.26698908730158727,0.984375,-12,0.7176666666666667
HHN-BIR-01,2024-09-22,15,23,42.0,10.338541666666666,15.640625,0.0,0.6667465091293217,0,0.0,0,48,50.645833333333336,15,64.0,63.0,0.96875,Horizon Birmingham,Birmingham,Medium,Cardiology,126,2024,9,3,22,6,38,1,0.24615575396825395,0.984375,-8,0.6610056610056609
HHN-BIR-01,2024-09-23,25,32,42.0,9.78125,15.671875,0.0,0.6326566495152022,7,2.7857142857142856,0,75,40.08,20,64.0,64.0,1.0,Horizon Birmingham,Birmingham,Medium,Cardiology,126,2024,9,3,23,0,39,0,0.23288690476190477,1.0,-7,0.6241276171485544
HHN-BIR-01,2024-09-24,22,21,42.0,9.697916666666666,15.651041666666666,0.0,0.6398687674078299,7,2.6142857142857143,0,55,36.8,15,64.0,64.0,1.0,Horizon Birmingham,Birmingham,Medium,Cardiology,126,2024,9,3,24,1,39,0,0.23090277777777776,1.0,1,0.6196339434276206
HHN-BIR-01,2024-09-25,38,32,42.0,10.109375,15.692708333333334,0.0,0.6853582366674189,11,2.4000000000000004,1,104,40.78846153846154,31,64.0,63.0,0.96875,Horizon Birmingham,Birmingham,Medium,Cardiology,126,2024,9,3,25,2,39,0,0.24069940476190477,0.984375,6,0.644208430136077
HHN-BIR-01,2024-09-26,36,25,42.0,11.21875,15.71875,0.0,0.7221896176399852,12,2.583333333333333,0,87,25.448275862068964,21,64.0,64.0,1.0,Horizon Birmingham,Birmingham,Medium,Cardiology,126,2024,9,3,26,3,39,0,0.26711309523809523,1.0,11,0.7137176938369781
HHN-BIR-01,2024-09-27,21,36,42.0,10.286458333333334,15.6875,0.0416666666666666,0.6770832104816479,5,1.5,0,50,47.82,16,64.0,64.0,1.0,Horizon Birmingham,Birmingham,Medium,Cardiology,126,2024,9,3,27,4,39,0,0.24491567460317462,1.0,-15,0.655710491367862
HHN-BIR-01,2024-09-28,29,15,42.0,10.401041666666666,15.619791666666666,0.125,0.6679473015410515,0,0.0,0,91,58.06593406593407,34,64.0,64.0,1.0,Horizon Birmingham,Birmingham,Medium,Cardiology,126,2024,9,3,28,5,39,1,0.2476438492063492,1.0,14,0.6658886295431811
HHN-BIR-01,2024-09-29,28,27,42.0,11.302083333333334,15.703125,0.125,0.7312677556818182,0,0.0,0,98,43.07142857142857,25,64.0,64.0,1.0,Horizon Birmingham,Birmingham,Medium,Cardiology,126,2024,9,3,29,6,39,1,0.2690972222222222,1.0,1,0.7197346600331676
HHN-BIR-01,2024-09-30,25,23,42.0,11.057291666666666,15.6875,0.125,0.7307097110716977,8,2.7125,0,66,37.333333333333336,18,64.0,62.0,0.96875,Horizon Birmingham,Birmingham,Medium,Cardiology,126,2024,9,3,30,0,40,0,0.2632688492063492,0.96875,2,0.7048472775564408
HHN-BIR-01,2024-10-01,14,31,42.0,10.640625,15.6875,0.125,0.7188345508658008,6,2.483333333333334,0,40,29.375,7,64.0,64.0,1.0,Horizon Birmingham,Birmingham,Medium,Cardiology,126,2024,10,4,1,1,40,0,0.2533482142857143,1.0,-17,0.6782868525896414
HHN-BIR-01,2024-10-02,27,26,42.0,10.026041666666666,15.6875,0.0052083333333333,0.6592945827320827,11,3.2363636363636363,0,61,41.81967213114754,16,64.0,61.0,0.9375,Horizon Birmingham,Birmingham,Medium,Cardiology,126,2024,10,4,2,2,40,0,0.23871527777777776,0.953125,1,0.6391102257636122
HHN-BIR-01,2024-10-03,30,25,42.0,10.005208333333334,15.682291666666666,0.0,0.684990486943612,9,2.2,0,81,42.160493827160494,23,64.0,64.0,1.0,Horizon Birmingham,Birmingham,Medium,Cardiology,126,2024,10,4,3,3,40,0,0.23821924603174605,1.0,5,0.6379940219196281
HHN-BIR-01,2024-10-04,40,27,42.0,11.03125,15.666666666666666,0.0,0.7062260898760754,10,3.22,1,74,51.02702702702703,27,64.0,64.0,1.0,Horizon Birmingham,Birmingham,Medium,Cardiology,126,2024,10,4,4,4,40,0,0.26264880952380953,1.0,13,0.7041223404255319
HHN-BIR-01,2024-10-05,39,22,42.0,11.807291666666666,15.567708333333334,0.0,0.7540060254485299,0,0.0,0,131,51.50381679389313,43,63.0,62.0,0.96875,Horizon Birmingham,Birmingham,Medium,Cardiology,126,2024,10,4,5,5,40,1,0.28112599206349204,0.9841269841269841,17,0.7584476413516226
HHN-BIR-01,2024-10-06,29,29,42.0,12.526041666666666,15.630208333333334,0.0,0.8005361555999895,0,0.0,0,94,50.41489361702128,28,64.0,64.0,1.0,Horizon Birmingham,Birmingham,Medium,Cardiology,126,2024,10,4,6,6,40,1,0.29823908730158727,1.0,0,0.801399533488837
HHN-BIR-01,2024-10-07,38,39,42.0,12.4375,15.692708333333334,0.0,0.8137643946467475,9,3.5444444444444443,1,87,55.367816091954026,34,64.0,63.0,0.96875,Horizon Birmingham,Birmingham,Medium,Cardiology,126,2024,10,4,7,0,41,0,0.2961309523809524,0.984375,-1,0.7925655492864254
HHN-BIR-01,2024-10-08,27,43,42.0,12.286458333333334,15.703125,0.0,0.7953492234885147,10,2.52,4,59,38.01694915254237,16,64.0,64.0,1.0,Horizon Birmingham,Birmingham,Medium,Cardiology,126,2024,10,4,8,1,41,0,0.2925347222222222,1.0,-16,0.7824212271973466
HHN-BIR-01,2024-10-09,33,27,42.0,12.203125,15.625,0.0,0.7755275693672394,7,3.557142857142857,1,114,44.37719298245614,30,64.0,63.0,0.96875,Horizon Birmingham,Birmingham,Medium,Cardiology,126,2024,10,4,9,2,41,0,0.29055059523809523,0.984375,6,0.781
HHN-BIR-01,2024-10-10,32,29,42.0,12.927083333333334,15.666666666666666,0.0,0.8329512275777519,11,2.872727272727273,0,51,53.84313725490196,18,64.0,63.0,0.96875,Horizon Birmingham,Birmingham,Medium,Cardiology,126,2024,10,4,10,3,41,0,0.30778769841269843,0.984375,3,0.8251329787234043
HHN-BIR-01,2024-10-11,44,28,42.0,12.901041666666666,15.65625,0.0,0.8240710346638656,9,2.8222222222222224,0,132,42.59848484848485,38,64.0,64.0,1.0,Horizon Birmingham,Birmingham,Medium,Cardiology,126,2024,10,4,11,4,41,0,0.3071676587301587,1.0,16,0.824018629407851
HHN-BIR-01,2024-10-12,18,24,42.0,13.088541666666666,15.578125,0.0,0.8137778335092335,0,0.0,0,70,39.18571428571428,19,64.0,63.0,0.96875,Horizon Birmingham,Birmingham,Medium,Cardiology,126,2024,10,4,12,5,41,1,0.3116319444444444,0.984375,-6,0.8401872283517218
HHN-BIR-01,2024-10-13,18,36,42.0,12.072916666666666,15.609375,0.0,0.7802969696786389,0,0.0,0,62,43.016129032258064,15,64.0,60.0,0.875,Horizon Birmingham,Birmingham,Medium,Cardiology,126,2024,10,4,13,6,41,1,0.2874503968253968,0.9375,-18,0.7734401067734401
HHN-BIR-01,2024-10-14,29,28,42.0,12.40625,15.6875,0.0,0.8183828613516114,14,1.7,2,65,51.0,15,64.0,64.0,1.0,Horizon Birmingham,Birmingham,Medium,Cardiology,126,2024,10,4,14,0,42,0,0.29538690476190477,1.0,1,0.7908366533864541
HHN-BIR-01,2024-10-15,35,26,42.0,12.645833333333334,15.65625,0.0,0.790902633107669,11,3.3545454545454545,1,64,53.03125,24,64.0,64.0,1.0,Horizon Birmingham,Birmingham,Medium,Cardiology,126,2024,10,4,15,1,42,0,0.3010912698412699,1.0,9,0.8077178975382568
HHN-BIR-01,2024-10-16,34,34,42.0,12.541666666666666,15.671875,0.0,0.7895740006591759,11,2.763636363636364,2,95,49.17894736842105,28,64.0,63.0,0.96875,Horizon Birmingham,Birmingham,Medium,Cardiology,126,2024,10,4,16,2,42,0,0.2986111111111111,0.984375,0,0.8002658690594882
HHN-BIR-01,2024-10-17,27,25,42.0,12.463541666666666,15.682291666666666,0.0,0.766583877970672,5,3.66,1,62,46.564516129032256,20,64.0,64.0,1.0,Horizon Birmingham,Birmingham,Medium,Cardiology,126,2024,10,4,17,3,42,0,0.29675099206349204,1.0,2,0.7947525738957157
HHN-BIR-01,2024-10-18,29,26,42.0,12.442708333333334,15.71875,0.0,0.7723665223665224,5,2.58,1,73,66.9041095890411,29,64.0,63.0,0.96875,Horizon Birmingham,Birmingham,Medium,Cardiology,126,2024,10,4,18,4,42,0,0.29625496031746035,0.984375,3,0.791583830351226
HHN-BIR-01,2024-10-19,23,36,42.0,11.770833333333334,15.65625,0.0,0.7611300938997204,0,0.0,0,76,29.223684210526315,19,64.0,64.0,1.0,Horizon Birmingham,Birmingham,Medium,Cardiology,126,2024,10,4,19,5,42,1,0.2802579365079365,1.0,-13,0.7518296739853626
HHN-BIR-01,2024-10-20,17,36,42.0,10.536458333333334,15.630208333333334,0.0,0.7140482037196191,0,0.0,0,73,43.58904109589041,19,64.0,60.0,0.90625,Horizon Birmingham,Birmingham,Medium,Cardiology,126,2024,10,4,20,6,42,1,0.2508680555555556,0.9375,-19,0.6741086304565145
HHN-BIR-01,2024-10-21,28,21,42.0,10.635416666666666,15.677083333333334,0.1875,0.7143508382303613,5,4.12,3,64,57.78125,24,64.0,63.0,0.96875,Horizon Birmingham,Birmingham,Medium,Cardiology,126,2024,10,4,21,0,43,0,0.25322420634920634,0.984375,7,0.6784053156146179
HHN-BIR-01,2024-10-22,33,26,42.0,10.510416666666666,15.651041666666666,0.375,0.7374787755647131,10,3.52,1,55,75.85454545454546,22,64.0,63.0,0.96875,Horizon Birmingham,Birmingham,Medium,Cardiology,126,2024,10,4,22,1,43,0,0.25024801587301587,0.984375,7,0.6715474209650583
HHN-BIR-01,2024-10-23,35,33,42.0,11.010416666666666,15.682291666666666,0.375,0.7491511535169623,14,2.2214285714285715,1,76,41.328947368421055,21,64.0,63.0,0.96875,Horizon Birmingham,Birmingham,Medium,Cardiology,126,2024,10,4,23,2,43,0,0.2621527777777778,0.984375,2,0.7020923281301893
HHN-BIR-01,2024-10-24,40,28,42.0,11.796875,15.703125,0.375,0.7649314010642135,7,3.6571428571428575,0,128,43.859375,34,64.0,63.0,0.96875,Horizon Birmingham,Birmingham,Medium,Cardiology,126,2024,10,4,24,3,43,0,0.28087797619047616,0.984375,12,0.7512437810945274
HHN-BIR-01,2024-10-25,33,34,42.0,11.776041666666666,15.723958333333334,0.375,0.7674541170634921,11,2.8363636363636364,2,76,53.14473684210526,22,64.0,64.0,1.0,Horizon Birmingham,Birmingham,Medium,Cardiology,126,2024,10,4,25,4,43,0,0.2803819444444444,1.0,-1,0.7489234845975488
HHN-BIR-01,2024-10-26,53,30,42.0,11.854166666666666,15.645833333333334,0.03125,0.8035448131955484,0,0.0,0,154,60.83766233766234,54,64.0,61.0,0.9375,Horizon Birmingham,Birmingham,Medium,Cardiology,126,2024,10,4,26,5,43,1,0.2822420634920635,0.953125,23,0.7576564580559254
HHN-BIR-01,2024-10-27,27,30,42.0,12.052083333333334,15.651041666666666,0.0,0.7888665409345555,0,0.0,0,73,48.15068493150685,25,64.0,63.0,0.96875,Horizon Birmingham,Birmingham,Medium,Cardiology,126,2024,10,4,27,6,43,1,0.2869543650793651,0.984375,-3,0.7700499168053245
HHN-BIR-01,2024-10-28,21,42,42.0,12.036458333333334,15.677083333333334,0.0,0.776763182349344,6,2.35,1,47,48.93617021276596,15,64.0,64.0,1.0,Horizon Birmingham,Birmingham,Medium,Cardiology,126,2024,10,4,28,0,44,0,0.2865823412698413,1.0,-21,0.7677740863787376
HHN-BIR-01,2024-10-29,38,31,42.0,12.338541666666666,15.692708333333334,0.0,0.7955561795508341,11,2.8,0,77,56.85714285714285,28,64.0,61.0,0.90625,Horizon Birmingham,Birmingham,Medium,Cardiology,126,2024,10,4,29,1,44,0,0.29377480158730157,0.953125,7,0.7862595419847328
HHN-BIR-01,2024-10-30,29,37,42.0,12.515625,15.71875,0.0,0.7930018187830687,10,2.39,0,57,59.78947368421053,19,64.0,58.0,0.875,Horizon Birmingham,Birmingham,Medium,Cardiology,126,2024,10,4,30,2,44,0,0.29799107142857145,0.90625,-8,0.7962226640159046
HHN-BIR-01,2024-10-31,30,33,42.0,11.75,15.65625,0.0,0.7427439040309106,8,1.9375,0,81,43.333333333333336,20,64.0,64.0,1.0,Horizon Birmingham,Birmingham,Medium,Cardiology,126,2024,10,4,31,3,44,0,0.27976190476190477,1.0,-3,0.7504990019960079
HHN-BIR-01,2024-11-01,28,29,42.0,11.557291666666666,15.645833333333334,0.0,0.7169953129032778,4,1.475,0,91,43.64835164835165,28,64.0,61.0,0.9375,Horizon Birmingham,Birmingham,Medium,Cardiology,126,2024,11,4,1,4,44,0,0.2751736111111111,0.953125,-1,0.7386817576564579
HHN-BIR-01,2024-11-02,21,22,42.0,11.359375,15.614583333333334,0.0,0.6882385715124443,0,0.0,0,53,52.0188679245283,18,64.0,64.0,1.0,Horizon Birmingham,Birmingham,Medium,Cardiology,126,2024,11,4,2,5,44,1,0.27046130952380953,1.0,-1,0.7274849899933289
HHN-BIR-01,2024-11-03,13,23,42.0,11.307291666666666,15.541666666666666,0.0,0.706366595195083,0,0.0,0,57,43.50877192982456,15,64.0,63.0,0.96875,Horizon Birmingham,Birmingham,Medium,Cardiology,126,2024,11,4,3,6,44,1,0.2692212301587301,0.984375,-10,0.7275469168900804
HHN-BIR-01,2024-11-04,29,29,42.0,10.848958333333334,15.708333333333334,0.0,0.6930424971440597,8,3.425,0,61,39.09836065573771,20,64.0,63.0,0.96875,Horizon Birmingham,Birmingham,Medium,Cardiology,126,2024,11,4,4,0,45,0,0.25830853174603174,0.984375,0,0.6906498673740054
HHN-BIR-01,2024-11-05,41,32,42.0,11.880208333333334,15.6875,0.0,0.7547452764249639,12,2.5416666666666665,2,107,46.55140186915888,32,64.0,64.0,1.0,Horizon Birmingham,Birmingham,Medium,Cardiology,126,2024,11,4,5,1,45,0,0.2828621031746032,1.0,9,0.7573041168658698
HHN-BIR-01,2024-11-06,40,31,42.0,12.713541666666666,15.635416666666666,0.0,0.7894213714526215,5,4.12,1,104,45.75961538461539,35,64.0,64.0,1.0,Horizon Birmingham,Birmingham,Medium,Cardiology,126,2024,11,4,6,2,45,0,0.302703373015873,1.0,9,0.813124583610926
HHN-BIR-01,2024-11-07,39,33,42.0,12.598958333333334,15.6875,0.0,0.8345138966089803,7,2.0571428571428574,0,127,34.53543307086614,33,64.0,64.0,1.0,Horizon Birmingham,Birmingham,Medium,Cardiology,126,2024,11,4,7,3,45,0,0.29997519841269843,1.0,6,0.803120849933599
HHN-BIR-01,2024-11-08,34,38,42.0,12.010416666666666,15.703125,0.0,0.8045106297059422,4,2.975,2,109,40.669724770642205,27,64.0,58.0,0.875,Horizon Birmingham,Birmingham,Medium,Cardiology,126,2024,11,4,8,4,45,0,0.28596230158730157,0.90625,-4,0.7648424543946931
HHN-BIR-01,2024-11-09,15,34,42.0,11.088541666666666,15.619791666666666,0.0,0.7591920630887857,0,0.0,0,51,69.11764705882354,18,64.0,64.0,1.0,Horizon Birmingham,Birmingham,Medium,Cardiology,126,2024,11,4,9,5,45,1,0.2640128968253968,1.0,-19,0.7099033011003668
HHN-BIR-01,2024-11-10,35,27,42.0,10.838541666666666,15.578125,0.0,0.7571887114505148,0,0.0,0,125,55.664,40,64.0,64.0,1.0,Horizon Birmingham,Birmingham,Medium,Cardiology,126,2024,11,4,10,6,45,1,0.25806051587301587,1.0,8,0.6957539284520227
HHN-BIR-01,2024-11-11,39,28,42.0,11.515625,15.703125,0.0,0.7706658179219156,7,3.128571428571429,0,121,34.05785123966942,31,64.0,63.0,0.96875,Horizon Birmingham,Birmingham,Medium,Cardiology,126,2024,11,4,11,0,46,0,0.2741815476190476,0.984375,11,0.7333333333333333
HHN-BIR-01,2024-11-12,22,36,42.0,11.885416666666666,15.651041666666666,0.0,0.7845307912714543,8,3.9375,2,57,32.63157894736842,10,64.0,63.0,0.96875,Horizon Birmingham,Birmingham,Medium,Cardiology,126,2024,11,4,12,1,46,0,0.2829861111111111,0.984375,-14,0.7594009983361065
HHN-BIR-01,2024-11-13,27,28,42.0,11.614583333333334,15.723958333333334,0.0,0.7868994070165946,11,2.4727272727272727,1,50,58.36,19,64.0,63.0,0.96875,Horizon Birmingham,Birmingham,Medium,Cardiology,126,2024,11,4,13,2,46,0,0.27653769841269843,0.984375,-1,0.7386551838357072
HHN-BIR-01,2024-11-14,25,30,42.0,11.020833333333334,15.713541666666666,0.0,0.7567363668259247,10,3.16,1,55,43.16363636363637,14,64.0,61.0,0.9375,Horizon Birmingham,Birmingham,Medium,Cardiology,126,2024,11,4,14,3,46,0,0.26240079365079366,0.953125,-5,0.701358965860126
HHN-BIR-01,2024-11-15,28,32,42.0,9.75,15.671875,0.0,0.6917950257588416,9,3.3666666666666667,0,75,35.21333333333333,18,64.0,64.0,1.0,Horizon Birmingham,Birmingham,Medium,Cardiology,126,2024,11,4,15,4,46,0,0.23214285714285715,1.0,-4,0.6221335992023929
HHN-BIR-01,2024-11-16,12,21,42.0,9.229166666666666,15.557291666666666,0.0,0.6552080167129007,0,0.0,0,46,43.02173913043478,12,64.0,61.0,0.9375,Horizon Birmingham,Birmingham,Medium,Cardiology,126,2024,11,4,16,5,46,1,0.2197420634920635,0.953125,-9,0.5932373619015735
HHN-BIR-01,2024-11-17,23,26,42.0,9.296875,15.645833333333334,0.0,0.6613192888964464,0,0.0,0,69,55.55072463768116,23,64.0,63.0,0.96875,Horizon Birmingham,Birmingham,Medium,Cardiology,126,2024,11,4,17,6,46,1,0.22135416666666666,0.984375,-3,0.594207723035952
HHN-BIR-01,2024-11-18,40,25,42.0,10.34375,15.692708333333334,0.0,0.7126322751322752,8,2.8,0,103,48.07766990291263,31,64.0,64.0,1.0,Horizon Birmingham,Birmingham,Medium,Cardiology,126,2024,11,4,18,0,47,0,0.24627976190476192,1.0,15,0.6591437105874544
HHN-BIR-01,2024-11-19,25,27,42.0,11.15625,15.692708333333334,0.0,0.7168205066502457,5,2.8,0,75,44.41333333333333,21,64.0,64.0,1.0,Horizon Birmingham,Birmingham,Medium,Cardiology,126,2024,11,4,19,1,47,0,0.265625,1.0,-2,0.7109193494855626
HHN-BIR-01,2024-11-20,39,30,42.0,11.385416666666666,15.697916666666666,0.0,0.7241681907927312,11,3.636363636363636,1,81,71.32098765432099,30,64.0,61.0,0.9375,Horizon Birmingham,Birmingham,Medium,Cardiology,126,2024,11,4,20,2,47,0,0.2710813492063492,0.953125,9,0.7252820172528202
HHN-BIR-01,2024-11-21,27,33,42.0,11.848958333333334,15.625,0.0,0.7532129081779576,4,3.125,1,66,51.77272727272727,22,64.0,62.0,0.9375,Horizon Birmingham,Birmingham,Medium,Cardiology,126,2024,11,4,21,3,47,0,0.2821180555555556,0.96875,-6,0.7583333333333334
HHN-BIR-01,2024-11-22,38,25,42.0,11.963541666666666,15.666666666666666,0.0,0.7640970748852182,4,2.45,2,119,45.7563025210084,36,64.0,63.0,0.96875,Horizon Birmingham,Birmingham,Medium,Cardiology,126,2024,11,4,22,4,47,0,0.2848462301587301,0.984375,13,0.7636303191489362
HHN-BIR-01,2024-11-23,14,28,42.0,11.447916666666666,15.53125,0.1979166666666666,0.7356800203555477,0,0.0,0,62,37.30645161290322,14,64.0,63.0,0.96875,Horizon Birmingham,Birmingham,Medium,Cardiology,126,2024,11,4,23,5,47,1,0.2725694444444444,0.984375,-14,0.7370892018779343
HHN-BIR-01,2024-11-24,23,32,42.0,10.333333333333334,15.609375,0.25,0.6624525129664932,0,0.0,0,82,38.25609756097561,23,64.0,64.0,1.0,Horizon Birmingham,Birmingham,Medium,Cardiology,126,2024,11,4,24,6,47,1,0.24603174603174605,1.0,-9,0.6619953286619954
HHN-BIR-01,2024-11-25,29,32,42.0,9.791666666666666,15.651041666666666,0.25,0.6513464026101894,6,2.1666666666666665,0,74,53.0,25,64.0,64.0,1.0,Horizon Birmingham,Birmingham,Medium,Cardiology,126,2024,11,4,25,0,48,0,0.2331349206349206,1.0,-3,0.6256239600665557
HHN-BIR-01,2024-11-26,26,28,42.0,9.677083333333334,15.651041666666666,0.25,0.6458849960803086,9,2.588888888888889,1,80,29.3125,15,64.0,61.0,0.90625,Horizon Birmingham,Birmingham,Medium,Cardiology,126,2024,11,4,26,1,48,0,0.23040674603174605,0.953125,-2,0.6183028286189685
HHN-BIR-01,2024-11-27,34,23,42.0,10.317708333333334,15.645833333333334,0.25,0.6620307119637396,11,2.8454545454545457,0,90,34.53333333333333,24,64.0,63.0,0.96875,Horizon Birmingham,Birmingham,Medium,Cardiology,126,2024,11,4,27,2,48,0,0.24565972222222224,0.984375,11,0.6594540612516645
HHN-BIR-01,2024-11-28,37,30,42.0,11.0,15.625,0.0520833333333333,0.7161451077811373,10,2.18,2,86,53.69767441860465,30,64.0,63.0,0.96875,Horizon Birmingham,Birmingham,Medium,Cardiology,126,2024,11,4,28,3,48,0,0.2619047619047619,0.984375,7,0.704
HHN-BIR-01,2024-11-29,26,24,42.0,11.671875,15.635416666666666,0.0,0.7497654978123728,2,3.2,1,84,47.32142857142857,25,64.0,64.0,1.0,Horizon Birmingham,Birmingham,Medium,Cardiology,126,2024,11,4,29,4,48,0,0.2779017857142857,1.0,2,0.7465023317788142
HHN-BIR-01,2024-11-30,35,32,42.0,11.15625,15.625,0.0,0.6968400472306722,0,0.0,0,126,49.8015873015873,39,64.0,64.0,1.0,Horizon Birmingham,Birmingham,Medium,Cardiology,126,2024,11,4,30,5,48,1,0.265625,1.0,3,0.714
HHN-BIR-01,2024-12-01,32,39,42.0,10.807291666666666,15.526041666666666,0.0,0.6929989295870681,0,0.0,0,97,46.8041237113402,27,64.0,60.0,0.875,Horizon Birmingham,Birmingham,Medium,Cardiology,126,2024,12,4,1,6,48,1,0.25731646825396826,0.9375,-7,0.6960751425696075
HHN-BIR-01,2024-12-02,37,35,42.0,11.072916666666666,15.640625,0.0,0.7150015141249897,10,3.49,0,99,47.96969696969697,30,64.0,62.0,0.96875,Horizon Birmingham,Birmingham,Medium,Cardiology,126,2024,12,4,2,0,49,0,0.263640873015873,0.96875,2,0.707958707958708
HHN-BIR-01,2024-12-03,37,33,42.0,11.510416666666666,15.583333333333334,0.0,0.7081088496389564,8,2.8375,2,100,39.62,27,64.0,64.0,1.0,Horizon Birmingham,Birmingham,Medium,Cardiology,126,2024,12,4,3,1,49,0,0.27405753968253965,1.0,4,0.7386363636363635
HHN-BIR-01,2024-12-04,32,27,42.0,11.572916666666666,15.567708333333334,0.0,0.7352611721855142,8,3.075,2,96,37.052083333333336,25,64.0,60.0,0.90625,Horizon Birmingham,Birmingham,Medium,Cardiology,126,2024,12,4,4,2,49,0,0.2755456349206349,0.9375,5,0.7433924389427902
HHN-BIR-01,2024-12-05,30,27,42.0,12.119791666666666,15.625,0.0,0.794810539670737,8,1.725,2,59,68.84745762711864,22,64.0,64.0,1.0,Horizon Birmingham,Birmingham,Medium,Cardiology,126,2024,12,4,5,3,49,0,0.28856646825396826,1.0,3,0.7756666666666666
HHN-BIR-01,2024-12-06,58,30,42.0,12.4375,15.625,0.0,0.8084245640457531,7,1.7142857142857142,0,134,59.85074626865672,52,64.0,64.0,1.0,Horizon Birmingham,Birmingham,Medium,Cardiology,126,2024,12,4,6,4,49,0,0.2961309523809524,1.0,28,0.796
HHN-BIR-01,2024-12-07,32,45,42.0,12.53125,15.5625,0.0,0.7911743927368927,0,0.0,0,114,46.39473684210526,36,64.0,57.0,0.84375,Horizon Birmingham,Birmingham,Medium,Cardiology,126,2024,12,4,7,5,49,1,0.29836309523809523,0.890625,-13,0.8052208835341366
HHN-BIR-01,2024-12-08,33,37,42.0,12.302083333333334,15.494791666666666,0.0,0.7798326406702648,0,0.0,0,102,41.31372549019608,27,64.0,59.0,0.875,Horizon Birmingham,Birmingham,Medium,Cardiology,126,2024,12,4,8,6,49,1,0.29290674603174605,0.921875,-4,0.7939495798319328
HHN-BIR-01,2024-12-09,32,29,42.0,11.989583333333334,15.604166666666666,0.0,0.7556723663655746,6,3.1666666666666665,1,94,54.6063829787234,29,64.0,63.0,0.96875,Horizon Birmingham,Birmingham,Medium,Cardiology,126,2024,12,4,9,0,50,0,0.2854662698412699,0.984375,3,0.7683578104138853
HHN-BIR-01,2024-12-10,40,40,42.0,12.333333333333334,15.625,0.0,0.7753120866402116,9,2.6555555555555554,1,86,39.34883720930232,29,64.0,64.0,1.0,Horizon Birmingham,Birmingham,Medium,Cardiology,126,2024,12,4,10,1,50,0,0.29365079365079366,1.0,0,0.7893333333333333
HHN-BIR-01,2024-12-11,38,45,42.0,12.619791666666666,15.708333333333334,0.0,0.8096961993446369,8,2.3625,1,91,57.79120879120879,31,64.0,62.0,0.9375,Horizon Birmingham,Birmingham,Medium,Cardiology,126,2024,12,4,11,2,50,0,0.3004712301587301,0.96875,-7,0.8033819628647214
HHN-BIR-01,2024-12-12,55,41,42.0,13.307291666666666,15.598958333333334,0.0,0.8563374038394597,8,3.0625,1,144,47.93055555555556,49,64.0,64.0,1.0,Horizon Birmingham,Birmingham,Medium,Cardiology,126,2024,12,4,12,3,50,0,0.3168402777777778,1.0,14,0.8530884808013355
HHN-BIR-01,2024-12-13,47,39,42.0,13.390625,15.557291666666666,0.0,0.8391997563872563,6,2.8166666666666664,0,124,42.5,38,64.0,64.0,1.0,Horizon Birmingham,Birmingham,Medium,Cardiology,126,2024,12,4,13,4,50,0,0.31882440476190477,1.0,8,0.8607298292601272
HHN-BIR-01,2024-12-14,23,39,42.0,12.692708333333334,15.567708333333334,0.0,0.8060066546183032,0,0.0,0,91,46.51648351648352,26,64.0,62.0,0.9375,Horizon Birmingham,Birmingham,Medium,Cardiology,126,2024,12,4,14,5,50,1,0.3022073412698413,0.96875,-16,0.8153228504516561
HHN-BIR-01,2024-12-15,37,39,42.0,11.927083333333334,15.572916666666666,0.0,0.7760968189162124,0,0.0,0,121,56.14876033057851,41,64.0,61.0,0.9375,Horizon Birmingham,Birmingham,Medium,Cardiology,126,2024,12,4,15,6,50,1,0.2839781746031746,0.953125,-2,0.7658862876254181
HHN-BIR-01,2024-12-16,36,22,42.0,12.71875,15.651041666666666,0.0,0.8184353602552132,5,2.78,0,114,30.00877192982456,26,64.0,62.0,0.9375,Horizon Birmingham,Birmingham,Medium,Cardiology,126,2024,12,4,16,0,51,0,0.30282738095238093,0.96875,14,0.8126455906821963
HHN-BIR-01,2024-12-17,55,39,42.0,13.239583333333334,15.609375,0.0,0.8551985192610192,13,2.784615384615385,1,146,42.636986301369866,43,64.0,63.0,0.96875,Horizon Birmingham,Birmingham,Medium,Cardiology,126,2024,12,4,17,1,51,0,0.3152281746031746,0.984375,16,0.8481815148481816
HHN-BIR-01,2024-12-18,21,30,42.0,13.338541666666666,15.640625,0.0,0.838425925925926,1,3.0,0,68,38.19117647058823,19,64.0,62.0,0.9375,Horizon Birmingham,Birmingham,Medium,Cardiology,126,2024,12,4,18,2,51,0,0.3175843253968254,0.96875,-9,0.8528138528138528
HHN-BIR-01,2024-12-19,35,35,42.0,13.203125,15.640625,0.0,0.8709840859231104,3,2.6,1,89,57.53932584269663,30,64.0,60.0,0.90625,Horizon Birmingham,Birmingham,Medium,Cardiology,126,2024,12,4,19,3,51,0,0.31436011904761907,0.9375,0,0.8441558441558441
HHN-BIR-01,2024-12-20,26,40,42.0,12.817708333333334,15.619791666666666,0.0,0.821973720043573,2,3.55,0,79,55.0126582278481,25,64.0,61.0,0.90625,Horizon Birmingham,Birmingham,Medium,Cardiology,126,2024,12,4,20,4,51,0,0.30518353174603174,0.953125,-14,0.8206068689563188
HHN-BIR-01,2024-12-21,39,44,42.0,11.916666666666666,15.567708333333334,0.0,0.8018535291681954,0,0.0,0,126,43.70634920634921,39,64.0,62.0,0.9375,Horizon Birmingham,Birmingham,Medium,Cardiology,126,2024,12,4,21,5,51,1,0.2837301587301587,0.96875,-5,0.7654734024757444
HHN-BIR-01,2024-12-22,30,38,42.0,11.005208333333334,15.59375,0.0,0.7236367403531926,0,0.0,0,103,48.33009708737864,33,64.0,62.0,0.9375,Horizon Birmingham,Birmingham,Medium,Cardiology,126,2024,12,4,22,6,51,1,0.2620287698412699,0.96875,-8,0.705744822979292
HHN-BIR-01,2024-12-23,20,31,42.0,11.15625,15.598958333333334,0.0,0.7255680494589435,3,2.8000000000000003,2,82,39.23170731707317,21,64.0,63.0,0.96875,Horizon Birmingham,Birmingham,Medium,Cardiology,126,2024,12,4,23,0,52,0,0.265625,0.984375,-11,0.7151919866444073
HHN-BIR-01,2024-12-24,21,27,42.0,11.286458333333334,15.578125,0.0,0.7362756248712509,2,1.9,1,64,53.421875,17,63.0,60.0,0.90625,Horizon Birmingham,Birmingham,Medium,Cardiology,126,2024,12,4,24,1,52,0,0.26872519841269843,0.9523809523809523,-6,0.7245068538950185
HHN-BIR-01,2024-12-25,34,33,42.0,10.614583333333334,15.651041666666666,0.0,0.711847394418626,0,0.0,0,115,54.14782608695652,33,64.0,61.0,0.90625,Horizon Birmingham,Birmingham,Medium,Cardiology,126,2024,12,4,25,2,52,0,0.2527281746031746,0.953125,1,0.6782029950083195
HHN-BIR-01,2024-12-26,24,31,42.0,10.614583333333334,15.567708333333334,0.0,0.7037072519494395,0,0.0,0,91,44.53846153846154,23,64.0,64.0,1.0,Horizon Birmingham,Birmingham,Medium,Cardiology,126,2024,12,4,26,3,52,0,0.2527281746031746,1.0,-7,0.6818333890933422
HHN-BIR-01,2024-12-27,22,17,42.0,10.5625,15.604166666666666,0.0,0.700270916447387,5,3.68,0,78,50.43589743589744,21,64.0,63.0,0.96875,Horizon Birmingham,Birmingham,Medium,Cardiology,126,2024,12,4,27,4,52,0,0.25148809523809523,0.984375,5,0.6769025367156208
HHN-BIR-01,2024-12-28,33,21,42.0,11.098958333333334,15.494791666666666,0.0,0.7787669580475066,0,0.0,0,117,52.61538461538461,37,64.0,62.0,0.9375,Horizon Birmingham,Birmingham,Medium,Cardiology,126,2024,12,4,28,5,52,1,0.26426091269841273,0.96875,12,0.7163025210084034
HHN-BIR-01,2024-12-29,35,37,42.0,11.057291666666666,15.588541666666666,0.0,0.7643371963684463,0,0.0,0,119,46.7563025210084,33,64.0,63.0,0.96875,Horizon Birmingham,Birmingham,Medium,Cardiology,126,2024,12,4,29,6,52,1,0.2632688492063492,0.984375,-2,0.7093217507517541
HHN-BIR-01,2024-12-30,42,32,42.0,10.791666666666666,15.645833333333334,0.0,0.7543153750185,2,0.2,0,127,50.55905511811024,40,64.0,63.0,0.96875,Horizon Birmingham,Birmingham,Medium,Cardiology,126,2024,12,4,30,0,1,0,0.2569444444444444,0.984375,10,0.6897470039946737
HHN-BIR-01,2024-12-31,44,33,42.0,11.21875,15.635416666666666,0.0,0.7708464423308173,2,2.25,1,129,53.04651162790697,41,64.0,62.0,0.9375,Horizon Birmingham,Birmingham,Medium,Cardiology,126,2024,12,4,31,1,1,0,0.26711309523809523,0.96875,11,0.7175216522318455
HHN-BIR-01,2025-01-01,22,38,42.0,10.828125,15.578125,0.0,0.7563111971429985,0,0.0,0,63,41.49206349206349,19,64.0,62.0,0.96875,Horizon Birmingham,Birmingham,Medium,Cardiology,126,2025,1,1,1,2,1,0,0.2578125,0.96875,-16,0.695085255767302
HHN-BIR-01,2025-01-02,28,36,42.0,11.145833333333334,15.661458333333334,0.0,0.7772302708230682,4,5.8,0,99,34.82828282828283,25,64.0,62.0,0.9375,Horizon Birmingham,Birmingham,Medium,Cardiology,126,2025,1,1,2,3,1,0,0.26537698412698413,0.96875,-8,0.7116727635517127
HHN-BIR-01,2025-01-03,34,29,42.0,10.505208333333334,15.630208333333334,0.0,0.7030542591089466,1,5.1,1,93,52.70967741935484,35,64.0,61.0,0.9375,Horizon Birmingham,Birmingham,Medium,Cardiology,126,2025,1,1,3,4,1,0,0.25012400793650796,0.953125,5,0.672109296901033
HHN-BIR-01,2025-01-04,26,31,42.0,10.838541666666666,15.609375,0.0,0.7234566946504827,0,0.0,0,76,70.85526315789474,30,64.0,62.0,0.9375,Horizon Birmingham,Birmingham,Medium,Cardiology,126,2025,1,1,4,5,1,1,0.25806051587301587,0.96875,-5,0.694361027694361
HHN-BIR-01,2025-01-05,46,39,42.0,11.229166666666666,15.578125,0.0,0.7562376830324844,0,0.0,0,133,54.11278195488722,45,64.0,59.0,0.875,Horizon Birmingham,Birmingham,Medium,Cardiology,126,2025,1,1,5,6,1,1,0.2673611111111111,0.921875,7,0.7208291541290538
HHN-BIR-01,2025-01-06,65,36,42.0,12.380208333333334,15.59375,0.0,0.80692051004551,5,2.02,0,222,44.21621621621622,63,64.0,62.0,0.9375,Horizon Birmingham,Birmingham,Medium,Cardiology,126,2025,1,1,6,0,2,0,0.2947668650793651,0.96875,29,0.7939211756847028
HHN-BIR-01,2025-01-07,42,35,42.0,13.348958333333334,15.609375,0.0,0.8620805902055902,4,3.225,1,113,37.39823008849557,35,64.0,60.0,0.875,Horizon Birmingham,Birmingham,Medium,Cardiology,126,2025,1,1,7,1,2,0,0.3178323412698413,0.9375,7,0.8551885218551886
HHN-BIR-01,2025-01-08,21,45,42.0,13.28125,15.552083333333334,0.0,0.8488535951015392,6,2.4166666666666665,1,62,42.08064516129032,16,64.0,58.0,0.875,Horizon Birmingham,Birmingham,Medium,Cardiology,126,2025,1,1,8,2,2,0,0.3162202380952381,0.90625,-24,0.8539852645679838
HHN-BIR-01,2025-01-09,21,40,42.0,11.833333333333334,15.614583333333334,0.0,0.7825784654139434,8,2.5625,1,66,34.09090909090909,15,64.0,63.0,0.96875,Horizon Birmingham,Birmingham,Medium,Cardiology,126,2025,1,1,9,3,2,0,0.28174603174603174,0.984375,-19,0.7578385590393596
HHN-BIR-01,2025-01-10,18,37,42.0,10.46875,15.609375,0.0,0.6669916310541311,4,2.6500000000000004,1,70,34.142857142857146,13,64.0,60.0,0.90625,Horizon Birmingham,Birmingham,Medium,Cardiology,126,2025,1,1,10,4,2,0,0.24925595238095238,0.9375,-19,0.6706706706706707
HHN-BIR-01,2025-01-11,51,33,42.0,10.302083333333334,15.583333333333334,0.0,0.6895861128773387,0,0.0,0,152,54.151315789473685,54,64.0,64.0,1.0,Horizon Birmingham,Birmingham,Medium,Cardiology,126,2025,1,1,11,5,2,1,0.24528769841269843,1.0,18,0.661096256684492
HHN-BIR-01,2025-01-12,31,31,42.0,11.510416666666666,15.557291666666666,0.0,0.7667233897439242,0,0.0,0,132,33.666666666666664,28,64.0,58.0,0.8125,Horizon Birmingham,Birmingham,Medium,Cardiology,126,2025,1,1,12,6,2,1,0.27405753968253965,0.90625,0,0.7398727820555742
HHN-BIR-01,2025-01-13,48,32,42.0,11.911458333333334,15.625,0.0,0.7944921300586204,12,2.316666666666667,0,143,41.95804195804196,39,64.0,62.0,0.9375,Horizon Birmingham,Birmingham,Medium,Cardiology,126,2025,1,1,13,0,3,0,0.2836061507936508,0.96875,16,0.7623333333333334
HHN-BIR-01,2025-01-14,37,30,42.0,12.713541666666666,15.552083333333334,0.0,0.797195661468591,7,3.7857142857142856,1,91,56.142857142857146,33,64.0,64.0,1.0,Horizon Birmingham,Birmingham,Medium,Cardiology,126,2025,1,1,14,1,3,0,0.302703373015873,1.0,7,0.8174815807099798
HHN-BIR-01,2025-01-15,20,28,42.0,13.192708333333334,15.635416666666666,0.0,0.8032876469947735,5,2.58,5,45,35.15555555555556,12,64.0,59.0,0.84375,Horizon Birmingham,Birmingham,Medium,Cardiology,126,2025,1,1,15,2,3,0,0.3141121031746032,0.921875,-8,0.8437708194536976
HHN-BIR-01,2025-01-16,33,37,42.0,12.739583333333334,15.609375,0.0,0.7896338904151404,11,2.8363636363636364,2,69,52.08695652173913,22,64.0,64.0,1.0,Horizon Birmingham,Birmingham,Medium,Cardiology,126,2025,1,1,16,3,3,0,0.30332341269841273,1.0,-4,0.8161494828161495
HHN-BIR-01,2025-01-17,25,29,42.0,12.604166666666666,15.59375,0.0,0.8063700507726804,8,3.2125,0,66,41.54545454545455,18,64.0,60.0,0.875,Horizon Birmingham,Birmingham,Medium,Cardiology,126,2025,1,1,17,4,3,0,0.30009920634920634,0.9375,-4,0.8082832331329325
HHN-BIR-01,2025-01-18,37,27,42.0,12.260416666666666,15.625,0.0,0.7877761896059594,0,0.0,0,92,59.44565217391305,36,64.0,59.0,0.875,Horizon Birmingham,Birmingham,Medium,Cardiology,126,2025,1,1,18,5,3,1,0.2919146825396825,0.921875,10,0.7846666666666666
HHN-BIR-01,2025-01-19,30,30,42.0,12.416666666666666,15.520833333333334,0.0,0.8188986505392756,0,0.0,0,123,44.34146341463415,35,64.0,62.0,0.96875,Horizon Birmingham,Birmingham,Medium,Cardiology,126,2025,1,1,19,6,3,1,0.29563492063492064,0.96875,0,0.7999999999999999
HHN-BIR-01,2025-01-20,55,41,42.0,12.6875,15.614583333333334,0.0,0.8329597589654053,12,2.658333333333333,0,159,37.52201257861636,40,64.0,62.0,0.9375,Horizon Birmingham,Birmingham,Medium,Cardiology,126,2025,1,1,20,0,4,0,0.3020833333333333,0.96875,14,0.8125416944629753
HHN-BIR-01,2025-01-21,27,41,42.0,12.307291666666666,15.671875,0.0,0.7992621527777778,7,2.3714285714285714,0,50,48.02,17,64.0,64.0,1.0,Horizon Birmingham,Birmingham,Medium,Cardiology,126,2025,1,1,21,1,4,0,0.29303075396825395,1.0,-14,0.7853107344632768
HHN-BIR-01,2025-01-22,37,28,42.0,12.291666666666666,15.604166666666666,0.0,0.8031791119911524,6,2.25,0,132,43.52272727272727,36,64.0,64.0,1.0,Horizon Birmingham,Birmingham,Medium,Cardiology,126,2025,1,1,22,2,4,0,0.2926587301587301,1.0,9,0.787716955941255
HHN-BIR-01,2025-01-23,39,41,42.0,13.322916666666666,15.625,0.0,0.8340701471560846,7,3.914285714285714,1,109,42.98165137614679,29,64.0,63.0,0.96875,Horizon Birmingham,Birmingham,Medium,Cardiology,126,2025,1,1,23,3,4,0,0.31721230158730157,0.984375,-2,0.8526666666666667
HHN-BIR-01,2025-01-24,36,39,42.0,13.161458333333334,15.541666666666666,0.0,0.834184169275733,7,2.142857142857143,0,83,48.63855421686747,30,64.0,61.0,0.90625,Horizon Birmingham,Birmingham,Medium,Cardiology,126,2025,1,1,24,4,4,0,0.3133680555555556,0.953125,-3,0.8468498659517427
HHN-BIR-01,2025-01-25,47,33,42.0,13.479166666666666,15.442708333333334,0.0,0.8496222034256573,0,0.0,0,135,61.162962962962965,50,64.0,61.0,0.9375,Horizon Birmingham,Birmingham,Medium,Cardiology,126,2025,1,1,25,5,4,1,0.32093253968253965,0.953125,14,0.8728499156829679
HHN-BIR-01,2025-01-26,41,42,42.0,13.145833333333334,15.619791666666666,0.0,0.8227583439343308,0,0.0,0,120,55.94166666666667,39,64.0,61.0,0.9375,Horizon Birmingham,Birmingham,Medium,Cardiology,126,2025,1,1,26,6,4,1,0.31299603174603174,0.953125,-1,0.8416138712904302
HHN-BIR-01,2025-01-27,40,39,42.0,12.921875,15.614583333333334,0.0,0.8450596447928764,8,1.625,2,96,63.302083333333336,33,64.0,64.0,1.0,Horizon Birmingham,Birmingham,Medium,Cardiology,126,2025,1,1,27,0,5,0,0.30766369047619047,1.0,1,0.8275517011340894
HHN-BIR-01,2025-01-28,34,45,42.0,12.385416666666666,15.572916666666666,0.0,0.7899516268228158,5,3.88,0,122,41.450819672131146,29,64.0,64.0,1.0,Horizon Birmingham,Birmingham,Medium,Cardiology,126,2025,1,1,28,1,5,0,0.294890873015873,1.0,-11,0.7953177257525084
HHN-BIR-01,2025-01-29,34,31,42.0,12.322916666666666,15.604166666666666,0.0,0.8070976396949318,7,2.314285714285714,1,78,64.7948717948718,27,64.0,61.0,0.90625,Horizon Birmingham,Birmingham,Medium,Cardiology,126,2025,1,1,29,2,5,0,0.2934027777777778,0.953125,3,0.7897196261682243
HHN-BIR-01,2025-01-30,39,36,42.0,12.817708333333334,15.583333333333334,0.0,0.8563301282051282,10,2.02,0,108,36.46296296296296,27,64.0,62.0,0.96875,Horizon Birmingham,Birmingham,Medium,Cardiology,126,2025,1,1,30,3,5,0,0.30518353174603174,0.96875,3,0.8225267379679144
HHN-BIR-01,2025-01-31,38,44,42.0,13.317708333333334,15.598958333333334,0.0,0.8519011845492108,9,2.3,0,95,59.357894736842105,33,64.0,63.0,0.96875,Horizon Birmingham,Birmingham,Medium,Cardiology,126,2025,1,1,31,4,5,0,0.31708829365079366,0.984375,-6,0.8537562604340567
HHN-BIR-01,2025-02-01,29,33,42.0,13.098958333333334,15.661458333333334,0.0,0.8293340773809524,0,0.0,0,88,51.39772727272727,29,64.0,62.0,0.9375,Horizon Birmingham,Birmingham,Medium,Cardiology,126,2025,2,1,1,5,5,1,0.31187996031746035,0.96875,-4,0.8363817758563352
HHN-BIR-01,2025-02-02,23,34,42.0,12.390625,15.614583333333334,0.0,0.7927966028397772,0,0.0,0,81,49.24691358024691,24,64.0,63.0,0.96875,Horizon Birmingham,Birmingham,Medium,Cardiology,126,2025,2,1,2,6,5,1,0.29501488095238093,0.984375,-11,0.7935290193462308
HHN-BIR-01,2025-02-03,26,32,42.0,12.270833333333334,15.640625,0.0,0.777855070124807,7,2.5,1,62,53.016129032258064,19,64.0,61.0,0.90625,Horizon Birmingham,Birmingham,Medium,Cardiology,126,2025,2,1,3,0,6,0,0.29216269841269843,0.953125,-6,0.7845487845487846
HHN-BIR-01,2025-02-04,44,42,42.0,11.932291666666666,15.619791666666666,0.0,0.7775775672464608,13,3.4000000000000004,0,87,49.01149425287356,29,64.0,64.0,1.0,Horizon Birmingham,Birmingham,Medium,Cardiology,126,2025,2,1,4,1,6,0,0.2841021825396825,1.0,2,0.7639213071023675
HHN-BIR-01,2025-02-05,38,35,42.0,12.625,15.625,0.0,0.8233368730129401,11,2.227272727272727,1,94,59.191489361702125,31,63.0,62.0,0.96875,Horizon Birmingham,Birmingham,Medium,Cardiology,126,2025,2,1,5,2,6,0,0.3005952380952381,0.9841269841269841,3,0.808
HHN-BIR-01,2025-02-06,27,25,42.0,12.4375,15.515625,0.0,0.8008501100648692,2,3.35,0,75,47.41333333333333,23,64.0,61.0,0.9375,Horizon Birmingham,Birmingham,Medium,Cardiology,126,2025,2,1,6,3,6,0,0.2961309523809524,0.953125,2,0.8016112789526687
HHN-BIR-01,2025-02-07,27,27,42.0,12.098958333333334,15.609375,0.0,0.794979602996943,6,1.6,2,79,39.9873417721519,20,64.0,64.0,1.0,Horizon Birmingham,Birmingham,Medium,Cardiology,126,2025,2,1,7,4,6,0,0.2880704365079365,1.0,0,0.7751084417751085
HHN-BIR-01,2025-02-08,44,30,42.0,11.796875,15.526041666666666,0.0,0.7596658480837565,0,0.0,0,153,54.65359477124183,51,64.0,61.0,0.90625,Horizon Birmingham,Birmingham,Medium,Cardiology,126,2025,2,1,8,5,6,1,0.28087797619047616,0.953125,14,0.7598121435759813
HHN-BIR-01,2025-02-09,59,39,42.0,12.28125,15.552083333333334,0.0,0.7979338385993523,0,0.0,0,139,64.4820143884892,55,64.0,59.0,0.875,Horizon Birmingham,Birmingham,Medium,Cardiology,126,2025,2,1,9,6,6,1,0.2924107142857143,0.921875,20,0.7896851975887474
HHN-BIR-01,2025-02-10,39,31,42.0,12.661458333333334,15.640625,0.0,0.8168340303414316,6,2.8666666666666667,2,139,39.00719424460432,36,64.0,64.0,1.0,Horizon Birmingham,Birmingham,Medium,Cardiology,126,2025,2,1,10,0,7,0,0.30146329365079366,1.0,8,0.8095238095238095
HHN-BIR-01,2025-02-11,45,50,42.0,13.442708333333334,15.619791666666666,0.0,0.8721239840363652,9,2.155555555555556,1,111,58.90990990990991,35,64.0,63.0,0.96875,Horizon Birmingham,Birmingham,Medium,Cardiology,126,2025,2,1,11,1,7,0,0.32006448412698413,0.984375,-5,0.8606202067355786
HHN-BIR-01,2025-02-12,34,46,42.0,12.588541666666666,15.557291666666666,0.0,0.8317825981888483,3,2.3666666666666667,3,90,42.333333333333336,27,64.0,60.0,0.90625,Horizon Birmingham,Birmingham,Medium,Cardiology,126,2025,2,1,12,2,7,0,0.2997271825396825,0.9375,-12,0.809173083361232
HHN-BIR-01,2025-02-13,55,45,42.0,12.921875,15.59375,0.0,0.8449627778188149,14,2.757142857142857,1,125,54.472,46,64.0,58.0,0.84375,Horizon Birmingham,Birmingham,Medium,Cardiology,126,2025,2,1,13,3,7,0,0.30766369047619047,0.90625,10,0.8286573146292585
HHN-BIR-01,2025-02-14,38,50,42.0,13.505208333333334,15.59375,0.0,0.8435247747747748,7,3.6142857142857134,1,89,56.89887640449438,32,64.0,64.0,1.0,Horizon Birmingham,Birmingham,Medium,Cardiology,126,2025,2,1,14,4,7,0,0.32155257936507936,1.0,-12,0.866065464261857
HHN-BIR-01,2025-02-15,31,30,42.0,13.166666666666666,15.463541666666666,0.0,0.8385285203396363,0,0.0,0,105,56.40952380952381,34,64.0,60.0,0.875,Horizon Birmingham,Birmingham,Medium,Cardiology,126,2025,2,1,15,5,7,1,0.3134920634920635,0.9375,1,0.8514651397777029
HHN-BIR-01,2025-02-16,33,39,42.0,12.703125,15.604166666666666,0.0,0.8183727812634062,0,0.0,0,88,47.03409090909091,28,64.0,62.0,0.96875,Horizon Birmingham,Birmingham,Medium,Cardiology,126,2025,2,1,16,6,7,1,0.30245535714285715,0.96875,-6,0.8140854472630173
HHN-BIR-01,2025-02-17,52,40,42.0,13.010416666666666,15.557291666666666,0.0,0.8481136110961479,7,1.3571428571428572,2,128,57.90625,47,64.0,64.0,1.0,Horizon Birmingham,Birmingham,Medium,Cardiology,126,2025,2,1,17,0,8,0,0.3097718253968254,1.0,12,0.8362905925677938
HHN-BIR-01,2025-02-18,40,32,42.0,14.416666666666666,15.666666666666666,0.0,0.8701223544973545,14,2.7214285714285715,2,97,35.22680412371134,24,64.0,63.0,0.96875,Horizon Birmingham,Birmingham,Medium,Cardiology,126,2025,2,1,18,1,8,0,0.34325396825396826,0.984375,8,0.9202127659574468
HHN-BIR-01,2025-02-19,45,35,42.0,15.057291666666666,15.59375,0.0,0.9095021081349208,10,2.53,1,117,53.38461538461539,42,64.0,63.0,0.96875,Horizon Birmingham,Birmingham,Medium,Cardiology,126,2025,2,1,19,2,8,0,0.3585069444444444,0.984375,10,0.9655978623914495
HHN-BIR-01,2025-02-20,41,49,42.0,15.265625,15.635416666666666,0.0,0.9153852513227512,6,1.4333333333333331,1,104,53.77884615384615,34,64.0,63.0,0.96875,Horizon Birmingham,Birmingham,Medium,Cardiology,126,2025,2,1,20,3,8,0,0.3634672619047619,0.984375,-8,0.9763491005996003
HHN-BIR-01,2025-02-21,42,43,42.0,14.765625,15.59375,0.0,0.890317046957672,9,3.177777777777778,0,116,59.02586206896552,35,64.0,63.0,0.96875,Horizon Birmingham,Birmingham,Medium,Cardiology,126,2025,2,1,21,4,8,0,0.3515625,0.984375,-1,0.9468937875751503
HHN-BIR-01,2025-02-22,31,52,42.0,14.067708333333334,15.515625,0.0,0.8546169972321406,0,0.0,0,99,51.26262626262626,29,64.0,61.0,0.9375,Horizon Birmingham,Birmingham,Medium,Cardiology,126,2025,2,1,22,5,8,1,0.3349454365079365,0.953125,-21,0.9066800939912723
HHN-BIR-01,2025-02-23,36,43,42.0,12.520833333333334,15.614583333333334,0.0,0.7781282919150566,0,0.0,0,110,53.94545454545455,36,64.0,62.0,0.96875,Horizon Birmingham,Birmingham,Medium,Cardiology,126,2025,2,1,23,6,8,1,0.29811507936507936,0.96875,-7,0.8018679119412943
HHN-BIR-01,2025-02-24,43,30,42.0,12.78125,15.572916666666666,0.0,0.7674721259196017,12,3.458333333333333,0,90,58.144444444444446,33,64.0,64.0,1.0,Horizon Birmingham,Birmingham,Medium,Cardiology,126,2025,2,1,24,0,9,0,0.30431547619047616,1.0,13,0.8207357859531773
HHN-BIR-01,2025-02-25,36,30,42.0,13.765625,15.557291666666666,0.0,0.8010336287775313,4,2.575,0,91,60.20879120879121,31,64.0,58.0,0.875,Horizon Birmingham,Birmingham,Medium,Cardiology,126,2025,2,1,25,1,9,0,0.32775297619047616,0.90625,6,0.8848342818881821
HHN-BIR-01,2025-02-26,31,34,42.0,13.807291666666666,15.541666666666666,0.0,0.8360041738596977,4,2.925,2,121,34.6198347107438,29,64.0,62.0,0.96875,Horizon Birmingham,Birmingham,Medium,Cardiology,126,2025,2,1,26,2,9,0,0.32874503968253965,0.96875,-3,0.8884048257372654
HHN-BIR-01,2025-02-27,38,45,42.0,13.104166666666666,15.65625,0.0,0.8343150628306879,8,3.2625,2,112,47.625,30,64.0,60.0,0.90625,Horizon Birmingham,Birmingham,Medium,Cardiology,126,2025,2,1,27,3,9,0,0.31200396825396826,0.9375,-7,0.8369926813040585
HHN-BIR-01,2025-02-28,44,31,42.0,13.588541666666666,15.651041666666666,0.0,0.8470682457010582,6,3.65,1,115,61.06956521739131,41,64.0,63.0,0.96875,Horizon Birmingham,Birmingham,Medium,Cardiology,126,2025,2,1,28,4,9,0,0.32353670634920634,0.984375,13,0.8682196339434276
HHN-BIR-01,2025-03-01,27,42,42.0,14.046875,15.583333333333334,0.0,0.8507503038753038,0,0.0,0,89,39.08988764044944,23,64.0,62.0,0.9375,Horizon Birmingham,Birmingham,Medium,Cardiology,126,2025,3,1,1,5,9,1,0.33444940476190477,0.96875,-15,0.901403743315508
HHN-BIR-01,2025-03-02,38,32,42.0,13.416666666666666,15.619791666666666,0.0,0.7915591931216931,0,0.0,0,113,57.61946902654867,41,64.0,58.0,0.875,Horizon Birmingham,Birmingham,Medium,Cardiology,126,2025,3,1,2,6,9,1,0.3194444444444444,0.90625,6,0.8589529843281094
HHN-BIR-01,2025-03-03,23,34,42.0,13.125,15.661458333333334,0.0,0.7737707223726961,4,3.675,0,95,22.77894736842105,19,64.0,63.0,0.96875,Horizon Birmingham,Birmingham,Medium,Cardiology,126,2025,3,1,3,0,10,0,0.3125,0.984375,-11,0.8380445626870635
HHN-BIR-01,2025-03-04,26,38,42.0,12.744791666666666,15.651041666666666,0.0,0.778370103565416,9,3.888888888888889,1,97,22.567010309278352,16,64.0,64.0,1.0,Horizon Birmingham,Birmingham,Medium,Cardiology,126,2025,3,1,4,1,10,0,0.30344742063492064,1.0,-12,0.8143094841930116
HHN-BIR-01,2025-03-05,17,30,42.0,12.229166666666666,15.682291666666666,0.0,0.7493312717408113,4,2.5250000000000004,0,62,28.516129032258064,15,64.0,63.0,0.96875,Horizon Birmingham,Birmingham,Medium,Cardiology,126,2025,3,1,5,2,10,0,0.2911706349206349,0.984375,-13,0.7798073729657921
HHN-BIR-01,2025-03-06,22,29,42.0,12.083333333333334,15.661458333333334,0.0,0.7705200254028379,6,2.2333333333333334,0,65,37.04615384615385,17,64.0,62.0,0.9375,Horizon Birmingham,Birmingham,Medium,Cardiology,126,2025,3,1,6,3,10,0,0.28769841269841273,0.96875,-7,0.7715330894579315
HHN-BIR-01,2025-03-07,39,34,42.0,11.989583333333334,15.723958333333334,0.0,0.7853594539141414,9,1.2000000000000002,0,77,50.35064935064935,29,64.0,64.0,1.0,Horizon Birmingham,Birmingham,Medium,Cardiology,126,2025,3,1,7,4,10,0,0.2854662698412699,1.0,5,0.7625041404438556
HHN-BIR-01,2025-03-08,29,30,42.0,11.911458333333334,15.588541666666666,0.0,0.7641189828689828,0,0.0,0,112,58.46428571428572,32,64.0,64.0,1.0,Horizon Birmingham,Birmingham,Medium,Cardiology,126,2025,3,1,8,5,10,1,0.2836061507936508,1.0,-1,0.7641162712996994
HHN-BIR-01,2025-03-09,23,28,42.0,10.640625,15.578125,0.0,0.6727790685281495,0,0.0,0,77,42.96103896103896,20,64.0,61.0,0.9375,Horizon Birmingham,Birmingham,Medium,Cardiology,126,2025,3,1,9,6,10,1,0.2533482142857143,0.953125,-5,0.683049147442327
HHN-BIR-01,2025-03-10,31,25,42.0,10.932291666666666,15.697916666666666,0.0,0.6806375975263843,6,2.0500000000000003,0,106,42.4622641509434,29,64.0,62.0,0.9375,Horizon Birmingham,Birmingham,Medium,Cardiology,126,2025,3,1,10,0,11,0,0.2602926587301587,0.96875,6,0.6964167219641673
HHN-BIR-01,2025-03-11,40,39,42.0,11.010416666666666,15.671875,0.0,0.706461388216903,9,1.6888888888888889,4,77,64.40259740259741,28,64.0,64.0,1.0,Horizon Birmingham,Birmingham,Medium,Cardiology,126,2025,3,1,11,1,11,0,0.2621527777777778,1.0,1,0.7025589896975739
HHN-BIR-01,2025-03-12,24,19,42.0,11.927083333333334,15.677083333333334,0.0,0.7382332438973064,7,3.5,1,58,51.5,18,64.0,62.0,0.9375,Horizon Birmingham,Birmingham,Medium,Cardiology,126,2025,3,1,12,2,11,0,0.2839781746031746,0.96875,5,0.760797342192691
HHN-BIR-01,2025-03-13,28,28,42.0,12.098958333333334,15.677083333333334,0.0,0.7632962791084652,6,2.283333333333333,0,85,42.23529411764706,24,64.0,62.0,0.96875,Horizon Birmingham,Birmingham,Medium,Cardiology,126,2025,3,1,13,3,11,0,0.2880704365079365,0.96875,0,0.7717607973421927
HHN-BIR-01,2025-03-14,19,22,42.0,12.802083333333334,15.671875,0.0,0.7926130722868416,5,3.08,0,62,31.43548387096774,12,64.0,64.0,1.0,Horizon Birmingham,Birmingham,Medium,Cardiology,126,2025,3,1,14,4,11,0,0.30481150793650796,1.0,-3,0.8168826852775009
HHN-BIR-01,2025-03-15,22,30,42.0,12.140625,15.666666666666666,0.0,0.7490895551282701,0,0.0,0,60,51.23333333333333,21,64.0,59.0,0.90625,Horizon Birmingham,Birmingham,Medium,Cardiology,126,2025,3,1,15,5,11,1,0.2890625,0.921875,-8,0.7749335106382979
HHN-BIR-01,2025-03-16,19,27,42.0,10.541666666666666,15.609375,0.0,0.6693413267087802,0,0.0,0,70,43.785714285714285,20,64.0,61.0,0.90625,Horizon Birmingham,Birmingham,Medium,Cardiology,126,2025,3,1,16,6,11,1,0.2509920634920635,0.953125,-8,0.675342008675342
HHN-BIR-01,2025-03-17,20,19,42.0,10.760416666666666,15.682291666666666,0.0,0.7039298353751479,7,2.5142857142857147,0,45,18.155555555555555,10,64.0,62.0,0.9375,Horizon Birmingham,Birmingham,Medium,Cardiology,126,2025,3,1,17,0,12,0,0.2562003968253968,0.96875,1,0.6861507804716042
HHN-BIR-01,2025-03-18,41,22,42.0,10.901041666666666,15.661458333333334,0.0,0.7040946897937236,6,3.516666666666667,1,107,63.345794392523366,38,64.0,64.0,1.0,Horizon Birmingham,Birmingham,Medium,Cardiology,126,2025,3,1,18,1,12,0,0.2595486111111111,1.0,19,0.6960425673428666
HHN-BIR-01,2025-03-19,31,28,42.0,12.041666666666666,15.666666666666666,0.0,0.7682793108822278,6,2.4833333333333334,0,79,56.0126582278481,24,64.0,61.0,0.90625,Horizon Birmingham,Birmingham,Medium,Cardiology,126,2025,3,1,19,2,12,0,0.2867063492063492,0.953125,3,0.7686170212765957
HHN-BIR-01,2025-03-20,49,22,42.0,12.317708333333334,15.6875,0.0,0.7824985097291841,10,4.0600000000000005,1,116,60.6551724137931,41,64.0,64.0,1.0,Horizon Birmingham,Birmingham,Medium,Cardiology,126,2025,3,1,20,3,12,0,0.2932787698412699,1.0,27,0.7851925630810094
HHN-BIR-01,2025-03-21,21,42,42.0,12.421875,15.671875,0.0,0.795135234183443,4,1.875,0,61,56.540983606557376,16,64.0,62.0,0.9375,Horizon Birmingham,Birmingham,Medium,Cardiology,126,2025,3,1,21,4,12,0,0.29575892857142855,0.96875,-21,0.7926221335992024
HHN-BIR-01,2025-03-22,29,31,42.0,11.265625,15.557291666666666,0.0,0.7558735706453633,0,0.0,0,99,41.82828282828283,27,64.0,62.0,0.9375,Horizon Birmingham,Birmingham,Medium,Cardiology,126,2025,3,1,22,5,12,1,0.2682291666666667,0.96875,-2,0.7241379310344828
HHN-BIR-01,2025-03-23,16,31,42.0,10.755208333333334,15.598958333333334,0.0,0.7176420180785991,0,0.0,0,69,34.0,18,64.0,64.0,1.0,Horizon Birmingham,Birmingham,Medium,Cardiology,126,2025,3,1,23,6,12,1,0.2560763888888889,1.0,-15,0.6894824707846411
HHN-BIR-01,2025-03-24,41,40,42.0,10.453125,15.677083333333334,0.0,0.7373701963545715,9,2.7,2,120,43.333333333333336,35,64.0,64.0,1.0,Horizon Birmingham,Birmingham,Medium,Cardiology,126,2025,3,1,24,0,13,0,0.24888392857142858,1.0,1,0.6667774086378737
HHN-BIR-01,2025-03-25,39,22,42.0,11.567708333333334,15.666666666666666,0.0,0.7732545882936508,11,2.8045454545454547,0,118,31.889830508474574,28,64.0,62.0,0.9375,Horizon Birmingham,Birmingham,Medium,Cardiology,126,2025,3,1,25,1,13,0,0.275421626984127,0.96875,17,0.7383643617021277
HHN-BIR-01,2025-03-26,27,31,42.0,12.015625,15.697916666666666,0.0,0.8019748263888888,6,1.35,0,88,42.02272727272727,22,64.0,61.0,0.9375,Horizon Birmingham,Birmingham,Medium,Cardiology,126,2025,3,1,26,2,13,0,0.28608630952380953,0.953125,-4,0.76542800265428
HHN-BIR-01,2025-03-27,29,25,42.0,12.479166666666666,15.697916666666666,0.0,0.8293067301022713,9,2.7444444444444445,3,69,44.66666666666666,19,64.0,62.0,0.96875,Horizon Birmingham,Birmingham,Medium,Cardiology,126,2025,3,1,27,3,13,0,0.29712301587301587,0.96875,4,0.7949568679495687
HHN-BIR-01,2025-03-28,28,32,42.0,12.046875,15.697916666666666,0.0,0.791961185515873,5,3.14,0,62,69.74193548387096,26,64.0,60.0,0.90625,Horizon Birmingham,Birmingham,Medium,Cardiology,126,2025,3,1,28,4,13,0,0.28683035714285715,0.9375,-4,0.7674187126741872
HHN-BIR-01,2025-03-29,38,33,42.0,11.65625,15.630208333333334,0.0520833333333333,0.7960805426506646,0,0.0,0,118,48.72033898305085,39,64.0,59.0,0.875,Horizon Birmingham,Birmingham,Medium,Cardiology,126,2025,3,1,29,5,13,1,0.2775297619047619,0.921875,5,0.7457514161946017
HHN-BIR-01,2025-03-30,29,32,42.0,11.489583333333334,15.65625,0.125,0.8003697691197691,0,0.0,0,74,55.43243243243244,25,64.0,63.0,0.96875,Horizon Birmingham,Birmingham,Medium,Cardiology,126,2025,3,1,30,6,13,1,0.27356150793650796,0.984375,-3,0.7338656021290753
HHN-BIR-01,2025-03-31,29,26,42.0,11.359375,15.625,0.125,0.8135619385619385,11,2.395454545454545,3,68,43.01470588235294,18,64.0,64.0,1.0,Horizon Birmingham,Birmingham,Medium,Cardiology,126,2025,3,1,31,0,14,0,0.27046130952380953,1.0,3,0.727
HHN-BIR-01,2025-04-01,31,21,42.0,11.84375,15.677083333333334,0.0729166666666666,0.8017113095238094,7,3.271428571428572,0,70,55.98571428571429,26,64.0,63.0,0.96875,Horizon Birmingham,Birmingham,Medium,Cardiology,126,2025,4,2,1,1,14,0,0.2819940476190476,0.984375,10,0.7554817275747508
HHN-BIR-01,2025-04-02,38,35,42.0,12.848958333333334,15.682291666666666,0.0,0.8482655444505572,13,2.4384615384615382,1,77,67.92207792207792,27,64.0,62.0,0.9375,Horizon Birmingham,Birmingham,Medium,Cardiology,126,2025,4,2,2,2,14,0,0.30592757936507936,0.96875,3,0.8193291265360346
HHN-BIR-01,2025-04-03,24,31,42.0,12.395833333333334,15.703125,0.0,0.8244471060782037,6,2.1333333333333333,2,76,31.57894736842105,14,64.0,62.0,0.9375,Horizon Birmingham,Birmingham,Medium,Cardiology,126,2025,4,2,3,3,14,0,0.2951388888888889,0.96875,-7,0.7893864013266999
HHN-BIR-01,2025-04-04,27,33,42.0,11.734375,15.666666666666666,0.0,0.7941898015008574,5,2.74,1,80,38.975,22,64.0,64.0,1.0,Horizon Birmingham,Birmingham,Medium,Cardiology,126,2025,4,2,4,4,14,0,0.27938988095238093,1.0,-6,0.7490026595744681
HHN-BIR-01,2025-04-05,27,20,42.0,11.364583333333334,15.635416666666666,0.0,0.7715789707977208,0,0.0,0,97,40.4639175257732,27,64.0,61.0,0.9375,Horizon Birmingham,Birmingham,Medium,Cardiology,126,2025,4,2,5,5,14,1,0.2705853174603175,0.953125,7,0.7268487674883412
HHN-BIR-01,2025-04-06,24,33,42.0,11.234375,15.515625,0.0,0.7771791621092609,0,0.0,0,56,74.83928571428571,28,64.0,62.0,0.9375,Horizon Birmingham,Birmingham,Medium,Cardiology,126,2025,4,2,6,6,14,1,0.26748511904761907,0.96875,-9,0.7240684793554885
HHN-BIR-01,2025-04-07,43,30,42.0,11.984375,15.682291666666666,0.0208333333333333,0.7992334994288118,8,1.85,1,107,56.39252336448598,38,64.0,64.0,1.0,Horizon Birmingham,Birmingham,Medium,Cardiology,126,2025,4,2,7,0,15,0,0.2853422619047619,1.0,13,0.7641979408834274
HHN-BIR-01,2025-04-08,27,40,42.0,12.255208333333334,15.682291666666666,0.25,0.7782149057539683,4,2.825,2,64,43.109375,20,64.0,63.0,0.96875,Horizon Birmingham,Birmingham,Medium,Cardiology,126,2025,4,2,8,1,15,0,0.2917906746031746,0.984375,-13,0.7814679508468948
HHN-BIR-01,2025-04-09,32,37,42.0,11.84375,15.682291666666666,0.25,0.756909053641142,5,2.26,0,91,48.8021978021978,29,64.0,63.0,0.96875,Horizon Birmingham,Birmingham,Medium,Cardiology,126,2025,4,2,9,2,15,0,0.2819940476190476,0.984375,-5,0.7552308203254733
HHN-BIR-01,2025-04-10,28,30,42.0,12.494791666666666,15.661458333333334,0.25,0.7858812543325411,12,2.95,0,68,43.48529411764706,16,64.0,60.0,0.90625,Horizon Birmingham,Birmingham,Medium,Cardiology,126,2025,4,2,10,3,15,0,0.29749503968253965,0.9375,-2,0.7978051213834386
HHN-BIR-01,2025-04-11,25,30,42.0,11.911458333333334,15.65625,0.25,0.7646902744760752,7,3.4857142857142853,0,65,43.27692307692308,17,64.0,64.0,1.0,Horizon Birmingham,Birmingham,Medium,Cardiology,126,2025,4,2,11,4,15,0,0.2836061507936508,1.0,-5,0.7608117099135063
HHN-BIR-01,2025-04-12,26,20,42.0,12.354166666666666,15.614583333333334,0.1041666666666666,0.7833150149556399,0,0.0,0,64,55.390625,24,64.0,64.0,1.0,Horizon Birmingham,Birmingham,Medium,Cardiology,126,2025,4,2,12,5,15,1,0.2941468253968254,1.0,6,0.791194129419613
HHN-BIR-01,2025-04-13,17,29,42.0,11.484375,15.682291666666666,0.0,0.7591192485247363,0,0.0,0,72,31.22222222222222,17,64.0,62.0,0.9375,Horizon Birmingham,Birmingham,Medium,Cardiology,126,2025,4,2,13,6,15,1,0.2734375,0.96875,-12,0.732314845566257
HHN-BIR-01,2025-04-14,22,30,42.0,11.328125,15.713541666666666,0.0,0.7513208724146224,9,3.477777777777778,1,76,29.539473684210527,16,64.0,63.0,0.96875,Horizon Birmingham,Birmingham,Medium,Cardiology,126,2025,4,2,14,0,16,0,0.2697172619047619,0.984375,-8,0.7209148160424262
HHN-BIR-01,2025-04-15,34,29,42.0,10.963541666666666,15.614583333333334,0.0,0.7489438581235457,6,1.9666666666666668,0,86,47.55813953488372,25,64.0,64.0,1.0,Horizon Birmingham,Birmingham,Medium,Cardiology,126,2025,4,2,15,1,16,0,0.26103670634920634,1.0,5,0.7021347565043362
HHN-BIR-01,2025-04-16,44,31,42.0,12.104166666666666,15.697916666666666,0.0,0.7913002004696085,12,2.425,1,116,47.60344827586207,34,64.0,64.0,1.0,Horizon Birmingham,Birmingham,Medium,Cardiology,126,2025,4,2,16,2,16,0,0.2881944444444444,1.0,13,0.7710683477106834
HHN-BIR-01,2025-04-17,18,22,42.0,12.630208333333334,15.697916666666666,0.0,0.796341577982203,5,4.12,1,43,33.23255813953488,10,64.0,62.0,0.9375,Horizon Birmingham,Birmingham,Medium,Cardiology,126,2025,4,2,17,3,16,0,0.30071924603174605,0.96875,-4,0.8045786330457864
HHN-BIR-01,2025-04-18,26,26,42.0,12.635416666666666,15.692708333333334,0.0,0.8041754975348726,0,0.0,0,79,50.88607594936709,27,64.0,63.0,0.96875,Horizon Birmingham,Birmingham,Medium,Cardiology,126,2025,4,2,18,4,16,0,0.30084325396825395,0.984375,0,0.8051775638898108
HHN-BIR-01,2025-04-19,29,39,42.0,11.390625,15.619791666666666,0.0,0.7131177072145296,0,0.0,0,88,50.59090909090909,30,64.0,64.0,1.0,Horizon Birmingham,Birmingham,Medium,Cardiology,126,2025,4,2,19,5,16,1,0.27120535714285715,1.0,-10,0.7292430810270091
HHN-BIR-01,2025-04-20,21,31,42.0,10.666666666666666,15.651041666666666,0.0,0.6785772481084981,0,0.0,0,69,44.21739130434783,20,64.0,57.0,0.84375,Horizon Birmingham,Birmingham,Medium,Cardiology,126,2025,4,2,20,6,16,1,0.25396825396825395,0.890625,-10,0.6815307820299501
HHN-BIR-01,2025-04-21,25,22,42.0,9.822916666666666,15.713541666666666,0.0,0.6232471942375435,0,0.0,0,97,55.51546391752577,29,64.0,64.0,1.0,Horizon Birmingham,Birmingham,Medium,Cardiology,126,2025,4,2,21,0,17,0,0.23387896825396823,1.0,3,0.6251242956579384
HHN-BIR-01,2025-04-22,38,24,42.0,10.71875,15.651041666666666,0.0,0.686505226544289,8,4.0,0,95,47.252631578947366,26,64.0,63.0,0.96875,Horizon Birmingham,Birmingham,Medium,Cardiology,126,2025,4,2,22,1,17,0,0.2552083333333333,0.984375,14,0.6848585690515807
HHN-BIR-01,2025-04-23,35,26,42.0,11.307291666666666,15.651041666666666,0.0,0.7271061223905414,12,1.8916666666666664,1,64,55.515625,24,64.0,64.0,1.0,Horizon Birmingham,Birmingham,Medium,Cardiology,126,2025,4,2,23,2,17,0,0.2692212301587301,1.0,9,0.7224625623960066
HHN-BIR-01,2025-04-24,26,27,42.0,11.192708333333334,15.65625,0.0,0.7068563236531986,11,3.727272727272727,0,57,30.05263157894737,15,64.0,60.0,0.90625,Horizon Birmingham,Birmingham,Medium,Cardiology,126,2025,4,2,24,3,17,0,0.2664930555555556,0.9375,-1,0.7149035262807718
HHN-BIR-01,2025-04-25,31,33,42.0,11.15625,15.661458333333334,0.0,0.6867662044157852,11,3.654545454545455,0,60,55.35,21,64.0,64.0,1.0,Horizon Birmingham,Birmingham,Medium,Cardiology,126,2025,4,2,25,4,17,0,0.265625,1.0,-2,0.712337878284004
HHN-BIR-01,2025-04-26,25,26,42.0,11.041666666666666,15.666666666666666,0.0,0.6781969477281978,0,0.0,0,93,73.38709677419355,32,64.0,64.0,1.0,Horizon Birmingham,Birmingham,Medium,Cardiology,126,2025,4,2,26,5,17,1,0.2628968253968254,1.0,-1,0.7047872340425532
HHN-BIR-01,2025-04-27,31,37,42.0,11.369791666666666,15.614583333333334,0.0,0.7390873114762918,0,0.0,0,94,45.819148936170215,26,64.0,62.0,0.9375,Horizon Birmingham,Birmingham,Medium,Cardiology,126,2025,4,2,27,6,17,1,0.2707093253968254,0.96875,-6,0.7281521014009339
HHN-BIR-01,2025-04-28,43,30,42.0,12.119791666666666,15.661458333333334,0.0,0.773458234438608,11,3.4181818181818184,2,89,60.4494382022472,33,64.0,63.0,0.96875,Horizon Birmingham,Birmingham,Medium,Cardiology,126,2025,4,2,28,0,18,0,0.28856646825396826,0.984375,13,0.7738609910209511
HHN-BIR-01,2025-04-29,30,27,42.0,12.541666666666666,15.671875,0.0,0.7781594696038293,10,2.01,1,48,73.22916666666667,20,64.0,60.0,0.90625,Horizon Birmingham,Birmingham,Medium,Cardiology,126,2025,4,2,29,1,18,0,0.2986111111111111,0.9375,3,0.8002658690594882
HHN-BIR-01,2025-04-30,34,35,42.0,12.151041666666666,15.677083333333334,0.0,0.7459015376984127,6,3.516666666666667,0,111,51.77477477477478,33,64.0,63.0,0.96875,Horizon Birmingham,Birmingham,Medium,Cardiology,126,2025,4,2,30,2,18,0,0.28931051587301587,0.984375,-1,0.7750830564784053
HHN-BIR-01,2025-05-01,42,32,42.0,12.640625,15.635416666666666,0.0,0.7610258137601887,13,3.353846153846154,1,101,32.584158415841586,22,64.0,63.0,0.96875,Horizon Birmingham,Birmingham,Medium,Cardiology,126,2025,5,2,1,3,18,0,0.3009672619047619,0.984375,10,0.8084610259826782
HHN-BIR-01,2025-05-02,38,33,42.0,12.432291666666666,15.671875,0.0,0.7668841156711222,13,2.661538461538462,0,80,62.825,30,64.0,64.0,1.0,Horizon Birmingham,Birmingham,Medium,Cardiology,126,2025,5,2,2,4,18,0,0.2960069444444444,1.0,5,0.7932868062479229
HHN-BIR-01,2025-05-03,30,27,42.0,12.541666666666666,15.604166666666666,0.0,0.7581948578042329,0,0.0,0,95,46.27368421052632,27,64.0,60.0,0.875,Horizon Birmingham,Birmingham,Medium,Cardiology,126,2025,5,2,3,5,18,1,0.2986111111111111,0.9375,3,0.8037383177570093
HHN-BIR-01,2025-05-04,27,43,42.0,12.067708333333334,15.625,0.0,0.7957382605820106,0,0.0,0,75,55.78666666666667,26,64.0,64.0,1.0,Horizon Birmingham,Birmingham,Medium,Cardiology,126,2025,5,2,4,6,18,1,0.2873263888888889,1.0,-16,0.7723333333333333
HHN-BIR-01,2025-05-05,33,22,42.0,12.151041666666666,15.723958333333334,0.0,0.7741037906100786,0,0.0,0,124,52.54032258064516,38,64.0,62.0,0.96875,Horizon Birmingham,Birmingham,Medium,Cardiology,126,2025,5,2,5,0,19,0,0.28931051587301587,0.96875,11,0.7727724412056972
HHN-BIR-01,2025-05-06,42,35,42.0,13.432291666666666,15.572916666666666,0.0,0.8649875376247328,11,1.8818181818181816,0,70,63.15714285714286,25,64.0,63.0,0.96875,Horizon Birmingham,Birmingham,Medium,Cardiology,126,2025,5,2,6,1,19,0,0.31981646825396826,0.984375,7,0.8625418060200669
HHN-BIR-01,2025-05-07,24,41,42.0,12.895833333333334,15.666666666666666,0.0,0.8241169998982499,10,2.94,1,60,33.5,15,64.0,64.0,1.0,Horizon Birmingham,Birmingham,Medium,Cardiology,126,2025,5,2,7,2,19,0,0.3070436507936508,1.0,-17,0.8231382978723405
HHN-BIR-01,2025-05-08,20,33,42.0,11.875,15.666666666666666,0.0,0.7824250839773043,10,2.62,0,45,39.644444444444446,11,64.0,63.0,0.96875,Horizon Birmingham,Birmingham,Medium,Cardiology,126,2025,5,2,8,3,19,0,0.28273809523809523,0.984375,-13,0.7579787234042553
HHN-BIR-01,2025-05-09,35,27,42.0,11.338541666666666,15.703125,0.0,0.7609543093536996,8,1.8375,1,71,45.52112676056338,25,64.0,61.0,0.90625,Horizon Birmingham,Birmingham,Medium,Cardiology,126,2025,5,2,9,4,19,0,0.2699652777777778,0.953125,8,0.7220563847429519
HHN-BIR-01,2025-05-10,25,23,42.0,11.791666666666666,15.619791666666666,0.0,0.7627359619547119,0,0.0,0,84,58.845238095238095,28,64.0,63.0,0.96875,Horizon Birmingham,Birmingham,Medium,Cardiology,126,2025,5,2,10,5,19,1,0.28075396825396826,0.984375,2,0.754918306102034
HHN-BIR-01,2025-05-11,24,28,42.0,11.307291666666666,15.625,0.0,0.7489735703200777,0,0.0,0,80,43.325,23,64.0,59.0,0.875,Horizon Birmingham,Birmingham,Medium,Cardiology,126,2025,5,2,11,6,19,1,0.2692212301587301,0.921875,-4,0.7236666666666667
HHN-BIR-01,2025-05-12,52,34,42.0,11.114583333333334,15.630208333333334,0.0,0.7603073729657998,7,2.5,0,113,55.35398230088496,43,64.0,64.0,1.0,Horizon Birmingham,Birmingham,Medium,Cardiology,126,2025,5,2,12,0,20,0,0.2646329365079365,1.0,18,0.7110963012329223
HHN-BIR-01,2025-05-13,28,34,42.0,12.364583333333334,15.671875,0.0,0.8120814732142857,13,2.623076923076923,0,68,36.20588235294117,16,64.0,64.0,1.0,Horizon Birmingham,Birmingham,Medium,Cardiology,126,2025,5,2,13,1,20,0,0.2943948412698413,1.0,-6,0.7889664340312397
HHN-BIR-01,2025-05-14,18,37,42.0,12.15625,15.677083333333334,0.0,0.8153862847222223,7,2.1142857142857143,0,69,28.565217391304348,10,64.0,64.0,1.0,Horizon Birmingham,Birmingham,Medium,Cardiology,126,2025,5,2,14,2,20,0,0.28943452380952384,1.0,-19,0.7754152823920265
HHN-BIR-01,2025-05-15,18,33,42.0,11.130208333333334,15.708333333333334,0.0,0.7329613194127997,7,4.214285714285714,0,45,48.333333333333336,12,64.0,64.0,1.0,Horizon Birmingham,Birmingham,Medium,Cardiology,126,2025,5,2,15,3,20,0,0.26500496031746035,1.0,-15,0.708554376657825
HHN-BIR-01,2025-05-16,28,21,42.0,10.994791666666666,15.723958333333334,0.0,0.7234548076344951,8,1.7000000000000002,2,69,48.10144927536232,20,64.0,64.0,1.0,Horizon Birmingham,Birmingham,Medium,Cardiology,126,2025,5,2,16,4,20,0,0.26178075396825395,1.0,7,0.699238158330573
HHN-BIR-01,2025-05-17,20,23,42.0,10.291666666666666,15.604166666666666,0.0,0.6645121227152477,0,0.0,0,67,52.56716417910448,23,64.0,62.0,0.96875,Horizon Birmingham,Birmingham,Medium,Cardiology,126,2025,5,2,17,5,20,1,0.24503968253968253,0.96875,-3,0.6595460614152203
HHN-BIR-01,2025-05-18,31,28,42.0,9.416666666666666,15.630208333333334,0.0,0.6398709076771308,0,0.0,0,97,48.123711340206185,31,64.0,63.0,0.96875,Horizon Birmingham,Birmingham,Medium,Cardiology,126,2025,5,2,18,6,20,1,0.2242063492063492,0.984375,3,0.6024658447184271
HHN-BIR-01,2025-05-19,39,29,42.0,10.515625,15.713541666666666,0.0,0.7136166903630139,14,2.207142857142857,2,71,57.76056338028169,24,64.0,64.0,1.0,Horizon Birmingham,Birmingham,Medium,Cardiology,126,2025,5,2,19,0,21,0,0.25037202380952384,1.0,10,0.6692078223400729
HHN-BIR-01,2025-05-20,29,28,42.0,11.1875,15.677083333333334,0.0,0.7316695700741754,8,2.3,1,66,50.95454545454545,21,64.0,64.0,1.0,Horizon Birmingham,Birmingham,Medium,Cardiology,126,2025,5,2,20,1,21,0,0.2663690476190476,1.0,1,0.7136212624584717
HHN-BIR-01,2025-05-21,17,32,42.0,10.9375,15.723958333333334,0.0,0.7047161797876357,6,2.6333333333333333,2,47,34.297872340425535,10,64.0,62.0,0.9375,Horizon Birmingham,Birmingham,Medium,Cardiology,126,2025,5,2,21,2,21,0,0.2604166666666667,0.96875,-15,0.6955945677376615
HHN-BIR-01,2025-05-22,29,30,42.0,10.640625,15.697916666666666,0.0,0.6640587421837422,6,2.833333333333333,1,62,69.45161290322581,23,64.0,63.0,0.96875,Horizon Birmingham,Birmingham,Medium,Cardiology,126,2025,5,2,22,3,21,0,0.2533482142857143,0.984375,-1,0.6778367617783676
HHN-BIR-01,2025-05-23,27,30,42.0,10.453125,15.6875,0.0,0.6749002349228501,14,2.0571428571428574,1,51,54.588235294117645,16,64.0,62.0,0.9375,Horizon Birmingham,Birmingham,Medium,Cardiology,126,2025,5,2,23,4,21,0,0.24888392857142858,0.96875,-3,0.6663346613545816
HHN-BIR-01,2025-05-24,29,31,42.0,9.697916666666666,15.604166666666666,0.0,0.6213465732422534,0,0.0,0,80,59.2125,27,64.0,63.0,0.96875,Horizon Birmingham,Birmingham,Medium,Cardiology,126,2025,5,2,24,5,21,1,0.23090277777777776,0.984375,-2,0.6214953271028038
HHN-BIR-01,2025-05-25,17,24,42.0,9.041666666666666,15.625,0.0,0.6007264219465506,0,0.0,0,62,57.935483870967744,18,64.0,64.0,1.0,Horizon Birmingham,Birmingham,Medium,Cardiology,126,2025,5,2,25,6,21,1,0.21527777777777776,1.0,-7,0.5786666666666667
HHN-BIR-01,2025-05-26,19,24,42.0,8.526041666666666,15.6875,0.0,0.5967801303738803,0,0.0,0,64,51.578125,18,64.0,63.0,0.96875,Horizon Birmingham,Birmingham,Medium,Cardiology,126,2025,5,2,26,0,22,0,0.20300099206349204,0.984375,-5,0.5434926958831341
HHN-BIR-01,2025-05-27,23,23,42.0,8.380208333333334,15.666666666666666,0.0,0.6045114076249186,5,2.54,2,55,63.83636363636364,21,64.0,64.0,1.0,Horizon Birmingham,Birmingham,Medium,Cardiology,126,2025,5,2,27,1,22,0,0.19952876984126985,1.0,0,0.5349069148936171
HHN-BIR-01,2025-05-28,26,18,42.0,9.229166666666666,15.697916666666666,0.0,0.6639377405002405,7,2.442857142857143,2,46,49.30434782608695,14,64.0,64.0,1.0,Horizon Birmingham,Birmingham,Medium,Cardiology,126,2025,5,2,28,2,22,0,0.2197420634920635,1.0,8,0.5879230258792303
HHN-BIR-01,2025-05-29,24,27,42.0,9.109375,15.708333333333334,0.0,0.6303656918891294,11,2.5636363636363635,1,75,35.56,16,64.0,63.0,0.96875,Horizon Birmingham,Birmingham,Medium,Cardiology,126,2025,5,2,29,3,22,0,0.21688988095238096,0.984375,-3,0.5799071618037135
HHN-BIR-01,2025-05-30,29,21,42.0,8.947916666666666,15.671875,0.0,0.6166243252180752,7,2.071428571428572,0,56,51.5,20,64.0,64.0,1.0,Horizon Birmingham,Birmingham,Medium,Cardiology,126,2025,5,2,30,4,22,0,0.2130456349206349,1.0,8,0.5709538052509139
HHN-BIR-01,2025-05-31,25,27,42.0,9.114583333333334,15.661458333333334,0.0,0.6051990772385509,0,0.0,0,80,44.275,27,64.0,63.0,0.96875,Horizon Birmingham,Birmingham,Medium,Cardiology,126,2025,5,2,31,5,22,1,0.2170138888888889,0.984375,-2,0.5819753907549052
HHN-BIR-01,2025-06-01,12,24,42.0,9.088541666666666,15.578125,0.0,0.627193743908382,0,0.0,0,47,40.85106382978724,10,64.0,61.0,0.90625,Horizon Birmingham,Birmingham,Medium,Cardiology,126,2025,6,2,1,6,22,1,0.2163938492063492,0.953125,-12,0.5834169174189234
HHN-BIR-01,2025-06-02,32,25,42.0,9.182291666666666,15.71875,0.0,0.6220886318542568,15,2.7666666666666666,0,57,57.14035087719298,20,64.0,64.0,1.0,Horizon Birmingham,Birmingham,Medium,Cardiology,126,2025,6,2,2,0,23,0,0.21862599206349204,1.0,7,0.5841616964877402
HHN-BIR-01,2025-06-03,22,17,42.0,10.447916666666666,15.697916666666666,0.0,0.6610649031801067,5,3.34,1,48,51.8125,15,64.0,63.0,0.96875,Horizon Birmingham,Birmingham,Medium,Cardiology,126,2025,6,2,3,1,23,0,0.2487599206349206,0.984375,5,0.6655607166556071
HHN-BIR-01,2025-06-04,15,24,42.0,10.0625,15.671875,0.0,0.6345490046661921,7,2.814285714285714,1,42,23.714285714285715,8,64.0,62.0,0.9375,Horizon Birmingham,Birmingham,Medium,Cardiology,126,2025,6,2,4,2,23,0,0.23958333333333334,0.96875,-9,0.6420737786640079
HHN-BIR-01,2025-06-05,25,23,42.0,8.760416666666666,15.671875,0.0,0.5615036800583676,4,2.625,0,59,60.91525423728814,23,64.0,63.0,0.96875,Horizon Birmingham,Birmingham,Medium,Cardiology,126,2025,6,2,5,3,23,0,0.2085813492063492,0.984375,2,0.5589896975739448
HHN-BIR-01,2025-06-06,24,30,42.0,9.114583333333334,15.713541666666666,0.0,0.5798413573708924,8,3.0125,0,67,31.074626865671643,15,64.0,62.0,0.9375,Horizon Birmingham,Birmingham,Medium,Cardiology,126,2025,6,2,6,4,23,0,0.2170138888888889,0.96875,-6,0.5800464037122971
HHN-BIR-01,2025-06-07,14,27,42.0,7.859375,15.619791666666666,0.0,0.5234488673941798,0,0.0,0,60,38.73333333333333,16,64.0,62.0,0.9375,Horizon Birmingham,Birmingham,Medium,Cardiology,126,2025,6,2,7,5,23,1,0.1871279761904762,0.96875,-13,0.5031677225741914
HHN-BIR-01,2025-06-08,25,15,42.0,7.927083333333333,15.6875,0.0,0.531075638269135,0,0.0,0,65,65.53846153846153,25,64.0,61.0,0.9375,Horizon Birmingham,Birmingham,Medium,Cardiology,126,2025,6,2,8,6,23,1,0.18874007936507936,0.953125,10,0.5053120849933599
HHN-BIR-01,2025-06-09,29,22,42.0,9.447916666666666,15.692708333333334,0.0,0.6194691520863396,11,3.036363636363636,0,48,57.1875,16,64.0,64.0,1.0,Horizon Birmingham,Birmingham,Medium,Cardiology,126,2025,6,2,9,0,24,0,0.2249503968253968,1.0,7,0.6020577497510786
HHN-BIR-01,2025-06-10,19,20,42.0,9.682291666666666,15.677083333333334,0.0,0.6128380155723906,6,3.3833333333333333,1,52,32.80769230769231,11,64.0,64.0,1.0,Horizon Birmingham,Birmingham,Medium,Cardiology,126,2025,6,2,10,1,24,0,0.23053075396825395,1.0,-1,0.6176079734219269
HHN-BIR-01,2025-06-11,26,22,42.0,9.463541666666666,15.682291666666666,0.0,0.619107931998557,9,3.4333333333333336,1,84,35.86904761904762,17,64.0,62.0,0.9375,Horizon Birmingham,Birmingham,Medium,Cardiology,126,2025,6,2,11,2,24,0,0.2253224206349206,0.96875,4,0.6034540019926934
HHN-BIR-01,2025-06-12,22,18,42.0,10.036458333333334,15.713541666666666,0.0,0.6547247963263588,5,2.6,0,61,64.22950819672131,20,64.0,64.0,1.0,Horizon Birmingham,Birmingham,Medium,Cardiology,126,2025,6,2,12,3,24,0,0.23896329365079366,1.0,4,0.638713954259198
HHN-BIR-01,2025-06-13,32,22,42.0,10.114583333333334,15.677083333333334,0.0,0.6774151485088985,7,2.9,0,69,51.89855072463768,23,64.0,58.0,0.875,Horizon Birmingham,Birmingham,Medium,Cardiology,126,2025,6,2,13,4,24,0,0.2408234126984127,0.90625,10,0.6451827242524917
HHN-BIR-01,2025-06-14,21,26,42.0,10.546875,15.630208333333334,0.0,0.6919743378727753,0,0.0,0,77,35.05194805194805,20,64.0,61.0,0.9375,Horizon Birmingham,Birmingham,Medium,Cardiology,126,2025,6,2,14,5,24,1,0.25111607142857145,0.953125,-5,0.6747750749750083
HHN-BIR-01,2025-06-15,11,22,42.0,9.953125,15.666666666666666,0.0,0.6376172702229688,0,0.0,0,51,46.23529411764706,12,64.0,63.0,0.96875,Horizon Birmingham,Birmingham,Medium,Cardiology,126,2025,6,2,15,6,24,1,0.23697916666666666,0.984375,-11,0.6353058510638299
HHN-BIR-01,2025-06-16,29,25,42.0,9.770833333333334,15.682291666666666,0.0,0.6370997925685425,9,3.0,0,63,60.15873015873016,21,64.0,64.0,1.0,Horizon Birmingham,Birmingham,Medium,Cardiology,126,2025,6,2,16,0,25,0,0.2326388888888889,1.0,4,0.6230488209897045
HHN-BIR-01,2025-06-17,28,23,42.0,9.78125,15.65625,0.0,0.6508433448135967,8,3.575,0,57,45.85964912280702,19,64.0,64.0,1.0,Horizon Birmingham,Birmingham,Medium,Cardiology,126,2025,6,2,17,1,25,0,0.23288690476190477,1.0,5,0.624750499001996
HHN-BIR-01,2025-06-18,26,14,42.0,10.630208333333334,15.697916666666666,0.0,0.6881571481180856,11,3.1,1,52,44.32692307692308,15,64.0,64.0,1.0,Horizon Birmingham,Birmingham,Medium,Cardiology,126,2025,6,2,18,2,25,0,0.25310019841269843,1.0,12,0.677173191771732
HHN-BIR-01,2025-06-19,33,29,42.0,11.619791666666666,15.697916666666666,0.0,0.750600322199587,11,2.9545454545454546,2,89,50.01123595505618,27,64.0,58.0,0.84375,Horizon Birmingham,Birmingham,Medium,Cardiology,126,2025,6,2,19,3,25,0,0.27666170634920634,0.90625,4,0.7402123424021234
HHN-BIR-01,2025-06-20,33,33,42.0,11.578125,15.697916666666666,0.0,0.7491990008424841,8,2.4375,0,81,43.06172839506173,22,64.0,59.0,0.90625,Horizon Birmingham,Birmingham,Medium,Cardiology,126,2025,6,2,20,4,25,0,0.27566964285714285,0.921875,0,0.7375580623755806
HHN-BIR-01,2025-06-21,37,29,42.0,11.208333333333334,15.598958333333334,0.0,0.722184145389226,0,0.0,0,122,44.68852459016394,37,64.0,63.0,0.96875,Horizon Birmingham,Birmingham,Medium,Cardiology,126,2025,6,2,21,5,25,1,0.26686507936507936,0.984375,8,0.7185308848080134
HHN-BIR-01,2025-06-22,13,30,42.0,10.734375,15.645833333333334,0.0,0.6970791433682059,0,0.0,0,49,36.326530612244895,12,64.0,63.0,0.96875,Horizon Birmingham,Birmingham,Medium,Cardiology,126,2025,6,2,22,6,25,1,0.25558035714285715,0.984375,-17,0.6860852197070573
HHN-BIR-01,2025-06-23,29,29,42.0,10.604166666666666,15.723958333333334,0.0,0.7062702922077921,12,2.608333333333333,1,55,42.58181818181818,16,64.0,64.0,1.0,Horizon Birmingham,Birmingham,Medium,Cardiology,126,2025,6,2,23,0,26,0,0.2524801587301587,1.0,0,0.6743954951970851
HHN-BIR-01,2025-06-24,18,23,42.0,10.942708333333334,15.666666666666666,0.0,0.6809490928631554,8,3.125,1,47,38.42553191489362,12,64.0,63.0,0.96875,Horizon Birmingham,Birmingham,Medium,Cardiology,126,2025,6,2,24,1,26,0,0.2605406746031746,0.984375,-5,0.6984707446808511
HHN-BIR-01,2025-06-25,37,23,42.0,11.3125,15.703125,0.0,0.7210299610690236,11,2.7181818181818183,1,88,51.11363636363637,26,64.0,63.0,0.96875,Horizon Birmingham,Birmingham,Medium,Cardiology,126,2025,6,2,25,2,26,0,0.2693452380952381,0.984375,14,0.7203980099502487
HHN-BIR-01,2025-06-26,21,25,42.0,12.083333333333334,15.703125,0.0,0.7701461226851851,13,1.6307692307692307,2,40,27.35,7,64.0,64.0,1.0,Horizon Birmingham,Birmingham,Medium,Cardiology,126,2025,6,2,26,3,26,0,0.28769841269841273,1.0,-4,0.7694859038142621
HHN-BIR-01,2025-06-27,28,35,42.0,11.036458333333334,15.666666666666666,0.0,0.6980738373316498,5,3.5,2,71,63.77464788732394,24,64.0,60.0,0.90625,Horizon Birmingham,Birmingham,Medium,Cardiology,126,2025,6,2,27,4,26,0,0.2627728174603175,0.9375,-7,0.7044547872340426
HHN-BIR-01,2025-06-28,21,25,42.0,10.151041666666666,15.671875,0.0,0.6533171183561809,0,0.0,0,57,48.40350877192982,20,64.0,64.0,1.0,Horizon Birmingham,Birmingham,Medium,Cardiology,126,2025,6,2,28,5,26,1,0.24169146825396823,1.0,-4,0.6477234961781322
HHN-BIR-01,2025-06-29,26,21,42.0,10.026041666666666,15.598958333333334,0.0,0.6307698450276575,0,0.0,0,93,49.193548387096776,27,64.0,64.0,1.0,Horizon Birmingham,Birmingham,Medium,Cardiology,126,2025,6,2,29,6,26,1,0.23871527777777776,1.0,5,0.6427378964941569
HHN-BIR-01,2025-06-30,25,23,42.0,10.765625,15.65625,0.0,0.699235334120052,9,2.988888888888889,1,74,42.16216216216216,19,64.0,62.0,0.9375,Horizon Birmingham,Birmingham,Medium,Cardiology,126,2025,6,2,30,0,27,0,0.25632440476190477,0.96875,2,0.687624750499002
HHN-BIR-01,2025-07-01,30,26,42.0,10.838541666666666,15.635416666666666,0.0,0.69731599751131,7,2.521428571428572,0,57,68.21052631578948,22,64.0,64.0,1.0,Horizon Birmingham,Birmingham,Medium,Cardiology,126,2025,7,3,1,1,27,0,0.25806051587301587,1.0,4,0.6932045303131246
HHN-BIR-01,2025-07-02,25,19,42.0,11.276041666666666,15.71875,0.0,0.6785897020986579,10,2.28,0,52,33.11538461538461,14,64.0,64.0,1.0,Horizon Birmingham,Birmingham,Medium,Cardiology,126,2025,7,3,2,2,27,0,0.2684771825396825,1.0,6,0.7173624917163685
HHN-BIR-01,2025-07-03,32,38,42.0,11.229166666666666,15.651041666666666,0.0,0.7093337868728494,12,2.591666666666667,0,73,53.83561643835616,24,64.0,64.0,1.0,Horizon Birmingham,Birmingham,Medium,Cardiology,126,2025,7,3,3,3,27,0,0.2673611111111111,1.0,-6,0.7174708818635607
HHN-BIR-01,2025-07-04,36,32,42.0,11.677083333333334,15.625,0.0,0.6982036953577934,2,2.9,0,75,71.86666666666666,34,64.0,64.0,1.0,Horizon Birmingham,Birmingham,Medium,Cardiology,126,2025,7,3,4,4,27,0,0.27802579365079366,1.0,4,0.7473333333333334
HHN-BIR-01,2025-07-05,22,27,42.0,11.484375,15.5625,0.0,0.6853775119209571,0,0.0,0,70,50.62857142857143,20,64.0,63.0,0.96875,Horizon Birmingham,Birmingham,Medium,Cardiology,126,2025,7,3,5,5,27,1,0.2734375,0.984375,-5,0.7379518072289156
HHN-BIR-01,2025-07-06,21,22,42.0,11.15625,15.572916666666666,0.0,0.706353259179546,0,0.0,0,64,38.25,21,64.0,63.0,0.96875,Horizon Birmingham,Birmingham,Medium,Cardiology,126,2025,7,3,6,6,27,1,0.265625,0.984375,-1,0.7163879598662207
HHN-BIR-01,2025-07-07,39,40,42.0,11.90625,15.635416666666666,0.0,0.773539165531353,18,2.561111111111111,1,77,40.77922077922078,23,64.0,63.0,0.96875,Horizon Birmingham,Birmingham,Medium,Cardiology,126,2025,7,3,7,0,28,0,0.28348214285714285,0.984375,-1,0.7614923384410394
HHN-BIR-01,2025-07-08,21,23,42.0,11.25,15.708333333333334,0.0,0.6925777492183741,4,3.25,0,39,76.82051282051282,15,64.0,64.0,1.0,Horizon Birmingham,Birmingham,Medium,Cardiology,126,2025,7,3,8,1,28,0,0.26785714285714285,1.0,-2,0.7161803713527851
HHN-BIR-01,2025-07-09,34,28,42.0,10.822916666666666,15.71875,0.0,0.6704048483345358,11,2.7181818181818183,1,90,41.84444444444444,24,64.0,63.0,0.96875,Horizon Birmingham,Birmingham,Medium,Cardiology,126,2025,7,3,9,2,28,0,0.25768849206349204,0.984375,6,0.6885354539430085
HHN-BIR-01,2025-07-10,18,26,42.0,10.958333333333334,15.677083333333334,0.0,0.6876190577362452,5,3.46,1,45,47.0,12,64.0,61.0,0.90625,Horizon Birmingham,Birmingham,Medium,Cardiology,126,2025,7,3,10,3,28,0,0.26091269841269843,0.953125,-8,0.6990033222591362
HHN-BIR-01,2025-07-11,29,24,42.0,10.671875,15.697916666666666,0.0,0.6789918589877472,10,3.09,2,56,51.82142857142857,19,64.0,63.0,0.96875,Horizon Birmingham,Birmingham,Medium,Cardiology,126,2025,7,3,11,4,28,0,0.2540922619047619,0.984375,5,0.6798274717982747
HHN-BIR-01,2025-07-12,12,19,42.0,10.640625,15.619791666666666,0.0,0.6857595674001925,0,0.0,0,51,31.54901960784314,11,64.0,64.0,1.0,Horizon Birmingham,Birmingham,Medium,Cardiology,126,2025,7,3,12,5,28,1,0.2533482142857143,1.0,-7,0.6812270756918973
HHN-BIR-01,2025-07-13,17,31,42.0,9.15625,15.609375,0.0,0.5917948082010582,0,0.0,0,65,48.2,19,64.0,64.0,1.0,Horizon Birmingham,Birmingham,Medium,Cardiology,126,2025,7,3,13,6,28,1,0.21800595238095238,1.0,-14,0.5865865865865866
HHN-BIR-01,2025-07-14,20,20,42.0,9.052083333333334,15.677083333333334,0.0,0.596613455988456,10,3.3200000000000003,1,44,33.59090909090909,11,64.0,64.0,1.0,Horizon Birmingham,Birmingham,Medium,Cardiology,126,2025,7,3,14,0,29,0,0.21552579365079366,1.0,0,0.5774086378737542
HHN-BIR-01,2025-07-15,32,20,42.0,9.380208333333334,15.677083333333334,0.0,0.6128056983525734,9,2.7777777777777777,0,88,49.78409090909091,25,64.0,64.0,1.0,Horizon Birmingham,Birmingham,Medium,Cardiology,126,2025,7,3,15,1,29,0,0.22333829365079366,1.0,12,0.5983388704318937
HHN-BIR-01,2025-07-16,24,20,42.0,10.557291666666666,15.635416666666666,0.0,0.652590635413415,11,2.9181818181818184,0,44,33.25,11,64.0,59.0,0.84375,Horizon Birmingham,Birmingham,Medium,Cardiology,126,2025,7,3,16,2,29,0,0.25136408730158727,0.921875,4,0.6752165223184543
HHN-BIR-01,2025-07-17,23,23,42.0,10.942708333333334,15.6875,0.0,0.6592744784151034,9,2.855555555555556,1,59,44.01694915254237,16,64.0,64.0,1.0,Horizon Birmingham,Birmingham,Medium,Cardiology,126,2025,7,3,17,3,29,0,0.2605406746031746,1.0,0,0.6975431606905711
HHN-BIR-01,2025-07-18,22,27,42.0,10.755208333333334,15.697916666666666,0.0,0.6646266330002991,6,3.233333333333333,0,42,61.095238095238095,15,64.0,64.0,1.0,Horizon Birmingham,Birmingham,Medium,Cardiology,126,2025,7,3,18,4,29,0,0.2560763888888889,1.0,-5,0.6851360318513604
HHN-BIR-01,2025-07-19,22,28,42.0,9.890625,15.598958333333334,0.0,0.6296204532732202,0,0.0,0,61,51.39344262295082,21,64.0,61.0,0.90625,Horizon Birmingham,Birmingham,Medium,Cardiology,126,2025,7,3,19,5,29,1,0.23549107142857142,0.953125,-6,0.6340567612687813
HHN-BIR-01,2025-07-20,19,21,42.0,9.5625,15.640625,0.0,0.6293761287901912,0,0.0,0,55,60.32727272727273,24,64.0,64.0,1.0,Horizon Birmingham,Birmingham,Medium,Cardiology,126,2025,7,3,20,6,29,1,0.22767857142857142,1.0,-2,0.6113886113886113
HHN-BIR-01,2025-07-21,34,16,42.0,10.40625,15.682291666666666,0.0,0.6936934448653198,7,2.3714285714285714,1,78,49.833333333333336,25,64.0,64.0,1.0,Horizon Birmingham,Birmingham,Medium,Cardiology,126,2025,7,3,21,0,30,0,0.24776785714285715,1.0,18,0.6635669212886085
HHN-BIR-01,2025-07-22,26,32,42.0,11.052083333333334,15.635416666666666,0.0,0.7319809083909693,5,3.3,0,63,58.65079365079365,20,64.0,63.0,0.96875,Horizon Birmingham,Birmingham,Medium,Cardiology,126,2025,7,3,22,1,30,0,0.2631448412698413,0.984375,-6,0.7068620919387076
HHN-BIR-01,2025-07-23,21,22,42.0,10.140625,15.697916666666666,0.0,0.6570118972462723,6,2.3833333333333333,2,47,64.57446808510639,16,64.0,64.0,1.0,Horizon Birmingham,Birmingham,Medium,Cardiology,126,2025,7,3,23,2,30,0,0.24144345238095238,1.0,-1,0.6459854014598541
HHN-BIR-01,2025-07-24,29,37,42.0,10.052083333333334,15.692708333333334,0.0,0.6664197959119834,9,2.9,0,64,67.65625,23,64.0,63.0,0.96875,Horizon Birmingham,Birmingham,Medium,Cardiology,126,2025,7,3,24,3,30,0,0.23933531746031747,0.984375,-8,0.6405575838035181
HHN-BIR-01,2025-07-25,28,32,42.0,9.171875,15.651041666666666,0.0,0.6267210798460798,10,2.6700000000000004,3,54,51.81481481481482,14,64.0,64.0,1.0,Horizon Birmingham,Birmingham,Medium,Cardiology,126,2025,7,3,25,4,30,0,0.2183779761904762,1.0,-4,0.5860232945091515
HHN-BIR-01,2025-07-26,21,9,42.0,8.739583333333334,15.625,0.0,0.5927694047215769,0,0.0,0,60,62.28333333333333,21,64.0,61.0,0.9375,Horizon Birmingham,Birmingham,Medium,Cardiology,126,2025,7,3,26,5,30,1,0.20808531746031747,0.953125,12,0.5593333333333333
HHN-BIR-01,2025-07-27,30,28,42.0,9.354166666666666,15.671875,0.0,0.6383309008194119,0,0.0,0,110,42.25454545454546,32,64.0,63.0,0.96875,Horizon Birmingham,Birmingham,Medium,Cardiology,126,2025,7,3,27,6,30,1,0.22271825396825395,0.984375,2,0.5968760385510136
HHN-BIR-01,2025-07-28,41,13,42.0,10.734375,15.697916666666666,0.0,0.7056449048636549,10,3.16,2,98,59.10204081632653,30,64.0,62.0,0.96875,Horizon Birmingham,Birmingham,Medium,Cardiology,126,2025,7,3,28,0,31,0,0.25558035714285715,0.96875,28,0.6838088918380889
HHN-BIR-01,2025-07-29,31,30,42.0,12.322916666666666,15.71875,0.0,0.7926891020212286,7,2.757142857142857,0,101,39.38613861386138,23,64.0,63.0,0.96875,Horizon Birmingham,Birmingham,Medium,Cardiology,126,2025,7,3,29,1,31,0,0.2934027777777778,0.984375,1,0.7839628893306826
HHN-BIR-01,2025-07-30,20,32,42.0,12.234375,15.713541666666666,0.0,0.7875279017857143,9,3.1444444444444444,1,51,34.6078431372549,11,64.0,64.0,1.0,Horizon Birmingham,Birmingham,Medium,Cardiology,126,2025,7,3,30,2,31,0,0.29129464285714285,1.0,-12,0.7785880013258204
HHN-BIR-01,2025-07-31,49,38,42.0,12.703125,15.640625,0.0,0.8329613095238094,20,2.75,0,101,50.59405940594059,32,64.0,63.0,0.96875,Horizon Birmingham,Birmingham,Medium,Cardiology,126,2025,7,3,31,3,31,0,0.30245535714285715,0.984375,11,0.8121878121878122
HHN-BIR-01,2025-08-01,17,31,42.0,12.442708333333334,15.708333333333334,0.0,0.7786479609204794,4,3.8,0,50,43.06,12,64.0,64.0,1.0,Horizon Birmingham,Birmingham,Medium,Cardiology,126,2025,8,3,1,4,31,0,0.29625496031746035,1.0,-14,0.7921087533156499
HHN-BIR-01,2025-08-02,27,27,42.0,12.083333333333334,15.572916666666666,0.0,0.7742152178853998,0,0.0,0,77,51.532467532467535,26,64.0,64.0,1.0,Horizon Birmingham,Birmingham,Medium,Cardiology,126,2025,8,3,2,5,31,1,0.28769841269841273,1.0,0,0.7759197324414716
HHN-BIR-01,2025-08-03,18,35,42.0,10.770833333333334,15.583333333333334,0.0,0.72156806165308,0,0.0,0,65,32.47692307692308,16,64.0,63.0,0.96875,Horizon Birmingham,Birmingham,Medium,Cardiology,126,2025,8,3,3,6,31,1,0.25644841269841273,0.984375,-17,0.6911764705882353
HHN-BIR-01,2025-08-04,18,20,42.0,10.166666666666666,15.703125,0.0,0.7209031485184306,5,1.6800000000000002,0,51,35.98039215686274,14,64.0,64.0,1.0,Horizon Birmingham,Birmingham,Medium,Cardiology,126,2025,8,3,4,0,32,0,0.24206349206349204,1.0,-2,0.6474295190713101
HHN-BIR-01,2025-08-05,24,20,42.0,9.989583333333334,15.65625,0.0,0.6959176815457758,3,4.666666666666667,1,54,53.77777777777778,22,64.0,62.0,0.9375,Horizon Birmingham,Birmingham,Medium,Cardiology,126,2025,8,3,5,1,32,0,0.23784722222222224,0.96875,4,0.6380572188955422
HHN-BIR-01,2025-08-06,29,24,42.0,10.411458333333334,15.703125,0.0,0.7163358848905723,8,2.2625,0,76,35.776315789473685,21,64.0,64.0,1.0,Horizon Birmingham,Birmingham,Medium,Cardiology,126,2025,8,3,6,2,32,0,0.2478918650793651,1.0,5,0.6630182421227198
HHN-BIR-01,2025-08-07,27,31,42.0,10.640625,15.635416666666666,0.0,0.6857603576468466,5,3.56,0,73,38.89041095890411,22,64.0,64.0,1.0,Horizon Birmingham,Birmingham,Medium,Cardiology,126,2025,8,3,7,3,32,0,0.2533482142857143,1.0,-4,0.6805463024650233
HHN-BIR-01,2025-08-08,17,21,42.0,10.40625,15.677083333333334,0.0,0.6618681544664552,3,2.2,0,40,39.75,13,64.0,63.0,0.96875,Horizon Birmingham,Birmingham,Medium,Cardiology,126,2025,8,3,8,4,32,0,0.24776785714285715,0.984375,-4,0.6637873754152823
HHN-BIR-01,2025-08-09,39,27,42.0,10.385416666666666,15.614583333333334,0.0,0.6782379223785474,0,0.0,0,124,54.233870967741936,45,64.0,63.0,0.96875,Horizon Birmingham,Birmingham,Medium,Cardiology,126,2025,8,3,9,5,32,1,0.24727182539682538,0.984375,12,0.6651100733822548
HHN-BIR-01,2025-08-10,26,30,42.0,11.171875,15.65625,0.0,0.7120588415367379,0,0.0,0,64,59.1875,21,64.0,63.0,0.96875,Horizon Birmingham,Birmingham,Medium,Cardiology,126,2025,8,3,10,6,32,1,0.26599702380952384,0.984375,-4,0.7135728542914171
HHN-BIR-01,2025-08-11,19,33,42.0,10.463541666666666,15.666666666666666,0.0,0.6999470984560543,5,3.08,0,52,29.03846153846154,13,64.0,60.0,0.90625,Horizon Birmingham,Birmingham,Medium,Cardiology,126,2025,8,3,11,0,33,0,0.24913194444444442,0.9375,-14,0.6678856382978723
HHN-BIR-01,2025-08-12,30,23,42.0,9.567708333333334,15.708333333333334,0.0,0.651398821897107,2,4.2,0,89,46.764044943820224,29,64.0,61.0,0.9375,Horizon Birmingham,Birmingham,Medium,Cardiology,126,2025,8,3,12,1,33,0,0.2278025793650794,0.953125,7,0.6090848806366048
HHN-BIR-01,2025-08-13,26,21,42.0,10.5625,15.635416666666666,0.0,0.7144983226294904,8,2.1875,0,63,43.142857142857146,21,64.0,64.0,1.0,Horizon Birmingham,Birmingham,Medium,Cardiology,126,2025,8,3,13,2,33,0,0.25148809523809523,1.0,5,0.675549633577615
HHN-BIR-01,2025-08-14,22,21,42.0,10.6875,15.651041666666666,0.0,0.7018253421419539,3,2.9333333333333336,0,56,59.48214285714285,18,64.0,62.0,0.9375,Horizon Birmingham,Birmingham,Medium,Cardiology,126,2025,8,3,14,3,33,0,0.2544642857142857,0.96875,1,0.6828618968386023
HHN-BIR-01,2025-08-15,22,30,42.0,10.442708333333334,15.708333333333334,0.0,0.6812282511666591,5,3.4,0,44,62.09090909090909,16,64.0,64.0,1.0,Horizon Birmingham,Birmingham,Medium,Cardiology,126,2025,8,3,15,4,33,0,0.2486359126984127,1.0,-8,0.6647877984084881
HHN-BIR-01,2025-08-16,16,20,42.0,9.208333333333334,15.619791666666666,0.0,0.6220502243135515,0,0.0,0,70,39.98571428571429,19,64.0,62.0,0.96875,Horizon Birmingham,Birmingham,Medium,Cardiology,126,2025,8,3,16,5,33,1,0.21924603174603177,0.96875,-4,0.5895298432810938
HHN-BIR-01,2025-08-17,24,27,42.0,9.005208333333334,15.614583333333334,0.0,0.6057610252118524,0,0.0,0,56,47.625,19,64.0,60.0,0.875,Horizon Birmingham,Birmingham,Medium,Cardiology,126,2025,8,3,17,6,33,1,0.21440972222222224,0.9375,-3,0.576717811874583
HHN-BIR-01,2025-08-18,25,23,42.0,9.145833333333334,15.640625,0.0,0.6343563099422475,7,2.7142857142857144,2,62,43.483870967741936,19,64.0,63.0,0.96875,Horizon Birmingham,Birmingham,Medium,Cardiology,126,2025,8,3,18,0,34,0,0.2177579365079365,0.984375,2,0.5847485847485848
HHN-BIR-01,2025-08-19,21,22,42.0,9.140625,15.6875,0.0,0.6208581128158334,3,2.1666666666666665,1,61,46.34426229508197,18,64.0,64.0,1.0,Horizon Birmingham,Birmingham,Medium,Cardiology,126,2025,8,3,19,1,34,0,0.21763392857142858,1.0,-1,0.5826693227091634
HHN-BIR-01,2025-08-20,35,21,42.0,10.192708333333334,15.671875,0.0,0.6772617378167393,8,2.175,0,84,52.773809523809526,28,64.0,64.0,1.0,Horizon Birmingham,Birmingham,Medium,Cardiology,126,2025,8,3,20,2,34,0,0.24268353174603177,1.0,14,0.6503821867730143
HHN-BIR-01,2025-08-21,21,22,42.0,10.661458333333334,15.614583333333334,0.0,0.6897000100699548,5,2.54,0,50,55.38,17,64.0,63.0,0.96875,Horizon Birmingham,Birmingham,Medium,Cardiology,126,2025,8,3,21,3,34,0,0.25384424603174605,0.984375,-1,0.6827885256837892
HHN-BIR-01,2025-08-22,26,22,42.0,10.989583333333334,15.677083333333334,0.0,0.6970529270736071,3,2.433333333333333,1,65,60.06153846153846,23,64.0,63.0,0.96875,Horizon Birmingham,Birmingham,Medium,Cardiology,126,2025,8,3,22,4,34,0,0.26165674603174605,0.984375,4,0.7009966777408638
HHN-BIR-01,2025-08-23,22,27,42.0,10.869791666666666,15.588541666666666,0.0,0.6788454639212911,0,0.0,0,67,50.208955223880594,20,64.0,64.0,1.0,Horizon Birmingham,Birmingham,Medium,Cardiology,126,2025,8,3,23,5,34,1,0.2588045634920635,1.0,-5,0.6972936852656197
HHN-BIR-01,2025-08-24,23,23,42.0,10.53125,15.635416666666666,0.0,0.6828924475408851,0,0.0,0,94,48.819148936170215,28,64.0,64.0,1.0,Horizon Birmingham,Birmingham,Medium,Cardiology,126,2025,8,3,24,6,34,1,0.2507440476190476,1.0,0,0.6735509660226516
HHN-BIR-01,2025-08-25,21,22,42.0,10.786458333333334,15.697916666666666,0.0,0.6894681562650313,0,0.0,0,51,54.47058823529412,18,64.0,64.0,1.0,Horizon Birmingham,Birmingham,Medium,Cardiology,126,2025,8,3,25,0,35,0,0.2568204365079365,1.0,-1,0.6871267418712674
HHN-BIR-01,2025-08-26,18,32,42.0,10.135416666666666,15.6875,0.0,0.6843456673534799,4,2.65,0,50,41.04,14,64.0,63.0,0.96875,Horizon Birmingham,Birmingham,Medium,Cardiology,126,2025,8,3,26,1,35,0,0.24131944444444442,0.984375,-14,0.6460823373173971
HHN-BIR-01,2025-08-27,23,19,42.0,9.802083333333334,15.6875,0.0,0.6613252126924002,6,2.4833333333333334,0,67,36.32835820895522,18,64.0,63.0,0.96875,Horizon Birmingham,Birmingham,Medium,Cardiology,126,2025,8,3,27,2,35,0,0.2333829365079365,0.984375,4,0.6248339973439575
HHN-BIR-01,2025-08-28,19,24,42.0,9.552083333333334,15.671875,0.0,0.6166578005157969,4,4.1,1,47,46.70212765957447,14,64.0,64.0,1.0,Horizon Birmingham,Birmingham,Medium,Cardiology,126,2025,8,3,28,3,35,0,0.22743055555555558,1.0,-5,0.6095048188767033
HHN-BIR-01,2025-08-29,16,18,42.0,8.979166666666666,15.666666666666666,0.0,0.5487538141835017,2,3.8,0,46,49.30434782608695,14,64.0,64.0,1.0,Horizon Birmingham,Birmingham,Medium,Cardiology,126,2025,8,3,29,4,35,0,0.21378968253968253,1.0,-2,0.5731382978723404
HHN-BIR-01,2025-08-30,19,17,42.0,8.833333333333334,15.5625,0.0,0.5501529930540187,0,0.0,0,64,49.296875,20,64.0,64.0,1.0,Horizon Birmingham,Birmingham,Medium,Cardiology,126,2025,8,3,30,5,35,1,0.21031746031746032,1.0,2,0.56760374832664
HHN-BIR-01,2025-08-31,19,22,42.0,9.03125,15.619791666666666,0.0,0.5857331198553625,0,0.0,0,85,31.176470588235293,18,64.0,64.0,1.0,Horizon Birmingham,Birmingham,Medium,Cardiology,126,2025,8,3,31,6,35,1,0.21502976190476192,1.0,-3,0.5781927309103034
HHN-BIR-01,2025-09-01,27,19,42.0,9.34375,15.682291666666666,0.0,0.6398668012360447,12,2.158333333333333,1,76,39.69736842105263,17,64.0,64.0,1.0,Horizon Birmingham,Birmingham,Medium,Cardiology,126,2025,9,3,1,0,36,0,0.22247023809523808,1.0,8,0.5958153437396214
HHN-BIR-01,2025-09-02,25,20,42.0,9.875,15.635416666666666,0.0,0.6620248283125457,13,2.1538461538461537,0,30,45.46666666666667,9,64.0,63.0,0.96875,Horizon Birmingham,Birmingham,Medium,Cardiology,126,2025,9,3,2,1,36,0,0.23511904761904762,0.984375,5,0.6315789473684211
HHN-BIR-01,2025-09-03,30,26,42.0,10.119791666666666,15.677083333333334,0.0,0.6441441893992446,10,2.64,2,66,61.63636363636363,26,64.0,59.0,0.875,Horizon Birmingham,Birmingham,Medium,Cardiology,126,2025,9,3,3,2,36,0,0.2409474206349206,0.921875,4,0.6455149501661129
HHN-BIR-01,2025-09-04,29,30,42.0,11.052083333333334,15.625,0.0,0.7194937735463567,9,2.966666666666667,0,44,56.72727272727273,14,64.0,63.0,0.96875,Horizon Birmingham,Birmingham,Medium,Cardiology,126,2025,9,3,4,3,36,0,0.2631448412698413,0.984375,-1,0.7073333333333334
HHN-BIR-01,2025-09-05,25,29,42.0,10.520833333333334,15.640625,0.0,0.6868659624519,11,2.5545454545454547,1,51,54.66666666666666,19,64.0,64.0,1.0,Horizon Birmingham,Birmingham,Medium,Cardiology,126,2025,9,3,5,4,36,0,0.25049603174603174,1.0,-4,0.6726606726606728
HHN-BIR-01,2025-09-06,37,21,42.0,11.255208333333334,15.59375,0.0,0.6900808191461008,0,0.0,0,104,54.85576923076923,37,64.0,64.0,1.0,Horizon Birmingham,Birmingham,Medium,Cardiology,126,2025,9,3,6,5,36,1,0.2679811507936508,1.0,16,0.7217768871075485
HHN-BIR-01,2025-09-07,16,29,42.0,11.166666666666666,15.578125,0.0,0.6923017374723583,0,0.0,0,67,32.417910447761194,14,64.0,63.0,0.96875,Horizon Birmingham,Birmingham,Medium,Cardiology,126,2025,9,3,7,6,36,1,0.26587301587301587,0.984375,-13,0.7168171180207288
HHN-BIR-01,2025-09-08,36,25,42.0,10.963541666666666,15.692708333333334,0.0,0.718583043597556,8,2.025,0,79,61.03797468354431,28,64.0,59.0,0.875,Horizon Birmingham,Birmingham,Medium,Cardiology,126,2025,9,3,8,0,37,0,0.26103670634920634,0.921875,11,0.6986392300033188
HHN-BIR-01,2025-09-09,30,29,42.0,11.734375,15.682291666666666,0.0,0.7369532487868885,11,3.2363636363636363,1,46,57.21739130434783,18,64.0,64.0,1.0,Horizon Birmingham,Birmingham,Medium,Cardiology,126,2025,9,3,9,1,37,0,0.27938988095238093,1.0,1,0.7482563932248423
HHN-BIR-01,2025-09-10,27,27,42.0,11.260416666666666,15.666666666666666,0.0,0.7152627431120079,7,2.757142857142857,0,63,56.333333333333336,23,64.0,64.0,1.0,Horizon Birmingham,Birmingham,Medium,Cardiology,126,2025,9,3,10,2,37,0,0.2681051587301587,1.0,0,0.71875
HHN-BIR-01,2025-09-11,45,32,42.0,11.546875,15.6875,0.0,0.7579847958754208,12,2.558333333333333,2,108,52.5925925925926,36,64.0,63.0,0.96875,Horizon Birmingham,Birmingham,Medium,Cardiology,126,2025,9,3,11,3,37,0,0.27492559523809523,0.984375,13,0.7360557768924303
HHN-BIR-01,2025-09-12,24,32,42.0,11.78125,15.723958333333334,0.0,0.7854371467652718,11,2.5727272727272728,1,37,45.08108108108108,9,64.0,63.0,0.96875,Horizon Birmingham,Birmingham,Medium,Cardiology,126,2025,9,3,12,4,37,0,0.2805059523809524,0.984375,-8,0.7492547201059954
HHN-BIR-01,2025-09-13,11,24,42.0,10.895833333333334,15.635416666666666,0.0,0.725235297110297,0,0.0,0,51,58.80392156862745,15,64.0,58.0,0.875,Horizon Birmingham,Birmingham,Medium,Cardiology,126,2025,9,3,13,5,37,1,0.2594246031746032,0.90625,-13,0.6968687541638908
HHN-BIR-01,2025-09-14,26,29,42.0,10.447916666666666,15.526041666666666,0.0,0.7418140842144325,0,0.0,0,59,66.32203389830508,22,64.0,63.0,0.96875,Horizon Birmingham,Birmingham,Medium,Cardiology,126,2025,9,3,14,6,37,1,0.2487599206349206,0.984375,-3,0.6729285474672928
HHN-BIR-01,2025-09-15,22,23,42.0,10.734375,15.71875,0.0,0.6980524177789803,7,3.4,0,50,43.7,16,64.0,64.0,1.0,Horizon Birmingham,Birmingham,Medium,Cardiology,126,2025,9,3,15,0,38,0,0.25558035714285715,1.0,-1,0.6829025844930418
HHN-BIR-01,2025-09-16,31,26,42.0,10.973958333333334,15.697916666666666,0.0,0.7125513881373257,8,2.6,1,98,46.54081632653061,27,64.0,64.0,1.0,Horizon Birmingham,Birmingham,Medium,Cardiology,126,2025,9,3,16,1,38,0,0.2612847222222222,1.0,5,0.69907100199071
HHN-BIR-01,2025-09-17,40,18,42.0,12.036458333333334,15.661458333333334,0.0,0.7599121798340548,17,3.1411764705882352,0,72,42.65277777777778,20,64.0,63.0,0.96875,Horizon Birmingham,Birmingham,Medium,Cardiology,126,2025,9,3,17,2,38,0,0.2865823412698413,0.984375,22,0.7685400731626205
HHN-BIR-01,2025-09-18,38,26,42.0,13.104166666666666,15.682291666666666,0.0,0.7979755704365079,14,3.442857142857143,0,76,51.03947368421053,25,64.0,63.0,0.96875,Horizon Birmingham,Birmingham,Medium,Cardiology,126,2025,9,3,18,3,38,0,0.31200396825396826,0.984375,12,0.8356027897708402
HHN-BIR-01,2025-09-19,15,31,42.0,12.75,15.677083333333334,0.0,0.8011574074074074,5,2.88,0,55,38.52727272727272,10,64.0,64.0,1.0,Horizon Birmingham,Birmingham,Medium,Cardiology,126,2025,9,3,19,4,38,0,0.30357142857142855,1.0,-16,0.8132890365448505
HHN-BIR-01,2025-09-20,32,31,42.0,11.734375,15.666666666666666,0.0,0.7500859360551008,0,0.0,0,113,53.50442477876106,35,64.0,63.0,0.96875,Horizon Birmingham,Birmingham,Medium,Cardiology,126,2025,9,3,20,5,38,1,0.27938988095238093,0.984375,1,0.7490026595744681
HHN-BIR-01,2025-09-21,23,40,42.0,11.614583333333334,15.630208333333334,0.0,0.7536378756047873,0,0.0,0,61,45.49180327868852,19,64.0,62.0,0.9375,Horizon Birmingham,Birmingham,Medium,Cardiology,126,2025,9,3,21,6,38,1,0.27653769841269843,0.96875,-17,0.7430856381206264
HHN-BIR-01,2025-09-22,22,24,42.0,11.453125,15.708333333333334,0.0,0.7331842861829075,9,2.8666666666666667,0,55,33.527272727272724,14,64.0,62.0,0.9375,Horizon Birmingham,Birmingham,Medium,Cardiology,126,2025,9,3,22,0,39,0,0.2726934523809524,0.96875,-2,0.7291114058355438
HHN-BIR-01,2025-09-23,35,34,42.0,11.484375,15.666666666666666,0.0,0.7072880344364719,9,3.1333333333333333,0,82,54.21951219512195,28,64.0,64.0,1.0,Horizon Birmingham,Birmingham,Medium,Cardiology,126,2025,9,3,23,1,39,0,0.2734375,1.0,1,0.7330452127659575
HHN-BIR-01,2025-09-24,36,31,42.0,11.583333333333334,15.661458333333334,0.0,0.7280844407654622,6,3.216666666666667,0,76,55.03947368421053,28,64.0,63.0,0.96875,Horizon Birmingham,Birmingham,Medium,Cardiology,126,2025,9,3,24,2,39,0,0.2757936507936508,0.984375,5,0.7396075823079481
HHN-BIR-01,2025-09-25,48,33,42.0,12.046875,15.677083333333334,0.0,0.7895817666682757,17,2.341176470588235,1,115,56.08695652173913,34,64.0,64.0,1.0,Horizon Birmingham,Birmingham,Medium,Cardiology,126,2025,9,3,25,3,39,0,0.28683035714285715,1.0,15,0.7684385382059801
HHN-BIR-01,2025-09-26,39,25,42.0,12.786458333333334,15.651041666666666,0.0,0.7746716509154831,10,2.57,1,86,51.7906976744186,29,64.0,64.0,1.0,Horizon Birmingham,Birmingham,Medium,Cardiology,126,2025,9,3,26,4,39,0,0.30443948412698413,1.0,14,0.8169717138103162
HHN-BIR-01,2025-09-27,33,36,42.0,12.973958333333334,15.583333333333334,0.0,0.7921405516183477,0,0.0,0,100,53.23,34,64.0,63.0,0.96875,Horizon Birmingham,Birmingham,Medium,Cardiology,126,2025,9,3,27,5,39,1,0.3089037698412699,0.984375,-3,0.8325534759358288
HHN-BIR-01,2025-09-28,23,43,42.0,12.145833333333334,15.630208333333334,0.0,0.7750387274703776,0,0.0,0,70,41.01428571428571,21,64.0,60.0,0.90625,Horizon Birmingham,Birmingham,Medium,Cardiology,126,2025,9,3,28,6,39,1,0.28918650793650796,0.9375,-20,0.7770743085638121
HHN-BIR-01,2025-09-29,25,43,42.0,10.34375,15.6875,0.0,0.6969688625134397,9,2.6444444444444444,1,52,53.26923076923077,17,64.0,63.0,0.96875,Horizon Birmingham,Birmingham,Medium,Cardiology,126,2025,9,3,29,0,40,0,0.24627976190476192,0.984375,-18,0.6593625498007968
HHN-BIR-01,2025-09-30,35,25,42.0,10.546875,15.6875,0.0,0.7098935981978262,10,2.78,1,78,59.8974358974359,26,64.0,63.0,0.96875,Horizon Birmingham,Birmingham,Medium,Cardiology,126,2025,9,3,30,1,40,0,0.25111607142857145,0.984375,10,0.6723107569721115
HHN-BIR-01,2025-10-01,27,22,42.0,11.505208333333334,15.609375,0.0,0.7354535897504647,12,2.5666666666666664,1,47,38.95744680851064,15,64.0,64.0,1.0,Horizon Birmingham,Birmingham,Medium,Cardiology,126,2025,10,4,1,2,40,0,0.27393353174603174,1.0,5,0.7370704037370704
HHN-BIR-01,2025-10-02,36,27,42.0,11.171875,15.640625,0.0,0.7277591765873016,5,3.12,0,74,64.37837837837837,31,64.0,64.0,1.0,Horizon Birmingham,Birmingham,Medium,Cardiology,126,2025,10,4,2,3,40,0,0.26599702380952384,1.0,9,0.7142857142857143
HHN-BIR-01,2025-10-03,34,36,42.0,11.286458333333334,15.692708333333334,0.0520833333333333,0.7495437919408956,11,2.290909090909091,0,68,54.95588235294117,25,64.0,61.0,0.90625,Horizon Birmingham,Birmingham,Medium,Cardiology,126,2025,10,4,3,4,40,0,0.26872519841269843,0.953125,-2,0.7192167275141056
HHN-BIR-01,2025-10-04,15,31,42.0,10.46875,15.625,0.125,0.6575840628061023,0,0.0,0,39,53.48717948717949,13,64.0,64.0,1.0,Horizon Birmingham,Birmingham,Medium,Cardiology,126,2025,10,4,4,5,40,1,0.24925595238095238,1.0,-16,0.67
HHN-BIR-01,2025-10-05,28,26,42.0,9.708333333333334,15.5625,0.125,0.6393184961544337,0,0.0,0,85,53.02352941176471,29,63.0,63.0,1.0,Horizon Birmingham,Birmingham,Medium,Cardiology,126,2025,10,4,5,6,40,1,0.23115079365079366,1.0,2,0.6238286479250335
HHN-BIR-01,2025-10-06,35,22,42.0,10.973958333333334,15.682291666666666,0.2239583333333333,0.7267527670790539,3,2.733333333333333,0,88,52.29545454545455,33,64.0,64.0,1.0,Horizon Birmingham,Birmingham,Medium,Cardiology,126,2025,10,4,6,0,41,0,0.2612847222222222,1.0,13,0.6997675190966457
HHN-BIR-01,2025-10-07,23,34,42.0,10.651041666666666,15.713541666666666,0.234375,0.712890625,8,3.15,1,65,47.95384615384615,18,64.0,64.0,1.0,Horizon Birmingham,Birmingham,Medium,Cardiology,126,2025,10,4,7,1,41,0,0.2535962301587301,1.0,-11,0.6778256546237985
HHN-BIR-01,2025-10-08,33,30,42.0,11.078125,15.692708333333334,0.0572916666666666,0.7131737764550264,7,2.685714285714286,0,96,43.25,24,64.0,64.0,1.0,Horizon Birmingham,Birmingham,Medium,Cardiology,126,2025,10,4,8,2,41,0,0.26376488095238093,1.0,3,0.7059409226684368
HHN-BIR-01,2025-10-09,28,24,42.0,12.052083333333334,15.677083333333334,0.0,0.7289703207671958,6,3.9,1,66,43.28787878787879,19,64.0,64.0,1.0,Horizon Birmingham,Birmingham,Medium,Cardiology,126,2025,10,4,9,3,41,0,0.2869543650793651,1.0,4,0.7687707641196013
HHN-BIR-01,2025-10-10,23,32,42.0,11.588541666666666,15.703125,0.0,0.6972220343314093,4,2.5,1,73,41.16438356164384,20,64.0,64.0,1.0,Horizon Birmingham,Birmingham,Medium,Cardiology,126,2025,10,4,10,4,41,0,0.2759176587301587,1.0,-9,0.7379767827529021
HHN-BIR-01,2025-10-11,14,33,42.0,9.911458333333334,15.635416666666666,0.0,0.6022400044837164,0,0.0,0,52,41.11538461538461,14,64.0,64.0,1.0,Horizon Birmingham,Birmingham,Medium,Cardiology,126,2025,10,4,11,5,41,1,0.2359871031746032,1.0,-19,0.6339107261825451
HHN-BIR-01,2025-10-12,24,19,42.0,9.364583333333334,15.619791666666666,0.0,0.5976588970499815,0,0.0,0,89,45.235955056179776,26,64.0,60.0,0.90625,Horizon Birmingham,Birmingham,Medium,Cardiology,126,2025,10,4,12,6,41,1,0.22296626984126985,0.9375,5,0.5995331777259088
HHN-BIR-01,2025-10-13,42,23,42.0,10.302083333333334,15.682291666666666,0.0,0.7130508019179894,4,3.425,1,129,50.25581395348837,37,64.0,64.0,1.0,Horizon Birmingham,Birmingham,Medium,Cardiology,126,2025,10,4,13,0,42,0,0.24528769841269843,1.0,19,0.656924609764198
HHN-BIR-01,2025-10-14,49,28,42.0,12.25,15.671875,0.0,0.8200629963349094,15,2.2266666666666666,2,99,49.28282828282829,35,64.0,64.0,1.0,Horizon Birmingham,Birmingham,Medium,Cardiology,126,2025,10,4,14,1,42,0,0.2916666666666667,1.0,21,0.7816550348953141
HHN-BIR-01,2025-10-15,31,34,42.0,13.65625,15.630208333333334,0.0,0.8443640777625152,12,3.941666666666667,0,73,33.178082191780824,17,64.0,63.0,0.96875,Horizon Birmingham,Birmingham,Medium,Cardiology,126,2025,10,4,15,2,42,0,0.32514880952380953,0.984375,-3,0.8737087637454182
HHN-BIR-01,2025-10-16,35,35,42.0,12.833333333333334,15.635416666666666,0.0,0.8007817400395525,9,3.677777777777778,0,87,47.86206896551724,27,64.0,63.0,0.96875,Horizon Birmingham,Birmingham,Medium,Cardiology,126,2025,10,4,16,3,42,0,0.3055555555555556,0.984375,0,0.820786142571619
HHN-BIR-01,2025-10-17,27,30,42.0,12.963541666666666,15.651041666666666,0.0,0.8060432464729339,7,3.357142857142857,0,64,59.828125,23,64.0,61.0,0.90625,Horizon Birmingham,Birmingham,Medium,Cardiology,126,2025,10,4,17,4,42,0,0.30865575396825395,0.953125,-3,0.8282861896838603
HHN-BIR-01,2025-10-18,18,31,42.0,11.9375,15.520833333333334,0.0,0.7640968771828147,0,0.0,0,64,50.671875,19,64.0,59.0,0.875,Horizon Birmingham,Birmingham,Medium,Cardiology,126,2025,10,4,18,5,42,1,0.28422619047619047,0.921875,-13,0.7691275167785234
HHN-BIR-01,2025-10-19,30,27,42.0,11.822916666666666,15.625,0.0,0.7571320609308986,0,0.0,0,100,45.38,30,64.0,63.0,0.96875,Horizon Birmingham,Birmingham,Medium,Cardiology,126,2025,10,4,19,6,42,1,0.28149801587301587,0.984375,3,0.7566666666666666
HHN-BIR-01,2025-10-20,31,23,42.0,12.052083333333334,15.677083333333334,0.0,0.7968705464942126,11,3.481818181818181,1,63,53.74603174603175,18,64.0,64.0,1.0,Horizon Birmingham,Birmingham,Medium,Cardiology,126,2025,10,4,20,0,43,0,0.2869543650793651,1.0,8,0.7687707641196013
HHN-BIR-01,2025-10-21,37,37,42.0,11.927083333333334,15.6875,0.0,0.8071118551587301,11,2.8363636363636364,3,98,52.39795918367347,27,64.0,63.0,0.96875,Horizon Birmingham,Birmingham,Medium,Cardiology,126,2025,10,4,21,1,43,0,0.2839781746031746,0.984375,0,0.7602921646746348
HHN-BIR-01,2025-10-22,30,26,42.0,11.958333333333334,15.640625,0.0,0.8006470168476748,12,2.6666666666666665,1,75,48.49333333333333,21,64.0,62.0,0.96875,Horizon Birmingham,Birmingham,Medium,Cardiology,126,2025,10,4,22,2,43,0,0.2847222222222222,0.96875,4,0.7645687645687647
HHN-BIR-01,2025-10-23,22,29,42.0,12.3125,15.692708333333334,0.0,0.7610315393518517,7,2.5285714285714285,0,50,40.42,12,64.0,64.0,1.0,Horizon Birmingham,Birmingham,Medium,Cardiology,126,2025,10,4,23,3,43,0,0.2931547619047619,1.0,-7,0.7846000663790242
HHN-BIR-01,2025-10-24,44,41,42.0,11.994791666666666,15.635416666666666,0.0729166666666666,0.7436483510702261,8,2.375,0,118,43.03389830508475,37,64.0,63.0,0.96875,Horizon Birmingham,Birmingham,Medium,Cardiology,126,2025,10,4,24,4,43,0,0.2855902777777778,0.984375,3,0.7671552298467688
HHN-BIR-01,2025-10-25,27,31,42.0,11.677083333333334,15.609375,0.125,0.7444851180464748,0,0.0,0,94,41.95744680851064,27,64.0,64.0,1.0,Horizon Birmingham,Birmingham,Medium,Cardiology,126,2025,10,4,25,5,43,1,0.27802579365079366,1.0,-4,0.7480814147480814
HHN-BIR-01,2025-10-26,31,40,42.0,11.119791666666666,15.630208333333334,0.0052083333333333,0.7355467928846022,0,0.0,0,133,32.18045112781955,32,64.0,63.0,0.96875,Horizon Birmingham,Birmingham,Medium,Cardiology,126,2025,10,4,26,6,43,1,0.2647569444444444,0.984375,-9,0.7114295234921693
HHN-BIR-01,2025-10-27,40,27,42.0,10.557291666666666,15.713541666666666,0.0,0.7134866809728941,7,2.8857142857142857,1,103,46.22330097087379,33,64.0,64.0,1.0,Horizon Birmingham,Birmingham,Medium,Cardiology,126,2025,10,4,27,0,44,0,0.25136408730158727,1.0,13,0.6718594630427577
HHN-BIR-01,2025-10-28,29,36,42.0,11.234375,15.713541666666666,0.0,0.7548200136090761,6,4.066666666666666,3,83,54.3855421686747,27,64.0,63.0,0.96875,Horizon Birmingham,Birmingham,Medium,Cardiology,126,2025,10,4,28,1,44,0,0.26748511904761907,0.984375,-7,0.7149486244613855
HHN-BIR-01,2025-10-29,40,32,42.0,12.166666666666666,15.692708333333334,0.0,0.8008870214752567,14,2.7285714285714286,0,66,49.63636363636363,24,64.0,64.0,1.0,Horizon Birmingham,Birmingham,Medium,Cardiology,126,2025,10,4,29,2,44,0,0.28968253968253965,1.0,8,0.775307002987056
HHN-BIR-01,2025-10-30,26,25,42.0,12.682291666666666,15.666666666666666,0.0,0.8012446480785297,5,2.96,1,75,37.02666666666666,21,64.0,63.0,0.96875,Horizon Birmingham,Birmingham,Medium,Cardiology,126,2025,10,4,30,3,44,0,0.3019593253968254,0.984375,1,0.8095079787234043
HHN-BIR-01,2025-10-31,28,35,42.0,13.078125,15.625,0.0,0.8071235079736918,8,2.0125,0,75,43.14666666666667,21,64.0,63.0,0.96875,Horizon Birmingham,Birmingham,Medium,Cardiology,126,2025,10,4,31,4,44,0,0.31138392857142855,0.984375,-7,0.837
HHN-BIR-01,2025-11-01,16,32,42.0,11.552083333333334,15.583333333333334,0.0,0.71213354872592,0,0.0,0,46,50.23913043478261,16,64.0,63.0,0.96875,Horizon Birmingham,Birmingham,Medium,Cardiology,126,2025,11,4,1,5,44,1,0.2750496031746032,0.984375,-16,0.7413101604278075
HHN-BIR-01,2025-11-02,21,33,42.0,9.265625,15.651041666666666,0.0,0.6036565707406699,0,0.0,0,65,52.98461538461538,21,64.0,64.0,1.0,Horizon Birmingham,Birmingham,Medium,Cardiology,126,2025,11,4,2,6,44,1,0.22061011904761904,1.0,-12,0.5920133111480865
HHN-BIR-01,2025-11-03,34,26,42.0,9.854166666666666,15.682291666666666,0.0,0.6566912615740741,16,2.79375,0,70,38.18571428571428,18,64.0,62.0,0.9375,Horizon Birmingham,Birmingham,Medium,Cardiology,126,2025,11,4,3,0,45,0,0.23462301587301587,0.96875,8,0.6283626702092328
HHN-BIR-01,2025-11-04,33,27,42.0,10.619791666666666,15.682291666666666,0.0572916666666666,0.6749685552562839,11,2.2,1,60,62.71666666666667,21,64.0,64.0,1.0,Horizon Birmingham,Birmingham,Medium,Cardiology,126,2025,11,4,4,1,45,0,0.2528521825396825,1.0,6,0.6771836599136499
HHN-BIR-01,2025-11-05,31,24,42.0,11.421875,15.703125,0.125,0.7287331086159211,3,1.9666666666666668,0,97,42.83505154639175,28,64.0,64.0,1.0,Horizon Birmingham,Birmingham,Medium,Cardiology,126,2025,11,4,5,2,45,0,0.27194940476190477,1.0,7,0.727363184079602
HHN-BIR-01,2025-11-06,11,26,42.0,11.072916666666666,15.671875,0.0364583333333333,0.6846330015823155,5,3.9,1,24,36.375,5,64.0,60.0,0.90625,Horizon Birmingham,Birmingham,Medium,Cardiology,126,2025,11,4,6,3,45,0,0.263640873015873,0.9375,-15,0.7065470255898969
HHN-BIR-01,2025-11-07,42,32,42.0,9.984375,15.65625,0.0,0.6834183425157931,11,2.8545454545454545,1,103,55.262135922330096,35,64.0,63.0,0.96875,Horizon Birmingham,Birmingham,Medium,Cardiology,126,2025,11,4,7,4,45,0,0.23772321428571427,0.984375,10,0.6377245508982036
HHN-BIR-01,2025-11-08,23,28,42.0,10.494791666666666,15.588541666666666,0.0,0.7277382824717383,0,0.0,0,87,36.14942528735632,24,64.0,64.0,1.0,Horizon Birmingham,Birmingham,Medium,Cardiology,126,2025,11,4,8,5,45,1,0.24987599206349204,1.0,-5,0.6732375542933512
HHN-BIR-01,2025-11-09,33,30,42.0,10.604166666666666,15.645833333333334,0.0,0.7166953200156324,0,0.0,0,122,48.82786885245902,33,64.0,63.0,0.96875,Horizon Birmingham,Birmingham,Medium,Cardiology,126,2025,11,4,9,6,45,1,0.2524801587301587,0.984375,3,0.677762982689747
HHN-BIR-01,2025-11-10,32,24,42.0,11.0625,15.703125,0.0,0.7441190562399203,9,2.411111111111111,1,79,42.21518987341772,24,64.0,63.0,0.96875,Horizon Birmingham,Birmingham,Medium,Cardiology,126,2025,11,4,10,0,46,0,0.26339285714285715,0.984375,8,0.7044776119402985
HHN-BIR-01,2025-11-11,39,31,42.0,11.192708333333334,15.609375,0.0,0.7181151496753518,5,3.22,0,119,47.08403361344538,32,64.0,64.0,1.0,Horizon Birmingham,Birmingham,Medium,Cardiology,126,2025,11,4,11,1,46,0,0.2664930555555556,1.0,8,0.7170503837170504
HHN-BIR-01,2025-11-12,32,32,42.0,11.671875,15.645833333333334,0.0,0.7803347432253682,8,2.5,1,99,45.505050505050505,25,64.0,63.0,0.96875,Horizon Birmingham,Birmingham,Medium,Cardiology,126,2025,11,4,12,2,46,0,0.2779017857142857,0.984375,0,0.746005326231691
HHN-BIR-01,2025-11-13,37,33,42.0,11.854166666666666,15.666666666666666,0.0,0.7918754133597884,10,3.68,0,96,44.60416666666666,29,64.0,63.0,0.96875,Horizon Birmingham,Birmingham,Medium,Cardiology,126,2025,11,4,13,3,46,0,0.2822420634920635,0.984375,4,0.7566489361702128
HHN-BIR-01,2025-11-14,31,23,42.0,12.052083333333334,15.677083333333334,0.0,0.784266886579193,6,2.8166666666666664,1,81,46.41975308641975,22,64.0,64.0,1.0,Horizon Birmingham,Birmingham,Medium,Cardiology,126,2025,11,4,14,4,46,0,0.2869543650793651,1.0,8,0.7687707641196013
HHN-BIR-01,2025-11-15,25,35,42.0,12.010416666666666,15.640625,0.0,0.7831768925518925,0,0.0,0,83,56.21686746987952,28,64.0,61.0,0.90625,Horizon Birmingham,Birmingham,Medium,Cardiology,126,2025,11,4,15,5,46,1,0.28596230158730157,0.953125,-10,0.7678987678987679
HHN-BIR-01,2025-11-16,33,34,42.0,11.78125,15.619791666666666,0.0,0.7818326277310653,0,0.0,0,92,65.54347826086956,34,64.0,59.0,0.84375,Horizon Birmingham,Birmingham,Medium,Cardiology,126,2025,11,4,16,6,46,1,0.2805059523809524,0.921875,-1,0.7542514171390464
HHN-BIR-01,2025-11-17,43,34,42.0,11.796875,15.671875,0.0,0.7876645974302224,5,2.94,0,107,65.16822429906541,38,64.0,64.0,1.0,Horizon Birmingham,Birmingham,Medium,Cardiology,126,2025,11,4,17,0,47,0,0.28087797619047616,1.0,9,0.752741774675972
HHN-BIR-01,2025-11-18,29,26,42.0,12.182291666666666,15.6875,0.0,0.7894460625159154,8,3.45,0,59,37.15254237288136,17,64.0,64.0,1.0,Horizon Birmingham,Birmingham,Medium,Cardiology,126,2025,11,4,18,1,47,0,0.2900545634920635,1.0,3,0.7765604249667994
HHN-BIR-01,2025-11-19,21,41,42.0,12.208333333333334,15.682291666666666,0.0,0.8186391456152485,11,2.190909090909091,0,51,46.5686274509804,12,64.0,64.0,1.0,Horizon Birmingham,Birmingham,Medium,Cardiology,126,2025,11,4,19,2,47,0,0.2906746031746032,1.0,-20,0.77847891066091
HHN-BIR-01,2025-11-20,41,30,42.0,11.953125,15.692708333333334,0.0,0.7853418644434269,13,2.407692307692308,1,97,41.103092783505154,28,64.0,64.0,1.0,Horizon Birmingham,Birmingham,Medium,Cardiology,126,2025,11,4,20,3,47,0,0.2845982142857143,1.0,11,0.7616993030202456
HHN-BIR-01,2025-11-21,36,28,42.0,12.479166666666666,15.682291666666666,0.0,0.8061689612470863,7,3.8428571428571434,0,81,43.55555555555556,28,64.0,64.0,1.0,Horizon Birmingham,Birmingham,Medium,Cardiology,126,2025,11,4,21,4,47,0,0.29712301587301587,1.0,8,0.7957489206243773
HHN-BIR-01,2025-11-22,32,28,42.0,12.270833333333334,15.59375,0.0,0.8005729705663014,0,0.0,0,115,52.6,37,64.0,64.0,1.0,Horizon Birmingham,Birmingham,Medium,Cardiology,126,2025,11,4,22,5,47,1,0.29216269841269843,1.0,4,0.7869071476285906
HHN-BIR-01,2025-11-23,36,33,42.0,12.041666666666666,15.588541666666666,0.0,0.8086569141256641,0,0.0,0,114,45.719298245614034,35,64.0,62.0,0.9375,Horizon Birmingham,Birmingham,Medium,Cardiology,126,2025,11,4,23,6,47,1,0.2867063492063492,0.96875,3,0.7724690945539592
HHN-BIR-01,2025-11-24,44,46,42.0,12.208333333333334,15.604166666666666,0.0,0.8418945555047529,11,2.2181818181818183,1,117,50.00854700854701,36,64.0,64.0,1.0,Horizon Birmingham,Birmingham,Medium,Cardiology,126,2025,11,4,24,0,48,0,0.2906746031746032,1.0,-2,0.7823765020026703
HHN-BIR-01,2025-11-25,36,29,42.0,12.427083333333334,15.703125,0.0,0.8063568376068376,3,3.4000000000000004,0,117,50.495726495726494,34,64.0,64.0,1.0,Horizon Birmingham,Birmingham,Medium,Cardiology,126,2025,11,4,25,1,48,0,0.2958829365079365,1.0,7,0.7913764510779436
HHN-BIR-01,2025-11-26,48,43,42.0,12.875,15.692708333333334,0.0,0.8488343253968255,11,2.4727272727272727,0,125,44.096,34,64.0,64.0,1.0,Horizon Birmingham,Birmingham,Medium,Cardiology,126,2025,11,4,26,2,48,0,0.30654761904761907,1.0,5,0.8204447394623299
HHN-BIR-01,2025-11-27,31,39,42.0,12.911458333333334,15.6875,0.0,0.8352764240721559,7,2.542857142857143,1,84,36.63095238095238,22,64.0,63.0,0.96875,Horizon Birmingham,Birmingham,Medium,Cardiology,126,2025,11,4,27,3,48,0,0.3074156746031746,0.984375,-8,0.8230411686586986
HHN-BIR-01,2025-11-28,27,42,42.0,12.307291666666666,15.625,0.0,0.7891168030759023,7,3.8857142857142857,2,74,39.54054054054054,21,64.0,64.0,1.0,Horizon Birmingham,Birmingham,Medium,Cardiology,126,2025,11,4,28,4,48,0,0.29303075396825395,1.0,-15,0.7876666666666666
HHN-BIR-01,2025-11-29,33,32,42.0,11.067708333333334,15.536458333333334,0.015625,0.7448145477224667,0,0.0,0,118,43.6271186440678,34,64.0,63.0,0.96875,Horizon Birmingham,Birmingham,Medium,Cardiology,126,2025,11,4,29,5,48,1,0.2635168650793651,0.984375,1,0.7123700972175662
HHN-BIR-01,2025-11-30,29,34,42.0,10.75,15.614583333333334,0.125,0.7312926802997913,0,0.0,0,109,57.60550458715596,34,64.0,63.0,0.96875,Horizon Birmingham,Birmingham,Medium,Cardiology,126,2025,11,4,30,6,48,1,0.25595238095238093,0.984375,-5,0.6884589726484323
HHN-BIR-01,2025-12-01,51,45,42.0,11.328125,15.640625,0.125,0.7632548605061943,8,3.475,2,100,54.62,41,64.0,59.0,0.90625,Horizon Birmingham,Birmingham,Medium,Cardiology,126,2025,12,4,1,0,49,0,0.2697172619047619,0.921875,6,0.7242757242757243
HHN-BIR-01,2025-12-02,33,35,42.0,11.604166666666666,15.552083333333334,0.3802083333333333,0.7803940521656515,9,2.833333333333333,0,93,33.58064516129032,23,64.0,64.0,1.0,Horizon Birmingham,Birmingham,Medium,Cardiology,126,2025,12,4,2,1,49,0,0.2762896825396825,1.0,-2,0.7461486939048895
HHN-BIR-01,2025-12-03,42,39,42.0,12.135416666666666,15.640625,0.9322916666666666,0.7962296042231256,6,1.7833333333333332,1,104,77.38461538461539,42,64.0,57.0,0.84375,Horizon Birmingham,Birmingham,Medium,Cardiology,126,2025,12,4,3,2,49,0,0.28893849206349204,0.890625,3,0.7758907758907758
HHN-BIR-01,2025-12-04,30,30,42.0,12.229166666666666,15.671875,0.875,0.7784330325345951,6,3.6833333333333336,2,65,38.784615384615385,18,64.0,62.0,0.96875,Horizon Birmingham,Birmingham,Medium,Cardiology,126,2025,12,4,4,3,49,0,0.2911706349206349,0.96875,0,0.780325689597873
HHN-BIR-01,2025-12-05,27,33,42.0,11.588541666666666,15.59375,0.6927083333333334,0.7373143232518232,7,3.042857142857143,1,89,40.640449438202246,23,64.0,64.0,1.0,Horizon Birmingham,Birmingham,Medium,Cardiology,126,2025,12,4,5,4,49,0,0.2759176587301587,1.0,-6,0.7431529726118904
HHN-BIR-01,2025-12-06,20,24,42.0,11.5625,15.640625,0.0,0.7249633447128851,0,0.0,0,70,41.34285714285714,17,64.0,62.0,0.96875,Horizon Birmingham,Birmingham,Medium,Cardiology,126,2025,12,4,6,5,49,1,0.27529761904761907,0.96875,-4,0.7392607392607392
HHN-BIR-01,2025-12-07,22,37,42.0,11.171875,15.5625,0.0,0.7332930728381096,0,0.0,0,73,46.17808219178082,24,64.0,58.0,0.84375,Horizon Birmingham,Birmingham,Medium,Cardiology,126,2025,12,4,7,6,49,1,0.26599702380952384,0.90625,-15,0.7178714859437751
HHN-BIR-01,2025-12-08,36,25,42.0,11.052083333333334,15.5625,0.0,0.7209987380368815,11,2.4363636363636365,0,74,58.74324324324324,24,64.0,64.0,1.0,Horizon Birmingham,Birmingham,Medium,Cardiology,126,2025,12,4,8,0,50,0,0.2631448412698413,1.0,11,0.710174029451138
HHN-BIR-01,2025-12-09,34,34,42.0,11.291666666666666,15.677083333333334,0.4166666666666667,0.7420965608465608,7,3.971428571428572,1,82,53.76829268292683,26,64.0,63.0,0.96875,Horizon Birmingham,Birmingham,Medium,Cardiology,126,2025,12,4,9,1,50,0,0.26884920634920634,0.984375,0,0.720265780730897
HHN-BIR-01,2025-12-10,38,35,42.0,11.125,15.604166666666666,0.625,0.758873417823326,10,1.93,0,99,56.07070707070707,31,64.0,62.0,0.9375,Horizon Birmingham,Birmingham,Medium,Cardiology,126,2025,12,4,10,2,50,0,0.2648809523809524,0.96875,3,0.7129506008010681
HHN-BIR-01,2025-12-11,28,24,42.0,11.010416666666666,15.630208333333334,0.625,0.7332189381477066,6,2.8166666666666664,0,70,49.02857142857143,21,64.0,64.0,1.0,Horizon Birmingham,Birmingham,Medium,Cardiology,126,2025,12,4,11,3,50,0,0.2621527777777778,1.0,4,0.704431856047984
HHN-BIR-01,2025-12-12,40,42,42.0,11.151041666666666,15.526041666666666,0.4947916666666667,0.7452432295033398,2,2.35,3,120,39.975,37,64.0,63.0,0.96875,Horizon Birmingham,Birmingham,Medium,Cardiology,126,2025,12,4,12,4,50,0,0.26550099206349204,0.984375,-2,0.7182153639718215
HHN-BIR-01,2025-12-13,28,22,42.0,11.385416666666666,15.578125,0.0,0.7540483728213507,0,0.0,0,102,41.27450980392157,30,64.0,62.0,0.9375,Horizon Birmingham,Birmingham,Medium,Cardiology,126,2025,12,4,13,5,50,1,0.2710813492063492,0.96875,6,0.7308592443998663
HHN-BIR-01,2025-12-14,28,38,42.0,11.244791666666666,15.598958333333334,0.0,0.7342829512751389,0,0.0,0,61,62.01639344262295,26,64.0,60.0,0.90625,Horizon Birmingham,Birmingham,Medium,Cardiology,126,2025,12,4,14,6,50,1,0.2677331349206349,0.9375,-10,0.7208681135225375
HHN-BIR-01,2025-12-15,33,30,42.0,11.265625,15.635416666666666,0.0,0.7502898107414113,7,3.171428571428572,4,114,44.74561403508772,29,64.0,62.0,0.96875,Horizon Birmingham,Birmingham,Medium,Cardiology,126,2025,12,4,15,0,51,0,0.2682291666666667,0.96875,3,0.7205196535642905
HHN-BIR-01,2025-12-16,42,35,42.0,11.760416666666666,15.583333333333334,0.0,0.7685600239713292,8,3.275,1,92,44.26086956521739,31,64.0,62.0,0.9375,Horizon Birmingham,Birmingham,Medium,Cardiology,126,2025,12,4,16,1,51,0,0.28000992063492064,0.96875,7,0.7546791443850267
HHN-BIR-01,2025-12-17,66,24,42.0,13.239583333333334,15.552083333333334,0.0,0.8403725137295909,14,3.0142857142857147,0,134,59.93283582089552,53,64.0,64.0,1.0,Horizon Birmingham,Birmingham,Medium,Cardiology,126,2025,12,4,17,2,51,0,0.3152281746031746,1.0,42,0.8513060951105157
HHN-BIR-01,2025-12-18,48,46,42.0,14.4375,15.552083333333334,0.0,0.8739355985449735,7,3.157142857142857,0,162,38.58024691358025,41,64.0,63.0,0.96875,Horizon Birmingham,Birmingham,Medium,Cardiology,126,2025,12,4,18,3,51,0,0.34375,0.984375,2,0.9283322170127261
HHN-BIR-01,2025-12-19,33,45,42.0,14.046875,15.666666666666666,0.0,0.8554679634449371,1,3.3,1,116,46.439655172413794,35,64.0,63.0,0.96875,Horizon Birmingham,Birmingham,Medium,Cardiology,126,2025,12,4,19,4,51,0,0.33444940476190477,0.984375,-12,0.8966090425531915
HHN-BIR-01,2025-12-20,23,50,42.0,12.239583333333334,15.453125,0.0,0.7990767543036313,0,0.0,0,86,43.02325581395349,22,63.0,62.0,0.96875,Horizon Birmingham,Birmingham,Medium,Cardiology,126,2025,12,4,20,5,51,1,0.2914186507936508,0.9841269841269841,-27,0.7920458375463432
HHN-BIR-01,2025-12-21,40,42,42.0,11.614583333333334,15.526041666666666,0.0,0.785079563342431,0,0.0,0,124,50.92741935483871,42,64.0,62.0,0.9375,Horizon Birmingham,Birmingham,Medium,Cardiology,126,2025,12,4,21,6,51,1,0.27653769841269843,0.96875,-2,0.7480711170748072
HHN-BIR-01,2025-12-22,39,47,42.0,11.104166666666666,15.572916666666666,0.0,0.7352877348856209,2,3.45,0,108,52.0462962962963,34,64.0,64.0,1.0,Horizon Birmingham,Birmingham,Medium,Cardiology,126,2025,12,4,22,0,52,0,0.26438492063492064,1.0,-8,0.7130434782608696
HHN-BIR-01,2025-12-23,39,26,42.0,11.416666666666666,15.598958333333334,0.0,0.7490923191490384,1,4.0,0,138,45.28260869565217,40,64.0,61.0,0.90625,Horizon Birmingham,Birmingham,Medium,Cardiology,126,2025,12,4,23,1,52,0,0.2718253968253968,0.953125,13,0.7318864774624373
HHN-BIR-01,2025-12-24,33,24,42.0,12.140625,15.598958333333334,0.0,0.7873427934893927,2,6.050000000000001,0,120,42.65,33,64.0,64.0,1.0,Horizon Birmingham,Birmingham,Medium,Cardiology,126,2025,12,4,24,2,52,0,0.2890625,1.0,9,0.778297161936561
HHN-BIR-01,2025-12-25,25,34,42.0,11.828125,15.666666666666666,0.0,0.7640998091309695,0,0.0,0,78,50.65384615384615,25,64.0,62.0,0.9375,Horizon Birmingham,Birmingham,Medium,Cardiology,126,2025,12,4,25,3,52,0,0.28162202380952384,0.96875,-9,0.7549867021276596
HHN-BIR-01,2025-12-26,20,41,42.0,11.46875,15.609375,0.0,0.7294761133492268,0,0.0,0,93,31.32258064516129,19,64.0,63.0,0.96875,Horizon Birmingham,Birmingham,Medium,Cardiology,126,2025,12,4,26,4,52,0,0.27306547619047616,0.984375,-21,0.7347347347347347
HHN-BIR-01,2025-12-27,40,29,42.0,10.838541666666666,15.598958333333334,0.0,0.7180566778223029,0,0.0,0,134,56.19402985074627,43,64.0,60.0,0.9375,Horizon Birmingham,Birmingham,Medium,Cardiology,126,2025,12,4,27,5,52,1,0.25806051587301587,0.9375,11,0.6948247078464106
HHN-BIR-01,2025-12-28,54,31,42.0,11.223958333333334,15.546875,0.0,0.7491634272080044,0,0.0,0,201,51.38308457711443,57,64.0,59.0,0.84375,Horizon Birmingham,Birmingham,Medium,Cardiology,126,2025,12,4,28,6,52,1,0.2672371031746032,0.921875,23,0.7219430485762145
HHN-BIR-01,2025-12-29,39,42,42.0,10.958333333333334,15.619791666666666,0.0,0.730697461237667,0,0.0,0,143,45.87412587412587,36,64.0,59.0,0.90625,Horizon Birmingham,Birmingham,Medium,Cardiology,126,2025,12,4,29,0,1,0,0.26091269841269843,0.921875,-3,0.7015671890630211
HHN-BIR-01,2025-12-30,42,37,42.0,10.776041666666666,15.578125,0.0,0.7316034280587783,2,2.025,1,147,60.1156462585034,50,64.0,64.0,1.0,Horizon Birmingham,Birmingham,Medium,Cardiology,126,2025,12,4,30,1,1,0,0.25657242063492064,1.0,5,0.6917418923436978
HHN-BIR-01,2025-12-31,33,49,42.0,10.8125,15.598958333333334,0.0,0.7434041572368778,6,3.6833333333333336,1,84,34.904761904761905,20,64.0,63.0,0.96875,Horizon Birmingham,Birmingham,Medium,Cardiology,126,2025,12,4,31,2,1,0,0.25744047619047616,0.984375,-16,0.6931552587646077
HHN-EDI-01,2024-01-01,17,0,16.0,0.8645833333333334,11.619791666666666,0.0,0.0649812575938495,0,0.0,0,70,38.75714285714286,21,48.0,48.0,1.0,Horizon Edinburgh,Edinburgh,Medium,General,94,2024,1,1,1,0,1,0,0.054036458333333336,1.0,17,0.07440609592111162
HHN-EDI-01,2024-01-02,33,3,16.0,3.9895833333333335,11.671875,0.09375,0.3074466999673801,4,2.95,0,84,66.88095238095238,30,48.0,47.0,0.96875,Horizon Edinburgh,Edinburgh,Medium,General,94,2024,1,1,2,1,1,0,0.24934895833333334,0.9791666666666666,30,0.34181169120928157
HHN-EDI-01,2024-01-03,16,15,16.0,6.479166666666667,11.671875,0.125,0.5194445426407742,7,2.4857142857142853,0,33,21.393939393939394,6,48.0,47.0,0.96875,Horizon Edinburgh,Edinburgh,Medium,General,94,2024,1,1,3,2,1,0,0.4049479166666667,0.9791666666666666,1,0.5551093261936636
HHN-EDI-01,2024-01-04,27,11,16.0,6.5625,11.6875,0.125,0.5057670330418492,3,3.966666666666667,1,55,72.36363636363636,23,48.0,48.0,1.0,Horizon Edinburgh,Edinburgh,Medium,General,94,2024,1,1,4,3,1,0,0.41015625,1.0,16,0.5614973262032086
HHN-EDI-01,2024-01-05,26,15,16.0,7.895833333333333,11.65625,0.125,0.5979252003953291,1,4.3,1,72,61.29166666666666,27,48.0,47.0,0.96875,Horizon Edinburgh,Edinburgh,Medium,General,94,2024,1,1,5,4,1,0,0.4934895833333333,0.9791666666666666,11,0.677390527256479
HHN-EDI-01,2024-01-06,27,16,16.0,8.6875,11.651041666666666,0.125,0.6563271449071081,0,0.0,0,79,55.03797468354431,31,48.0,46.0,0.9375,Horizon Edinburgh,Edinburgh,Medium,General,94,2024,1,1,6,5,1,1,0.54296875,0.9583333333333334,11,0.745641484130532
HHN-EDI-01,2024-01-07,20,29,16.0,9.510416666666666,11.59375,0.0885416666666666,0.7254472515501927,0,0.0,0,52,37.75,17,48.0,46.0,0.9375,Horizon Edinburgh,Edinburgh,Medium,General,94,2024,1,1,7,6,1,1,0.5944010416666666,0.9583333333333334,-9,0.8203054806828391
HHN-EDI-01,2024-01-08,40,20,16.0,9.421875,11.651041666666666,0.0,0.715920033210934,5,2.64,1,103,59.51456310679612,37,48.0,45.0,0.90625,Horizon Edinburgh,Edinburgh,Medium,General,94,2024,1,1,8,0,2,0,0.5888671875,0.9375,20,0.8086723290120698
HHN-EDI-01,2024-01-09,36,33,16.0,10.807291666666666,11.661458333333334,0.0,0.8430843691643325,8,2.875,1,90,39.9,26,48.0,48.0,1.0,Horizon Edinburgh,Edinburgh,Medium,General,94,2024,1,1,9,1,2,0,0.6754557291666666,1.0,3,0.9267530147387225
HHN-EDI-01,2024-01-10,27,23,16.0,10.276041666666666,11.619791666666666,0.0,0.7838629201680672,2,2.4,0,104,35.30769230769231,28,48.0,46.0,0.9375,Horizon Edinburgh,Edinburgh,Medium,General,94,2024,1,1,10,2,2,0,0.6422526041666666,0.9583333333333334,4,0.8843567906768265
HHN-EDI-01,2024-01-11,18,32,16.0,10.463541666666666,11.635416666666666,0.0,0.8115276318860878,2,1.05,1,49,34.795918367346935,14,48.0,48.0,1.0,Horizon Edinburgh,Edinburgh,Medium,General,94,2024,1,1,11,3,2,0,0.6539713541666666,1.0,-14,0.8992837958818263
HHN-EDI-01,2024-01-12,23,27,16.0,9.979166666666666,11.661458333333334,0.0,0.7867797626529245,3,2.3000000000000003,2,76,60.03947368421053,25,48.0,47.0,0.96875,Horizon Edinburgh,Edinburgh,Medium,General,94,2024,1,1,12,4,2,0,0.6236979166666666,0.9791666666666666,-4,0.8557391692719963
HHN-EDI-01,2024-01-13,19,31,16.0,9.395833333333334,11.567708333333334,0.0,0.7413365539859106,0,0.0,0,55,43.63636363636363,15,48.0,45.0,0.90625,Horizon Edinburgh,Edinburgh,Medium,General,94,2024,1,1,13,5,2,1,0.5872395833333334,0.9375,-12,0.8122467357046376
HHN-EDI-01,2024-01-14,39,30,16.0,9.026041666666666,11.630208333333334,0.0,0.7148988895771984,0,0.0,0,96,72.30208333333333,41,48.0,48.0,1.0,Horizon Edinburgh,Edinburgh,Medium,General,94,2024,1,1,14,6,2,1,0.5641276041666666,1.0,9,0.7760859829825346
HHN-EDI-01,2024-01-15,38,30,16.0,10.083333333333334,11.677083333333334,0.0,0.7817492301407744,1,0.2,1,115,46.78260869565217,36,48.0,48.0,1.0,Horizon Edinburgh,Edinburgh,Medium,General,94,2024,1,1,15,0,3,0,0.6302083333333334,1.0,8,0.863514719000892
HHN-EDI-01,2024-01-16,16,24,16.0,10.09375,11.583333333333334,0.0,0.7925631991578683,1,1.8,0,66,29.83333333333333,13,48.0,47.0,0.96875,Horizon Edinburgh,Edinburgh,Medium,General,94,2024,1,1,16,1,3,0,0.630859375,0.9791666666666666,-8,0.8714028776978416
HHN-EDI-01,2024-01-17,23,18,16.0,10.088541666666666,11.661458333333334,0.0,0.7898592603440949,3,3.5333333333333337,0,68,51.35294117647059,20,48.0,47.0,0.96875,Horizon Edinburgh,Edinburgh,Medium,General,94,2024,1,1,17,2,3,0,0.6305338541666666,0.9791666666666666,5,0.8651183564091112
HHN-EDI-01,2024-01-18,22,30,16.0,9.864583333333334,11.661458333333334,0.0,0.7781815049737845,4,3.0,0,67,46.76119402985075,18,48.0,47.0,0.96875,Horizon Edinburgh,Edinburgh,Medium,General,94,2024,1,1,18,3,3,0,0.6165364583333334,0.9791666666666666,-8,0.8459133541759715
HHN-EDI-01,2024-01-19,24,17,16.0,9.536458333333334,11.651041666666666,0.0,0.7382428832911369,1,3.6,1,97,35.52577319587629,24,48.0,46.0,0.9375,Horizon Edinburgh,Edinburgh,Medium,General,94,2024,1,1,19,4,3,0,0.5960286458333334,0.9583333333333334,7,0.8185069289226644
HHN-EDI-01,2024-01-20,19,25,16.0,9.78125,11.609375,0.0,0.7853328631131941,0,0.0,0,70,50.81428571428572,21,48.0,45.0,0.90625,Horizon Edinburgh,Edinburgh,Medium,General,94,2024,1,1,20,5,3,1,0.611328125,0.9375,-6,0.8425302826379543
HHN-EDI-01,2024-01-21,28,24,16.0,9.6875,11.552083333333334,0.0,0.7646815156351002,0,0.0,0,90,46.73333333333333,26,48.0,45.0,0.90625,Horizon Edinburgh,Edinburgh,Medium,General,94,2024,1,1,21,6,3,1,0.60546875,0.9375,4,0.8385933273219116
HHN-EDI-01,2024-01-22,38,26,16.0,10.651041666666666,11.640625,0.0,0.8721654834476525,5,1.7,1,102,60.81372549019608,36,48.0,46.0,0.9375,Horizon Edinburgh,Edinburgh,Medium,General,94,2024,1,1,22,0,4,0,0.6656901041666666,0.9583333333333334,12,0.9149888143176733
HHN-EDI-01,2024-01-23,30,24,16.0,11.21875,11.666666666666666,0.0,0.8753806089743589,1,3.2,0,69,63.333333333333336,28,48.0,47.0,0.96875,Horizon Edinburgh,Edinburgh,Medium,General,94,2024,1,1,23,1,4,0,0.701171875,0.9791666666666666,6,0.9616071428571429
HHN-EDI-01,2024-01-24,32,25,16.0,11.125,11.630208333333334,0.0,0.863681891025641,3,3.6,0,75,55.81333333333333,25,48.0,45.0,0.90625,Horizon Edinburgh,Edinburgh,Medium,General,94,2024,1,1,24,2,4,0,0.6953125,0.9375,7,0.9565606806986117
HHN-EDI-01,2024-01-25,20,31,16.0,10.421875,11.666666666666666,0.0,0.8100710155857215,1,3.8,0,56,52.392857142857146,20,48.0,46.0,0.9375,Horizon Edinburgh,Edinburgh,Medium,General,94,2024,1,1,25,3,4,0,0.6513671875,0.9583333333333334,-11,0.8933035714285714
HHN-EDI-01,2024-01-26,28,30,16.0,9.734375,11.666666666666666,0.0,0.7613567843002585,3,4.1000000000000005,1,86,45.61627906976744,28,48.0,47.0,0.96875,Horizon Edinburgh,Edinburgh,Medium,General,94,2024,1,1,26,4,4,0,0.6083984375,0.9791666666666666,-2,0.8343750000000001
HHN-EDI-01,2024-01-27,16,23,16.0,9.791666666666666,11.619791666666666,0.0,0.7736597182943691,0,0.0,0,86,30.65116279069768,17,48.0,47.0,0.96875,Horizon Edinburgh,Edinburgh,Medium,General,94,2024,1,1,27,5,4,1,0.6119791666666666,0.9791666666666666,-7,0.842671447781264
HHN-EDI-01,2024-01-28,20,26,16.0,9.822916666666666,11.609375,0.0,0.7816534887192056,0,0.0,0,85,48.2,21,48.0,45.0,0.90625,Horizon Edinburgh,Edinburgh,Medium,General,94,2024,1,1,28,6,4,1,0.6139322916666666,0.9375,-6,0.8461193360251233
HHN-EDI-01,2024-01-29,42,22,16.0,10.088541666666666,11.677083333333334,0.0,0.8093278657616892,7,4.128571428571428,1,116,42.01724137931034,32,48.0,47.0,0.96875,Horizon Edinburgh,Edinburgh,Medium,General,94,2024,1,1,29,0,5,0,0.6305338541666666,0.9791666666666666,20,0.8639607493309545
HHN-EDI-01,2024-01-30,25,33,16.0,10.552083333333334,11.666666666666666,0.0,0.8427690186651584,8,1.85,0,78,26.166666666666668,17,48.0,47.0,0.96875,Horizon Edinburgh,Edinburgh,Medium,General,94,2024,1,1,30,1,5,0,0.6595052083333334,0.9791666666666666,-8,0.9044642857142858
HHN-EDI-01,2024-01-31,12,24,16.0,9.510416666666666,11.614583333333334,0.0,0.761550343294369,5,2.24,2,30,40.4,7,48.0,46.0,0.9375,Horizon Edinburgh,Edinburgh,Medium,General,94,2024,1,1,31,2,5,0,0.5944010416666666,0.9583333333333334,-12,0.8188340807174886
HHN-EDI-01,2024-02-01,29,23,16.0,8.895833333333334,11.614583333333334,0.0,0.7074167126786612,5,3.76,2,111,37.83783783783784,28,48.0,47.0,0.96875,Horizon Edinburgh,Edinburgh,Medium,General,94,2024,2,1,1,3,5,0,0.5559895833333334,0.9791666666666666,6,0.7659192825112108
HHN-EDI-01,2024-02-02,25,20,16.0,10.479166666666666,11.625,0.0,0.8323504582121309,1,4.4,0,86,45.104651162790695,23,48.0,47.0,0.96875,Horizon Edinburgh,Edinburgh,Medium,General,94,2024,2,1,2,4,5,0,0.6549479166666666,0.9791666666666666,5,0.9014336917562723
HHN-EDI-01,2024-02-03,16,38,16.0,9.479166666666666,11.598958333333334,0.0,0.7488488116934807,0,0.0,0,56,39.42857142857143,16,48.0,46.0,0.9375,Horizon Edinburgh,Edinburgh,Medium,General,94,2024,2,1,3,5,5,1,0.5924479166666666,0.9583333333333334,-22,0.8172429277054333
HHN-EDI-01,2024-02-04,31,24,16.0,9.302083333333334,11.578125,0.0,0.7315055302302546,0,0.0,0,93,46.38709677419355,28,47.0,47.0,1.0,Horizon Edinburgh,Edinburgh,Medium,General,94,2024,2,1,4,6,5,1,0.5813802083333334,1.0,7,0.8034188034188035
HHN-EDI-01,2024-02-05,20,21,16.0,9.380208333333334,11.651041666666666,0.0,0.7342050876173118,1,4.7,0,80,37.275,19,48.0,48.0,1.0,Horizon Edinburgh,Edinburgh,Medium,General,94,2024,2,1,5,0,6,0,0.5862630208333334,1.0,-1,0.8050961108627627
HHN-EDI-01,2024-02-06,29,19,16.0,10.083333333333334,11.614583333333334,0.0,0.797580213308614,6,3.15,0,79,55.65822784810127,23,48.0,46.0,0.9375,Horizon Edinburgh,Edinburgh,Medium,General,94,2024,2,1,6,1,6,0,0.6302083333333334,0.9583333333333334,10,0.8681614349775785
HHN-EDI-01,2024-02-07,25,19,16.0,10.239583333333334,11.671875,0.0,0.8068516816448802,4,1.2,0,72,63.44444444444444,25,48.0,47.0,0.96875,Horizon Edinburgh,Edinburgh,Medium,General,94,2024,2,1,7,2,6,0,0.6399739583333334,0.9791666666666666,6,0.8772869254796967
HHN-EDI-01,2024-02-08,28,31,16.0,10.041666666666666,11.65625,0.0,0.787544193024432,4,3.0250000000000004,0,60,61.93333333333333,20,48.0,46.0,0.9375,Horizon Edinburgh,Edinburgh,Medium,General,94,2024,2,1,8,3,6,0,0.6276041666666666,0.9583333333333334,-3,0.8614834673815907
HHN-EDI-01,2024-02-09,38,28,16.0,10.239583333333334,11.661458333333334,0.0,0.822674121732026,4,2.05,1,94,55.41489361702128,34,48.0,48.0,1.0,Horizon Edinburgh,Edinburgh,Medium,General,94,2024,2,1,9,4,6,0,0.6399739583333334,1.0,10,0.8780705672175079
HHN-EDI-01,2024-02-10,17,23,16.0,10.536458333333334,11.614583333333334,0.0,0.8297726034858388,0,0.0,0,60,59.06666666666667,21,48.0,45.0,0.90625,Horizon Edinburgh,Edinburgh,Medium,General,94,2024,2,1,10,5,6,1,0.6585286458333334,0.9375,-6,0.9071748878923767
HHN-EDI-01,2024-02-11,32,26,16.0,10.708333333333334,11.625,0.0,0.8373812806372549,0,0.0,0,91,44.604395604395606,27,48.0,46.0,0.9375,Horizon Edinburgh,Edinburgh,Medium,General,94,2024,2,1,11,6,6,1,0.6692708333333334,0.9583333333333334,6,0.921146953405018
HHN-EDI-01,2024-02-12,34,25,16.0,10.947916666666666,11.682291666666666,0.0,0.852828839869281,5,3.44,2,101,48.64356435643565,34,48.0,47.0,0.96875,Horizon Edinburgh,Edinburgh,Medium,General,94,2024,2,1,12,0,7,0,0.6842447916666666,0.9791666666666666,9,0.937137761925992
HHN-EDI-01,2024-02-13,36,30,16.0,11.166666666666666,11.651041666666666,0.0,0.8736723856209151,7,2.9857142857142853,2,73,85.52054794520548,30,48.0,48.0,1.0,Horizon Edinburgh,Edinburgh,Medium,General,94,2024,2,1,13,1,7,0,0.6979166666666666,1.0,6,0.9584264640143049
HHN-EDI-01,2024-02-14,23,35,16.0,10.9375,11.666666666666666,0.0,0.8611494076797386,3,4.7,0,59,60.86440677966102,18,48.0,48.0,1.0,Horizon Edinburgh,Edinburgh,Medium,General,94,2024,2,1,14,2,7,0,0.68359375,1.0,-12,0.9375
HHN-EDI-01,2024-02-15,38,22,16.0,10.567708333333334,11.677083333333334,0.0,0.8379353043300654,4,2.25,1,83,76.91566265060241,34,48.0,45.0,0.90625,Horizon Edinburgh,Edinburgh,Medium,General,94,2024,2,1,15,3,7,0,0.6604817708333334,0.9375,16,0.9049955396966994
HHN-EDI-01,2024-02-16,28,39,16.0,10.973958333333334,11.59375,0.0,0.8783828635620915,2,1.4500000000000002,2,59,58.898305084745765,23,47.0,46.0,0.96875,Horizon Edinburgh,Edinburgh,Medium,General,94,2024,2,1,16,4,7,0,0.6858723958333334,0.9787234042553191,-11,0.9465408805031447
HHN-EDI-01,2024-02-17,33,29,16.0,10.541666666666666,11.609375,0.0,0.8384982638888889,0,0.0,0,118,47.932203389830505,37,48.0,47.0,0.96875,Horizon Edinburgh,Edinburgh,Medium,General,94,2024,2,1,17,5,7,1,0.6588541666666666,0.9791666666666666,4,0.9080305069537908
HHN-EDI-01,2024-02-18,20,30,16.0,10.744791666666666,11.604166666666666,0.0,0.8580629988373555,0,0.0,0,72,41.56944444444444,18,48.0,48.0,1.0,Horizon Edinburgh,Edinburgh,Medium,General,94,2024,2,1,18,6,7,1,0.6715494791666666,1.0,-10,0.9259425493716338
HHN-EDI-01,2024-02-19,41,37,16.0,10.729166666666666,11.661458333333334,0.0,0.8381091118338361,4,3.85,0,93,51.935483870967744,39,48.0,46.0,0.9375,Horizon Edinburgh,Edinburgh,Medium,General,94,2024,2,1,19,0,8,0,0.6705729166666666,0.9583333333333334,4,0.9200535953550691
HHN-EDI-01,2024-02-20,36,35,16.0,10.885416666666666,11.666666666666666,0.0,0.8550003535067874,5,3.3200000000000003,1,79,56.11392405063291,28,48.0,46.0,0.9375,Horizon Edinburgh,Edinburgh,Medium,General,94,2024,2,1,20,1,8,0,0.6803385416666666,0.9583333333333334,1,0.9330357142857143
HHN-EDI-01,2024-02-21,27,28,16.0,11.046875,11.598958333333334,0.0,0.8642012186819171,2,3.0,0,95,58.31578947368421,29,48.0,47.0,0.96875,Horizon Edinburgh,Edinburgh,Medium,General,94,2024,2,1,21,2,8,0,0.6904296875,0.9791666666666666,-1,0.9524023349797934
HHN-EDI-01,2024-02-22,31,35,16.0,10.854166666666666,11.666666666666666,0.0,0.8710605596405229,6,2.583333333333333,3,86,34.44186046511628,21,48.0,46.0,0.9375,Horizon Edinburgh,Edinburgh,Medium,General,94,2024,2,1,22,3,8,0,0.6783854166666666,0.9583333333333334,-4,0.9303571428571429
HHN-EDI-01,2024-02-23,15,21,16.0,10.505208333333334,11.609375,0.0,0.8259646807440926,1,4.2,0,39,61.1025641025641,15,48.0,45.0,0.90625,Horizon Edinburgh,Edinburgh,Medium,General,94,2024,2,1,23,4,8,0,0.6565755208333334,0.9375,-6,0.904890085240018
HHN-EDI-01,2024-02-24,45,33,16.0,10.5625,11.583333333333334,0.0,0.8274185756033182,0,0.0,0,105,78.45714285714286,46,48.0,46.0,0.9375,Horizon Edinburgh,Edinburgh,Medium,General,94,2024,2,1,24,5,8,1,0.66015625,0.9583333333333334,12,0.9118705035971223
HHN-EDI-01,2024-02-25,19,23,16.0,11.229166666666666,11.609375,0.0,0.8765625,0,0.0,0,57,44.91228070175438,19,48.0,48.0,1.0,Horizon Edinburgh,Edinburgh,Medium,General,94,2024,2,1,25,6,8,1,0.7018229166666666,1.0,-4,0.9672498878420815
HHN-EDI-01,2024-02-26,25,27,16.0,11.171875,11.651041666666666,0.0,0.8788845486111111,3,3.233333333333334,0,86,41.88372093023256,23,48.0,48.0,1.0,Horizon Edinburgh,Edinburgh,Medium,General,94,2024,2,1,26,0,9,0,0.6982421875,1.0,-2,0.9588734912829683
HHN-EDI-01,2024-02-27,28,32,16.0,11.026041666666666,11.651041666666666,0.0,0.8601902913943356,4,3.15,0,67,66.68656716417911,24,48.0,47.0,0.96875,Horizon Edinburgh,Edinburgh,Medium,General,94,2024,2,1,27,1,9,0,0.6891276041666666,0.9791666666666666,-4,0.9463567277603934
HHN-EDI-01,2024-02-28,12,20,16.0,10.921875,11.666666666666666,0.0,0.8621451184640523,3,3.1666666666666665,0,19,68.15789473684211,7,48.0,45.0,0.90625,Horizon Edinburgh,Edinburgh,Medium,General,94,2024,2,1,28,2,9,0,0.6826171875,0.9375,-8,0.9361607142857143
HHN-EDI-01,2024-02-29,22,32,16.0,9.833333333333334,11.671875,0.0,0.7932340905112044,4,4.975,0,76,50.26315789473684,21,48.0,48.0,1.0,Horizon Edinburgh,Edinburgh,Medium,General,94,2024,2,1,29,3,9,0,0.6145833333333334,1.0,-10,0.8424810352521196
HHN-EDI-01,2024-03-01,30,24,16.0,9.526041666666666,11.6875,0.0,0.7687116426431685,6,3.2,1,78,37.98717948717949,20,48.0,48.0,1.0,Horizon Edinburgh,Edinburgh,Medium,General,94,2024,3,1,1,4,9,0,0.5953776041666666,1.0,6,0.8150623885918004
HHN-EDI-01,2024-03-02,20,20,16.0,10.21875,11.640625,0.2291666666666666,0.801634837962963,0,0.0,0,113,40.389380530973455,24,48.0,48.0,1.0,Horizon Edinburgh,Edinburgh,Medium,General,94,2024,3,1,2,5,9,1,0.638671875,1.0,0,0.8778523489932886
HHN-EDI-01,2024-03-03,27,21,16.0,10.473958333333334,11.671875,0.25,0.8139756944444444,0,0.0,0,96,48.91666666666666,26,48.0,45.0,0.90625,Horizon Edinburgh,Edinburgh,Medium,General,94,2024,3,1,3,6,9,1,0.6546223958333334,0.9375,6,0.8973672467648371
HHN-EDI-01,2024-03-04,25,25,16.0,10.40625,11.713541666666666,0.25,0.7959228743580766,7,2.942857142857143,1,68,41.30882352941177,16,48.0,47.0,0.96875,Horizon Edinburgh,Edinburgh,Medium,General,94,2024,3,1,4,0,10,0,0.650390625,0.9791666666666666,0,0.8883948421520677
HHN-EDI-01,2024-03-05,11,33,16.0,9.973958333333334,11.703125,0.328125,0.7692882935759774,2,0.25,0,45,48.17777777777778,12,48.0,46.0,0.9375,Horizon Edinburgh,Edinburgh,Medium,General,94,2024,3,1,5,1,10,0,0.6233723958333334,0.9583333333333334,-22,0.8522474410324878
HHN-EDI-01,2024-03-06,25,16,16.0,8.963541666666666,11.6875,0.2916666666666667,0.6722646851208433,6,3.966666666666667,1,46,56.5,18,48.0,46.0,0.9375,Horizon Edinburgh,Edinburgh,Medium,General,94,2024,3,1,6,2,10,0,0.5602213541666666,0.9583333333333334,9,0.766934046345811
HHN-EDI-01,2024-03-07,31,19,16.0,9.682291666666666,11.734375,0.0,0.7546399729763701,7,1.5857142857142856,0,65,41.43076923076923,22,48.0,47.0,0.96875,Horizon Edinburgh,Edinburgh,Medium,General,94,2024,3,1,7,3,10,0,0.6051432291666666,0.9791666666666666,12,0.8251220594762538
HHN-EDI-01,2024-03-08,20,30,16.0,10.197916666666666,11.682291666666666,0.0,0.7656286753483444,2,2.6500000000000004,0,59,44.67796610169491,19,48.0,48.0,1.0,Horizon Edinburgh,Edinburgh,Medium,General,94,2024,3,1,8,4,10,0,0.6373697916666666,1.0,-10,0.8729380294248774
HHN-EDI-01,2024-03-09,27,20,16.0,9.958333333333334,11.6875,0.0,0.7516872514230051,0,0.0,0,75,66.56,29,48.0,48.0,1.0,Horizon Edinburgh,Edinburgh,Medium,General,94,2024,3,1,9,5,10,1,0.6223958333333334,1.0,7,0.8520499108734403
HHN-EDI-01,2024-03-10,16,27,16.0,9.713541666666666,11.65625,0.0,0.7371327737825899,0,0.0,0,61,48.9344262295082,18,48.0,47.0,0.96875,Horizon Edinburgh,Edinburgh,Medium,General,94,2024,3,1,10,6,10,1,0.6070963541666666,0.9791666666666666,-11,0.8333333333333333
HHN-EDI-01,2024-03-11,20,26,16.0,9.1875,11.6875,0.0,0.689553144975939,3,3.1,0,59,38.10169491525424,14,48.0,47.0,0.96875,Horizon Edinburgh,Edinburgh,Medium,General,94,2024,3,1,11,0,11,0,0.57421875,0.9791666666666666,-6,0.786096256684492
HHN-EDI-01,2024-03-12,27,22,16.0,8.526041666666666,11.677083333333334,0.0,0.6477933601325145,2,3.65,2,67,56.492537313432834,25,48.0,48.0,1.0,Horizon Edinburgh,Edinburgh,Medium,General,94,2024,3,1,12,1,11,0,0.5328776041666666,1.0,5,0.7301516503122212
HHN-EDI-01,2024-03-13,14,18,16.0,8.921875,11.671875,0.0,0.6635383841036414,4,2.4,0,54,28.25925925925926,11,48.0,47.0,0.96875,Horizon Edinburgh,Edinburgh,Medium,General,94,2024,3,1,13,2,11,0,0.5576171875,0.9791666666666666,-4,0.7643908969210174
HHN-EDI-01,2024-03-14,36,26,16.0,8.770833333333334,11.703125,0.0,0.6900135174262013,3,4.933333333333334,0,75,76.34666666666666,33,48.0,48.0,1.0,Horizon Edinburgh,Edinburgh,Medium,General,94,2024,3,1,14,3,11,0,0.5481770833333334,1.0,10,0.7494437027147308
HHN-EDI-01,2024-03-15,21,31,16.0,8.119791666666666,11.723958333333334,0.0,0.5996321892806268,2,2.5,0,67,40.83582089552239,19,48.0,47.0,0.96875,Horizon Edinburgh,Edinburgh,Medium,General,94,2024,3,1,15,4,11,0,0.5074869791666666,0.9791666666666666,-10,0.6925810750777431
HHN-EDI-01,2024-03-16,26,22,16.0,7.807291666666667,11.619791666666666,0.0,0.5799071698658096,0,0.0,0,100,48.27,28,48.0,48.0,1.0,Horizon Edinburgh,Edinburgh,Medium,General,94,2024,3,1,16,5,11,1,0.4879557291666667,1.0,4,0.6718960107575079
HHN-EDI-01,2024-03-17,23,23,16.0,8.5625,11.65625,0.0,0.6458845918174962,0,0.0,0,64,48.40625,21,48.0,45.0,0.90625,Horizon Edinburgh,Edinburgh,Medium,General,94,2024,3,1,17,6,11,1,0.53515625,0.9375,0,0.7345844504021448
HHN-EDI-01,2024-03-18,26,27,16.0,8.583333333333334,11.6875,0.0,0.672848705454404,3,2.766666666666667,0,98,33.89795918367347,23,48.0,48.0,1.0,Horizon Edinburgh,Edinburgh,Medium,General,94,2024,3,1,18,0,12,0,0.5364583333333334,1.0,-1,0.734402852049911
HHN-EDI-01,2024-03-19,21,19,16.0,8.859375,11.666666666666666,0.0,0.6748067683269889,4,2.3,0,62,42.75806451612903,17,48.0,48.0,1.0,Horizon Edinburgh,Edinburgh,Medium,General,94,2024,3,1,19,1,12,0,0.5537109375,1.0,2,0.759375
HHN-EDI-01,2024-03-20,24,32,16.0,9.192708333333334,11.677083333333334,0.0,0.7051202418734589,5,3.22,0,52,46.19230769230769,20,48.0,48.0,1.0,Horizon Edinburgh,Edinburgh,Medium,General,94,2024,3,1,20,2,12,0,0.5745442708333334,1.0,-8,0.7872435325602141
HHN-EDI-01,2024-03-21,14,17,16.0,8.541666666666666,11.65625,0.0,0.6719869017318466,3,3.466666666666667,0,35,50.4,10,48.0,47.0,0.96875,Horizon Edinburgh,Edinburgh,Medium,General,94,2024,3,1,21,3,12,0,0.5338541666666666,0.9791666666666666,-3,0.7327971403038427
HHN-EDI-01,2024-03-22,17,23,16.0,7.369791666666667,11.671875,0.0,0.6114265551305992,3,2.0,0,56,36.10714285714285,14,48.0,46.0,0.9375,Horizon Edinburgh,Edinburgh,Medium,General,94,2024,3,1,22,4,12,0,0.4606119791666667,0.9583333333333334,-6,0.6314145470771977
HHN-EDI-01,2024-03-23,12,17,16.0,6.963541666666667,11.640625,0.0,0.5762906598269649,0,0.0,0,53,39.886792452830186,14,48.0,45.0,0.90625,Horizon Edinburgh,Edinburgh,Medium,General,94,2024,3,1,23,5,12,1,0.4352213541666667,0.9375,-5,0.5982102908277405
HHN-EDI-01,2024-03-24,23,18,16.0,7.052083333333333,11.65625,0.0,0.5829417591021452,0,0.0,0,61,54.131147540983605,24,48.0,44.0,0.875,Horizon Edinburgh,Edinburgh,Medium,General,94,2024,3,1,24,6,12,1,0.4407552083333333,0.9166666666666666,5,0.6050044682752457
HHN-EDI-01,2024-03-25,29,22,16.0,8.177083333333334,11.697916666666666,0.0,0.6792034201501114,8,3.4,1,56,77.71428571428571,22,48.0,48.0,1.0,Horizon Edinburgh,Edinburgh,Medium,General,94,2024,3,1,25,0,13,0,0.5110677083333334,1.0,7,0.6990204808548531
HHN-EDI-01,2024-03-26,19,19,16.0,8.473958333333334,11.666666666666666,0.0,0.6825500913506427,1,1.4,0,63,46.12698412698413,16,48.0,48.0,1.0,Horizon Edinburgh,Edinburgh,Medium,General,94,2024,3,1,26,1,13,0,0.5296223958333334,1.0,0,0.7263392857142859
HHN-EDI-01,2024-03-27,20,17,16.0,8.229166666666666,11.713541666666666,0.0,0.6464517738185017,5,3.06,1,52,44.21153846153846,15,48.0,48.0,1.0,Horizon Edinburgh,Edinburgh,Medium,General,94,2024,3,1,27,2,13,0,0.5143229166666666,1.0,3,0.7025344597598933
HHN-EDI-01,2024-03-28,21,25,16.0,7.984375,11.708333333333334,0.0,0.6287231559290383,4,3.0,1,81,27.88888888888889,16,48.0,48.0,1.0,Horizon Edinburgh,Edinburgh,Medium,General,94,2024,3,1,28,3,13,0,0.4990234375,1.0,-4,0.6819395017793594
HHN-EDI-01,2024-03-29,11,18,16.0,8.161458333333334,11.65625,0.0,0.6392732293237808,0,0.0,0,43,32.348837209302324,12,48.0,48.0,1.0,Horizon Edinburgh,Edinburgh,Medium,General,94,2024,3,1,29,4,13,0,0.5100911458333334,1.0,-7,0.7001787310098303
HHN-EDI-01,2024-03-30,11,18,16.0,7.09375,11.65625,0.0,0.5498341417229285,0,0.0,0,22,65.68181818181819,9,48.0,44.0,0.875,Horizon Edinburgh,Edinburgh,Medium,General,94,2024,3,1,30,5,13,1,0.443359375,0.9166666666666666,-7,0.6085790884718498
HHN-EDI-01,2024-03-31,23,24,16.0,6.296875,11.635416666666666,0.0,0.4904541898222964,0,0.0,0,62,77.20967741935483,25,48.0,45.0,0.90625,Horizon Edinburgh,Edinburgh,Medium,General,94,2024,3,1,31,6,13,1,0.3935546875,0.9375,-1,0.5411817367949866
HHN-EDI-01,2024-04-01,21,12,16.0,7.213541666666667,11.65625,0.0,0.5512433011399004,0,0.0,0,61,52.73770491803279,20,48.0,47.0,0.96875,Horizon Edinburgh,Edinburgh,Medium,General,94,2024,4,2,1,0,14,0,0.4508463541666667,0.9791666666666666,9,0.6188561215370867
HHN-EDI-01,2024-04-02,38,14,16.0,8.755208333333334,11.6875,0.0,0.7020565304113098,10,2.37,2,81,54.19753086419753,29,48.0,47.0,0.96875,Horizon Edinburgh,Edinburgh,Medium,General,94,2024,4,2,2,1,14,0,0.5472005208333334,0.9791666666666666,24,0.7491087344028521
HHN-EDI-01,2024-04-03,16,25,16.0,9.75,11.692708333333334,0.0,0.7680570659086284,4,4.6,0,53,30.245283018867923,11,48.0,46.0,0.9375,Horizon Edinburgh,Edinburgh,Medium,General,94,2024,4,2,3,2,14,0,0.609375,0.9583333333333334,-9,0.8338530066815144
HHN-EDI-01,2024-04-04,29,17,16.0,8.901041666666666,11.661458333333334,0.0,0.7198637147166559,5,2.48,1,63,70.33333333333333,25,48.0,48.0,1.0,Horizon Edinburgh,Edinburgh,Medium,General,94,2024,4,2,4,3,14,0,0.5563151041666666,1.0,12,0.7632871817775791
HHN-EDI-01,2024-04-05,24,31,16.0,9.546875,11.692708333333334,0.0,0.7372886487661304,6,2.8666666666666667,1,65,47.56923076923077,19,48.0,48.0,1.0,Horizon Edinburgh,Edinburgh,Medium,General,94,2024,4,2,5,4,14,0,0.5966796875,1.0,-7,0.8164810690423162
HHN-EDI-01,2024-04-06,22,20,16.0,9.291666666666666,11.651041666666666,0.0,0.7422187451369436,0,0.0,0,61,50.19672131147541,20,48.0,47.0,0.96875,Horizon Edinburgh,Edinburgh,Medium,General,94,2024,4,2,6,5,14,1,0.5807291666666666,0.9791666666666666,2,0.797496647295485
HHN-EDI-01,2024-04-07,16,28,16.0,8.947916666666666,11.630208333333334,0.0,0.7273118361928105,0,0.0,0,45,57.75555555555555,17,48.0,47.0,0.96875,Horizon Edinburgh,Edinburgh,Medium,General,94,2024,4,2,7,6,14,1,0.5592447916666666,0.9791666666666666,-12,0.7693685624720107
HHN-EDI-01,2024-04-08,24,26,16.0,8.572916666666666,11.6875,0.0,0.690202643557423,7,3.8428571428571434,0,78,44.57692307692308,22,48.0,48.0,1.0,Horizon Edinburgh,Edinburgh,Medium,General,94,2024,4,2,8,0,15,0,0.5358072916666666,1.0,-2,0.7335115864527628
HHN-EDI-01,2024-04-09,32,18,16.0,9.072916666666666,11.697916666666666,0.0,0.7299717456427016,5,3.4,0,67,47.1044776119403,20,48.0,48.0,1.0,Horizon Edinburgh,Edinburgh,Medium,General,94,2024,4,2,9,1,15,0,0.5670572916666666,1.0,14,0.7756010685663401
HHN-EDI-01,2024-04-10,19,26,16.0,9.15625,11.697916666666666,0.0,0.7531058517156862,10,2.12,1,35,37.8,10,48.0,47.0,0.96875,Horizon Edinburgh,Edinburgh,Medium,General,94,2024,4,2,10,2,15,0,0.572265625,0.9791666666666666,-7,0.7827248441674087
HHN-EDI-01,2024-04-11,18,20,16.0,8.442708333333334,11.692708333333334,0.0,0.697781352124183,9,2.111111111111111,0,31,53.483870967741936,10,48.0,48.0,1.0,Horizon Edinburgh,Edinburgh,Medium,General,94,2024,4,2,11,3,15,0,0.5276692708333334,1.0,-2,0.7220489977728285
HHN-EDI-01,2024-04-12,20,25,16.0,8.375,11.666666666666666,0.0,0.6860007945485886,4,1.525,0,66,31.5,15,48.0,48.0,1.0,Horizon Edinburgh,Edinburgh,Medium,General,94,2024,4,2,12,4,15,0,0.5234375,1.0,-5,0.7178571428571429
HHN-EDI-01,2024-04-13,15,16,16.0,8.609375,11.609375,0.0,0.6905154596560846,0,0.0,0,41,69.78048780487805,15,48.0,47.0,0.96875,Horizon Edinburgh,Edinburgh,Medium,General,94,2024,4,2,13,5,15,1,0.5380859375,0.9791666666666666,-1,0.7415881561238223
HHN-EDI-01,2024-04-14,23,25,16.0,8.0625,11.661458333333334,0.0,0.6501165964516148,0,0.0,0,62,67.70967741935483,23,48.0,45.0,0.90625,Horizon Edinburgh,Edinburgh,Medium,General,94,2024,4,2,14,6,15,1,0.50390625,0.9375,-2,0.6913800803930326
HHN-EDI-01,2024-04-15,30,22,16.0,8.338541666666666,11.692708333333334,0.0,0.655540293040293,6,2.233333333333333,0,97,44.24742268041237,28,48.0,46.0,0.9375,Horizon Edinburgh,Edinburgh,Medium,General,94,2024,4,2,15,0,16,0,0.5211588541666666,0.9583333333333334,8,0.7131403118040088
HHN-EDI-01,2024-04-16,23,22,16.0,9.135416666666666,11.677083333333334,0.0,0.7216634570494865,8,2.85,1,51,28.764705882352946,11,48.0,47.0,0.96875,Horizon Edinburgh,Edinburgh,Medium,General,94,2024,4,2,16,1,16,0,0.5709635416666666,0.9791666666666666,1,0.7823371989295271
HHN-EDI-01,2024-04-17,20,22,16.0,8.53125,11.713541666666666,0.0,0.6698767467724269,6,2.45,1,60,37.7,15,48.0,48.0,1.0,Horizon Edinburgh,Edinburgh,Medium,General,94,2024,4,2,17,2,16,0,0.533203125,1.0,-2,0.7283236994219654
HHN-EDI-01,2024-04-18,21,15,16.0,8.822916666666666,11.6875,0.0,0.6860336061507937,4,3.675,0,57,60.92982456140351,19,48.0,45.0,0.90625,Horizon Edinburgh,Edinburgh,Medium,General,94,2024,4,2,18,3,16,0,0.5514322916666666,0.9375,6,0.7549019607843137
HHN-EDI-01,2024-04-19,27,26,16.0,9.515625,11.6875,0.0104166666666666,0.7356816424486462,8,2.45,0,67,41.582089552238806,17,48.0,48.0,1.0,Horizon Edinburgh,Edinburgh,Medium,General,94,2024,4,2,19,4,16,0,0.5947265625,1.0,1,0.8141711229946524
HHN-EDI-01,2024-04-20,19,27,16.0,9.041666666666666,11.640625,0.125,0.6758070849867726,0,0.0,0,65,41.33846153846154,18,48.0,48.0,1.0,Horizon Edinburgh,Edinburgh,Medium,General,94,2024,4,2,20,5,16,1,0.5651041666666666,1.0,-8,0.7767337807606264
HHN-EDI-01,2024-04-21,20,22,16.0,8.453125,11.625,0.0364583333333333,0.6672305380485528,0,0.0,0,64,37.171875,21,48.0,48.0,1.0,Horizon Edinburgh,Edinburgh,Medium,General,94,2024,4,2,21,6,16,1,0.5283203125,1.0,-2,0.7271505376344086
HHN-EDI-01,2024-04-22,25,20,16.0,8.416666666666666,11.692708333333334,0.0,0.6779569626996098,5,2.3,0,80,53.1875,22,48.0,48.0,1.0,Horizon Edinburgh,Edinburgh,Medium,General,94,2024,4,2,22,0,17,0,0.5260416666666666,1.0,5,0.7198218262806235
HHN-EDI-01,2024-04-23,25,15,16.0,10.046875,11.708333333333334,0.0,0.7800412873482726,5,3.08,0,46,59.80434782608695,19,48.0,48.0,1.0,Horizon Edinburgh,Edinburgh,Medium,General,94,2024,4,2,23,1,17,0,0.6279296875,1.0,10,0.8580960854092526
HHN-EDI-01,2024-04-24,20,28,16.0,10.130208333333334,11.6875,0.0,0.7749906386165577,5,2.3,3,49,44.06122448979592,13,48.0,47.0,0.96875,Horizon Edinburgh,Edinburgh,Medium,General,94,2024,4,2,24,2,17,0,0.6331380208333334,0.9791666666666666,-8,0.8667557932263815
HHN-EDI-01,2024-04-25,21,16,16.0,9.453125,11.708333333333334,0.0,0.7299606821895425,6,3.583333333333333,1,46,52.69565217391305,16,48.0,48.0,1.0,Horizon Edinburgh,Edinburgh,Medium,General,94,2024,4,2,25,3,17,0,0.5908203125,1.0,5,0.8073843416370107
HHN-EDI-01,2024-04-26,15,24,16.0,9.182291666666666,11.661458333333334,0.0,0.7200836324112978,2,1.75,0,37,55.13513513513514,13,48.0,45.0,0.90625,Horizon Edinburgh,Edinburgh,Medium,General,94,2024,4,2,26,4,17,0,0.5738932291666666,0.9375,-9,0.7874050915587315
HHN-EDI-01,2024-04-27,23,23,16.0,8.526041666666666,11.651041666666666,0.0,0.6603311376633987,0,0.0,0,91,47.15384615384615,25,48.0,46.0,0.9375,Horizon Edinburgh,Edinburgh,Medium,General,94,2024,4,2,27,5,17,1,0.5328776041666666,0.9583333333333334,0,0.731783638801967
HHN-EDI-01,2024-04-28,17,15,16.0,8.828125,11.630208333333334,0.0,0.7025545447880006,0,0.0,0,58,37.56896551724138,15,47.0,45.0,0.9375,Horizon Edinburgh,Edinburgh,Medium,General,94,2024,4,2,28,6,17,1,0.5517578125,0.9574468085106383,2,0.7590685176892074
HHN-EDI-01,2024-04-29,20,18,16.0,9.21875,11.692708333333334,0.0,0.7227949032176973,2,2.6,0,62,61.596774193548384,20,48.0,47.0,0.96875,Horizon Edinburgh,Edinburgh,Medium,General,94,2024,4,2,29,0,18,0,0.576171875,0.9791666666666666,2,0.7884187082405345
HHN-EDI-01,2024-04-30,26,34,16.0,8.6875,11.6875,0.0,0.7061440181040365,6,1.7,0,48,74.91666666666667,19,48.0,48.0,1.0,Horizon Edinburgh,Edinburgh,Medium,General,94,2024,4,2,30,1,18,0,0.54296875,1.0,-8,0.7433155080213903
HHN-EDI-01,2024-05-01,28,10,16.0,8.854166666666666,11.692708333333334,0.0,0.6889545822335345,3,3.1333333333333333,0,59,67.54237288135593,24,48.0,48.0,1.0,Horizon Edinburgh,Edinburgh,Medium,General,94,2024,5,2,1,2,18,0,0.5533854166666666,1.0,18,0.7572383073496658
HHN-EDI-01,2024-05-02,19,21,16.0,9.536458333333334,11.692708333333334,0.0,0.7497858057485814,4,2.7,1,67,38.28358208955224,17,48.0,47.0,0.96875,Horizon Edinburgh,Edinburgh,Medium,General,94,2024,5,2,2,3,18,0,0.5960286458333334,0.9791666666666666,-2,0.8155902004454343
HHN-EDI-01,2024-05-03,14,29,16.0,9.213541666666666,11.703125,0.0,0.7240384475104144,3,3.233333333333333,0,50,34.96,10,48.0,48.0,1.0,Horizon Edinburgh,Edinburgh,Medium,General,94,2024,5,2,3,4,18,0,0.5758463541666666,1.0,-15,0.7872719181130395
HHN-EDI-01,2024-05-04,14,22,16.0,7.994791666666667,11.651041666666666,0.0,0.6460791888870933,0,0.0,0,59,45.389830508474574,15,48.0,48.0,1.0,Horizon Edinburgh,Edinburgh,Medium,General,94,2024,5,2,4,5,18,1,0.4996744791666667,1.0,-8,0.6861868573983013
HHN-EDI-01,2024-05-05,14,13,16.0,7.875,11.630208333333334,0.0,0.6361490148944193,0,0.0,0,50,35.22,13,48.0,45.0,0.90625,Horizon Edinburgh,Edinburgh,Medium,General,94,2024,5,2,5,6,18,1,0.4921875,0.9375,1,0.677115987460815
HHN-EDI-01,2024-05-06,11,20,16.0,7.453125,11.713541666666666,0.0,0.6096435248778999,0,0.0,0,51,31.84313725490196,13,48.0,44.0,0.875,Horizon Edinburgh,Edinburgh,Medium,General,94,2024,5,2,6,0,19,0,0.4658203125,0.9166666666666666,-9,0.6362827923521566
HHN-EDI-01,2024-05-07,28,18,16.0,7.25,11.703125,0.0,0.5764814412677465,6,4.633333333333334,0,56,40.83928571428572,20,48.0,48.0,1.0,Horizon Edinburgh,Edinburgh,Medium,General,94,2024,5,2,7,1,19,0,0.453125,1.0,10,0.6194926568758344
HHN-EDI-01,2024-05-08,24,20,16.0,8.3125,11.677083333333334,0.0,0.6782354147588522,4,2.75,0,49,54.24489795918368,20,48.0,47.0,0.96875,Horizon Edinburgh,Edinburgh,Medium,General,94,2024,5,2,8,2,19,0,0.51953125,0.9791666666666666,4,0.711864406779661
HHN-EDI-01,2024-05-09,19,15,16.0,8.3125,11.708333333333334,0.0,0.6887490573152338,2,2.9,0,49,43.46938775510204,17,48.0,48.0,1.0,Horizon Edinburgh,Edinburgh,Medium,General,94,2024,5,2,9,3,19,0,0.51953125,1.0,4,0.7099644128113879
HHN-EDI-01,2024-05-10,20,16,16.0,9.067708333333334,11.697916666666666,0.0,0.7362786667818838,7,3.957142857142857,0,46,42.47826086956522,13,48.0,48.0,1.0,Horizon Edinburgh,Edinburgh,Medium,General,94,2024,5,2,10,4,19,0,0.5667317708333334,1.0,4,0.7751558325912735
HHN-EDI-01,2024-05-11,12,19,16.0,8.828125,11.645833333333334,0.0,0.7132912800536881,0,0.0,0,48,42.3125,14,48.0,47.0,0.96875,Horizon Edinburgh,Edinburgh,Medium,General,94,2024,5,2,11,5,19,1,0.5517578125,0.9791666666666666,-7,0.7580500894454383
HHN-EDI-01,2024-05-12,21,23,16.0,8.192708333333334,11.619791666666666,0.0,0.6575332389900405,0,0.0,0,68,39.98529411764706,20,48.0,46.0,0.9375,Horizon Edinburgh,Edinburgh,Medium,General,94,2024,5,2,12,6,19,1,0.5120442708333334,0.9583333333333334,-2,0.7050649932765577
HHN-EDI-01,2024-05-13,20,17,16.0,8.666666666666666,11.666666666666666,0.0,0.6947185104009552,2,2.45,0,61,39.14754098360656,17,48.0,47.0,0.96875,Horizon Edinburgh,Edinburgh,Medium,General,94,2024,5,2,13,0,20,0,0.5416666666666666,0.9791666666666666,3,0.7428571428571429
HHN-EDI-01,2024-05-14,20,23,16.0,8.244791666666666,11.666666666666666,0.0,0.6880051873847829,7,3.5,1,64,32.90625,14,48.0,48.0,1.0,Horizon Edinburgh,Edinburgh,Medium,General,94,2024,5,2,14,1,20,0,0.5152994791666666,1.0,-3,0.7066964285714286
HHN-EDI-01,2024-05-15,25,19,16.0,8.234375,11.703125,0.0,0.7037229174522373,8,1.7125,1,59,48.1864406779661,19,48.0,47.0,0.96875,Horizon Edinburgh,Edinburgh,Medium,General,94,2024,5,2,15,2,20,0,0.5146484375,0.9791666666666666,6,0.7036048064085447
HHN-EDI-01,2024-05-16,26,19,16.0,8.692708333333334,11.682291666666666,0.0,0.721003409376571,9,1.9888888888888887,0,45,44.75555555555555,15,48.0,46.0,0.9375,Horizon Edinburgh,Edinburgh,Medium,General,94,2024,5,2,16,3,20,0,0.5432942708333334,0.9583333333333334,7,0.7440927329469461
HHN-EDI-01,2024-05-17,33,29,16.0,9.401041666666666,11.723958333333334,0.0,0.7796402675653594,7,1.9142857142857144,0,62,62.12903225806452,26,48.0,48.0,1.0,Horizon Edinburgh,Edinburgh,Medium,General,94,2024,5,2,17,4,20,0,0.5875651041666666,1.0,4,0.8018658374055975
HHN-EDI-01,2024-05-18,19,24,16.0,9.177083333333334,11.65625,0.0,0.7268946981837607,0,0.0,0,63,56.0,20,48.0,47.0,0.96875,Horizon Edinburgh,Edinburgh,Medium,General,94,2024,5,2,18,5,20,1,0.5735677083333334,0.9791666666666666,-5,0.7873100983020554
HHN-EDI-01,2024-05-19,22,23,16.0,9.286458333333334,11.635416666666666,0.0,0.7375055644586895,0,0.0,0,74,59.567567567567565,24,48.0,48.0,1.0,Horizon Edinburgh,Edinburgh,Medium,General,94,2024,5,2,19,6,20,1,0.5804036458333334,1.0,-1,0.7981199641897941
HHN-EDI-01,2024-05-20,27,25,16.0,9.28125,11.692708333333334,0.0,0.7515855434053963,13,2.707692307692308,0,48,42.625,14,48.0,48.0,1.0,Horizon Edinburgh,Edinburgh,Medium,General,94,2024,5,2,20,0,21,0,0.580078125,1.0,2,0.7937639198218263
HHN-EDI-01,2024-05-21,16,17,16.0,9.270833333333334,11.71875,0.0,0.7351459393853695,2,4.5,1,52,38.26923076923077,13,48.0,46.0,0.9375,Horizon Edinburgh,Edinburgh,Medium,General,94,2024,5,2,21,1,21,0,0.5794270833333334,0.9583333333333334,-1,0.7911111111111112
HHN-EDI-01,2024-05-22,19,16,16.0,9.411458333333334,11.697916666666666,0.0,0.7545448207327804,4,3.425,1,73,36.89041095890411,16,48.0,48.0,1.0,Horizon Edinburgh,Edinburgh,Medium,General,94,2024,5,2,22,2,21,0,0.5882161458333334,1.0,3,0.8045414069456813
HHN-EDI-01,2024-05-23,31,25,16.0,9.708333333333334,11.703125,0.0,0.7724722721620699,4,4.375,0,61,61.68852459016394,27,48.0,48.0,1.0,Horizon Edinburgh,Edinburgh,Medium,General,94,2024,5,2,23,3,21,0,0.6067708333333334,1.0,6,0.8295505117935025
HHN-EDI-01,2024-05-24,24,27,16.0,10.34375,11.677083333333334,0.0,0.8285881920877326,5,3.78,0,66,53.51515151515152,19,48.0,47.0,0.96875,Horizon Edinburgh,Edinburgh,Medium,General,94,2024,5,2,24,4,21,0,0.646484375,0.9791666666666666,-3,0.8858162355040142
HHN-EDI-01,2024-05-25,10,25,16.0,9.541666666666666,11.640625,0.0,0.7470499016914459,0,0.0,0,32,47.46875,8,48.0,45.0,0.90625,Horizon Edinburgh,Edinburgh,Medium,General,94,2024,5,2,25,5,21,1,0.5963541666666666,0.9375,-15,0.8196868008948546
HHN-EDI-01,2024-05-26,18,27,16.0,7.880208333333333,11.640625,0.0,0.624380535467392,0,0.0,0,57,71.36842105263158,21,48.0,48.0,1.0,Horizon Edinburgh,Edinburgh,Medium,General,94,2024,5,2,26,6,21,1,0.4925130208333333,1.0,-9,0.6769574944071588
HHN-EDI-01,2024-05-27,15,17,16.0,7.28125,11.71875,0.203125,0.5721375910139698,0,0.0,0,46,44.84782608695652,15,48.0,48.0,1.0,Horizon Edinburgh,Edinburgh,Medium,General,94,2024,5,2,27,0,22,0,0.455078125,1.0,-2,0.6213333333333333
HHN-EDI-01,2024-05-28,19,18,16.0,7.229166666666667,11.6875,0.375,0.5775174406033782,4,2.425,0,43,47.95348837209303,14,48.0,47.0,0.96875,Horizon Edinburgh,Edinburgh,Medium,General,94,2024,5,2,28,1,22,0,0.4518229166666667,0.9791666666666666,1,0.6185383244206774
HHN-EDI-01,2024-05-29,21,16,16.0,7.9375,11.677083333333334,0.375,0.641184349674699,8,2.45,0,33,63.24242424242424,14,48.0,48.0,1.0,Horizon Edinburgh,Edinburgh,Medium,General,94,2024,5,2,29,2,22,0,0.49609375,1.0,5,0.679750223015165
HHN-EDI-01,2024-05-30,15,15,16.0,8.302083333333334,11.661458333333334,0.375,0.6579854284128182,5,2.64,0,36,34.166666666666664,10,48.0,47.0,0.96875,Horizon Edinburgh,Edinburgh,Medium,General,94,2024,5,2,30,3,22,0,0.5188802083333334,0.9791666666666666,0,0.711924966502903
HHN-EDI-01,2024-05-31,20,19,16.0,8.072916666666666,11.692708333333334,0.375,0.6568097471360339,7,3.3857142857142857,0,49,49.38775510204081,14,48.0,45.0,0.90625,Horizon Edinburgh,Edinburgh,Medium,General,94,2024,5,2,31,4,22,0,0.5045572916666666,0.9375,1,0.6904231625835189
HHN-EDI-01,2024-06-01,18,22,16.0,8.015625,11.625,0.375,0.6379418133439273,0,0.0,0,45,51.86666666666667,18,48.0,48.0,1.0,Horizon Edinburgh,Edinburgh,Medium,General,94,2024,6,2,1,5,22,1,0.5009765625,1.0,-4,0.6895161290322581
HHN-EDI-01,2024-06-02,12,15,16.0,7.567708333333333,11.583333333333334,0.328125,0.6116410767031172,0,0.0,0,42,42.11904761904762,11,48.0,48.0,1.0,Horizon Edinburgh,Edinburgh,Medium,General,94,2024,6,2,2,6,22,1,0.4729817708333333,1.0,-3,0.6533273381294964
HHN-EDI-01,2024-06-03,14,18,16.0,7.213541666666667,11.692708333333334,0.0,0.5923290570234504,6,3.4,0,40,47.1,11,48.0,46.0,0.9375,Horizon Edinburgh,Edinburgh,Medium,General,94,2024,6,2,3,0,23,0,0.4508463541666667,0.9583333333333334,-4,0.6169265033407573
HHN-EDI-01,2024-06-04,28,17,16.0,7.463541666666667,11.671875,0.0,0.5864579452240298,3,2.4333333333333336,0,73,67.79452054794521,26,48.0,48.0,1.0,Horizon Edinburgh,Edinburgh,Medium,General,94,2024,6,2,4,1,23,0,0.4664713541666667,1.0,11,0.6394466755912539
HHN-EDI-01,2024-06-05,12,19,16.0,8.135416666666666,11.65625,0.0,0.6437439165035672,4,1.9750000000000003,0,32,45.625,8,48.0,48.0,1.0,Horizon Edinburgh,Edinburgh,Medium,General,94,2024,6,2,5,2,23,0,0.5084635416666666,1.0,-7,0.6979445933869526
HHN-EDI-01,2024-06-06,19,14,16.0,7.932291666666667,11.692708333333334,0.0,0.6231440659864372,4,2.975,1,42,58.97619047619048,13,48.0,48.0,1.0,Horizon Edinburgh,Edinburgh,Medium,General,94,2024,6,2,6,3,23,0,0.4957682291666667,1.0,5,0.6783964365256124
HHN-EDI-01,2024-06-07,21,16,16.0,7.869791666666667,11.697916666666666,0.0,0.6087265535220499,0,0.0,1,63,45.19047619047619,20,48.0,48.0,1.0,Horizon Edinburgh,Edinburgh,Medium,General,94,2024,6,2,7,4,23,0,0.4918619791666667,1.0,5,0.6727515583259128
HHN-EDI-01,2024-06-08,8,22,16.0,7.6875,11.651041666666666,0.0,0.6006612494089516,0,0.0,0,38,41.60526315789474,8,48.0,47.0,0.96875,Horizon Edinburgh,Edinburgh,Medium,General,94,2024,6,2,8,5,23,1,0.48046875,0.9791666666666666,-14,0.6598122485471614
HHN-EDI-01,2024-06-09,9,13,16.0,6.817708333333333,11.614583333333334,0.0,0.5468973092709306,0,0.0,0,35,37.142857142857146,9,48.0,46.0,0.9375,Horizon Edinburgh,Edinburgh,Medium,General,94,2024,6,2,9,6,23,1,0.4261067708333333,0.9583333333333334,-4,0.5869955156950672
HHN-EDI-01,2024-06-10,19,19,16.0,6.666666666666667,11.6875,0.0,0.553739526660023,7,2.128571428571429,0,37,56.13513513513514,13,48.0,47.0,0.96875,Horizon Edinburgh,Edinburgh,Medium,General,94,2024,6,2,10,0,24,0,0.4166666666666667,0.9791666666666666,0,0.5704099821746881
HHN-EDI-01,2024-06-11,19,19,16.0,6.223958333333333,11.697916666666666,0.0,0.5210783705843448,6,2.05,0,50,33.28,12,48.0,47.0,0.96875,Horizon Edinburgh,Edinburgh,Medium,General,94,2024,6,2,11,1,24,0,0.3889973958333333,0.9791666666666666,0,0.5320569902048086
HHN-EDI-01,2024-06-12,20,15,16.0,6.369791666666667,11.703125,0.0,0.5207227315338528,6,2.9666666666666663,2,58,39.25862068965517,16,48.0,48.0,1.0,Horizon Edinburgh,Edinburgh,Medium,General,94,2024,6,2,12,2,24,0,0.3981119791666667,1.0,5,0.5442812639074321
HHN-EDI-01,2024-06-13,22,18,16.0,6.958333333333333,11.703125,0.0,0.583377563765891,5,1.4,0,57,46.333333333333336,18,48.0,47.0,0.96875,Horizon Edinburgh,Edinburgh,Medium,General,94,2024,6,2,13,3,24,0,0.4348958333333333,0.9791666666666666,4,0.5945705384957721
HHN-EDI-01,2024-06-14,12,23,16.0,6.671875,11.697916666666666,0.0,0.5421516583396179,1,4.2,0,41,34.829268292682926,9,48.0,47.0,0.96875,Horizon Edinburgh,Edinburgh,Medium,General,94,2024,6,2,14,4,24,0,0.4169921875,0.9791666666666666,-11,0.5703472840605521
HHN-EDI-01,2024-06-15,29,13,16.0,6.572916666666667,11.614583333333334,0.0,0.5511349952641312,0,0.0,0,95,52.17894736842105,33,48.0,47.0,0.96875,Horizon Edinburgh,Edinburgh,Medium,General,94,2024,6,2,15,5,24,1,0.4108072916666667,0.9791666666666666,16,0.5659192825112107
HHN-EDI-01,2024-06-16,22,16,16.0,7.875,11.65625,0.0,0.6277189862323135,0,0.0,0,80,39.0625,20,48.0,48.0,1.0,Horizon Edinburgh,Edinburgh,Medium,General,94,2024,6,2,16,6,24,1,0.4921875,1.0,6,0.675603217158177
HHN-EDI-01,2024-06-17,18,22,16.0,8.270833333333334,11.682291666666666,0.0,0.6756183142327443,8,3.3375,2,25,94.4,10,48.0,47.0,0.96875,Horizon Edinburgh,Edinburgh,Medium,General,94,2024,6,2,17,0,25,0,0.5169270833333334,0.9791666666666666,-4,0.7079803834150692
HHN-EDI-01,2024-06-18,28,20,16.0,8.739583333333334,11.671875,0.0,0.6994540097021714,7,3.2,2,72,64.23611111111111,25,48.0,46.0,0.9375,Horizon Edinburgh,Edinburgh,Medium,General,94,2024,6,2,18,1,25,0,0.5462239583333334,0.9583333333333334,8,0.748772869254797
HHN-EDI-01,2024-06-19,21,19,16.0,9.020833333333334,11.734375,0.0,0.7184004210658622,5,2.78,0,37,42.810810810810814,11,48.0,48.0,1.0,Horizon Edinburgh,Edinburgh,Medium,General,94,2024,6,2,19,2,25,0,0.5638020833333334,1.0,2,0.7687527740790058
HHN-EDI-01,2024-06-20,11,22,16.0,8.536458333333334,11.708333333333334,0.0,0.675166120133951,3,4.166666666666667,0,38,25.210526315789476,9,48.0,48.0,1.0,Horizon Edinburgh,Edinburgh,Medium,General,94,2024,6,2,20,3,25,0,0.5335286458333334,1.0,-11,0.7290925266903915
HHN-EDI-01,2024-06-21,25,21,16.0,8.208333333333334,11.682291666666666,0.1875,0.6643155753220091,3,3.5666666666666664,0,62,58.75806451612903,21,48.0,47.0,0.96875,Horizon Edinburgh,Edinburgh,Medium,General,94,2024,6,2,21,4,25,0,0.5130208333333334,0.9791666666666666,4,0.7026304057066429
HHN-EDI-01,2024-06-22,14,15,16.0,8.510416666666666,11.645833333333334,0.25,0.6519769960601762,0,0.0,0,39,66.2051282051282,15,48.0,45.0,0.90625,Horizon Edinburgh,Edinburgh,Medium,General,94,2024,6,2,22,5,25,1,0.5319010416666666,0.9375,-1,0.7307692307692307
HHN-EDI-01,2024-06-23,7,20,16.0,7.588541666666667,11.625,0.2291666666666666,0.59961613651871,0,0.0,0,53,31.18867924528302,9,48.0,48.0,1.0,Horizon Edinburgh,Edinburgh,Medium,General,94,2024,6,2,23,6,25,1,0.4742838541666667,1.0,-13,0.6527777777777778
HHN-EDI-01,2024-06-24,23,17,16.0,6.979166666666667,11.729166666666666,0.0,0.556501218943774,0,0.0,0,72,48.638888888888886,23,48.0,48.0,1.0,Horizon Edinburgh,Edinburgh,Medium,General,94,2024,6,2,24,0,26,0,0.4361979166666667,1.0,6,0.5950266429840143
HHN-EDI-01,2024-06-25,17,23,16.0,7.786458333333333,11.692708333333334,0.0,0.6186078537985708,3,1.9,1,52,38.61538461538461,13,48.0,48.0,1.0,Horizon Edinburgh,Edinburgh,Medium,General,94,2024,6,2,25,1,26,0,0.4866536458333333,1.0,-6,0.665924276169265
HHN-EDI-01,2024-06-26,19,13,16.0,7.223958333333333,11.671875,0.0,0.5607635615677895,5,4.0600000000000005,0,48,40.8125,15,48.0,48.0,1.0,Horizon Edinburgh,Edinburgh,Medium,General,94,2024,6,2,26,2,26,0,0.4514973958333333,1.0,6,0.6189201249442213
HHN-EDI-01,2024-06-27,21,19,16.0,8.052083333333334,11.713541666666666,0.0,0.6305513518174364,7,3.742857142857143,0,46,43.17391304347826,13,48.0,48.0,1.0,Horizon Edinburgh,Edinburgh,Medium,General,94,2024,6,2,27,3,26,0,0.5032552083333334,1.0,2,0.6874166296131615
HHN-EDI-01,2024-06-28,21,23,16.0,7.713541666666667,11.682291666666666,0.0,0.5914353020855778,4,2.7,0,61,35.77049180327869,17,48.0,48.0,1.0,Horizon Edinburgh,Edinburgh,Medium,General,94,2024,6,2,28,4,26,0,0.4820963541666667,1.0,-2,0.6602764155149354
HHN-EDI-01,2024-06-29,12,14,16.0,7.989583333333333,11.614583333333334,0.0,0.5993190598889128,0,0.0,0,45,37.55555555555556,13,48.0,45.0,0.90625,Horizon Edinburgh,Edinburgh,Medium,General,94,2024,6,2,29,5,26,1,0.4993489583333333,0.9375,-2,0.6878923766816143
HHN-EDI-01,2024-06-30,10,18,16.0,7.151041666666667,11.635416666666666,0.0,0.5290352332172185,0,0.0,0,36,38.77777777777778,9,48.0,48.0,1.0,Horizon Edinburgh,Edinburgh,Medium,General,94,2024,6,2,30,6,26,1,0.4469401041666667,1.0,-8,0.6145926589077888
HHN-EDI-01,2024-07-01,18,19,16.0,6.640625,11.682291666666666,0.0,0.5128913638104814,5,2.58,0,45,45.62222222222222,12,48.0,48.0,1.0,Horizon Edinburgh,Edinburgh,Medium,General,94,2024,7,3,1,0,27,0,0.4150390625,1.0,-1,0.5684351315202854
HHN-EDI-01,2024-07-02,10,10,16.0,6.489583333333333,11.697916666666666,0.0,0.518847672616055,6,3.3666666666666667,0,19,25.105263157894736,4,48.0,47.0,0.96875,Horizon Edinburgh,Edinburgh,Medium,General,94,2024,7,3,2,1,27,0,0.4055989583333333,0.9791666666666666,0,0.5547640249332146
HHN-EDI-01,2024-07-03,17,11,16.0,6.65625,11.645833333333334,0.0,0.5409782916906078,7,3.385714285714286,0,53,41.35849056603774,13,48.0,47.0,0.96875,Horizon Edinburgh,Edinburgh,Medium,General,94,2024,7,3,3,2,27,0,0.416015625,0.9791666666666666,6,0.5715563506261181
HHN-EDI-01,2024-07-04,14,13,16.0,7.28125,11.703125,0.0,0.5814521114268357,5,4.0200000000000005,1,31,35.67741935483871,8,48.0,48.0,1.0,Horizon Edinburgh,Edinburgh,Medium,General,94,2024,7,3,4,3,27,0,0.455078125,1.0,1,0.6221628838451269
HHN-EDI-01,2024-07-05,14,18,16.0,6.786458333333333,11.6875,0.0,0.5496067704592521,2,5.550000000000001,0,37,33.37837837837838,11,48.0,46.0,0.9375,Horizon Edinburgh,Edinburgh,Medium,General,94,2024,7,3,5,4,27,0,0.4241536458333333,0.9583333333333334,-4,0.5806595365418895
HHN-EDI-01,2024-07-06,17,17,16.0,6.65625,11.692708333333334,0.0,0.529120547123764,0,0.0,0,57,53.80701754385965,18,48.0,48.0,1.0,Horizon Edinburgh,Edinburgh,Medium,General,94,2024,7,3,6,5,27,1,0.416015625,1.0,0,0.5692650334075724
HHN-EDI-01,2024-07-07,7,19,16.0,6.078125,11.609375,0.0,0.4758829720456559,0,0.0,0,36,57.61111111111112,9,48.0,47.0,0.96875,Horizon Edinburgh,Edinburgh,Medium,General,94,2024,7,3,7,6,27,1,0.3798828125,0.9791666666666666,-12,0.5235531628532974
HHN-EDI-01,2024-07-08,12,13,16.0,5.463541666666667,11.713541666666666,0.0,0.4251342297068399,3,1.9666666666666663,0,29,48.37931034482759,8,48.0,47.0,0.96875,Horizon Edinburgh,Edinburgh,Medium,General,94,2024,7,3,8,0,28,0,0.3414713541666667,0.9791666666666666,-1,0.4664295242329925
HHN-EDI-01,2024-07-09,25,12,16.0,6.052083333333333,11.6875,0.0,0.4698518236087169,7,3.057142857142857,0,53,67.45283018867924,19,48.0,48.0,1.0,Horizon Edinburgh,Edinburgh,Medium,General,94,2024,7,3,9,1,28,0,0.3782552083333333,1.0,13,0.517825311942959
HHN-EDI-01,2024-07-10,20,15,16.0,7.401041666666667,11.71875,0.0,0.5912398680091695,6,2.4833333333333334,0,46,33.78260869565217,12,48.0,47.0,0.96875,Horizon Edinburgh,Edinburgh,Medium,General,94,2024,7,3,10,2,28,0,0.4625651041666667,0.9791666666666666,5,0.6315555555555555
HHN-EDI-01,2024-07-11,14,8,16.0,7.864583333333333,11.692708333333334,0.0,0.614603515017118,10,3.6,0,26,50.07692307692308,8,48.0,47.0,0.96875,Horizon Edinburgh,Edinburgh,Medium,General,94,2024,7,3,11,3,28,0,0.4915364583333333,0.9791666666666666,6,0.6726057906458797
HHN-EDI-01,2024-07-12,18,20,16.0,7.713541666666667,11.661458333333334,0.0,0.6189392944677871,4,2.3,0,47,34.40425531914894,12,48.0,46.0,0.9375,Horizon Edinburgh,Edinburgh,Medium,General,94,2024,7,3,12,4,28,0,0.4820963541666667,0.9583333333333334,-2,0.6614560071460474
HHN-EDI-01,2024-07-13,16,23,16.0,6.947916666666667,11.630208333333334,0.0,0.5534568100744571,0,0.0,0,78,39.70512820512821,19,48.0,47.0,0.96875,Horizon Edinburgh,Edinburgh,Medium,General,94,2024,7,3,13,5,28,1,0.4342447916666667,0.9791666666666666,-7,0.5974025974025974
HHN-EDI-01,2024-07-14,16,16,16.0,6.442708333333333,11.651041666666666,0.0,0.496195009120101,0,0.0,0,60,45.78333333333333,17,48.0,47.0,0.96875,Horizon Edinburgh,Edinburgh,Medium,General,94,2024,7,3,14,6,28,1,0.4026692708333333,0.9791666666666666,0,0.5529727313366115
HHN-EDI-01,2024-07-15,31,17,16.0,7.578125,11.677083333333334,0.0,0.5735640516890517,5,3.34,0,67,56.223880597014926,26,48.0,47.0,0.96875,Horizon Edinburgh,Edinburgh,Medium,General,94,2024,7,3,15,0,29,0,0.4736328125,0.9791666666666666,14,0.6489741302408564
HHN-EDI-01,2024-07-16,22,24,16.0,8.151041666666666,11.708333333333334,0.0,0.6290875204248366,8,3.45,1,50,35.18,12,48.0,48.0,1.0,Horizon Edinburgh,Edinburgh,Medium,General,94,2024,7,3,16,1,29,0,0.5094401041666666,1.0,-2,0.6961743772241992
HHN-EDI-01,2024-07-17,21,15,16.0,7.942708333333333,11.677083333333334,0.0,0.6241850125466853,7,3.2857142857142856,0,44,58.88636363636363,13,48.0,46.0,0.9375,Horizon Edinburgh,Edinburgh,Medium,General,94,2024,7,3,17,2,29,0,0.4964192708333333,0.9583333333333334,6,0.6801962533452274
HHN-EDI-01,2024-07-18,13,21,16.0,8.109375,11.682291666666666,0.0,0.6434128078314659,6,3.75,3,27,61.77777777777778,7,48.0,48.0,1.0,Horizon Edinburgh,Edinburgh,Medium,General,94,2024,7,3,18,3,29,0,0.5068359375,1.0,-8,0.6941596076683014
HHN-EDI-01,2024-07-19,26,20,16.0,7.265625,11.6875,0.0,0.5803854093720822,6,3.033333333333333,0,64,50.3125,20,48.0,47.0,0.96875,Horizon Edinburgh,Edinburgh,Medium,General,94,2024,7,3,19,4,29,0,0.4541015625,0.9791666666666666,6,0.6216577540106952
HHN-EDI-01,2024-07-20,15,24,16.0,7.526041666666667,11.598958333333334,0.0,0.6068025039877062,0,0.0,0,54,55.51851851851852,18,48.0,48.0,1.0,Horizon Edinburgh,Edinburgh,Medium,General,94,2024,7,3,20,5,29,1,0.4703776041666667,1.0,-9,0.648854961832061
HHN-EDI-01,2024-07-21,27,16,16.0,7.619791666666667,11.640625,0.0,0.6138479176392779,0,0.0,0,84,48.29761904761905,28,48.0,44.0,0.875,Horizon Edinburgh,Edinburgh,Medium,General,94,2024,7,3,21,6,29,1,0.4762369791666667,0.9166666666666666,11,0.6545861297539151
HHN-EDI-01,2024-07-22,30,27,16.0,9.458333333333334,11.703125,0.0,0.7508101851851853,10,1.54,0,76,60.61842105263158,22,48.0,44.0,0.875,Horizon Edinburgh,Edinburgh,Medium,General,94,2024,7,3,22,0,30,0,0.5911458333333334,0.9166666666666666,3,0.8081886960391634
HHN-EDI-01,2024-07-23,21,21,16.0,9.567708333333334,11.713541666666666,0.0,0.7623417075163399,8,2.2,0,44,35.27272727272727,10,48.0,48.0,1.0,Horizon Edinburgh,Edinburgh,Medium,General,94,2024,7,3,23,1,30,0,0.5979817708333334,1.0,0,0.8168074699866609
HHN-EDI-01,2024-07-24,20,25,16.0,9.130208333333334,11.677083333333334,0.0,0.707270390795207,3,3.1666666666666665,0,40,42.35,16,48.0,48.0,1.0,Horizon Edinburgh,Edinburgh,Medium,General,94,2024,7,3,24,2,30,0,0.5706380208333334,1.0,-5,0.7818911685994647
HHN-EDI-01,2024-07-25,25,21,16.0,8.885416666666666,11.677083333333334,0.0,0.6963391005440638,4,2.475,1,64,64.65625,24,48.0,47.0,0.96875,Horizon Edinburgh,Edinburgh,Medium,General,94,2024,7,3,25,3,30,0,0.5553385416666666,0.9791666666666666,4,0.7609277430865298
HHN-EDI-01,2024-07-26,19,21,16.0,9.208333333333334,11.677083333333334,0.0,0.725778949400273,3,3.533333333333333,1,50,69.18,15,48.0,47.0,0.96875,Horizon Edinburgh,Edinburgh,Medium,General,94,2024,7,3,26,4,30,0,0.5755208333333334,0.9791666666666666,-2,0.7885816235504014
HHN-EDI-01,2024-07-27,14,24,16.0,8.661458333333334,11.619791666666666,0.0,0.6622120836849698,0,0.0,0,51,47.6078431372549,15,47.0,45.0,0.9375,Horizon Edinburgh,Edinburgh,Medium,General,94,2024,7,3,27,5,30,1,0.5413411458333334,0.9574468085106383,-10,0.7454056476916182
HHN-EDI-01,2024-07-28,10,19,16.0,7.776041666666667,11.666666666666666,0.0,0.5918369765106898,0,0.0,0,39,29.53846153846154,7,48.0,47.0,0.96875,Horizon Edinburgh,Edinburgh,Medium,General,94,2024,7,3,28,6,30,1,0.4860026041666667,0.9791666666666666,-9,0.6665178571428572
HHN-EDI-01,2024-07-29,15,19,16.0,6.739583333333333,11.682291666666666,0.0,0.528160112201932,2,2.25,0,49,35.795918367346935,15,48.0,47.0,0.96875,Horizon Edinburgh,Edinburgh,Medium,General,94,2024,7,3,29,0,31,0,0.4212239583333333,0.9791666666666666,-4,0.5769059295586269
HHN-EDI-01,2024-07-30,17,20,16.0,6.369791666666667,11.6875,0.0,0.5161914946266969,4,1.75,0,45,39.71111111111111,11,48.0,48.0,1.0,Horizon Edinburgh,Edinburgh,Medium,General,94,2024,7,3,30,1,31,0,0.3981119791666667,1.0,-3,0.5450089126559715
HHN-EDI-01,2024-07-31,12,15,16.0,6.260416666666667,11.708333333333334,0.0,0.528900694893342,7,1.4714285714285715,0,36,28.58333333333333,6,48.0,48.0,1.0,Horizon Edinburgh,Edinburgh,Medium,General,94,2024,7,3,31,2,31,0,0.3912760416666667,1.0,-3,0.5346975088967971
HHN-EDI-01,2024-08-01,15,14,16.0,5.723958333333333,11.697916666666666,0.0,0.4823038804196892,4,1.925,1,50,37.76,11,48.0,46.0,0.9375,Horizon Edinburgh,Edinburgh,Medium,General,94,2024,8,3,1,3,31,0,0.3577473958333333,0.9583333333333334,1,0.4893143365983971
HHN-EDI-01,2024-08-02,24,15,16.0,6.197916666666667,11.6875,0.0,0.5186184496501592,4,1.725,0,64,43.3125,19,48.0,48.0,1.0,Horizon Edinburgh,Edinburgh,Medium,General,94,2024,8,3,2,4,31,0,0.3873697916666667,1.0,9,0.5303030303030303
HHN-EDI-01,2024-08-03,12,20,16.0,6.015625,11.625,0.0,0.4914723595100433,0,0.0,0,26,70.76923076923077,12,48.0,47.0,0.96875,Horizon Edinburgh,Edinburgh,Medium,General,94,2024,8,3,3,5,31,1,0.3759765625,0.9791666666666666,-8,0.5174731182795699
HHN-EDI-01,2024-08-04,16,15,16.0,5.869791666666667,11.666666666666666,0.0,0.463816326477172,0,0.0,0,54,48.01851851851852,17,48.0,45.0,0.90625,Horizon Edinburgh,Edinburgh,Medium,General,94,2024,8,3,4,6,31,1,0.3668619791666667,0.9375,1,0.503125
HHN-EDI-01,2024-08-05,22,14,16.0,6.463541666666667,11.713541666666666,0.0,0.4935428431522182,3,3.866666666666667,0,75,48.92,21,48.0,46.0,0.9375,Horizon Edinburgh,Edinburgh,Medium,General,94,2024,8,3,5,0,32,0,0.4039713541666667,0.9583333333333334,8,0.5518008003557137
HHN-EDI-01,2024-08-06,26,11,16.0,8.348958333333334,11.671875,0.0,0.6495275447251551,6,3.533333333333333,0,57,51.40350877192982,20,48.0,47.0,0.96875,Horizon Edinburgh,Edinburgh,Medium,General,94,2024,8,3,6,1,32,0,0.5218098958333334,0.9791666666666666,15,0.7153056671128961
HHN-EDI-01,2024-08-07,17,18,16.0,8.5,11.697916666666666,0.0729166666666666,0.6573874080882353,1,3.9,0,49,52.85714285714285,17,48.0,47.0,0.96875,Horizon Edinburgh,Edinburgh,Medium,General,94,2024,8,3,7,2,32,0,0.53125,0.9791666666666666,-1,0.7266251113089938
HHN-EDI-01,2024-08-08,18,17,16.0,8.135416666666666,11.713541666666666,0.125,0.6227873701563958,3,4.8,1,44,41.40909090909091,13,48.0,47.0,0.96875,Horizon Edinburgh,Edinburgh,Medium,General,94,2024,8,3,8,3,32,0,0.5084635416666666,0.9791666666666666,1,0.6945309026233881
HHN-EDI-01,2024-08-09,18,22,16.0,7.916666666666667,11.729166666666666,0.125,0.6059078839869281,2,2.45,0,47,59.191489361702125,17,48.0,47.0,0.96875,Horizon Edinburgh,Edinburgh,Medium,General,94,2024,8,3,9,4,32,0,0.4947916666666667,0.9791666666666666,-4,0.674955595026643
HHN-EDI-01,2024-08-10,14,20,16.0,7.75,11.635416666666666,0.125,0.5923198031883693,0,0.0,0,52,41.51923076923077,14,48.0,47.0,0.96875,Horizon Edinburgh,Edinburgh,Medium,General,94,2024,8,3,10,5,32,1,0.484375,0.9791666666666666,-6,0.666069829901522
HHN-EDI-01,2024-08-11,14,9,16.0,8.046875,11.640625,0.125,0.6175626380359837,0,0.0,0,49,42.795918367346935,13,48.0,44.0,0.875,Horizon Edinburgh,Edinburgh,Medium,General,94,2024,8,3,11,6,32,1,0.5029296875,0.9166666666666666,5,0.6912751677852349
HHN-EDI-01,2024-08-12,18,15,16.0,8.401041666666666,11.6875,0.125,0.6396691896577007,3,5.066666666666666,0,37,55.16216216216216,14,48.0,48.0,1.0,Horizon Edinburgh,Edinburgh,Medium,General,94,2024,8,3,12,0,33,0,0.5250651041666666,1.0,3,0.7188057040998217
HHN-EDI-01,2024-08-13,22,27,16.0,7.640625,11.692708333333334,0.0052083333333333,0.6071954763475903,4,2.075,0,57,62.31578947368421,20,48.0,47.0,0.96875,Horizon Edinburgh,Edinburgh,Medium,General,94,2024,8,3,13,1,33,0,0.4775390625,0.9791666666666666,-5,0.6534521158129175
HHN-EDI-01,2024-08-14,22,19,16.0,7.901041666666667,11.6875,0.0,0.6080538899587613,4,3.5,0,48,53.520833333333336,18,48.0,48.0,1.0,Horizon Edinburgh,Edinburgh,Medium,General,94,2024,8,3,14,2,33,0,0.4938151041666667,1.0,3,0.6760249554367201
HHN-EDI-01,2024-08-15,15,17,16.0,7.572916666666667,11.6875,0.0,0.592633381477591,2,4.05,1,46,32.69565217391305,11,48.0,47.0,0.96875,Horizon Edinburgh,Edinburgh,Medium,General,94,2024,8,3,15,3,33,0,0.4733072916666667,0.9791666666666666,-2,0.6479500891265597
HHN-EDI-01,2024-08-16,25,24,16.0,7.791666666666667,11.6875,0.0,0.6289538471638655,2,4.75,0,70,53.885714285714286,26,48.0,48.0,1.0,Horizon Edinburgh,Edinburgh,Medium,General,94,2024,8,3,16,4,33,0,0.4869791666666667,1.0,1,0.6666666666666667
HHN-EDI-01,2024-08-17,18,14,16.0,7.734375,11.614583333333334,0.0,0.6141739855664489,0,0.0,0,50,61.76,17,48.0,47.0,0.96875,Horizon Edinburgh,Edinburgh,Medium,General,94,2024,8,3,17,5,33,1,0.4833984375,0.9791666666666666,4,0.6659192825112107
HHN-EDI-01,2024-08-18,21,19,16.0,8.567708333333334,11.630208333333334,0.0,0.6922919949229692,0,0.0,0,71,49.971830985915496,21,48.0,48.0,1.0,Horizon Edinburgh,Edinburgh,Medium,General,94,2024,8,3,18,6,33,1,0.5354817708333334,1.0,2,0.7366771159874608
HHN-EDI-01,2024-08-19,15,27,16.0,8.026041666666666,11.713541666666666,0.0,0.6275673103108764,1,0.2,0,40,40.4,13,48.0,46.0,0.9375,Horizon Edinburgh,Edinburgh,Medium,General,94,2024,8,3,19,0,34,0,0.5016276041666666,0.9583333333333334,-12,0.6851934192974656
HHN-EDI-01,2024-08-20,25,21,16.0,7.78125,11.697916666666666,0.0,0.6383589934371184,6,2.4,1,68,34.61764705882353,19,48.0,48.0,1.0,Horizon Edinburgh,Edinburgh,Medium,General,94,2024,8,3,20,1,34,0,0.486328125,1.0,4,0.6651825467497774
HHN-EDI-01,2024-08-21,12,13,16.0,7.6875,11.703125,0.0,0.6325656998910675,5,3.34,0,32,32.53125,8,48.0,47.0,0.96875,Horizon Edinburgh,Edinburgh,Medium,General,94,2024,8,3,21,2,34,0,0.48046875,0.9791666666666666,-1,0.6568758344459279
HHN-EDI-01,2024-08-22,21,16,16.0,7.817708333333333,11.651041666666666,0.0,0.6378985227905264,4,1.9,0,46,70.93478260869566,16,48.0,46.0,0.9375,Horizon Edinburgh,Edinburgh,Medium,General,94,2024,8,3,22,3,34,0,0.4886067708333333,0.9583333333333334,5,0.6709879302637461
HHN-EDI-01,2024-08-23,13,20,16.0,8.135416666666666,11.671875,0.0,0.6586020966880343,3,2.766666666666667,2,46,31.32608695652174,11,48.0,48.0,1.0,Horizon Edinburgh,Edinburgh,Medium,General,94,2024,8,3,23,4,34,0,0.5084635416666666,1.0,-7,0.6970102632753234
HHN-EDI-01,2024-08-24,6,18,16.0,7.0,11.619791666666666,0.0,0.5820691537833081,0,0.0,0,34,17.764705882352942,5,48.0,47.0,0.96875,Horizon Edinburgh,Edinburgh,Medium,General,94,2024,8,3,24,5,34,1,0.4375,0.9791666666666666,-12,0.6024204392649036
HHN-EDI-01,2024-08-25,8,21,16.0,5.151041666666667,11.661458333333334,0.0,0.4514250999545117,0,0.0,0,39,39.15384615384615,8,48.0,44.0,0.875,Horizon Edinburgh,Edinburgh,Medium,General,94,2024,8,3,25,6,34,1,0.3219401041666667,0.9166666666666666,-13,0.4417150513622153
HHN-EDI-01,2024-08-26,8,12,16.0,4.130208333333333,11.682291666666666,0.0,0.3639079202728099,0,0.0,0,30,30.766666666666666,8,48.0,48.0,1.0,Horizon Edinburgh,Edinburgh,Medium,General,94,2024,8,3,26,0,35,0,0.2581380208333333,1.0,-4,0.35354436023183233
HHN-EDI-01,2024-08-27,19,13,16.0,4.583333333333333,11.703125,0.0,0.4066424252660465,6,3.1166666666666667,0,45,50.66666666666666,14,48.0,48.0,1.0,Horizon Edinburgh,Edinburgh,Medium,General,94,2024,8,3,27,1,35,0,0.2864583333333333,1.0,6,0.3916332888295505
HHN-EDI-01,2024-08-28,16,8,16.0,5.255208333333333,11.723958333333334,0.0,0.46100083663273,3,3.233333333333333,0,63,17.11111111111111,12,48.0,48.0,1.0,Horizon Edinburgh,Edinburgh,Medium,General,94,2024,8,3,28,2,35,0,0.3284505208333333,1.0,8,0.4482452243447356
HHN-EDI-01,2024-08-29,15,13,16.0,5.927083333333333,11.71875,0.0,0.489455743568795,1,0.2,1,53,51.9811320754717,17,48.0,48.0,1.0,Horizon Edinburgh,Edinburgh,Medium,General,94,2024,8,3,29,3,35,0,0.3704427083333333,1.0,2,0.5057777777777778
HHN-EDI-01,2024-08-30,16,17,16.0,5.708333333333333,11.682291666666666,0.0,0.4541659185041538,3,3.8666666666666663,1,60,36.86666666666667,11,48.0,47.0,0.96875,Horizon Edinburgh,Edinburgh,Medium,General,94,2024,8,3,30,4,35,0,0.3567708333333333,0.9791666666666666,-1,0.4886312973695943
HHN-EDI-01,2024-08-31,16,15,16.0,5.984375,11.635416666666666,0.0,0.4768935291798343,0,0.0,0,71,42.436619718309856,17,48.0,48.0,1.0,Horizon Edinburgh,Edinburgh,Medium,General,94,2024,8,3,31,5,35,1,0.3740234375,1.0,1,0.5143240823634736
HHN-EDI-01,2024-09-01,9,14,16.0,5.760416666666667,11.588541666666666,0.0,0.4695912386054849,0,0.0,0,34,40.0,10,48.0,45.0,0.90625,Horizon Edinburgh,Edinburgh,Medium,General,94,2024,9,3,1,6,35,1,0.3600260416666667,0.9375,-5,0.49707865168539334
HHN-EDI-01,2024-09-02,31,15,16.0,6.244791666666667,11.65625,0.0,0.4854719979605089,5,3.3,1,83,68.34939759036145,28,48.0,48.0,1.0,Horizon Edinburgh,Edinburgh,Medium,General,94,2024,9,3,2,0,36,0,0.3902994791666667,1.0,16,0.5357462019660412
HHN-EDI-01,2024-09-03,27,13,16.0,8.15625,11.723958333333334,0.0,0.6436803226899734,5,3.04,1,77,51.98701298701299,20,48.0,47.0,0.96875,Horizon Edinburgh,Edinburgh,Medium,General,94,2024,9,3,3,1,36,0,0.509765625,0.9791666666666666,14,0.6956908040870724
HHN-EDI-01,2024-09-04,30,19,16.0,9.125,11.71875,0.0,0.7157797013035984,7,3.085714285714286,1,62,51.354838709677416,22,48.0,48.0,1.0,Horizon Edinburgh,Edinburgh,Medium,General,94,2024,9,3,4,2,36,0,0.5703125,1.0,11,0.7786666666666666
HHN-EDI-01,2024-09-05,21,27,16.0,9.984375,11.723958333333334,0.0,0.7800998357409203,5,2.66,0,42,57.333333333333336,15,48.0,47.0,0.96875,Horizon Edinburgh,Edinburgh,Medium,General,94,2024,9,3,5,3,36,0,0.6240234375,0.9791666666666666,-6,0.8516215015548645
HHN-EDI-01,2024-09-06,17,24,16.0,8.864583333333334,11.713541666666666,0.0,0.6901733529950441,4,1.8,0,57,55.08771929824562,16,48.0,48.0,1.0,Horizon Edinburgh,Edinburgh,Medium,General,94,2024,9,3,6,4,36,0,0.5540364583333334,1.0,-7,0.7567807914628725
HHN-EDI-01,2024-09-07,19,23,16.0,8.40625,11.677083333333334,0.0,0.6575646244074552,0,0.0,0,66,55.74242424242424,21,48.0,47.0,0.96875,Horizon Edinburgh,Edinburgh,Medium,General,94,2024,9,3,7,5,36,1,0.525390625,0.9791666666666666,-4,0.719892952720785
HHN-EDI-01,2024-09-08,26,19,16.0,8.979166666666666,11.588541666666666,0.0,0.7037915660388087,0,0.0,0,68,53.25,23,48.0,48.0,1.0,Horizon Edinburgh,Edinburgh,Medium,General,94,2024,9,3,8,6,36,1,0.5611979166666666,1.0,7,0.7748314606741573
HHN-EDI-01,2024-09-09,34,27,16.0,9.53125,11.703125,0.0,0.7462257258672701,9,3.8333333333333335,1,99,46.72727272727273,27,48.0,48.0,1.0,Horizon Edinburgh,Edinburgh,Medium,General,94,2024,9,3,9,0,37,0,0.595703125,1.0,7,0.8144192256341789
HHN-EDI-01,2024-09-10,26,19,16.0,9.5625,11.692708333333334,0.0,0.7657696011096746,5,4.08,0,65,46.2,18,48.0,47.0,0.96875,Horizon Edinburgh,Edinburgh,Medium,General,94,2024,9,3,10,1,37,0,0.59765625,0.9791666666666666,7,0.8178173719376391
HHN-EDI-01,2024-09-11,22,26,16.0,9.307291666666666,11.703125,0.0,0.7654794730392157,8,3.5875,0,40,71.1,15,48.0,48.0,1.0,Horizon Edinburgh,Edinburgh,Medium,General,94,2024,9,3,11,2,37,0,0.5817057291666666,1.0,-4,0.7952825990209167
HHN-EDI-01,2024-09-12,26,30,16.0,8.838541666666666,11.713541666666666,0.0,0.7275372388538749,7,2.6142857142857143,1,50,56.52,17,48.0,48.0,1.0,Horizon Edinburgh,Edinburgh,Medium,General,94,2024,9,3,12,3,37,0,0.5524088541666666,1.0,-4,0.7545575811471765
HHN-EDI-01,2024-09-13,15,23,16.0,7.859375,11.703125,0.0,0.6388927185457517,2,4.25,1,48,35.791666666666664,15,48.0,46.0,0.9375,Horizon Edinburgh,Edinburgh,Medium,General,94,2024,9,3,13,4,37,0,0.4912109375,0.9583333333333334,-8,0.671562082777036
HHN-EDI-01,2024-09-14,20,22,16.0,7.755208333333333,11.635416666666666,0.0,0.6534424967903828,0,0.0,0,73,38.47945205479452,21,48.0,48.0,1.0,Horizon Edinburgh,Edinburgh,Medium,General,94,2024,9,3,14,5,37,1,0.4847005208333333,1.0,-2,0.6665174574753805
HHN-EDI-01,2024-09-15,20,18,16.0,8.213541666666666,11.651041666666666,0.0,0.6877572089198928,0,0.0,0,64,43.53125,18,48.0,48.0,1.0,Horizon Edinburgh,Edinburgh,Medium,General,94,2024,9,3,15,6,37,1,0.5133463541666666,1.0,2,0.7049620026821636
HHN-EDI-01,2024-09-16,26,17,16.0,8.869791666666666,11.703125,0.0,0.7295918567747611,7,3.7285714285714286,1,58,68.8103448275862,22,48.0,44.0,0.875,Horizon Edinburgh,Edinburgh,Medium,General,94,2024,9,3,16,0,38,0,0.5543619791666666,0.9166666666666666,9,0.7578994214508232
HHN-EDI-01,2024-09-17,20,24,16.0,9.265625,11.682291666666666,0.0,0.7575954299989226,6,3.333333333333333,0,31,69.58064516129032,13,48.0,48.0,1.0,Horizon Edinburgh,Edinburgh,Medium,General,94,2024,9,3,17,1,38,0,0.5791015625,1.0,-4,0.7931341952741864
HHN-EDI-01,2024-09-18,17,26,16.0,8.333333333333334,11.6875,0.0,0.6828366562971343,10,3.5,1,33,32.666666666666664,6,48.0,48.0,1.0,Horizon Edinburgh,Edinburgh,Medium,General,94,2024,9,3,18,2,38,0,0.5208333333333334,1.0,-9,0.7130124777183601
HHN-EDI-01,2024-09-19,17,16,16.0,7.385416666666667,11.671875,0.0,0.6006368172268908,6,3.266666666666667,0,41,41.48780487804878,10,48.0,46.0,0.9375,Horizon Edinburgh,Edinburgh,Medium,General,94,2024,9,3,19,3,38,0,0.4615885416666667,0.9583333333333334,1,0.6327532351628737
HHN-EDI-01,2024-09-20,21,19,16.0,7.604166666666667,11.6875,0.0,0.6205854998249299,7,3.1714285714285717,0,52,64.1923076923077,18,48.0,47.0,0.96875,Horizon Edinburgh,Edinburgh,Medium,General,94,2024,9,3,20,4,38,0,0.4752604166666667,0.9791666666666666,2,0.6506238859180036
HHN-EDI-01,2024-09-21,14,17,16.0,7.8125,11.645833333333334,0.0,0.614823811469032,0,0.0,0,38,53.89473684210526,12,48.0,48.0,1.0,Horizon Edinburgh,Edinburgh,Medium,General,94,2024,9,3,21,5,38,1,0.48828125,1.0,-3,0.6708407871198568
HHN-EDI-01,2024-09-22,12,18,16.0,7.536458333333333,11.625,0.0,0.5826405301704015,0,0.0,0,56,39.142857142857146,13,48.0,47.0,0.96875,Horizon Edinburgh,Edinburgh,Medium,General,94,2024,9,3,22,6,38,1,0.4710286458333333,0.9791666666666666,-6,0.6482974910394265
HHN-EDI-01,2024-09-23,32,23,16.0,8.546875,11.713541666666666,0.0,0.6634206560562259,7,2.457142857142857,1,81,46.629629629629626,27,48.0,48.0,1.0,Horizon Edinburgh,Edinburgh,Medium,General,94,2024,9,3,23,0,39,0,0.5341796875,1.0,9,0.7296576256113829
HHN-EDI-01,2024-09-24,20,25,16.0,8.255208333333334,11.697916666666666,0.0,0.6401021700079604,7,3.3000000000000003,0,40,36.45,11,48.0,46.0,0.9375,Horizon Edinburgh,Edinburgh,Medium,General,94,2024,9,3,24,1,39,0,0.5159505208333334,0.9583333333333334,-5,0.705699020480855
HHN-EDI-01,2024-09-25,18,16,16.0,8.34375,11.677083333333334,0.0,0.647909582502873,5,3.3200000000000003,0,40,63.55,13,48.0,48.0,1.0,Horizon Edinburgh,Edinburgh,Medium,General,94,2024,9,3,25,2,39,0,0.521484375,1.0,2,0.7145405887600357
HHN-EDI-01,2024-09-26,21,22,16.0,8.598958333333334,11.677083333333334,0.0,0.689104869378307,9,3.1888888888888887,0,41,39.21951219512195,12,48.0,48.0,1.0,Horizon Edinburgh,Edinburgh,Medium,General,94,2024,9,3,26,3,39,0,0.5374348958333334,1.0,-1,0.7363960749330954
HHN-EDI-01,2024-09-27,23,26,16.0,7.901041666666667,11.723958333333334,0.0,0.6577797351579521,6,1.6333333333333335,1,72,41.958333333333336,18,48.0,47.0,0.96875,Horizon Edinburgh,Edinburgh,Medium,General,94,2024,9,3,27,4,39,0,0.4938151041666667,0.9791666666666666,-3,0.6739227010217681
HHN-EDI-01,2024-09-28,17,13,16.0,8.114583333333334,11.625,0.0,0.6482257138966697,0,0.0,0,56,41.83928571428572,16,48.0,46.0,0.9375,Horizon Edinburgh,Edinburgh,Medium,General,94,2024,9,3,28,5,39,1,0.5071614583333334,0.9583333333333334,4,0.6980286738351255
HHN-EDI-01,2024-09-29,15,21,16.0,8.072916666666666,11.625,0.0,0.6318926622465225,0,0.0,0,40,51.825,17,48.0,47.0,0.96875,Horizon Edinburgh,Edinburgh,Medium,General,94,2024,9,3,29,6,39,1,0.5045572916666666,0.9791666666666666,-6,0.6944444444444444
HHN-EDI-01,2024-09-30,22,20,16.0,8.046875,11.71875,0.0,0.656296937845651,7,2.3857142857142857,0,57,29.05263157894737,16,48.0,46.0,0.9375,Horizon Edinburgh,Edinburgh,Medium,General,94,2024,9,3,30,0,40,0,0.5029296875,0.9583333333333334,2,0.6866666666666666
HHN-EDI-01,2024-10-01,16,19,16.0,7.395833333333333,11.703125,0.0,0.6227196520969499,5,1.6,0,64,36.0625,14,48.0,48.0,1.0,Horizon Edinburgh,Edinburgh,Medium,General,94,2024,10,4,1,1,40,0,0.4622395833333333,1.0,-3,0.6319537160658656
HHN-EDI-01,2024-10-02,19,24,16.0,6.984375,11.677083333333334,0.0,0.5760026686956834,6,2.216666666666667,0,41,37.80487804878049,10,48.0,47.0,0.96875,Horizon Edinburgh,Edinburgh,Medium,General,94,2024,10,4,2,2,40,0,0.4365234375,0.9791666666666666,-5,0.5981266726137378
HHN-EDI-01,2024-10-03,18,7,16.0,7.572916666666667,11.703125,0.0,0.6032223125628456,4,3.925,0,54,43.629629629629626,16,48.0,48.0,1.0,Horizon Edinburgh,Edinburgh,Medium,General,94,2024,10,4,3,3,40,0,0.4733072916666667,1.0,11,0.6470850022251892
HHN-EDI-01,2024-10-04,21,20,16.0,8.380208333333334,11.708333333333334,0.0,0.6589749481523378,4,5.375,0,55,47.90909090909091,17,48.0,48.0,1.0,Horizon Edinburgh,Edinburgh,Medium,General,94,2024,10,4,4,4,40,0,0.5237630208333334,1.0,1,0.7157473309608541
HHN-EDI-01,2024-10-05,11,17,16.0,8.177083333333334,11.671875,0.0,0.6324234601693242,0,0.0,0,54,28.62962962962963,10,48.0,46.0,0.9375,Horizon Edinburgh,Edinburgh,Medium,General,94,2024,10,4,5,5,40,1,0.5110677083333334,0.9583333333333334,-6,0.7005800981704596
HHN-EDI-01,2024-10-06,7,17,16.0,6.864583333333333,11.630208333333334,0.1145833333333333,0.5237444289948886,0,0.0,0,46,44.06521739130435,10,48.0,45.0,0.90625,Horizon Edinburgh,Edinburgh,Medium,General,94,2024,10,4,6,6,40,1,0.4290364583333333,0.9375,-10,0.5902373488580385
HHN-EDI-01,2024-10-07,19,11,16.0,7.385416666666667,11.697916666666666,0.125,0.5619955327216356,5,4.9,0,29,56.241379310344826,11,48.0,47.0,0.96875,Horizon Edinburgh,Edinburgh,Medium,General,94,2024,10,4,7,0,41,0,0.4615885416666667,0.9791666666666666,8,0.6313446126447018
HHN-EDI-01,2024-10-08,27,17,16.0,8.177083333333334,11.723958333333334,0.125,0.6153376120747445,9,3.2333333333333334,0,73,39.04109589041096,19,48.0,47.0,0.96875,Horizon Edinburgh,Edinburgh,Medium,General,94,2024,10,4,8,1,41,0,0.5110677083333334,0.9791666666666666,10,0.6974677920924034
HHN-EDI-01,2024-10-09,17,27,16.0,8.484375,11.71875,0.125,0.651194067370538,6,1.9833333333333332,1,45,37.48888888888889,10,48.0,47.0,0.96875,Horizon Edinburgh,Edinburgh,Medium,General,94,2024,10,4,9,2,41,0,0.5302734375,0.9791666666666666,-10,0.724
HHN-EDI-01,2024-10-10,32,20,16.0,7.984375,11.682291666666666,0.0364583333333333,0.6095192550845124,10,3.25,0,67,61.656716417910445,24,48.0,48.0,1.0,Horizon Edinburgh,Edinburgh,Medium,General,94,2024,10,4,10,3,41,0,0.4990234375,1.0,12,0.683459652251449
HHN-EDI-01,2024-10-11,24,23,16.0,8.713541666666666,11.708333333333334,0.0,0.6724739321476454,3,0.2,0,61,45.14754098360656,19,48.0,48.0,1.0,Horizon Edinburgh,Edinburgh,Medium,General,94,2024,10,4,11,4,41,0,0.5445963541666666,1.0,1,0.7442170818505337
HHN-EDI-01,2024-10-12,26,20,16.0,8.8125,11.635416666666666,0.1145833333333333,0.6526188867641073,0,0.0,0,106,51.45283018867924,31,48.0,47.0,0.96875,Horizon Edinburgh,Edinburgh,Medium,General,94,2024,10,4,12,5,41,1,0.55078125,0.9791666666666666,6,0.7573858549686661
HHN-EDI-01,2024-10-13,23,22,16.0,9.333333333333334,11.703125,0.125,0.6894461951447246,0,0.0,0,80,44.175,21,48.0,45.0,0.90625,Horizon Edinburgh,Edinburgh,Medium,General,94,2024,10,4,13,6,41,1,0.5833333333333334,0.9375,1,0.7975077881619939
HHN-EDI-01,2024-10-14,28,26,16.0,9.302083333333334,11.6875,0.1145833333333333,0.7078684859360411,4,1.65,0,67,58.98507462686568,24,48.0,47.0,0.96875,Horizon Edinburgh,Edinburgh,Medium,General,94,2024,10,4,14,0,42,0,0.5813802083333334,0.9791666666666666,2,0.7959001782531194
HHN-EDI-01,2024-10-15,21,20,16.0,9.567708333333334,11.671875,0.0,0.727530126633987,6,3.35,2,65,29.06153846153846,13,48.0,47.0,0.96875,Horizon Edinburgh,Edinburgh,Medium,General,94,2024,10,4,15,1,42,0,0.5979817708333334,0.9791666666666666,1,0.819723337795627
HHN-EDI-01,2024-10-16,26,23,16.0,8.791666666666666,11.6875,0.0,0.6715339781746031,4,3.575,0,87,45.18390804597701,26,48.0,46.0,0.9375,Horizon Edinburgh,Edinburgh,Medium,General,94,2024,10,4,16,2,42,0,0.5494791666666666,0.9583333333333334,3,0.7522281639928698
HHN-EDI-01,2024-10-17,14,18,16.0,9.078125,11.692708333333334,0.0,0.6969729297969187,2,2.5,0,47,27.659574468085108,11,48.0,45.0,0.90625,Horizon Edinburgh,Edinburgh,Medium,General,94,2024,10,4,17,3,42,0,0.5673828125,0.9375,-4,0.7763919821826281
HHN-EDI-01,2024-10-18,30,26,16.0,8.666666666666666,11.703125,0.0,0.6950644841269842,3,1.4,1,81,46.51851851851852,24,48.0,46.0,0.9375,Horizon Edinburgh,Edinburgh,Medium,General,94,2024,10,4,18,4,42,0,0.5416666666666666,0.9583333333333334,4,0.7405429461504227
HHN-EDI-01,2024-10-19,14,17,16.0,9.130208333333334,11.661458333333334,0.0,0.7370248560161244,0,0.0,0,67,35.74626865671642,16,48.0,47.0,0.96875,Horizon Edinburgh,Edinburgh,Medium,General,94,2024,10,4,19,5,42,1,0.5706380208333334,0.9791666666666666,-3,0.7829388119696293
HHN-EDI-01,2024-10-20,18,23,16.0,8.770833333333334,11.598958333333334,0.0,0.7085243392228686,0,0.0,0,73,36.45205479452055,19,48.0,45.0,0.90625,Horizon Edinburgh,Edinburgh,Medium,General,94,2024,10,4,20,6,42,1,0.5481770833333334,0.9375,-5,0.756174225415357
HHN-EDI-01,2024-10-21,27,25,16.0,9.223958333333334,11.697916666666666,0.0,0.7351457289646627,4,1.9,1,101,38.08910891089109,24,48.0,48.0,1.0,Horizon Edinburgh,Edinburgh,Medium,General,94,2024,10,4,21,0,43,0,0.5764973958333334,1.0,2,0.788512911843277
HHN-EDI-01,2024-10-22,23,28,16.0,9.671875,11.71875,0.0,0.7656004509175465,7,2.5142857142857147,0,59,31.79661016949153,16,48.0,45.0,0.90625,Horizon Edinburgh,Edinburgh,Medium,General,94,2024,10,4,22,1,43,0,0.6044921875,0.9375,-5,0.8253333333333334
HHN-EDI-01,2024-10-23,29,20,16.0,9.125,11.671875,0.0,0.7232138087606838,6,3.75,0,69,41.76811594202898,22,48.0,47.0,0.96875,Horizon Edinburgh,Edinburgh,Medium,General,94,2024,10,4,23,2,43,0,0.5703125,0.9791666666666666,9,0.7817938420348058
HHN-EDI-01,2024-10-24,24,19,16.0,10.208333333333334,11.692708333333334,0.0,0.7949831495098039,5,2.64,0,59,47.20338983050848,19,48.0,48.0,1.0,Horizon Edinburgh,Edinburgh,Medium,General,94,2024,10,4,24,3,43,0,0.6380208333333334,1.0,5,0.8730512249443207
HHN-EDI-01,2024-10-25,14,31,16.0,9.911458333333334,11.651041666666666,0.0,0.7855766939521535,4,1.55,1,45,36.977777777777774,10,48.0,47.0,0.96875,Horizon Edinburgh,Edinburgh,Medium,General,94,2024,10,4,25,4,43,0,0.6194661458333334,0.9791666666666666,-17,0.8506928922664283
HHN-EDI-01,2024-10-26,17,15,16.0,8.916666666666666,11.666666666666666,0.0,0.6965903007837752,0,0.0,0,78,29.05128205128205,18,48.0,48.0,1.0,Horizon Edinburgh,Edinburgh,Medium,General,94,2024,10,4,26,5,43,1,0.5572916666666666,1.0,2,0.7642857142857142
HHN-EDI-01,2024-10-27,25,26,16.0,8.697916666666666,11.661458333333334,0.0,0.7075460933572146,0,0.0,0,96,50.583333333333336,27,48.0,47.0,0.96875,Horizon Edinburgh,Edinburgh,Medium,General,94,2024,10,4,27,6,43,1,0.5436197916666666,0.9791666666666666,-1,0.7458686913800803
HHN-EDI-01,2024-10-28,22,18,16.0,9.114583333333334,11.703125,0.0,0.7363798464097178,9,3.3777777777777778,0,49,37.775510204081634,11,48.0,48.0,1.0,Horizon Edinburgh,Edinburgh,Medium,General,94,2024,10,4,28,0,44,0,0.5696614583333334,1.0,4,0.7788161993769471
HHN-EDI-01,2024-10-29,16,22,16.0,8.651041666666666,11.697916666666666,0.0,0.6866941681854365,3,3.266666666666667,0,48,52.208333333333336,14,48.0,48.0,1.0,Horizon Edinburgh,Edinburgh,Medium,General,94,2024,10,4,29,1,44,0,0.5406901041666666,1.0,-6,0.7395369545859305
HHN-EDI-01,2024-10-30,23,24,16.0,8.489583333333334,11.692708333333334,0.0,0.702303096719457,6,1.7166666666666668,0,58,72.01724137931035,18,48.0,45.0,0.90625,Horizon Edinburgh,Edinburgh,Medium,General,94,2024,10,4,30,2,44,0,0.5305989583333334,0.9375,-1,0.7260579064587973
HHN-EDI-01,2024-10-31,41,24,16.0,9.380208333333334,11.682291666666666,0.0,0.7536113243374273,10,3.3200000000000003,0,92,42.16304347826087,30,48.0,47.0,0.96875,Horizon Edinburgh,Edinburgh,Medium,General,94,2024,10,4,31,3,44,0,0.5862630208333334,0.9791666666666666,17,0.8029424877396345
HHN-EDI-01,2024-11-01,29,28,16.0,9.244791666666666,11.703125,0.0,0.7377695348972922,7,3.971428571428572,0,60,63.36666666666667,23,48.0,48.0,1.0,Horizon Edinburgh,Edinburgh,Medium,General,94,2024,11,4,1,4,44,0,0.5777994791666666,1.0,1,0.789942145082332
HHN-EDI-01,2024-11-02,10,21,16.0,8.84375,11.640625,0.0,0.7270246119281046,0,0.0,0,41,47.5609756097561,12,48.0,47.0,0.96875,Horizon Edinburgh,Edinburgh,Medium,General,94,2024,11,4,2,5,44,1,0.552734375,0.9791666666666666,-11,0.7597315436241611
HHN-EDI-01,2024-11-03,15,26,16.0,8.223958333333334,11.625,0.0,0.6883943721719458,0,0.0,0,59,34.932203389830505,14,48.0,45.0,0.90625,Horizon Edinburgh,Edinburgh,Medium,General,94,2024,11,4,3,6,44,1,0.5139973958333334,0.9375,-11,0.7074372759856631
HHN-EDI-01,2024-11-04,18,20,16.0,7.848958333333333,11.671875,0.0,0.6861408645990448,5,2.82,0,57,50.63157894736842,16,48.0,48.0,1.0,Horizon Edinburgh,Edinburgh,Medium,General,94,2024,11,4,4,0,45,0,0.4905598958333333,1.0,-2,0.6724676483712628
HHN-EDI-01,2024-11-05,36,16,16.0,8.760416666666666,11.682291666666666,0.0,0.7170784038775766,8,2.825,2,94,42.43617021276596,26,48.0,48.0,1.0,Horizon Edinburgh,Edinburgh,Medium,General,94,2024,11,4,5,1,45,0,0.5475260416666666,1.0,20,0.7498885421310745
HHN-EDI-01,2024-11-06,17,25,16.0,9.401041666666666,11.682291666666666,0.0,0.7522920285902823,2,4.5,0,48,52.35416666666666,15,48.0,47.0,0.96875,Horizon Edinburgh,Edinburgh,Medium,General,94,2024,11,4,6,2,45,0,0.5875651041666666,0.9791666666666666,-8,0.8047258136424431
HHN-EDI-01,2024-11-07,27,29,16.0,8.6875,11.697916666666666,0.0,0.6906721856744835,5,2.7,3,88,47.5,25,48.0,46.0,0.9375,Horizon Edinburgh,Edinburgh,Medium,General,94,2024,11,4,7,3,45,0,0.54296875,0.9583333333333334,-2,0.7426536064113981
HHN-EDI-01,2024-11-08,20,24,16.0,9.005208333333334,11.71875,0.0,0.7042749912464986,3,2.966666666666667,0,71,39.929577464788736,17,48.0,47.0,0.96875,Horizon Edinburgh,Edinburgh,Medium,General,94,2024,11,4,8,4,45,0,0.5628255208333334,0.9791666666666666,-4,0.7684444444444445
HHN-EDI-01,2024-11-09,19,18,16.0,8.395833333333334,11.65625,0.0,0.6540484943977591,0,0.0,0,51,44.70588235294117,16,48.0,48.0,1.0,Horizon Edinburgh,Edinburgh,Medium,General,94,2024,11,4,9,5,45,1,0.5247395833333334,1.0,1,0.7202859696157283
HHN-EDI-01,2024-11-10,18,18,16.0,8.447916666666666,11.651041666666666,0.0,0.6492435515873016,0,0.0,0,80,40.55,20,48.0,46.0,0.9375,Horizon Edinburgh,Edinburgh,Medium,General,94,2024,11,4,10,6,45,1,0.5279947916666666,0.9583333333333334,0,0.7250782297720161
HHN-EDI-01,2024-11-11,23,20,16.0,8.916666666666666,11.708333333333334,0.0,0.7214920623698197,5,1.4,1,72,32.361111111111114,16,48.0,48.0,1.0,Horizon Edinburgh,Edinburgh,Medium,General,94,2024,11,4,11,0,46,0,0.5572916666666666,1.0,3,0.7615658362989323
HHN-EDI-01,2024-11-12,24,28,16.0,8.302083333333334,11.666666666666666,0.0,0.663835456057423,8,2.9875,0,60,52.91666666666666,17,48.0,47.0,0.96875,Horizon Edinburgh,Edinburgh,Medium,General,94,2024,11,4,12,1,46,0,0.5188802083333334,0.9791666666666666,-4,0.711607142857143
HHN-EDI-01,2024-11-13,19,13,16.0,8.15625,11.697916666666666,0.0,0.629062718837535,5,3.64,1,43,57.11627906976744,13,48.0,47.0,0.96875,Horizon Edinburgh,Edinburgh,Medium,General,94,2024,11,4,13,2,46,0,0.509765625,0.9791666666666666,6,0.697239536954586
HHN-EDI-01,2024-11-14,14,17,16.0,8.348958333333334,11.703125,0.0,0.6499574482570806,3,2.966666666666667,1,48,28.5,10,48.0,48.0,1.0,Horizon Edinburgh,Edinburgh,Medium,General,94,2024,11,4,14,3,46,0,0.5218098958333334,1.0,-3,0.7133956386292836
HHN-EDI-01,2024-11-15,18,17,16.0,8.390625,11.723958333333334,0.0,0.6559966955532213,2,5.4,1,50,53.46,16,48.0,48.0,1.0,Horizon Edinburgh,Edinburgh,Medium,General,94,2024,11,4,15,4,46,0,0.5244140625,1.0,1,0.7156819191470457
HHN-EDI-01,2024-11-16,23,24,16.0,8.302083333333334,11.661458333333334,0.0,0.6573561629512916,0,0.0,0,85,42.976470588235294,23,48.0,48.0,1.0,Horizon Edinburgh,Edinburgh,Medium,General,94,2024,11,4,16,5,46,1,0.5188802083333334,1.0,-1,0.711924966502903
HHN-EDI-01,2024-11-17,21,17,16.0,8.953125,11.666666666666666,0.0,0.7116650740157174,0,0.0,0,82,60.03658536585366,26,48.0,48.0,1.0,Horizon Edinburgh,Edinburgh,Medium,General,94,2024,11,4,17,6,46,1,0.5595703125,1.0,4,0.7674107142857143
HHN-EDI-01,2024-11-18,42,21,16.0,10.416666666666666,11.677083333333334,0.0,0.8169662309368192,10,2.78,1,101,44.0990099009901,28,48.0,47.0,0.96875,Horizon Edinburgh,Edinburgh,Medium,General,94,2024,11,4,18,0,47,0,0.6510416666666666,0.9791666666666666,21,0.8920606601248884
HHN-EDI-01,2024-11-19,27,29,16.0,10.927083333333334,11.671875,0.0,0.8661611519607844,5,2.72,1,76,50.078947368421055,25,48.0,48.0,1.0,Horizon Edinburgh,Edinburgh,Medium,General,94,2024,11,4,19,1,47,0,0.6829427083333334,1.0,-2,0.9361892012494423
HHN-EDI-01,2024-11-20,26,21,16.0,11.067708333333334,11.692708333333334,0.0,0.8745327818627451,5,1.54,2,68,47.9264705882353,23,48.0,46.0,0.9375,Horizon Edinburgh,Edinburgh,Medium,General,94,2024,11,4,20,2,47,0,0.6917317708333334,0.9583333333333334,5,0.9465478841870824
HHN-EDI-01,2024-11-21,22,25,16.0,10.8125,11.697916666666666,0.0,0.8430380485527543,5,2.9,2,42,59.71428571428572,14,48.0,45.0,0.90625,Horizon Edinburgh,Edinburgh,Medium,General,94,2024,11,4,21,3,47,0,0.67578125,0.9375,-3,0.9243098842386466
HHN-EDI-01,2024-11-22,37,27,16.0,10.9375,11.703125,0.0,0.8639029309640524,4,1.975,1,108,48.64814814814815,35,48.0,45.0,0.90625,Horizon Edinburgh,Edinburgh,Medium,General,94,2024,11,4,22,4,47,0,0.68359375,0.9375,10,0.9345794392523364
HHN-EDI-01,2024-11-23,18,27,16.0,10.755208333333334,11.666666666666666,0.0,0.8253929349517585,0,0.0,0,57,45.66666666666666,19,48.0,47.0,0.96875,Horizon Edinburgh,Edinburgh,Medium,General,94,2024,11,4,23,5,47,1,0.6722005208333334,0.9791666666666666,-9,0.9218750000000001
HHN-EDI-01,2024-11-24,23,27,16.0,10.25,11.666666666666666,0.0,0.7953583950941487,0,0.0,0,54,61.42592592592592,19,48.0,45.0,0.90625,Horizon Edinburgh,Edinburgh,Medium,General,94,2024,11,4,24,6,47,1,0.640625,0.9375,-4,0.8785714285714287
HHN-EDI-01,2024-11-25,15,31,16.0,9.921875,11.682291666666666,0.0364583333333333,0.7555073645376954,6,3.0,0,48,44.16666666666666,12,48.0,48.0,1.0,Horizon Edinburgh,Edinburgh,Medium,General,94,2024,11,4,25,0,48,0,0.6201171875,1.0,-16,0.8493089612126616
HHN-EDI-01,2024-11-26,28,25,16.0,9.546875,11.677083333333334,0.125,0.7354290721363332,6,2.7,0,70,58.71428571428572,22,48.0,48.0,1.0,Horizon Edinburgh,Edinburgh,Medium,General,94,2024,11,4,26,1,48,0,0.5966796875,1.0,3,0.8175735950044603
HHN-EDI-01,2024-11-27,19,20,16.0,9.90625,11.708333333333334,0.125,0.7647286218173166,5,2.04,1,59,27.59322033898305,11,48.0,48.0,1.0,Horizon Edinburgh,Edinburgh,Medium,General,94,2024,11,4,27,2,48,0,0.619140625,1.0,-1,0.846085409252669
HHN-EDI-01,2024-11-28,26,31,16.0,9.192708333333334,11.677083333333334,0.125,0.7317648153011205,3,2.7999999999999994,0,70,49.67142857142857,25,48.0,48.0,1.0,Horizon Edinburgh,Edinburgh,Medium,General,94,2024,11,4,28,3,48,0,0.5745442708333334,1.0,-5,0.7872435325602141
HHN-EDI-01,2024-11-29,27,21,16.0,9.5,11.677083333333334,0.125,0.7433405633888172,5,5.24,0,74,47.93243243243244,22,48.0,46.0,0.9375,Horizon Edinburgh,Edinburgh,Medium,General,94,2024,11,4,29,4,48,0,0.59375,0.9583333333333334,6,0.8135593220338982
HHN-EDI-01,2024-11-30,29,23,16.0,10.057291666666666,11.640625,0.0625,0.7680635281623333,0,0.0,0,97,43.06185567010309,30,48.0,46.0,0.9375,Horizon Edinburgh,Edinburgh,Medium,General,94,2024,11,4,30,5,48,1,0.6285807291666666,0.9583333333333334,6,0.8639821029082774
HHN-EDI-01,2024-12-01,31,23,16.0,10.09375,11.5625,0.0,0.7770543560640069,0,0.0,0,109,48.46788990825688,31,47.0,46.0,0.96875,Horizon Edinburgh,Edinburgh,Medium,General,94,2024,12,4,1,6,48,1,0.630859375,0.9787234042553191,8,0.8729729729729729
HHN-EDI-01,2024-12-02,24,31,16.0,10.401041666666666,11.661458333333334,0.0,0.795734206476394,4,3.375,3,89,29.730337078651687,17,48.0,47.0,0.96875,Horizon Edinburgh,Edinburgh,Medium,General,94,2024,12,4,2,0,49,0,0.6500651041666666,0.9791666666666666,-7,0.8919160339437248
HHN-EDI-01,2024-12-03,22,20,16.0,10.026041666666666,11.619791666666666,0.0,0.782766371105066,6,2.7,1,49,35.857142857142854,16,48.0,47.0,0.96875,Horizon Edinburgh,Edinburgh,Medium,General,94,2024,12,4,3,1,49,0,0.6266276041666666,0.9791666666666666,2,0.8628417749887942
HHN-EDI-01,2024-12-04,31,30,16.0,10.463541666666666,11.598958333333334,0.0,0.8179242810906414,5,2.54,1,105,45.83809523809524,31,48.0,48.0,1.0,Horizon Edinburgh,Edinburgh,Medium,General,94,2024,12,4,4,2,49,0,0.6539713541666666,1.0,1,0.9021104625056129
HHN-EDI-01,2024-12-05,28,33,16.0,10.651041666666666,11.666666666666666,0.0,0.804016636702758,1,2.5,1,86,54.58139534883721,30,48.0,48.0,1.0,Horizon Edinburgh,Edinburgh,Medium,General,94,2024,12,4,5,3,49,0,0.6656901041666666,1.0,-5,0.9129464285714286
HHN-EDI-01,2024-12-06,33,25,16.0,10.510416666666666,11.609375,0.0,0.8104451248982499,3,1.1666666666666667,1,85,52.45882352941177,27,48.0,47.0,0.96875,Horizon Edinburgh,Edinburgh,Medium,General,94,2024,12,4,6,4,49,0,0.6569010416666666,0.9791666666666666,8,0.905338716913414
HHN-EDI-01,2024-12-07,11,29,16.0,10.21875,11.572916666666666,0.0,0.7816171607531901,0,0.0,0,44,47.04545454545455,12,48.0,47.0,0.96875,Horizon Edinburgh,Edinburgh,Medium,General,94,2024,12,4,7,5,49,1,0.638671875,0.9791666666666666,-18,0.8829882988298831
HHN-EDI-01,2024-12-08,20,23,16.0,9.3125,11.5625,0.0,0.7217029319740716,0,0.0,0,87,51.05747126436781,23,46.0,41.0,0.84375,Horizon Edinburgh,Edinburgh,Medium,General,94,2024,12,4,8,6,49,1,0.58203125,0.8913043478260869,-3,0.8054054054054054
HHN-EDI-01,2024-12-09,17,25,16.0,8.895833333333334,11.682291666666666,0.0,0.6979071462986904,3,3.1,1,47,38.06382978723404,11,48.0,48.0,1.0,Horizon Edinburgh,Edinburgh,Medium,General,94,2024,12,4,9,0,50,0,0.5559895833333334,1.0,-8,0.7614801604993313
HHN-EDI-01,2024-12-10,21,17,16.0,8.21875,11.677083333333334,0.109375,0.6409693979087362,5,4.5200000000000005,0,58,32.6551724137931,14,48.0,47.0,0.96875,Horizon Edinburgh,Edinburgh,Medium,General,94,2024,12,4,10,1,50,0,0.513671875,0.9791666666666666,4,0.703835860838537
HHN-EDI-01,2024-12-11,30,20,16.0,8.723958333333334,11.661458333333334,0.125,0.702689260800474,5,2.8600000000000003,2,85,50.74117647058824,27,48.0,48.0,1.0,Horizon Edinburgh,Edinburgh,Medium,General,94,2024,12,4,11,2,50,0,0.5452473958333334,1.0,10,0.7481018311746316
HHN-EDI-01,2024-12-12,22,18,16.0,9.661458333333334,11.645833333333334,0.125,0.7692570437630181,3,3.6,0,66,46.80303030303031,19,48.0,46.0,0.9375,Horizon Edinburgh,Edinburgh,Medium,General,94,2024,12,4,12,3,50,0,0.6038411458333334,0.9583333333333334,4,0.8296064400715564
HHN-EDI-01,2024-12-13,30,16,16.0,9.947916666666666,11.630208333333334,0.125,0.769070049894958,3,3.633333333333333,0,70,62.52857142857143,25,48.0,46.0,0.9375,Horizon Edinburgh,Edinburgh,Medium,General,94,2024,12,4,13,4,50,0,0.6217447916666666,0.9583333333333334,14,0.8553515450067173
HHN-EDI-01,2024-12-14,24,35,16.0,10.104166666666666,11.588541666666666,0.0052083333333333,0.7932356756805286,0,0.0,0,93,38.54838709677419,26,47.0,42.0,0.84375,Horizon Edinburgh,Edinburgh,Medium,General,94,2024,12,4,14,5,50,1,0.6315104166666666,0.8936170212765957,-11,0.8719101123595505
HHN-EDI-01,2024-12-15,16,27,16.0,9.921875,11.604166666666666,0.0,0.7999595431121166,0,0.0,0,66,33.833333333333336,15,48.0,45.0,0.90625,Horizon Edinburgh,Edinburgh,Medium,General,94,2024,12,4,15,6,50,1,0.6201171875,0.9375,-11,0.8550269299820468
HHN-EDI-01,2024-12-16,19,28,16.0,8.9375,11.635416666666666,0.0,0.726716111791939,8,1.875,1,32,41.1875,9,48.0,45.0,0.90625,Horizon Edinburgh,Edinburgh,Medium,General,94,2024,12,4,16,0,51,0,0.55859375,0.9375,-9,0.7681289167412713
HHN-EDI-01,2024-12-17,37,18,16.0,8.739583333333334,11.630208333333334,0.0,0.6892197590841893,5,2.68,0,124,42.12903225806452,34,48.0,44.0,0.875,Horizon Edinburgh,Edinburgh,Medium,General,94,2024,12,4,17,1,51,0,0.5462239583333334,0.9166666666666666,19,0.7514554411106136
HHN-EDI-01,2024-12-18,24,20,16.0,9.635416666666666,11.640625,0.0,0.7609387157640835,1,2.1,0,69,56.492753623188406,22,48.0,46.0,0.9375,Horizon Edinburgh,Edinburgh,Medium,General,94,2024,12,4,18,2,51,0,0.6022135416666666,0.9583333333333334,4,0.8277404921700223
HHN-EDI-01,2024-12-19,21,22,16.0,10.020833333333334,11.65625,0.0,0.7716415078317652,2,2.55,1,73,40.31506849315068,20,48.0,48.0,1.0,Horizon Edinburgh,Edinburgh,Medium,General,94,2024,12,4,19,3,51,0,0.6263020833333334,1.0,-1,0.8596961572832887
HHN-EDI-01,2024-12-20,28,26,16.0,10.333333333333334,11.640625,0.0,0.8012137393686106,1,3.2,0,80,54.8625,27,48.0,48.0,1.0,Horizon Edinburgh,Edinburgh,Medium,General,94,2024,12,4,20,4,51,0,0.6458333333333334,1.0,2,0.8876957494407159
HHN-EDI-01,2024-12-21,24,30,16.0,10.197916666666666,11.609375,0.0,0.7972862789613709,0,0.0,0,64,71.4375,24,48.0,47.0,0.96875,Horizon Edinburgh,Edinburgh,Medium,General,94,2024,12,4,21,5,51,1,0.6373697916666666,0.9791666666666666,-6,0.8784208165096455
HHN-EDI-01,2024-12-22,16,18,16.0,9.864583333333334,11.598958333333334,0.0,0.771313349725574,0,0.0,0,70,38.68571428571428,16,48.0,46.0,0.9375,Horizon Edinburgh,Edinburgh,Medium,General,94,2024,12,4,22,6,51,1,0.6165364583333334,0.9583333333333334,-2,0.8504714863044455
HHN-EDI-01,2024-12-23,34,21,16.0,9.96875,11.630208333333334,0.0,0.7825960098248701,0,0.0,0,144,40.80555555555556,37,48.0,46.0,0.9375,Horizon Edinburgh,Edinburgh,Medium,General,94,2024,12,4,23,0,52,0,0.623046875,0.9583333333333334,13,0.8571428571428571
HHN-EDI-01,2024-12-24,15,28,16.0,10.015625,11.614583333333334,0.0,0.7913515219121837,1,4.0,0,47,39.4468085106383,13,48.0,48.0,1.0,Horizon Edinburgh,Edinburgh,Medium,General,94,2024,12,4,24,1,52,0,0.6259765625,1.0,-13,0.8623318385650224
HHN-EDI-01,2024-12-25,46,20,16.0,10.078125,11.630208333333334,0.0,0.790271853265879,0,0.0,0,157,50.46496815286624,50,48.0,48.0,1.0,Horizon Edinburgh,Edinburgh,Medium,General,94,2024,12,4,25,2,52,0,0.6298828125,1.0,26,0.8665472458575907
HHN-EDI-01,2024-12-26,25,30,16.0,11.0,11.651041666666666,0.0,0.868421631473102,0,0.0,0,57,58.0,22,48.0,45.0,0.90625,Horizon Edinburgh,Edinburgh,Medium,General,94,2024,12,4,26,3,52,0,0.6875,0.9375,-5,0.9441215914170765
HHN-EDI-01,2024-12-27,17,26,16.0,10.572916666666666,11.614583333333334,0.0,0.8398488562091503,1,4.4,0,48,59.85416666666666,16,48.0,47.0,0.96875,Horizon Edinburgh,Edinburgh,Medium,General,94,2024,12,4,27,4,52,0,0.6608072916666666,0.9791666666666666,-9,0.9103139013452913
HHN-EDI-01,2024-12-28,13,24,16.0,9.619791666666666,11.598958333333334,0.0,0.7765287859267639,0,0.0,0,43,42.04651162790697,11,48.0,48.0,1.0,Horizon Edinburgh,Edinburgh,Medium,General,94,2024,12,4,28,5,52,1,0.6012369791666666,1.0,-11,0.829366861248316
HHN-EDI-01,2024-12-29,32,23,16.0,9.34375,11.572916666666666,0.0,0.7446022459464555,0,0.0,0,125,47.296,34,48.0,46.0,0.9375,Horizon Edinburgh,Edinburgh,Medium,General,94,2024,12,4,29,6,52,1,0.583984375,0.9583333333333334,9,0.8073807380738074
HHN-EDI-01,2024-12-30,23,23,16.0,10.088541666666666,11.619791666666666,0.0,0.7964626174989227,0,0.0,0,76,40.03947368421053,21,48.0,47.0,0.96875,Horizon Edinburgh,Edinburgh,Medium,General,94,2024,12,4,30,0,1,0,0.6305338541666666,0.9791666666666666,0,0.8682205289108024
HHN-EDI-01,2024-12-31,27,30,16.0,9.645833333333334,11.666666666666666,0.0,0.7580535065254734,1,2.1,0,83,46.18072289156626,26,48.0,47.0,0.96875,Horizon Edinburgh,Edinburgh,Medium,General,94,2024,12,4,31,1,1,0,0.6028645833333334,0.9791666666666666,-3,0.8267857142857143
HHN-EDI-01,2025-01-01,26,23,16.0,9.828125,11.661458333333334,0.0,0.7798635332872466,0,0.0,0,102,46.31372549019608,30,48.0,45.0,0.90625,Horizon Edinburgh,Edinburgh,Medium,General,94,2025,1,1,1,2,1,0,0.6142578125,0.9375,3,0.8427869584635997
HHN-EDI-01,2025-01-02,23,25,16.0,10.583333333333334,11.651041666666666,0.0,0.836333885851349,1,3.0,1,99,36.464646464646464,19,48.0,45.0,0.90625,Horizon Edinburgh,Edinburgh,Medium,General,94,2025,1,1,2,3,1,0,0.6614583333333334,0.9375,-2,0.9083594099240054
HHN-EDI-01,2025-01-03,26,22,16.0,10.270833333333334,11.671875,0.0,0.7853691443190525,1,1.9,0,77,64.7012987012987,26,48.0,46.0,0.9375,Horizon Edinburgh,Edinburgh,Medium,General,94,2025,1,1,3,4,1,0,0.6419270833333334,0.9583333333333334,4,0.8799643016510487
HHN-EDI-01,2025-01-04,32,35,16.0,10.130208333333334,11.645833333333334,0.0,0.7620628346156839,0,0.0,0,99,55.696969696969695,33,48.0,45.0,0.90625,Horizon Edinburgh,Edinburgh,Medium,General,94,2025,1,1,4,5,1,1,0.6331380208333334,0.9375,-3,0.8698568872987478
HHN-EDI-01,2025-01-05,19,30,16.0,9.583333333333334,11.536458333333334,0.0,0.7322188330460389,0,0.0,0,75,38.06666666666667,19,48.0,47.0,0.96875,Horizon Edinburgh,Edinburgh,Medium,General,94,2025,1,1,5,6,1,1,0.5989583333333334,0.9791666666666666,-11,0.8306997742663657
HHN-EDI-01,2025-01-06,22,28,16.0,9.296875,11.640625,0.0,0.7081302025350739,3,3.4,0,73,42.83561643835616,20,48.0,47.0,0.96875,Horizon Edinburgh,Edinburgh,Medium,General,94,2025,1,1,6,0,2,0,0.5810546875,0.9791666666666666,-6,0.7986577181208053
HHN-EDI-01,2025-01-07,34,23,16.0,9.510416666666666,11.598958333333334,0.0,0.7332280388116784,6,3.016666666666667,2,85,52.77647058823529,29,48.0,48.0,1.0,Horizon Edinburgh,Edinburgh,Medium,General,94,2025,1,1,7,1,2,0,0.5944010416666666,1.0,11,0.8199371351594071
HHN-EDI-01,2025-01-08,22,28,16.0,9.854166666666666,11.671875,0.0,0.7307751131969882,4,4.0,1,56,43.410714285714285,15,48.0,47.0,0.96875,Horizon Edinburgh,Edinburgh,Medium,General,94,2025,1,1,8,2,2,0,0.6158854166666666,0.9791666666666666,-6,0.8442659526996876
HHN-EDI-01,2025-01-09,28,17,16.0,9.723958333333334,11.645833333333334,0.0,0.7578622855392156,4,2.1750000000000003,1,102,41.69607843137255,26,48.0,48.0,1.0,Horizon Edinburgh,Edinburgh,Medium,General,94,2025,1,1,9,3,2,0,0.6077473958333334,1.0,11,0.8349731663685153
HHN-EDI-01,2025-01-10,29,24,16.0,9.848958333333334,11.614583333333334,0.0,0.7725234885620914,6,3.1,0,85,45.576470588235296,23,48.0,46.0,0.9375,Horizon Edinburgh,Edinburgh,Medium,General,94,2025,1,1,10,4,2,0,0.6155598958333334,0.9583333333333334,5,0.8479820627802691
HHN-EDI-01,2025-01-11,31,33,16.0,10.453125,11.630208333333334,0.0,0.8187960400506357,0,0.0,0,111,49.43243243243244,32,48.0,47.0,0.96875,Horizon Edinburgh,Edinburgh,Medium,General,94,2025,1,1,11,5,2,1,0.6533203125,0.9791666666666666,-2,0.8987908643081056
HHN-EDI-01,2025-01-12,10,28,16.0,9.880208333333334,11.578125,0.0,0.7827629529375852,0,0.0,0,42,19.452380952380956,7,48.0,46.0,0.9375,Horizon Edinburgh,Edinburgh,Medium,General,94,2025,1,1,12,6,2,1,0.6175130208333334,0.9583333333333334,-18,0.8533513270355376
HHN-EDI-01,2025-01-13,20,20,16.0,8.989583333333334,11.651041666666666,0.0,0.725900320063923,4,3.625,1,45,58.62222222222222,17,48.0,46.0,0.9375,Horizon Edinburgh,Edinburgh,Medium,General,94,2025,1,1,13,0,3,0,0.5618489583333334,0.9583333333333334,0,0.7715690657130085
HHN-EDI-01,2025-01-14,22,23,16.0,8.755208333333334,11.651041666666666,0.0,0.717544106985743,2,1.9,0,52,59.30769230769231,20,48.0,48.0,1.0,Horizon Edinburgh,Edinburgh,Medium,General,94,2025,1,1,14,1,3,0,0.5472005208333334,1.0,-1,0.7514528386231561
HHN-EDI-01,2025-01-15,32,20,16.0,9.4375,11.614583333333334,0.0,0.7486120369622208,6,3.0,0,101,35.87128712871287,26,48.0,47.0,0.96875,Horizon Edinburgh,Edinburgh,Medium,General,94,2025,1,1,15,2,3,0,0.58984375,0.9791666666666666,12,0.8125560538116592
HHN-EDI-01,2025-01-16,29,28,16.0,10.307291666666666,11.661458333333334,0.0,0.8040280789131892,8,3.3875,0,82,41.90243902439025,23,48.0,44.0,0.875,Horizon Edinburgh,Edinburgh,Medium,General,94,2025,1,1,16,3,3,0,0.6442057291666666,0.9166666666666666,1,0.8838767306833407
HHN-EDI-01,2025-01-17,24,21,16.0,10.640625,11.65625,0.0,0.853488719205631,5,2.68,0,85,30.68235294117647,21,48.0,46.0,0.9375,Horizon Edinburgh,Edinburgh,Medium,General,94,2025,1,1,17,4,3,0,0.6650390625,0.9583333333333334,3,0.9128686327077749
HHN-EDI-01,2025-01-18,24,27,16.0,9.84375,11.5625,0.0,0.786941557472348,0,0.0,0,66,57.03030303030303,23,48.0,43.0,0.84375,Horizon Edinburgh,Edinburgh,Medium,General,94,2025,1,1,18,5,3,1,0.615234375,0.8958333333333334,-3,0.8513513513513513
HHN-EDI-01,2025-01-19,10,21,16.0,9.130208333333334,11.552083333333334,0.0,0.7416938249658838,0,0.0,0,43,38.88372093023256,9,48.0,48.0,1.0,Horizon Edinburgh,Edinburgh,Medium,General,94,2025,1,1,19,6,3,1,0.5706380208333334,1.0,-11,0.7903516681695221
HHN-EDI-01,2025-01-20,39,25,16.0,9.557291666666666,11.651041666666666,0.0,0.7798063175590749,7,2.557142857142857,0,92,54.23913043478261,31,48.0,46.0,0.9375,Horizon Edinburgh,Edinburgh,Medium,General,94,2025,1,1,20,0,4,0,0.5973307291666666,0.9583333333333334,14,0.8202950379973178
HHN-EDI-01,2025-01-21,23,19,16.0,10.552083333333334,11.651041666666666,0.0,0.8414560355392157,6,2.45,0,50,40.74,18,48.0,47.0,0.96875,Horizon Edinburgh,Edinburgh,Medium,General,94,2025,1,1,21,1,4,0,0.6595052083333334,0.9791666666666666,4,0.9056772463120252
HHN-EDI-01,2025-01-22,31,29,16.0,10.651041666666666,11.625,0.0,0.8518462546610525,2,3.6,0,84,54.595238095238095,28,48.0,46.0,0.9375,Horizon Edinburgh,Edinburgh,Medium,General,94,2025,1,1,22,2,4,0,0.6656901041666666,0.9583333333333334,2,0.9162186379928315
HHN-EDI-01,2025-01-23,14,28,16.0,10.307291666666666,11.671875,0.0,0.8162825226244345,3,2.833333333333333,0,68,23.529411764705884,12,48.0,47.0,0.96875,Horizon Edinburgh,Edinburgh,Medium,General,94,2025,1,1,23,3,4,0,0.6442057291666666,0.9791666666666666,-14,0.8830879071842926
HHN-EDI-01,2025-01-24,20,27,16.0,9.21875,11.640625,0.0,0.7375043720746847,2,1.1,0,44,67.52272727272727,19,48.0,47.0,0.96875,Horizon Edinburgh,Edinburgh,Medium,General,94,2025,1,1,24,4,4,0,0.576171875,0.9791666666666666,-7,0.7919463087248322
HHN-EDI-01,2025-01-25,21,17,16.0,8.473958333333334,11.59375,0.0,0.6786636068690296,0,0.0,0,71,40.49295774647887,22,48.0,47.0,0.96875,Horizon Edinburgh,Edinburgh,Medium,General,94,2025,1,1,25,5,4,1,0.5296223958333334,0.9791666666666666,4,0.7309074573225517
HHN-EDI-01,2025-01-26,22,28,16.0,8.510416666666666,11.598958333333334,0.0,0.6892250476579521,0,0.0,0,66,45.01515151515152,20,47.0,46.0,0.96875,Horizon Edinburgh,Edinburgh,Medium,General,94,2025,1,1,26,6,4,1,0.5319010416666666,0.9787234042553191,-6,0.7337224966322405
HHN-EDI-01,2025-01-27,28,24,16.0,8.901041666666666,11.651041666666666,0.0,0.7278216247770476,4,2.975,1,70,55.21428571428572,25,48.0,48.0,1.0,Horizon Edinburgh,Edinburgh,Medium,General,94,2025,1,1,27,0,5,0,0.5563151041666666,1.0,4,0.7639696021457308
HHN-EDI-01,2025-01-28,18,21,16.0,9.114583333333334,11.604166666666666,0.0,0.7336178081008043,2,3.75,2,51,57.31372549019608,17,48.0,46.0,0.9375,Horizon Edinburgh,Edinburgh,Medium,General,94,2025,1,1,28,1,5,0,0.5696614583333334,0.9583333333333334,-3,0.7854578096947936
HHN-EDI-01,2025-01-29,21,15,16.0,9.5,11.645833333333334,0.0,0.7916894482151835,5,2.68,0,57,53.19298245614035,18,48.0,45.0,0.90625,Horizon Edinburgh,Edinburgh,Medium,General,94,2025,1,1,29,2,5,0,0.59375,0.9375,6,0.8157423971377459
HHN-EDI-01,2025-01-30,25,23,16.0,9.5,11.65625,0.0,0.753506450657186,7,4.1571428571428575,3,61,33.73770491803279,16,48.0,48.0,1.0,Horizon Edinburgh,Edinburgh,Medium,General,94,2025,1,1,30,3,5,0,0.59375,1.0,2,0.8150134048257373
HHN-EDI-01,2025-01-31,19,21,16.0,9.203125,11.619791666666666,0.0,0.7246310156006848,3,2.7,2,55,39.54545454545455,16,48.0,46.0,0.9375,Horizon Edinburgh,Edinburgh,Medium,General,94,2025,1,1,31,4,5,0,0.5751953125,0.9583333333333334,-2,0.7920215150156881
HHN-EDI-01,2025-02-01,41,26,16.0,9.666666666666666,11.552083333333334,0.0,0.7564260239352151,0,0.0,0,113,51.50442477876106,42,48.0,46.0,0.9375,Horizon Edinburgh,Edinburgh,Medium,General,94,2025,2,1,1,5,5,1,0.6041666666666666,0.9583333333333334,15,0.8367899008115418
HHN-EDI-01,2025-02-02,38,25,16.0,10.755208333333334,11.604166666666666,0.0,0.8531906512605042,0,0.0,0,120,52.65833333333333,38,48.0,47.0,0.96875,Horizon Edinburgh,Edinburgh,Medium,General,94,2025,2,1,2,6,5,1,0.6722005208333334,0.9791666666666666,13,0.9268402154398565
HHN-EDI-01,2025-02-03,39,41,16.0,10.880208333333334,11.635416666666666,0.0,0.8597625248015873,6,3.5,0,121,45.82644628099174,33,48.0,46.0,0.9375,Horizon Edinburgh,Edinburgh,Medium,General,94,2025,2,1,3,0,6,0,0.6800130208333334,0.9583333333333334,-2,0.9350940017905104
HHN-EDI-01,2025-02-04,23,28,16.0,10.890625,11.651041666666666,0.0,0.8339234652194211,7,3.5285714285714285,0,48,40.60416666666666,14,48.0,47.0,0.96875,Horizon Edinburgh,Edinburgh,Medium,General,94,2025,2,1,4,1,6,0,0.6806640625,0.9791666666666666,-5,0.9347340187751453
HHN-EDI-01,2025-02-05,26,30,16.0,10.510416666666666,11.645833333333334,0.0,0.8078569969654529,5,2.34,0,61,64.50819672131148,23,48.0,46.0,0.9375,Horizon Edinburgh,Edinburgh,Medium,General,94,2025,2,1,5,2,6,0,0.6569010416666666,0.9583333333333334,-4,0.902504472271914
HHN-EDI-01,2025-02-06,19,26,16.0,10.255208333333334,11.65625,0.0,0.7784543504901961,6,4.016666666666667,1,47,40.191489361702125,11,48.0,45.0,0.90625,Horizon Edinburgh,Edinburgh,Medium,General,94,2025,2,1,6,3,6,0,0.6409505208333334,0.9375,-7,0.8798033958891869
HHN-EDI-01,2025-02-07,15,23,16.0,9.661458333333334,11.640625,0.0,0.7374669779770883,1,4.3,0,64,58.90625,19,48.0,47.0,0.96875,Horizon Edinburgh,Edinburgh,Medium,General,94,2025,2,1,7,4,6,0,0.6038411458333334,0.9791666666666666,-8,0.8299776286353469
HHN-EDI-01,2025-02-08,27,26,16.0,8.984375,11.609375,0.0,0.6910758380542389,0,0.0,0,76,52.8421052631579,24,48.0,47.0,0.96875,Horizon Edinburgh,Edinburgh,Medium,General,94,2025,2,1,8,5,6,1,0.5615234375,0.9791666666666666,1,0.7738896366083445
HHN-EDI-01,2025-02-09,15,28,16.0,8.010416666666666,11.604166666666666,0.0,0.6186012232083004,0,0.0,0,58,57.53448275862069,16,48.0,47.0,0.96875,Horizon Edinburgh,Edinburgh,Medium,General,94,2025,2,1,9,6,6,1,0.5006510416666666,0.9791666666666666,-13,0.6903052064631957
HHN-EDI-01,2025-02-10,32,19,16.0,8.208333333333334,11.630208333333334,0.0,0.5993565475068233,5,4.1,1,95,45.63157894736842,28,48.0,45.0,0.90625,Horizon Edinburgh,Edinburgh,Medium,General,94,2025,2,1,10,0,7,0,0.5130208333333334,0.9375,13,0.7057769816390507
HHN-EDI-01,2025-02-11,36,26,16.0,9.229166666666666,11.635416666666666,0.0,0.6869617204520697,6,4.116666666666667,1,78,47.333333333333336,28,48.0,47.0,0.96875,Horizon Edinburgh,Edinburgh,Medium,General,94,2025,2,1,11,1,7,0,0.5768229166666666,0.9791666666666666,10,0.7931960608773501
HHN-EDI-01,2025-02-12,28,18,16.0,10.161458333333334,11.635416666666666,0.0,0.7527062908496732,4,2.725,1,73,60.64383561643836,25,48.0,45.0,0.90625,Horizon Edinburgh,Edinburgh,Medium,General,94,2025,2,1,12,2,7,0,0.6350911458333334,0.9375,10,0.8733213965980305
HHN-EDI-01,2025-02-13,29,26,16.0,9.78125,11.625,0.0,0.7323968302598818,6,3.083333333333333,0,64,54.421875,23,48.0,47.0,0.96875,Horizon Edinburgh,Edinburgh,Medium,General,94,2025,2,1,13,3,7,0,0.611328125,0.9791666666666666,3,0.8413978494623656
HHN-EDI-01,2025-02-14,21,25,16.0,10.166666666666666,11.645833333333334,0.0,0.7693723496342981,4,2.875,0,45,41.17777777777778,16,48.0,47.0,0.96875,Horizon Edinburgh,Edinburgh,Medium,General,94,2025,2,1,14,4,7,0,0.6354166666666666,0.9791666666666666,-4,0.8729874776386404
HHN-EDI-01,2025-02-15,23,29,16.0,10.635416666666666,11.625,0.0,0.8331073835784314,0,0.0,0,73,49.013698630136986,26,48.0,45.0,0.90625,Horizon Edinburgh,Edinburgh,Medium,General,94,2025,2,1,15,5,7,1,0.6647135416666666,0.9375,-6,0.9148745519713262
HHN-EDI-01,2025-02-16,25,29,16.0,10.510416666666666,11.557291666666666,0.0,0.8342665070836026,0,0.0,0,95,36.8,25,48.0,47.0,0.96875,Horizon Edinburgh,Edinburgh,Medium,General,94,2025,2,1,16,6,7,1,0.6569010416666666,0.9791666666666666,-4,0.9094186570527264
HHN-EDI-01,2025-02-17,21,37,16.0,9.453125,11.640625,0.0,0.7608500865624027,4,3.575,0,82,24.646341463414632,14,48.0,47.0,0.96875,Horizon Edinburgh,Edinburgh,Medium,General,94,2025,2,1,17,0,8,0,0.5908203125,0.9791666666666666,-16,0.8120805369127517
HHN-EDI-01,2025-02-18,24,29,16.0,7.729166666666667,11.661458333333334,0.0,0.6547296262254901,5,3.16,0,48,78.3125,21,48.0,47.0,0.96875,Horizon Edinburgh,Edinburgh,Medium,General,94,2025,2,1,18,1,8,0,0.4830729166666667,0.9791666666666666,-5,0.662795891022778
HHN-EDI-01,2025-02-19,31,19,16.0,8.020833333333334,11.640625,0.0260416666666666,0.6648279450669157,1,2.9,1,88,42.48863636363637,27,48.0,47.0,0.96875,Horizon Edinburgh,Edinburgh,Medium,General,94,2025,2,1,19,2,8,0,0.5013020833333334,0.9791666666666666,12,0.6890380313199106
HHN-EDI-01,2025-02-20,31,23,16.0,9.0,11.677083333333334,0.125,0.7362911049836601,6,3.0666666666666664,0,85,47.49411764705882,29,48.0,48.0,1.0,Horizon Edinburgh,Edinburgh,Medium,General,94,2025,2,1,20,3,8,0,0.5625,1.0,8,0.7707404103479036
HHN-EDI-01,2025-02-21,17,26,16.0,9.739583333333334,11.661458333333334,0.125,0.796665827789449,4,3.075,0,63,31.77777777777778,11,48.0,47.0,0.96875,Horizon Edinburgh,Edinburgh,Medium,General,94,2025,2,1,21,4,8,0,0.6087239583333334,0.9791666666666666,-9,0.835194283162126
HHN-EDI-01,2025-02-22,20,27,16.0,8.75,11.630208333333334,0.125,0.7103898590686275,0,0.0,0,99,29.78787878787879,20,48.0,46.0,0.9375,Horizon Edinburgh,Edinburgh,Medium,General,94,2025,2,1,22,5,8,1,0.546875,0.9583333333333334,-7,0.7523510971786833
HHN-EDI-01,2025-02-23,28,20,16.0,9.40625,11.578125,0.0208333333333333,0.7684660582983193,0,0.0,0,104,42.77884615384615,27,48.0,46.0,0.9375,Horizon Edinburgh,Edinburgh,Medium,General,94,2025,2,1,23,6,8,1,0.587890625,0.9583333333333334,8,0.8124156545209177
HHN-EDI-01,2025-02-24,23,23,16.0,9.942708333333334,11.640625,0.0,0.8076335956391104,0,0.0,0,83,65.46987951807229,28,48.0,47.0,0.96875,Horizon Edinburgh,Edinburgh,Medium,General,94,2025,2,1,24,0,9,0,0.6214192708333334,0.9791666666666666,0,0.8541387024608501
HHN-EDI-01,2025-02-25,26,27,16.0,9.822916666666666,11.635416666666666,0.0,0.7786083877995642,4,2.5,1,84,34.345238095238095,18,48.0,47.0,0.96875,Horizon Edinburgh,Edinburgh,Medium,General,94,2025,2,1,25,1,9,0,0.6139322916666666,0.9791666666666666,-1,0.8442256042972247
HHN-EDI-01,2025-02-26,23,19,16.0,9.864583333333334,11.630208333333334,0.0,0.7641297083737341,3,3.0333333333333337,0,72,35.47222222222222,19,48.0,46.0,0.9375,Horizon Edinburgh,Edinburgh,Medium,General,94,2025,2,1,26,2,9,0,0.6165364583333334,0.9583333333333334,4,0.8481862964621585
HHN-EDI-01,2025-02-27,30,25,16.0,10.260416666666666,11.666666666666666,0.0,0.8103266860964471,4,3.125,0,83,53.93975903614458,26,48.0,48.0,1.0,Horizon Edinburgh,Edinburgh,Medium,General,94,2025,2,1,27,3,9,0,0.6412760416666666,1.0,5,0.8794642857142857
HHN-EDI-01,2025-02-28,14,27,16.0,10.005208333333334,11.609375,0.0,0.8010141810463501,4,3.6,0,39,34.69230769230769,11,48.0,47.0,0.96875,Horizon Edinburgh,Edinburgh,Medium,General,94,2025,2,1,28,4,9,0,0.6253255208333334,0.9791666666666666,-13,0.8618214445939884
HHN-EDI-01,2025-03-01,27,26,16.0,8.90625,11.677083333333334,0.0,0.7284714319755681,0,0.0,0,78,64.82051282051282,28,48.0,48.0,1.0,Horizon Edinburgh,Edinburgh,Medium,General,94,2025,3,1,1,5,9,1,0.556640625,1.0,1,0.7627118644067796
HHN-EDI-01,2025-03-02,20,19,16.0,9.234375,11.666666666666666,0.0,0.7521661970076492,0,0.0,0,80,29.5125,17,48.0,47.0,0.96875,Horizon Edinburgh,Edinburgh,Medium,General,94,2025,3,1,2,6,9,1,0.5771484375,0.9791666666666666,1,0.7915178571428572
HHN-EDI-01,2025-03-03,28,19,16.0,9.916666666666666,11.682291666666666,0.0,0.7968831502953746,5,3.5200000000000005,1,100,35.51,26,48.0,46.0,0.9375,Horizon Edinburgh,Edinburgh,Medium,General,94,2025,3,1,3,0,10,0,0.6197916666666666,0.9583333333333334,9,0.8488631297369594
HHN-EDI-01,2025-03-04,27,18,16.0,10.90625,11.682291666666666,0.0,0.8655088337418301,6,3.3833333333333333,1,83,42.36144578313253,21,48.0,46.0,0.9375,Horizon Edinburgh,Edinburgh,Medium,General,94,2025,3,1,4,1,10,0,0.681640625,0.9583333333333334,9,0.9335711101203745
HHN-EDI-01,2025-03-05,35,34,16.0,11.130208333333334,11.71875,0.0,0.8898207720588235,8,1.725,2,67,64.67164179104478,24,48.0,47.0,0.96875,Horizon Edinburgh,Edinburgh,Medium,General,94,2025,3,1,5,2,10,0,0.6956380208333334,0.9791666666666666,1,0.9497777777777778
HHN-EDI-01,2025-03-06,19,30,16.0,10.286458333333334,11.708333333333334,0.0,0.7946793300653594,8,2.6125,1,42,52.76190476190476,13,48.0,48.0,1.0,Horizon Edinburgh,Edinburgh,Medium,General,94,2025,3,1,6,3,10,0,0.6429036458333334,1.0,-11,0.87855871886121
HHN-EDI-01,2025-03-07,29,28,16.0,9.697916666666666,11.697916666666666,0.0,0.7595312864729226,2,1.35,0,81,46.06172839506173,27,48.0,48.0,1.0,Horizon Edinburgh,Edinburgh,Medium,General,94,2025,3,1,7,4,10,0,0.6061197916666666,1.0,1,0.8290293855743543
HHN-EDI-01,2025-03-08,20,27,16.0,9.875,11.635416666666666,0.0,0.7845715890522875,0,0.0,0,60,64.28333333333333,21,48.0,47.0,0.96875,Horizon Edinburgh,Edinburgh,Medium,General,94,2025,3,1,8,5,10,1,0.6171875,0.9791666666666666,-7,0.8487018800358103
HHN-EDI-01,2025-03-09,21,15,16.0,9.864583333333334,11.651041666666666,0.0,0.7827309830182072,0,0.0,0,86,28.91860465116279,22,48.0,47.0,0.96875,Horizon Edinburgh,Edinburgh,Medium,General,94,2025,3,1,9,6,10,1,0.6165364583333334,0.9791666666666666,6,0.8466696468484578
HHN-EDI-01,2025-03-10,24,26,16.0,10.0,11.697916666666666,0.0,0.7882014163838612,3,3.5,0,59,55.932203389830505,20,48.0,46.0,0.9375,Horizon Edinburgh,Edinburgh,Medium,General,94,2025,3,1,10,0,11,0,0.625,0.9583333333333334,-2,0.854853072128228
HHN-EDI-01,2025-03-11,25,23,16.0,10.192708333333334,11.666666666666666,0.0,0.8061704937049606,6,2.6333333333333333,0,62,46.064516129032256,19,48.0,48.0,1.0,Horizon Edinburgh,Edinburgh,Medium,General,94,2025,3,1,11,1,11,0,0.6370442708333334,1.0,2,0.8736607142857143
HHN-EDI-01,2025-03-12,21,29,16.0,10.380208333333334,11.703125,0.0,0.8146501395697169,4,3.075,0,65,50.43076923076923,17,48.0,48.0,1.0,Horizon Edinburgh,Edinburgh,Medium,General,94,2025,3,1,12,2,11,0,0.6487630208333334,1.0,-8,0.8869603916332889
HHN-EDI-01,2025-03-13,45,29,16.0,9.765625,11.666666666666666,0.0,0.7585673071311857,7,3.4,1,102,64.44117647058823,41,48.0,48.0,1.0,Horizon Edinburgh,Edinburgh,Medium,General,94,2025,3,1,13,3,11,0,0.6103515625,1.0,16,0.8370535714285715
HHN-EDI-01,2025-03-14,33,25,16.0,10.5625,11.677083333333334,0.03125,0.8529428177521008,5,1.98,0,83,50.32530120481928,26,48.0,47.0,0.96875,Horizon Edinburgh,Edinburgh,Medium,General,94,2025,3,1,14,4,11,0,0.66015625,0.9791666666666666,8,0.9045495093666369
HHN-EDI-01,2025-03-15,22,32,16.0,10.109375,11.677083333333334,0.25,0.7903896888616558,0,0.0,0,67,44.37313432835821,21,48.0,44.0,0.875,Horizon Edinburgh,Edinburgh,Medium,General,94,2025,3,1,15,5,11,1,0.6318359375,0.9166666666666666,-10,0.8657448706512042
HHN-EDI-01,2025-03-16,21,33,16.0,9.921875,11.651041666666666,0.0833333333333333,0.7886456144957984,0,0.0,0,62,67.69354838709677,23,48.0,48.0,1.0,Horizon Edinburgh,Edinburgh,Medium,General,94,2025,3,1,16,6,11,1,0.6201171875,1.0,-12,0.851586946803755
HHN-EDI-01,2025-03-17,30,24,16.0,10.09375,11.703125,0.0,0.7888377145730087,5,3.04,1,97,47.83505154639175,27,48.0,47.0,0.96875,Horizon Edinburgh,Edinburgh,Medium,General,94,2025,3,1,17,0,12,0,0.630859375,0.9791666666666666,6,0.8624833110814419
HHN-EDI-01,2025-03-18,26,25,16.0,10.46875,11.692708333333334,0.0,0.8156059919961574,6,2.583333333333333,0,70,50.31428571428572,21,48.0,47.0,0.96875,Horizon Edinburgh,Edinburgh,Medium,General,94,2025,3,1,18,1,12,0,0.654296875,0.9791666666666666,1,0.8953229398663697
HHN-EDI-01,2025-03-19,29,26,16.0,10.322916666666666,11.703125,0.0,0.832092412285427,5,3.2400000000000007,1,53,71.24528301886792,22,48.0,48.0,1.0,Horizon Edinburgh,Edinburgh,Medium,General,94,2025,3,1,19,2,12,0,0.6451822916666666,1.0,3,0.8820649755229194
HHN-EDI-01,2025-03-20,28,34,16.0,9.994791666666666,11.6875,0.0,0.8081872171945701,5,1.5399999999999998,0,53,60.22641509433962,20,48.0,48.0,1.0,Horizon Edinburgh,Edinburgh,Medium,General,94,2025,3,1,20,3,12,0,0.6246744791666666,1.0,-6,0.855169340463458
HHN-EDI-01,2025-03-21,20,28,16.0,8.953125,11.697916666666666,0.0,0.7203190510980032,3,4.066666666666666,1,62,40.37096774193548,17,48.0,46.0,0.9375,Horizon Edinburgh,Edinburgh,Medium,General,94,2025,3,1,21,4,12,0,0.5595703125,0.9583333333333334,-8,0.7653606411398042
HHN-EDI-01,2025-03-22,11,28,16.0,8.098958333333334,11.661458333333334,0.0,0.6622240402571286,0,0.0,0,59,37.96610169491525,13,48.0,48.0,1.0,Horizon Edinburgh,Edinburgh,Medium,General,94,2025,3,1,22,5,12,1,0.5061848958333334,1.0,-17,0.6945064761054042
HHN-EDI-01,2025-03-23,22,15,16.0,7.916666666666667,11.640625,0.09375,0.6356653231538342,0,0.0,0,88,46.52272727272727,27,48.0,46.0,0.9375,Horizon Edinburgh,Edinburgh,Medium,General,94,2025,3,1,23,6,12,1,0.4947916666666667,0.9583333333333334,7,0.680089485458613
HHN-EDI-01,2025-03-24,31,13,16.0,9.755208333333334,11.703125,0.25,0.79210460826959,2,3.8,0,69,57.36231884057971,24,48.0,48.0,1.0,Horizon Edinburgh,Edinburgh,Medium,General,94,2025,3,1,24,0,13,0,0.6097005208333334,1.0,18,0.8335558522474411
HHN-EDI-01,2025-03-25,16,30,16.0,9.59375,11.703125,0.25,0.754667467948718,5,3.7,0,36,28.694444444444443,9,48.0,45.0,0.90625,Horizon Edinburgh,Edinburgh,Medium,General,94,2025,3,1,25,1,13,0,0.599609375,0.9375,-14,0.8197596795727636
HHN-EDI-01,2025-03-26,24,22,16.0,8.625,11.708333333333334,0.25,0.6728501269631785,2,1.0,0,71,67.88732394366197,24,48.0,48.0,1.0,Horizon Edinburgh,Edinburgh,Medium,General,94,2025,3,1,26,2,13,0,0.5390625,1.0,2,0.7366548042704626
HHN-EDI-01,2025-03-27,18,23,16.0,8.411458333333334,11.708333333333334,0.25,0.6638964172741746,2,3.55,0,68,40.52941176470589,16,48.0,48.0,1.0,Horizon Edinburgh,Edinburgh,Medium,General,94,2025,3,1,27,3,13,0,0.5257161458333334,1.0,-5,0.7184163701067616
HHN-EDI-01,2025-03-28,23,26,16.0,8.026041666666666,11.677083333333334,0.25,0.6471665776353276,2,2.9000000000000004,1,72,49.93055555555556,20,48.0,48.0,1.0,Horizon Edinburgh,Edinburgh,Medium,General,94,2025,3,1,28,4,13,0,0.5016276041666666,1.0,-3,0.6873327386262265
HHN-EDI-01,2025-03-29,16,21,16.0,7.786458333333333,11.598958333333334,0.0833333333333333,0.6359193336789845,0,0.0,0,87,32.264367816091955,18,48.0,44.0,0.875,Horizon Edinburgh,Edinburgh,Medium,General,94,2025,3,1,29,5,13,1,0.4866536458333333,0.9166666666666666,-5,0.6713066906151773
HHN-EDI-01,2025-03-30,22,26,16.0,7.5,11.651041666666666,0.0,0.6057960523953171,0,0.0,0,65,63.56923076923077,23,48.0,48.0,1.0,Horizon Edinburgh,Edinburgh,Medium,General,94,2025,3,1,30,6,13,1,0.46875,1.0,-4,0.6437192668752795
HHN-EDI-01,2025-03-31,26,16,16.0,8.145833333333334,11.677083333333334,0.0,0.6671152976414926,5,3.2,1,59,49.32203389830509,19,48.0,47.0,0.96875,Horizon Edinburgh,Edinburgh,Medium,General,94,2025,3,1,31,0,14,0,0.5091145833333334,0.9791666666666666,10,0.6975914362176628
HHN-EDI-01,2025-04-01,29,20,16.0,9.0,11.703125,0.0,0.7357104700854701,8,3.4375,1,73,34.76712328767123,20,48.0,47.0,0.96875,Horizon Edinburgh,Edinburgh,Medium,General,94,2025,4,2,1,1,14,0,0.5625,0.9791666666666666,9,0.7690253671562083
HHN-EDI-01,2025-04-02,20,17,16.0,9.380208333333334,11.677083333333334,0.0,0.7450661254084968,6,2.8000000000000003,0,46,55.17391304347826,14,48.0,47.0,0.96875,Horizon Edinburgh,Edinburgh,Medium,General,94,2025,4,2,2,2,14,0,0.5862630208333334,0.9791666666666666,3,0.8033006244424621
HHN-EDI-01,2025-04-03,15,22,16.0,8.661458333333334,11.697916666666666,0.0,0.6986754250311237,3,0.6333333333333333,2,49,28.73469387755102,11,48.0,47.0,0.96875,Horizon Edinburgh,Edinburgh,Medium,General,94,2025,4,2,3,3,14,0,0.5413411458333334,0.9791666666666666,-7,0.7404274265360642
HHN-EDI-01,2025-04-04,20,26,16.0,8.015625,11.697916666666666,0.0,0.6314105837313558,4,4.325,1,41,62.58536585365854,18,48.0,48.0,1.0,Horizon Edinburgh,Edinburgh,Medium,General,94,2025,4,2,4,4,14,0,0.5009765625,1.0,-6,0.6852181656277827
HHN-EDI-01,2025-04-05,19,16,16.0,7.953125,11.598958333333334,0.0,0.6371084397968589,0,0.0,0,58,50.43103448275862,19,48.0,46.0,0.9375,Horizon Edinburgh,Edinburgh,Medium,General,94,2025,4,2,5,5,14,1,0.4970703125,0.9583333333333334,3,0.6856757970363717
HHN-EDI-01,2025-04-06,21,16,16.0,8.307291666666666,11.619791666666666,0.0,0.6664571811630635,0,0.0,0,66,55.84848484848485,24,48.0,46.0,0.9375,Horizon Edinburgh,Edinburgh,Medium,General,94,2025,4,2,6,6,14,1,0.5192057291666666,0.9583333333333334,5,0.7149260421335724
HHN-EDI-01,2025-04-07,22,27,16.0,8.546875,11.692708333333334,0.0,0.6869278754503938,5,2.62,0,52,50.30769230769231,14,48.0,47.0,0.96875,Horizon Edinburgh,Edinburgh,Medium,General,94,2025,4,2,7,0,15,0,0.5341796875,0.9791666666666666,-5,0.730957683741648
HHN-EDI-01,2025-04-08,26,15,16.0,8.463541666666666,11.666666666666666,0.0,0.7084141816448802,9,2.477777777777778,0,64,42.15625,19,48.0,45.0,0.90625,Horizon Edinburgh,Edinburgh,Medium,General,94,2025,4,2,8,1,15,0,0.5289713541666666,0.9375,11,0.7254464285714286
HHN-EDI-01,2025-04-09,13,18,16.0,8.34375,11.692708333333334,0.0,0.6715967536854485,3,3.4333333333333336,0,48,42.79166666666666,9,48.0,47.0,0.96875,Horizon Edinburgh,Edinburgh,Medium,General,94,2025,4,2,9,2,15,0,0.521484375,0.9791666666666666,-5,0.7135857461024498
HHN-EDI-01,2025-04-10,21,24,16.0,8.78125,11.677083333333334,0.0,0.707250816993464,7,3.071428571428572,1,55,42.2,16,48.0,48.0,1.0,Horizon Edinburgh,Edinburgh,Medium,General,94,2025,4,2,10,3,15,0,0.548828125,1.0,-3,0.752007136485281
HHN-EDI-01,2025-04-11,24,15,16.0,9.03125,11.661458333333334,0.0,0.7276429916250687,7,3.3285714285714287,1,55,33.527272727272724,15,48.0,48.0,1.0,Horizon Edinburgh,Edinburgh,Medium,General,94,2025,4,2,11,4,15,0,0.564453125,1.0,9,0.7744528807503349
HHN-EDI-01,2025-04-12,16,19,16.0,9.421875,11.640625,0.0,0.7638556985294117,0,0.0,0,79,24.468354430379748,18,48.0,46.0,0.9375,Horizon Edinburgh,Edinburgh,Medium,General,94,2025,4,2,12,5,15,1,0.5888671875,0.9583333333333334,-3,0.8093959731543624
HHN-EDI-01,2025-04-13,11,26,16.0,8.541666666666666,11.640625,0.0,0.6775080511638416,0,0.0,0,49,39.40816326530612,10,48.0,48.0,1.0,Horizon Edinburgh,Edinburgh,Medium,General,94,2025,4,2,13,6,15,1,0.5338541666666666,1.0,-15,0.7337807606263982
HHN-EDI-01,2025-04-14,34,17,16.0,8.744791666666666,11.677083333333334,0.0,0.6962787892934951,7,2.6714285714285717,0,71,65.07042253521126,28,48.0,47.0,0.96875,Horizon Edinburgh,Edinburgh,Medium,General,94,2025,4,2,14,0,16,0,0.5465494791666666,0.9791666666666666,17,0.7488849241748438
HHN-EDI-01,2025-04-15,33,30,16.0,9.932291666666666,11.6875,0.0,0.7871094030560942,7,1.3857142857142857,0,78,55.07692307692308,29,48.0,48.0,1.0,Horizon Edinburgh,Edinburgh,Medium,General,94,2025,4,2,15,1,16,0,0.6207682291666666,1.0,3,0.8498217468805703
HHN-EDI-01,2025-04-16,22,21,16.0,10.244791666666666,11.703125,0.0,0.7775713690925089,7,3.3285714285714287,0,51,47.88235294117647,13,48.0,47.0,0.96875,Horizon Edinburgh,Edinburgh,Medium,General,94,2025,4,2,16,2,16,0,0.6402994791666666,0.9791666666666666,1,0.8753894080996885
HHN-EDI-01,2025-04-17,20,26,16.0,9.557291666666666,11.692708333333334,0.0,0.7461083391690009,6,3.8166666666666655,0,47,47.53191489361702,13,48.0,45.0,0.90625,Horizon Edinburgh,Edinburgh,Medium,General,94,2025,4,2,17,3,16,0,0.5973307291666666,0.9375,-6,0.8173719376391981
HHN-EDI-01,2025-04-18,19,27,16.0,8.645833333333334,11.677083333333334,0.0,0.6857237686741363,0,0.0,0,54,69.74074074074075,20,48.0,48.0,1.0,Horizon Edinburgh,Edinburgh,Medium,General,94,2025,4,2,18,4,16,0,0.5403645833333334,1.0,-8,0.7404103479036575
HHN-EDI-01,2025-04-19,31,22,16.0,8.578125,11.614583333333334,0.0,0.7039651958539827,0,0.0,0,91,56.12087912087912,30,48.0,46.0,0.9375,Horizon Edinburgh,Edinburgh,Medium,General,94,2025,4,2,19,5,16,1,0.5361328125,0.9583333333333334,9,0.7385650224215247
HHN-EDI-01,2025-04-20,15,24,16.0,8.859375,11.619791666666666,0.0,0.7210246197838109,0,0.0,0,41,56.073170731707314,16,48.0,46.0,0.9375,Horizon Edinburgh,Edinburgh,Medium,General,94,2025,4,2,20,6,16,1,0.5537109375,0.9583333333333334,-9,0.7624383684446437
HHN-EDI-01,2025-04-21,21,20,16.0,8.760416666666666,11.723958333333334,0.0,0.7002244768099547,0,0.0,0,53,59.0188679245283,22,48.0,47.0,0.96875,Horizon Edinburgh,Edinburgh,Medium,General,94,2025,4,2,21,0,17,0,0.5475260416666666,0.9791666666666666,1,0.7472234562416703
HHN-EDI-01,2025-04-22,24,19,16.0,8.869791666666666,11.671875,0.0,0.6956430335221695,6,3.1833333333333336,0,55,53.29090909090909,18,48.0,46.0,0.9375,Horizon Edinburgh,Edinburgh,Medium,General,94,2025,4,2,22,1,17,0,0.5543619791666666,0.9583333333333334,5,0.7599286033020972
HHN-EDI-01,2025-04-23,24,27,16.0,9.208333333333334,11.713541666666666,0.0,0.7269116721207713,6,3.0666666666666664,0,62,48.193548387096776,20,48.0,47.0,0.96875,Horizon Edinburgh,Edinburgh,Medium,General,94,2025,4,2,23,2,17,0,0.5755208333333334,0.9791666666666666,-3,0.7861271676300579
HHN-EDI-01,2025-04-24,21,20,16.0,9.135416666666666,11.6875,0.0,0.7299510308931265,3,3.633333333333333,0,56,44.21428571428572,16,48.0,48.0,1.0,Horizon Edinburgh,Edinburgh,Medium,General,94,2025,4,2,24,3,17,0,0.5709635416666666,1.0,1,0.7816399286987522
HHN-EDI-01,2025-04-25,11,15,16.0,8.46875,11.682291666666666,0.0,0.6856668709150328,0,0.0,0,42,44.88095238095238,12,48.0,47.0,0.96875,Horizon Edinburgh,Edinburgh,Medium,General,94,2025,4,2,25,4,17,0,0.529296875,0.9791666666666666,-4,0.7249219794917522
HHN-EDI-01,2025-04-26,13,25,16.0,8.015625,11.609375,0.0,0.6416984542214322,0,0.0,0,62,34.12903225806452,12,48.0,48.0,1.0,Horizon Edinburgh,Edinburgh,Medium,General,94,2025,4,2,26,5,17,1,0.5009765625,1.0,-12,0.6904441453566622
HHN-EDI-01,2025-04-27,14,13,16.0,7.411458333333333,11.640625,0.0,0.5915277188599799,0,0.0,0,40,47.725,16,48.0,48.0,1.0,Horizon Edinburgh,Edinburgh,Medium,General,94,2025,4,2,27,6,17,1,0.4632161458333333,1.0,1,0.6366890380313199
HHN-EDI-01,2025-04-28,31,19,16.0,7.28125,11.723958333333334,0.0,0.5833291108911514,5,2.78,1,70,49.22857142857143,25,48.0,46.0,0.9375,Horizon Edinburgh,Edinburgh,Medium,General,94,2025,4,2,28,0,18,0,0.455078125,0.9583333333333334,12,0.6210573078631719
HHN-EDI-01,2025-04-29,24,21,16.0,8.765625,11.6875,0.0,0.7261975369741913,13,3.223076923076924,0,55,41.98181818181818,14,48.0,46.0,0.9375,Horizon Edinburgh,Edinburgh,Medium,General,94,2025,4,2,29,1,18,0,0.5478515625,0.9583333333333334,3,0.75
HHN-EDI-01,2025-04-30,28,20,16.0,8.895833333333334,11.697916666666666,0.0,0.6933302106900453,8,3.575,0,62,50.32258064516129,19,48.0,47.0,0.96875,Horizon Edinburgh,Edinburgh,Medium,General,94,2025,4,2,30,2,18,0,0.5559895833333334,0.9791666666666666,8,0.7604630454140695
HHN-EDI-01,2025-05-01,16,25,16.0,8.765625,11.6875,0.0,0.6741387480472958,3,3.766666666666666,0,58,33.60344827586207,12,48.0,48.0,1.0,Horizon Edinburgh,Edinburgh,Medium,General,94,2025,5,2,1,3,18,0,0.5478515625,1.0,-9,0.75
HHN-EDI-01,2025-05-02,18,21,16.0,8.619791666666666,11.682291666666666,0.0,0.679204233776844,7,2.1714285714285717,0,44,41.04545454545455,11,48.0,48.0,1.0,Horizon Edinburgh,Edinburgh,Medium,General,94,2025,5,2,2,4,18,0,0.5387369791666666,1.0,-3,0.7378510922871154
HHN-EDI-01,2025-05-03,21,25,16.0,8.583333333333334,11.666666666666666,0.0,0.646935844316359,0,0.0,0,47,59.59574468085106,20,48.0,45.0,0.90625,Horizon Edinburgh,Edinburgh,Medium,General,94,2025,5,2,3,5,18,1,0.5364583333333334,0.9375,-4,0.7357142857142858
HHN-EDI-01,2025-05-04,7,21,16.0,7.1875,11.671875,0.0,0.5372360061813187,0,0.0,0,36,27.916666666666668,7,48.0,47.0,0.96875,Horizon Edinburgh,Edinburgh,Medium,General,94,2025,5,2,4,6,18,1,0.44921875,0.9791666666666666,-14,0.6157965194109772
HHN-EDI-01,2025-05-05,6,19,16.0,5.916666666666667,11.65625,0.0,0.4505947330855419,0,0.0,0,28,68.60714285714286,8,48.0,48.0,1.0,Horizon Edinburgh,Edinburgh,Medium,General,94,2025,5,2,5,0,19,0,0.3697916666666667,1.0,-13,0.5075960679177838
HHN-EDI-01,2025-05-06,22,13,16.0,5.526041666666667,11.6875,0.0,0.4180484152795733,9,3.1666666666666665,0,51,36.62745098039216,12,48.0,48.0,1.0,Horizon Edinburgh,Edinburgh,Medium,General,94,2025,5,2,6,1,19,0,0.3453776041666667,1.0,9,0.47281639928698754
HHN-EDI-01,2025-05-07,32,10,16.0,7.041666666666667,11.697916666666666,0.0,0.568097438628229,9,3.0222222222222226,0,75,59.38666666666666,27,48.0,47.0,0.96875,Horizon Edinburgh,Edinburgh,Medium,General,94,2025,5,2,7,2,19,0,0.4401041666666667,0.9791666666666666,22,0.601959038290294
HHN-EDI-01,2025-05-08,30,16,16.0,8.984375,11.703125,0.0,0.6864846546257392,6,3.7,0,64,55.25,22,48.0,48.0,1.0,Horizon Edinburgh,Edinburgh,Medium,General,94,2025,5,2,8,3,19,0,0.5615234375,1.0,14,0.7676902536715621
HHN-EDI-01,2025-05-09,15,19,16.0,9.057291666666666,11.65625,0.0,0.7174685238678805,5,3.02,1,30,50.93333333333333,8,48.0,48.0,1.0,Horizon Edinburgh,Edinburgh,Medium,General,94,2025,5,2,9,4,19,0,0.5660807291666666,1.0,-4,0.7770330652368186
HHN-EDI-01,2025-05-10,20,27,16.0,8.40625,11.677083333333334,0.0,0.6670195421918766,0,0.0,0,51,55.35294117647059,20,48.0,48.0,1.0,Horizon Edinburgh,Edinburgh,Medium,General,94,2025,5,2,10,5,19,1,0.525390625,1.0,-7,0.719892952720785
HHN-EDI-01,2025-05-11,9,12,16.0,8.421875,11.651041666666666,0.0,0.6778224711358902,0,0.0,0,53,38.41509433962264,13,48.0,47.0,0.96875,Horizon Edinburgh,Edinburgh,Medium,General,94,2025,5,2,11,6,19,1,0.5263671875,0.9791666666666666,-3,0.7228430934286992
HHN-EDI-01,2025-05-12,27,25,16.0,8.192708333333334,11.723958333333334,0.0,0.6511093239379085,7,3.128571428571429,0,75,34.74666666666667,18,48.0,48.0,1.0,Horizon Edinburgh,Edinburgh,Medium,General,94,2025,5,2,12,0,20,0,0.5120442708333334,1.0,2,0.6988005330964017
HHN-EDI-01,2025-05-13,22,13,16.0,8.244791666666666,11.692708333333334,0.0,0.6488670668587948,6,4.066666666666666,1,67,50.8955223880597,17,48.0,46.0,0.9375,Horizon Edinburgh,Edinburgh,Medium,General,94,2025,5,2,13,1,20,0,0.5152994791666666,0.9583333333333334,9,0.7051224944320712
HHN-EDI-01,2025-05-14,17,25,16.0,7.630208333333333,11.71875,0.0,0.6200340292366947,3,3.9333333333333336,0,54,39.7037037037037,14,48.0,46.0,0.9375,Horizon Edinburgh,Edinburgh,Medium,General,94,2025,5,2,14,2,20,0,0.4768880208333333,0.9583333333333334,-8,0.6511111111111111
HHN-EDI-01,2025-05-15,18,22,16.0,7.479166666666667,11.697916666666666,0.0,0.6029411764705882,3,1.9,1,55,51.78181818181818,15,48.0,47.0,0.96875,Horizon Edinburgh,Edinburgh,Medium,General,94,2025,5,2,15,3,20,0,0.4674479166666667,0.9791666666666666,-4,0.6393588601959039
HHN-EDI-01,2025-05-16,12,18,16.0,7.291666666666667,11.677083333333334,0.0,0.5757382680636357,3,3.6,1,34,36.20588235294117,9,48.0,48.0,1.0,Horizon Edinburgh,Edinburgh,Medium,General,94,2025,5,2,16,4,20,0,0.4557291666666667,1.0,-6,0.6244424620874219
HHN-EDI-01,2025-05-17,9,20,16.0,6.916666666666667,11.625,0.0,0.5358907071108358,0,0.0,0,46,34.97826086956522,9,48.0,48.0,1.0,Horizon Edinburgh,Edinburgh,Medium,General,94,2025,5,2,17,5,20,1,0.4322916666666667,1.0,-11,0.5949820788530467
HHN-EDI-01,2025-05-18,13,16,16.0,6.359375,11.645833333333334,0.0,0.5134196927969906,0,0.0,0,38,33.8421052631579,14,48.0,45.0,0.90625,Horizon Edinburgh,Edinburgh,Medium,General,94,2025,5,2,18,6,20,1,0.3974609375,0.9375,-3,0.5460644007155635
HHN-EDI-01,2025-05-19,28,14,16.0,6.729166666666667,11.65625,0.0,0.5656072872525079,7,2.9714285714285715,0,66,50.46969696969697,21,48.0,46.0,0.9375,Horizon Edinburgh,Edinburgh,Medium,General,94,2025,5,2,19,0,21,0,0.4205729166666667,0.9583333333333334,14,0.5773011617515639
HHN-EDI-01,2025-05-20,21,14,16.0,7.625,11.6875,0.0,0.6291498423621585,7,2.7,0,44,67.25,14,48.0,47.0,0.96875,Horizon Edinburgh,Edinburgh,Medium,General,94,2025,5,2,20,1,21,0,0.4765625,0.9791666666666666,7,0.6524064171122995
HHN-EDI-01,2025-05-21,17,26,16.0,7.869791666666667,11.697916666666666,0.0,0.6379489021837367,3,1.9666666666666668,0,40,64.225,14,48.0,48.0,1.0,Horizon Edinburgh,Edinburgh,Medium,General,94,2025,5,2,21,2,21,0,0.4918619791666667,1.0,-9,0.6727515583259128
HHN-EDI-01,2025-05-22,24,21,16.0,7.572916666666667,11.697916666666666,0.0,0.6137459524408054,4,2.525,1,54,63.2962962962963,19,48.0,47.0,0.96875,Horizon Edinburgh,Edinburgh,Medium,General,94,2025,5,2,22,3,21,0,0.4733072916666667,0.9791666666666666,3,0.647373107747106
HHN-EDI-01,2025-05-23,13,18,16.0,7.838541666666667,11.65625,0.0,0.6323054515609663,2,5.35,3,46,30.93478260869565,11,48.0,48.0,1.0,Horizon Edinburgh,Edinburgh,Medium,General,94,2025,5,2,23,4,21,0,0.4899088541666667,1.0,-5,0.6724754244861484
HHN-EDI-01,2025-05-24,16,17,16.0,7.46875,11.630208333333334,0.0,0.581765680364026,0,0.0,0,63,49.76190476190476,18,48.0,48.0,1.0,Horizon Edinburgh,Edinburgh,Medium,General,94,2025,5,2,24,5,21,1,0.466796875,1.0,-1,0.6421854008060904
HHN-EDI-01,2025-05-25,22,15,16.0,7.651041666666667,11.625,0.09375,0.6008351925171779,0,0.0,0,61,43.63934426229508,18,48.0,47.0,0.96875,Horizon Edinburgh,Edinburgh,Medium,General,94,2025,5,2,25,6,21,1,0.4781901041666667,0.9791666666666666,7,0.6581541218637993
HHN-EDI-01,2025-05-26,16,18,16.0,7.994791666666667,11.71875,0.25,0.6149190665849673,0,0.0,0,53,54.62264150943396,17,48.0,48.0,1.0,Horizon Edinburgh,Edinburgh,Medium,General,94,2025,5,2,26,0,22,0,0.4996744791666667,1.0,-2,0.6822222222222223
HHN-EDI-01,2025-05-27,14,16,16.0,7.453125,11.6875,0.15625,0.5846101100696689,2,2.15,0,34,43.44117647058823,11,48.0,46.0,0.9375,Horizon Edinburgh,Edinburgh,Medium,General,94,2025,5,2,27,1,22,0,0.4658203125,0.9583333333333334,-2,0.6377005347593583
HHN-EDI-01,2025-05-28,10,19,16.0,7.171875,11.677083333333334,0.0,0.549691172542735,3,3.266666666666666,0,38,31.07894736842105,8,48.0,46.0,0.9375,Horizon Edinburgh,Edinburgh,Medium,General,94,2025,5,2,28,2,22,0,0.4482421875,0.9583333333333334,-9,0.6141837644959857
HHN-EDI-01,2025-05-29,21,15,16.0,7.255208333333333,11.703125,0.0,0.5711263558575139,8,2.4375,0,46,42.60869565217392,14,48.0,47.0,0.96875,Horizon Edinburgh,Edinburgh,Medium,General,94,2025,5,2,29,3,22,0,0.4534505208333333,0.9791666666666666,6,0.6199376947040498
HHN-EDI-01,2025-05-30,15,17,16.0,7.5,11.6875,0.0,0.5792732938527975,3,2.066666666666667,0,36,36.05555555555556,10,48.0,48.0,1.0,Horizon Edinburgh,Edinburgh,Medium,General,94,2025,5,2,30,4,22,0,0.46875,1.0,-2,0.6417112299465241
HHN-EDI-01,2025-05-31,18,19,16.0,7.015625,11.65625,0.0,0.5568857885034356,0,0.0,0,64,51.140625,20,48.0,45.0,0.90625,Horizon Edinburgh,Edinburgh,Medium,General,94,2025,5,2,31,5,22,1,0.4384765625,0.9375,-1,0.6018766756032171
HHN-EDI-01,2025-06-01,11,24,16.0,6.536458333333333,11.630208333333334,0.0,0.519786710090019,0,0.0,0,63,28.07936507936508,12,48.0,47.0,0.96875,Horizon Edinburgh,Edinburgh,Medium,General,94,2025,6,2,1,6,22,1,0.4085286458333333,0.9791666666666666,-13,0.5620241827138378
HHN-EDI-01,2025-06-02,17,15,16.0,5.661458333333333,11.708333333333334,0.0,0.4510928409825468,7,4.1,0,35,23.571428571428573,7,48.0,48.0,1.0,Horizon Edinburgh,Edinburgh,Medium,General,94,2025,6,2,2,0,23,0,0.3538411458333333,1.0,2,0.48354092526690384
HHN-EDI-01,2025-06-03,18,15,16.0,6.15625,11.6875,0.0,0.4810484683991118,12,3.6166666666666663,0,39,31.615384615384617,8,48.0,48.0,1.0,Horizon Edinburgh,Edinburgh,Medium,General,94,2025,6,2,3,1,23,0,0.384765625,1.0,3,0.5267379679144385
HHN-EDI-01,2025-06-04,19,9,16.0,6.677083333333333,11.677083333333334,0.0,0.5234515140190692,5,3.46,1,49,46.69387755102041,13,48.0,44.0,0.875,Horizon Edinburgh,Edinburgh,Medium,General,94,2025,6,2,4,2,23,0,0.4173177083333333,0.9166666666666666,10,0.5718108831400535
HHN-EDI-01,2025-06-05,28,14,16.0,7.708333333333333,11.703125,0.0,0.6239793473479135,6,2.0166666666666666,0,82,48.97560975609756,23,48.0,47.0,0.96875,Horizon Edinburgh,Edinburgh,Medium,General,94,2025,6,2,5,3,23,0,0.4817708333333333,0.9791666666666666,14,0.6586559857587895
HHN-EDI-01,2025-06-06,30,20,16.0,9.109375,11.692708333333334,0.0,0.7279865104428523,6,3.333333333333333,1,78,38.11538461538461,23,48.0,47.0,0.96875,Horizon Edinburgh,Edinburgh,Medium,General,94,2025,6,2,6,4,23,0,0.5693359375,0.9791666666666666,10,0.7790645879732739
HHN-EDI-01,2025-06-07,21,22,16.0,9.473958333333334,11.635416666666666,0.0,0.7629250919117646,0,0.0,0,45,73.13333333333334,20,48.0,47.0,0.96875,Horizon Edinburgh,Edinburgh,Medium,General,94,2025,6,2,7,5,23,1,0.5921223958333334,0.9791666666666666,-1,0.8142345568487019
HHN-EDI-01,2025-06-08,19,22,16.0,9.098958333333334,11.625,0.0,0.7386760693860878,0,0.0,0,61,58.39344262295082,20,48.0,46.0,0.9375,Horizon Edinburgh,Edinburgh,Medium,General,94,2025,6,2,8,6,23,1,0.5686848958333334,0.9583333333333334,-3,0.7827060931899642
HHN-EDI-01,2025-06-09,26,29,16.0,9.578125,11.723958333333334,0.0,0.7649219002504849,8,3.6625,0,35,89.4,17,48.0,48.0,1.0,Horizon Edinburgh,Edinburgh,Medium,General,94,2025,6,2,9,0,24,0,0.5986328125,1.0,-3,0.8169702354509106
HHN-EDI-01,2025-06-10,12,20,16.0,8.697916666666666,11.703125,0.0,0.7004267331932773,5,2.58,1,40,45.725,9,48.0,48.0,1.0,Horizon Edinburgh,Edinburgh,Medium,General,94,2025,6,2,10,1,24,0,0.5436197916666666,1.0,-8,0.7432131731197151
HHN-EDI-01,2025-06-11,21,14,16.0,8.197916666666666,11.692708333333334,0.0,0.6614929826097106,5,3.34,0,69,32.85507246376812,15,48.0,48.0,1.0,Horizon Edinburgh,Edinburgh,Medium,General,94,2025,6,2,11,2,24,0,0.5123697916666666,1.0,7,0.7011135857461024
HHN-EDI-01,2025-06-12,18,17,16.0,8.510416666666666,11.713541666666666,0.0,0.6705355927093058,7,2.9714285714285715,0,38,54.526315789473685,12,48.0,48.0,1.0,Horizon Edinburgh,Edinburgh,Medium,General,94,2025,6,2,12,3,24,0,0.5319010416666666,1.0,1,0.7265451311694087
HHN-EDI-01,2025-06-13,20,20,16.0,8.96875,11.697916666666666,0.0,0.7068600096288514,4,1.275,0,46,49.80434782608695,15,48.0,47.0,0.96875,Horizon Edinburgh,Edinburgh,Medium,General,94,2025,6,2,13,4,24,0,0.560546875,0.9791666666666666,0,0.7666963490650045
HHN-EDI-01,2025-06-14,11,24,16.0,8.083333333333334,11.651041666666666,0.0,0.6330931451106083,0,0.0,0,57,41.70175438596491,14,48.0,48.0,1.0,Horizon Edinburgh,Edinburgh,Medium,General,94,2025,6,2,14,5,24,1,0.5052083333333334,1.0,-13,0.693786320965579
HHN-EDI-01,2025-06-15,21,19,16.0,7.869791666666667,11.625,0.0,0.6119624873186454,0,0.0,0,50,64.16,19,48.0,46.0,0.9375,Horizon Edinburgh,Edinburgh,Medium,General,94,2025,6,2,15,6,24,1,0.4918619791666667,0.9583333333333334,2,0.6769713261648745
HHN-EDI-01,2025-06-16,22,17,16.0,8.421875,11.697916666666666,0.0,0.6313465831043956,8,3.05,1,43,49.27906976744186,13,48.0,46.0,0.9375,Horizon Edinburgh,Edinburgh,Medium,General,94,2025,6,2,16,0,25,0,0.5263671875,0.9583333333333334,5,0.719946571682992
HHN-EDI-01,2025-06-17,24,21,16.0,8.041666666666666,11.734375,0.0,0.6143938705289808,8,2.6125,0,51,50.3921568627451,17,48.0,47.0,0.96875,Horizon Edinburgh,Edinburgh,Medium,General,94,2025,6,2,17,1,25,0,0.5026041666666666,0.9791666666666666,3,0.6853084775854416
HHN-EDI-01,2025-06-18,21,13,16.0,8.46875,11.692708333333334,0.0,0.6328540230194643,8,3.8375,0,54,44.57407407407408,14,48.0,48.0,1.0,Horizon Edinburgh,Edinburgh,Medium,General,94,2025,6,2,18,2,25,0,0.529296875,1.0,8,0.7242761692650334
HHN-EDI-01,2025-06-19,27,27,16.0,8.729166666666666,11.692708333333334,0.0,0.6611621919066771,11,3.372727272727273,0,51,39.431372549019606,14,48.0,48.0,1.0,Horizon Edinburgh,Edinburgh,Medium,General,94,2025,6,2,19,3,25,0,0.5455729166666666,1.0,0,0.7465478841870823
HHN-EDI-01,2025-06-20,25,18,16.0,8.755208333333334,11.697916666666666,0.0,0.6718637495062127,5,3.46,0,68,45.838235294117645,24,48.0,48.0,1.0,Horizon Edinburgh,Edinburgh,Medium,General,94,2025,6,2,20,4,25,0,0.5472005208333334,1.0,7,0.7484416740872664
HHN-EDI-01,2025-06-21,11,27,16.0,8.947916666666666,11.661458333333334,0.0,0.6802141736769495,0,0.0,0,49,32.244897959183675,9,48.0,47.0,0.96875,Horizon Edinburgh,Edinburgh,Medium,General,94,2025,6,2,21,5,25,1,0.5592447916666666,0.9791666666666666,-16,0.7673068334077713
HHN-EDI-01,2025-06-22,9,18,16.0,7.682291666666667,11.635416666666666,0.0,0.575308906949532,0,0.0,0,33,35.27272727272727,9,48.0,44.0,0.875,Horizon Edinburgh,Edinburgh,Medium,General,94,2025,6,2,22,6,25,1,0.4801432291666667,0.9166666666666666,-9,0.6602506714413608
HHN-EDI-01,2025-06-23,26,23,16.0,7.489583333333333,11.65625,0.0,0.5894135097949437,7,2.771428571428572,0,51,62.19607843137255,18,48.0,48.0,1.0,Horizon Edinburgh,Edinburgh,Medium,General,94,2025,6,2,23,0,26,0,0.4680989583333333,1.0,3,0.6425379803395889
HHN-EDI-01,2025-06-24,18,23,16.0,7.890625,11.677083333333334,0.0,0.6360125266719936,11,3.409090909090909,0,37,38.08108108108108,9,48.0,45.0,0.90625,Horizon Edinburgh,Edinburgh,Medium,General,94,2025,6,2,24,1,26,0,0.4931640625,0.9375,-5,0.675735950044603
HHN-EDI-01,2025-06-25,20,20,16.0,7.692708333333333,11.666666666666666,0.0,0.588927063881108,4,2.675,0,33,81.24242424242425,14,48.0,46.0,0.9375,Horizon Edinburgh,Edinburgh,Medium,General,94,2025,6,2,25,2,26,0,0.4807942708333333,0.9583333333333334,0,0.659375
HHN-EDI-01,2025-06-26,22,25,16.0,7.307291666666667,11.661458333333334,0.0,0.582659902903469,10,2.92,1,40,89.825,18,48.0,47.0,0.96875,Horizon Edinburgh,Edinburgh,Medium,General,94,2025,6,2,26,3,26,0,0.4567057291666667,0.9791666666666666,-3,0.6266190263510496
HHN-EDI-01,2025-06-27,20,15,16.0,7.333333333333333,11.651041666666666,0.0,0.594222993016651,4,2.775,0,36,53.75,11,48.0,48.0,1.0,Horizon Edinburgh,Edinburgh,Medium,General,94,2025,6,2,27,4,26,0,0.4583333333333333,1.0,5,0.629414394278051
HHN-EDI-01,2025-06-28,13,17,16.0,6.901041666666667,11.645833333333334,0.0,0.5414131190670712,0,0.0,0,61,33.39344262295082,13,48.0,46.0,0.9375,Horizon Edinburgh,Edinburgh,Medium,General,94,2025,6,2,28,5,26,1,0.4313151041666667,0.9583333333333334,-4,0.5925760286225402
HHN-EDI-01,2025-06-29,13,19,16.0,6.140625,11.65625,0.09375,0.4807910630865594,0,0.0,0,77,25.103896103896105,14,48.0,47.0,0.96875,Horizon Edinburgh,Edinburgh,Medium,General,94,2025,6,2,29,6,26,1,0.3837890625,0.9791666666666666,-6,0.5268096514745308
HHN-EDI-01,2025-06-30,32,15,16.0,6.588541666666667,11.6875,0.25,0.5082373253788695,6,3.3666666666666667,0,68,77.32352941176471,27,48.0,46.0,0.9375,Horizon Edinburgh,Edinburgh,Medium,General,94,2025,6,2,30,0,27,0,0.4117838541666667,0.9583333333333334,17,0.5637254901960784
HHN-EDI-01,2025-07-01,19,22,16.0,7.682291666666667,11.71875,0.25,0.6040037589555053,9,2.111111111111111,0,38,36.92105263157895,9,48.0,47.0,0.96875,Horizon Edinburgh,Edinburgh,Medium,General,94,2025,7,3,1,1,27,0,0.4801432291666667,0.9791666666666666,-3,0.6555555555555556
HHN-EDI-01,2025-07-02,18,13,16.0,7.760416666666667,11.729166666666666,0.25,0.5983918527346836,6,4.3,1,40,40.825,13,48.0,47.0,0.96875,Horizon Edinburgh,Edinburgh,Medium,General,94,2025,7,3,2,2,27,0,0.4850260416666667,0.9791666666666666,5,0.6616341030195383
HHN-EDI-01,2025-07-03,15,25,16.0,7.609375,11.708333333333334,0.0104166666666666,0.5944444725005387,4,2.1500000000000004,0,54,23.25925925925926,10,48.0,45.0,0.90625,Horizon Edinburgh,Edinburgh,Medium,General,94,2025,7,3,3,3,27,0,0.4755859375,0.9375,-10,0.6499110320284697
HHN-EDI-01,2025-07-04,12,16,16.0,7.135416666666667,11.729166666666666,0.0,0.5698260353821015,5,3.1800000000000006,1,47,25.872340425531917,6,48.0,48.0,1.0,Horizon Edinburgh,Edinburgh,Medium,General,94,2025,7,3,4,4,27,0,0.4459635416666667,1.0,-4,0.6083481349911191
HHN-EDI-01,2025-07-05,12,19,16.0,6.322916666666667,11.630208333333334,0.0,0.4976302700567406,0,0.0,0,55,22.145454545454545,12,48.0,48.0,1.0,Horizon Edinburgh,Edinburgh,Medium,General,94,2025,7,3,5,5,27,1,0.3951822916666667,1.0,-7,0.5436632333184057
HHN-EDI-01,2025-07-06,7,9,16.0,5.942708333333333,11.635416666666666,0.0,0.4678413426000742,0,0.0,0,40,25.625,7,48.0,47.0,0.96875,Horizon Edinburgh,Edinburgh,Medium,General,94,2025,7,3,6,6,27,1,0.3714192708333333,0.9791666666666666,-2,0.5107430617726052
HHN-EDI-01,2025-07-07,23,16,16.0,6.307291666666667,11.71875,0.0,0.5026548640289449,8,2.7875,0,67,48.26865671641791,18,48.0,46.0,0.9375,Horizon Edinburgh,Edinburgh,Medium,General,94,2025,7,3,7,0,28,0,0.3942057291666667,0.9583333333333334,7,0.5382222222222223
HHN-EDI-01,2025-07-08,15,17,16.0,7.234375,11.713541666666666,0.0,0.5708347221099979,7,2.071428571428572,0,30,31.5,7,48.0,48.0,1.0,Horizon Edinburgh,Edinburgh,Medium,General,94,2025,7,3,8,1,28,0,0.4521484375,1.0,-2,0.6176078257003113
HHN-EDI-01,2025-07-09,20,15,16.0,6.942708333333333,11.677083333333334,0.0,0.5403152186355311,5,3.82,1,50,51.68,14,48.0,48.0,1.0,Horizon Edinburgh,Edinburgh,Medium,General,94,2025,7,3,9,2,28,0,0.4339192708333333,1.0,5,0.5945584299732382
HHN-EDI-01,2025-07-10,29,17,16.0,7.651041666666667,11.666666666666666,0.0,0.627855619411226,9,2.4222222222222225,0,61,49.59016393442623,21,48.0,47.0,0.96875,Horizon Edinburgh,Edinburgh,Medium,General,94,2025,7,3,10,3,28,0,0.4781901041666667,0.9791666666666666,12,0.6558035714285715
HHN-EDI-01,2025-07-11,15,18,16.0,8.265625,11.703125,0.0,0.6530957655498096,2,3.1,1,42,49.30952380952381,13,48.0,47.0,0.96875,Horizon Edinburgh,Edinburgh,Medium,General,94,2025,7,3,11,4,28,0,0.5166015625,0.9791666666666666,-3,0.7062750333778371
HHN-EDI-01,2025-07-12,22,22,16.0,8.005208333333334,11.635416666666666,0.0,0.6416898784086283,0,0.0,0,76,40.85526315789474,21,48.0,47.0,0.96875,Horizon Edinburgh,Edinburgh,Medium,General,94,2025,7,3,12,5,28,1,0.5003255208333334,0.9791666666666666,0,0.688003581020591
HHN-EDI-01,2025-07-13,11,19,16.0,7.546875,11.645833333333334,0.0,0.5935286982047092,0,0.0,0,41,51.21951219512195,11,48.0,45.0,0.90625,Horizon Edinburgh,Edinburgh,Medium,General,94,2025,7,3,13,6,28,1,0.4716796875,0.9375,-8,0.6480322003577818
HHN-EDI-01,2025-07-14,17,15,16.0,7.671875,11.708333333333334,0.0,0.6056403831564677,7,3.585714285714286,0,34,43.97058823529412,9,48.0,48.0,1.0,Horizon Edinburgh,Edinburgh,Medium,General,94,2025,7,3,14,0,29,0,0.4794921875,1.0,2,0.6552491103202847
HHN-EDI-01,2025-07-15,8,21,16.0,6.5625,11.692708333333334,0.0,0.4988138631520984,4,2.95,0,23,36.91304347826087,6,48.0,48.0,1.0,Horizon Edinburgh,Edinburgh,Medium,General,94,2025,7,3,15,1,29,0,0.41015625,1.0,-13,0.5612472160356348
HHN-EDI-01,2025-07-16,27,11,16.0,7.213541666666667,11.703125,0.0,0.5658190640038067,9,3.2777777777777777,1,63,47.65079365079365,18,48.0,48.0,1.0,Horizon Edinburgh,Edinburgh,Medium,General,94,2025,7,3,16,2,29,0,0.4508463541666667,1.0,16,0.6163773920783266
HHN-EDI-01,2025-07-17,17,17,16.0,8.151041666666666,11.703125,0.0,0.6067053036492375,6,4.283333333333333,0,24,61.208333333333336,9,48.0,48.0,1.0,Horizon Edinburgh,Edinburgh,Medium,General,94,2025,7,3,17,3,29,0,0.5094401041666666,1.0,0,0.6964842011570983
HHN-EDI-01,2025-07-18,28,22,16.0,8.276041666666666,11.6875,0.0,0.6185977302245684,4,2.1,0,63,75.85714285714286,26,48.0,48.0,1.0,Horizon Edinburgh,Edinburgh,Medium,General,94,2025,7,3,18,4,29,0,0.5172526041666666,1.0,6,0.7081105169340463
HHN-EDI-01,2025-07-19,15,17,16.0,8.078125,11.6875,0.0,0.5947495357651608,0,0.0,0,64,34.203125,14,48.0,46.0,0.9375,Horizon Edinburgh,Edinburgh,Medium,General,94,2025,7,3,19,5,29,1,0.5048828125,0.9583333333333334,-2,0.6911764705882353
HHN-EDI-01,2025-07-20,5,24,16.0,7.130208333333333,11.625,0.0,0.5281873593454476,0,0.0,0,35,23.142857142857142,5,48.0,47.0,0.96875,Horizon Edinburgh,Edinburgh,Medium,General,94,2025,7,3,20,6,29,1,0.4456380208333333,0.9791666666666666,-19,0.6133512544802867
HHN-EDI-01,2025-07-21,13,12,16.0,6.057291666666667,11.708333333333334,0.109375,0.4497614811148818,2,3.15,2,48,31.52083333333333,11,48.0,48.0,1.0,Horizon Edinburgh,Edinburgh,Medium,General,94,2025,7,3,21,0,30,0,0.3785807291666667,1.0,1,0.5173487544483986
HHN-EDI-01,2025-07-22,17,12,16.0,6.927083333333333,11.713541666666666,0.125,0.526422570230015,4,2.35,1,68,36.20588235294117,16,48.0,47.0,0.96875,Horizon Edinburgh,Edinburgh,Medium,General,94,2025,7,3,22,1,30,0,0.4329427083333333,0.9791666666666666,5,0.5913739439751
HHN-EDI-01,2025-07-23,16,18,16.0,6.583333333333333,11.713541666666666,0.125,0.5059279487703201,2,4.65,0,34,75.17647058823529,14,48.0,48.0,1.0,Horizon Edinburgh,Edinburgh,Medium,General,94,2025,7,3,23,2,30,0,0.4114583333333333,1.0,-2,0.5620275678079146
HHN-EDI-01,2025-07-24,22,18,16.0,7.21875,11.713541666666666,0.125,0.578222957853013,5,3.1,1,52,47.36538461538461,16,48.0,48.0,1.0,Horizon Edinburgh,Edinburgh,Medium,General,94,2025,7,3,24,3,30,0,0.451171875,1.0,4,0.6162738995108937
HHN-EDI-01,2025-07-25,16,18,16.0,7.182291666666667,11.6875,0.0989583333333333,0.5716182727097249,4,3.15,0,47,38.4468085106383,11,48.0,47.0,0.96875,Horizon Edinburgh,Edinburgh,Medium,General,94,2025,7,3,25,4,30,0,0.4488932291666667,0.9791666666666666,-2,0.6145276292335116
HHN-EDI-01,2025-07-26,9,16,16.0,6.578125,11.677083333333334,0.0,0.5258040970127368,0,0.0,0,34,29.41176470588235,8,48.0,48.0,1.0,Horizon Edinburgh,Edinburgh,Medium,General,94,2025,7,3,26,5,30,1,0.4111328125,1.0,-7,0.563336306868867
HHN-EDI-01,2025-07-27,13,11,16.0,6.09375,11.619791666666666,0.0,0.4969186926907515,0,0.0,0,49,37.06122448979592,13,48.0,48.0,1.0,Horizon Edinburgh,Edinburgh,Medium,General,94,2025,7,3,27,6,30,1,0.380859375,1.0,2,0.5244285073957867
HHN-EDI-01,2025-07-28,26,18,16.0,6.973958333333333,11.671875,0.0,0.5871834477647897,12,2.183333333333333,0,62,28.90322580645161,14,48.0,48.0,1.0,Horizon Edinburgh,Edinburgh,Medium,General,94,2025,7,3,28,0,31,0,0.4358723958333333,1.0,8,0.5975011155734047
HHN-EDI-01,2025-07-29,11,16,16.0,6.984375,11.692708333333334,0.0,0.5584846538775766,5,4.12,0,38,20.44736842105263,6,48.0,48.0,1.0,Horizon Edinburgh,Edinburgh,Medium,General,94,2025,7,3,29,1,31,0,0.4365234375,1.0,-5,0.5973273942093541
HHN-EDI-01,2025-07-30,28,19,16.0,6.875,11.713541666666666,0.0,0.540094510694235,4,2.8,0,72,47.48611111111112,25,48.0,48.0,1.0,Horizon Edinburgh,Edinburgh,Medium,General,94,2025,7,3,30,2,31,0,0.4296875,1.0,9,0.5869275233437083
HHN-EDI-01,2025-07-31,12,20,16.0,7.098958333333333,11.708333333333334,0.0,0.5589053830666882,2,2.15,0,41,53.63414634146341,11,48.0,48.0,1.0,Horizon Edinburgh,Edinburgh,Medium,General,94,2025,7,3,31,3,31,0,0.4436848958333333,1.0,-8,0.6063167259786476
HHN-EDI-01,2025-08-01,19,15,16.0,6.755208333333333,11.671875,0.0,0.5476809627430032,3,3.4000000000000004,0,54,43.388888888888886,18,48.0,47.0,0.96875,Horizon Edinburgh,Edinburgh,Medium,General,94,2025,8,3,1,4,31,0,0.4222005208333333,0.9791666666666666,4,0.5787594823739401
HHN-EDI-01,2025-08-02,19,14,16.0,7.28125,11.630208333333334,0.0,0.5830232620558907,0,0.0,0,60,46.61666666666667,18,48.0,48.0,1.0,Horizon Edinburgh,Edinburgh,Medium,General,94,2025,8,3,2,5,31,1,0.455078125,1.0,5,0.6260635915808329
HHN-EDI-01,2025-08-03,21,17,16.0,7.786458333333333,11.640625,0.0,0.6133384096159832,0,0.0,0,60,48.4,20,48.0,48.0,1.0,Horizon Edinburgh,Edinburgh,Medium,General,94,2025,8,3,3,6,31,1,0.4866536458333333,1.0,4,0.668903803131991
HHN-EDI-01,2025-08-04,16,21,16.0,8.083333333333334,11.697916666666666,0.0,0.6491731869029663,3,4.366666666666667,0,49,37.04081632653061,12,48.0,48.0,1.0,Horizon Edinburgh,Edinburgh,Medium,General,94,2025,8,3,4,0,32,0,0.5052083333333334,1.0,-5,0.6910062333036511
HHN-EDI-01,2025-08-05,13,21,16.0,7.15625,11.682291666666666,0.0,0.5847464346315449,3,2.5666666666666664,0,34,45.14705882352941,10,48.0,48.0,1.0,Horizon Edinburgh,Edinburgh,Medium,General,94,2025,8,3,5,1,32,0,0.447265625,1.0,-8,0.6125724476148017
HHN-EDI-01,2025-08-06,13,17,16.0,6.520833333333333,11.666666666666666,0.109375,0.5181147913225119,4,3.925,0,26,54.84615384615385,9,48.0,46.0,0.9375,Horizon Edinburgh,Edinburgh,Medium,General,94,2025,8,3,6,2,32,0,0.4075520833333333,0.9583333333333334,-4,0.5589285714285714
HHN-EDI-01,2025-08-07,16,11,16.0,6.182291666666667,11.723958333333334,0.125,0.5066058634992459,4,1.925,1,42,77.28571428571429,16,48.0,48.0,1.0,Horizon Edinburgh,Edinburgh,Medium,General,94,2025,8,3,7,3,32,0,0.3863932291666667,1.0,5,0.5273211905819636
HHN-EDI-01,2025-08-08,15,18,16.0,6.661458333333333,11.682291666666666,0.125,0.5266969027194212,1,3.9,0,39,43.66666666666666,11,48.0,48.0,1.0,Horizon Edinburgh,Edinburgh,Medium,General,94,2025,8,3,8,4,32,0,0.4163411458333333,1.0,-3,0.5702184574230941
HHN-EDI-01,2025-08-09,10,12,16.0,6.145833333333333,11.557291666666666,0.1197916666666666,0.4989916499452345,0,0.0,0,47,30.93617021276596,10,48.0,46.0,0.9375,Horizon Edinburgh,Edinburgh,Medium,General,94,2025,8,3,9,5,32,1,0.3841145833333333,0.9583333333333334,-2,0.5317710680486706
HHN-EDI-01,2025-08-10,10,13,16.0,5.666666666666667,11.661458333333334,0.0,0.4548088706636501,0,0.0,0,23,52.43478260869565,9,48.0,48.0,1.0,Horizon Edinburgh,Edinburgh,Medium,General,94,2025,8,3,10,6,32,1,0.3541666666666667,1.0,-3,0.4859312192943278
HHN-EDI-01,2025-08-11,15,14,16.0,5.515625,11.697916666666666,0.0,0.4358860404471618,1,3.6,0,78,41.0,19,48.0,48.0,1.0,Horizon Edinburgh,Edinburgh,Medium,General,94,2025,8,3,11,0,33,0,0.3447265625,1.0,1,0.4715048975957258
HHN-EDI-01,2025-08-12,28,11,16.0,7.239583333333333,11.703125,0.0,0.5510322538470517,2,3.85,0,71,52.87323943661972,22,48.0,47.0,0.96875,Horizon Edinburgh,Edinburgh,Medium,General,94,2025,8,3,12,1,33,0,0.4524739583333333,0.9791666666666666,17,0.6186025812194036
HHN-EDI-01,2025-08-13,22,19,16.0,8.338541666666666,11.645833333333334,0.0,0.6576001574508008,3,2.1,1,57,62.50877192982456,21,48.0,47.0,0.96875,Horizon Edinburgh,Edinburgh,Medium,General,94,2025,8,3,13,2,33,0,0.5211588541666666,0.9791666666666666,3,0.7160107334525938
HHN-EDI-01,2025-08-14,15,24,16.0,7.78125,11.723958333333334,0.0,0.5873895618610693,1,3.7,0,31,61.354838709677416,13,48.0,48.0,1.0,Horizon Edinburgh,Edinburgh,Medium,General,94,2025,8,3,14,3,33,0,0.486328125,1.0,-9,0.663705019991115
HHN-EDI-01,2025-08-15,23,16,16.0,7.510416666666667,11.682291666666666,0.0,0.6012237553942518,1,0.2,0,53,49.264150943396224,21,48.0,46.0,0.9375,Horizon Edinburgh,Edinburgh,Medium,General,94,2025,8,3,15,4,33,0,0.4694010416666667,0.9583333333333334,7,0.6428889879625502
HHN-EDI-01,2025-08-16,18,15,16.0,8.453125,11.625,0.0,0.6718430628127319,0,0.0,0,63,59.01587301587302,20,48.0,48.0,1.0,Horizon Edinburgh,Edinburgh,Medium,General,94,2025,8,3,16,5,33,1,0.5283203125,1.0,3,0.7271505376344086
HHN-EDI-01,2025-08-17,20,14,16.0,8.640625,11.651041666666666,0.0,0.6941302208650554,0,0.0,0,45,60.75555555555555,18,48.0,47.0,0.96875,Horizon Edinburgh,Edinburgh,Medium,General,94,2025,8,3,17,6,33,1,0.5400390625,0.9791666666666666,6,0.7416182387125615
HHN-EDI-01,2025-08-18,11,32,16.0,7.895833333333333,11.661458333333334,0.0,0.6287434732172784,3,1.1,0,44,17.522727272727273,7,48.0,47.0,0.96875,Horizon Edinburgh,Edinburgh,Medium,General,94,2025,8,3,18,0,34,0,0.4934895833333333,0.9791666666666666,-21,0.6770879857079053
HHN-EDI-01,2025-08-19,10,17,16.0,6.223958333333333,11.708333333333334,0.0,0.4971268081217529,4,2.4250000000000003,0,25,62.24,8,48.0,47.0,0.96875,Horizon Edinburgh,Edinburgh,Medium,General,94,2025,8,3,19,1,34,0,0.3889973958333333,0.9791666666666666,-7,0.5315836298932384
HHN-EDI-01,2025-08-20,24,12,16.0,6.895833333333333,11.697916666666666,0.0,0.540572156346513,2,3.05,0,64,50.1875,20,48.0,47.0,0.96875,Horizon Edinburgh,Edinburgh,Medium,General,94,2025,8,3,20,2,34,0,0.4309895833333333,0.9791666666666666,12,0.5894924309884239
HHN-EDI-01,2025-08-21,20,18,16.0,7.28125,11.697916666666666,0.0,0.5506682353764155,1,3.6,0,57,54.70175438596491,19,48.0,47.0,0.96875,Horizon Edinburgh,Edinburgh,Medium,General,94,2025,8,3,21,3,34,0,0.455078125,0.9791666666666666,2,0.622439893143366
HHN-EDI-01,2025-08-22,8,18,16.0,6.838541666666667,11.677083333333334,0.0,0.501744065013826,0,0.0,0,37,22.62162162162162,8,48.0,48.0,1.0,Horizon Edinburgh,Edinburgh,Medium,General,94,2025,8,3,22,4,34,0,0.4274088541666667,1.0,-10,0.5856378233719893
HHN-EDI-01,2025-08-23,22,11,16.0,6.6875,11.619791666666666,0.0,0.5111547897738155,0,0.0,0,65,55.92307692307692,22,48.0,48.0,1.0,Horizon Edinburgh,Edinburgh,Medium,General,94,2025,8,3,23,5,34,1,0.41796875,1.0,11,0.5755266696548633
HHN-EDI-01,2025-08-24,13,15,16.0,7.208333333333333,11.65625,0.0,0.545768794964567,0,0.0,0,39,39.30769230769231,13,48.0,45.0,0.90625,Horizon Edinburgh,Edinburgh,Medium,General,94,2025,8,3,24,6,34,1,0.4505208333333333,0.9375,-2,0.6184092940125111
HHN-EDI-01,2025-08-25,6,12,16.0,7.072916666666667,11.708333333333334,0.0,0.5377420539529915,0,0.0,0,25,38.48,6,48.0,48.0,1.0,Horizon Edinburgh,Edinburgh,Medium,General,94,2025,8,3,25,0,35,0,0.4420572916666667,1.0,-6,0.6040925266903915
HHN-EDI-01,2025-08-26,18,23,16.0,6.453125,11.6875,0.0,0.5130312281162465,6,2.566666666666667,0,42,38.023809523809526,12,48.0,48.0,1.0,Horizon Edinburgh,Edinburgh,Medium,General,94,2025,8,3,26,1,35,0,0.4033203125,1.0,-5,0.5521390374331551
HHN-EDI-01,2025-08-27,12,13,16.0,6.067708333333333,11.708333333333334,0.0,0.5074315216204003,4,2.0,1,35,57.142857142857146,10,48.0,47.0,0.96875,Horizon Edinburgh,Edinburgh,Medium,General,94,2025,8,3,27,2,35,0,0.3792317708333333,0.9791666666666666,-1,0.518238434163701
HHN-EDI-01,2025-08-28,19,11,16.0,6.583333333333333,11.697916666666666,0.0677083333333333,0.5610758586287079,1,6.8,0,71,30.732394366197184,16,48.0,47.0,0.96875,Horizon Edinburgh,Edinburgh,Medium,General,94,2025,8,3,28,3,35,0,0.4114583333333333,0.9791666666666666,8,0.5627782724844167
HHN-EDI-01,2025-08-29,12,11,16.0,6.916666666666667,11.713541666666666,0.125,0.5777529668384448,1,3.6,0,44,37.70454545454545,11,48.0,47.0,0.96875,Horizon Edinburgh,Edinburgh,Medium,General,94,2025,8,3,29,4,35,0,0.4322916666666667,0.9791666666666666,1,0.5904846598488217
HHN-EDI-01,2025-08-30,11,11,16.0,7.0,11.65625,0.125,0.5813824247647777,0,0.0,0,50,38.58,12,48.0,48.0,1.0,Horizon Edinburgh,Edinburgh,Medium,General,94,2025,8,3,30,5,35,1,0.4375,1.0,0,0.6005361930294906
HHN-EDI-01,2025-08-31,14,19,16.0,6.796875,11.651041666666666,0.125,0.5531431008567956,0,0.0,0,41,38.63414634146341,14,48.0,47.0,0.96875,Horizon Edinburgh,Edinburgh,Medium,General,94,2025,8,3,31,6,35,1,0.4248046875,0.9791666666666666,-5,0.583370585605722
HHN-EDI-01,2025-09-01,22,18,16.0,6.994791666666667,11.703125,0.1666666666666666,0.573690514533805,9,1.8888888888888888,0,51,47.64705882352941,14,48.0,48.0,1.0,Horizon Edinburgh,Edinburgh,Medium,General,94,2025,9,3,1,0,36,0,0.4371744791666667,1.0,4,0.5976858032932799
HHN-EDI-01,2025-09-02,12,22,16.0,6.625,11.661458333333334,0.375,0.5127610993649597,3,3.0666666666666664,2,44,40.77272727272727,8,48.0,48.0,1.0,Horizon Edinburgh,Edinburgh,Medium,General,94,2025,9,3,2,1,36,0,0.4140625,1.0,-10,0.5681107637338098
HHN-EDI-01,2025-09-03,16,18,16.0,5.458333333333333,11.697916666666666,0.3489583333333333,0.4438417481041561,1,3.9,1,57,47.56140350877193,15,48.0,47.0,0.96875,Horizon Edinburgh,Edinburgh,Medium,General,94,2025,9,3,3,2,36,0,0.3411458333333333,0.9791666666666666,-2,0.4666073018699911
HHN-EDI-01,2025-09-04,20,10,16.0,5.90625,11.6875,0.25,0.482661586269123,9,2.844444444444445,1,43,51.53488372093023,12,48.0,48.0,1.0,Horizon Edinburgh,Edinburgh,Medium,General,94,2025,9,3,4,3,36,0,0.369140625,1.0,10,0.5053475935828877
HHN-EDI-01,2025-09-05,29,18,16.0,7.0625,11.6875,0.25,0.5787200697586727,5,3.38,0,73,53.08219178082192,23,48.0,47.0,0.96875,Horizon Edinburgh,Edinburgh,Medium,General,94,2025,9,3,5,4,36,0,0.44140625,0.9791666666666666,11,0.6042780748663101
HHN-EDI-01,2025-09-06,11,15,16.0,7.036458333333333,11.697916666666666,0.03125,0.572001182283811,0,0.0,0,36,30.694444444444443,10,48.0,47.0,0.96875,Horizon Edinburgh,Edinburgh,Medium,General,94,2025,9,3,6,5,36,1,0.4397786458333333,0.9791666666666666,-4,0.6015138023152271
HHN-EDI-01,2025-09-07,11,18,16.0,6.885416666666667,11.671875,0.0,0.5803446625712251,0,0.0,0,51,40.07843137254902,12,48.0,46.0,0.9375,Horizon Edinburgh,Edinburgh,Medium,General,94,2025,9,3,7,6,36,1,0.4303385416666667,0.9583333333333334,-7,0.5899152164212406
HHN-EDI-01,2025-09-08,12,21,16.0,6.348958333333333,11.703125,0.0,0.5580443836188321,5,3.7,1,30,52.66666666666666,7,48.0,48.0,1.0,Horizon Edinburgh,Edinburgh,Medium,General,94,2025,9,3,8,0,37,0,0.3968098958333333,1.0,-9,0.5425011125945706
HHN-EDI-01,2025-09-09,21,20,16.0,5.8125,11.71875,0.0,0.5001026151646556,6,3.4,1,33,63.03030303030303,14,48.0,48.0,1.0,Horizon Edinburgh,Edinburgh,Medium,General,94,2025,9,3,9,1,37,0,0.36328125,1.0,1,0.496
HHN-EDI-01,2025-09-10,12,6,16.0,6.239583333333333,11.692708333333334,0.0,0.5295276223470157,7,2.557142857142857,0,29,39.44827586206897,6,48.0,48.0,1.0,Horizon Edinburgh,Edinburgh,Medium,General,94,2025,9,3,10,2,37,0,0.3899739583333333,1.0,6,0.533630289532294
HHN-EDI-01,2025-09-11,23,12,16.0,6.791666666666667,11.682291666666666,0.0,0.5856788041071129,5,1.78,0,52,57.40384615384615,19,48.0,48.0,1.0,Horizon Edinburgh,Edinburgh,Medium,General,94,2025,9,3,11,3,37,0,0.4244791666666667,1.0,11,0.5813642443156487
HHN-EDI-01,2025-09-12,17,18,16.0,7.791666666666667,11.666666666666666,0.0,0.6395063894949006,4,3.7,0,42,48.71428571428572,13,48.0,48.0,1.0,Horizon Edinburgh,Edinburgh,Medium,General,94,2025,9,3,12,4,37,0,0.4869791666666667,1.0,-1,0.6678571428571429
HHN-EDI-01,2025-09-13,26,19,16.0,8.09375,11.666666666666666,0.0,0.6566491026164739,0,0.0,0,75,50.38666666666666,24,48.0,48.0,1.0,Horizon Edinburgh,Edinburgh,Medium,General,94,2025,9,3,13,5,37,1,0.505859375,1.0,7,0.6937500000000001
HHN-EDI-01,2025-09-14,12,23,16.0,7.765625,11.645833333333334,0.0,0.6083367234447198,0,0.0,0,52,33.05769230769231,13,48.0,45.0,0.90625,Horizon Edinburgh,Edinburgh,Medium,General,94,2025,9,3,14,6,37,1,0.4853515625,0.9375,-11,0.6668157423971377
HHN-EDI-01,2025-09-15,22,21,16.0,7.557291666666667,11.671875,0.0,0.5987929940940051,5,3.28,0,46,65.82608695652173,16,48.0,48.0,1.0,Horizon Edinburgh,Edinburgh,Medium,General,94,2025,9,3,15,0,38,0,0.4723307291666667,1.0,1,0.6474788041053101
HHN-EDI-01,2025-09-16,17,18,16.0,7.270833333333333,11.661458333333334,0.0625,0.6190611093529292,7,2.414285714285714,0,45,51.55555555555556,13,48.0,42.0,0.8125,Horizon Edinburgh,Edinburgh,Medium,General,94,2025,9,3,16,1,38,0,0.4544270833333333,0.875,-1,0.6234926306386779
HHN-EDI-01,2025-09-17,22,15,16.0,7.421875,11.692708333333334,0.375,0.602508616961742,5,2.4,0,44,56.02272727272727,17,48.0,47.0,0.96875,Horizon Edinburgh,Edinburgh,Medium,General,94,2025,9,3,17,2,38,0,0.4638671875,0.9791666666666666,7,0.6347438752783964
HHN-EDI-01,2025-09-18,32,20,16.0,8.458333333333334,11.692708333333334,0.3125,0.6848397492009625,9,3.344444444444445,1,76,49.11842105263158,22,48.0,47.0,0.96875,Horizon Edinburgh,Edinburgh,Medium,General,94,2025,9,3,18,3,38,0,0.5286458333333334,0.9791666666666666,12,0.7233853006681514
HHN-EDI-01,2025-09-19,13,17,16.0,9.036458333333334,11.692708333333334,0.0,0.718254781880701,6,3.45,0,27,46.22222222222222,7,48.0,48.0,1.0,Horizon Edinburgh,Edinburgh,Medium,General,94,2025,9,3,19,4,38,0,0.5647786458333334,1.0,-4,0.7728285077951003
HHN-EDI-01,2025-09-20,28,16,16.0,8.901041666666666,11.661458333333334,0.0,0.7038284130425674,0,0.0,0,84,68.11904761904762,32,48.0,47.0,0.96875,Horizon Edinburgh,Edinburgh,Medium,General,94,2025,9,3,20,5,38,1,0.5563151041666666,0.9791666666666666,12,0.7632871817775791
HHN-EDI-01,2025-09-21,20,28,16.0,9.963541666666666,11.625,0.0,0.7892998732612703,0,0.0,0,45,49.91111111111111,15,48.0,47.0,0.96875,Horizon Edinburgh,Edinburgh,Medium,General,94,2025,9,3,21,6,38,1,0.6227213541666666,0.9791666666666666,-8,0.8570788530465949
HHN-EDI-01,2025-09-22,16,24,16.0,8.614583333333334,11.713541666666666,0.0,0.6917043740573153,2,0.2,1,58,36.06896551724138,15,48.0,46.0,0.9375,Horizon Edinburgh,Edinburgh,Medium,General,94,2025,9,3,22,0,39,0,0.5384114583333334,0.9583333333333334,-8,0.7354379724321922
HHN-EDI-01,2025-09-23,31,22,16.0,9.0,11.713541666666666,0.0,0.7144120462020278,11,2.981818181818181,1,49,64.77551020408163,20,48.0,47.0,0.96875,Horizon Edinburgh,Edinburgh,Medium,General,94,2025,9,3,23,1,39,0,0.5625,0.9791666666666666,9,0.768341485104491
HHN-EDI-01,2025-09-24,23,19,16.0,9.328125,11.703125,0.0,0.7376859511165578,7,2.357142857142857,0,52,39.26923076923077,16,48.0,48.0,1.0,Horizon Edinburgh,Edinburgh,Medium,General,94,2025,9,3,24,2,39,0,0.5830078125,1.0,4,0.7970627503337784
HHN-EDI-01,2025-09-25,17,26,16.0,9.354166666666666,11.671875,0.0,0.7389004760558069,3,3.8333333333333335,0,41,56.1219512195122,15,48.0,46.0,0.9375,Horizon Edinburgh,Edinburgh,Medium,General,94,2025,9,3,25,3,39,0,0.5846354166666666,0.9583333333333334,-9,0.8014279339580543
HHN-EDI-01,2025-09-26,22,23,16.0,8.682291666666666,11.697916666666666,0.0,0.71029873287456,3,3.333333333333333,1,49,46.51020408163265,17,48.0,46.0,0.9375,Horizon Edinburgh,Edinburgh,Medium,General,94,2025,9,3,26,4,39,0,0.5426432291666666,0.9583333333333334,-1,0.7422083704363313
HHN-EDI-01,2025-09-27,23,21,16.0,8.442708333333334,11.635416666666666,0.0,0.6767896281108597,0,0.0,0,88,46.28409090909091,26,48.0,46.0,0.9375,Horizon Edinburgh,Edinburgh,Medium,General,94,2025,9,3,27,5,39,1,0.5276692708333334,0.9583333333333334,2,0.7256042972247091
HHN-EDI-01,2025-09-28,24,20,16.0,9.515625,11.697916666666666,0.0,0.7437052224736048,0,0.0,0,52,84.09615384615384,23,48.0,46.0,0.9375,Horizon Edinburgh,Edinburgh,Medium,General,94,2025,9,3,28,6,39,1,0.5947265625,0.9583333333333334,4,0.813446126447017
HHN-EDI-01,2025-09-29,23,27,16.0,9.135416666666666,11.65625,0.0,0.7291989124709713,7,2.9714285714285715,0,45,53.422222222222224,15,48.0,48.0,1.0,Horizon Edinburgh,Edinburgh,Medium,General,94,2025,9,3,29,0,40,0,0.5709635416666666,1.0,-4,0.7837354781054513
HHN-EDI-01,2025-09-30,15,19,16.0,8.708333333333334,11.682291666666666,0.0,0.7099023142911011,4,3.6,0,44,39.43181818181818,13,48.0,47.0,0.96875,Horizon Edinburgh,Edinburgh,Medium,General,94,2025,9,3,30,1,40,0,0.5442708333333334,0.9791666666666666,-4,0.7454302273740527
HHN-EDI-01,2025-10-01,15,27,16.0,7.776041666666667,11.65625,0.0,0.6471822142318465,4,4.975,0,38,41.47368421052632,11,48.0,47.0,0.96875,Horizon Edinburgh,Edinburgh,Medium,General,94,2025,10,4,1,2,40,0,0.4860026041666667,0.9791666666666666,-12,0.6671134941912422
HHN-EDI-01,2025-10-02,30,18,16.0,7.703125,11.703125,0.0,0.664939627026024,4,2.825,1,74,55.33783783783784,26,48.0,48.0,1.0,Horizon Edinburgh,Edinburgh,Medium,General,94,2025,10,4,2,3,40,0,0.4814453125,1.0,12,0.6582109479305741
HHN-EDI-01,2025-10-03,12,23,16.0,7.666666666666667,11.640625,0.0,0.6618585114334196,4,1.825,0,43,24.209302325581397,9,48.0,48.0,1.0,Horizon Edinburgh,Edinburgh,Medium,General,94,2025,10,4,3,4,40,0,0.4791666666666667,1.0,-11,0.6586129753914989
HHN-EDI-01,2025-10-04,13,15,16.0,7.151041666666667,11.65625,0.0,0.5758409393404798,0,0.0,0,44,55.0,15,48.0,48.0,1.0,Horizon Edinburgh,Edinburgh,Medium,General,94,2025,10,4,4,5,40,1,0.4469401041666667,1.0,-2,0.6134941912421805
HHN-EDI-01,2025-10-05,17,16,16.0,7.229166666666667,11.6875,0.0,0.5861099327551533,0,0.0,0,47,49.38297872340426,16,48.0,47.0,0.96875,Horizon Edinburgh,Edinburgh,Medium,General,94,2025,10,4,5,6,40,1,0.4518229166666667,0.9791666666666666,1,0.6185383244206774
HHN-EDI-01,2025-10-06,31,14,16.0,8.317708333333334,11.65625,0.0,0.6593168911528287,5,4.42,2,83,48.65060240963855,26,48.0,48.0,1.0,Horizon Edinburgh,Edinburgh,Medium,General,94,2025,10,4,6,0,41,0,0.5198567708333334,1.0,17,0.7135835567470957
HHN-EDI-01,2025-10-07,29,16,16.0,9.848958333333334,11.713541666666666,0.0,0.7819836668641815,5,2.6,1,74,52.472972972972975,25,48.0,47.0,0.96875,Horizon Edinburgh,Edinburgh,Medium,General,94,2025,10,4,7,1,41,0,0.6155598958333334,0.9791666666666666,13,0.8408181413961762
HHN-EDI-01,2025-10-08,18,22,16.0,9.723958333333334,11.692708333333334,0.0,0.7863605297888386,5,2.76,1,47,56.8936170212766,15,48.0,46.0,0.9375,Horizon Edinburgh,Edinburgh,Medium,General,94,2025,10,4,8,2,41,0,0.6077473958333334,0.9583333333333334,-4,0.8316258351893095
HHN-EDI-01,2025-10-09,20,30,16.0,8.729166666666666,11.713541666666666,0.0,0.7218516713576456,7,3.271428571428572,0,46,48.69565217391305,12,48.0,46.0,0.9375,Horizon Edinburgh,Edinburgh,Medium,General,94,2025,10,4,9,3,41,0,0.5455729166666666,0.9583333333333334,-10,0.7452200978212539
HHN-EDI-01,2025-10-10,29,14,16.0,8.96875,11.713541666666666,0.0,0.7362318224565466,10,3.56,1,66,54.5,18,48.0,44.0,0.875,Horizon Edinburgh,Edinburgh,Medium,General,94,2025,10,4,10,4,41,0,0.560546875,0.9166666666666666,15,0.7656736327256559
HHN-EDI-01,2025-10-11,33,27,16.0,9.703125,11.677083333333334,0.0,0.7655930861928105,0,0.0,0,86,56.52325581395349,34,48.0,46.0,0.9375,Horizon Edinburgh,Edinburgh,Medium,General,94,2025,10,4,11,5,41,1,0.6064453125,0.9583333333333334,6,0.8309545049063336
HHN-EDI-01,2025-10-12,11,25,16.0,9.411458333333334,11.640625,0.0,0.7484235982053078,0,0.0,0,34,35.5,10,48.0,45.0,0.90625,Horizon Edinburgh,Edinburgh,Medium,General,94,2025,10,4,12,6,41,1,0.5882161458333334,0.9375,-14,0.8085011185682327
HHN-EDI-01,2025-10-13,15,26,16.0,8.578125,11.692708333333334,0.0,0.7005659054487179,4,2.825,0,45,29.244444444444444,11,48.0,48.0,1.0,Horizon Edinburgh,Edinburgh,Medium,General,94,2025,10,4,13,0,42,0,0.5361328125,1.0,-11,0.7336302895322939
HHN-EDI-01,2025-10-14,13,18,16.0,8.010416666666666,11.703125,0.0,0.6818909274446958,7,2.7285714285714286,0,28,36.46428571428572,7,48.0,48.0,1.0,Horizon Edinburgh,Edinburgh,Medium,General,94,2025,10,4,14,1,42,0,0.5006510416666666,1.0,-5,0.6844681797952825
HHN-EDI-01,2025-10-15,14,15,16.0,7.546875,11.697916666666666,0.0,0.6317315548014077,0,0.0,0,66,42.01515151515152,14,48.0,47.0,0.96875,Horizon Edinburgh,Edinburgh,Medium,General,94,2025,10,4,15,2,42,0,0.4716796875,0.9791666666666666,-1,0.6451469278717721
HHN-EDI-01,2025-10-16,18,16,16.0,7.739583333333333,11.692708333333334,0.125,0.6309651792073667,6,3.8666666666666663,0,49,59.36734693877551,15,48.0,47.0,0.96875,Horizon Edinburgh,Edinburgh,Medium,General,94,2025,10,4,16,3,42,0,0.4837239583333333,0.9791666666666666,2,0.6619153674832962
HHN-EDI-01,2025-10-17,26,24,16.0,8.53125,11.697916666666666,0.125,0.6896913492961287,4,2.4,0,60,47.35,20,48.0,47.0,0.96875,Horizon Edinburgh,Edinburgh,Medium,General,94,2025,10,4,17,4,42,0,0.533203125,0.9791666666666666,2,0.7292965271593945
HHN-EDI-01,2025-10-18,15,15,16.0,8.125,11.65625,0.125,0.6428206418785464,0,0.0,0,64,26.546875,14,48.0,47.0,0.96875,Horizon Edinburgh,Edinburgh,Medium,General,94,2025,10,4,18,5,42,1,0.5078125,0.9791666666666666,0,0.6970509383378016
HHN-EDI-01,2025-10-19,20,20,16.0,8.098958333333334,11.640625,0.1197916666666666,0.6398001180974527,0,0.0,0,76,50.078947368421055,22,48.0,47.0,0.96875,Horizon Edinburgh,Edinburgh,Medium,General,94,2025,10,4,19,6,42,1,0.5061848958333334,0.9791666666666666,0,0.6957494407158837
HHN-EDI-01,2025-10-20,25,24,16.0,9.088541666666666,11.71875,0.0,0.7169578889248007,5,2.78,0,73,48.05479452054794,22,48.0,48.0,1.0,Horizon Edinburgh,Edinburgh,Medium,General,94,2025,10,4,20,0,43,0,0.5680338541666666,1.0,1,0.7755555555555556
HHN-EDI-01,2025-10-21,23,19,16.0,9.260416666666666,11.6875,0.0,0.719765055461287,4,5.8500000000000005,0,61,41.80327868852459,17,48.0,48.0,1.0,Horizon Edinburgh,Edinburgh,Medium,General,94,2025,10,4,21,1,43,0,0.5787760416666666,1.0,4,0.7923351158645275
HHN-EDI-01,2025-10-22,16,19,16.0,8.729166666666666,11.645833333333334,0.0,0.6975248025225048,5,3.14,0,60,21.383333333333333,10,48.0,48.0,1.0,Horizon Edinburgh,Edinburgh,Medium,General,94,2025,10,4,22,2,43,0,0.5455729166666666,1.0,-3,0.7495527728085867
HHN-EDI-01,2025-10-23,26,25,16.0,7.984375,11.703125,0.0,0.6316485461706051,4,3.5,0,88,33.80681818181818,24,48.0,48.0,1.0,Horizon Edinburgh,Edinburgh,Medium,General,94,2025,10,4,23,3,43,0,0.4990234375,1.0,1,0.6822429906542056
HHN-EDI-01,2025-10-24,17,17,16.0,8.354166666666666,11.708333333333334,0.0,0.6603993934646508,4,3.075,0,51,42.5686274509804,11,48.0,48.0,1.0,Horizon Edinburgh,Edinburgh,Medium,General,94,2025,10,4,24,4,43,0,0.5221354166666666,1.0,0,0.7135231316725977
HHN-EDI-01,2025-10-25,26,17,16.0,8.96875,11.666666666666666,0.0,0.6989460681441381,0,0.0,0,78,43.756410256410255,28,48.0,47.0,0.96875,Horizon Edinburgh,Edinburgh,Medium,General,94,2025,10,4,25,5,43,1,0.560546875,0.9791666666666666,9,0.76875
HHN-EDI-01,2025-10-26,22,20,16.0,9.536458333333334,11.666666666666666,0.0,0.7304551661743757,0,0.0,0,78,36.71794871794872,21,48.0,47.0,0.96875,Horizon Edinburgh,Edinburgh,Medium,General,94,2025,10,4,26,6,43,1,0.5960286458333334,0.9791666666666666,2,0.8174107142857143
HHN-EDI-01,2025-10-27,25,23,16.0,9.802083333333334,11.671875,0.0,0.7685173401625608,4,2.25,1,82,41.30487804878049,21,48.0,47.0,0.96875,Horizon Edinburgh,Edinburgh,Medium,General,94,2025,10,4,27,0,44,0,0.6126302083333334,0.9791666666666666,2,0.8398036590807676
HHN-EDI-01,2025-10-28,17,28,16.0,9.067708333333334,11.671875,0.0,0.7293170052476118,5,2.8,0,47,58.08510638297872,13,48.0,48.0,1.0,Horizon Edinburgh,Edinburgh,Medium,General,94,2025,10,4,28,1,44,0,0.5667317708333334,1.0,-11,0.7768853190539938
HHN-EDI-01,2025-10-29,28,26,16.0,8.828125,11.697916666666666,0.0,0.7223354098583878,2,3.45,0,58,67.62068965517241,24,48.0,47.0,0.96875,Horizon Edinburgh,Edinburgh,Medium,General,94,2025,10,4,29,2,44,0,0.5517578125,0.9791666666666666,2,0.7546749777382012
HHN-EDI-01,2025-10-30,23,26,16.0,8.458333333333334,11.682291666666666,0.0,0.7005319575746966,5,3.86,1,59,48.50847457627118,19,48.0,48.0,1.0,Horizon Edinburgh,Edinburgh,Medium,General,94,2025,10,4,30,3,44,0,0.5286458333333334,1.0,-3,0.7240303165403479
HHN-EDI-01,2025-10-31,26,22,16.0,8.401041666666666,11.630208333333334,0.0,0.7119507738993033,4,0.6,1,57,53.03508771929825,20,48.0,48.0,1.0,Horizon Edinburgh,Edinburgh,Medium,General,94,2025,10,4,31,4,44,0,0.5250651041666666,1.0,4,0.722346618898343
HHN-EDI-01,2025-11-01,14,16,16.0,8.645833333333334,11.666666666666666,0.0,0.683188521802952,0,0.0,0,52,46.51923076923077,16,48.0,47.0,0.96875,Horizon Edinburgh,Edinburgh,Medium,General,94,2025,11,4,1,5,44,1,0.5403645833333334,0.9791666666666666,-2,0.7410714285714287
HHN-EDI-01,2025-11-02,27,29,16.0,9.09375,11.619791666666666,0.0,0.7091387256024205,0,0.0,0,78,44.17948717948718,26,48.0,48.0,1.0,Horizon Edinburgh,Edinburgh,Medium,General,94,2025,11,4,2,6,44,1,0.568359375,1.0,-2,0.782608695652174
HHN-EDI-01,2025-11-03,25,20,16.0,8.869791666666666,11.671875,0.0,0.7065107439877661,3,2.6,1,81,59.53086419753087,26,48.0,47.0,0.96875,Horizon Edinburgh,Edinburgh,Medium,General,94,2025,11,4,3,0,45,0,0.5543619791666666,0.9791666666666666,5,0.7599286033020972
HHN-EDI-01,2025-11-04,28,23,16.0,9.604166666666666,11.713541666666666,0.0,0.7506459027254064,4,5.625,0,79,40.151898734177216,23,48.0,48.0,1.0,Horizon Edinburgh,Edinburgh,Medium,General,94,2025,11,4,4,1,45,0,0.6002604166666666,1.0,5,0.8199199644286349
HHN-EDI-01,2025-11-05,28,33,16.0,9.005208333333334,11.682291666666666,0.0,0.7278599681058321,3,1.8333333333333333,1,99,43.06060606060606,27,48.0,48.0,1.0,Horizon Edinburgh,Edinburgh,Medium,General,94,2025,11,4,5,2,45,0,0.5628255208333334,1.0,-5,0.7708426214890772
HHN-EDI-01,2025-11-06,24,19,16.0,9.541666666666666,11.697916666666666,0.0,0.7529860521933132,4,3.55,0,54,48.66666666666666,19,48.0,47.0,0.96875,Horizon Edinburgh,Edinburgh,Medium,General,94,2025,11,4,6,3,45,0,0.5963541666666666,0.9791666666666666,5,0.8156723063223509
HHN-EDI-01,2025-11-07,23,20,16.0,9.994791666666666,11.71875,0.0,0.7790852619092509,3,2.1666666666666665,0,62,29.096774193548388,19,48.0,47.0,0.96875,Horizon Edinburgh,Edinburgh,Medium,General,94,2025,11,4,7,4,45,0,0.6246744791666666,0.9791666666666666,3,0.8528888888888888
HHN-EDI-01,2025-11-08,19,20,16.0,9.953125,11.609375,0.0,0.7824908088235295,0,0.0,0,69,48.76811594202898,21,48.0,46.0,0.9375,Horizon Edinburgh,Edinburgh,Medium,General,94,2025,11,4,8,5,45,1,0.6220703125,0.9583333333333334,-1,0.857335127860027
HHN-EDI-01,2025-11-09,24,26,16.0,9.432291666666666,11.666666666666666,0.0,0.7469121182126698,0,0.0,0,72,50.90277777777778,23,48.0,46.0,0.9375,Horizon Edinburgh,Edinburgh,Medium,General,94,2025,11,4,9,6,45,1,0.5895182291666666,0.9583333333333334,-2,0.8084821428571428
HHN-EDI-01,2025-11-10,36,18,16.0,9.796875,11.703125,0.0,0.7847974406108597,7,2.4857142857142853,1,74,60.472972972972975,29,48.0,48.0,1.0,Horizon Edinburgh,Edinburgh,Medium,General,94,2025,11,4,10,0,46,0,0.6123046875,1.0,18,0.8371161548731643
HHN-EDI-01,2025-11-11,14,25,16.0,9.979166666666666,11.703125,0.0,0.7936966653648638,7,4.771428571428571,2,22,51.45454545454545,7,48.0,48.0,1.0,Horizon Edinburgh,Edinburgh,Medium,General,94,2025,11,4,11,1,46,0,0.6236979166666666,1.0,-11,0.8526924788607031
HHN-EDI-01,2025-11-12,24,27,16.0,9.65625,11.671875,0.0,0.7526820924683976,4,2.85,0,91,38.64835164835165,23,48.0,48.0,1.0,Horizon Edinburgh,Edinburgh,Medium,General,94,2025,11,4,12,2,46,0,0.603515625,1.0,-3,0.8273092369477911
HHN-EDI-01,2025-11-13,23,28,16.0,9.807291666666666,11.661458333333334,0.0,0.7621014772094735,5,2.8,0,48,38.145833333333336,16,48.0,48.0,1.0,Horizon Edinburgh,Edinburgh,Medium,General,94,2025,11,4,13,3,46,0,0.6129557291666666,1.0,-5,0.8410004466279588
HHN-EDI-01,2025-11-14,29,30,16.0,9.036458333333334,11.713541666666666,0.0,0.689648582456487,6,3.3833333333333333,0,70,58.92857142857143,25,48.0,46.0,0.9375,Horizon Edinburgh,Edinburgh,Medium,General,94,2025,11,4,14,4,46,0,0.5647786458333334,0.9583333333333334,-1,0.7714539795464652
HHN-EDI-01,2025-11-15,14,20,16.0,8.880208333333334,11.65625,0.0,0.6785652889628073,0,0.0,0,49,42.3469387755102,12,48.0,46.0,0.9375,Horizon Edinburgh,Edinburgh,Medium,General,94,2025,11,4,15,5,46,1,0.5550130208333334,0.9583333333333334,-6,0.7618409294012511
HHN-EDI-01,2025-11-16,23,17,16.0,8.833333333333334,11.697916666666666,0.0,0.6873327716503268,0,0.0,0,71,51.77464788732394,25,48.0,47.0,0.96875,Horizon Edinburgh,Edinburgh,Medium,General,94,2025,11,4,16,6,46,1,0.5520833333333334,0.9791666666666666,6,0.7551202137132681
HHN-EDI-01,2025-11-17,34,20,16.0,10.348958333333334,11.723958333333334,0.0,0.791616881127451,7,2.642857142857143,1,107,47.74766355140187,28,48.0,47.0,0.96875,Horizon Edinburgh,Edinburgh,Medium,General,94,2025,11,4,17,0,47,0,0.6468098958333334,0.9791666666666666,14,0.8827187916481564
HHN-EDI-01,2025-11-18,20,17,16.0,10.760416666666666,11.703125,0.0,0.8219774889122315,6,4.2,0,50,27.5,12,48.0,48.0,1.0,Horizon Edinburgh,Edinburgh,Medium,General,94,2025,11,4,18,1,47,0,0.6725260416666666,1.0,3,0.9194481530930129
HHN-EDI-01,2025-11-19,14,31,16.0,9.6875,11.71875,0.0,0.7779656133286648,3,1.6666666666666667,0,42,41.523809523809526,10,48.0,47.0,0.96875,Horizon Edinburgh,Edinburgh,Medium,General,94,2025,11,4,19,2,47,0,0.60546875,0.9791666666666666,-17,0.8266666666666667
HHN-EDI-01,2025-11-20,26,13,16.0,9.458333333333334,11.703125,0.0,0.7488447201797386,3,4.066666666666666,0,87,44.45977011494253,24,48.0,47.0,0.96875,Horizon Edinburgh,Edinburgh,Medium,General,94,2025,11,4,20,3,47,0,0.5911458333333334,0.9791666666666666,13,0.8081886960391634
HHN-EDI-01,2025-11-21,28,18,16.0,9.807291666666666,11.692708333333334,0.0,0.7780358237044819,4,4.324999999999999,2,76,55.22368421052632,25,48.0,46.0,0.9375,Horizon Edinburgh,Edinburgh,Medium,General,94,2025,11,4,21,4,47,0,0.6129557291666666,0.9583333333333334,10,0.8387527839643651
HHN-EDI-01,2025-11-22,9,29,16.0,10.078125,11.588541666666666,0.0,0.8062985089869281,0,0.0,0,38,21.42105263157895,7,48.0,44.0,0.875,Horizon Edinburgh,Edinburgh,Medium,General,94,2025,11,4,22,5,47,1,0.6298828125,0.9166666666666666,-20,0.8696629213483147
HHN-EDI-01,2025-11-23,19,21,16.0,9.208333333333334,11.625,0.0,0.7412946428571429,0,0.0,0,65,48.76923076923077,19,48.0,46.0,0.9375,Horizon Edinburgh,Edinburgh,Medium,General,94,2025,11,4,23,6,47,1,0.5755208333333334,0.9583333333333334,-2,0.7921146953405018
HHN-EDI-01,2025-11-24,14,22,16.0,8.640625,11.692708333333334,0.0,0.6958656726579521,3,2.066666666666667,1,66,47.86363636363637,17,48.0,48.0,1.0,Horizon Edinburgh,Edinburgh,Medium,General,94,2025,11,4,24,0,48,0,0.5400390625,1.0,-8,0.7389755011135857
HHN-EDI-01,2025-11-25,35,20,16.0,9.375,11.6875,0.0,0.7554959223272643,4,3.2,1,91,50.72527472527472,29,48.0,48.0,1.0,Horizon Edinburgh,Edinburgh,Medium,General,94,2025,11,4,25,1,48,0,0.5859375,1.0,15,0.8021390374331551
HHN-EDI-01,2025-11-26,23,25,16.0,10.161458333333334,11.703125,0.0,0.7965358626089324,7,3.2857142857142856,1,40,70.025,14,48.0,48.0,1.0,Horizon Edinburgh,Edinburgh,Medium,General,94,2025,11,4,26,2,48,0,0.6350911458333334,1.0,-2,0.8682688028482421
HHN-EDI-01,2025-11-27,21,19,16.0,9.71875,11.6875,0.0,0.7623910675381264,3,3.3000000000000003,3,51,51.35294117647059,19,48.0,47.0,0.96875,Horizon Edinburgh,Edinburgh,Medium,General,94,2025,11,4,27,3,48,0,0.607421875,0.9791666666666666,2,0.8315508021390374
HHN-EDI-01,2025-11-28,17,30,16.0,9.177083333333334,11.703125,0.0,0.7318731398809524,0,0.0,1,59,44.88135593220339,17,48.0,47.0,0.96875,Horizon Edinburgh,Edinburgh,Medium,General,94,2025,11,4,28,4,48,0,0.5735677083333334,0.9791666666666666,-13,0.7841566533155319
HHN-EDI-01,2025-11-29,28,20,16.0,8.489583333333334,11.635416666666666,0.0,0.6761340647370059,0,0.0,0,92,48.92391304347826,27,48.0,47.0,0.96875,Horizon Edinburgh,Edinburgh,Medium,General,94,2025,11,4,29,5,48,1,0.5305989583333334,0.9791666666666666,8,0.7296329453894361
HHN-EDI-01,2025-11-30,23,20,16.0,9.0,11.661458333333334,0.0,0.6970732303338002,0,0.0,0,84,61.5,25,48.0,46.0,0.9375,Horizon Edinburgh,Edinburgh,Medium,General,94,2025,11,4,30,6,48,1,0.5625,0.9583333333333334,3,0.7717731129968736
HHN-EDI-01,2025-12-01,20,25,16.0,9.692708333333334,11.661458333333334,0.0,0.7437514589169001,3,3.1333333333333333,1,35,57.25714285714286,15,48.0,47.0,0.96875,Horizon Edinburgh,Edinburgh,Medium,General,94,2025,12,4,1,0,49,0,0.6057942708333334,0.9791666666666666,-5,0.8311746315319339
HHN-EDI-01,2025-12-02,38,24,16.0,9.619791666666666,11.651041666666666,0.0,0.763188356271996,12,4.058333333333334,1,107,53.22429906542056,32,48.0,48.0,1.0,Horizon Edinburgh,Edinburgh,Medium,General,94,2025,12,4,2,1,49,0,0.6012369791666666,1.0,14,0.8256593652212785
HHN-EDI-01,2025-12-03,23,18,16.0,10.182291666666666,11.635416666666666,0.0,0.8048394097222222,5,3.66,0,50,49.08,15,48.0,48.0,1.0,Horizon Edinburgh,Edinburgh,Medium,General,94,2025,12,4,3,2,49,0,0.6363932291666666,1.0,5,0.8751119068934646
HHN-EDI-01,2025-12-04,28,23,16.0,10.53125,11.604166666666666,0.0,0.8345060593681918,3,4.566666666666666,2,74,58.58108108108108,26,48.0,47.0,0.96875,Horizon Edinburgh,Edinburgh,Medium,General,94,2025,12,4,4,3,49,0,0.658203125,0.9791666666666666,5,0.90754039497307
HHN-EDI-01,2025-12-05,21,34,16.0,10.708333333333334,11.661458333333334,0.0,0.845141441993464,4,1.75,0,51,54.1764705882353,16,48.0,48.0,1.0,Horizon Edinburgh,Edinburgh,Medium,General,94,2025,12,4,5,4,49,0,0.6692708333333334,1.0,-13,0.9182670835194283
HHN-EDI-01,2025-12-06,26,27,16.0,10.005208333333334,11.640625,0.0,0.776166160908808,0,0.0,0,90,37.22222222222222,27,48.0,46.0,0.9375,Horizon Edinburgh,Edinburgh,Medium,General,94,2025,12,4,6,5,49,1,0.6253255208333334,0.9583333333333334,-1,0.8595078299776286
HHN-EDI-01,2025-12-07,16,24,16.0,9.958333333333334,11.604166666666666,0.0,0.7708375277194212,0,0.0,0,45,37.37777777777778,16,48.0,43.0,0.84375,Horizon Edinburgh,Edinburgh,Medium,General,94,2025,12,4,7,6,49,1,0.6223958333333334,0.8958333333333334,-8,0.858168761220826
HHN-EDI-01,2025-12-08,32,27,16.0,9.802083333333334,11.666666666666666,0.0104166666666666,0.7899654152526395,6,3.1333333333333333,1,90,37.95555555555556,25,48.0,48.0,1.0,Horizon Edinburgh,Edinburgh,Medium,General,94,2025,12,4,8,0,50,0,0.6126302083333334,1.0,5,0.8401785714285716
HHN-EDI-01,2025-12-09,15,26,16.0,9.65625,11.666666666666666,0.125,0.7749173186902967,3,3.7,2,53,42.24528301886792,13,48.0,45.0,0.90625,Horizon Edinburgh,Edinburgh,Medium,General,94,2025,12,4,9,1,50,0,0.603515625,0.9375,-11,0.8276785714285715
HHN-EDI-01,2025-12-10,25,21,16.0,9.026041666666666,11.614583333333334,0.0572916666666666,0.7337263805094687,4,2.775,0,97,40.154639175257735,27,48.0,48.0,1.0,Horizon Edinburgh,Edinburgh,Medium,General,94,2025,12,4,10,2,50,0,0.5641276041666666,1.0,4,0.7771300448430493
HHN-EDI-01,2025-12-11,20,26,16.0,8.916666666666666,11.640625,0.0,0.7126697487221384,2,1.0,2,71,33.84507042253521,16,48.0,46.0,0.9375,Horizon Edinburgh,Edinburgh,Medium,General,94,2025,12,4,11,3,50,0,0.5572916666666666,0.9583333333333334,-6,0.7659955257270693
HHN-EDI-01,2025-12-12,38,23,16.0,9.661458333333334,11.625,0.0,0.7877719757774905,4,2.825,0,94,48.63829787234042,33,47.0,44.0,0.90625,Horizon Edinburgh,Edinburgh,Medium,General,94,2025,12,4,12,4,50,0,0.6038411458333334,0.9361702127659575,15,0.8310931899641577
HHN-EDI-01,2025-12-13,15,27,16.0,9.635416666666666,11.59375,0.0,0.7714879100678732,0,0.0,0,66,53.25757575757576,16,48.0,47.0,0.96875,Horizon Edinburgh,Edinburgh,Medium,General,94,2025,12,4,13,5,50,1,0.6022135416666666,0.9791666666666666,-12,0.8310871518418688
HHN-EDI-01,2025-12-14,35,25,16.0,9.192708333333334,11.598958333333334,0.0,0.7346811808323758,0,0.0,0,95,53.55789473684211,35,48.0,48.0,1.0,Horizon Edinburgh,Edinburgh,Medium,General,94,2025,12,4,14,6,50,1,0.5745442708333334,1.0,10,0.7925460260440054
HHN-EDI-01,2025-12-15,21,24,16.0,10.041666666666666,11.635416666666666,0.0,0.791461632730015,3,3.1666666666666665,1,63,38.36507936507937,16,48.0,47.0,0.96875,Horizon Edinburgh,Edinburgh,Medium,General,94,2025,12,4,15,0,51,0,0.6276041666666666,0.9791666666666666,-3,0.8630259623992838
HHN-EDI-01,2025-12-16,38,32,16.0,9.885416666666666,11.651041666666666,0.0,0.7846960038021619,7,3.628571428571429,0,115,44.791304347826085,33,48.0,45.0,0.90625,Horizon Edinburgh,Edinburgh,Medium,General,94,2025,12,4,16,1,51,0,0.6178385416666666,0.9375,6,0.8484577559231113
HHN-EDI-01,2025-12-17,33,29,16.0,10.338541666666666,11.661458333333334,0.0,0.8238011210093011,2,2.2,3,67,78.71641791044776,30,48.0,45.0,0.90625,Horizon Edinburgh,Edinburgh,Medium,General,94,2025,12,4,17,2,51,0,0.6461588541666666,0.9375,4,0.8865564984368021
HHN-EDI-01,2025-12-18,19,23,16.0,10.8125,11.666666666666666,0.0,0.8452441553544494,1,2.2,0,57,48.42105263157895,16,48.0,46.0,0.9375,Horizon Edinburgh,Edinburgh,Medium,General,94,2025,12,4,18,3,51,0,0.67578125,0.9583333333333334,-4,0.9267857142857143
HHN-EDI-01,2025-12-19,28,27,16.0,10.572916666666666,11.645833333333334,0.0,0.8264566303284134,1,2.3,0,82,54.90243902439025,30,48.0,47.0,0.96875,Horizon Edinburgh,Edinburgh,Medium,General,94,2025,12,4,19,4,51,0,0.6608072916666666,0.9791666666666666,1,0.9078711985688729
HHN-EDI-01,2025-12-20,24,26,16.0,9.828125,11.567708333333334,0.0,0.7830318144886159,0,0.0,0,64,64.328125,22,48.0,47.0,0.96875,Horizon Edinburgh,Edinburgh,Medium,General,94,2025,12,4,20,5,51,1,0.6142578125,0.9791666666666666,-2,0.84961728950923
HHN-EDI-01,2025-12-21,30,30,16.0,9.380208333333334,11.588541666666666,0.0,0.7429454213576455,0,0.0,0,106,58.4622641509434,34,48.0,46.0,0.9375,Horizon Edinburgh,Edinburgh,Medium,General,94,2025,12,4,21,6,51,1,0.5862630208333334,0.9583333333333334,0,0.8094382022471911
HHN-EDI-01,2025-12-22,37,26,16.0,10.34375,11.692708333333334,0.0,0.8136144020909647,3,2.2333333333333334,0,103,59.23300970873787,33,48.0,48.0,1.0,Horizon Edinburgh,Edinburgh,Medium,General,94,2025,12,4,22,0,52,0,0.646484375,1.0,11,0.8846325167037862
HHN-EDI-01,2025-12-23,28,23,16.0,10.671875,11.666666666666666,0.0,0.8153692733770859,1,0.2,0,86,44.04651162790697,24,48.0,46.0,0.9375,Horizon Edinburgh,Edinburgh,Medium,General,94,2025,12,4,23,1,52,0,0.6669921875,0.9583333333333334,5,0.9147321428571429
HHN-EDI-01,2025-12-24,17,30,16.0,10.927083333333334,11.671875,0.0,0.8428484594959779,0,0.0,1,64,47.390625,18,48.0,46.0,0.9375,Horizon Edinburgh,Edinburgh,Medium,General,94,2025,12,4,24,2,52,0,0.6829427083333334,0.9583333333333334,-13,0.9361892012494423
HHN-EDI-01,2025-12-25,29,22,16.0,10.515625,11.666666666666666,0.0,0.8138678468182144,0,0.0,0,108,41.25,32,48.0,47.0,0.96875,Horizon Edinburgh,Edinburgh,Medium,General,94,2025,12,4,25,3,52,0,0.6572265625,0.9791666666666666,7,0.9013392857142858
HHN-EDI-01,2025-12-26,30,32,16.0,10.75,11.671875,0.0,0.8543288308913309,0,0.0,0,81,60.77777777777778,31,48.0,47.0,0.96875,Horizon Edinburgh,Edinburgh,Medium,General,94,2025,12,4,26,4,52,0,0.671875,0.9791666666666666,-2,0.9210174029451138
HHN-EDI-01,2025-12-27,23,26,16.0,10.494791666666666,11.635416666666666,0.0,0.8213913129354306,0,0.0,0,82,52.207317073170735,24,48.0,43.0,0.84375,Horizon Edinburgh,Edinburgh,Medium,General,94,2025,12,4,27,5,52,1,0.6559244791666666,0.8958333333333334,-3,0.9019695613249776
HHN-EDI-01,2025-12-28,24,20,16.0,10.729166666666666,11.59375,0.0,0.8535761139391654,0,0.0,0,106,39.72641509433962,24,48.0,47.0,0.96875,Horizon Edinburgh,Edinburgh,Medium,General,94,2025,12,4,28,6,52,1,0.6705729166666666,0.9791666666666666,4,0.9254267744833782
HHN-EDI-01,2025-12-29,40,31,16.0,10.854166666666666,11.635416666666666,0.0,0.8749376453305682,3,1.1666666666666667,0,112,56.00892857142857,40,48.0,45.0,0.90625,Horizon Edinburgh,Edinburgh,Medium,General,94,2025,12,4,29,0,1,0,0.6783854166666666,0.9375,9,0.9328558639212176
HHN-EDI-01,2025-12-30,30,30,16.0,11.239583333333334,11.598958333333334,0.0,0.8932692307692308,1,4.1,0,64,60.953125,24,48.0,43.0,0.84375,Horizon Edinburgh,Edinburgh,Medium,General,94,2025,12,4,30,1,1,0,0.7024739583333334,0.8958333333333334,0,0.9690166142792995
HHN-EDI-01,2025-12-31,15,29,16.0,11.005208333333334,11.640625,0.0,0.8687027675653595,1,2.6,1,53,42.9811320754717,14,48.0,48.0,1.0,Horizon Edinburgh,Edinburgh,Medium,General,94,2025,12,4,31,2,1,0,0.6878255208333334,1.0,-14,0.945413870246085
HHN-LON-01,2024-01-01,64,3,38.0,2.9010416666666665,27.744791666666668,0.0,0.0986557378997434,0,0.0,0,225,49.95111111111111,71,114.0,114.0,1.0,Horizon London Central,London,Flagship,General,224,2024,1,1,1,0,1,0,0.07634320175438596,1.0,61,0.1045616669795382
HHN-LON-01,2024-01-02,64,13,38.0,10.395833333333334,27.713541666666668,0.0,0.3458661402177767,2,1.5,0,197,45.46700507614213,60,114.0,111.0,0.90625,Horizon London Central,London,Flagship,General,224,2024,1,1,2,1,1,0,0.2735745614035088,0.9736842105263158,51,0.3751174591242248
HHN-LON-01,2024-01-03,69,23,38.0,16.213541666666668,27.92708333333333,0.0,0.5380796475205579,4,1.4,0,209,61.32535885167464,72,114.0,114.0,1.0,Horizon London Central,London,Flagship,General,224,2024,1,1,3,2,1,0,0.42667214912280704,1.0,46,0.580566952629616
HHN-LON-01,2024-01-04,77,44,38.0,21.0625,27.822916666666668,0.0,0.6870045195316093,12,2.5,2,171,54.8654970760234,59,114.0,110.0,0.875,Horizon London Central,London,Flagship,General,224,2024,1,1,4,3,1,0,0.5542763157894737,0.9649122807017544,33,0.7570198427555223
HHN-LON-01,2024-01-05,56,60,38.0,22.244791666666668,27.75,0.0,0.7325447678074419,10,2.44,0,161,46.97515527950311,48,114.0,114.0,1.0,Horizon London Central,London,Flagship,General,224,2024,1,1,5,4,1,0,0.5853892543859649,1.0,-4,0.8016141141141142
HHN-LON-01,2024-01-06,56,52,38.0,21.98958333333333,27.729166666666668,0.0,0.7114477522148955,0,0.0,0,223,48.12107623318386,59,114.0,111.0,0.96875,Horizon London Central,London,Flagship,General,224,2024,1,1,6,5,1,1,0.578673245614035,0.9736842105263158,4,0.7930127723516152
HHN-LON-01,2024-01-07,57,57,38.0,22.046875,27.6875,0.0,0.7135605432347013,0,0.0,0,184,45.80978260869565,55,114.0,109.0,0.875,Horizon London Central,London,Flagship,General,224,2024,1,1,7,6,1,1,0.5801809210526315,0.956140350877193,0,0.79627539503386
HHN-LON-01,2024-01-08,41,61,38.0,21.90625,27.89583333333333,0.0,0.7176105410133934,5,1.14,0,129,44.43410852713178,37,114.0,113.0,0.96875,Horizon London Central,London,Flagship,General,224,2024,1,1,8,0,2,0,0.5764802631578947,0.9912280701754386,-20,0.7852875280059748
HHN-LON-01,2024-01-09,67,52,38.0,21.48958333333333,27.838541666666668,0.0,0.7052421136583288,10,2.78,3,185,43.11891891891892,55,114.0,113.0,0.96875,Horizon London Central,London,Flagship,General,224,2024,1,1,9,1,2,0,0.5655153508771928,0.9912280701754386,15,0.771936389148737
HHN-LON-01,2024-01-10,59,49,38.0,22.390625,27.796875,0.0,0.7447586459728001,12,3.375,1,146,62.67123287671233,50,114.0,113.0,0.96875,Horizon London Central,London,Flagship,General,224,2024,1,1,10,2,2,0,0.5892269736842105,0.9912280701754386,10,0.8055087127599775
HHN-LON-01,2024-01-11,63,52,38.0,23.3125,27.828125,0.0,0.7684523166189189,10,3.62,2,186,39.66666666666666,51,114.0,110.0,0.875,Horizon London Central,London,Flagship,General,224,2024,1,1,11,3,2,0,0.6134868421052632,0.9649122807017544,11,0.8377316114542392
HHN-LON-01,2024-01-12,70,62,38.0,24.104166666666668,27.796875,0.0,0.7946485976453465,10,2.44,2,216,40.77777777777778,61,114.0,110.0,0.9375,Horizon London Central,London,Flagship,General,224,2024,1,1,12,4,2,0,0.6343201754385965,0.9649122807017544,8,0.8671538317406783
HHN-LON-01,2024-01-13,81,50,38.0,25.59895833333333,27.609375,0.0,0.8444595840726281,0,0.0,0,242,59.14049586776859,87,114.0,111.0,0.9375,Horizon London Central,London,Flagship,General,224,2024,1,1,13,5,2,1,0.6736567982456139,0.9736842105263158,31,0.9271835502735332
HHN-LON-01,2024-01-14,75,64,38.0,26.8125,27.67708333333333,0.0,0.8741676062810931,0,0.0,0,231,48.68398268398269,73,114.0,106.0,0.8125,Horizon London Central,London,Flagship,General,224,2024,1,1,14,6,2,1,0.7055921052631579,0.9298245614035088,11,0.9687617613850209
HHN-LON-01,2024-01-15,54,69,38.0,27.19270833333333,27.80208333333333,0.0,0.8904761904761904,6,2.3666666666666667,4,193,53.16062176165803,58,114.0,110.0,0.90625,Horizon London Central,London,Flagship,General,224,2024,1,1,15,0,3,0,0.7155975877192982,0.9649122807017544,-15,0.9780816785312851
HHN-LON-01,2024-01-16,79,71,38.0,26.578125,27.760416666666668,0.0,0.8589139656573868,10,3.16,4,212,43.905660377358494,67,114.0,105.0,0.8125,Horizon London Central,London,Flagship,General,224,2024,1,1,16,1,3,0,0.6994243421052632,0.9210526315789473,8,0.9574108818011257
HHN-LON-01,2024-01-17,75,79,38.0,25.838541666666668,27.64583333333333,0.0,0.8716786557002187,14,3.1,0,183,51.07650273224044,61,114.0,114.0,1.0,Horizon London Central,London,Flagship,General,224,2024,1,1,17,2,3,0,0.6799616228070176,1.0,-4,0.9346269781461947
HHN-LON-01,2024-01-18,59,67,38.0,25.703125,27.776041666666668,0.0,0.8564294851712614,11,2.309090909090909,0,172,36.30232558139535,50,113.0,113.0,1.0,Horizon London Central,London,Flagship,General,224,2024,1,1,18,3,3,0,0.6763980263157895,1.0,-8,0.9253703356459778
HHN-LON-01,2024-01-19,40,60,38.0,25.25520833333333,27.854166666666668,0.0,0.8369491436925647,7,2.971428571428571,0,123,44.42276422764228,32,114.0,112.0,0.9375,Horizon London Central,London,Flagship,General,224,2024,1,1,19,4,3,0,0.664610745614035,0.9824561403508771,-20,0.9066940912490649
HHN-LON-01,2024-01-20,46,76,38.0,23.572916666666668,27.80208333333333,0.0,0.7725629101040284,0,0.0,0,174,45.27586206896552,47,114.0,111.0,0.90625,Horizon London Central,London,Flagship,General,224,2024,1,1,20,5,3,1,0.6203399122807017,0.9736842105263158,-30,0.8478831022855003
HHN-LON-01,2024-01-21,44,53,38.0,21.838541666666668,27.765625,0.0,0.7197042263418995,0,0.0,0,182,41.175824175824175,47,114.0,111.0,0.90625,Horizon London Central,London,Flagship,General,224,2024,1,1,21,6,3,1,0.5746984649122807,0.9736842105263158,-9,0.7865316075783155
HHN-LON-01,2024-01-22,64,54,38.0,22.16145833333333,27.77083333333333,0.0,0.742349356278826,6,3.5,3,190,46.742105263157896,59,114.0,108.0,0.84375,Horizon London Central,London,Flagship,General,224,2024,1,1,22,0,4,0,0.5831962719298245,0.9473684210526315,10,0.7980120030007501
HHN-LON-01,2024-01-23,57,48,38.0,23.59375,27.78125,0.0,0.7883326131941005,16,3.1875,3,146,51.78082191780822,38,114.0,111.0,0.96875,Horizon London Central,London,Flagship,General,224,2024,1,1,23,1,4,0,0.6208881578947368,0.9736842105263158,9,0.8492688413948256
HHN-LON-01,2024-01-24,53,48,38.0,24.385416666666668,27.83333333333333,0.0,0.8088425592206069,10,3.46,1,122,57.74590163934426,41,114.0,114.0,1.0,Horizon London Central,London,Flagship,General,224,2024,1,1,24,2,4,0,0.6417214912280702,1.0,5,0.8761227544910182
HHN-LON-01,2024-01-25,75,69,38.0,24.447916666666668,27.72395833333333,0.0,0.8221172804846978,13,2.230769230769231,2,194,54.81443298969072,66,114.0,114.0,1.0,Horizon London Central,London,Flagship,General,224,2024,1,1,25,3,4,0,0.6433662280701755,1.0,6,0.8818335525079845
HHN-LON-01,2024-01-26,64,47,38.0,25.58333333333333,27.75520833333333,0.0,0.8446573791248956,7,2.685714285714286,0,186,62.844086021505376,64,114.0,112.0,0.9375,Horizon London Central,London,Flagship,General,224,2024,1,1,26,4,4,0,0.6732456140350876,0.9824561403508771,17,0.9217489209983111
HHN-LON-01,2024-01-27,62,74,38.0,25.416666666666668,27.50520833333333,0.0,0.8654587498932819,0,0.0,0,229,37.1528384279476,53,113.0,111.0,0.9375,Horizon London Central,London,Flagship,General,224,2024,1,1,27,5,4,1,0.668859649122807,0.9823008849557522,-12,0.9240674114750996
HHN-LON-01,2024-01-28,65,64,38.0,24.078125,27.71875,0.0,0.8146012268793084,0,0.0,0,246,46.52845528455285,69,114.0,111.0,0.90625,Horizon London Central,London,Flagship,General,224,2024,1,1,28,6,4,1,0.6336348684210527,0.9736842105263158,1,0.8686583990980834
HHN-LON-01,2024-01-29,70,68,38.0,24.651041666666668,27.8125,0.0,0.8128218158628989,9,3.344444444444445,1,233,46.12017167381974,63,114.0,106.0,0.84375,Horizon London Central,London,Flagship,General,224,2024,1,1,29,0,5,0,0.6487116228070176,0.9298245614035088,2,0.8863295880149813
HHN-LON-01,2024-01-30,72,56,38.0,25.69270833333333,27.81770833333333,0.0,0.8442989878700019,14,3.7,0,191,48.97905759162304,58,114.0,105.0,0.84375,Horizon London Central,London,Flagship,General,224,2024,1,1,30,1,5,0,0.6761239035087718,0.9210526315789473,16,0.9236098108968358
HHN-LON-01,2024-01-31,84,65,38.0,26.057291666666668,27.75,0.0,0.86708480096638,8,2.325,1,238,53.588235294117645,79,114.0,114.0,1.0,Horizon London Central,London,Flagship,General,224,2024,1,1,31,2,5,0,0.685718201754386,1.0,19,0.9390015015015015
HHN-LON-01,2024-02-01,82,61,38.0,27.197916666666668,27.791666666666668,0.0,0.8969161184210526,15,2.4533333333333336,0,221,52.94570135746606,67,114.0,112.0,0.9375,Horizon London Central,London,Flagship,General,224,2024,2,1,1,3,5,0,0.715734649122807,0.9824561403508771,21,0.9786356821589205
HHN-LON-01,2024-02-02,63,76,38.0,27.34375,27.666666666666668,0.0,0.9157986111111112,4,3.025,1,171,53.01754385964912,54,114.0,108.0,0.875,Horizon London Central,London,Flagship,General,224,2024,2,1,2,4,5,0,0.7195723684210527,0.9473684210526315,-13,0.988328313253012
HHN-LON-01,2024-02-03,49,71,38.0,26.625,27.59375,0.0,0.8812723828566514,0,0.0,0,154,46.04545454545455,49,112.0,111.0,0.96875,Horizon London Central,London,Flagship,General,224,2024,2,1,3,5,5,1,0.7006578947368421,0.9910714285714286,-22,0.9648924122310306
HHN-LON-01,2024-02-04,37,73,38.0,25.432291666666668,27.63020833333333,0.265625,0.8328424121592417,0,0.0,0,134,58.1865671641791,42,114.0,114.0,1.0,Horizon London Central,London,Flagship,General,224,2024,2,1,4,6,5,1,0.6692708333333334,1.0,-36,0.9204524033930257
HHN-LON-01,2024-02-05,67,57,38.0,24.604166666666668,27.760416666666668,0.375,0.8237805533625967,15,3.353333333333333,1,175,51.14857142857143,54,114.0,113.0,0.96875,Horizon London Central,London,Flagship,General,224,2024,2,1,5,0,6,0,0.6474780701754387,0.9912280701754386,10,0.8863039399624766
HHN-LON-01,2024-02-06,67,53,38.0,25.59895833333333,27.72395833333333,0.078125,0.8326495683181054,3,4.633333333333334,1,201,52.13930348258707,64,113.0,113.0,1.0,Horizon London Central,London,Flagship,General,224,2024,2,1,6,1,6,0,0.6736567982456139,1.0,14,0.9233514935186925
HHN-LON-01,2024-02-07,67,60,38.0,25.98958333333333,27.760416666666668,0.0,0.8624755567431651,14,2.907142857142857,3,176,49.55681818181818,53,114.0,114.0,1.0,Horizon London Central,London,Flagship,General,224,2024,2,1,7,2,6,0,0.6839364035087718,1.0,7,0.9362101313320823
HHN-LON-01,2024-02-08,59,75,38.0,26.00520833333333,27.765625,0.0,0.8655124451491517,13,2.246153846153846,3,159,39.77987421383648,42,114.0,114.0,1.0,Horizon London Central,London,Flagship,General,224,2024,2,1,8,3,6,0,0.6843475877192982,1.0,-16,0.9365972613018194
HHN-LON-01,2024-02-09,59,59,38.0,25.17708333333333,27.828125,0.0,0.8016788853435849,6,3.7,0,163,60.3680981595092,57,114.0,114.0,1.0,Horizon London Central,London,Flagship,General,224,2024,2,1,9,4,6,0,0.6625548245614034,1.0,0,0.9047351675088899
HHN-LON-01,2024-02-10,49,51,38.0,24.90625,27.729166666666668,0.0,0.7930717936557558,0,0.0,0,188,39.48936170212766,49,113.0,110.0,0.90625,Horizon London Central,London,Flagship,General,224,2024,2,1,10,5,6,1,0.6554276315789473,0.9734513274336283,-2,0.8981968444778362
HHN-LON-01,2024-02-11,38,52,38.0,24.80208333333333,27.713541666666668,0.0,0.8141481905719159,0,0.0,0,135,46.80740740740741,38,114.0,113.0,0.96875,Horizon London Central,London,Flagship,General,224,2024,2,1,11,6,6,1,0.6526864035087718,0.9912280701754386,-14,0.8949445592933657
HHN-LON-01,2024-02-12,74,58,38.0,24.8125,27.791666666666668,0.0,0.8387058199727511,8,1.9125,0,212,47.68396226415094,65,114.0,110.0,0.90625,Horizon London Central,London,Flagship,General,224,2024,2,1,12,0,7,0,0.6529605263157895,0.9649122807017544,16,0.8928035982008995
HHN-LON-01,2024-02-13,89,67,38.0,25.421875,27.73958333333333,0.0,0.8639300592271398,15,2.8666666666666667,3,251,44.90438247011952,73,114.0,113.0,0.96875,Horizon London Central,London,Flagship,General,224,2024,2,1,13,1,7,0,0.6689967105263158,0.9912280701754386,22,0.9164476154712732
HHN-LON-01,2024-02-14,63,66,38.0,25.88020833333333,27.890625,0.0,0.8694036820270373,20,3.39,2,185,37.92432432432432,46,114.0,110.0,0.875,Horizon London Central,London,Flagship,General,224,2024,2,1,14,2,7,0,0.6810581140350876,0.9649122807017544,-3,0.9279178338001866
HHN-LON-01,2024-02-15,68,69,38.0,25.88020833333333,27.796875,0.0,0.8587791092314118,15,2.746666666666667,1,149,60.65771812080537,59,113.0,110.0,0.96875,Horizon London Central,London,Flagship,General,224,2024,2,1,15,3,7,0,0.6810581140350876,0.9734513274336283,-1,0.9310474049091249
HHN-LON-01,2024-02-16,72,64,38.0,26.901041666666668,27.77083333333333,0.0,0.8962945381942092,14,2.814285714285714,1,194,47.28350515463917,53,114.0,112.0,0.9375,Horizon London Central,London,Flagship,General,224,2024,2,1,16,4,7,0,0.707922149122807,0.9824561403508771,8,0.9686796699174796
HHN-LON-01,2024-02-17,97,75,38.0,26.8125,27.640625,0.0,0.8900166907979408,0,0.0,0,314,48.94904458598726,99,113.0,108.0,0.90625,Horizon London Central,London,Flagship,General,224,2024,2,1,17,5,7,1,0.7055921052631579,0.9557522123893806,22,0.9700395703787451
HHN-LON-01,2024-02-18,71,77,38.0,26.55208333333333,27.73958333333333,0.0,0.8721433686825683,0,0.0,0,227,51.98237885462555,68,114.0,112.0,0.9375,Horizon London Central,London,Flagship,General,224,2024,2,1,18,6,7,1,0.6987390350877192,0.9824561403508771,-6,0.9571911378144949
HHN-LON-01,2024-02-19,75,78,38.0,26.604166666666668,27.86458333333333,0.0,0.8718214807852966,14,3.128571428571429,2,211,47.48815165876777,64,114.0,112.0,0.96875,Horizon London Central,London,Flagship,General,224,2024,2,1,19,0,8,0,0.700109649122807,0.9824561403508771,-3,0.9547663551401872
HHN-LON-01,2024-02-20,54,74,38.0,26.578125,27.77083333333333,0.0,0.8838386475447879,11,4.136363636363637,0,136,46.97058823529412,40,114.0,108.0,0.8125,Horizon London Central,London,Flagship,General,224,2024,2,1,20,1,8,0,0.6994243421052632,0.9473684210526315,-20,0.9570517629407354
HHN-LON-01,2024-02-21,64,69,38.0,26.151041666666668,27.73958333333333,0.0,0.8838074022139425,19,2.884210526315789,2,169,42.5621301775148,47,114.0,114.0,1.0,Horizon London Central,London,Flagship,General,224,2024,2,1,21,2,8,0,0.6881853070175439,1.0,-5,0.9427337589185132
HHN-LON-01,2024-02-22,77,89,38.0,25.796875,27.807291666666668,0.0,0.8453651509723733,20,2.52,1,175,58.54285714285714,61,114.0,112.0,0.96875,Horizon London Central,London,Flagship,General,224,2024,2,1,22,3,8,0,0.6788651315789473,0.9824561403508771,-12,0.9277018168196292
HHN-LON-01,2024-02-23,57,59,38.0,25.828125,27.69270833333333,0.0,0.8343364026897309,10,3.05,0,155,36.26451612903226,42,114.0,111.0,0.96875,Horizon London Central,London,Flagship,General,224,2024,2,1,23,4,8,0,0.6796875,0.9736842105263158,-2,0.9326687981944707
HHN-LON-01,2024-02-24,36,61,38.0,24.354166666666668,27.671875,0.0,0.7826531005311481,0,0.0,0,136,44.25,38,114.0,105.0,0.8125,Horizon London Central,London,Flagship,General,224,2024,2,1,24,5,8,1,0.6408991228070176,0.9210526315789473,-25,0.8801054018445323
HHN-LON-01,2024-02-25,78,48,38.0,24.81770833333333,27.71875,0.0,0.7908463639204496,0,0.0,0,276,51.05072463768116,87,114.0,106.0,0.8125,Horizon London Central,London,Flagship,General,224,2024,2,1,25,6,8,1,0.6530975877192982,0.9298245614035088,30,0.8953400977076286
HHN-LON-01,2024-02-26,58,64,38.0,25.682291666666668,27.890625,0.0,0.859525332428293,11,1.9181818181818184,3,159,33.62893081761006,42,114.0,111.0,0.90625,Horizon London Central,London,Flagship,General,224,2024,2,1,26,0,9,0,0.6758497807017544,0.9736842105263158,-6,0.9208216619981326
HHN-LON-01,2024-02-27,56,63,38.0,24.526041666666668,27.697916666666668,0.0,0.8293585726925511,13,2.453846153846154,0,153,46.44444444444444,44,114.0,111.0,0.90625,Horizon London Central,London,Flagship,General,224,2024,2,1,27,1,9,0,0.645422149122807,0.9736842105263158,-7,0.8854832643851072
HHN-LON-01,2024-02-28,86,58,38.0,24.92708333333333,27.760416666666668,0.0,0.8501601564246689,17,2.5588235294117645,2,233,48.20171673819743,73,114.0,114.0,1.0,Horizon London Central,London,Flagship,General,224,2024,2,1,28,2,9,0,0.6559758771929823,1.0,28,0.8979362101313318
HHN-LON-01,2024-02-29,57,61,38.0,26.807291666666668,27.73958333333333,0.0,0.8874084279511911,10,3.88,3,123,49.073170731707314,39,114.0,111.0,0.90625,Horizon London Central,London,Flagship,General,224,2024,2,1,29,3,9,0,0.7054550438596492,0.9736842105263158,-4,0.9663912880210291
HHN-LON-01,2024-03-01,46,67,38.0,25.5625,27.91145833333333,0.0,0.8402621136173768,11,2.527272727272728,2,120,52.28333333333333,38,114.0,113.0,0.96875,Horizon London Central,London,Flagship,General,224,2024,3,1,1,4,9,0,0.6726973684210527,0.9912280701754386,-21,0.9158425079305842
HHN-LON-01,2024-03-02,43,62,38.0,23.510416666666668,27.8125,0.0,0.7579130023784629,0,0.0,0,142,55.37323943661972,44,114.0,110.0,0.90625,Horizon London Central,London,Flagship,General,224,2024,3,1,2,5,9,1,0.6186951754385965,0.9649122807017544,-19,0.8453183520599251
HHN-LON-01,2024-03-03,54,56,38.0,21.703125,27.791666666666668,0.0,0.6964599082971864,0,0.0,0,204,51.77941176470589,59,114.0,110.0,0.90625,Horizon London Central,London,Flagship,General,224,2024,3,1,3,6,9,1,0.5711348684210527,0.9649122807017544,-2,0.7809220389805097
HHN-LON-01,2024-03-04,72,57,38.0,22.875,27.84895833333333,0.0,0.7429752701618026,14,2.8,0,196,43.27040816326531,52,114.0,111.0,0.90625,Horizon London Central,London,Flagship,General,224,2024,3,1,4,0,10,0,0.6019736842105263,0.9736842105263158,15,0.82139517486441
HHN-LON-01,2024-03-05,69,61,38.0,24.55208333333333,27.86458333333333,0.0,0.7930071670785761,16,2.4125,1,182,44.95604395604396,58,114.0,111.0,0.9375,Horizon London Central,London,Flagship,General,224,2024,3,1,5,1,10,0,0.6461074561403507,0.9736842105263158,8,0.8811214953271028
HHN-LON-01,2024-03-06,61,48,38.0,25.385416666666668,27.901041666666668,0.0,0.8009930425020886,15,3.453333333333333,5,177,45.655367231638415,44,114.0,112.0,0.9375,Horizon London Central,London,Flagship,General,224,2024,3,1,6,2,10,0,0.6680372807017544,0.9824561403508771,13,0.9098375956692178
HHN-LON-01,2024-03-07,86,68,38.0,25.90625,27.86458333333333,0.0,0.8508442873677248,14,3.2,0,243,47.732510288065846,72,114.0,112.0,0.96875,Horizon London Central,London,Flagship,General,224,2024,3,1,7,3,10,0,0.6817434210526315,0.9824561403508771,18,0.9297196261682245
HHN-LON-01,2024-03-08,50,50,38.0,26.06770833333333,27.875,0.0,0.8290024777272019,4,2.9,0,136,58.22058823529412,48,114.0,114.0,1.0,Horizon London Central,London,Flagship,General,224,2024,3,1,8,4,10,0,0.6859923245614034,1.0,0,0.9351644245142001
HHN-LON-01,2024-03-09,71,61,38.0,26.578125,27.73958333333333,0.0,0.8496586134453782,0,0.0,0,239,46.05020920502092,69,114.0,113.0,0.96875,Horizon London Central,London,Flagship,General,224,2024,3,1,9,5,10,1,0.6994243421052632,0.9912280701754386,10,0.9581299286518965
HHN-LON-01,2024-03-10,58,70,38.0,27.23958333333333,27.80208333333333,0.0,0.8870418233082707,0,0.0,0,180,55.22222222222222,61,114.0,113.0,0.96875,Horizon London Central,London,Flagship,General,224,2024,3,1,10,6,10,1,0.716831140350877,0.9912280701754386,-12,0.9797677032596478
HHN-LON-01,2024-03-11,73,71,38.0,27.026041666666668,27.890625,0.0,0.9133558487999276,13,2.6,1,198,45.13131313131313,56,114.0,114.0,1.0,Horizon London Central,London,Flagship,General,224,2024,3,1,11,0,11,0,0.7112116228070176,1.0,2,0.9690009337068161
HHN-LON-01,2024-03-12,80,66,38.0,26.96875,27.88020833333333,0.0,0.8781702520189363,16,3.00625,3,244,37.11065573770492,68,114.0,111.0,0.9375,Horizon London Central,London,Flagship,General,224,2024,3,1,12,1,11,0,0.709703947368421,0.9736842105263158,14,0.9673080515598731
HHN-LON-01,2024-03-13,53,70,38.0,26.22395833333333,27.828125,0.0,0.8779089651211361,11,2.290909090909091,1,149,45.58389261744966,45,114.0,114.0,1.0,Horizon London Central,London,Flagship,General,224,2024,3,1,13,2,11,0,0.6901041666666665,1.0,-17,0.9423544825004677
HHN-LON-01,2024-03-14,59,86,38.0,25.838541666666668,27.875,0.0,0.8642413918318524,15,2.32,2,139,44.13669064748201,39,114.0,112.0,0.9375,Horizon London Central,London,Flagship,General,224,2024,3,1,14,3,11,0,0.6799616228070176,0.9824561403508771,-27,0.9269431988041854
HHN-LON-01,2024-03-15,45,61,38.0,24.65625,27.947916666666668,0.0,0.7982091038834459,11,3.2363636363636363,2,134,34.04477611940298,35,114.0,112.0,0.96875,Horizon London Central,London,Flagship,General,224,2024,3,1,15,4,11,0,0.6488486842105263,0.9824561403508771,-16,0.8822213939619828
HHN-LON-01,2024-03-16,42,61,38.0,22.416666666666668,27.760416666666668,0.0,0.7275012002798693,0,0.0,0,144,48.29861111111112,45,113.0,113.0,1.0,Horizon London Central,London,Flagship,General,224,2024,3,1,16,5,11,1,0.5899122807017544,1.0,-19,0.8075046904315197
HHN-LON-01,2024-03-17,59,41,38.0,22.791666666666668,27.58333333333333,0.0,0.7524129287990227,0,0.0,0,185,53.51891891891892,56,114.0,111.0,0.96875,Horizon London Central,London,Flagship,General,224,2024,3,1,17,6,11,1,0.599780701754386,0.9736842105263158,18,0.826283987915408
HHN-LON-01,2024-03-18,49,61,38.0,23.09375,27.84895833333333,0.0,0.7809915121093792,13,2.1,1,153,40.888888888888886,35,114.0,114.0,1.0,Horizon London Central,London,Flagship,General,224,2024,3,1,18,0,12,0,0.6077302631578947,1.0,-12,0.82925004675519
HHN-LON-01,2024-03-19,40,58,38.0,22.1875,27.921875,0.0,0.7335320569308572,14,3.021428571428572,0,91,51.010989010989015,27,114.0,114.0,1.0,Horizon London Central,London,Flagship,General,224,2024,3,1,19,1,12,0,0.5838815789473685,1.0,-18,0.7946278679350868
HHN-LON-01,2024-03-20,73,44,38.0,21.557291666666668,27.84375,0.0,0.7072212657227008,10,2.31,0,184,49.84782608695652,63,114.0,111.0,0.90625,Horizon London Central,London,Flagship,General,224,2024,3,1,20,2,12,0,0.567297149122807,0.9736842105263158,29,0.7742237186681632
HHN-LON-01,2024-03-21,41,51,38.0,23.58333333333333,27.88020833333333,0.0,0.7850929304770561,12,3.083333333333333,1,109,45.63302752293578,33,114.0,112.0,0.9375,Horizon London Central,London,Flagship,General,224,2024,3,1,21,3,12,0,0.6206140350877192,0.9824561403508771,-10,0.845880814496544
HHN-LON-01,2024-03-22,65,50,38.0,23.44270833333333,27.932291666666668,0.0,0.8024878429826346,13,2.7384615384615385,2,180,47.20555555555556,53,114.0,110.0,0.9375,Horizon London Central,London,Flagship,General,224,2024,3,1,22,4,12,0,0.6169133771929823,0.9649122807017544,15,0.8392690658213684
HHN-LON-01,2024-03-23,37,58,38.0,22.5625,27.796875,0.0,0.7442892100536902,0,0.0,0,104,46.26923076923077,30,114.0,114.0,1.0,Horizon London Central,London,Flagship,General,224,2024,3,1,23,5,12,1,0.59375,1.0,-21,0.8116919617762788
HHN-LON-01,2024-03-24,48,48,38.0,21.73958333333333,27.64583333333333,0.0,0.7176284305100458,0,0.0,0,184,46.505434782608695,57,113.0,111.0,0.9375,Horizon London Central,London,Flagship,General,224,2024,3,1,24,6,12,1,0.5720942982456139,0.9823008849557522,0,0.7863602110022607
HHN-LON-01,2024-03-25,65,60,38.0,22.541666666666668,27.916666666666668,0.1197916666666666,0.754936796819488,11,2.609090909090909,3,160,58.59375,55,114.0,114.0,1.0,Horizon London Central,London,Flagship,General,224,2024,3,1,25,0,13,0,0.5932017543859649,1.0,5,0.8074626865671641
HHN-LON-01,2024-03-26,66,56,38.0,22.760416666666668,27.91145833333333,0.125,0.760195728582919,11,2.9227272727272724,0,213,35.901408450704224,51,114.0,113.0,0.96875,Horizon London Central,London,Flagship,General,224,2024,3,1,26,1,13,0,0.5989583333333334,0.9912280701754386,10,0.8154506437768242
HHN-LON-01,2024-03-27,48,59,38.0,23.057291666666668,27.84895833333333,0.0572916666666666,0.7720457853321752,14,3.1357142857142857,0,99,60.80808080808081,34,114.0,110.0,0.90625,Horizon London Central,London,Flagship,General,224,2024,3,1,27,2,13,0,0.6067708333333334,0.9649122807017544,-11,0.82794090144006
HHN-LON-01,2024-03-28,33,49,38.0,21.822916666666668,27.91145833333333,0.0,0.7229895777150128,11,2.8000000000000003,0,94,36.96808510638298,21,114.0,112.0,0.9375,Horizon London Central,London,Flagship,General,224,2024,3,1,28,3,13,0,0.5742872807017544,0.9824561403508771,-16,0.7818622877402502
HHN-LON-01,2024-03-29,42,41,38.0,20.30208333333333,27.83333333333333,0.0,0.6668996361956373,0,0.0,0,128,54.0390625,42,114.0,112.0,0.9375,Horizon London Central,London,Flagship,General,224,2024,3,1,29,4,13,0,0.5342653508771928,0.9824561403508771,1,0.7294161676646707
HHN-LON-01,2024-03-30,46,51,38.0,19.713541666666668,27.682291666666668,0.0,0.6642497395026269,0,0.0,0,161,49.90062111801242,53,113.0,105.0,0.8125,Horizon London Central,London,Flagship,General,224,2024,3,1,30,5,13,1,0.5187774122807017,0.9292035398230089,-5,0.7121354656632173
HHN-LON-01,2024-03-31,51,45,38.0,20.73958333333333,27.838541666666668,0.0,0.668327075509093,0,0.0,0,154,55.95454545454545,52,114.0,111.0,0.9375,Horizon London Central,London,Flagship,General,224,2024,3,1,31,6,13,1,0.5457785087719297,0.9736842105263158,6,0.7449953227315246
HHN-LON-01,2024-04-01,48,46,38.0,21.421875,27.869791666666668,0.0,0.720094456602777,0,0.0,0,148,54.78378378378378,48,114.0,113.0,0.96875,Horizon London Central,London,Flagship,General,224,2024,4,2,1,0,14,0,0.563733552631579,0.9912280701754386,2,0.7686413754438423
HHN-LON-01,2024-04-02,72,54,38.0,22.291666666666668,27.869791666666668,0.0,0.7457563847584164,11,3.2454545454545456,3,177,53.90395480225989,60,114.0,110.0,0.875,Horizon London Central,London,Flagship,General,224,2024,4,2,2,1,14,0,0.5866228070175439,0.9649122807017544,18,0.7998504952345357
HHN-LON-01,2024-04-03,41,51,38.0,22.72395833333333,27.86458333333333,0.0,0.7619824346634473,13,2.984615384615384,1,97,48.628865979381445,30,114.0,114.0,1.0,Horizon London Central,London,Flagship,General,224,2024,4,2,3,2,14,0,0.5979989035087718,1.0,-10,0.8155140186915888
HHN-LON-01,2024-04-04,51,52,38.0,22.703125,27.916666666666668,0.0,0.7765234636364667,16,2.825,2,97,50.18556701030928,30,114.0,114.0,1.0,Horizon London Central,London,Flagship,General,224,2024,4,2,4,3,14,0,0.5974506578947368,1.0,-1,0.8132462686567163
HHN-LON-01,2024-04-05,54,56,38.0,22.135416666666668,27.953125,0.0,0.7590088067390699,13,3.269230769230769,0,159,54.18867924528302,45,114.0,108.0,0.84375,Horizon London Central,London,Flagship,General,224,2024,4,2,5,4,14,0,0.5825109649122807,0.9473684210526315,-2,0.7918762809763369
HHN-LON-01,2024-04-06,58,37,38.0,22.947916666666668,27.8125,0.0,0.7794696737465149,0,0.0,0,205,49.49756097560976,59,114.0,114.0,1.0,Horizon London Central,London,Flagship,General,224,2024,4,2,6,5,14,1,0.6038925438596492,1.0,21,0.8250936329588016
HHN-LON-01,2024-04-07,45,52,38.0,23.026041666666668,27.796875,0.0,0.7614274627698583,0,0.0,0,112,59.723214285714285,40,113.0,113.0,1.0,Horizon London Central,London,Flagship,General,224,2024,4,2,7,6,14,1,0.6059484649122807,1.0,-7,0.8283679970020611
HHN-LON-01,2024-04-08,105,56,38.0,24.52083333333333,27.963541666666668,0.0,0.8403754793968611,17,2.7470588235294118,2,294,47.523809523809526,91,114.0,111.0,0.90625,Horizon London Central,London,Flagship,General,224,2024,4,2,8,0,15,0,0.6452850877192982,0.9736842105263158,49,0.8768858260383682
HHN-LON-01,2024-04-09,66,71,38.0,25.401041666666668,27.859375,0.0,0.8233673791486291,12,2.966666666666667,0,188,55.39893617021277,55,114.0,110.0,0.90625,Horizon London Central,London,Flagship,General,224,2024,4,2,9,1,15,0,0.6684484649122807,0.9649122807017544,-5,0.9117592073284727
HHN-LON-01,2024-04-10,86,58,38.0,27.03125,27.828125,0.0,0.8870222431077694,15,3.6666666666666665,0,236,52.16525423728814,71,114.0,112.0,0.9375,Horizon London Central,London,Flagship,General,224,2024,4,2,10,2,15,0,0.7113486842105263,0.9824561403508771,28,0.9713644020213363
HHN-LON-01,2024-04-11,50,73,38.0,27.00520833333333,27.9375,0.0,0.8917639149958229,8,2.7875,0,136,50.89705882352941,43,114.0,114.0,1.0,Horizon London Central,London,Flagship,General,224,2024,4,2,11,3,15,0,0.7106633771929823,1.0,-23,0.966629381058911
HHN-LON-01,2024-04-12,56,61,38.0,26.401041666666668,27.81770833333333,0.0,0.8700278991397412,9,2.9555555555555557,2,130,56.784615384615385,42,114.0,114.0,1.0,Horizon London Central,London,Flagship,General,224,2024,4,2,12,4,15,0,0.6947642543859649,1.0,-5,0.9490732072645574
HHN-LON-01,2024-04-13,34,62,38.0,24.88020833333333,27.791666666666668,0.0,0.8094800175851841,0,0.0,0,118,50.11864406779661,39,114.0,114.0,1.0,Horizon London Central,London,Flagship,General,224,2024,4,2,13,5,15,1,0.6547423245614034,1.0,-28,0.8952398800599698
HHN-LON-01,2024-04-14,23,66,38.0,22.697916666666668,27.73958333333333,0.0,0.7484405029469811,0,0.0,0,84,28.63095238095238,19,114.0,107.0,0.90625,Horizon London Central,London,Flagship,General,224,2024,4,2,14,6,15,1,0.5973135964912281,0.9385964912280702,-43,0.8182500938790839
HHN-LON-01,2024-04-15,45,42,38.0,19.86458333333333,27.890625,0.0,0.6702445082200619,14,2.9,1,130,30.0,32,114.0,109.0,0.875,Horizon London Central,London,Flagship,General,224,2024,4,2,15,0,16,0,0.522752192982456,0.956140350877193,3,0.7122315592903826
HHN-LON-01,2024-04-16,51,47,38.0,20.807291666666668,27.890625,0.0,0.7041531662258994,11,2.6545454545454543,0,142,54.2887323943662,47,114.0,114.0,1.0,Horizon London Central,London,Flagship,General,224,2024,4,2,16,1,16,0,0.5475603070175439,1.0,4,0.746031746031746
HHN-LON-01,2024-04-17,58,50,38.0,22.291666666666668,27.947916666666668,0.0,0.7537983413394597,18,3.538888888888889,4,112,52.642857142857146,35,114.0,114.0,1.0,Horizon London Central,London,Flagship,General,224,2024,4,2,17,2,16,0,0.5866228070175439,1.0,8,0.7976146105106224
HHN-LON-01,2024-04-18,63,49,38.0,22.09895833333333,27.890625,0.0,0.7542212041486422,23,3.234782608695652,0,144,44.54166666666666,42,114.0,102.0,0.8125,Horizon London Central,London,Flagship,General,224,2024,4,2,18,3,16,0,0.5815515350877192,0.8947368421052632,14,0.7923436041083098
HHN-LON-01,2024-04-19,47,47,38.0,23.151041666666668,27.901041666666668,0.0,0.7687925880713538,17,3.335294117647059,2,116,32.672413793103445,31,114.0,114.0,1.0,Horizon London Central,London,Flagship,General,224,2024,4,2,19,4,16,0,0.6092379385964912,1.0,0,0.8297554601456039
HHN-LON-01,2024-04-20,67,54,38.0,22.119791666666668,27.765625,0.0,0.7400732646795577,0,0.0,0,213,53.291079812206576,69,114.0,111.0,0.90625,Horizon London Central,London,Flagship,General,224,2024,4,2,20,5,16,1,0.5820997807017544,0.9736842105263158,13,0.796661039204652
HHN-LON-01,2024-04-21,46,52,38.0,23.84895833333333,27.921875,0.0,0.8153497835241256,0,0.0,0,160,44.79375,46,114.0,110.0,0.90625,Horizon London Central,London,Flagship,General,224,2024,4,2,21,6,16,1,0.6276041666666665,0.9649122807017544,-6,0.8541316918485355
HHN-LON-01,2024-04-22,50,61,38.0,23.9375,27.81770833333333,0.0,0.8063109451870417,17,3.094117647058824,0,106,45.60377358490566,33,114.0,111.0,0.90625,Horizon London Central,London,Flagship,General,224,2024,4,2,22,0,17,0,0.6299342105263158,0.9736842105263158,-11,0.8605130125444674
HHN-LON-01,2024-04-23,57,64,38.0,22.53125,27.921875,0.0,0.7564394528370558,13,3.576923076923077,2,126,51.17460317460318,45,114.0,114.0,1.0,Horizon London Central,London,Flagship,General,224,2024,4,2,23,1,17,0,0.5929276315789473,1.0,-7,0.8069390039171797
HHN-LON-01,2024-04-24,53,45,38.0,22.838541666666668,27.854166666666668,0.0,0.7618750182029735,19,3.131578947368421,3,129,39.30232558139535,35,114.0,114.0,1.0,Horizon London Central,London,Flagship,General,224,2024,4,2,24,2,17,0,0.6010142543859649,1.0,8,0.8199326851159312
HHN-LON-01,2024-04-25,54,62,38.0,23.06770833333333,27.88020833333333,0.0,0.7699170695324914,15,1.9466666666666663,0,111,53.0990990990991,38,114.0,114.0,1.0,Horizon London Central,London,Flagship,General,224,2024,4,2,25,3,17,0,0.6070449561403507,1.0,-8,0.8273865122361292
HHN-LON-01,2024-04-26,50,56,38.0,22.08333333333333,27.916666666666668,0.0,0.73846519020587,10,1.36,0,130,52.05384615384615,40,114.0,113.0,0.96875,Horizon London Central,London,Flagship,General,224,2024,4,2,26,4,17,0,0.5811403508771928,0.9912280701754386,-6,0.7910447761194028
HHN-LON-01,2024-04-27,66,42,38.0,22.67708333333333,27.729166666666668,0.0,0.7324098347968196,0,0.0,0,191,58.00523560209424,71,114.0,111.0,0.90625,Horizon London Central,London,Flagship,General,224,2024,4,2,27,5,17,1,0.5967653508771928,0.9736842105263158,24,0.8178061607813671
HHN-LON-01,2024-04-28,35,61,38.0,23.34375,27.875,0.0,0.7668198849349682,0,0.0,0,140,29.685714285714287,30,114.0,110.0,0.90625,Horizon London Central,London,Flagship,General,224,2024,4,2,28,6,17,1,0.6143092105263158,0.9649122807017544,-26,0.8374439461883408
HHN-LON-01,2024-04-29,50,52,38.0,21.578125,27.921875,0.0,0.735173882254172,19,2.526315789473684,0,103,48.51456310679612,34,114.0,111.0,0.90625,Horizon London Central,London,Flagship,General,224,2024,4,2,29,0,18,0,0.5678453947368421,0.9736842105263158,-2,0.7728035814213766
HHN-LON-01,2024-04-30,41,36,38.0,21.20833333333333,27.901041666666668,0.0,0.6987020806830412,13,3.3230769230769237,2,101,40.24752475247525,28,114.0,114.0,1.0,Horizon London Central,London,Flagship,General,224,2024,4,2,30,1,18,0,0.5581140350877192,1.0,5,0.7601269367183123
HHN-LON-01,2024-05-01,48,56,38.0,21.854166666666668,27.890625,0.0,0.7532103055223097,12,2.558333333333333,1,129,42.01550387596899,34,114.0,113.0,0.96875,Horizon London Central,London,Flagship,General,224,2024,5,2,1,2,18,0,0.575109649122807,0.9912280701754386,-8,0.7835667600373483
HHN-LON-01,2024-05-02,40,53,38.0,20.4375,27.890625,0.0,0.6867368020818945,15,1.9333333333333331,1,103,38.271844660194176,27,114.0,108.0,0.90625,Horizon London Central,London,Flagship,General,224,2024,5,2,2,3,18,0,0.537828947368421,0.9473684210526315,-13,0.7327731092436974
HHN-LON-01,2024-05-03,46,49,38.0,19.59895833333333,27.90625,0.0,0.6545973197951115,12,3.8333333333333335,1,112,48.910714285714285,34,114.0,112.0,0.9375,Horizon London Central,London,Flagship,General,224,2024,5,2,3,4,18,0,0.5157620614035087,0.9824561403508771,-3,0.7023142963792458
HHN-LON-01,2024-05-04,36,46,38.0,17.671875,27.77083333333333,0.3125,0.5816391418883179,0,0.0,0,139,42.0863309352518,36,114.0,107.0,0.875,Horizon London Central,London,Flagship,General,224,2024,5,2,4,5,18,1,0.46504934210526316,0.9385964912280702,-10,0.6363465866466618
HHN-LON-01,2024-05-05,31,50,38.0,16.182291666666668,27.75,0.625,0.5256658947029175,0,0.0,0,120,45.266666666666666,36,114.0,111.0,0.96875,Horizon London Central,London,Flagship,General,224,2024,5,2,5,6,18,1,0.42584978070175444,0.9736842105263158,-19,0.5831456456456456
HHN-LON-01,2024-05-06,45,35,38.0,15.744791666666666,27.83333333333333,0.625,0.5188428198044467,0,0.0,0,139,53.388489208633096,45,114.0,114.0,1.0,Horizon London Central,London,Flagship,General,224,2024,5,2,6,0,19,0,0.41433662280701755,1.0,10,0.565681137724551
HHN-LON-01,2024-05-07,58,37,38.0,17.921875,27.81770833333333,0.3645833333333333,0.5944420215292691,16,3.675,0,144,34.30555555555556,39,114.0,113.0,0.96875,Horizon London Central,London,Flagship,General,224,2024,5,2,7,1,19,0,0.47162828947368424,0.9912280701754386,21,0.6442613742744805
HHN-LON-01,2024-05-08,36,36,38.0,19.447916666666668,27.94270833333333,0.0,0.6312317022583325,14,2.478571428571428,3,87,34.28735632183908,23,114.0,114.0,1.0,Horizon London Central,London,Flagship,General,224,2024,5,2,8,2,19,0,0.5117872807017544,1.0,0,0.6959925442684065
HHN-LON-01,2024-05-09,46,32,38.0,20.046875,27.921875,0.0,0.660749346536183,14,2.2285714285714286,4,116,52.01724137931034,32,114.0,111.0,0.9375,Horizon London Central,London,Flagship,General,224,2024,5,2,9,3,19,0,0.5275493421052632,0.9736842105263158,14,0.7179630665920537
HHN-LON-01,2024-05-10,52,43,38.0,21.47395833333333,27.932291666666668,0.0,0.7137772751533716,12,2.716666666666667,3,139,55.39568345323741,46,114.0,111.0,0.90625,Horizon London Central,London,Flagship,General,224,2024,5,2,10,4,19,0,0.5651041666666665,0.9736842105263158,9,0.7687861271676298
HHN-LON-01,2024-05-11,26,52,38.0,21.03645833333333,27.8125,0.0,0.6783831316155635,0,0.0,0,84,41.47619047619048,22,114.0,111.0,0.96875,Horizon London Central,London,Flagship,General,224,2024,5,2,11,5,19,1,0.5535910087719297,0.9736842105263158,-26,0.7563670411985017
HHN-LON-01,2024-05-12,33,52,38.0,17.21875,27.88020833333333,0.1041666666666666,0.5770465846448657,0,0.0,0,139,39.83453237410072,33,114.0,109.0,0.90625,Horizon London Central,London,Flagship,General,224,2024,5,2,12,6,19,1,0.453125,0.956140350877193,-19,0.6175976088174856
HHN-LON-01,2024-05-13,51,43,38.0,16.807291666666668,27.822916666666668,0.5,0.5637893160278122,9,2.311111111111112,0,142,44.00704225352113,44,114.0,111.0,0.9375,Horizon London Central,London,Flagship,General,224,2024,5,2,13,0,20,0,0.44229714912280704,0.9736842105263158,8,0.6040808685885436
HHN-LON-01,2024-05-14,43,47,38.0,17.59375,27.854166666666668,0.765625,0.563212996560943,7,3.3285714285714287,2,153,34.43790849673203,35,114.0,114.0,1.0,Horizon London Central,London,Flagship,General,224,2024,5,2,14,1,20,0,0.4629934210526316,1.0,-4,0.631637995512341
HHN-LON-01,2024-05-15,50,47,38.0,17.692708333333332,27.91145833333333,0.875,0.5849336385511527,17,3.176470588235294,1,91,57.75824175824176,32,114.0,107.0,0.875,Horizon London Central,London,Flagship,General,224,2024,5,2,15,2,20,0,0.4655975877192982,0.9385964912280702,3,0.6338869192013435
HHN-LON-01,2024-05-16,53,37,38.0,18.166666666666668,27.963541666666668,0.875,0.6026375400306322,12,1.9666666666666668,2,135,49.45185185185185,42,114.0,112.0,0.9375,Horizon London Central,London,Flagship,General,224,2024,5,2,16,3,20,0,0.47807017543859653,0.9824561403508771,16,0.6496554293164463
HHN-LON-01,2024-05-17,60,55,38.0,19.96875,27.89583333333333,0.875,0.6758871964294154,20,2.04,1,149,41.986577181208055,42,114.0,114.0,1.0,Horizon London Central,London,Flagship,General,224,2024,5,2,17,4,20,0,0.5254934210526315,1.0,5,0.7158327109783421
HHN-LON-01,2024-05-18,34,48,38.0,18.890625,27.760416666666668,0.6875,0.6065253885753837,0,0.0,0,123,46.235772357723576,35,114.0,114.0,1.0,Horizon London Central,London,Flagship,General,224,2024,5,2,18,5,20,1,0.49712171052631576,1.0,-14,0.6804878048780487
HHN-LON-01,2024-05-19,45,36,38.0,18.109375,27.77083333333333,0.0625,0.5914663501214754,0,0.0,0,134,57.93283582089552,44,114.0,112.0,0.9375,Horizon London Central,London,Flagship,General,224,2024,5,2,19,6,20,1,0.4765625,0.9824561403508771,9,0.6521005251312829
HHN-LON-01,2024-05-20,45,55,38.0,18.901041666666668,27.947916666666668,0.0,0.6165795237444086,13,3.5307692307692307,0,105,47.50476190476191,32,114.0,114.0,1.0,Horizon London Central,London,Flagship,General,224,2024,5,2,20,0,21,0,0.49739583333333337,1.0,-10,0.6762951919493105
HHN-LON-01,2024-05-21,70,38,38.0,19.78645833333333,27.916666666666668,0.0,0.6541079996508837,15,2.893333333333333,1,132,68.17424242424242,53,114.0,111.0,0.90625,Horizon London Central,London,Flagship,General,224,2024,5,2,21,1,21,0,0.5206962719298245,0.9736842105263158,32,0.7087686567164178
HHN-LON-01,2024-05-22,33,37,38.0,21.47395833333333,27.89583333333333,0.0,0.6816332136803805,16,2.75,1,79,34.075949367088604,16,114.0,114.0,1.0,Horizon London Central,London,Flagship,General,224,2024,5,2,22,2,21,0,0.5651041666666665,1.0,-4,0.7697908887229276
HHN-LON-01,2024-05-23,48,53,38.0,21.078125,27.932291666666668,0.0,0.6601525941164099,15,3.0733333333333333,1,119,38.0672268907563,33,114.0,114.0,1.0,Horizon London Central,London,Flagship,General,224,2024,5,2,23,3,21,0,0.5546875,1.0,-5,0.7546149543166139
HHN-LON-01,2024-05-24,40,55,38.0,20.276041666666668,27.88020833333333,0.0,0.6469071495276023,15,2.3666666666666667,1,93,40.8494623655914,27,114.0,112.0,0.9375,Horizon London Central,London,Flagship,General,224,2024,5,2,24,4,21,0,0.5335800438596492,0.9824561403508771,-15,0.727255744442369
HHN-LON-01,2024-05-25,54,48,38.0,19.31770833333333,27.8125,0.0,0.6134102513930905,0,0.0,0,149,52.41610738255034,54,114.0,107.0,0.875,Horizon London Central,London,Flagship,General,224,2024,5,2,25,5,21,1,0.508360745614035,0.9385964912280702,6,0.6945692883895129
HHN-LON-01,2024-05-26,21,52,38.0,17.739583333333332,27.822916666666668,0.0,0.5669103784212541,0,0.0,0,73,36.05479452054794,19,114.0,112.0,0.9375,Horizon London Central,London,Flagship,General,224,2024,5,2,26,6,21,1,0.46683114035087714,0.9824561403508771,-31,0.6375889180082366
HHN-LON-01,2024-05-27,38,43,38.0,14.932291666666666,27.838541666666668,0.0,0.474007789505377,0,0.0,0,135,45.92592592592592,39,114.0,114.0,1.0,Horizon London Central,London,Flagship,General,224,2024,5,2,27,0,22,0,0.39295504385964913,1.0,-5,0.5363891487371375
HHN-LON-01,2024-05-28,56,43,38.0,15.880208333333334,27.901041666666668,0.0,0.5368567970583983,14,2.435714285714286,2,125,52.768,45,114.0,114.0,1.0,Horizon London Central,London,Flagship,General,224,2024,5,2,28,1,22,0,0.4179002192982456,1.0,13,0.5691618443158484
HHN-LON-01,2024-05-29,76,41,38.0,19.322916666666668,27.91145833333333,0.0,0.6533855802201874,18,2.888888888888889,3,150,63.54666666666667,56,114.0,114.0,1.0,Horizon London Central,London,Flagship,General,224,2024,5,2,29,2,22,0,0.5084978070175439,1.0,35,0.6922933383093862
HHN-LON-01,2024-05-30,36,48,38.0,20.27083333333333,27.88020833333333,0.0,0.6699276891025794,10,3.15,3,101,44.495049504950494,25,114.0,113.0,0.96875,Horizon London Central,London,Flagship,General,224,2024,5,2,30,3,22,0,0.5334429824561402,0.9912280701754386,-12,0.7270689333084251
HHN-LON-01,2024-05-31,40,35,38.0,20.109375,27.869791666666668,0.0,0.6856399018713986,12,2.3000000000000003,0,79,63.36708860759494,32,114.0,114.0,1.0,Horizon London Central,London,Flagship,General,224,2024,5,2,31,4,22,0,0.5291940789473685,1.0,5,0.7215473743225566
HHN-LON-01,2024-06-01,33,46,38.0,19.541666666666668,27.744791666666668,0.0,0.6413705434742344,0,0.0,0,106,48.028301886792455,29,113.0,113.0,1.0,Horizon London Central,London,Flagship,General,224,2024,6,2,1,5,22,1,0.5142543859649124,1.0,-13,0.7043363994743759
HHN-LON-01,2024-06-02,29,48,38.0,17.5,27.70833333333333,0.0,0.590360674739061,0,0.0,0,116,41.27586206896552,31,114.0,114.0,1.0,Horizon London Central,London,Flagship,General,224,2024,6,2,2,6,22,1,0.4605263157894737,1.0,-19,0.6315789473684211
HHN-LON-01,2024-06-03,45,44,38.0,16.6875,27.921875,0.0,0.5647739724050677,10,3.04,1,138,39.71014492753624,38,114.0,114.0,1.0,Horizon London Central,London,Flagship,General,224,2024,6,2,3,0,23,0,0.43914473684210525,1.0,1,0.5976496922216005
HHN-LON-01,2024-06-04,54,42,38.0,17.947916666666668,27.84375,0.0,0.6007294853407095,22,3.6,1,80,56.425,28,114.0,108.0,0.875,Horizon London Central,London,Flagship,General,224,2024,6,2,4,1,23,0,0.4723135964912281,0.9473684210526315,12,0.6445940890385335
HHN-LON-01,2024-06-05,58,41,38.0,19.666666666666668,27.92708333333333,0.0,0.6814986334564009,17,2.6882352941176477,1,149,48.24161073825504,43,114.0,111.0,0.90625,Horizon London Central,London,Flagship,General,224,2024,6,2,5,2,23,0,0.5175438596491229,0.9736842105263158,17,0.7042148452070125
HHN-LON-01,2024-06-06,60,43,38.0,21.572916666666668,27.916666666666668,0.0,0.7400533461282905,16,2.7,1,124,54.38709677419355,44,114.0,114.0,1.0,Horizon London Central,London,Flagship,General,224,2024,6,2,6,3,23,0,0.5677083333333334,1.0,17,0.7727611940298508
HHN-LON-01,2024-06-07,41,48,38.0,21.625,27.859375,0.0,0.7109890947881344,12,2.983333333333334,1,99,50.525252525252526,27,114.0,112.0,0.9375,Horizon London Central,London,Flagship,General,224,2024,6,2,7,4,23,0,0.569078947368421,0.9824561403508771,-7,0.776219854178351
HHN-LON-01,2024-06-08,18,42,38.0,20.078125,27.713541666666668,0.265625,0.6406936472215555,0,0.0,0,64,42.453125,16,114.0,114.0,1.0,Horizon London Central,London,Flagship,General,224,2024,6,2,8,5,23,1,0.5283717105263158,1.0,-24,0.72448787821838
HHN-LON-01,2024-06-09,20,41,38.0,16.942708333333332,27.807291666666668,0.1875,0.5357598892895351,0,0.0,0,62,48.11290322580645,22,114.0,112.0,0.9375,Horizon London Central,London,Flagship,General,224,2024,6,2,9,6,23,1,0.44586074561403505,0.9824561403508771,-21,0.6092901292376849
HHN-LON-01,2024-06-10,50,41,38.0,16.411458333333332,27.91145833333333,0.0,0.5674892503162626,21,2.5285714285714285,3,83,68.8433734939759,29,114.0,114.0,1.0,Horizon London Central,London,Flagship,General,224,2024,6,2,10,0,24,0,0.4318804824561403,1.0,9,0.5879828326180259
HHN-LON-01,2024-06-11,76,48,38.0,18.33333333333333,27.83333333333333,0.0,0.6286715103043349,17,2.5823529411764703,0,209,54.07177033492823,67,113.0,108.0,0.90625,Horizon London Central,London,Flagship,General,224,2024,6,2,11,1,24,0,0.4824561403508771,0.9557522123893806,28,0.6586826347305389
HHN-LON-01,2024-06-12,56,50,38.0,21.234375,27.916666666666668,0.0,0.7056013922971566,21,2.4666666666666663,0,94,47.97872340425532,30,114.0,113.0,0.96875,Horizon London Central,London,Flagship,General,224,2024,6,2,12,2,24,0,0.5587993421052632,0.9912280701754386,6,0.7606343283582089
HHN-LON-01,2024-06-13,54,47,38.0,20.557291666666668,27.91145833333333,0.0,0.6721741419521025,18,2.6833333333333336,2,138,41.731884057971016,35,114.0,114.0,1.0,Horizon London Central,London,Flagship,General,224,2024,6,2,13,3,24,0,0.5409813596491229,1.0,7,0.7365180070908753
HHN-LON-01,2024-06-14,39,51,38.0,21.203125,27.932291666666668,0.0,0.7020902919636312,15,2.83,0,97,40.0,24,114.0,114.0,1.0,Horizon London Central,London,Flagship,General,224,2024,6,2,14,4,24,0,0.5579769736842105,1.0,-12,0.7590900615327242
HHN-LON-01,2024-06-15,60,44,38.0,19.994791666666668,27.729166666666668,0.0,0.6378695715726482,0,0.0,0,185,60.18918918918919,64,114.0,114.0,1.0,Horizon London Central,London,Flagship,General,224,2024,6,2,15,5,24,1,0.5261787280701755,1.0,16,0.7210743801652892
HHN-LON-01,2024-06-16,37,46,38.0,22.510416666666668,27.796875,0.375,0.7124772491356922,0,0.0,0,131,42.87022900763359,33,114.0,114.0,1.0,Horizon London Central,London,Flagship,General,224,2024,6,2,16,6,24,1,0.5923793859649124,1.0,-9,0.8098182499531572
HHN-LON-01,2024-06-17,54,61,38.0,21.151041666666668,27.869791666666668,0.5,0.7032552717999527,21,2.7095238095238097,4,153,38.50980392156863,36,114.0,112.0,0.9375,Horizon London Central,London,Flagship,General,224,2024,6,2,17,0,25,0,0.5566063596491229,0.9824561403508771,-7,0.7589235656886564
HHN-LON-01,2024-06-18,67,42,38.0,22.28125,27.921875,0.0416666666666666,0.7255346210578529,11,2.8454545454545457,0,164,54.823170731707314,58,114.0,112.0,0.9375,Horizon London Central,London,Flagship,General,224,2024,6,2,18,1,25,0,0.5863486842105263,0.9824561403508771,25,0.7979854504756575
HHN-LON-01,2024-06-19,43,59,38.0,22.984375,27.91145833333333,0.0,0.7422341047370892,14,3.3428571428571425,1,96,43.13541666666666,25,114.0,112.0,0.9375,Horizon London Central,London,Flagship,General,224,2024,6,2,19,2,25,0,0.6048519736842105,0.9824561403508771,-16,0.8234745288300057
HHN-LON-01,2024-06-20,60,56,38.0,21.828125,27.869791666666668,0.0,0.7298902237164137,17,2.552941176470588,1,131,60.83206106870229,48,114.0,109.0,0.90625,Horizon London Central,London,Flagship,General,224,2024,6,2,20,3,25,0,0.5744243421052632,0.956140350877193,4,0.7832180900766211
HHN-LON-01,2024-06-21,51,52,38.0,23.010416666666668,27.80208333333333,0.0,0.7704581719226841,22,3.5727272727272723,1,97,40.577319587628864,25,114.0,114.0,1.0,Horizon London Central,London,Flagship,General,224,2024,6,2,21,4,25,0,0.6055372807017544,1.0,-1,0.8276508055451481
HHN-LON-01,2024-06-22,30,43,38.0,21.23958333333333,27.81770833333333,0.0,0.6842733737339565,0,0.0,0,117,41.1025641025641,30,114.0,112.0,0.9375,Horizon London Central,London,Flagship,General,224,2024,6,2,22,5,25,1,0.5589364035087718,0.9824561403508771,-13,0.763527429320352
HHN-LON-01,2024-06-23,29,42,38.0,19.588541666666668,27.703125,0.0,0.6485528648464339,0,0.0,0,114,34.36842105263158,28,114.0,108.0,0.90625,Horizon London Central,London,Flagship,General,224,2024,6,2,23,6,25,1,0.5154879385964912,0.9473684210526315,-13,0.7070877984583569
HHN-LON-01,2024-06-24,62,42,38.0,19.572916666666668,27.885416666666668,0.0,0.6524501741486068,22,3.0090909090909093,0,116,56.52586206896552,42,114.0,112.0,0.9375,Horizon London Central,London,Flagship,General,224,2024,6,2,24,0,26,0,0.5150767543859649,0.9824561403508771,20,0.7019051176690325
HHN-LON-01,2024-06-25,41,47,38.0,21.59895833333333,27.921875,0.0,0.7076067270623332,13,3.3076923076923075,1,105,37.85714285714285,27,114.0,114.0,1.0,Horizon London Central,London,Flagship,General,224,2024,6,2,25,1,26,0,0.568393640350877,1.0,-6,0.7735497108748366
HHN-LON-01,2024-06-26,45,49,38.0,20.463541666666668,27.921875,0.0,0.679494090269233,16,3.3625,3,112,41.330357142857146,32,114.0,113.0,0.96875,Horizon London Central,London,Flagship,General,224,2024,6,2,26,2,26,0,0.5385142543859649,0.9912280701754386,-4,0.7328856556612573
HHN-LON-01,2024-06-27,44,40,38.0,20.385416666666668,27.916666666666668,0.4375,0.6818347953216374,18,3.811111111111111,1,71,51.25352112676056,25,114.0,111.0,0.96875,Horizon London Central,London,Flagship,General,224,2024,6,2,27,3,26,0,0.5364583333333334,0.9736842105263158,4,0.7302238805970149
HHN-LON-01,2024-06-28,40,51,38.0,20.0,27.854166666666668,0.75,0.6758360425676119,17,2.2823529411764705,0,73,35.68493150684932,21,114.0,113.0,0.96875,Horizon London Central,London,Flagship,General,224,2024,6,2,28,4,26,0,0.5263157894736842,0.9912280701754386,-11,0.7180254300673149
HHN-LON-01,2024-06-29,20,32,38.0,18.44270833333333,27.828125,0.53125,0.5969824863349843,0,0.0,0,67,50.791044776119406,22,114.0,110.0,0.875,Horizon London Central,London,Flagship,General,224,2024,6,2,29,5,26,1,0.48533442982456126,0.9649122807017544,-12,0.6627362904735166
HHN-LON-01,2024-06-30,25,42,38.0,16.354166666666668,27.776041666666668,0.0,0.5298777486971663,0,0.0,0,90,36.67777777777778,24,113.0,112.0,0.96875,Horizon London Central,London,Flagship,General,224,2024,6,2,30,6,26,1,0.4303728070175439,0.9911504424778761,-17,0.5887867991749485
HHN-LON-01,2024-07-01,60,51,38.0,16.703125,27.885416666666668,0.0,0.5716733395701323,24,3.25,3,145,46.0,40,114.0,114.0,1.0,Horizon London Central,London,Flagship,General,224,2024,7,3,1,0,27,0,0.4395559210526316,1.0,9,0.5989914082928651
HHN-LON-01,2024-07-02,35,37,38.0,16.984375,27.8125,0.0,0.5483924772327596,12,3.3083333333333336,1,68,38.86764705882353,20,114.0,114.0,1.0,Horizon London Central,London,Flagship,General,224,2024,7,3,2,1,27,0,0.44695723684210525,1.0,-2,0.6106741573033708
HHN-LON-01,2024-07-03,31,24,38.0,17.401041666666668,27.94270833333333,0.0,0.5656647665754576,10,2.12,4,72,62.43055555555556,24,114.0,113.0,0.96875,Horizon London Central,London,Flagship,General,224,2024,7,3,3,2,27,0,0.45792214912280704,0.9912280701754386,7,0.6227399813606712
HHN-LON-01,2024-07-04,45,42,38.0,17.416666666666668,27.901041666666668,0.0,0.5759823955645832,14,2.7857142857142856,2,85,54.917647058823526,27,114.0,107.0,0.8125,Horizon London Central,London,Flagship,General,224,2024,7,3,4,3,27,0,0.45833333333333337,0.9385964912280702,3,0.6242299794661191
HHN-LON-01,2024-07-05,38,41,38.0,17.734375,27.890625,0.0,0.5785426902172379,10,3.315,0,105,52.43809523809524,33,114.0,111.0,0.9375,Horizon London Central,London,Flagship,General,224,2024,7,3,5,4,27,0,0.4666940789473684,0.9736842105263158,-3,0.6358543417366946
HHN-LON-01,2024-07-06,36,41,38.0,17.302083333333332,27.73958333333333,0.0,0.5602689131982008,0,0.0,0,113,45.61946902654867,34,114.0,114.0,1.0,Horizon London Central,London,Flagship,General,224,2024,7,3,6,5,27,1,0.4553179824561403,1.0,-5,0.6237326323695082
HHN-LON-01,2024-07-07,25,35,38.0,16.166666666666668,27.83333333333333,0.0,0.5123831622256066,0,0.0,0,75,49.053333333333335,23,114.0,112.0,0.9375,Horizon London Central,London,Flagship,General,224,2024,7,3,7,6,27,1,0.4254385964912281,0.9824561403508771,-10,0.5808383233532936
HHN-LON-01,2024-07-08,44,44,38.0,15.708333333333334,27.90625,0.0,0.5629528298088181,11,1.5090909090909093,0,156,39.506410256410255,36,114.0,112.0,0.9375,Horizon London Central,London,Flagship,General,224,2024,7,3,8,0,28,0,0.4133771929824562,0.9824561403508771,0,0.5628966032101531
HHN-LON-01,2024-07-09,55,36,38.0,17.369791666666668,27.916666666666668,0.0,0.5873053311084424,24,3.15,0,114,45.62280701754386,33,114.0,114.0,1.0,Horizon London Central,London,Flagship,General,224,2024,7,3,9,1,28,0,0.45709978070175444,1.0,19,0.6222014925373135
HHN-LON-01,2024-07-10,53,49,38.0,18.359375,27.84895833333333,0.0,0.6404283783599461,25,2.714,2,114,47.333333333333336,29,114.0,114.0,1.0,Horizon London Central,London,Flagship,General,224,2024,7,3,10,2,28,0,0.4831414473684211,1.0,4,0.6592481765475969
HHN-LON-01,2024-07-11,52,51,38.0,19.354166666666668,27.92708333333333,0.0,0.6534516737206365,14,2.271428571428572,1,135,42.11851851851852,37,114.0,114.0,1.0,Horizon London Central,London,Flagship,General,224,2024,7,3,11,3,28,0,0.5093201754385965,1.0,1,0.6930249906751214
HHN-LON-01,2024-07-12,61,49,38.0,19.526041666666668,27.890625,0.0,0.6480425600367332,16,3.40625,4,138,48.47826086956522,46,114.0,111.0,0.90625,Horizon London Central,London,Flagship,General,224,2024,7,3,12,4,28,0,0.513843201754386,0.9736842105263158,12,0.700093370681606
HHN-LON-01,2024-07-13,34,50,38.0,19.328125,27.80208333333333,0.0,0.6327309092878696,0,0.0,0,104,46.13461538461539,33,114.0,109.0,0.90625,Horizon London Central,London,Flagship,General,224,2024,7,3,13,5,28,1,0.5086348684210527,0.956140350877193,-16,0.695204196328213
HHN-LON-01,2024-07-14,33,43,38.0,17.072916666666668,27.65625,0.0,0.5529379667105337,0,0.0,0,102,49.51960784313726,31,114.0,113.0,0.96875,Horizon London Central,London,Flagship,General,224,2024,7,3,14,6,28,1,0.44928728070175444,0.9912280701754386,-10,0.6173258003766479
HHN-LON-01,2024-07-15,38,44,38.0,16.385416666666668,27.921875,0.0,0.5498713312388835,15,3.353333333333333,1,94,50.2872340425532,27,114.0,113.0,0.96875,Horizon London Central,London,Flagship,General,224,2024,7,3,15,0,29,0,0.43119517543859653,0.9912280701754386,-6,0.586830815146428
HHN-LON-01,2024-07-16,35,38,38.0,16.171875,27.963541666666668,0.0,0.5633718173911431,12,2.958333333333333,3,54,52.0,20,114.0,114.0,1.0,Horizon London Central,London,Flagship,General,224,2024,7,3,16,1,29,0,0.42557565789473684,1.0,-3,0.5783199850996461
HHN-LON-01,2024-07-17,59,34,38.0,17.296875,27.890625,0.0,0.5929138935663059,14,2.4,5,164,39.59756097560975,48,114.0,114.0,1.0,Horizon London Central,London,Flagship,General,224,2024,7,3,17,2,29,0,0.4551809210526316,1.0,25,0.6201680672268908
HHN-LON-01,2024-07-18,37,41,38.0,18.921875,27.86458333333333,0.0,0.6483075086203715,14,3.4142857142857146,2,92,48.47826086956522,23,114.0,111.0,0.9375,Horizon London Central,London,Flagship,General,224,2024,7,3,18,3,29,0,0.4979440789473684,0.9736842105263158,-4,0.6790654205607478
HHN-LON-01,2024-07-19,54,45,38.0,18.671875,27.916666666666668,0.0,0.6391366920031901,21,2.9,0,113,31.398230088495577,28,114.0,113.0,0.96875,Horizon London Central,London,Flagship,General,224,2024,7,3,19,4,29,0,0.49136513157894735,0.9912280701754386,9,0.6688432835820896
HHN-LON-01,2024-07-20,18,40,38.0,18.197916666666668,27.78645833333333,0.0,0.6038855103154034,0,0.0,0,75,48.93333333333333,24,114.0,109.0,0.90625,Horizon London Central,London,Flagship,General,224,2024,7,3,20,5,29,1,0.47889254385964913,0.956140350877193,-22,0.6549203373945643
HHN-LON-01,2024-07-21,40,41,38.0,16.03125,27.703125,0.0,0.5340348776977358,0,0.0,0,124,42.766129032258064,38,114.0,111.0,0.9375,Horizon London Central,London,Flagship,General,224,2024,7,3,21,6,29,1,0.421875,0.9736842105263158,-1,0.5786802030456852
HHN-LON-01,2024-07-22,42,41,38.0,16.71875,27.86458333333333,0.0,0.5946873477095517,12,1.5666666666666669,0,98,55.81632653061224,31,114.0,112.0,0.9375,Horizon London Central,London,Flagship,General,224,2024,7,3,22,0,30,0,0.4399671052631579,0.9824561403508771,1,0.6000000000000001
HHN-LON-01,2024-07-23,64,43,38.0,17.401041666666668,27.953125,0.0,0.6064420680701157,10,1.61,2,166,54.59036144578313,57,114.0,114.0,1.0,Horizon London Central,London,Flagship,General,224,2024,7,3,23,1,30,0,0.45792214912280704,1.0,21,0.6225079187628098
HHN-LON-01,2024-07-24,61,36,38.0,21.30208333333333,27.875,0.0,0.7176215168708033,21,3.0142857142857147,1,116,53.23275862068966,38,114.0,109.0,0.90625,Horizon London Central,London,Flagship,General,224,2024,7,3,24,2,30,0,0.560581140350877,0.956140350877193,25,0.764200298953662
HHN-LON-01,2024-07-25,89,63,38.0,23.11458333333333,27.932291666666668,0.0,0.7760466052283487,18,2.6722222222222225,0,192,61.239583333333336,71,114.0,114.0,1.0,Horizon London Central,London,Flagship,General,224,2024,7,3,25,3,30,0,0.6082785087719297,1.0,26,0.8275219093790787
HHN-LON-01,2024-07-26,43,62,38.0,23.375,27.869791666666668,0.0,0.7653061542350194,11,3.4545454545454546,1,117,50.8034188034188,33,114.0,114.0,1.0,Horizon London Central,London,Flagship,General,224,2024,7,3,26,4,30,0,0.6151315789473685,1.0,-19,0.8387217342552794
HHN-LON-01,2024-07-27,33,56,38.0,21.20833333333333,27.71875,0.0,0.6926877857550958,0,0.0,0,101,57.04950495049505,36,114.0,112.0,0.9375,Horizon London Central,London,Flagship,General,224,2024,7,3,27,5,30,1,0.5581140350877192,0.9824561403508771,-23,0.7651258925216082
HHN-LON-01,2024-07-28,31,56,38.0,18.53645833333333,27.729166666666668,0.0,0.6077912562447836,0,0.0,0,112,29.053571428571427,27,114.0,110.0,0.875,Horizon London Central,London,Flagship,General,224,2024,7,3,28,6,30,1,0.4878015350877192,0.9649122807017544,-25,0.6684823441021787
HHN-LON-01,2024-07-29,41,42,38.0,17.151041666666668,27.822916666666668,0.4166666666666667,0.5794120065719948,14,3.3428571428571425,0,121,28.73553719008265,27,114.0,114.0,1.0,Horizon London Central,London,Flagship,General,224,2024,7,3,29,0,31,0,0.45134320175438597,1.0,-1,0.6164357918382628
HHN-LON-01,2024-07-30,43,38,38.0,17.578125,27.890625,0.625,0.5818426271121686,20,3.185,1,101,35.613861386138616,23,114.0,112.0,0.96875,Horizon London Central,London,Flagship,General,224,2024,7,3,30,1,31,0,0.46258223684210525,0.9824561403508771,5,0.6302521008403361
HHN-LON-01,2024-07-31,35,48,38.0,17.161458333333332,27.84375,0.625,0.5884714426160839,14,2.7,3,79,50.63291139240506,21,114.0,114.0,1.0,Horizon London Central,London,Flagship,General,224,2024,7,3,31,2,31,0,0.45161732456140347,1.0,-13,0.6163486719042274
HHN-LON-01,2024-08-01,23,30,38.0,15.713541666666666,27.828125,0.625,0.5288522054472374,8,2.95,0,69,30.63768115942029,17,114.0,114.0,1.0,Horizon London Central,London,Flagship,General,224,2024,8,3,1,3,31,0,0.4135142543859649,1.0,-7,0.5646640464158712
HHN-LON-01,2024-08-02,26,38,38.0,14.5,27.875,0.5208333333333334,0.4746667747062806,3,3.4333333333333336,0,82,44.5,24,114.0,112.0,0.96875,Horizon London Central,London,Flagship,General,224,2024,8,3,2,4,31,0,0.3815789473684211,0.9824561403508771,-12,0.5201793721973094
HHN-LON-01,2024-08-03,19,33,38.0,12.760416666666666,27.760416666666668,0.0,0.4147191218403486,0,0.0,0,72,54.27777777777778,22,114.0,110.0,0.875,Horizon London Central,London,Flagship,General,224,2024,8,3,3,5,31,1,0.3358004385964912,0.9649122807017544,-14,0.4596622889305816
HHN-LON-01,2024-08-04,32,29,38.0,12.359375,27.807291666666668,0.0,0.3994514662668445,0,0.0,0,116,40.88793103448276,31,114.0,112.0,0.9375,Horizon London Central,London,Flagship,General,224,2024,8,3,4,6,31,1,0.32524671052631576,0.9824561403508771,3,0.444465255665855
HHN-LON-01,2024-08-05,32,40,38.0,12.515625,27.84375,0.0,0.4305815688350034,7,2.271428571428572,0,106,37.54716981132076,23,114.0,114.0,1.0,Horizon London Central,London,Flagship,General,224,2024,8,3,5,0,32,0,0.3293585526315789,1.0,-8,0.4494949494949495
HHN-LON-01,2024-08-06,46,35,38.0,11.677083333333334,27.89583333333333,0.0,0.4106180183982849,10,3.1100000000000003,0,126,58.85714285714285,38,114.0,113.0,0.96875,Horizon London Central,London,Flagship,General,224,2024,8,3,6,1,32,0,0.3072916666666667,0.9912280701754386,11,0.4185959671396566
HHN-LON-01,2024-08-07,41,29,38.0,13.546875,27.890625,0.0,0.4384561451286167,5,3.0,0,115,45.25217391304348,35,114.0,113.0,0.96875,Horizon London Central,London,Flagship,General,224,2024,8,3,7,2,32,0,0.35649671052631576,0.9912280701754386,12,0.4857142857142857
HHN-LON-01,2024-08-08,33,23,38.0,15.036458333333334,27.885416666666668,0.0,0.4770845044515348,7,3.271428571428572,2,90,45.82222222222222,25,114.0,114.0,1.0,Horizon London Central,London,Flagship,General,224,2024,8,3,8,3,32,0,0.3956962719298246,1.0,10,0.539223010833022
HHN-LON-01,2024-08-09,32,38,38.0,14.817708333333334,27.932291666666668,0.0,0.4619322535358316,3,4.066666666666666,1,94,45.223404255319146,32,114.0,113.0,0.96875,Horizon London Central,London,Flagship,General,224,2024,8,3,9,4,32,0,0.3899396929824562,0.9912280701754386,-6,0.530486667909752
HHN-LON-01,2024-08-10,23,27,38.0,14.572916666666666,27.8125,0.0,0.4497056773599923,0,0.0,0,61,60.32786885245902,20,114.0,112.0,0.9375,Horizon London Central,London,Flagship,General,224,2024,8,3,10,5,32,1,0.3834978070175438,0.9824561403508771,-4,0.5239700374531835
HHN-LON-01,2024-08-11,27,27,38.0,13.635416666666666,27.838541666666668,0.0,0.4289648720729409,0,0.0,0,96,52.052083333333336,29,114.0,114.0,1.0,Horizon London Central,London,Flagship,General,224,2024,8,3,11,6,32,1,0.3588267543859649,1.0,0,0.48980355472404113
HHN-LON-01,2024-08-12,49,32,38.0,14.994791666666666,27.921875,0.0,0.4828981449908307,8,2.9875000000000003,0,139,40.20143884892087,40,114.0,112.0,0.9375,Horizon London Central,London,Flagship,General,224,2024,8,3,12,0,33,0,0.3945997807017544,0.9824561403508771,17,0.5370266741279612
HHN-LON-01,2024-08-13,39,33,38.0,16.9375,27.88020833333333,0.0,0.5490002204585538,13,2.6538461538461537,0,94,43.9468085106383,27,114.0,114.0,1.0,Horizon London Central,London,Flagship,General,224,2024,8,3,13,1,33,0,0.4457236842105263,1.0,6,0.6075098075845321
HHN-LON-01,2024-08-14,33,41,38.0,17.109375,27.885416666666668,0.0,0.5318274374664661,6,3.6833333333333336,3,104,40.56730769230769,28,114.0,114.0,1.0,Horizon London Central,London,Flagship,General,224,2024,8,3,14,2,33,0,0.45024671052631576,1.0,-8,0.6135599551737019
HHN-LON-01,2024-08-15,49,29,38.0,17.276041666666668,27.92708333333333,0.0,0.5423780938722648,3,3.233333333333333,0,126,61.80952380952381,47,114.0,111.0,0.9375,Horizon London Central,London,Flagship,General,224,2024,8,3,15,3,33,0,0.45463267543859653,0.9736842105263158,20,0.6186124580380457
HHN-LON-01,2024-08-16,41,45,38.0,18.671875,27.90625,0.0,0.5959142568612523,10,3.72,0,139,36.381294964028775,33,114.0,114.0,1.0,Horizon London Central,London,Flagship,General,224,2024,8,3,16,4,33,0,0.49136513157894735,1.0,-4,0.6690929451287794
HHN-LON-01,2024-08-17,39,42,38.0,17.380208333333332,27.859375,0.0,0.5615201480759361,0,0.0,0,115,50.43478260869565,37,114.0,114.0,1.0,Horizon London Central,London,Flagship,General,224,2024,8,3,17,5,33,1,0.4573739035087719,1.0,-3,0.6238549261544214
HHN-LON-01,2024-08-18,30,39,38.0,17.005208333333332,27.807291666666668,0.0,0.5576789607737266,0,0.0,0,107,39.495327102803735,31,114.0,110.0,0.9375,Horizon London Central,London,Flagship,General,224,2024,8,3,18,6,33,1,0.4475054824561403,0.9649122807017544,-9,0.611537741150028
HHN-LON-01,2024-08-19,30,33,38.0,15.942708333333334,27.91145833333333,0.0,0.5290497677559081,2,1.9,1,117,41.034188034188034,30,114.0,114.0,1.0,Horizon London Central,London,Flagship,General,224,2024,8,3,19,0,34,0,0.41954495614035087,1.0,-3,0.5711886545997389
HHN-LON-01,2024-08-20,47,38,38.0,16.375,27.84375,0.0,0.5440458364155878,7,2.485714285714286,1,113,53.51327433628319,35,114.0,112.0,0.9375,Horizon London Central,London,Flagship,General,224,2024,8,3,20,1,34,0,0.4309210526315789,0.9824561403508771,9,0.5881032547699214
HHN-LON-01,2024-08-21,27,38,38.0,16.994791666666668,27.86458333333333,0.0,0.5528804738714278,6,3.233333333333333,0,89,46.01123595505618,24,114.0,111.0,0.96875,Horizon London Central,London,Flagship,General,224,2024,8,3,21,2,34,0,0.44723135964912286,0.9736842105263158,-11,0.6099065420560749
HHN-LON-01,2024-08-22,38,38,38.0,16.182291666666668,27.875,0.0,0.5314558014253489,6,1.9666666666666668,0,110,40.94545454545455,33,114.0,114.0,1.0,Horizon London Central,London,Flagship,General,224,2024,8,3,22,3,34,0,0.42584978070175444,1.0,0,0.5805306427503737
HHN-LON-01,2024-08-23,24,39,38.0,14.958333333333334,27.875,0.0,0.4872388059673858,4,1.925,0,77,42.23376623376623,21,114.0,114.0,1.0,Horizon London Central,London,Flagship,General,224,2024,8,3,23,4,34,0,0.393640350877193,1.0,-15,0.5366218236173393
HHN-LON-01,2024-08-24,44,29,38.0,14.885416666666666,27.760416666666668,0.0,0.4792567379961501,0,0.0,0,136,43.97794117647059,41,114.0,111.0,0.9375,Horizon London Central,London,Flagship,General,224,2024,8,3,24,5,34,1,0.39172149122807015,0.9736842105263158,15,0.5362101313320825
HHN-LON-01,2024-08-25,19,38,38.0,14.302083333333334,27.828125,0.0,0.4557850292467568,0,0.0,0,74,39.054054054054056,21,114.0,102.0,0.6875,Horizon London Central,London,Flagship,General,224,2024,8,3,25,6,34,1,0.37637061403508776,0.8947368421052632,-19,0.5139434774471271
HHN-LON-01,2024-08-26,29,35,38.0,12.828125,27.932291666666668,0.0,0.3954435240571076,0,0.0,0,124,46.774193548387096,35,114.0,114.0,1.0,Horizon London Central,London,Flagship,General,224,2024,8,3,26,0,35,0,0.33758223684210525,1.0,-6,0.45925787805332835
HHN-LON-01,2024-08-27,34,32,38.0,13.671875,27.875,0.0,0.4303930782739035,5,3.08,1,105,35.07619047619048,23,114.0,114.0,1.0,Horizon London Central,London,Flagship,General,224,2024,8,3,27,1,35,0,0.3597861842105263,1.0,2,0.4904708520179372
HHN-LON-01,2024-08-28,41,28,38.0,13.635416666666666,27.75,0.0,0.445711423660539,8,3.5875,2,106,51.575471698113205,35,114.0,112.0,0.96875,Horizon London Central,London,Flagship,General,224,2024,8,3,28,2,35,0,0.3588267543859649,0.9824561403508771,13,0.4913663663663663
HHN-LON-01,2024-08-29,31,32,38.0,14.71875,27.83333333333333,0.0,0.4717968715347162,4,1.5,0,73,51.50684931506849,26,114.0,112.0,0.96875,Horizon London Central,London,Flagship,General,224,2024,8,3,29,3,35,0,0.3873355263157895,0.9824561403508771,-1,0.5288173652694612
HHN-LON-01,2024-08-30,40,38,38.0,14.421875,27.95833333333333,0.0,0.445084065654241,6,3.1333333333333333,0,116,59.6551724137931,41,114.0,105.0,0.8125,Horizon London Central,London,Flagship,General,224,2024,8,3,30,4,35,0,0.3795230263157895,0.9210526315789473,2,0.5158345752608049
HHN-LON-01,2024-08-31,53,30,38.0,16.291666666666668,27.67708333333333,0.0,0.505844055699335,0,0.0,0,162,45.04938271604938,47,114.0,114.0,1.0,Horizon London Central,London,Flagship,General,224,2024,8,3,31,5,35,1,0.4287280701754386,1.0,23,0.5886337975159956
HHN-LON-01,2024-09-01,25,49,38.0,16.291666666666668,27.80208333333333,0.0,0.5088895460853907,0,0.0,0,87,47.44827586206897,25,114.0,113.0,0.96875,Horizon London Central,London,Flagship,General,224,2024,9,3,1,6,35,1,0.4287280701754386,0.9912280701754386,-24,0.5859872611464969
HHN-LON-01,2024-09-02,44,41,38.0,15.526041666666666,27.859375,0.0,0.5037116473280124,23,3.356521739130435,0,89,42.235955056179776,21,114.0,114.0,1.0,Horizon London Central,London,Flagship,General,224,2024,9,3,2,0,36,0,0.40858004385964913,1.0,3,0.5573004299869134
HHN-LON-01,2024-09-03,70,36,38.0,18.13020833333333,27.890625,0.21875,0.6095852841103059,17,2.494117647058824,2,163,50.38036809815951,54,114.0,114.0,1.0,Horizon London Central,London,Flagship,General,224,2024,9,3,3,1,36,0,0.47711074561403494,1.0,34,0.6500466853408028
HHN-LON-01,2024-09-04,57,52,38.0,19.33333333333333,27.869791666666668,0.75,0.636765021788423,9,1.5444444444444445,1,161,56.6583850931677,49,114.0,114.0,1.0,Horizon London Central,London,Flagship,General,224,2024,9,3,4,2,36,0,0.5087719298245613,1.0,5,0.693702111754812
HHN-LON-01,2024-09-05,43,41,38.0,20.859375,27.890625,0.75,0.6656961873311088,22,3.0818181818181816,1,90,54.53333333333333,22,114.0,114.0,1.0,Horizon London Central,London,Flagship,General,224,2024,9,3,5,3,36,0,0.5489309210526315,1.0,2,0.7478991596638656
HHN-LON-01,2024-09-06,42,55,38.0,19.203125,27.88020833333333,0.75,0.6411036496409886,14,2.8857142857142857,1,85,53.34117647058824,27,114.0,114.0,1.0,Horizon London Central,London,Flagship,General,224,2024,9,3,6,4,36,0,0.5053453947368421,1.0,-13,0.6887726508499907
HHN-LON-01,2024-09-07,55,46,38.0,18.182291666666668,27.697916666666668,0.75,0.625958836310906,0,0.0,0,157,47.318471337579616,57,113.0,112.0,0.96875,Horizon London Central,London,Flagship,General,224,2024,9,3,7,5,36,1,0.47848135964912286,0.9911504424778761,9,0.6564497931553216
HHN-LON-01,2024-09-08,25,47,38.0,18.838541666666668,27.75,0.75,0.644684097521452,0,0.0,0,85,43.25882352941176,24,114.0,109.0,0.875,Horizon London Central,London,Flagship,General,224,2024,9,3,8,6,36,1,0.4957510964912281,0.956140350877193,-22,0.6788663663663664
HHN-LON-01,2024-09-09,42,38,38.0,17.921875,27.947916666666668,0.03125,0.6233018223279809,17,1.7,0,105,38.60952380952381,28,114.0,111.0,0.9375,Horizon London Central,London,Flagship,General,224,2024,9,3,9,0,37,0,0.47162828947368424,0.9736842105263158,4,0.6412597838240774
HHN-LON-01,2024-09-10,46,36,38.0,18.682291666666668,27.901041666666668,0.0,0.6378857184321097,11,2.927272727272728,2,157,30.356687898089174,33,114.0,114.0,1.0,Horizon London Central,London,Flagship,General,224,2024,9,3,10,1,37,0,0.49163925438596495,1.0,10,0.669591189098376
HHN-LON-01,2024-09-11,34,46,38.0,17.791666666666668,27.83333333333333,0.0,0.6037261936938243,9,1.7333333333333334,1,81,55.93827160493827,27,114.0,111.0,0.96875,Horizon London Central,London,Flagship,General,224,2024,9,3,11,2,37,0,0.46820175438596495,0.9736842105263158,-12,0.6392215568862277
HHN-LON-01,2024-09-12,42,50,38.0,16.427083333333332,27.86458333333333,0.0,0.547057919104805,11,2.809090909090909,0,117,42.12820512820513,33,114.0,111.0,0.96875,Horizon London Central,London,Flagship,General,224,2024,9,3,12,3,37,0,0.43229166666666663,0.9736842105263158,-8,0.5895327102803739
HHN-LON-01,2024-09-13,50,35,38.0,17.708333333333332,27.854166666666668,0.0,0.5906712798828244,10,2.63,2,131,39.99236641221374,39,114.0,114.0,1.0,Horizon London Central,London,Flagship,General,224,2024,9,3,13,4,37,0,0.46600877192982454,1.0,15,0.6357516828721016
HHN-LON-01,2024-09-14,48,40,38.0,18.260416666666668,27.67708333333333,0.0,0.6091627802201517,0,0.0,0,157,45.40127388535032,52,114.0,114.0,1.0,Horizon London Central,London,Flagship,General,224,2024,9,3,14,5,37,1,0.48053728070175444,1.0,8,0.6597666541211895
HHN-LON-01,2024-09-15,41,45,38.0,18.55208333333333,27.729166666666668,0.0,0.6074644199197904,0,0.0,0,163,34.3680981595092,40,114.0,114.0,1.0,Horizon London Central,London,Flagship,General,224,2024,9,3,15,6,37,1,0.4882127192982455,1.0,-4,0.6690458302028548
HHN-LON-01,2024-09-16,52,40,38.0,19.875,27.92708333333333,0.0,0.6379018375839468,10,4.0,2,157,44.38216560509554,41,114.0,114.0,1.0,Horizon London Central,London,Flagship,General,224,2024,9,3,16,0,38,0,0.5230263157894737,1.0,12,0.7116747482282731
HHN-LON-01,2024-09-17,52,48,38.0,20.53645833333333,27.953125,0.0,0.6614032528215965,16,3.5375,1,86,72.70930232558139,35,114.0,114.0,1.0,Horizon London Central,London,Flagship,General,224,2024,9,3,17,1,38,0,0.5404331140350876,1.0,4,0.7346748649152225
HHN-LON-01,2024-09-18,52,48,38.0,20.72395833333333,27.86458333333333,0.0,0.6762615396371201,14,3.4214285714285717,2,133,55.090225563909776,43,114.0,114.0,1.0,Horizon London Central,London,Flagship,General,224,2024,9,3,18,2,38,0,0.5453673245614034,1.0,4,0.7437383177570093
HHN-LON-01,2024-09-19,65,49,38.0,21.666666666666668,27.838541666666668,0.0,0.7017627150153434,16,3.2687500000000003,0,150,47.86666666666667,47,114.0,114.0,1.0,Horizon London Central,London,Flagship,General,224,2024,9,3,19,3,38,0,0.5701754385964912,1.0,16,0.7782974742750234
HHN-LON-01,2024-09-20,42,45,38.0,21.41145833333333,27.859375,0.0,0.6964207329496125,13,2.630769230769231,1,127,38.05511811023622,30,114.0,114.0,1.0,Horizon London Central,London,Flagship,General,224,2024,9,3,20,4,38,0,0.5634594298245613,1.0,-3,0.7685548700691717
HHN-LON-01,2024-09-21,57,41,38.0,21.78125,27.75520833333333,0.0,0.7118311426889572,0,0.0,0,182,41.23626373626374,55,114.0,111.0,0.90625,Horizon London Central,London,Flagship,General,224,2024,9,3,21,5,38,1,0.5731907894736842,0.9736842105263158,16,0.7847626196284483
HHN-LON-01,2024-09-22,40,71,38.0,22.03645833333333,27.838541666666668,0.0,0.7243610261006981,0,0.0,0,124,45.55645161290322,41,114.0,106.0,0.8125,Horizon London Central,London,Flagship,General,224,2024,9,3,22,6,38,1,0.5799067982456139,0.9298245614035088,-31,0.7915809167446209
HHN-LON-01,2024-09-23,44,52,38.0,20.1875,27.916666666666668,0.0,0.6762266487979208,12,3.391666666666667,1,104,47.23076923076923,31,114.0,109.0,0.90625,Horizon London Central,London,Flagship,General,224,2024,9,3,23,0,39,0,0.53125,0.956140350877193,-8,0.7231343283582089
HHN-LON-01,2024-09-24,59,44,38.0,21.276041666666668,27.83333333333333,0.0,0.7169061331997951,21,2.771428571428572,0,114,52.25438596491228,39,114.0,114.0,1.0,Horizon London Central,London,Flagship,General,224,2024,9,3,24,1,39,0,0.5598958333333334,1.0,15,0.7644086826347307
HHN-LON-01,2024-09-25,51,41,38.0,22.807291666666668,27.88020833333333,0.0,0.7623763122475148,18,2.9833333333333334,0,132,40.04545454545455,35,114.0,114.0,1.0,Horizon London Central,London,Flagship,General,224,2024,9,3,25,2,39,0,0.6001918859649124,1.0,10,0.8180459555389503
HHN-LON-01,2024-09-26,60,63,38.0,23.02083333333333,27.854166666666668,0.0520833333333333,0.76957850664484,13,3.0615384615384613,0,145,46.33793103448276,47,114.0,111.0,0.90625,Horizon London Central,London,Flagship,General,224,2024,9,3,26,3,39,0,0.6058114035087718,0.9736842105263158,-3,0.826477187733732
HHN-LON-01,2024-09-27,45,53,38.0,21.510416666666668,27.80208333333333,0.25,0.6921914262199431,12,2.475,1,122,41.18852459016394,35,114.0,112.0,0.9375,Horizon London Central,London,Flagship,General,224,2024,9,3,27,4,39,0,0.5660635964912281,0.9824561403508771,-8,0.7736980142375424
HHN-LON-01,2024-09-28,35,44,38.0,20.328125,27.776041666666668,0.25,0.6522799157460492,0,0.0,0,106,52.63207547169812,35,114.0,113.0,0.96875,Horizon London Central,London,Flagship,General,224,2024,9,3,28,5,39,1,0.5349506578947368,0.9912280701754386,-9,0.7318582411400713
HHN-LON-01,2024-09-29,57,55,38.0,20.197916666666668,27.73958333333333,0.25,0.6678153201186995,0,0.0,0,166,64.83734939759036,64,114.0,114.0,1.0,Horizon London Central,London,Flagship,General,224,2024,9,3,29,6,39,1,0.5315241228070176,1.0,2,0.7281261734885469
HHN-LON-01,2024-09-30,62,44,38.0,22.265625,27.854166666666668,0.25,0.7616056947689107,15,2.0466666666666664,0,134,48.02238805970149,42,114.0,108.0,0.84375,Horizon London Central,London,Flagship,General,224,2024,9,3,30,0,40,0,0.5859375,0.9473684210526315,18,0.7993642483171278
HHN-LON-01,2024-10-01,41,57,38.0,22.09895833333333,27.88020833333333,0.25,0.7432651248478415,15,2.0933333333333333,0,86,43.97674418604651,26,114.0,114.0,1.0,Horizon London Central,London,Flagship,General,224,2024,10,4,1,1,40,0,0.5815515350877192,1.0,-16,0.7926396413226228
HHN-LON-01,2024-10-02,40,47,38.0,19.859375,27.84375,0.6666666666666666,0.6779415323241161,14,3.542857142857143,2,120,28.65,26,114.0,112.0,0.9375,Horizon London Central,London,Flagship,General,224,2024,10,4,2,2,40,0,0.5226151315789473,0.9824561403508771,-7,0.7132435465768799
HHN-LON-01,2024-10-03,59,44,38.0,20.50520833333333,27.979166666666668,0.625,0.7017866880603916,17,2.576470588235294,0,114,51.63157894736842,41,114.0,114.0,1.0,Horizon London Central,London,Flagship,General,224,2024,10,4,3,3,40,0,0.539610745614035,1.0,15,0.7328741623231569
HHN-LON-01,2024-10-04,59,48,38.0,21.432291666666668,27.916666666666668,0.625,0.7375366154403017,16,2.4875,3,169,44.48520710059172,44,114.0,114.0,1.0,Horizon London Central,London,Flagship,General,224,2024,10,4,4,4,40,0,0.5640076754385965,1.0,11,0.7677238805970149
HHN-LON-01,2024-10-05,41,58,38.0,20.932291666666668,27.78125,0.625,0.6779781051605056,0,0.0,0,150,39.99333333333333,42,114.0,114.0,1.0,Horizon London Central,London,Flagship,General,224,2024,10,4,5,5,40,1,0.5508497807017544,1.0,-17,0.7534683164604424
HHN-LON-01,2024-10-06,37,48,38.0,19.52083333333333,27.609375,0.625,0.6442545613987876,0,0.0,0,129,47.66666666666666,41,114.0,111.0,0.90625,Horizon London Central,London,Flagship,General,224,2024,10,4,6,6,40,1,0.513706140350877,0.9736842105263158,-11,0.707036408224863
HHN-LON-01,2024-10-07,48,42,38.0,20.421875,27.91145833333333,0.1302083333333333,0.6630040498749784,12,3.025,1,143,37.23076923076923,31,114.0,114.0,1.0,Horizon London Central,London,Flagship,General,224,2024,10,4,7,0,41,0,0.5374177631578947,1.0,6,0.7316663556633701
HHN-LON-01,2024-10-08,50,48,38.0,20.91145833333333,27.921875,0.0,0.7005485174119075,19,3.115789473684211,2,130,32.684615384615384,31,114.0,112.0,0.9375,Horizon London Central,London,Flagship,General,224,2024,10,4,8,1,41,0,0.5503015350877192,0.9824561403508771,2,0.7489274389106508
HHN-LON-01,2024-10-09,61,43,38.0,21.89583333333333,27.885416666666668,0.0,0.7296582805645184,20,3.015,1,167,43.16167664670659,43,114.0,114.0,1.0,Horizon London Central,London,Flagship,General,224,2024,10,4,9,2,41,0,0.576206140350877,1.0,18,0.7852073216286887
HHN-LON-01,2024-10-10,71,53,38.0,23.45833333333333,27.84375,0.0,0.7796749487268375,12,2.85,0,186,59.994623655913976,64,114.0,113.0,0.96875,Horizon London Central,London,Flagship,General,224,2024,10,4,10,3,41,0,0.6173245614035087,0.9912280701754386,18,0.8424990647212868
HHN-LON-01,2024-10-11,65,57,38.0,23.89583333333333,27.838541666666668,0.0,0.7965901568117125,11,3.1727272727272724,0,175,54.23428571428571,55,114.0,111.0,0.96875,Horizon London Central,London,Flagship,General,224,2024,10,4,11,4,41,0,0.6288377192982455,0.9736842105263158,8,0.8583723105706266
HHN-LON-01,2024-10-12,43,66,38.0,22.72395833333333,27.66145833333333,0.0,0.7494974979353932,0,0.0,0,162,39.617283950617285,43,114.0,114.0,1.0,Horizon London Central,London,Flagship,General,224,2024,10,4,12,5,41,1,0.5979989035087718,1.0,-23,0.8215025418941818
HHN-LON-01,2024-10-13,30,60,38.0,20.50520833333333,27.744791666666668,0.0,0.659987468363714,0,0.0,0,93,42.376344086021504,26,114.0,114.0,1.0,Horizon London Central,London,Flagship,General,224,2024,10,4,13,6,41,1,0.539610745614035,1.0,-30,0.7390651398535759
HHN-LON-01,2024-10-14,59,47,38.0,20.390625,27.822916666666668,0.0,0.6791503952709125,13,3.642307692307692,3,166,53.05421686746988,52,114.0,114.0,1.0,Horizon London Central,London,Flagship,General,224,2024,10,4,14,0,42,0,0.5365953947368421,1.0,12,0.7328715836765256
HHN-LON-01,2024-10-15,50,68,38.0,20.635416666666668,27.94270833333333,0.0,0.702219971025514,18,3.0444444444444443,1,107,33.429906542056074,28,114.0,111.0,0.90625,Horizon London Central,London,Flagship,General,224,2024,10,4,15,1,42,0,0.5430372807017544,0.9736842105263158,-18,0.7384902143522835
HHN-LON-01,2024-10-16,53,39,38.0,19.64583333333333,27.90625,0.0,0.6673231972811172,9,2.022222222222222,1,145,38.69655172413793,41,114.0,114.0,1.0,Horizon London Central,London,Flagship,General,224,2024,10,4,16,2,42,0,0.5169956140350876,1.0,14,0.7039940276222469
HHN-LON-01,2024-10-17,49,31,38.0,21.66145833333333,27.92708333333333,0.0,0.7196399430562206,12,2.8083333333333336,0,102,58.91176470588236,37,114.0,112.0,0.9375,Horizon London Central,London,Flagship,General,224,2024,10,4,17,3,42,0,0.5700383771929823,0.9824561403508771,18,0.7756434166355837
HHN-LON-01,2024-10-18,39,56,38.0,22.401041666666668,27.875,0.0,0.7448439607911358,12,3.0416666666666665,0,114,27.29824561403509,29,114.0,107.0,0.8125,Horizon London Central,London,Flagship,General,224,2024,10,4,18,4,42,0,0.5895010964912281,0.9385964912280702,-17,0.8036248131539612
HHN-LON-01,2024-10-19,47,47,38.0,19.94270833333333,27.734375,0.0,0.6742554002403521,0,0.0,0,156,44.532051282051285,49,114.0,112.0,0.9375,Horizon London Central,London,Flagship,General,224,2024,10,4,19,5,42,1,0.5248081140350876,0.9824561403508771,0,0.7190610328638496
HHN-LON-01,2024-10-20,37,49,38.0,19.609375,27.75520833333333,0.0,0.6521717818587175,0,0.0,0,113,46.88495575221239,36,114.0,109.0,0.90625,Horizon London Central,London,Flagship,General,224,2024,10,4,20,6,42,1,0.5160361842105263,0.956140350877193,-12,0.7065115406267594
HHN-LON-01,2024-10-21,60,49,38.0,19.98958333333333,27.953125,0.0,0.6689103796422876,15,2.893333333333333,3,148,48.94594594594594,49,114.0,109.0,0.90625,Horizon London Central,London,Flagship,General,224,2024,10,4,21,0,43,0,0.5260416666666665,0.956140350877193,11,0.7151108626793365
HHN-LON-01,2024-10-22,61,46,38.0,22.119791666666668,27.91145833333333,0.0,0.7528506594383142,17,2.5823529411764703,1,159,40.937106918239,42,114.0,114.0,1.0,Horizon London Central,London,Flagship,General,224,2024,10,4,22,1,43,0,0.5820997807017544,1.0,15,0.7924986004851653
HHN-LON-01,2024-10-23,41,47,38.0,22.31770833333333,27.94270833333333,0.0,0.7157904656981637,8,3.25,1,133,35.95488721804512,29,114.0,114.0,1.0,Horizon London Central,London,Flagship,General,224,2024,10,4,23,2,43,0,0.5873081140350876,1.0,-6,0.798695246971109
HHN-LON-01,2024-10-24,38,58,38.0,20.75520833333333,27.854166666666668,0.0,0.6830238521511741,7,3.542857142857143,1,107,42.91588785046729,32,114.0,110.0,0.90625,Horizon London Central,London,Flagship,General,224,2024,10,4,24,3,43,0,0.546189692982456,0.9649122807017544,-20,0.745138369483919
HHN-LON-01,2024-10-25,67,50,38.0,19.994791666666668,27.875,0.0,0.6733720049195933,18,3.316666666666667,2,179,45.97765363128492,55,114.0,113.0,0.96875,Horizon London Central,London,Flagship,General,224,2024,10,4,25,4,43,0,0.5261787280701755,0.9912280701754386,17,0.7173019431988042
HHN-LON-01,2024-10-26,53,41,38.0,22.119791666666668,27.78125,0.0,0.7311931325114642,0,0.0,0,171,46.82456140350877,49,114.0,108.0,0.84375,Horizon London Central,London,Flagship,General,224,2024,10,4,26,5,43,1,0.5820997807017544,0.9473684210526315,12,0.7962129733783277
HHN-LON-01,2024-10-27,28,46,38.0,21.84375,27.838541666666668,0.0,0.7169634635409596,0,0.0,0,103,38.42718446601942,25,114.0,114.0,1.0,Horizon London Central,London,Flagship,General,224,2024,10,4,27,6,43,1,0.5748355263157895,1.0,-18,0.7846585594013096
HHN-LON-01,2024-10-28,77,55,38.0,21.484375,27.921875,0.0,0.706322499961635,10,4.17,0,228,51.18859649122807,72,114.0,114.0,1.0,Horizon London Central,London,Flagship,General,224,2024,10,4,28,0,44,0,0.5653782894736842,1.0,22,0.7694459988808058
HHN-LON-01,2024-10-29,67,52,38.0,24.41145833333333,27.791666666666668,0.0,0.8343601858109807,21,2.719047619047619,0,142,44.38732394366197,43,114.0,114.0,1.0,Horizon London Central,London,Flagship,General,224,2024,10,4,29,1,44,0,0.6424067982456139,1.0,15,0.8783733133433281
HHN-LON-01,2024-10-30,32,53,38.0,24.22395833333333,27.822916666666668,0.0,0.7970720737582314,15,2.7133333333333334,0,82,28.73170731707317,17,114.0,114.0,1.0,Horizon London Central,London,Flagship,General,224,2024,10,4,30,2,44,0,0.6374725877192982,1.0,-21,0.870647697491576
HHN-LON-01,2024-10-31,61,61,38.0,22.70833333333333,27.875,0.0,0.7610769545391256,14,2.45,1,158,55.14556962025316,52,114.0,114.0,1.0,Horizon London Central,London,Flagship,General,224,2024,10,4,31,3,44,0,0.5975877192982455,1.0,0,0.8146487294469356
HHN-LON-01,2024-11-01,63,50,38.0,23.53645833333333,27.83333333333333,0.0,0.7844405373729265,16,3.19375,0,126,52.285714285714285,41,114.0,114.0,1.0,Horizon London Central,London,Flagship,General,224,2024,11,4,1,4,44,0,0.6193804824561402,1.0,13,0.8456212574850299
HHN-LON-01,2024-11-02,52,40,38.0,23.65625,27.69270833333333,0.0,0.766039702887734,0,0.0,0,184,47.48369565217392,54,114.0,114.0,1.0,Horizon London Central,London,Flagship,General,224,2024,11,4,2,5,44,1,0.6225328947368421,1.0,12,0.8542411134098177
HHN-LON-01,2024-11-03,59,46,38.0,24.64583333333333,27.78645833333333,0.0,0.8039900109562778,0,0.0,0,213,46.737089201877936,62,114.0,108.0,0.875,Horizon London Central,London,Flagship,General,224,2024,11,4,3,6,44,1,0.6485745614035087,0.9473684210526315,13,0.8869728209934395
HHN-LON-01,2024-11-04,65,55,38.0,26.526041666666668,27.776041666666668,0.0,0.8515947465262158,12,3.208333333333333,0,193,36.92746113989637,53,114.0,114.0,1.0,Horizon London Central,London,Flagship,General,224,2024,11,4,4,0,45,0,0.6980537280701755,1.0,10,0.9549971873242078
HHN-LON-01,2024-11-05,83,59,38.0,27.260416666666668,27.932291666666668,0.0,0.8896701388888889,22,3.272727272727273,0,173,52.73988439306358,59,114.0,111.0,0.90625,Horizon London Central,London,Flagship,General,224,2024,11,4,5,1,45,0,0.7173793859649124,0.9736842105263158,24,0.9759462987134067
HHN-LON-01,2024-11-06,56,75,38.0,26.84895833333333,27.77083333333333,0.0,0.8870424759816208,14,2.107142857142857,2,130,46.784615384615385,43,114.0,114.0,1.0,Horizon London Central,London,Flagship,General,224,2024,11,4,6,2,45,0,0.7065515350877192,1.0,-19,0.9668042010502625
HHN-LON-01,2024-11-07,66,71,38.0,26.46875,27.854166666666668,0.0,0.8698332927225471,19,3.057894736842105,3,134,57.53731343283582,48,114.0,111.0,0.90625,Horizon London Central,London,Flagship,General,224,2024,11,4,7,3,45,0,0.696546052631579,0.9736842105263158,-5,0.950261780104712
HHN-LON-01,2024-11-08,69,66,38.0,26.140625,27.9375,0.0,0.8524244639376218,12,2.629166666666667,0,206,42.81553398058252,58,114.0,109.0,0.84375,Horizon London Central,London,Flagship,General,224,2024,11,4,8,4,45,0,0.6879111842105263,0.956140350877193,3,0.935682326621924
HHN-LON-01,2024-11-09,52,76,38.0,25.546875,27.854166666666668,0.0,0.814074363816769,0,0.0,0,182,52.76923076923077,54,114.0,113.0,0.96875,Horizon London Central,London,Flagship,General,224,2024,11,4,9,5,45,1,0.6722861842105263,0.9912280701754386,-24,0.9171652954375467
HHN-LON-01,2024-11-10,54,62,38.0,24.66145833333333,27.796875,0.0,0.7933853325719941,0,0.0,0,191,41.13089005235602,52,114.0,113.0,0.96875,Horizon London Central,London,Flagship,General,224,2024,11,4,10,6,45,1,0.648985745614035,0.9912280701754386,-8,0.8872025482480793
HHN-LON-01,2024-11-11,46,58,38.0,24.651041666666668,27.875,0.0,0.8138347660003361,15,2.9,3,138,37.52173913043478,31,114.0,105.0,0.84375,Horizon London Central,London,Flagship,General,224,2024,11,4,11,0,46,0,0.6487116228070176,0.9210526315789473,-12,0.8843423019431988
HHN-LON-01,2024-11-12,36,56,38.0,22.229166666666668,27.84895833333333,0.0,0.7387511701136411,14,3.321428571428572,1,99,41.37373737373738,23,114.0,114.0,1.0,Horizon London Central,London,Flagship,General,224,2024,11,4,12,1,46,0,0.5849780701754387,1.0,-20,0.7982046007106791
HHN-LON-01,2024-11-13,70,57,38.0,21.78125,27.921875,0.0,0.706388582301895,11,3.0,0,170,60.88823529411765,62,114.0,114.0,1.0,Horizon London Central,London,Flagship,General,224,2024,11,4,13,2,46,0,0.5731907894736842,1.0,13,0.7800783435926133
HHN-LON-01,2024-11-14,44,49,38.0,22.73958333333333,27.828125,0.0,0.7510437991386456,11,2.5,0,87,52.6551724137931,32,114.0,111.0,0.90625,Horizon London Central,London,Flagship,General,224,2024,11,4,14,3,46,0,0.5984100877192982,0.9736842105263158,-5,0.8171439266329775
HHN-LON-01,2024-11-15,52,57,38.0,21.713541666666668,27.807291666666668,0.0,0.7187505077330297,11,1.8818181818181816,2,152,40.63815789473684,38,114.0,114.0,1.0,Horizon London Central,London,Flagship,General,224,2024,11,4,15,4,46,0,0.5714089912280702,1.0,-5,0.7808578385465443
HHN-LON-01,2024-11-16,70,51,38.0,21.38020833333333,27.80208333333333,0.0,0.6932641477729543,0,0.0,0,211,61.73933649289099,76,114.0,110.0,0.90625,Horizon London Central,London,Flagship,General,224,2024,11,4,16,5,46,1,0.5626370614035087,0.9649122807017544,19,0.7690146122143124
HHN-LON-01,2024-11-17,39,57,38.0,22.338541666666668,27.682291666666668,0.0,0.7271975197187239,0,0.0,0,130,47.315384615384616,37,114.0,114.0,1.0,Horizon London Central,London,Flagship,General,224,2024,11,4,17,6,46,1,0.5878563596491229,1.0,-18,0.8069614299153339
HHN-LON-01,2024-11-18,55,53,38.0,21.526041666666668,27.854166666666668,0.0,0.7301369351222614,16,2.43125,0,157,44.13375796178344,40,114.0,111.0,0.90625,Horizon London Central,London,Flagship,General,224,2024,11,4,18,0,47,0,0.5664747807017544,0.9736842105263158,2,0.7728122662677637
HHN-LON-01,2024-11-19,65,56,38.0,21.822916666666668,27.89583333333333,0.0,0.7303164425137059,14,3.2571428571428567,1,196,43.22959183673469,52,114.0,112.0,0.9375,Horizon London Central,London,Flagship,General,224,2024,11,4,19,1,47,0,0.5742872807017544,0.9824561403508771,9,0.7823002240477971
HHN-LON-01,2024-11-20,57,55,38.0,22.66145833333333,27.953125,0.0,0.724929315377748,13,3.6384615384615375,0,158,44.37341772151899,44,114.0,111.0,0.90625,Horizon London Central,London,Flagship,General,224,2024,11,4,20,2,47,0,0.5963541666666665,0.9736842105263158,2,0.8106949878889508
HHN-LON-01,2024-11-21,53,51,38.0,22.604166666666668,27.86458333333333,0.0,0.73785786103051,11,3.563636363636364,0,131,49.6030534351145,44,114.0,114.0,1.0,Horizon London Central,London,Flagship,General,224,2024,11,4,21,3,47,0,0.5948464912280702,1.0,2,0.8112149532710282
HHN-LON-01,2024-11-22,72,54,38.0,23.760416666666668,27.91145833333333,0.0,0.770688094316674,14,2.792857142857143,1,189,46.66666666666666,60,114.0,114.0,1.0,Horizon London Central,London,Flagship,General,224,2024,11,4,22,4,47,0,0.6252741228070176,1.0,18,0.8512782235491698
HHN-LON-01,2024-11-23,44,53,38.0,24.59375,27.80208333333333,0.0,0.7819503385734278,0,0.0,0,177,37.35593220338984,44,114.0,107.0,0.875,Horizon London Central,London,Flagship,General,224,2024,11,4,23,5,47,1,0.647203947368421,0.9385964912280702,-9,0.884600974147621
HHN-LON-01,2024-11-24,54,51,38.0,22.578125,27.78645833333333,0.0,0.7214760865645315,0,0.0,0,159,56.63522012578616,54,114.0,113.0,0.96875,Horizon London Central,London,Flagship,General,224,2024,11,4,24,6,47,1,0.5941611842105263,0.9912280701754386,3,0.8125585754451735
HHN-LON-01,2024-11-25,80,58,38.0,23.807291666666668,27.854166666666668,0.0,0.7863560011906809,13,1.907692307692308,0,219,54.36986301369863,72,114.0,114.0,1.0,Horizon London Central,London,Flagship,General,224,2024,11,4,25,0,48,0,0.6265076754385965,1.0,22,0.8547120418848168
HHN-LON-01,2024-11-26,79,66,38.0,25.0,27.854166666666668,0.0,0.8165352264858844,11,2.409090909090909,1,179,54.513966480446925,64,114.0,114.0,1.0,Horizon London Central,London,Flagship,General,224,2024,11,4,26,1,48,0,0.6578947368421053,1.0,13,0.8975317875841435
HHN-LON-01,2024-11-27,64,61,38.0,25.994791666666668,27.854166666666668,0.0,0.8317335413697643,22,3.0,2,150,43.12,41,114.0,114.0,1.0,Horizon London Central,London,Flagship,General,224,2024,11,4,27,2,48,0,0.6840734649122807,1.0,3,0.9332460732984293
HHN-LON-01,2024-11-28,51,80,38.0,25.78125,27.838541666666668,0.0625,0.8394734922477763,13,2.4153846153846152,1,147,38.863945578231295,38,114.0,114.0,1.0,Horizon London Central,London,Flagship,General,224,2024,11,4,28,3,48,0,0.678453947368421,1.0,-29,0.9260991580916744
HHN-LON-01,2024-11-29,62,55,38.0,24.791666666666668,27.953125,0.75,0.7932815302268347,8,4.05,0,155,58.0,54,114.0,114.0,1.0,Horizon London Central,London,Flagship,General,224,2024,11,4,29,4,48,0,0.6524122807017544,1.0,7,0.8869014346934974
HHN-LON-01,2024-11-30,40,50,38.0,25.03125,27.822916666666668,0.75,0.8015717783450103,0,0.0,0,146,57.80821917808219,46,114.0,112.0,0.96875,Horizon London Central,London,Flagship,General,224,2024,11,4,30,5,48,1,0.6587171052631579,0.9824561403508771,-10,0.8996630475477349
HHN-LON-01,2024-12-01,40,64,38.0,23.947916666666668,27.807291666666668,0.75,0.7776959681982176,0,0.0,0,95,58.32631578947368,35,114.0,108.0,0.875,Horizon London Central,London,Flagship,General,224,2024,12,4,1,6,48,1,0.6302083333333334,0.9473684210526315,-24,0.8612099644128114
HHN-LON-01,2024-12-02,61,60,38.0,22.50520833333333,27.67708333333333,0.5,0.7641318265028406,17,2.841176470588235,0,158,50.86075949367088,44,113.0,110.0,0.96875,Horizon London Central,London,Flagship,General,224,2024,12,4,2,0,49,0,0.5922423245614034,0.9734513274336283,1,0.8131351147911178
HHN-LON-01,2024-12-03,57,54,38.0,22.828125,27.765625,0.0,0.7595526116004702,11,2.772727272727273,2,177,38.559322033898304,49,114.0,112.0,0.9375,Horizon London Central,London,Flagship,General,224,2024,12,4,3,1,49,0,0.6007401315789473,0.9824561403508771,3,0.8221722003376477
HHN-LON-01,2024-12-04,61,56,38.0,23.041666666666668,27.854166666666668,0.0,0.7601001672320481,12,3.208333333333333,2,124,73.36290322580645,47,114.0,111.0,0.90625,Horizon London Central,London,Flagship,General,224,2024,12,4,4,2,49,0,0.606359649122807,0.9736842105263158,5,0.8272251308900523
HHN-LON-01,2024-12-05,57,54,38.0,23.640625,27.890625,0.0,0.7435810671195492,12,2.6833333333333336,3,144,43.73611111111112,43,114.0,114.0,1.0,Horizon London Central,London,Flagship,General,224,2024,12,4,5,3,49,0,0.6221217105263158,1.0,3,0.8476190476190476
HHN-LON-01,2024-12-06,83,55,38.0,23.713541666666668,27.765625,0.0,0.7540673538653899,12,3.216666666666667,1,231,51.97402597402598,75,114.0,109.0,0.875,Horizon London Central,London,Flagship,General,224,2024,12,4,6,4,49,0,0.6240405701754387,0.956140350877193,28,0.8540611517538924
HHN-LON-01,2024-12-07,39,67,38.0,23.885416666666668,27.697916666666668,0.0,0.7671124465002053,0,0.0,0,119,55.84033613445378,38,114.0,112.0,0.9375,Horizon London Central,London,Flagship,General,224,2024,12,4,7,5,49,1,0.6285635964912281,0.9824561403508771,-28,0.8623542685220008
HHN-LON-01,2024-12-08,44,68,38.0,22.140625,27.70833333333333,0.0,0.7109880770455096,0,0.0,0,140,42.785714285714285,43,114.0,112.0,0.9375,Horizon London Central,London,Flagship,General,224,2024,12,4,8,6,49,1,0.5826480263157895,0.9824561403508771,-24,0.79906015037594
HHN-LON-01,2024-12-09,66,48,38.0,22.104166666666668,27.822916666666668,0.0,0.7324973557651545,13,2.9384615384615387,1,188,46.5531914893617,54,114.0,114.0,1.0,Horizon London Central,London,Flagship,General,224,2024,12,4,9,0,50,0,0.5816885964912281,1.0,18,0.7944590041183077
HHN-LON-01,2024-12-10,60,59,38.0,23.42708333333333,27.75520833333333,0.0,0.7766441879311946,14,3.814285714285714,1,152,46.71052631578947,48,114.0,109.0,0.90625,Horizon London Central,London,Flagship,General,224,2024,12,4,10,1,50,0,0.616502192982456,0.956140350877193,1,0.8440607993995121
HHN-LON-01,2024-12-11,55,55,38.0,22.541666666666668,27.81770833333333,0.0,0.7650646950448744,9,3.3,0,138,54.492753623188406,46,114.0,112.0,0.9375,Horizon London Central,London,Flagship,General,224,2024,12,4,11,2,50,0,0.5932017543859649,0.9824561403508771,0,0.8103351432316047
HHN-LON-01,2024-12-12,68,67,38.0,22.19270833333333,27.859375,0.0,0.7504373405894788,18,2.9722222222222223,2,197,43.77157360406091,53,114.0,110.0,0.90625,Horizon London Central,London,Flagship,General,224,2024,12,4,12,3,50,0,0.584018640350877,0.9649122807017544,1,0.796597494858852
HHN-LON-01,2024-12-13,70,42,38.0,23.713541666666668,27.8125,0.0,0.7748000262904617,5,4.0200000000000005,2,218,58.27064220183486,70,114.0,111.0,0.96875,Horizon London Central,London,Flagship,General,224,2024,12,4,13,4,50,0,0.6240405701754387,0.9736842105263158,28,0.852621722846442
HHN-LON-01,2024-12-14,49,56,38.0,24.651041666666668,27.65625,0.0,0.7993301014833764,0,0.0,0,143,52.82517482517483,44,113.0,113.0,1.0,Horizon London Central,London,Flagship,General,224,2024,12,4,14,5,50,1,0.6487116228070176,1.0,-7,0.8913370998116761
HHN-LON-01,2024-12-15,58,57,38.0,24.328125,27.791666666666668,0.0,0.7825850081443396,0,0.0,0,215,38.70232558139535,56,114.0,107.0,0.875,Horizon London Central,London,Flagship,General,224,2024,12,4,15,6,50,1,0.6402138157894737,0.9385964912280702,1,0.8753748125937031
HHN-LON-01,2024-12-16,54,55,38.0,24.760416666666668,27.791666666666668,0.0,0.8465409016311204,16,2.625,1,131,53.16793893129771,42,114.0,110.0,0.875,Horizon London Central,London,Flagship,General,224,2024,12,4,16,0,51,0,0.6515899122807017,0.9649122807017544,-1,0.8909295352323838
HHN-LON-01,2024-12-17,54,70,38.0,24.182291666666668,27.6875,0.0,0.7974650310571686,10,3.18,0,144,45.09722222222222,43,114.0,111.0,0.90625,Horizon London Central,London,Flagship,General,224,2024,12,4,17,1,51,0,0.6363760964912281,0.9736842105263158,-16,0.8734010534236268
HHN-LON-01,2024-12-18,40,52,38.0,23.604166666666668,27.75,0.0,0.7571227968490368,2,2.25,0,128,46.0625,37,114.0,114.0,1.0,Horizon London Central,London,Flagship,General,224,2024,12,4,18,2,51,0,0.6211622807017544,1.0,-12,0.8506006006006006
HHN-LON-01,2024-12-19,58,53,38.0,22.557291666666668,27.807291666666668,0.0,0.7146126654339858,6,3.766666666666667,1,195,39.23589743589744,54,114.0,110.0,0.90625,Horizon London Central,London,Flagship,General,224,2024,12,4,19,3,51,0,0.5936129385964912,0.9649122807017544,5,0.8112005993631767
HHN-LON-01,2024-12-20,63,56,38.0,22.8125,27.72395833333333,0.0,0.7504050144382478,2,1.25,0,186,50.94086021505376,67,114.0,112.0,0.9375,Horizon London Central,London,Flagship,General,224,2024,12,4,20,4,51,0,0.600328947368421,0.9824561403508771,7,0.8228442607552133
HHN-LON-01,2024-12-21,60,53,38.0,23.31770833333333,27.63020833333333,0.0,0.7667087926988806,0,0.0,0,175,63.62857142857143,58,113.0,113.0,1.0,Horizon London Central,London,Flagship,General,224,2024,12,4,21,5,51,1,0.6136239035087718,1.0,7,0.8439208294062205
HHN-LON-01,2024-12-22,40,53,38.0,23.307291666666668,27.682291666666668,0.0,0.7651121230225035,0,0.0,0,135,43.71111111111111,41,114.0,108.0,0.875,Horizon London Central,London,Flagship,General,224,2024,12,4,22,6,51,1,0.6133497807017544,0.9473684210526315,-13,0.8419567262464722
HHN-LON-01,2024-12-23,58,59,38.0,22.73958333333333,27.73958333333333,0.0,0.7651207153316286,5,1.72,0,204,47.11764705882353,56,114.0,113.0,0.96875,Horizon London Central,London,Flagship,General,224,2024,12,4,23,0,52,0,0.5984100877192982,0.9912280701754386,-1,0.819752159218926
HHN-LON-01,2024-12-24,74,62,38.0,22.5625,27.77083333333333,0.0,0.7476660318088336,1,3.8,0,262,41.16030534351145,74,114.0,112.0,0.9375,Horizon London Central,London,Flagship,General,224,2024,12,4,24,1,52,0,0.59375,0.9824561403508771,12,0.8124531132783197
HHN-LON-01,2024-12-25,66,51,38.0,23.421875,27.838541666666668,0.0,0.7536765917522495,0,0.0,0,191,50.518324607329845,64,114.0,104.0,0.8125,Horizon London Central,London,Flagship,General,224,2024,12,4,25,2,52,0,0.6163651315789473,0.9122807017543859,15,0.8413470533208606
HHN-LON-01,2024-12-26,56,71,38.0,23.31770833333333,27.822916666666668,0.0,0.7481730458489682,0,0.0,0,187,49.21390374331551,60,114.0,114.0,1.0,Horizon London Central,London,Flagship,General,224,2024,12,4,26,3,52,0,0.6136239035087718,1.0,-15,0.8380756271059526
HHN-LON-01,2024-12-27,47,65,38.0,22.66145833333333,27.78645833333333,0.0,0.743618754040742,5,3.3200000000000003,1,121,60.11570247933884,40,114.0,113.0,0.96875,Horizon London Central,London,Flagship,General,224,2024,12,4,27,4,52,0,0.5963541666666665,0.9912280701754386,-18,0.8155576382380506
HHN-LON-01,2024-12-28,62,47,38.0,21.807291666666668,27.66145833333333,0.0,0.7032415162740402,0,0.0,0,198,43.37878787878788,62,114.0,104.0,0.78125,Horizon London Central,London,Flagship,General,224,2024,12,4,28,5,52,1,0.5738760964912281,0.9122807017543859,15,0.7883637733006968
HHN-LON-01,2024-12-29,56,53,38.0,22.16145833333333,27.651041666666668,0.0,0.7187159119917199,0,0.0,0,177,51.50847457627118,54,114.0,107.0,0.8125,Horizon London Central,London,Flagship,General,224,2024,12,4,29,6,52,1,0.5831962719298245,0.9385964912280702,3,0.8014692032397813
HHN-LON-01,2024-12-30,57,58,38.0,22.046875,27.70833333333333,0.0,0.7137021714972566,2,4.3,1,163,55.01226993865031,56,114.0,111.0,0.90625,Horizon London Central,London,Flagship,General,224,2024,12,4,30,0,1,0,0.5801809210526315,0.9736842105263158,-1,0.7956766917293234
HHN-LON-01,2024-12-31,46,56,38.0,22.890625,27.75,0.0,0.7408157948289528,2,4.0,1,148,51.07432432432432,42,114.0,112.0,0.96875,Horizon London Central,London,Flagship,General,224,2024,12,4,31,1,1,0,0.6023848684210527,0.9824561403508771,-10,0.8248873873873874
HHN-LON-01,2025-01-01,51,45,38.0,22.234375,27.80208333333333,0.0,0.7166475745765767,0,0.0,0,179,51.06703910614525,54,114.0,114.0,1.0,Horizon London Central,London,Flagship,General,224,2025,1,1,1,2,1,0,0.5851151315789473,1.0,6,0.7997377294866993
HHN-LON-01,2025-01-02,41,67,38.0,21.734375,27.73958333333333,0.0,0.7121041556476767,4,5.125,0,175,37.45142857142857,41,114.0,113.0,0.96875,Horizon London Central,London,Flagship,General,224,2025,1,1,2,3,1,0,0.5719572368421053,0.9912280701754386,-26,0.783514832895231
HHN-LON-01,2025-01-03,73,62,38.0,21.25520833333333,27.822916666666668,0.0,0.7065770997754276,5,3.04,2,215,49.72093023255814,68,114.0,109.0,0.875,Horizon London Central,London,Flagship,General,224,2025,1,1,3,4,1,0,0.5593475877192982,0.956140350877193,11,0.7639460876076374
HHN-LON-01,2025-01-04,48,56,38.0,21.572916666666668,27.80208333333333,0.0,0.712036197442786,0,0.0,0,198,43.1010101010101,48,114.0,114.0,1.0,Horizon London Central,London,Flagship,General,224,2025,1,1,4,5,1,1,0.5677083333333334,1.0,-8,0.7759460472086925
HHN-LON-01,2025-01-05,38,51,38.0,19.354166666666668,27.651041666666668,0.0,0.6504469574390441,0,0.0,0,93,69.65591397849462,36,113.0,113.0,1.0,Horizon London Central,London,Flagship,General,224,2025,1,1,5,6,1,1,0.5093201754385965,1.0,-13,0.6999434921830854
HHN-LON-01,2025-01-06,57,60,38.0,19.578125,27.807291666666668,0.0,0.6746001584992127,16,2.28125,2,161,35.79503105590062,42,114.0,103.0,0.78125,Horizon London Central,London,Flagship,General,224,2025,1,1,6,0,2,0,0.5152138157894737,0.9035087719298246,-3,0.7040644315414871
HHN-LON-01,2025-01-07,60,36,38.0,20.604166666666668,27.635416666666668,0.0,0.6723656088756829,10,3.05,2,178,45.061797752808985,51,114.0,114.0,1.0,Horizon London Central,London,Flagship,General,224,2025,1,1,7,1,2,0,0.5422149122807017,1.0,24,0.7455710516396532
HHN-LON-01,2025-01-08,76,59,38.0,23.776041666666668,27.822916666666668,0.0,0.7773092508943545,10,3.1,0,184,61.83152173913044,68,114.0,114.0,1.0,Horizon London Central,London,Flagship,General,224,2025,1,1,8,2,2,0,0.6256853070175439,1.0,17,0.8545488581055785
HHN-LON-01,2025-01-09,73,53,38.0,24.026041666666668,27.729166666666668,0.0,0.777760351046973,13,2.9538461538461536,1,210,54.147619047619045,62,114.0,109.0,0.875,Horizon London Central,London,Flagship,General,224,2025,1,1,9,3,2,0,0.6322642543859649,0.956140350877193,20,0.8664537941397445
HHN-LON-01,2025-01-10,70,59,38.0,25.072916666666668,27.67708333333333,0.0,0.827272185302371,9,2.588888888888889,2,229,42.93449781659389,58,114.0,108.0,0.875,Horizon London Central,London,Flagship,General,224,2025,1,1,10,4,2,0,0.6598135964912281,0.9473684210526315,11,0.9059089198343999
HHN-LON-01,2025-01-11,67,67,38.0,25.203125,27.635416666666668,0.0,0.8107098168453303,0,0.0,0,218,53.39908256880734,69,114.0,104.0,0.75,Horizon London Central,London,Flagship,General,224,2025,1,1,11,5,2,1,0.6632401315789473,0.9122807017543859,0,0.9119864304560874
HHN-LON-01,2025-01-12,56,64,38.0,25.046875,27.64583333333333,0.0,0.7944491529872723,0,0.0,0,201,41.51243781094527,59,114.0,111.0,0.90625,Horizon London Central,London,Flagship,General,224,2025,1,1,12,6,2,1,0.6591282894736842,0.9736842105263158,-8,0.9059909570459685
HHN-LON-01,2025-01-13,56,63,38.0,24.557291666666668,27.83333333333333,0.0,0.7791373891479106,11,3.3181818181818183,3,123,42.203252032520325,39,114.0,108.0,0.84375,Horizon London Central,London,Flagship,General,224,2025,1,1,13,0,3,0,0.6462445175438597,0.9473684210526315,-7,0.8822979041916169
HHN-LON-01,2025-01-14,50,69,38.0,23.86458333333333,27.765625,0.0,0.7880627754714684,8,2.325,1,114,56.92105263157895,43,114.0,104.0,0.78125,Horizon London Central,London,Flagship,General,224,2025,1,1,14,1,3,0,0.6280153508771928,0.9122807017543859,-19,0.8595010317013692
HHN-LON-01,2025-01-15,79,51,38.0,24.046875,27.75,0.0,0.7991062101521109,12,2.625,4,221,57.977375565610856,76,114.0,104.0,0.78125,Horizon London Central,London,Flagship,General,224,2025,1,1,15,2,3,0,0.6328125,0.9122807017543859,28,0.8665540540540541
HHN-LON-01,2025-01-16,59,44,38.0,25.640625,27.75520833333333,0.0,0.841595099754083,14,2.835714285714286,2,160,38.41875,42,114.0,114.0,1.0,Horizon London Central,London,Flagship,General,224,2025,1,1,16,3,3,0,0.6747532894736842,1.0,15,0.9238130981422408
HHN-LON-01,2025-01-17,80,66,38.0,26.1875,27.760416666666668,0.0,0.8647358413394598,18,2.6,3,198,49.67171717171717,62,114.0,111.0,0.9375,Horizon London Central,London,Flagship,General,224,2025,1,1,17,4,3,0,0.6891447368421053,0.9736842105263158,14,0.9433395872420263
HHN-LON-01,2025-01-18,77,80,38.0,25.916666666666668,27.64583333333333,0.0,0.8508478987750466,0,0.0,0,226,57.163716814159294,78,114.0,113.0,0.96875,Horizon London Central,London,Flagship,General,224,2025,1,1,18,5,3,1,0.6820175438596492,0.9912280701754386,-3,0.9374529012810854
HHN-LON-01,2025-01-19,43,73,38.0,25.604166666666668,27.70833333333333,0.0,0.8308205597292284,0,0.0,0,127,44.03937007874016,41,114.0,114.0,1.0,Horizon London Central,London,Flagship,General,224,2025,1,1,19,6,3,1,0.6737938596491229,1.0,-30,0.92406015037594
HHN-LON-01,2025-01-20,73,78,38.0,24.203125,27.734375,0.0,0.7904284929099896,11,3.136363636363636,1,195,52.72307692307693,63,114.0,112.0,0.96875,Horizon London Central,London,Flagship,General,224,2025,1,1,20,0,4,0,0.6369243421052632,0.9824561403508771,-5,0.8726760563380281
HHN-LON-01,2025-01-21,66,61,38.0,24.921875,27.796875,0.0,0.8041491234862703,12,3.275,2,161,52.27329192546584,54,114.0,108.0,0.84375,Horizon London Central,London,Flagship,General,224,2025,1,1,21,1,4,0,0.6558388157894737,0.9473684210526315,5,0.8965711073636875
HHN-LON-01,2025-01-22,40,58,38.0,24.59375,27.75,0.0,0.7838196645617311,7,2.357142857142857,3,119,44.78991596638655,34,114.0,110.0,0.875,Horizon London Central,London,Flagship,General,224,2025,1,1,22,2,4,0,0.647203947368421,0.9649122807017544,-18,0.8862612612612613
HHN-LON-01,2025-01-23,43,65,38.0,22.71875,27.88020833333333,0.0,0.7419189894716371,7,2.5,0,147,46.42176870748299,41,114.0,113.0,0.96875,Horizon London Central,London,Flagship,General,224,2025,1,1,23,3,4,0,0.5978618421052632,0.9912280701754386,-22,0.8148701662619093
HHN-LON-01,2025-01-24,62,60,38.0,22.197916666666668,27.83333333333333,0.0,0.72917472628776,10,4.33,1,216,38.94444444444444,49,114.0,112.0,0.9375,Horizon London Central,London,Flagship,General,224,2025,1,1,24,4,4,0,0.584155701754386,0.9824561403508771,2,0.7975299401197606
HHN-LON-01,2025-01-25,83,48,38.0,22.84375,27.64583333333333,0.0,0.7605229159753005,0,0.0,0,241,53.004149377593365,87,114.0,106.0,0.78125,Horizon London Central,London,Flagship,General,224,2025,1,1,25,5,4,1,0.6011513157894737,0.9298245614035088,35,0.8262999246420499
HHN-LON-01,2025-01-26,48,52,38.0,24.8125,27.588541666666668,0.0,0.8079479161261283,0,0.0,0,172,45.73837209302326,47,113.0,110.0,0.96875,Horizon London Central,London,Flagship,General,224,2025,1,1,26,6,4,1,0.6529605263157895,0.9734513274336283,-4,0.8993770058523692
HHN-LON-01,2025-01-27,73,68,38.0,24.901041666666668,27.682291666666668,0.0,0.8311900756797651,11,3.0818181818181816,1,184,51.06521739130435,59,114.0,107.0,0.90625,Horizon London Central,London,Flagship,General,224,2025,1,1,27,0,5,0,0.6552905701754387,0.9385964912280702,5,0.8995296331138288
HHN-LON-01,2025-01-28,95,66,38.0,25.416666666666668,27.84895833333333,0.0,0.840463354566973,10,2.95,2,289,50.71280276816609,88,114.0,114.0,1.0,Horizon London Central,London,Flagship,General,224,2025,1,1,28,1,5,0,0.668859649122807,1.0,29,0.9126613054049001
HHN-LON-01,2025-01-29,60,49,38.0,26.56770833333333,27.869791666666668,0.0,0.8619769910888332,8,3.4625,1,168,48.47619047619048,50,114.0,114.0,1.0,Horizon London Central,London,Flagship,General,224,2025,1,1,29,2,5,0,0.6991502192982455,1.0,11,0.9532797607923751
HHN-LON-01,2025-01-30,46,63,38.0,26.48958333333333,27.81770833333333,0.0,0.853078166503331,7,3.157142857142857,2,125,58.936,39,114.0,110.0,0.90625,Horizon London Central,London,Flagship,General,224,2025,1,1,30,3,5,0,0.6970942982456139,0.9649122807017544,-17,0.9522561318105224
HHN-LON-01,2025-01-31,86,73,38.0,26.588541666666668,27.875,0.0,0.8670645149336133,10,2.07,1,291,43.59106529209622,82,114.0,109.0,0.875,Horizon London Central,London,Flagship,General,224,2025,1,1,31,4,5,0,0.6996984649122807,0.956140350877193,13,0.9538490284005979
HHN-LON-01,2025-02-01,73,65,38.0,26.55208333333333,27.703125,0.0,0.8610108183675892,0,0.0,0,223,47.44394618834081,70,114.0,109.0,0.875,Horizon London Central,London,Flagship,General,224,2025,2,1,1,5,5,1,0.6987390350877192,0.956140350877193,8,0.9584508366234253
HHN-LON-01,2025-02-02,99,76,38.0,26.604166666666668,27.578125,0.0,0.8765848214285715,0,0.0,0,315,50.403174603174605,103,113.0,107.0,0.875,Horizon London Central,London,Flagship,General,224,2025,2,1,2,6,5,1,0.700109649122807,0.9469026548672567,23,0.9646836638338055
HHN-LON-01,2025-02-03,90,77,38.0,27.375,27.83333333333333,0.0,0.8854166666666666,14,4.021428571428571,1,188,54.73936170212766,73,114.0,114.0,1.0,Horizon London Central,London,Flagship,General,224,2025,2,1,3,0,6,0,0.7203947368421053,1.0,13,0.9835329341317367
HHN-LON-01,2025-02-04,59,83,38.0,27.33333333333333,27.744791666666668,0.0,0.8979910714285714,14,3.678571428571429,0,172,39.127906976744185,45,114.0,112.0,0.96875,Horizon London Central,London,Flagship,General,224,2025,2,1,4,1,6,0,0.719298245614035,0.9824561403508771,-24,0.9851698892434764
HHN-LON-01,2025-02-05,62,81,38.0,27.041666666666668,27.838541666666668,0.0,0.8884193991924255,10,2.88,1,205,42.04390243902439,56,114.0,114.0,1.0,Horizon London Central,London,Flagship,General,224,2025,2,1,5,2,6,0,0.7116228070175439,1.0,-19,0.9713751169317119
HHN-LON-01,2025-02-06,64,71,38.0,26.91145833333333,27.84895833333333,0.0,0.878413252303055,12,2.875,2,182,43.62087912087912,53,114.0,105.0,0.84375,Horizon London Central,London,Flagship,General,224,2025,2,1,6,3,6,0,0.7081962719298245,0.9210526315789473,-7,0.9663362633252292
HHN-LON-01,2025-02-07,95,69,38.0,26.625,27.854166666666668,0.0,0.863014959273183,15,3.42,0,255,60.27058823529412,86,114.0,108.0,0.875,Horizon London Central,London,Flagship,General,224,2025,2,1,7,4,6,0,0.7006578947368421,0.9473684210526315,26,0.9558713537771129
HHN-LON-01,2025-02-08,101,87,38.0,27.40625,27.776041666666668,0.0,0.9194231237816765,0,0.0,0,329,45.20060790273556,97,114.0,108.0,0.90625,Horizon London Central,London,Flagship,General,224,2025,2,1,8,5,6,1,0.7212171052631579,0.9473684210526315,14,0.9866866679167448
HHN-LON-01,2025-02-09,51,74,38.0,27.1875,27.635416666666668,0.0,0.8871756213450293,0,0.0,0,133,52.54887218045113,47,114.0,107.0,0.8125,Horizon London Central,London,Flagship,General,224,2025,2,1,9,6,6,1,0.7154605263157895,0.9385964912280702,-23,0.9837919336600075
HHN-LON-01,2025-02-10,69,69,38.0,27.09895833333333,27.697916666666668,0.0,0.8830713937621831,13,3.2846153846153845,1,184,48.76086956521739,55,114.0,113.0,0.96875,Horizon London Central,London,Flagship,General,224,2025,2,1,10,0,7,0,0.7131304824561402,0.9912280701754386,0,0.9783753290710792
HHN-LON-01,2025-02-11,97,65,38.0,27.369791666666668,27.828125,0.0,0.8972428902116403,13,1.7923076923076924,0,257,60.92217898832685,88,114.0,109.0,0.90625,Horizon London Central,London,Flagship,General,224,2025,2,1,11,1,7,0,0.7202576754385965,0.956140350877193,32,0.9835298521429908
HHN-LON-01,2025-02-12,57,85,38.0,27.041666666666668,27.828125,0.0,0.8793402777777778,13,1.9538461538461536,3,138,54.57971014492754,47,114.0,109.0,0.875,Horizon London Central,London,Flagship,General,224,2025,2,1,12,2,7,0,0.7116228070175439,0.956140350877193,-28,0.9717387235635411
HHN-LON-01,2025-02-13,67,87,38.0,26.734375,27.75,0.0,0.8733198140367259,17,2.7411764705882358,2,141,57.297872340425535,47,114.0,114.0,1.0,Horizon London Central,London,Flagship,General,224,2025,2,1,13,3,7,0,0.7035361842105263,1.0,-20,0.9634009009009009
HHN-LON-01,2025-02-14,54,87,38.0,25.80208333333333,27.80208333333333,0.0,0.833530013042155,10,3.24,2,159,42.11949685534592,42,114.0,114.0,1.0,Horizon London Central,London,Flagship,General,224,2025,2,1,14,4,7,0,0.679002192982456,1.0,-33,0.9280629449231922
HHN-LON-01,2025-02-15,69,68,38.0,24.45833333333333,27.609375,0.0,0.8049036155189406,0,0.0,0,183,57.78142076502732,70,114.0,103.0,0.78125,Horizon London Central,London,Flagship,General,224,2025,2,1,15,5,7,1,0.6436403508771928,0.9035087719298246,1,0.885870590454631
HHN-LON-01,2025-02-16,41,68,38.0,23.328125,27.72395833333333,0.0677083333333333,0.7425093823325731,0,0.0,0,146,39.15068493150685,40,113.0,109.0,0.9375,Horizon London Central,London,Flagship,General,224,2025,2,1,16,6,7,1,0.6138980263157895,0.9646017699115044,-27,0.8414427954161189
HHN-LON-01,2025-02-17,56,54,38.0,22.338541666666668,27.8125,0.0885416666666666,0.7396333705607724,10,1.38,3,144,51.90277777777778,49,114.0,110.0,0.90625,Horizon London Central,London,Flagship,General,224,2025,2,1,17,0,8,0,0.5878563596491229,0.9649122807017544,2,0.803183520599251
HHN-LON-01,2025-02-18,73,51,38.0,23.447916666666668,27.78645833333333,0.0,0.7678207555316688,15,2.753333333333333,2,186,55.19892473118279,64,114.0,110.0,0.9375,Horizon London Central,London,Flagship,General,224,2025,2,1,18,1,8,0,0.6170504385964912,0.9649122807017544,22,0.8438612933458296
HHN-LON-01,2025-02-19,104,69,38.0,25.25520833333333,27.8125,0.0,0.8291050309795472,17,2.6558823529411764,1,277,48.79061371841155,85,114.0,111.0,0.90625,Horizon London Central,London,Flagship,General,224,2025,2,1,19,2,8,0,0.664610745614035,0.9736842105263158,35,0.9080524344569286
HHN-LON-01,2025-02-20,53,49,38.0,26.08333333333333,27.8125,0.0,0.8334862583252112,11,3.7818181818181817,1,144,49.958333333333336,40,114.0,114.0,1.0,Horizon London Central,London,Flagship,General,224,2025,2,1,20,3,8,0,0.6864035087719297,1.0,4,0.9378277153558051
HHN-LON-01,2025-02-21,58,72,38.0,26.479166666666668,27.666666666666668,0.0,0.8400833789712466,7,3.6,1,186,41.06989247311828,53,114.0,112.0,0.9375,Horizon London Central,London,Flagship,General,224,2025,2,1,21,4,8,0,0.6968201754385965,0.9824561403508771,-14,0.9570783132530121
HHN-LON-01,2025-02-22,85,67,38.0,26.66145833333333,27.72395833333333,0.0,0.8658442566536849,0,0.0,0,278,49.6115107913669,86,114.0,114.0,1.0,Horizon London Central,London,Flagship,General,224,2025,2,1,22,5,8,1,0.7016173245614034,1.0,18,0.9616757467593462
HHN-LON-01,2025-02-23,71,63,38.0,26.78125,27.651041666666668,0.0,0.8693561101044653,0,0.0,0,202,61.8960396039604,72,113.0,113.0,1.0,Horizon London Central,London,Flagship,General,224,2025,2,1,23,6,8,1,0.7047697368421053,1.0,8,0.9685439819174986
HHN-LON-01,2025-02-24,64,76,38.0,26.494791666666668,27.86458333333333,0.0,0.8676980845977557,14,2.8857142857142857,1,152,58.08552631578947,54,114.0,110.0,0.90625,Horizon London Central,London,Flagship,General,224,2025,2,1,24,0,9,0,0.6972313596491229,0.9649122807017544,-12,0.9508411214953273
HHN-LON-01,2025-02-25,52,73,38.0,25.6875,27.869791666666668,0.0,0.8360068741744439,10,3.2,2,152,41.13815789473684,37,114.0,114.0,1.0,Horizon London Central,London,Flagship,General,224,2025,2,1,25,1,9,0,0.6759868421052632,1.0,-21,0.9216968790880209
HHN-LON-01,2025-02-26,76,70,38.0,25.11458333333333,27.729166666666668,0.0,0.8354852229634543,14,3.25,4,205,49.04390243902439,66,114.0,113.0,0.96875,Horizon London Central,London,Flagship,General,224,2025,2,1,26,2,9,0,0.6609100877192982,0.9912280701754386,6,0.9057099924868518
HHN-LON-01,2025-02-27,41,61,38.0,24.796875,27.901041666666668,0.0,0.8019220601539679,9,2.9222222222222225,1,148,30.49324324324324,28,114.0,111.0,0.90625,Horizon London Central,London,Flagship,General,224,2025,2,1,27,3,9,0,0.6525493421052632,0.9736842105263158,-20,0.8887436998319955
HHN-LON-01,2025-02-28,80,67,38.0,24.625,27.885416666666668,0.0,0.809717719435373,10,3.65,0,226,49.69469026548673,75,114.0,108.0,0.875,Horizon London Central,London,Flagship,General,224,2025,2,1,28,4,9,0,0.6480263157894737,0.9473684210526315,13,0.8830780724691819
HHN-LON-01,2025-03-01,46,74,38.0,24.78125,27.791666666666668,0.0,0.8040967665411357,0,0.0,0,144,43.833333333333336,42,114.0,112.0,0.9375,Horizon London Central,London,Flagship,General,224,2025,3,1,1,5,9,1,0.6521381578947368,0.9824561403508771,-28,0.8916791604197901
HHN-LON-01,2025-03-02,74,61,38.0,24.510416666666668,27.84895833333333,0.0,0.8048092932887784,0,0.0,0,247,45.60728744939272,78,114.0,114.0,1.0,Horizon London Central,London,Flagship,General,224,2025,3,1,2,6,9,1,0.6450109649122807,1.0,13,0.880119693285955
HHN-LON-01,2025-03-03,74,62,38.0,25.515625,27.932291666666668,0.0,0.8518503216954424,17,3.094117647058824,1,190,43.51052631578948,57,114.0,114.0,1.0,Horizon London Central,London,Flagship,General,224,2025,3,1,3,0,10,0,0.6714638157894737,1.0,12,0.9134812604885325
HHN-LON-01,2025-03-04,63,60,38.0,25.84375,27.83333333333333,0.0,0.8738819705513784,19,2.289473684210526,2,146,49.60958904109589,41,114.0,114.0,1.0,Horizon London Central,London,Flagship,General,224,2025,3,1,4,1,10,0,0.6800986842105263,1.0,3,0.9285179640718565
HHN-LON-01,2025-03-05,59,60,38.0,25.45833333333333,27.838541666666668,0.015625,0.8319098824238628,11,3.145454545454545,1,188,46.3563829787234,51,114.0,113.0,0.96875,Horizon London Central,London,Flagship,General,224,2025,3,1,5,2,10,0,0.669956140350877,0.9912280701754386,-1,0.9144995322731523
HHN-LON-01,2025-03-06,64,61,38.0,26.203125,27.84895833333333,0.375,0.8606996005639097,15,3.7666666666666666,1,181,43.3646408839779,52,114.0,114.0,1.0,Horizon London Central,London,Flagship,General,224,2025,3,1,6,3,10,0,0.6895559210526315,1.0,3,0.9409014400598468
HHN-LON-01,2025-03-07,46,65,38.0,25.947916666666668,27.89583333333333,0.3854166666666667,0.8511689948696528,8,3.3375,1,109,52.55045871559633,36,114.0,114.0,1.0,Horizon London Central,London,Flagship,General,224,2025,3,1,7,4,10,0,0.6828399122807017,1.0,-19,0.9301717699775954
HHN-LON-01,2025-03-08,55,56,38.0,24.953125,27.84375,0.25,0.81956575588602,0,0.0,0,160,57.33125,58,114.0,111.0,0.9375,Horizon London Central,London,Flagship,General,224,2025,3,1,8,5,10,1,0.6566611842105263,0.9736842105263158,-1,0.8961840628507295
HHN-LON-01,2025-03-09,47,53,38.0,25.00520833333333,27.869791666666668,0.25,0.8066421924332786,0,0.0,0,162,37.53703703703704,42,114.0,109.0,0.90625,Horizon London Central,London,Flagship,General,224,2025,3,1,9,6,10,1,0.6580317982456139,0.956140350877193,-6,0.8972154737432254
HHN-LON-01,2025-03-10,54,56,38.0,24.953125,27.916666666666668,0.0625,0.8275059410369966,18,2.7666666666666666,2,179,40.30167597765363,39,114.0,112.0,0.9375,Horizon London Central,London,Flagship,General,224,2025,3,1,10,0,11,0,0.6566611842105263,0.9824561403508771,-2,0.8938432835820895
HHN-LON-01,2025-03-11,67,58,38.0,24.697916666666668,27.901041666666668,0.0,0.8236439118264776,9,2.833333333333333,0,162,51.03703703703704,56,114.0,111.0,0.96875,Horizon London Central,London,Flagship,General,224,2025,3,1,11,1,11,0,0.6499451754385965,0.9736842105263158,9,0.8851969385850289
HHN-LON-01,2025-03-12,59,52,38.0,25.421875,27.890625,0.0,0.8268918552892649,15,2.773333333333333,1,145,51.2896551724138,45,114.0,114.0,1.0,Horizon London Central,London,Flagship,General,224,2025,3,1,12,2,11,0,0.6689967105263158,1.0,7,0.911484593837535
HHN-LON-01,2025-03-13,46,71,38.0,25.166666666666668,27.9375,0.0,0.8324009894527986,11,3.309090909090909,3,114,44.85964912280702,34,114.0,109.0,0.90625,Horizon London Central,London,Flagship,General,224,2025,3,1,13,3,11,0,0.662280701754386,0.956140350877193,-25,0.900820283370619
HHN-LON-01,2025-03-14,45,49,38.0,23.05208333333333,27.92708333333333,0.0,0.7580970893141946,4,3.2,0,144,41.54861111111112,41,114.0,114.0,1.0,Horizon London Central,London,Flagship,General,224,2025,3,1,14,4,11,0,0.6066337719298245,1.0,-4,0.8254382693024991
HHN-LON-01,2025-03-15,43,57,38.0,21.73958333333333,27.765625,0.0,0.7300351793182097,0,0.0,0,167,43.8502994011976,46,114.0,108.0,0.875,Horizon London Central,London,Flagship,General,224,2025,3,1,15,5,11,1,0.5720942982456139,0.9473684210526315,-14,0.7829675483023821
HHN-LON-01,2025-03-16,49,60,38.0,21.354166666666668,27.828125,0.0,0.7037999494002783,0,0.0,0,178,45.89887640449438,53,114.0,114.0,1.0,Horizon London Central,London,Flagship,General,224,2025,3,1,16,6,11,1,0.5619517543859649,1.0,-11,0.7673591615197455
HHN-LON-01,2025-03-17,58,58,38.0,20.83333333333333,27.90625,0.0,0.6901134277059442,15,3.08,0,141,42.184397163120565,37,114.0,114.0,1.0,Horizon London Central,London,Flagship,General,224,2025,3,1,17,0,12,0,0.5482456140350876,1.0,0,0.7465472191116086
HHN-LON-01,2025-03-18,67,64,38.0,20.838541666666668,27.776041666666668,0.15625,0.6718516895359364,13,3.4538461538461536,2,209,45.80861244019139,60,114.0,112.0,0.9375,Horizon London Central,London,Flagship,General,224,2025,3,1,18,1,12,0,0.5483826754385965,0.9824561403508771,3,0.7502343896493531
HHN-LON-01,2025-03-19,51,34,38.0,21.796875,27.885416666666668,0.375,0.7118307634640114,15,3.58,1,126,40.32539682539682,32,114.0,111.0,0.90625,Horizon London Central,London,Flagship,General,224,2025,3,1,19,2,12,0,0.5736019736842105,0.9736842105263158,17,0.7816585730295106
HHN-LON-01,2025-03-20,47,54,38.0,21.635416666666668,27.86458333333333,0.375,0.7380014661622633,11,2.9545454545454546,0,95,64.03157894736842,35,114.0,112.0,0.9375,Horizon London Central,London,Flagship,General,224,2025,3,1,20,3,12,0,0.5693530701754387,0.9824561403508771,-7,0.7764485981308413
HHN-LON-01,2025-03-21,65,51,38.0,22.34895833333333,27.932291666666668,0.375,0.7323791040996076,13,3.5461538461538464,2,178,41.050561797752806,54,114.0,114.0,1.0,Horizon London Central,London,Flagship,General,224,2025,3,1,21,4,12,0,0.5881304824561402,1.0,14,0.8001118776804026
HHN-LON-01,2025-03-22,62,49,38.0,22.932291666666668,27.72395833333333,0.375,0.7398436521443214,0,0.0,0,225,45.55555555555556,63,114.0,112.0,0.96875,Horizon London Central,London,Flagship,General,224,2025,3,1,22,5,12,1,0.6034813596491229,0.9824561403508771,13,0.8271651324441106
HHN-LON-01,2025-03-23,55,58,38.0,24.21875,27.88020833333333,0.375,0.7917726531155928,0,0.0,0,152,45.71052631578947,55,114.0,114.0,1.0,Horizon London Central,London,Flagship,General,224,2025,3,1,23,6,12,1,0.6373355263157895,1.0,-3,0.8686717728376613
HHN-LON-01,2025-03-24,54,68,38.0,23.369791666666668,27.77083333333333,0.375,0.7817791953582223,22,2.631818181818182,0,112,34.142857142857146,33,114.0,114.0,1.0,Horizon London Central,London,Flagship,General,224,2025,3,1,24,0,13,0,0.6149945175438597,1.0,-14,0.8415228807201802
HHN-LON-01,2025-03-25,54,56,38.0,23.09375,27.921875,0.171875,0.747213795576315,11,3.763636363636364,0,159,40.57861635220126,44,114.0,112.0,0.9375,Horizon London Central,London,Flagship,General,224,2025,3,1,25,1,13,0,0.6077302631578947,0.9824561403508771,-2,0.8270844991606043
HHN-LON-01,2025-03-26,59,58,38.0,23.041666666666668,27.92708333333333,0.0,0.7605003233059904,17,2.605882352941176,0,135,43.58518518518518,40,114.0,110.0,0.9375,Horizon London Central,London,Flagship,General,224,2025,3,1,26,2,13,0,0.606359649122807,0.9649122807017544,1,0.8250652741514363
HHN-LON-01,2025-03-27,59,55,38.0,24.0,27.875,0.0,0.786073142333422,13,2.315384615384616,0,177,39.0225988700565,50,114.0,108.0,0.90625,Horizon London Central,London,Flagship,General,224,2025,3,1,27,3,13,0,0.631578947368421,0.9473684210526315,4,0.8609865470852018
HHN-LON-01,2025-03-28,61,68,38.0,23.119791666666668,27.9375,0.0,0.7686868058626959,10,2.23,3,158,48.03164556962025,48,114.0,114.0,1.0,Horizon London Central,London,Flagship,General,224,2025,3,1,28,4,13,0,0.6084155701754387,1.0,-7,0.8275540641312454
HHN-LON-01,2025-03-29,52,47,38.0,22.5625,27.75,0.0,0.7259292078537425,0,0.0,0,193,42.067357512953365,55,114.0,114.0,1.0,Horizon London Central,London,Flagship,General,224,2025,3,1,29,5,13,1,0.59375,1.0,5,0.8130630630630631
HHN-LON-01,2025-03-30,48,50,38.0,22.776041666666668,27.72395833333333,0.0,0.7277649712989787,0,0.0,0,162,44.74074074074074,49,114.0,114.0,1.0,Horizon London Central,London,Flagship,General,224,2025,3,1,30,6,13,1,0.5993695175438597,1.0,-2,0.8215292128498969
HHN-LON-01,2025-03-31,37,50,38.0,22.026041666666668,27.921875,0.0,0.7230636464809904,9,2.966666666666667,0,122,53.877049180327866,30,114.0,112.0,0.9375,Horizon London Central,London,Flagship,General,224,2025,3,1,31,0,14,0,0.5796326754385965,0.9824561403508771,-13,0.7888453646707704
HHN-LON-01,2025-04-01,42,51,38.0,20.6875,27.859375,0.0,0.6798003886352256,10,2.7,0,145,40.73103448275862,36,114.0,113.0,0.96875,Horizon London Central,London,Flagship,General,224,2025,4,2,1,1,14,0,0.5444078947368421,0.9912280701754386,-9,0.7425687044307347
HHN-LON-01,2025-04-02,57,45,38.0,21.619791666666668,27.854166666666668,0.0,0.6877599949884924,11,3.5090909090909093,0,138,50.34057971014493,42,114.0,112.0,0.9375,Horizon London Central,London,Flagship,General,224,2025,4,2,2,2,14,0,0.5689418859649124,0.9824561403508771,12,0.7761780104712042
HHN-LON-01,2025-04-03,42,57,38.0,21.4375,27.88020833333333,0.0,0.7117975285746637,9,1.688888888888889,0,115,46.87826086956522,32,114.0,108.0,0.84375,Horizon London Central,London,Flagship,General,224,2025,4,2,3,3,14,0,0.5641447368421053,0.9473684210526315,-15,0.768914627311788
HHN-LON-01,2025-04-04,57,44,38.0,20.94270833333333,27.875,0.0,0.6841601134402425,8,3.3875,0,162,47.91975308641975,52,114.0,107.0,0.875,Horizon London Central,London,Flagship,General,224,2025,4,2,4,4,14,0,0.5511239035087718,0.9385964912280702,13,0.7513079222720477
HHN-LON-01,2025-04-05,28,45,38.0,20.385416666666668,27.838541666666668,0.0,0.6515221133255189,0,0.0,0,113,51.83185840707964,30,114.0,114.0,1.0,Horizon London Central,London,Flagship,General,224,2025,4,2,5,5,14,1,0.5364583333333334,1.0,-17,0.7322731524789523
HHN-LON-01,2025-04-06,43,45,38.0,19.307291666666668,27.901041666666668,0.0,0.6111731564283637,0,0.0,0,166,39.6144578313253,45,114.0,107.0,0.875,Horizon London Central,London,Flagship,General,224,2025,4,2,6,6,14,1,0.5080866228070176,0.9385964912280702,-2,0.6919917864476386
HHN-LON-01,2025-04-07,79,50,38.0,21.260416666666668,27.796875,0.0,0.6808924858509852,16,3.8375,0,200,47.41,67,114.0,114.0,1.0,Horizon London Central,London,Flagship,General,224,2025,4,2,7,0,15,0,0.559484649122807,1.0,29,0.7648491661982387
HHN-LON-01,2025-04-08,63,47,38.0,24.70833333333333,27.901041666666668,0.0,0.808393553560446,17,3.5823529411764707,1,149,33.43624161073826,37,114.0,111.0,0.9375,Horizon London Central,London,Flagship,General,224,2025,4,2,8,1,15,0,0.6502192982456139,0.9736842105263158,16,0.8855702818741831
HHN-LON-01,2025-04-09,33,49,38.0,23.744791666666668,27.94270833333333,0.0,0.782885819559472,6,3.033333333333333,2,88,53.14772727272727,28,114.0,111.0,0.96875,Horizon London Central,London,Flagship,General,224,2025,4,2,9,2,15,0,0.6248629385964912,0.9736842105263158,-16,0.8497670083876983
HHN-LON-01,2025-04-10,68,65,38.0,22.390625,27.8125,0.0,0.7502893668307634,16,2.1,0,185,50.45945945945946,57,114.0,114.0,1.0,Horizon London Central,London,Flagship,General,224,2025,4,2,10,3,15,0,0.5892269736842105,1.0,3,0.8050561797752809
HHN-LON-01,2025-04-11,50,42,38.0,23.50520833333333,27.78125,0.0,0.7474015917457529,18,3.433333333333333,0,124,35.596774193548384,30,114.0,112.0,0.9375,Horizon London Central,London,Flagship,General,224,2025,4,2,11,4,15,0,0.6185581140350876,0.9824561403508771,8,0.846081739782527
HHN-LON-01,2025-04-12,59,66,38.0,23.354166666666668,27.791666666666668,0.0,0.7314813873585804,0,0.0,0,196,43.22959183673469,62,113.0,110.0,0.96875,Horizon London Central,London,Flagship,General,224,2025,4,2,12,5,15,1,0.6145833333333334,0.9734513274336283,-7,0.8403298350824587
HHN-LON-01,2025-04-13,49,47,38.0,23.03645833333333,27.640625,0.0,0.7316093575166235,0,0.0,0,155,53.83870967741935,49,114.0,113.0,0.96875,Horizon London Central,London,Flagship,General,224,2025,4,2,13,6,15,1,0.6062225877192982,0.9912280701754386,2,0.8334275485208213
HHN-LON-01,2025-04-14,53,52,38.0,23.119791666666668,27.875,0.0,0.7383480546777116,9,2.7777777777777777,1,164,51.10365853658536,44,114.0,114.0,1.0,Horizon London Central,London,Flagship,General,224,2025,4,2,14,0,16,0,0.6084155701754387,1.0,1,0.8294095665171899
HHN-LON-01,2025-04-15,52,50,38.0,23.854166666666668,27.84375,0.0,0.7739556718600434,16,2.7875,1,119,47.79831932773109,36,114.0,114.0,1.0,Horizon London Central,London,Flagship,General,224,2025,4,2,15,1,16,0,0.6277412280701755,1.0,2,0.8567153011597457
HHN-LON-01,2025-04-16,67,45,38.0,24.84375,27.81770833333333,0.0,0.8099833555498223,12,3.4416666666666664,2,198,40.61111111111112,56,114.0,114.0,1.0,Horizon London Central,London,Flagship,General,224,2025,4,2,16,2,16,0,0.6537828947368421,1.0,22,0.8930911814266993
HHN-LON-01,2025-04-17,40,53,38.0,25.203125,27.854166666666668,0.0,0.8048693031214679,13,2.8846153846153846,1,89,37.764044943820224,22,114.0,114.0,1.0,Horizon London Central,London,Flagship,General,224,2025,4,2,17,3,16,0,0.6632401315789473,1.0,-13,0.9048242333582648
HHN-LON-01,2025-04-18,52,57,38.0,23.55208333333333,27.838541666666668,0.0,0.7586408409160609,0,0.0,0,170,54.73529411764706,54,114.0,114.0,1.0,Horizon London Central,London,Flagship,General,224,2025,4,2,18,4,16,0,0.6197916666666665,1.0,-5,0.8460243217960709
HHN-LON-01,2025-04-19,28,51,38.0,22.635416666666668,27.78645833333333,0.0,0.7275042980606478,0,0.0,0,120,34.3,26,114.0,114.0,1.0,Horizon London Central,London,Flagship,General,224,2025,4,2,19,5,16,1,0.5956688596491229,1.0,-23,0.8146204311152767
HHN-LON-01,2025-04-20,52,43,38.0,21.588541666666668,27.86458333333333,0.0,0.689583720336242,0,0.0,0,143,65.18881118881119,55,114.0,113.0,0.96875,Horizon London Central,London,Flagship,General,224,2025,4,2,20,6,16,1,0.5681195175438597,0.9912280701754386,9,0.7747663551401871
HHN-LON-01,2025-04-21,51,57,38.0,22.15625,27.953125,0.0,0.7130736437307426,0,0.0,0,140,52.06428571428572,51,114.0,111.0,0.9375,Horizon London Central,London,Flagship,General,224,2025,4,2,21,0,17,0,0.5830592105263158,0.9736842105263158,-6,0.7926215762996087
HHN-LON-01,2025-04-22,48,46,38.0,22.026041666666668,27.89583333333333,0.0,0.7198365543143503,15,3.3466666666666667,0,96,58.76041666666666,37,114.0,114.0,1.0,Horizon London Central,London,Flagship,General,224,2025,4,2,22,1,17,0,0.5796326754385965,1.0,2,0.7895817774458553
HHN-LON-01,2025-04-23,51,49,38.0,22.453125,27.92708333333333,0.0,0.7112336200087749,8,3.7125,0,136,43.63235294117647,37,114.0,112.0,0.9375,Horizon London Central,London,Flagship,General,224,2025,4,2,23,2,17,0,0.5908717105263158,0.9824561403508771,2,0.8039910481163747
HHN-LON-01,2025-04-24,54,49,38.0,23.026041666666668,27.91145833333333,0.0,0.7318448362532147,18,3.077777777777777,1,131,53.45038167938932,36,114.0,105.0,0.84375,Horizon London Central,London,Flagship,General,224,2025,4,2,24,3,17,0,0.6059484649122807,0.9210526315789473,5,0.8249673446538535
HHN-LON-01,2025-04-25,41,58,38.0,21.859375,27.81770833333333,0.0,0.677059348113715,14,3.7,1,84,57.23809523809524,28,114.0,114.0,1.0,Horizon London Central,London,Flagship,General,224,2025,4,2,25,4,17,0,0.5752467105263158,1.0,-17,0.7858079011421083
HHN-LON-01,2025-04-26,43,55,38.0,19.885416666666668,27.75,0.0,0.6327170291888918,0,0.0,0,157,42.15923566878981,45,114.0,113.0,0.96875,Horizon London Central,London,Flagship,General,224,2025,4,2,26,5,17,1,0.5233004385964912,0.9912280701754386,-12,0.7165915915915916
HHN-LON-01,2025-04-27,50,43,38.0,19.08333333333333,27.86458333333333,0.0,0.6012267935174432,0,0.0,0,170,44.14705882352941,51,114.0,112.0,0.9375,Horizon London Central,London,Flagship,General,224,2025,4,2,27,6,17,1,0.5021929824561402,0.9824561403508771,7,0.6848598130841121
HHN-LON-01,2025-04-28,62,55,38.0,20.66145833333333,27.885416666666668,0.0,0.6658323863171,12,2.608333333333333,1,124,67.46774193548387,49,114.0,111.0,0.90625,Horizon London Central,London,Flagship,General,224,2025,4,2,28,0,18,0,0.5437225877192982,0.9736842105263158,7,0.7409413522599924
HHN-LON-01,2025-04-29,51,47,38.0,21.869791666666668,27.901041666666668,0.0,0.6914520938109608,9,2.711111111111111,2,161,42.099378881987576,43,114.0,114.0,1.0,Horizon London Central,London,Flagship,General,224,2025,4,2,29,1,18,0,0.5755208333333334,1.0,4,0.7838342355796155
HHN-LON-01,2025-04-30,42,52,38.0,21.23958333333333,27.901041666666668,0.0,0.6698396394107985,9,3.066666666666667,3,103,52.83495145631068,30,114.0,112.0,0.9375,Horizon London Central,London,Flagship,General,224,2025,4,2,30,2,18,0,0.5589364035087718,0.9824561403508771,-10,0.7612469665857754
HHN-LON-01,2025-05-01,59,52,38.0,20.921875,27.859375,0.0,0.6740184269280195,22,2.440909090909091,0,120,51.79166666666666,37,114.0,114.0,1.0,Horizon London Central,London,Flagship,General,224,2025,5,2,1,3,18,0,0.5505756578947368,1.0,7,0.7509814918676389
HHN-LON-01,2025-05-02,49,49,38.0,21.515625,27.88020833333333,0.0,0.7073264055256606,11,2.0454545454545454,0,142,44.58450704225352,39,114.0,110.0,0.90625,Horizon London Central,London,Flagship,General,224,2025,5,2,2,4,18,0,0.5662006578947368,0.9649122807017544,0,0.7717167943209416
HHN-LON-01,2025-05-03,31,55,38.0,19.026041666666668,27.83333333333333,0.0,0.6189590815167519,0,0.0,0,117,48.1025641025641,32,114.0,108.0,0.875,Horizon London Central,London,Flagship,General,224,2025,5,2,3,5,18,1,0.5006853070175439,0.9473684210526315,-24,0.6835703592814373
HHN-LON-01,2025-05-04,69,44,38.0,18.91145833333333,27.697916666666668,0.0,0.6325207458912678,0,0.0,0,253,51.27272727272727,80,114.0,114.0,1.0,Horizon London Central,London,Flagship,General,224,2025,5,2,4,6,18,1,0.49766995614035076,1.0,25,0.6827754795035725
HHN-LON-01,2025-05-05,35,42,38.0,21.8125,27.854166666666668,0.0,0.7119402693418874,0,0.0,0,105,44.8,26,114.0,114.0,1.0,Horizon London Central,London,Flagship,General,224,2025,5,2,5,0,19,0,0.5740131578947368,1.0,-7,0.7830964846671653
HHN-LON-01,2025-05-06,89,51,38.0,22.588541666666668,27.89583333333333,0.0,0.7455183164048943,15,2.78,2,194,66.18041237113403,74,114.0,114.0,1.0,Horizon London Central,London,Flagship,General,224,2025,5,2,6,1,19,0,0.5944353070175439,1.0,38,0.8097460791635551
HHN-LON-01,2025-05-07,53,58,38.0,24.729166666666668,27.791666666666668,0.0,0.8045343867059231,10,2.32,3,115,63.278260869565216,42,114.0,111.0,0.96875,Horizon London Central,London,Flagship,General,224,2025,5,2,7,2,19,0,0.6507675438596492,0.9736842105263158,-5,0.8898050974512743
HHN-LON-01,2025-05-08,48,45,38.0,24.6875,27.8125,0.0,0.786914332120408,12,3.1833333333333336,1,105,48.10476190476191,35,114.0,103.0,0.75,Horizon London Central,London,Flagship,General,224,2025,5,2,8,3,19,0,0.649671052631579,0.9035087719298246,3,0.8876404494382022
HHN-LON-01,2025-05-09,50,53,38.0,23.3125,27.8125,0.0,0.7507534421596921,13,3.223076923076923,0,138,48.0072463768116,40,114.0,114.0,1.0,Horizon London Central,London,Flagship,General,224,2025,5,2,9,4,19,0,0.6134868421052632,1.0,-3,0.8382022471910112
HHN-LON-01,2025-05-10,57,58,38.0,23.197916666666668,27.744791666666668,0.0,0.7564961219859754,0,0.0,0,211,38.54976303317535,56,114.0,111.0,0.9375,Horizon London Central,London,Flagship,General,224,2025,5,2,10,5,19,1,0.6104714912280702,0.9736842105263158,-1,0.8361178899943683
HHN-LON-01,2025-05-11,46,52,38.0,23.03125,27.776041666666668,0.0,0.7517347262050241,0,0.0,0,140,44.892857142857146,47,114.0,114.0,1.0,Horizon London Central,London,Flagship,General,224,2025,5,2,11,6,19,1,0.6060855263157895,1.0,-6,0.8291768235514719
HHN-LON-01,2025-05-12,49,60,38.0,22.70833333333333,27.859375,0.0,0.7667076846764346,12,3.3833333333333333,3,165,41.26060606060606,37,114.0,114.0,1.0,Horizon London Central,London,Flagship,General,224,2025,5,2,12,0,20,0,0.5975877192982455,1.0,-11,0.815105627220041
HHN-LON-01,2025-05-13,53,50,38.0,22.5,27.86458333333333,0.125,0.7512598995809415,22,2.909090909090909,0,107,41.86915887850467,31,114.0,114.0,1.0,Horizon London Central,London,Flagship,General,224,2025,5,2,13,1,20,0,0.5921052631578947,1.0,3,0.8074766355140188
HHN-LON-01,2025-05-14,51,52,38.0,23.057291666666668,27.859375,0.1458333333333333,0.7613124533074536,14,3.207142857142857,3,134,47.649253731343286,40,114.0,114.0,1.0,Horizon London Central,London,Flagship,General,224,2025,5,2,14,2,20,0,0.6067708333333334,1.0,-1,0.8276313329594317
HHN-LON-01,2025-05-15,46,48,38.0,23.119791666666668,27.89583333333333,0.0,0.7636465846049864,13,3.2,1,91,48.82417582417583,30,114.0,114.0,1.0,Horizon London Central,London,Flagship,General,224,2025,5,2,15,3,20,0,0.6084155701754387,1.0,-2,0.8287901418969382
HHN-LON-01,2025-05-16,30,63,38.0,20.50520833333333,27.84895833333333,0.0,0.6833335302798829,10,1.29,1,70,36.35714285714285,21,114.0,114.0,1.0,Horizon London Central,London,Flagship,General,224,2025,5,2,16,4,20,0,0.539610745614035,1.0,-33,0.7363007293809612
HHN-LON-01,2025-05-17,16,36,38.0,17.291666666666668,27.729166666666668,0.0,0.5719035541688612,0,0.0,0,71,37.52112676056338,15,114.0,112.0,0.96875,Horizon London Central,London,Flagship,General,224,2025,5,2,17,5,20,1,0.45504385964912286,0.9824561403508771,-20,0.6235912847483096
HHN-LON-01,2025-05-18,50,46,38.0,15.130208333333334,27.765625,0.0,0.5064466284861574,0,0.0,0,140,59.1,51,114.0,111.0,0.9375,Horizon London Central,London,Flagship,General,224,2025,5,2,18,6,20,1,0.39816337719298245,0.9736842105263158,4,0.544925905083474
HHN-LON-01,2025-05-19,53,32,38.0,17.614583333333332,27.91145833333333,0.0,0.5837776256109767,14,2.628571428571429,1,114,50.26315789473684,39,114.0,114.0,1.0,Horizon London Central,London,Flagship,General,224,2025,5,2,19,0,21,0,0.46354166666666663,1.0,21,0.6310878895316291
HHN-LON-01,2025-05-20,58,42,38.0,19.651041666666668,27.83333333333333,0.0,0.6563990750051606,8,2.9125,1,210,48.12857142857143,59,114.0,111.0,0.96875,Horizon London Central,London,Flagship,General,224,2025,5,2,20,1,21,0,0.5171326754385965,0.9736842105263158,16,0.7060254491017965
HHN-LON-01,2025-05-21,49,37,38.0,22.00520833333333,27.921875,0.0,0.7164408463915043,14,3.085714285714286,0,89,42.752808988764045,25,114.0,111.0,0.90625,Horizon London Central,London,Flagship,General,224,2025,5,2,21,2,21,0,0.5790844298245613,0.9736842105263158,12,0.7880992352173101
HHN-LON-01,2025-05-22,43,42,38.0,22.151041666666668,27.97395833333333,0.0,0.7328690778211869,17,3.023529411764706,1,114,34.14912280701754,30,114.0,111.0,0.96875,Horizon London Central,London,Flagship,General,224,2025,5,2,22,3,21,0,0.582922149122807,0.9736842105263158,1,0.7918450940234595
HHN-LON-01,2025-05-23,64,48,38.0,22.83333333333333,27.885416666666668,0.0,0.7571794175838605,10,2.59,1,167,62.532934131736525,57,114.0,113.0,0.96875,Horizon London Central,London,Flagship,General,224,2025,5,2,23,4,21,0,0.600877192982456,0.9912280701754386,16,0.8188270451998504
HHN-LON-01,2025-05-24,50,56,38.0,23.42708333333333,27.729166666666668,0.0,0.7462688531289193,0,0.0,0,130,54.83076923076923,45,114.0,111.0,0.90625,Horizon London Central,London,Flagship,General,224,2025,5,2,24,5,21,1,0.616502192982456,0.9736842105263158,-6,0.844853493613824
HHN-LON-01,2025-05-25,35,55,38.0,21.682291666666668,27.78125,0.0,0.691007746871891,0,0.0,0,130,52.65384615384615,42,114.0,111.0,0.9375,Horizon London Central,London,Flagship,General,224,2025,5,2,25,6,21,1,0.5705866228070176,0.9736842105263158,-20,0.7804649418822648
HHN-LON-01,2025-05-26,42,65,38.0,19.8125,27.890625,0.0,0.645220929260028,0,0.0,0,125,36.144,35,114.0,113.0,0.96875,Horizon London Central,London,Flagship,General,224,2025,5,2,26,0,22,0,0.5213815789473685,0.9912280701754386,-23,0.7103641456582633
HHN-LON-01,2025-05-27,70,49,38.0,19.651041666666668,27.91145833333333,0.0,0.6443166264157622,14,2.15,0,149,59.53691275167785,59,114.0,113.0,0.96875,Horizon London Central,London,Flagship,General,224,2025,5,2,27,1,22,0,0.5171326754385965,0.9912280701754386,21,0.7040492629221872
HHN-LON-01,2025-05-28,59,46,38.0,22.52083333333333,27.96875,0.0,0.7389423681113527,15,3.0266666666666664,3,143,39.52447552447553,43,114.0,114.0,1.0,Horizon London Central,London,Flagship,General,224,2025,5,2,28,2,22,0,0.5926535087719297,1.0,13,0.805214152700186
HHN-LON-01,2025-05-29,58,63,38.0,22.78645833333333,27.822916666666668,0.0,0.7763978885679736,22,2.6045454545454545,1,95,49.72631578947368,33,114.0,114.0,1.0,Horizon London Central,London,Flagship,General,224,2025,5,2,29,3,22,0,0.599643640350877,1.0,-5,0.818981654810932
HHN-LON-01,2025-05-30,60,54,38.0,22.59375,27.9375,0.0,0.7222012587658146,14,3.15,0,147,58.61224489795919,51,114.0,114.0,1.0,Horizon London Central,London,Flagship,General,224,2025,5,2,30,4,22,0,0.5945723684210527,1.0,6,0.8087248322147651
HHN-LON-01,2025-05-31,36,52,38.0,21.713541666666668,27.921875,0.0,0.6829425633768466,0,0.0,0,104,48.01923076923077,34,114.0,113.0,0.96875,Horizon London Central,London,Flagship,General,224,2025,5,2,31,5,22,1,0.5714089912280702,0.9912280701754386,-16,0.7776534228688677
HHN-LON-01,2025-06-01,55,48,38.0,20.11458333333333,27.78125,0.0,0.6328751859595513,0,0.0,0,175,55.14857142857143,55,114.0,111.0,0.90625,Horizon London Central,London,Flagship,General,224,2025,6,2,1,6,22,1,0.529331140350877,0.9736842105263158,7,0.7240344956880388
HHN-LON-01,2025-06-02,64,56,38.0,21.53645833333333,27.859375,0.0,0.6984922053744617,19,3.5,0,126,58.58730158730159,46,114.0,112.0,0.9375,Horizon London Central,London,Flagship,General,224,2025,6,2,2,0,23,0,0.5667489035087718,0.9824561403508771,8,0.7730416900355205
HHN-LON-01,2025-06-03,34,51,38.0,22.260416666666668,27.875,0.0,0.750065597475137,13,2.146153846153846,0,86,43.5,23,114.0,112.0,0.9375,Horizon London Central,London,Flagship,General,224,2025,6,2,3,1,23,0,0.5858004385964912,0.9824561403508771,-17,0.7985799701046338
HHN-LON-01,2025-06-04,54,47,38.0,21.63020833333333,27.807291666666668,0.0,0.7208813072483334,15,3.52,2,139,47.15827338129496,40,114.0,114.0,1.0,Horizon London Central,London,Flagship,General,224,2025,6,2,4,2,23,0,0.5692160087719297,1.0,7,0.7778610226634199
HHN-LON-01,2025-06-05,44,48,38.0,21.9375,27.92708333333333,0.0,0.735482072680215,11,2.2454545454545456,1,90,43.87777777777778,30,114.0,111.0,0.9375,Horizon London Central,London,Flagship,General,224,2025,6,2,5,3,23,0,0.5773026315789473,0.9736842105263158,-4,0.7855277881387543
HHN-LON-01,2025-06-06,29,53,38.0,19.34895833333333,27.822916666666668,0.0,0.6447363302754452,10,3.97,2,100,41.16,23,114.0,114.0,1.0,Horizon London Central,London,Flagship,General,224,2025,6,2,6,4,23,0,0.5091831140350876,1.0,-24,0.6954324223137399
HHN-LON-01,2025-06-07,49,49,38.0,18.13020833333333,27.8125,0.0,0.603393805078975,0,0.0,0,131,60.3206106870229,50,114.0,112.0,0.96875,Horizon London Central,London,Flagship,General,224,2025,6,2,7,5,23,1,0.47711074561403494,0.9824561403508771,0,0.6518726591760298
HHN-LON-01,2025-06-08,29,31,38.0,18.109375,27.838541666666668,0.0,0.5873379977143522,0,0.0,0,101,39.87128712871287,27,114.0,114.0,1.0,Horizon London Central,London,Flagship,General,224,2025,6,2,8,6,23,1,0.4765625,1.0,-2,0.6505144995322731
HHN-LON-01,2025-06-09,51,46,38.0,18.0,27.88020833333333,0.0,0.6105216169650549,20,3.15,2,122,41.50819672131148,32,114.0,111.0,0.96875,Horizon London Central,London,Flagship,General,224,2025,6,2,9,0,24,0,0.47368421052631576,0.9736842105263158,5,0.645619278909023
HHN-LON-01,2025-06-10,51,43,38.0,18.776041666666668,27.84375,0.0,0.6365261463103149,23,2.5391304347826087,0,84,60.65476190476191,27,114.0,107.0,0.8125,Horizon London Central,London,Flagship,General,224,2025,6,2,10,1,24,0,0.49410635964912286,0.9385964912280702,8,0.67433595211373
HHN-LON-01,2025-06-11,50,45,38.0,19.5625,27.953125,0.0,0.667263993316625,18,2.3722222222222222,3,132,42.45454545454545,35,114.0,114.0,1.0,Horizon London Central,London,Flagship,General,224,2025,6,2,11,2,24,0,0.5148026315789473,1.0,5,0.6998323085522639
HHN-LON-01,2025-06-12,61,49,38.0,20.578125,27.89583333333333,0.0,0.6992015042342,23,3.4478260869565216,1,120,57.96666666666667,38,114.0,114.0,1.0,Horizon London Central,London,Flagship,General,224,2025,6,2,12,3,24,0,0.5415296052631579,1.0,12,0.737677371172517
HHN-LON-01,2025-06-13,37,51,38.0,20.28645833333333,27.92708333333333,0.0,0.6761612641135667,9,2.9,3,92,44.380434782608695,24,114.0,107.0,0.875,Horizon London Central,London,Flagship,General,224,2025,6,2,13,4,24,0,0.5338541666666665,0.9385964912280702,-14,0.7264080566952629
HHN-LON-01,2025-06-14,38,39,38.0,19.0625,27.890625,0.0,0.6239668419001172,0,0.0,0,120,46.05,37,114.0,111.0,0.9375,Horizon London Central,London,Flagship,General,224,2025,6,2,14,5,24,1,0.5016447368421053,0.9736842105263158,-1,0.6834733893557423
HHN-LON-01,2025-06-15,13,39,38.0,17.895833333333332,27.765625,0.0,0.5896363044653002,0,0.0,0,71,25.464788732394368,14,114.0,112.0,0.9375,Horizon London Central,London,Flagship,General,224,2025,6,2,15,6,24,1,0.4709429824561403,0.9824561403508771,-26,0.6445319827424498
HHN-LON-01,2025-06-16,39,42,38.0,16.296875,27.916666666666668,0.0,0.5313587180002637,12,3.35,2,92,40.09782608695652,28,114.0,112.0,0.9375,Horizon London Central,London,Flagship,General,224,2025,6,2,16,0,25,0,0.42886513157894735,0.9824561403508771,-3,0.5837686567164179
HHN-LON-01,2025-06-17,42,36,38.0,16.807291666666668,27.875,0.0,0.5801001791026282,10,4.1,0,97,43.381443298969074,31,114.0,110.0,0.9375,Horizon London Central,London,Flagship,General,224,2025,6,2,17,1,25,0,0.44229714912280704,0.9649122807017544,6,0.6029521674140509
HHN-LON-01,2025-06-18,44,34,38.0,17.229166666666668,27.890625,0.0,0.5826892425669484,12,2.7416666666666667,1,113,47.83185840707964,36,114.0,112.0,0.9375,Horizon London Central,London,Flagship,General,224,2025,6,2,18,2,25,0,0.45339912280701755,0.9824561403508771,10,0.6177404295051354
HHN-LON-01,2025-06-19,51,36,38.0,18.28125,27.90625,0.0,0.6144823248191734,6,4.883333333333334,1,158,52.28481012658228,48,114.0,114.0,1.0,Horizon London Central,London,Flagship,General,224,2025,6,2,19,3,25,0,0.4810855263157895,1.0,15,0.6550951847704367
HHN-LON-01,2025-06-20,57,53,38.0,20.572916666666668,27.890625,0.0,0.6876537963767989,12,2.9166666666666665,0,130,50.40769230769231,42,114.0,114.0,1.0,Horizon London Central,London,Flagship,General,224,2025,6,2,20,4,25,0,0.5413925438596492,1.0,4,0.7376283846872083
HHN-LON-01,2025-06-21,29,42,38.0,19.53125,27.822916666666668,0.0,0.6457149381668861,0,0.0,0,87,49.94252873563219,30,114.0,107.0,0.8125,Horizon London Central,London,Flagship,General,224,2025,6,2,21,5,25,1,0.5139802631578947,0.9385964912280702,-13,0.7019842755522276
HHN-LON-01,2025-06-22,33,42,38.0,17.8125,27.765625,0.0,0.5947972128082307,0,0.0,0,144,38.36111111111112,35,114.0,113.0,0.96875,Horizon London Central,London,Flagship,General,224,2025,6,2,22,6,25,1,0.46875,0.9912280701754386,-9,0.6415306696679798
HHN-LON-01,2025-06-23,59,39,38.0,19.05208333333333,27.885416666666668,0.0,0.6273291104768063,20,3.58,4,119,55.6890756302521,38,114.0,113.0,0.96875,Horizon London Central,London,Flagship,General,224,2025,6,2,23,0,26,0,0.5013706140350876,0.9912280701754386,20,0.6832274934628313
HHN-LON-01,2025-06-24,64,42,38.0,21.91145833333333,27.932291666666668,0.0,0.7321786355092277,15,3.066666666666667,1,163,43.39877300613497,48,114.0,108.0,0.875,Horizon London Central,London,Flagship,General,224,2025,6,2,24,1,26,0,0.5766173245614034,0.9473684210526315,22,0.7844490024240162
HHN-LON-01,2025-06-25,44,38,38.0,23.56770833333333,27.979166666666668,0.0,0.7859274527860055,18,2.844444444444445,1,100,41.97,27,114.0,113.0,0.96875,Horizon London Central,London,Flagship,General,224,2025,6,2,25,2,26,0,0.6202028508771928,0.9912280701754386,6,0.8423306031273267
HHN-LON-01,2025-06-26,40,56,38.0,22.90625,27.92708333333333,0.0,0.753314848832941,12,4.433333333333334,0,87,50.95402298850575,29,114.0,114.0,1.0,Horizon London Central,London,Flagship,General,224,2025,6,2,26,3,26,0,0.602796052631579,1.0,-16,0.8202163371876167
HHN-LON-01,2025-06-27,38,49,38.0,21.03645833333333,27.90625,0.0,0.7114489169130636,11,2.7181818181818183,0,68,72.44117647058823,27,114.0,110.0,0.9375,Horizon London Central,London,Flagship,General,224,2025,6,2,27,4,26,0,0.5535910087719297,0.9649122807017544,-11,0.7538260544979468
HHN-LON-01,2025-06-28,32,49,38.0,18.73958333333333,27.69270833333333,0.0,0.6259915833653861,0,0.0,0,108,42.00925925925926,31,114.0,112.0,0.9375,Horizon London Central,London,Flagship,General,224,2025,6,2,28,5,26,1,0.49314692982456126,0.9824561403508771,-17,0.6766973857438404
HHN-LON-01,2025-06-29,28,55,38.0,16.822916666666668,27.83333333333333,0.0,0.5636240341763747,0,0.0,0,111,35.15315315315316,25,114.0,114.0,1.0,Horizon London Central,London,Flagship,General,224,2025,6,2,29,6,26,1,0.44270833333333337,1.0,-27,0.6044161676646708
HHN-LON-01,2025-06-30,54,42,38.0,15.239583333333334,27.859375,0.34375,0.5178176376972337,11,3.1545454545454543,1,158,50.151898734177216,48,114.0,114.0,1.0,Horizon London Central,London,Flagship,General,224,2025,6,2,30,0,27,0,0.4010416666666667,1.0,12,0.5470181342306973
HHN-LON-01,2025-07-01,57,29,38.0,18.31770833333333,27.916666666666668,0.75,0.6088517733235225,18,3.4388888888888887,2,118,49.32203389830509,38,114.0,114.0,1.0,Horizon London Central,London,Flagship,General,224,2025,7,3,1,1,27,0,0.48204495614035076,1.0,28,0.6561567164179103
HHN-LON-01,2025-07-02,54,52,38.0,19.98958333333333,27.859375,0.75,0.696328142700957,18,2.605555555555556,0,142,42.63380281690141,38,114.0,114.0,1.0,Horizon London Central,London,Flagship,General,224,2025,7,3,2,2,27,0,0.5260416666666665,1.0,2,0.7175172929519534
HHN-LON-01,2025-07-03,47,35,38.0,20.27083333333333,27.963541666666668,0.75,0.6869627458530928,21,2.519047619047619,3,94,43.57446808510638,26,114.0,110.0,0.875,Horizon London Central,London,Flagship,General,224,2025,7,3,3,3,27,0,0.5334429824561402,0.9649122807017544,12,0.72490221642764
HHN-LON-01,2025-07-04,45,47,38.0,20.59375,27.90625,0.75,0.6844987053538475,21,3.0571428571428574,1,90,50.36666666666667,26,114.0,114.0,1.0,Horizon London Central,London,Flagship,General,224,2025,7,3,4,4,27,0,0.5419407894736842,1.0,-2,0.7379619260918253
HHN-LON-01,2025-07-05,32,48,38.0,19.66145833333333,27.81770833333333,0.75,0.6409210975129578,0,0.0,0,96,50.020833333333336,31,114.0,114.0,1.0,Horizon London Central,London,Flagship,General,224,2025,7,3,5,5,27,1,0.5174067982456139,1.0,-16,0.7067964800599138
HHN-LON-01,2025-07-06,29,53,38.0,17.645833333333332,27.796875,0.75,0.5954286375987189,0,0.0,0,91,56.20879120879121,29,114.0,114.0,1.0,Horizon London Central,London,Flagship,General,224,2025,7,3,6,6,27,1,0.4643640350877193,1.0,-24,0.6348135656735994
HHN-LON-01,2025-07-07,58,48,38.0,16.8125,27.916666666666668,0.125,0.576601133726815,18,3.477777777777778,0,167,36.790419161676645,39,114.0,114.0,1.0,Horizon London Central,London,Flagship,General,224,2025,7,3,7,0,28,0,0.44243421052631576,1.0,10,0.6022388059701492
HHN-LON-01,2025-07-08,71,38,38.0,19.55208333333333,27.869791666666668,0.0,0.6584513610152155,20,2.31,1,148,57.810810810810814,53,114.0,113.0,0.96875,Horizon London Central,London,Flagship,General,224,2025,7,3,8,1,28,0,0.5145285087719297,0.9912280701754386,33,0.701551111941693
HHN-LON-01,2025-07-09,39,51,38.0,21.1875,27.89583333333333,0.0,0.7027976059301645,18,2.7666666666666666,0,87,32.13793103448276,19,114.0,114.0,1.0,Horizon London Central,London,Flagship,General,224,2025,7,3,9,2,28,0,0.5575657894736842,1.0,-12,0.7595220313666917
HHN-LON-01,2025-07-10,54,47,38.0,20.963541666666668,27.963541666666668,0.0,0.698750192544536,21,2.842857142857143,0,141,40.297872340425535,37,114.0,109.0,0.90625,Horizon London Central,London,Flagship,General,224,2025,7,3,10,3,28,0,0.551672149122807,0.956140350877193,7,0.7496740547588006
HHN-LON-01,2025-07-11,41,53,38.0,20.36458333333333,27.94270833333333,0.0,0.6553973910470621,10,2.49,0,103,39.932038834951456,31,114.0,114.0,1.0,Horizon London Central,London,Flagship,General,224,2025,7,3,11,4,28,0,0.5359100877192982,1.0,-12,0.7287977632805218
HHN-LON-01,2025-07-12,34,46,38.0,18.776041666666668,27.765625,0.0,0.6146118892660712,0,0.0,0,134,40.52985074626866,32,114.0,111.0,0.9375,Horizon London Central,London,Flagship,General,224,2025,7,3,12,5,28,1,0.49410635964912286,0.9736842105263158,-12,0.6762333520915401
HHN-LON-01,2025-07-13,31,32,38.0,17.875,27.776041666666668,0.0,0.5954050879478995,0,0.0,0,115,34.28695652173913,33,114.0,113.0,0.96875,Horizon London Central,London,Flagship,General,224,2025,7,3,13,6,28,1,0.47039473684210525,0.9912280701754386,-1,0.6435402212638289
HHN-LON-01,2025-07-14,75,57,38.0,19.0625,27.901041666666668,0.0,0.6611892233639041,26,2.826923076923077,3,177,42.85310734463277,49,114.0,114.0,1.0,Horizon London Central,London,Flagship,General,224,2025,7,3,14,0,29,0,0.5016447368421053,1.0,18,0.6832182191525107
HHN-LON-01,2025-07-15,48,49,38.0,20.125,27.77083333333333,0.0,0.661001987636991,17,2.735294117647059,1,100,46.7,30,114.0,114.0,1.0,Horizon London Central,London,Flagship,General,224,2025,7,3,15,1,29,0,0.5296052631578947,1.0,-1,0.7246811702925733
HHN-LON-01,2025-07-16,47,44,38.0,20.994791666666668,27.869791666666668,0.0,0.6971847580738834,24,3.7458333333333336,0,81,45.2962962962963,24,114.0,114.0,1.0,Horizon London Central,London,Flagship,General,224,2025,7,3,16,2,29,0,0.5524945175438597,1.0,3,0.7533171369837414
HHN-LON-01,2025-07-17,51,50,38.0,20.229166666666668,27.92708333333333,0.0,0.67858940181103,17,2.788235294117647,0,123,49.3089430894309,34,114.0,110.0,0.9375,Horizon London Central,London,Flagship,General,224,2025,7,3,17,3,29,0,0.5323464912280702,0.9649122807017544,1,0.7243565833644164
HHN-LON-01,2025-07-18,33,47,38.0,19.744791666666668,27.81770833333333,0.0,0.6601482414664691,13,2.723076923076923,0,79,42.265822784810126,21,114.0,114.0,1.0,Horizon London Central,London,Flagship,General,224,2025,7,3,18,4,29,0,0.5195997807017544,1.0,-14,0.7097921737502342
HHN-LON-01,2025-07-19,70,46,38.0,19.390625,27.80208333333333,0.5989583333333334,0.6218968690945278,0,0.0,0,183,60.94535519125683,70,114.0,114.0,1.0,Horizon London Central,London,Flagship,General,224,2025,7,3,19,5,29,1,0.5102796052631579,1.0,24,0.6974522292993631
HHN-LON-01,2025-07-20,38,46,38.0,20.73958333333333,27.71875,0.625,0.6536990098440317,0,0.0,0,126,35.51587301587302,37,114.0,111.0,0.90625,Horizon London Central,London,Flagship,General,224,2025,7,3,20,6,29,1,0.5457785087719297,0.9736842105263158,-8,0.7482149567831641
HHN-LON-01,2025-07-21,50,54,38.0,20.48958333333333,27.91145833333333,0.625,0.6637271073199503,16,3.1125,2,102,59.85294117647059,35,114.0,111.0,0.9375,Horizon London Central,London,Flagship,General,224,2025,7,3,21,0,30,0,0.5391995614035087,0.9736842105263158,-4,0.7340921813771225
HHN-LON-01,2025-07-22,34,46,38.0,19.73958333333333,27.84375,0.625,0.639857040338555,9,1.9444444444444444,3,93,42.473118279569896,26,114.0,114.0,1.0,Horizon London Central,London,Flagship,General,224,2025,7,3,22,1,30,0,0.5194627192982455,1.0,-12,0.7089412644968199
HHN-LON-01,2025-07-23,66,47,38.0,20.166666666666668,27.9375,0.625,0.6898305272672371,17,3.241176470588235,0,159,49.9559748427673,48,114.0,110.0,0.90625,Horizon London Central,London,Flagship,General,224,2025,7,3,23,2,30,0,0.5307017543859649,0.9649122807017544,19,0.7218493661446682
HHN-LON-01,2025-07-24,53,45,38.0,21.322916666666668,27.885416666666668,0.3385416666666667,0.7131865368211634,10,3.15,0,129,50.25581395348837,43,114.0,114.0,1.0,Horizon London Central,London,Flagship,General,224,2025,7,3,24,3,30,0,0.5611293859649124,1.0,8,0.7646619350018677
HHN-LON-01,2025-07-25,59,49,38.0,22.713541666666668,27.88020833333333,0.0,0.7581901122306642,12,2.2333333333333334,3,151,52.22516556291391,49,114.0,114.0,1.0,Horizon London Central,London,Flagship,General,224,2025,7,3,25,4,30,0,0.5977247807017544,1.0,10,0.8146833551279659
HHN-LON-01,2025-07-26,46,51,38.0,22.47395833333333,27.822916666666668,0.0,0.7189779919099771,0,0.0,0,125,53.712,46,114.0,111.0,0.9375,Horizon London Central,London,Flagship,General,224,2025,7,3,26,5,30,1,0.5914199561403507,0.9736842105263158,-5,0.8077499064020964
HHN-LON-01,2025-07-27,46,51,38.0,21.625,27.75,0.0,0.684236457213189,0,0.0,0,148,46.45945945945946,49,114.0,114.0,1.0,Horizon London Central,London,Flagship,General,224,2025,7,3,27,6,30,1,0.569078947368421,1.0,-5,0.7792792792792793
HHN-LON-01,2025-07-28,57,55,38.0,22.09895833333333,27.89583333333333,0.0,0.7270750352080171,13,2.923076923076923,0,114,58.45614035087719,44,114.0,106.0,0.84375,Horizon London Central,London,Flagship,General,224,2025,7,3,28,0,31,0,0.5815515350877192,0.9298245614035088,2,0.7921956684092606
HHN-LON-01,2025-07-29,42,59,38.0,20.791666666666668,27.921875,0.0,0.6784847602446287,17,3.223529411764705,1,95,38.1578947368421,21,114.0,110.0,0.90625,Horizon London Central,London,Flagship,General,224,2025,7,3,29,1,31,0,0.5471491228070176,0.9649122807017544,-17,0.744637194553255
HHN-LON-01,2025-07-30,65,47,38.0,21.119791666666668,27.932291666666668,0.0,0.6788655994878582,14,2.407142857142857,1,159,54.44025157232704,55,114.0,114.0,1.0,Horizon London Central,London,Flagship,General,224,2025,7,3,30,2,31,0,0.5557839912280702,1.0,18,0.756106656721984
HHN-LON-01,2025-07-31,47,44,38.0,22.97395833333333,27.901041666666668,0.0,0.7492493055698519,20,3.185,1,89,48.146067415730336,28,114.0,112.0,0.96875,Horizon London Central,London,Flagship,General,224,2025,7,3,31,3,31,0,0.6045778508771928,0.9824561403508771,3,0.8234086242299793
HHN-LON-01,2025-08-01,47,62,38.0,21.625,27.890625,0.0,0.6924711056803985,6,2.8666666666666667,1,122,54.778688524590166,40,114.0,112.0,0.96875,Horizon London Central,London,Flagship,General,224,2025,8,3,1,4,31,0,0.569078947368421,0.9824561403508771,-15,0.7753501400560224
HHN-LON-01,2025-08-02,28,52,38.0,20.00520833333333,27.78125,0.0,0.6346054622652597,0,0.0,0,108,47.0462962962963,33,114.0,110.0,0.9375,Horizon London Central,London,Flagship,General,224,2025,8,3,2,5,31,1,0.5264528508771928,0.9649122807017544,-24,0.720097487814023
HHN-LON-01,2025-08-03,51,36,38.0,18.953125,27.734375,0.0,0.6015828530556585,0,0.0,0,185,42.086486486486486,50,114.0,112.0,0.9375,Horizon London Central,London,Flagship,General,224,2025,8,3,3,6,31,1,0.4987664473684211,0.9824561403508771,15,0.6833802816901409
HHN-LON-01,2025-08-04,27,35,38.0,19.9375,27.84375,0.0,0.6404721144204907,5,3.6,1,64,45.21875,18,114.0,111.0,0.96875,Horizon London Central,London,Flagship,General,224,2025,8,3,4,0,32,0,0.524671052631579,0.9736842105263158,-8,0.7160493827160493
HHN-LON-01,2025-08-05,30,47,38.0,17.875,27.91145833333333,0.0,0.5900631543411554,6,2.766666666666667,0,73,46.17808219178082,23,114.0,111.0,0.9375,Horizon London Central,London,Flagship,General,224,2025,8,3,5,1,32,0,0.47039473684210525,0.9736842105263158,-17,0.6404179884306774
HHN-LON-01,2025-08-06,19,38,38.0,15.744791666666666,27.947916666666668,0.0885416666666666,0.4986058641292774,3,5.366666666666667,1,62,52.79032258064516,19,114.0,109.0,0.90625,Horizon London Central,London,Flagship,General,224,2025,8,3,6,2,32,0,0.41433662280701755,0.956140350877193,-19,0.5633619083115915
HHN-LON-01,2025-08-07,47,28,38.0,15.505208333333334,27.8125,0.09375,0.5069836486711768,9,2.788888888888889,0,113,51.12389380530973,34,114.0,114.0,1.0,Horizon London Central,London,Flagship,General,224,2025,8,3,7,3,32,0,0.40803179824561403,1.0,19,0.5574906367041199
HHN-LON-01,2025-08-08,27,44,38.0,15.53125,27.89583333333333,0.0,0.5058501312772322,7,3.2142857142857144,0,72,43.083333333333336,19,114.0,113.0,0.96875,Horizon London Central,London,Flagship,General,224,2025,8,3,8,4,32,0,0.4087171052631579,0.9912280701754386,-17,0.5567587752053772
HHN-LON-01,2025-08-09,28,43,38.0,13.78125,27.72395833333333,0.0,0.4347212296667881,0,0.0,0,140,42.392857142857146,34,114.0,111.0,0.90625,Horizon London Central,London,Flagship,General,224,2025,8,3,9,5,32,1,0.3626644736842105,0.9736842105263158,-15,0.4970881082096563
HHN-LON-01,2025-08-10,36,37,38.0,12.369791666666666,27.84375,0.0,0.4029340872616196,0,0.0,0,100,44.11,33,114.0,114.0,1.0,Horizon London Central,London,Flagship,General,224,2025,8,3,10,6,32,1,0.3255208333333333,1.0,-1,0.4442573887018331
HHN-LON-01,2025-08-11,35,26,38.0,13.364583333333334,27.869791666666668,0.0,0.4437704072806304,6,3.533333333333333,1,117,45.15384615384615,34,114.0,114.0,1.0,Horizon London Central,London,Flagship,General,224,2025,8,3,11,0,33,0,0.3516995614035088,1.0,9,0.47953653522706036
HHN-LON-01,2025-08-12,71,43,38.0,15.729166666666666,27.9375,0.0,0.5372704739903326,10,2.99,1,163,55.54601226993865,60,114.0,108.0,0.90625,Horizon London Central,London,Flagship,General,224,2025,8,3,12,1,33,0,0.4139254385964912,0.9473684210526315,28,0.5630126771066368
HHN-LON-01,2025-08-13,49,35,38.0,18.276041666666668,27.92708333333333,0.0,0.6082288632271701,7,3.4714285714285715,0,129,57.65891472868217,41,114.0,114.0,1.0,Horizon London Central,London,Flagship,General,224,2025,8,3,13,2,33,0,0.4809484649122807,1.0,14,0.6544199925400971
HHN-LON-01,2025-08-14,42,33,38.0,19.75520833333333,27.90625,0.625,0.6543324788085018,6,2.1166666666666667,0,105,47.72380952380952,40,114.0,112.0,0.9375,Horizon London Central,London,Flagship,General,224,2025,8,3,14,3,33,0,0.5198739035087718,0.9824561403508771,9,0.7079134005225829
HHN-LON-01,2025-08-15,38,55,38.0,19.494791666666668,27.901041666666668,0.078125,0.642698447956466,5,2.86,0,99,40.78787878787879,32,114.0,113.0,0.96875,Horizon London Central,London,Flagship,General,224,2025,8,3,15,4,33,0,0.5130208333333334,0.9912280701754386,-17,0.6987119656524174
HHN-LON-01,2025-08-16,62,50,38.0,18.92708333333333,27.776041666666668,0.0,0.6339048780231414,0,0.0,0,231,44.78354978354978,65,114.0,107.0,0.875,Horizon London Central,London,Flagship,General,224,2025,8,3,16,5,33,1,0.4980811403508771,0.9385964912280702,12,0.6814175885992872
HHN-LON-01,2025-08-17,36,43,38.0,18.41145833333333,27.8125,0.046875,0.6061905802769451,0,0.0,0,118,42.10169491525424,34,114.0,110.0,0.90625,Horizon London Central,London,Flagship,General,224,2025,8,3,17,6,33,1,0.48451206140350866,0.9649122807017544,-7,0.6619850187265915
HHN-LON-01,2025-08-18,29,41,38.0,17.942708333333332,27.890625,0.125,0.6174644213126218,7,3.6,0,72,53.77777777777778,21,114.0,114.0,1.0,Horizon London Central,London,Flagship,General,224,2025,8,3,18,0,34,0,0.4721765350877193,1.0,-12,0.6433239962651727
HHN-LON-01,2025-08-19,30,45,38.0,16.59375,27.83333333333333,0.125,0.5841833548312522,10,2.6,1,84,32.04761904761905,20,114.0,114.0,1.0,Horizon London Central,London,Flagship,General,224,2025,8,3,19,1,34,0,0.43667763157894735,1.0,-15,0.596182634730539
HHN-LON-01,2025-08-20,40,37,38.0,15.802083333333334,27.875,0.125,0.556968197456136,17,2.2058823529411766,0,87,38.03448275862069,22,114.0,114.0,1.0,Horizon London Central,London,Flagship,General,224,2025,8,3,20,2,34,0,0.41584429824561403,1.0,3,0.5668908819133035
HHN-LON-01,2025-08-21,43,31,38.0,16.067708333333332,27.84375,0.125,0.5393417830949664,8,2.15,0,91,60.7032967032967,36,114.0,114.0,1.0,Horizon London Central,London,Flagship,General,224,2025,8,3,21,3,34,0,0.4228344298245614,1.0,12,0.5770669659558548
HHN-LON-01,2025-08-22,50,40,38.0,18.17708333333333,27.901041666666668,0.1041666666666666,0.5823956173519189,3,2.4,0,137,53.306569343065696,49,114.0,114.0,1.0,Horizon London Central,London,Flagship,General,224,2025,8,3,22,4,34,0,0.4783442982456139,1.0,10,0.6514840395743885
HHN-LON-01,2025-08-23,54,45,38.0,18.635416666666668,27.791666666666668,0.0,0.6188568673842642,0,0.0,0,184,47.05978260869565,55,114.0,113.0,0.96875,Horizon London Central,London,Flagship,General,224,2025,8,3,23,5,34,1,0.49040570175438597,0.9912280701754386,9,0.6705397301349325
HHN-LON-01,2025-08-24,40,39,38.0,19.104166666666668,27.72395833333333,0.0,0.6354487467331941,0,0.0,0,114,64.0,38,114.0,114.0,1.0,Horizon London Central,London,Flagship,General,224,2025,8,3,24,6,34,1,0.5027412280701755,1.0,1,0.6890851023858728
HHN-LON-01,2025-08-25,26,50,38.0,17.973958333333332,27.822916666666668,0.0,0.6127503008114463,0,0.0,0,115,41.83478260869565,26,114.0,114.0,1.0,Horizon London Central,London,Flagship,General,224,2025,8,3,25,0,35,0,0.4729989035087719,1.0,-24,0.6460127293148633
HHN-LON-01,2025-08-26,39,34,38.0,16.78125,27.828125,0.0,0.5818373321713023,11,3.727272727272727,0,87,45.28735632183908,27,114.0,114.0,1.0,Horizon London Central,London,Flagship,General,224,2025,8,3,26,1,35,0,0.44161184210526316,1.0,5,0.6030320044918585
HHN-LON-01,2025-08-27,42,40,38.0,17.421875,27.84375,0.0,0.5740519986172318,7,2.7571428571428567,0,133,45.6015037593985,37,114.0,114.0,1.0,Horizon London Central,London,Flagship,General,224,2025,8,3,27,2,35,0,0.4584703947368421,1.0,2,0.6257014590347924
HHN-LON-01,2025-08-28,23,43,38.0,16.380208333333332,27.869791666666668,0.0,0.5503194858378432,4,1.075,0,75,34.026666666666664,16,114.0,112.0,0.9375,Horizon London Central,London,Flagship,General,224,2025,8,3,28,3,35,0,0.4310581140350877,0.9824561403508771,-20,0.5877406092319192
HHN-LON-01,2025-08-29,54,30,38.0,15.822916666666666,27.88020833333333,0.0,0.5065649928281144,4,4.125,1,142,65.33098591549296,56,114.0,112.0,0.9375,Horizon London Central,London,Flagship,General,224,2025,8,3,29,4,35,0,0.41639254385964913,0.9824561403508771,24,0.5675322249206053
HHN-LON-01,2025-08-30,44,30,38.0,19.08333333333333,27.80208333333333,0.0,0.6197393036444198,0,0.0,0,146,43.76027397260274,44,114.0,111.0,0.9375,Horizon London Central,London,Flagship,General,224,2025,8,3,30,5,35,1,0.5021929824561402,0.9736842105263158,14,0.686399400524541
HHN-LON-01,2025-08-31,39,38,38.0,19.58333333333333,27.81770833333333,0.0,0.656759546965918,0,0.0,0,115,46.3304347826087,37,114.0,113.0,0.96875,Horizon London Central,London,Flagship,General,224,2025,8,3,31,6,35,1,0.5153508771929823,0.9912280701754386,1,0.7039880172252386
HHN-LON-01,2025-09-01,46,52,38.0,19.55208333333333,27.807291666666668,0.0,0.6719644317610971,12,2.4916666666666667,4,104,46.78846153846154,34,114.0,107.0,0.84375,Horizon London Central,London,Flagship,General,224,2025,9,3,1,0,36,0,0.5145285087719297,0.9385964912280702,-6,0.7031279265780107
HHN-LON-01,2025-09-02,51,48,38.0,19.203125,27.901041666666668,0.0,0.6362008172954138,18,2.3944444444444444,2,110,41.28181818181818,32,114.0,114.0,1.0,Horizon London Central,London,Flagship,General,224,2025,9,3,2,1,36,0,0.5053453947368421,1.0,3,0.6882583535560948
HHN-LON-01,2025-09-03,52,42,38.0,20.057291666666668,27.875,0.0,0.63561917808973,12,3.1333333333333333,2,164,33.52439024390244,39,114.0,113.0,0.96875,Horizon London Central,London,Flagship,General,224,2025,9,3,3,2,36,0,0.5278234649122807,0.9912280701754386,10,0.719544095665172
HHN-LON-01,2025-09-04,56,44,38.0,21.947916666666668,27.81770833333333,0.0,0.7405182355803501,17,2.2,0,139,51.64028776978417,43,114.0,111.0,0.90625,Horizon London Central,London,Flagship,General,224,2025,9,3,4,3,36,0,0.5775767543859649,0.9736842105263158,12,0.7889908256880735
HHN-LON-01,2025-09-05,49,52,38.0,22.166666666666668,27.91145833333333,0.0,0.7108465450957712,10,3.55,2,128,49.328125,39,114.0,114.0,1.0,Horizon London Central,London,Flagship,General,224,2025,9,3,5,4,36,0,0.5833333333333334,1.0,-3,0.794178018286994
HHN-LON-01,2025-09-06,31,58,38.0,20.322916666666668,27.91145833333333,0.0,0.6408433403783395,0,0.0,0,110,33.14545454545455,28,114.0,111.0,0.90625,Horizon London Central,London,Flagship,General,224,2025,9,3,6,5,36,1,0.5348135964912281,0.9736842105263158,-27,0.7281209180817318
HHN-LON-01,2025-09-07,38,50,38.0,17.421875,27.854166666666668,0.0,0.544900578914281,0,0.0,0,135,52.66666666666666,44,114.0,107.0,0.84375,Horizon London Central,London,Flagship,General,224,2025,9,3,7,6,36,1,0.4584703947368421,0.9385964912280702,-12,0.6254674644727001
HHN-LON-01,2025-09-08,68,45,38.0,18.822916666666668,27.91145833333333,0.0,0.6162283517208053,18,2.8666666666666667,1,164,45.96341463414634,50,114.0,114.0,1.0,Horizon London Central,London,Flagship,General,224,2025,9,3,8,0,37,0,0.4953399122807018,1.0,23,0.6743795484232135
HHN-LON-01,2025-09-09,37,43,38.0,20.796875,27.932291666666668,0.0,0.6857694112217138,21,2.952380952380953,1,70,27.1,13,114.0,114.0,1.0,Horizon London Central,London,Flagship,General,224,2025,9,3,9,1,37,0,0.5472861842105263,1.0,-6,0.7445459630803655
HHN-LON-01,2025-09-10,63,47,38.0,20.166666666666668,27.84895833333333,0.0,0.6547050576834826,14,3.289285714285714,0,147,57.224489795918366,51,114.0,108.0,0.90625,Horizon London Central,London,Flagship,General,224,2025,9,3,10,2,37,0,0.5307017543859649,0.9473684210526315,16,0.7241443800261831
HHN-LON-01,2025-09-11,49,52,38.0,21.125,27.92708333333333,0.0,0.6722022923605397,12,3.208333333333333,0,108,45.51851851851852,34,114.0,114.0,1.0,Horizon London Central,London,Flagship,General,224,2025,9,3,11,3,37,0,0.555921052631579,1.0,-3,0.7564341663558375
HHN-LON-01,2025-09-12,46,45,38.0,21.30208333333333,27.901041666666668,0.0,0.682918941599766,13,2.876923076923077,0,122,49.05737704918032,34,114.0,114.0,1.0,Horizon London Central,London,Flagship,General,224,2025,9,3,12,4,37,0,0.560581140350877,1.0,1,0.7634870263207016
HHN-LON-01,2025-09-13,22,47,38.0,19.604166666666668,27.682291666666668,0.0,0.6221039221475198,0,0.0,0,89,34.53932584269663,22,113.0,113.0,1.0,Horizon London Central,London,Flagship,General,224,2025,9,3,13,5,37,1,0.5158991228070176,1.0,-25,0.7081843838193791
HHN-LON-01,2025-09-14,36,41,38.0,17.260416666666668,27.791666666666668,0.0,0.5423165807794573,0,0.0,0,171,34.88304093567251,38,114.0,107.0,0.875,Horizon London Central,London,Flagship,General,224,2025,9,3,14,6,37,1,0.4542214912280702,0.9385964912280702,-5,0.621064467766117
HHN-LON-01,2025-09-15,67,56,38.0,18.21875,27.90625,0.0,0.6235927388263206,14,2.0785714285714287,2,167,56.0059880239521,53,114.0,110.0,0.90625,Horizon London Central,London,Flagship,General,224,2025,9,3,15,0,38,0,0.47944078947368424,0.9649122807017544,11,0.6528555431131019
HHN-LON-01,2025-09-16,46,44,38.0,18.729166666666668,27.822916666666668,0.0,0.6458682629977134,19,2.431578947368421,0,111,32.18018018018018,25,114.0,114.0,1.0,Horizon London Central,London,Flagship,General,224,2025,9,3,16,1,38,0,0.4928728070175439,1.0,2,0.6731561213028828
HHN-LON-01,2025-09-17,41,38,38.0,19.31770833333333,27.875,0.03125,0.6403898454687768,15,3.286666666666666,0,94,60.27659574468085,29,114.0,114.0,1.0,Horizon London Central,London,Flagship,General,224,2025,9,3,17,2,38,0,0.508360745614035,1.0,3,0.6930119581464871
HHN-LON-01,2025-09-18,41,46,38.0,19.328125,27.916666666666668,0.125,0.6211971117028683,14,2.321428571428572,0,86,33.91860465116279,25,114.0,114.0,1.0,Horizon London Central,London,Flagship,General,224,2025,9,3,18,3,38,0,0.5086348684210527,1.0,-5,0.6923507462686567
HHN-LON-01,2025-09-19,59,52,38.0,18.78645833333333,27.90625,0.125,0.6151251499857069,12,2.25,1,160,44.49375,47,114.0,112.0,0.96875,Horizon London Central,London,Flagship,General,224,2025,9,3,19,4,38,0,0.49438048245614025,0.9824561403508771,7,0.673198954833893
HHN-LON-01,2025-09-20,29,34,38.0,18.932291666666668,27.822916666666668,0.125,0.5968676848231318,0,0.0,0,119,36.55462184873949,30,114.0,112.0,0.9375,Horizon London Central,London,Flagship,General,224,2025,9,3,20,5,38,1,0.49821820175438597,0.9824561403508771,-5,0.680456757768626
HHN-LON-01,2025-09-21,37,41,38.0,18.67708333333333,27.73958333333333,0.125,0.5978008513425492,0,0.0,0,145,41.64137931034482,41,114.0,114.0,1.0,Horizon London Central,London,Flagship,General,224,2025,9,3,21,6,38,1,0.491502192982456,1.0,-4,0.6733007885843033
HHN-LON-01,2025-09-22,58,47,38.0,18.671875,27.8125,0.125,0.5981747551172792,11,3.0090909090909093,4,156,38.7948717948718,44,114.0,114.0,1.0,Horizon London Central,London,Flagship,General,224,2025,9,3,22,0,39,0,0.49136513157894735,1.0,11,0.6713483146067416
HHN-LON-01,2025-09-23,52,45,38.0,20.078125,27.916666666666668,0.125,0.6361730122731719,12,3.591666666666667,3,143,37.86713286713287,41,114.0,108.0,0.875,Horizon London Central,London,Flagship,General,224,2025,9,3,23,1,39,0,0.5283717105263158,0.9473684210526315,7,0.7192164179104478
HHN-LON-01,2025-09-24,39,41,38.0,20.36458333333333,27.838541666666668,0.0208333333333333,0.6354251623193731,16,2.9625,0,94,48.5531914893617,23,114.0,114.0,1.0,Horizon London Central,London,Flagship,General,224,2025,9,3,24,2,39,0,0.5359100877192982,1.0,-2,0.7315247895229184
HHN-LON-01,2025-09-25,46,36,38.0,20.557291666666668,27.901041666666668,0.0,0.6443329350057049,12,2.5166666666666666,1,120,42.41666666666666,39,114.0,111.0,0.90625,Horizon London Central,London,Flagship,General,224,2025,9,3,25,3,39,0,0.5409813596491229,0.9736842105263158,10,0.7367929811461639
HHN-LON-01,2025-09-26,41,41,38.0,20.89583333333333,27.92708333333333,0.0,0.6544509916785821,5,3.14,1,106,51.990566037735846,36,114.0,112.0,0.9375,Horizon London Central,London,Flagship,General,224,2025,9,3,26,4,39,0,0.5498903508771928,0.9824561403508771,0,0.7482282730324505
HHN-LON-01,2025-09-27,41,48,38.0,20.572916666666668,27.80208333333333,0.0,0.6463728010978721,0,0.0,0,145,41.52413793103448,40,114.0,110.0,0.875,Horizon London Central,London,Flagship,General,224,2025,9,3,27,5,39,1,0.5413925438596492,0.9649122807017544,-7,0.7399775196702887
HHN-LON-01,2025-09-28,27,52,38.0,18.98958333333333,27.713541666666668,0.0,0.6082368472044322,0,0.0,0,78,47.20512820512821,27,114.0,108.0,0.90625,Horizon London Central,London,Flagship,General,224,2025,9,3,28,6,39,1,0.49972587719298234,0.9473684210526315,-25,0.6852095470776168
HHN-LON-01,2025-09-29,51,57,38.0,16.776041666666668,27.859375,0.0,0.5435462844510249,13,3.069230769230769,2,149,42.24161073825504,41,114.0,114.0,1.0,Horizon London Central,London,Flagship,General,224,2025,9,3,29,0,40,0,0.44147478070175444,1.0,-6,0.602168629650402
HHN-LON-01,2025-09-30,47,34,38.0,17.828125,27.875,0.0,0.5574480408025783,15,3.826666666666666,2,81,70.06172839506173,32,114.0,101.0,0.75,Horizon London Central,London,Flagship,General,224,2025,9,3,30,1,40,0,0.4691611842105263,0.8859649122807017,13,0.6395739910313901
HHN-LON-01,2025-10-01,70,47,38.0,19.46875,27.869791666666668,0.0,0.6247967696240411,14,2.664285714285714,2,186,53.56989247311828,57,114.0,114.0,1.0,Horizon London Central,London,Flagship,General,224,2025,10,4,1,2,40,0,0.5123355263157895,1.0,23,0.6985610166324051
HHN-LON-01,2025-10-02,45,44,38.0,21.135416666666668,27.92708333333333,0.2083333333333333,0.6794100673919995,17,3.0588235294117645,0,112,41.24107142857143,26,114.0,114.0,1.0,Horizon London Central,London,Flagship,General,224,2025,10,4,2,3,40,0,0.5561951754385965,1.0,1,0.7568071615069005
HHN-LON-01,2025-10-03,57,50,38.0,20.9375,27.89583333333333,0.5,0.674939188127304,17,2.794117647058824,1,134,53.23880597014925,40,114.0,109.0,0.875,Horizon London Central,London,Flagship,General,224,2025,10,4,3,4,40,0,0.5509868421052632,0.956140350877193,7,0.7505601194921585
HHN-LON-01,2025-10-04,31,58,38.0,20.03125,27.838541666666668,0.5,0.6365986823271436,0,0.0,0,142,39.0,33,114.0,113.0,0.96875,Horizon London Central,London,Flagship,General,224,2025,10,4,4,5,40,1,0.5271381578947368,0.9912280701754386,-27,0.7195509822263798
HHN-LON-01,2025-10-05,44,52,38.0,18.4375,27.791666666666668,0.5,0.6012303541888883,0,0.0,0,121,62.47107438016529,41,114.0,111.0,0.90625,Horizon London Central,London,Flagship,General,224,2025,10,4,5,6,40,1,0.48519736842105265,0.9736842105263158,-8,0.6634182908545727
HHN-LON-01,2025-10-06,64,48,38.0,18.494791666666668,27.947916666666668,0.5,0.6012900133360982,13,3.1769230769230767,0,179,41.93296089385475,53,114.0,111.0,0.9375,Horizon London Central,London,Flagship,General,224,2025,10,4,6,0,41,0,0.48670504385964913,0.9736842105263158,16,0.661759224748416
HHN-LON-01,2025-10-07,55,46,38.0,20.98958333333333,27.869791666666668,0.5,0.6828070156069382,17,2.6411764705882352,1,132,38.11363636363637,38,114.0,114.0,1.0,Horizon London Central,London,Flagship,General,224,2025,10,4,7,1,41,0,0.5523574561403507,1.0,9,0.7531302560269106
HHN-LON-01,2025-10-08,49,46,38.0,21.69270833333333,27.869791666666668,0.0208333333333333,0.7015713746392925,23,3.073913043478261,1,88,45.86363636363637,26,114.0,114.0,1.0,Horizon London Central,London,Flagship,General,224,2025,10,4,8,2,41,0,0.570860745614035,1.0,3,0.778359185199028
HHN-LON-01,2025-10-09,48,43,38.0,21.69270833333333,27.921875,0.0,0.6851053579916214,14,3.6357142857142857,0,137,44.57664233576642,34,114.0,112.0,0.9375,Horizon London Central,London,Flagship,General,224,2025,10,4,9,3,41,0,0.570860745614035,0.9824561403508771,5,0.7769072934154074
HHN-LON-01,2025-10-10,63,46,38.0,22.432291666666668,27.91145833333333,0.0,0.7123820840941222,7,3.4,1,204,45.62745098039216,59,114.0,114.0,1.0,Horizon London Central,London,Flagship,General,224,2025,10,4,10,4,41,0,0.5903234649122807,1.0,17,0.8036947191640234
HHN-LON-01,2025-10-11,53,56,38.0,23.66145833333333,27.8125,0.0,0.7757863534348636,0,0.0,0,194,51.42783505154639,57,114.0,107.0,0.84375,Horizon London Central,London,Flagship,General,224,2025,10,4,11,5,41,1,0.6226699561403507,0.9385964912280702,-3,0.8507490636704118
HHN-LON-01,2025-10-12,50,60,38.0,23.463541666666668,27.822916666666668,0.0,0.7636999708995645,0,0.0,0,160,45.45,47,114.0,114.0,1.0,Horizon London Central,London,Flagship,General,224,2025,10,4,12,6,41,1,0.6174616228070176,1.0,-10,0.8433171096967428
HHN-LON-01,2025-10-13,61,64,38.0,22.0,27.932291666666668,0.0,0.6962292958489504,15,2.9866666666666664,0,144,40.5,42,114.0,114.0,1.0,Horizon London Central,London,Flagship,General,224,2025,10,4,13,0,42,0,0.5789473684210527,1.0,-3,0.7876188700354279
HHN-LON-01,2025-10-14,42,47,38.0,21.484375,27.859375,0.0,0.6880400781322519,6,2.5,1,141,41.53191489361702,40,114.0,112.0,0.96875,Horizon London Central,London,Flagship,General,224,2025,10,4,14,1,42,0,0.5653782894736842,0.9824561403508771,-5,0.7711721817162086
HHN-LON-01,2025-10-15,35,45,38.0,20.9375,27.901041666666668,0.0,0.6812376781169109,10,3.4200000000000004,1,104,35.0,22,114.0,114.0,1.0,Horizon London Central,London,Flagship,General,224,2025,10,4,15,2,42,0,0.5509868421052632,1.0,-10,0.7504200112002987
HHN-LON-01,2025-10-16,67,52,38.0,21.213541666666668,27.875,0.0,0.6956030633500964,19,3.1631578947368424,2,124,64.44354838709677,50,114.0,114.0,1.0,Horizon London Central,London,Flagship,General,224,2025,10,4,16,3,42,0,0.5582510964912281,1.0,15,0.7610239162929746
HHN-LON-01,2025-10-17,81,45,38.0,23.80208333333333,27.90625,0.0,0.7816577938796399,8,2.45,0,258,50.298449612403104,82,114.0,114.0,1.0,Horizon London Central,London,Flagship,General,224,2025,10,4,17,4,42,0,0.6263706140350876,1.0,36,0.8529301978350129
HHN-LON-01,2025-10-18,69,53,38.0,26.28645833333333,27.80208333333333,0.0,0.8655602681918472,0,0.0,0,203,52.51231527093596,62,114.0,112.0,0.9375,Horizon London Central,London,Flagship,General,224,2025,10,4,18,5,42,1,0.6917489035087718,0.9824561403508771,16,0.9454852004496066
HHN-LON-01,2025-10-19,43,63,38.0,25.77083333333333,27.765625,0.0,0.8405468744421595,0,0.0,0,172,37.51162790697674,43,114.0,114.0,1.0,Horizon London Central,London,Flagship,General,224,2025,10,4,19,6,42,1,0.6781798245614034,1.0,-20,0.9281560682798723
HHN-LON-01,2025-10-20,86,69,38.0,25.796875,27.859375,0.0,0.8511910926041958,20,2.835,2,270,46.95925925925926,75,114.0,109.0,0.90625,Horizon London Central,London,Flagship,General,224,2025,10,4,20,0,43,0,0.6788651315789473,0.956140350877193,17,0.925967470555244
HHN-LON-01,2025-10-21,59,64,38.0,25.994791666666668,27.947916666666668,0.0,0.8310433201058202,5,2.94,0,144,51.270833333333336,45,114.0,114.0,1.0,Horizon London Central,London,Flagship,General,224,2025,10,4,21,1,43,0,0.6840734649122807,1.0,-5,0.9301155423033918
HHN-LON-01,2025-10-22,39,70,38.0,25.296875,27.838541666666668,0.0,0.8344858008993071,16,2.24375,1,82,46.89024390243903,24,114.0,114.0,1.0,Horizon London Central,London,Flagship,General,224,2025,10,4,22,2,43,0,0.6657072368421053,1.0,-31,0.9086997193638915
HHN-LON-01,2025-10-23,40,57,38.0,23.45833333333333,27.86458333333333,0.0,0.7757080086487013,14,2.0142857142857142,1,77,62.81818181818182,27,114.0,112.0,0.9375,Horizon London Central,London,Flagship,General,224,2025,10,4,23,3,43,0,0.6173245614035087,0.9824561403508771,-17,0.8418691588785047
HHN-LON-01,2025-10-24,44,46,38.0,21.619791666666668,27.963541666666668,0.0,0.7162476503759398,10,3.24,0,141,37.75886524822696,34,114.0,114.0,1.0,Horizon London Central,London,Flagship,General,224,2025,10,4,24,4,43,0,0.5689418859649124,1.0,-2,0.7731421121251629
HHN-LON-01,2025-10-25,56,46,38.0,20.734375,27.73958333333333,0.0,0.6812794271100192,0,0.0,0,165,52.87272727272728,58,114.0,110.0,0.90625,Horizon London Central,London,Flagship,General,224,2025,10,4,25,5,43,1,0.545641447368421,0.9649122807017544,10,0.7474652647390163
HHN-LON-01,2025-10-26,30,49,38.0,20.765625,27.828125,0.0,0.6808110198269594,0,0.0,0,118,38.1271186440678,28,114.0,112.0,0.96875,Horizon London Central,London,Flagship,General,224,2025,10,4,26,6,43,1,0.5464638157894737,0.9824561403508771,-19,0.7462099943851769
HHN-LON-01,2025-10-27,71,47,38.0,21.041666666666668,27.932291666666668,0.0,0.6881917631167824,20,2.74,0,176,46.88636363636363,53,114.0,111.0,0.96875,Horizon London Central,London,Flagship,General,224,2025,10,4,27,0,44,0,0.5537280701754387,0.9736842105263158,24,0.753309714711915
HHN-LON-01,2025-10-28,54,44,38.0,24.166666666666668,27.807291666666668,0.0,0.7990072490029968,16,1.91875,2,108,47.25925925925926,38,114.0,107.0,0.84375,Horizon London Central,London,Flagship,General,224,2025,10,4,28,1,44,0,0.6359649122807017,0.9385964912280702,10,0.8690766061060123
HHN-LON-01,2025-10-29,46,45,38.0,24.744791666666668,27.90625,0.0,0.8028130221386801,15,3.713333333333333,2,96,49.25,31,114.0,114.0,1.0,Horizon London Central,London,Flagship,General,224,2025,10,4,29,2,44,0,0.6511787280701755,1.0,1,0.8867114594998134
HHN-LON-01,2025-10-30,47,59,38.0,23.81770833333333,27.890625,0.0,0.7751540197127827,16,3.025,1,110,59.29090909090909,34,114.0,114.0,1.0,Horizon London Central,London,Flagship,General,224,2025,10,4,30,3,44,0,0.6267817982456139,1.0,-12,0.8539682539682538
HHN-LON-01,2025-10-31,46,55,38.0,22.50520833333333,27.94270833333333,0.0,0.7345697537720564,7,2.9,1,116,54.741379310344826,39,114.0,112.0,0.9375,Horizon London Central,London,Flagship,General,224,2025,10,4,31,4,44,0,0.5922423245614034,0.9824561403508771,-9,0.8054054054054054
HHN-LON-01,2025-11-01,41,56,38.0,20.026041666666668,27.729166666666668,0.0,0.6734891275898903,0,0.0,0,175,44.66285714285714,44,114.0,107.0,0.875,Horizon London Central,London,Flagship,General,224,2025,11,4,1,5,44,1,0.5270010964912281,0.9385964912280702,-15,0.7222013523666416
HHN-LON-01,2025-11-02,35,39,38.0,19.682291666666668,27.84895833333333,0.0,0.6395375351222028,0,0.0,0,140,39.7,33,114.0,110.0,0.90625,Horizon London Central,London,Flagship,General,224,2025,11,4,2,6,44,1,0.5179550438596492,0.9649122807017544,-4,0.7067514494108847
HHN-LON-01,2025-11-03,62,54,38.0,19.484375,27.859375,0.0,0.6505285267737699,13,3.023076923076923,3,144,51.11805555555556,46,114.0,113.0,0.96875,Horizon London Central,London,Flagship,General,224,2025,11,4,3,0,45,0,0.5127467105263158,0.9912280701754386,8,0.699383062254627
HHN-LON-01,2025-11-04,63,42,38.0,21.671875,27.885416666666668,0.0,0.718883511143456,19,3.3368421052631576,2,161,40.590062111801245,44,114.0,112.0,0.9375,Horizon London Central,London,Flagship,General,224,2025,11,4,4,1,45,0,0.5703125,0.9824561403508771,21,0.7771759432200224
HHN-LON-01,2025-11-05,43,56,38.0,22.00520833333333,27.807291666666668,0.0,0.7454805211566168,15,2.74,2,96,46.35416666666666,30,114.0,111.0,0.9375,Horizon London Central,London,Flagship,General,224,2025,11,4,5,2,45,0,0.5790844298245613,0.9736842105263158,-13,0.7913466941374787
HHN-LON-01,2025-11-06,83,49,38.0,22.260416666666668,27.89583333333333,0.0,0.7217831429155925,12,3.766666666666667,1,202,56.78217821782178,76,114.0,114.0,1.0,Horizon London Central,London,Flagship,General,224,2025,11,4,6,3,45,0,0.5858004385964912,1.0,34,0.7979835698282302
HHN-LON-01,2025-11-07,58,50,38.0,25.953125,27.869791666666668,0.0,0.8565611625384507,12,3.3083333333333336,0,146,47.00684931506849,44,114.0,109.0,0.875,Horizon London Central,London,Flagship,General,224,2025,11,4,7,4,45,0,0.6829769736842105,0.956140350877193,8,0.9312278078863764
HHN-LON-01,2025-11-08,47,58,38.0,25.015625,27.838541666666668,0.0,0.8101162193678642,0,0.0,0,178,39.938202247191015,47,114.0,112.0,0.96875,Horizon London Central,London,Flagship,General,224,2025,11,4,8,5,45,1,0.6583059210526315,0.9824561403508771,-11,0.8985968194574369
HHN-LON-01,2025-11-09,32,62,38.0,23.30208333333333,27.78125,0.0,0.7749381452391563,0,0.0,0,179,33.70949720670391,36,114.0,110.0,0.9375,Horizon London Central,London,Flagship,General,224,2025,11,4,9,6,45,1,0.6132127192982455,0.9649122807017544,-30,0.8387701537307835
HHN-LON-01,2025-11-10,69,62,38.0,22.6875,27.90625,0.0,0.7674148418279291,17,2.623529411764706,1,166,50.66867469879518,52,114.0,114.0,1.0,Horizon London Central,London,Flagship,General,224,2025,11,4,10,0,46,0,0.5970394736842105,1.0,7,0.812989921612542
HHN-LON-01,2025-11-11,50,48,38.0,22.359375,27.89583333333333,0.0,0.7458937592693399,13,2.976923076923077,2,124,45.604838709677416,32,114.0,112.0,0.9375,Horizon London Central,London,Flagship,General,224,2025,11,4,11,1,46,0,0.5884046052631579,0.9824561403508771,2,0.8015309932785663
HHN-LON-01,2025-11-12,42,47,38.0,22.109375,27.921875,0.0,0.7184545130186577,11,4.672727272727273,1,110,46.0,33,114.0,112.0,0.9375,Horizon London Central,London,Flagship,General,224,2025,11,4,12,2,46,0,0.5818256578947368,0.9824561403508771,-5,0.7918298824846111
HHN-LON-01,2025-11-13,59,49,38.0,22.77083333333333,27.854166666666668,0.0,0.7349999578695243,15,3.3866666666666663,3,186,36.11290322580645,46,114.0,114.0,1.0,Horizon London Central,London,Flagship,General,224,2025,11,4,13,3,46,0,0.5992324561403507,1.0,10,0.8175018698578906
HHN-LON-01,2025-11-14,55,66,38.0,22.375,27.83333333333333,0.0,0.7284164720063052,12,2.8625000000000003,1,142,59.767605633802816,45,114.0,110.0,0.9375,Horizon London Central,London,Flagship,General,224,2025,11,4,14,4,46,0,0.5888157894736842,0.9649122807017544,-11,0.8038922155688624
HHN-LON-01,2025-11-15,65,57,38.0,22.21875,27.86458333333333,0.0,0.7032670805470365,0,0.0,0,171,57.58479532163743,63,114.0,108.0,0.84375,Horizon London Central,London,Flagship,General,224,2025,11,4,15,5,46,1,0.584703947368421,0.9473684210526315,8,0.7973831775700936
HHN-LON-01,2025-11-16,35,52,38.0,22.22395833333333,27.84895833333333,0.0,0.7183390944179289,0,0.0,0,127,50.669291338582674,39,114.0,109.0,0.90625,Horizon London Central,London,Flagship,General,224,2025,11,4,16,6,46,1,0.5848410087719297,0.956140350877193,-17,0.7980175799513746
HHN-LON-01,2025-11-17,71,56,38.0,22.291666666666668,27.885416666666668,0.0,0.7307293034353909,15,2.0266666666666664,2,159,55.74213836477988,55,114.0,111.0,0.90625,Horizon London Central,London,Flagship,General,224,2025,11,4,17,0,47,0,0.5866228070175439,0.9736842105263158,15,0.7994023160254016
HHN-LON-01,2025-11-18,85,55,38.0,24.369791666666668,27.86458333333333,0.0,0.774852369282597,12,2.9250000000000003,0,198,53.94444444444444,69,114.0,112.0,0.9375,Horizon London Central,London,Flagship,General,224,2025,11,4,18,1,47,0,0.6413103070175439,0.9824561403508771,30,0.8745794392523366
HHN-LON-01,2025-11-19,48,61,38.0,24.78125,27.901041666666668,0.0,0.82181098362225,15,3.333333333333333,0,137,32.43795620437956,34,114.0,114.0,1.0,Horizon London Central,London,Flagship,General,224,2025,11,4,19,2,47,0,0.6521381578947368,1.0,-13,0.8881836848982639
HHN-LON-01,2025-11-20,48,58,38.0,23.97395833333333,27.901041666666668,0.0,0.7869294505293682,15,3.16,0,115,41.62608695652174,32,114.0,111.0,0.96875,Horizon London Central,London,Flagship,General,224,2025,11,4,20,3,47,0,0.630893640350877,0.9736842105263158,-10,0.8592495799887995
HHN-LON-01,2025-11-21,47,55,38.0,22.97395833333333,27.869791666666668,0.0,0.7292180758423341,13,3.8307692307692314,2,120,59.06666666666667,38,114.0,110.0,0.90625,Horizon London Central,London,Flagship,General,224,2025,11,4,21,4,47,0,0.6045778508771928,0.9649122807017544,-8,0.8243319005793308
HHN-LON-01,2025-11-22,39,41,38.0,22.34895833333333,27.796875,0.0,0.7218781513419903,0,0.0,0,128,37.84375,33,114.0,114.0,1.0,Horizon London Central,London,Flagship,General,224,2025,11,4,22,5,47,1,0.5881304824561402,1.0,-2,0.80400974330148
HHN-LON-01,2025-11-23,38,59,38.0,21.20833333333333,27.78125,0.0,0.6977936131146594,0,0.0,0,155,48.774193548387096,42,114.0,113.0,0.96875,Horizon London Central,London,Flagship,General,224,2025,11,4,23,6,47,1,0.5581140350877192,0.9912280701754386,-21,0.7634045744281963
HHN-LON-01,2025-11-24,65,49,38.0,20.09375,27.885416666666668,0.0,0.6674710025399181,10,3.02,2,212,37.155660377358494,54,114.0,114.0,1.0,Horizon London Central,London,Flagship,General,224,2025,11,4,24,0,48,0,0.5287828947368421,1.0,16,0.7205827418752334
HHN-LON-01,2025-11-25,72,52,38.0,21.84375,27.963541666666668,0.0,0.7353483970342523,11,2.936363636363636,1,215,52.627906976744185,67,114.0,113.0,0.96875,Horizon London Central,London,Flagship,General,224,2025,11,4,25,1,48,0,0.5748355263157895,0.9912280701754386,20,0.7811510523374929
HHN-LON-01,2025-11-26,62,56,38.0,24.6875,27.94270833333333,0.0,0.8199998182752634,12,3.8,0,146,53.65753424657535,46,114.0,113.0,0.96875,Horizon London Central,London,Flagship,General,224,2025,11,4,26,2,48,0,0.649671052631579,0.9912280701754386,6,0.8835041938490216
HHN-LON-01,2025-11-27,62,51,38.0,25.11458333333333,27.86458333333333,0.0,0.8187466168019574,13,2.946153846153846,1,165,46.03636363636364,51,114.0,107.0,0.84375,Horizon London Central,London,Flagship,General,224,2025,11,4,27,3,48,0,0.6609100877192982,0.9385964912280702,11,0.9013084112149533
HHN-LON-01,2025-11-28,47,54,38.0,25.25520833333333,27.89583333333333,0.0,0.8228629800998223,7,3.0142857142857147,1,154,45.31168831168832,44,114.0,108.0,0.90625,Horizon London Central,London,Flagship,General,224,2025,11,4,28,4,48,0,0.664610745614035,0.9473684210526315,-7,0.9053398058252426
HHN-LON-01,2025-11-29,43,63,38.0,23.979166666666668,27.88020833333333,0.0,0.7780540713203252,0,0.0,0,125,47.248,36,114.0,112.0,0.9375,Horizon London Central,London,Flagship,General,224,2025,11,4,29,5,48,1,0.631030701754386,0.9824561403508771,-20,0.8600784606762565
HHN-LON-01,2025-11-30,39,52,38.0,21.760416666666668,27.734375,0.0,0.7101353069385512,0,0.0,0,136,43.77205882352941,41,114.0,109.0,0.90625,Horizon London Central,London,Flagship,General,224,2025,11,4,30,6,48,1,0.5726425438596492,0.956140350877193,-13,0.7846009389671362
HHN-LON-01,2025-12-01,54,53,38.0,21.572916666666668,27.859375,0.0,0.7174201820111746,11,2.981818181818181,1,167,43.383233532934135,44,114.0,110.0,0.875,Horizon London Central,London,Flagship,General,224,2025,12,4,1,0,49,0,0.5677083333333334,0.9649122807017544,1,0.7743503458590392
HHN-LON-01,2025-12-02,56,56,38.0,21.713541666666668,27.729166666666668,0.0,0.7521507204957646,12,2.2583333333333333,4,154,47.41558441558441,44,114.0,111.0,0.96875,Horizon London Central,London,Flagship,General,224,2025,12,4,2,1,49,0,0.5714089912280702,0.9736842105263158,0,0.7830578512396694
HHN-LON-01,2025-12-03,60,56,38.0,21.75,27.791666666666668,0.0,0.7427928174942559,11,2.909090909090909,4,159,55.59119496855346,51,114.0,113.0,0.96875,Horizon London Central,London,Flagship,General,224,2025,12,4,3,2,49,0,0.5723684210526315,0.9912280701754386,4,0.7826086956521738
HHN-LON-01,2025-12-04,59,45,38.0,22.88020833333333,27.84895833333333,0.0,0.7556205962678688,14,2.907142857142857,3,139,38.64748201438849,41,114.0,111.0,0.96875,Horizon London Central,London,Flagship,General,224,2025,12,4,4,3,49,0,0.602110745614035,0.9736842105263158,14,0.8215821956237142
HHN-LON-01,2025-12-05,66,55,38.0,23.55208333333333,27.822916666666668,0.0,0.7940112300783272,9,3.2777777777777777,0,186,49.91935483870968,60,114.0,101.0,0.71875,Horizon London Central,London,Flagship,General,224,2025,12,4,5,4,49,0,0.6197916666666665,0.8859649122807017,11,0.8464994384125794
HHN-LON-01,2025-12-06,61,58,38.0,23.55208333333333,27.63020833333333,0.0,0.7854892168278204,0,0.0,0,208,45.59615384615385,63,114.0,108.0,0.875,Horizon London Central,London,Flagship,General,224,2025,12,4,6,5,49,1,0.6197916666666665,0.9473684210526315,3,0.8524033930254477
HHN-LON-01,2025-12-07,50,69,38.0,24.135416666666668,27.682291666666668,0.0,0.8114086054165025,0,0.0,0,156,46.6025641025641,48,114.0,113.0,0.96875,Horizon London Central,London,Flagship,General,224,2025,12,4,7,6,49,1,0.6351425438596492,0.9912280701754386,-19,0.8718720602069614
HHN-LON-01,2025-12-08,49,54,38.0,23.09375,27.81770833333333,0.0,0.7631953013815577,8,2.6,2,124,52.04838709677419,41,114.0,113.0,0.96875,Horizon London Central,London,Flagship,General,224,2025,12,4,8,0,50,0,0.6077302631578947,0.9912280701754386,-5,0.8301816139299758
HHN-LON-01,2025-12-09,91,48,38.0,24.296875,27.81770833333333,0.0,0.8163953036269175,14,2.3857142857142857,2,234,49.65811965811966,78,114.0,105.0,0.75,Horizon London Central,London,Flagship,General,224,2025,12,4,9,1,50,0,0.639391447368421,0.9210526315789473,43,0.8734319415839732
HHN-LON-01,2025-12-10,75,52,38.0,26.59895833333333,27.796875,0.0,0.8837618587121739,12,3.075,0,188,57.67021276595744,65,114.0,105.0,0.84375,Horizon London Central,London,Flagship,General,224,2025,12,4,10,2,50,0,0.6999725877192982,0.9210526315789473,23,0.956904628068203
HHN-LON-01,2025-12-11,64,78,38.0,26.953125,27.83333333333333,0.0,0.8834862764550264,8,2.5875,5,179,52.69832402234637,56,114.0,108.0,0.84375,Horizon London Central,London,Flagship,General,224,2025,12,4,11,3,50,0,0.7092927631578947,0.9473684210526315,-14,0.9683757485029941
HHN-LON-01,2025-12-12,68,71,38.0,27.203125,27.75520833333333,0.0,0.927545371675717,16,2.56875,1,162,49.629629629629626,49,114.0,110.0,0.90625,Horizon London Central,London,Flagship,General,224,2025,12,4,12,4,50,0,0.7158717105263158,0.9649122807017544,-3,0.9801088384312255
HHN-LON-01,2025-12-13,33,67,38.0,25.45833333333333,27.70833333333333,0.0,0.8308920272584892,0,0.0,0,123,39.47154471544715,33,114.0,111.0,0.96875,Horizon London Central,London,Flagship,General,224,2025,12,4,13,5,50,1,0.669956140350877,0.9736842105263158,-34,0.918796992481203
HHN-LON-01,2025-12-14,36,72,38.0,21.36458333333333,27.744791666666668,0.0,0.6864265851156136,0,0.0,0,120,40.36666666666667,34,114.0,101.0,0.71875,Horizon London Central,London,Flagship,General,224,2025,12,4,14,6,50,1,0.5622258771929823,0.8859649122807017,-36,0.7700394218134032
HHN-LON-01,2025-12-15,68,52,38.0,20.75,27.71875,0.0,0.6835336171838042,12,3.091666666666667,2,193,47.50777202072539,58,114.0,113.0,0.96875,Horizon London Central,London,Flagship,General,224,2025,12,4,15,0,51,0,0.5460526315789473,0.9912280701754386,16,0.7485907553551296
HHN-LON-01,2025-12-16,77,58,38.0,22.510416666666668,27.859375,0.0,0.7516801084598105,14,2.357142857142857,2,198,56.823232323232325,68,114.0,108.0,0.90625,Horizon London Central,London,Flagship,General,224,2025,12,4,16,1,51,0,0.5923793859649124,0.9473684210526315,19,0.8080014956066555
HHN-LON-01,2025-12-17,45,56,38.0,24.31770833333333,27.8125,0.0,0.8129452930826769,17,2.4352941176470586,0,103,39.50485436893204,30,114.0,113.0,0.96875,Horizon London Central,London,Flagship,General,224,2025,12,4,17,2,51,0,0.639939692982456,0.9912280701754386,-11,0.8743445692883893
HHN-LON-01,2025-12-18,67,46,38.0,23.171875,27.734375,0.0,0.7571774980591859,6,3.1166666666666667,0,165,51.121212121212125,61,114.0,114.0,1.0,Horizon London Central,London,Flagship,General,224,2025,12,4,18,3,51,0,0.6097861842105263,1.0,21,0.8354929577464789
HHN-LON-01,2025-12-19,50,57,38.0,24.791666666666668,27.80208333333333,0.0,0.807157402350659,2,3.3000000000000003,0,141,50.198581560283685,45,114.0,113.0,0.96875,Horizon London Central,London,Flagship,General,224,2025,12,4,19,4,51,0,0.6524122807017544,0.9912280701754386,-7,0.8917197452229302
HHN-LON-01,2025-12-20,42,58,38.0,23.72395833333333,27.651041666666668,0.0,0.7726580512184227,0,0.0,0,148,39.817567567567565,42,114.0,111.0,0.96875,Horizon London Central,London,Flagship,General,224,2025,12,4,20,5,51,1,0.624314692982456,0.9736842105263158,-16,0.8579770201544545
HHN-LON-01,2025-12-21,39,55,38.0,21.22395833333333,27.52083333333333,0.0,0.6993397912645677,0,0.0,0,148,41.7972972972973,43,113.0,111.0,0.9375,Horizon London Central,London,Flagship,General,224,2025,12,4,21,6,51,1,0.5585252192982455,0.9823008849557522,-16,0.7711960635881907
HHN-LON-01,2025-12-22,74,45,38.0,22.84375,27.90625,0.0,0.757648975969087,8,1.8625,1,219,50.47488584474886,68,114.0,112.0,0.9375,Horizon London Central,London,Flagship,General,224,2025,12,4,22,0,52,0,0.6011513157894737,0.9824561403508771,29,0.8185890257558791
HHN-LON-01,2025-12-23,58,66,38.0,23.734375,27.73958333333333,0.0,0.7948410734639086,7,2.2,0,184,45.39673913043478,49,114.0,108.0,0.875,Horizon London Central,London,Flagship,General,224,2025,12,4,23,1,52,0,0.6245888157894737,0.9473684210526315,-8,0.8556139692076606
HHN-LON-01,2025-12-24,53,53,38.0,23.182291666666668,27.697916666666668,0.0,0.7637373347406241,7,3.2142857142857144,0,160,47.3625,48,114.0,110.0,0.875,Horizon London Central,London,Flagship,General,224,2025,12,4,24,2,52,0,0.6100603070175439,0.9649122807017544,0,0.8369687852576156
HHN-LON-01,2025-12-25,62,55,38.0,22.56770833333333,27.703125,0.0,0.7570555122191901,0,0.0,0,210,47.77619047619048,61,114.0,109.0,0.9375,Horizon London Central,London,Flagship,General,224,2025,12,4,25,3,52,0,0.5938870614035087,0.956140350877193,7,0.8146268095506672
HHN-LON-01,2025-12-26,46,57,38.0,22.713541666666668,27.8125,0.0,0.7393823724196532,0,0.0,0,126,55.93650793650794,46,114.0,110.0,0.90625,Horizon London Central,London,Flagship,General,224,2025,12,4,26,4,52,0,0.5977247807017544,0.9649122807017544,-11,0.8166666666666668
HHN-LON-01,2025-12-27,66,57,38.0,21.390625,27.619791666666668,0.0,0.7061617777365125,0,0.0,0,224,57.30803571428572,71,114.0,103.0,0.8125,Horizon London Central,London,Flagship,General,224,2025,12,4,27,5,52,1,0.5629111842105263,0.9035087719298246,9,0.7744672826701866
HHN-LON-01,2025-12-28,86,56,38.0,23.869791666666668,27.70833333333333,0.0,0.7891080325603076,0,0.0,0,284,40.985915492957744,82,114.0,114.0,1.0,Horizon London Central,London,Flagship,General,224,2025,12,4,28,6,52,1,0.6281524122807017,1.0,30,0.861466165413534
HHN-LON-01,2025-12-29,50,47,38.0,24.932291666666668,27.776041666666668,0.0,0.8231023132229689,1,2.8,2,180,46.68333333333333,50,114.0,114.0,1.0,Horizon London Central,London,Flagship,General,224,2025,12,4,29,0,1,0,0.6561129385964912,1.0,3,0.8976186011625726
HHN-LON-01,2025-12-30,61,66,38.0,25.140625,27.729166666666668,0.0,0.842584613470655,5,2.24,0,199,44.8391959798995,56,114.0,113.0,0.96875,Horizon London Central,London,Flagship,General,224,2025,12,4,30,1,1,0,0.6615953947368421,0.9912280701754386,-5,0.9066491359879789
HHN-LON-01,2025-12-31,55,59,38.0,25.08333333333333,27.776041666666668,0.0,0.8240200025973051,2,1.2,1,162,40.141975308641975,52,114.0,108.0,0.84375,Horizon London Central,London,Flagship,General,224,2025,12,4,31,2,1,0,0.6600877192982455,0.9473684210526315,-4,0.903056441027564
HHN-LON-02,2024-01-01,40,1,18.0,1.984375,18.88020833333333,0.0,0.1266557029900082,0,0.0,0,165,39.52121212121212,46,79.0,71.0,0.84375,Horizon Riverside,London,Large,Oncology,152,2024,1,1,1,0,1,0,0.11024305555555555,0.8987341772151899,39,0.1051034482758621
HHN-LON-02,2024-01-02,50,13,18.0,6.979166666666667,18.86458333333333,0.0,0.4616764558923534,2,3.05,0,148,42.08108108108108,47,79.0,73.0,0.875,Horizon Riverside,London,Large,Oncology,152,2024,1,1,2,1,1,0,0.3877314814814815,0.9240506329113924,37,0.3699613473219217
HHN-LON-02,2024-01-03,23,22,18.0,8.984375,18.66145833333333,0.0,0.5895309158643515,4,2.2750000000000004,1,94,44.723404255319146,20,78.0,77.0,0.96875,Horizon Riverside,London,Large,Oncology,152,2024,1,1,3,2,1,0,0.4991319444444444,0.9871794871794872,1,0.4814401339659504
HHN-LON-02,2024-01-04,42,21,18.0,9.739583333333334,18.776041666666668,0.0,0.6165169000430631,8,2.925,0,115,50.095652173913045,34,78.0,78.0,1.0,Horizon Riverside,London,Large,Oncology,152,2024,1,1,4,3,1,0,0.541087962962963,1.0,21,0.5187239944521498
HHN-LON-02,2024-01-05,51,26,18.0,11.734375,18.828125,0.0,0.7350046398319382,9,2.055555555555556,1,134,58.649253731343286,42,79.0,79.0,1.0,Horizon Riverside,London,Large,Oncology,152,2024,1,1,5,4,1,0,0.6519097222222222,1.0,25,0.6232365145228216
HHN-LON-02,2024-01-06,26,26,18.0,12.9375,18.78125,0.0,0.7671387927050537,0,0.0,0,83,57.51807228915663,27,79.0,78.0,0.96875,Horizon Riverside,London,Large,Oncology,152,2024,1,1,6,5,1,1,0.71875,0.9873417721518988,0,0.6888519134775375
HHN-LON-02,2024-01-07,34,33,18.0,12.901041666666666,18.77083333333333,0.1770833333333333,0.773917231144773,0,0.0,0,136,43.58088235294117,36,79.0,78.0,0.96875,Horizon Riverside,London,Large,Oncology,152,2024,1,1,7,6,1,1,0.716724537037037,0.9873417721518988,1,0.6872918978912321
HHN-LON-02,2024-01-08,51,44,18.0,13.354166666666666,18.83333333333333,0.25,0.803285569070222,5,3.02,0,160,48.1125,43,79.0,78.0,0.96875,Horizon Riverside,London,Large,Oncology,152,2024,1,1,8,0,2,0,0.7418981481481481,0.9873417721518988,7,0.7090707964601771
HHN-LON-02,2024-01-09,39,34,18.0,13.276041666666666,18.89583333333333,0.25,0.7661046695125219,7,2.8857142857142857,0,109,54.80733944954128,36,79.0,78.0,0.96875,Horizon Riverside,London,Large,Oncology,152,2024,1,1,9,1,2,0,0.7375578703703703,0.9873417721518988,5,0.7025909592061743
HHN-LON-02,2024-01-10,55,50,18.0,14.041666666666666,18.875,0.25,0.7931760278471138,12,3.091666666666667,0,132,45.28030303030303,43,79.0,79.0,1.0,Horizon Riverside,London,Large,Oncology,152,2024,1,1,10,2,2,0,0.7800925925925926,1.0,5,0.7439293598233995
HHN-LON-02,2024-01-11,29,43,18.0,13.625,18.90625,0.25,0.7868863451750432,6,1.1333333333333333,1,71,42.6056338028169,21,79.0,72.0,0.90625,Horizon Riverside,London,Large,Oncology,152,2024,1,1,11,3,2,0,0.7569444444444444,0.9113924050632911,-14,0.7206611570247934
HHN-LON-02,2024-01-12,33,45,18.0,12.838541666666666,18.90625,0.25,0.713291885267909,10,3.65,0,86,55.127906976744185,25,79.0,78.0,0.96875,Horizon Riverside,London,Large,Oncology,152,2024,1,1,12,4,2,0,0.7132523148148148,0.9873417721518988,-12,0.6790633608815426
HHN-LON-02,2024-01-13,39,34,18.0,12.869791666666666,18.791666666666668,0.2708333333333333,0.730202396843603,0,0.0,0,106,56.81132075471698,37,79.0,78.0,0.96875,Horizon Riverside,London,Large,Oncology,152,2024,1,1,13,5,2,1,0.7149884259259259,0.9873417721518988,5,0.6848669623059866
HHN-LON-02,2024-01-14,51,34,18.0,13.557291666666666,18.81770833333333,0.1770833333333333,0.7812949807020164,0,0.0,0,197,43.47715736040609,56,79.0,78.0,0.96875,Horizon Riverside,London,Large,Oncology,152,2024,1,1,14,6,2,1,0.7531828703703703,0.9873417721518988,17,0.7204539164129534
HHN-LON-02,2024-01-15,30,40,18.0,13.84375,18.83333333333333,0.0989583333333333,0.759309420332015,8,3.4625,0,59,55.22033898305085,18,79.0,78.0,0.96875,Horizon Riverside,London,Large,Oncology,152,2024,1,1,15,0,3,0,0.7690972222222222,0.9873417721518988,-10,0.7350663716814161
HHN-LON-02,2024-01-16,46,32,18.0,13.796875,18.88020833333333,0.0,0.7486706947941576,7,3.128571428571429,3,149,46.87919463087248,43,79.0,76.0,0.9375,Horizon Riverside,London,Large,Oncology,152,2024,1,1,16,1,3,0,0.7664930555555556,0.9620253164556962,14,0.7307586206896554
HHN-LON-02,2024-01-17,41,38,18.0,14.114583333333334,18.84895833333333,0.0,0.7882865991860667,10,3.45,1,124,35.08870967741935,26,79.0,78.0,0.96875,Horizon Riverside,London,Large,Oncology,152,2024,1,1,17,2,3,0,0.7841435185185186,0.9873417721518988,3,0.7488256424426639
HHN-LON-02,2024-01-18,34,36,18.0,14.0625,18.78125,0.0,0.76077194188237,5,3.34,1,120,39.525,31,79.0,79.0,1.0,Horizon Riverside,London,Large,Oncology,152,2024,1,1,18,3,3,0,0.78125,1.0,-2,0.7487520798668885
HHN-LON-02,2024-01-19,33,47,18.0,14.5,18.859375,0.0,0.7605893312910967,7,4.228571428571429,0,95,41.41052631578948,26,79.0,79.0,1.0,Horizon Riverside,London,Large,Oncology,152,2024,1,1,19,4,3,0,0.8055555555555556,1.0,-14,0.7688483844241922
HHN-LON-02,2024-01-20,38,36,18.0,13.619791666666666,18.81770833333333,0.0,0.7216157961989196,0,0.0,0,152,37.13157894736842,38,79.0,74.0,0.84375,Horizon Riverside,London,Large,Oncology,152,2024,1,1,20,5,3,1,0.7566550925925926,0.9367088607594937,2,0.7237752560199282
HHN-LON-02,2024-01-21,21,38,18.0,13.395833333333334,18.760416666666668,0.0,0.7186332605630324,0,0.0,0,87,48.14942528735632,22,78.0,78.0,1.0,Horizon Riverside,London,Large,Oncology,152,2024,1,1,21,6,3,1,0.744212962962963,1.0,-17,0.714047751249306
HHN-LON-02,2024-01-22,68,36,18.0,13.640625,18.869791666666668,0.0,0.7451503129005558,17,2.902941176470588,2,154,55.40909090909091,53,79.0,77.0,0.9375,Horizon Riverside,London,Large,Oncology,152,2024,1,1,22,0,4,0,0.7578125,0.9746835443037974,32,0.7228815898426718
HHN-LON-02,2024-01-23,62,44,18.0,14.979166666666666,18.869791666666668,0.0,0.8191389321683085,12,3.5,1,145,48.97931034482759,47,79.0,78.0,0.96875,Horizon Riverside,London,Large,Oncology,152,2024,1,1,23,1,4,0,0.8321759259259259,0.9873417721518988,18,0.7938172784984818
HHN-LON-02,2024-01-24,32,52,18.0,15.125,18.875,0.0,0.8087189241553466,8,1.9875,0,103,42.601941747572816,24,79.0,77.0,0.9375,Horizon Riverside,London,Large,Oncology,152,2024,1,1,24,2,4,0,0.8402777777777778,0.9746835443037974,-20,0.8013245033112583
HHN-LON-02,2024-01-25,38,38,18.0,14.96875,18.729166666666668,0.0,0.7982362643940313,12,2.333333333333333,2,102,45.431372549019606,28,78.0,76.0,0.96875,Horizon Riverside,London,Large,Oncology,152,2024,1,1,25,3,4,0,0.8315972222222222,0.9743589743589743,0,0.7992213570634037
HHN-LON-02,2024-01-26,40,42,18.0,14.682291666666666,18.885416666666668,0.0,0.7566517082712569,8,2.95,0,107,38.47663551401869,32,79.0,78.0,0.96875,Horizon Riverside,London,Large,Oncology,152,2024,1,1,26,4,4,0,0.8156828703703703,0.9873417721518988,-2,0.7774407060121346
HHN-LON-02,2024-01-27,39,40,18.0,14.619791666666666,18.81770833333333,0.0,0.7815944318577662,0,0.0,0,130,40.72307692307693,37,79.0,70.0,0.8125,Horizon Riverside,London,Large,Oncology,152,2024,1,1,27,5,4,1,0.8122106481481481,0.8860759493670886,-1,0.7769166897315252
HHN-LON-02,2024-01-28,33,40,18.0,14.6875,18.84375,0.0,0.8024903627638795,0,0.0,0,145,40.282758620689656,34,79.0,78.0,0.96875,Horizon Riverside,London,Large,Oncology,152,2024,1,1,28,6,4,1,0.8159722222222222,0.9873417721518988,-7,0.7794361525704809
HHN-LON-02,2024-01-29,48,35,18.0,14.328125,18.838541666666668,0.0,0.792853705271736,7,4.085714285714286,0,198,37.40909090909091,44,78.0,78.0,1.0,Horizon Riverside,London,Large,Oncology,152,2024,1,1,29,0,5,0,0.7960069444444444,1.0,13,0.7605750622062483
HHN-LON-02,2024-01-30,50,47,18.0,14.921875,18.88020833333333,0.0,0.8400054786369441,9,2.2777777777777777,0,129,45.08527131782946,40,79.0,77.0,0.9375,Horizon Riverside,London,Large,Oncology,152,2024,1,1,30,1,5,0,0.8289930555555556,0.9746835443037974,3,0.790344827586207
HHN-LON-02,2024-01-31,43,45,18.0,14.979166666666666,18.86458333333333,0.0,0.8179260531880286,8,3.8625,3,139,45.53237410071942,36,79.0,74.0,0.90625,Horizon Riverside,London,Large,Oncology,152,2024,1,1,31,2,5,0,0.8321759259259259,0.9367088607594937,-2,0.7940364439536169
HHN-LON-02,2024-02-01,40,45,18.0,15.0625,18.83333333333333,0.0,0.8233706624979594,8,2.8625,0,102,51.47058823529412,29,79.0,78.0,0.96875,Horizon Riverside,London,Large,Oncology,152,2024,2,1,1,3,5,0,0.8368055555555556,0.9873417721518988,-5,0.7997787610619471
HHN-LON-02,2024-02-02,37,36,18.0,14.880208333333334,18.859375,0.0,0.7966793991847871,4,5.75,0,101,56.148514851485146,35,79.0,79.0,1.0,Horizon Riverside,London,Large,Oncology,152,2024,2,1,2,4,5,0,0.8266782407407408,1.0,1,0.7890085611709473
HHN-LON-02,2024-02-03,41,37,18.0,14.708333333333334,18.807291666666668,0.0,0.7987281948134375,0,0.0,0,166,44.48795180722892,43,79.0,71.0,0.8125,Horizon Riverside,London,Large,Oncology,152,2024,2,1,3,5,5,1,0.8171296296296297,0.8987341772151899,4,0.7820548324563833
HHN-LON-02,2024-02-04,37,42,18.0,14.541666666666666,18.84375,0.0,0.7939304140543365,0,0.0,0,126,49.86507936507937,39,79.0,76.0,0.90625,Horizon Riverside,London,Large,Oncology,152,2024,2,1,4,6,5,1,0.8078703703703703,0.9620253164556962,-5,0.7716970702045328
HHN-LON-02,2024-02-05,52,43,18.0,15.114583333333334,18.875,0.0,0.833107638888889,12,3.533333333333333,0,131,44.786259541984734,38,79.0,78.0,0.96875,Horizon Riverside,London,Large,Oncology,152,2024,2,1,5,0,6,0,0.8396990740740741,0.9873417721518988,9,0.8007726269315674
HHN-LON-02,2024-02-06,54,39,18.0,15.770833333333334,18.92708333333333,0.0,0.851677505545473,15,3.2133333333333334,0,104,51.17307692307692,36,79.0,78.0,0.96875,Horizon Riverside,London,Large,Oncology,152,2024,2,1,6,1,6,0,0.8761574074074074,0.9873417721518988,15,0.8332416070445792
HHN-LON-02,2024-02-07,54,40,18.0,15.880208333333334,18.84895833333333,0.0,0.8640284224874742,13,2.8846153846153846,0,121,61.99173553719008,42,79.0,77.0,0.9375,Horizon Riverside,London,Large,Oncology,152,2024,2,1,7,2,6,0,0.8822337962962963,0.9746835443037974,14,0.8424979276043109
HHN-LON-02,2024-02-08,52,51,18.0,15.895833333333334,18.796875,0.0,0.8949658872722387,12,3.533333333333333,2,120,57.7,41,78.0,77.0,0.96875,Horizon Riverside,London,Large,Oncology,152,2024,2,1,8,3,6,0,0.8831018518518519,0.9871794871794872,1,0.8456636187309504
HHN-LON-02,2024-02-09,75,44,18.0,16.265625,18.869791666666668,0.0,0.8427031142548383,11,3.89090909090909,1,210,50.13809523809524,69,79.0,79.0,1.0,Horizon Riverside,London,Large,Oncology,152,2024,2,1,9,4,6,0,0.9036458333333334,1.0,31,0.8619928236268285
HHN-LON-02,2024-02-10,46,44,18.0,16.557291666666668,18.71875,0.0,0.8492456296239673,0,0.0,0,154,48.74025974025974,44,78.0,77.0,0.96875,Horizon Riverside,London,Large,Oncology,152,2024,2,1,10,5,6,1,0.9198495370370371,0.9871794871794872,2,0.8845297718419589
HHN-LON-02,2024-02-11,28,59,18.0,16.15625,18.77083333333333,0.0,0.8481385133832723,0,0.0,0,89,47.39325842696629,26,79.0,76.0,0.90625,Horizon Riverside,London,Large,Oncology,152,2024,2,1,11,6,6,1,0.8975694444444444,0.9620253164556962,-31,0.8607103218645951
HHN-LON-02,2024-02-12,69,59,18.0,15.979166666666666,18.80208333333333,0.0,0.8586409655042387,17,3.1411764705882352,0,157,49.09554140127389,52,79.0,74.0,0.90625,Horizon Riverside,London,Large,Oncology,152,2024,2,1,12,0,7,0,0.8877314814814814,0.9367088607594937,10,0.8498614958448756
HHN-LON-02,2024-02-13,48,61,18.0,16.135416666666668,18.838541666666668,0.0,0.8630640237994763,8,2.8375,1,158,46.98101265822785,43,79.0,79.0,1.0,Horizon Riverside,London,Large,Oncology,152,2024,2,1,13,1,7,0,0.8964120370370371,1.0,-13,0.8565109206524745
HHN-LON-02,2024-02-14,60,49,18.0,15.588541666666666,18.84895833333333,0.0,0.8461183740873274,13,3.838461538461538,2,143,56.87412587412587,51,79.0,77.0,0.9375,Horizon Riverside,London,Large,Oncology,152,2024,2,1,14,2,7,0,0.8660300925925926,0.9746835443037974,11,0.8270240397899974
HHN-LON-02,2024-02-15,54,66,18.0,15.96875,18.760416666666668,0.0,0.8532710738885122,12,2.7416666666666667,3,160,55.6125,44,78.0,77.0,0.96875,Horizon Riverside,London,Large,Oncology,152,2024,2,1,15,3,7,0,0.8871527777777778,0.9871794871794872,-12,0.8511937812326484
HHN-LON-02,2024-02-16,46,39,18.0,16.614583333333332,18.91145833333333,0.0,0.8670803715466828,9,3.433333333333333,1,127,44.05511811023622,35,79.0,72.0,0.84375,Horizon Riverside,London,Large,Oncology,152,2024,2,1,16,4,7,0,0.9230324074074073,0.9113924050632911,7,0.8785458551363262
HHN-LON-02,2024-02-17,23,60,18.0,15.505208333333334,18.791666666666668,0.0,0.8230183005452402,0,0.0,0,91,32.2967032967033,20,79.0,78.0,0.96875,Horizon Riverside,London,Large,Oncology,152,2024,2,1,17,5,7,1,0.861400462962963,0.9873417721518988,-37,0.825110864745011
HHN-LON-02,2024-02-18,41,41,18.0,14.46875,18.78125,0.0,0.7578068036688727,0,0.0,0,116,61.36206896551724,43,79.0,77.0,0.9375,Horizon Riverside,London,Large,Oncology,152,2024,2,1,18,6,7,1,0.8038194444444444,0.9746835443037974,0,0.7703826955074875
HHN-LON-02,2024-02-19,38,37,18.0,15.046875,18.78645833333333,0.0,0.8247521091217211,9,2.9444444444444446,1,95,37.77894736842105,26,79.0,79.0,1.0,Horizon Riverside,London,Large,Oncology,152,2024,2,1,19,0,8,0,0.8359375,1.0,1,0.8009426115885779
HHN-LON-02,2024-02-20,40,38,18.0,15.015625,18.94270833333333,0.0,0.814241099936143,5,3.5200000000000005,0,113,48.8141592920354,36,79.0,74.0,0.90625,Horizon Riverside,London,Large,Oncology,152,2024,2,1,20,1,8,0,0.8342013888888888,0.9367088607594937,2,0.7926862799010175
HHN-LON-02,2024-02-21,39,37,18.0,15.125,18.869791666666668,0.21875,0.8193871247885256,13,3.369230769230769,0,112,28.785714285714285,25,79.0,77.0,0.9375,Horizon Riverside,London,Large,Oncology,152,2024,2,1,21,2,8,0,0.8402777777777778,0.9746835443037974,2,0.8015456803753794
HHN-LON-02,2024-02-22,65,32,18.0,15.125,18.921875,0.25,0.82069346482062,10,2.89,1,181,55.13812154696133,59,79.0,77.0,0.9375,Horizon Riverside,London,Large,Oncology,152,2024,2,1,22,3,8,0,0.8402777777777778,0.9746835443037974,33,0.7993393889347646
HHN-LON-02,2024-02-23,54,46,18.0,15.296875,18.83333333333333,0.25,0.8149101408285913,5,2.22,1,164,43.23170731707317,46,79.0,77.0,0.9375,Horizon Riverside,London,Large,Oncology,152,2024,2,1,23,4,8,0,0.8498263888888888,0.9746835443037974,8,0.8122234513274338
HHN-LON-02,2024-02-24,40,46,18.0,15.119791666666666,18.64583333333333,0.25,0.8379165023992611,0,0.0,0,126,52.63492063492063,40,77.0,76.0,0.96875,Horizon Riverside,London,Large,Oncology,152,2024,2,1,24,5,8,1,0.8399884259259259,0.987012987012987,-6,0.8108938547486035
HHN-LON-02,2024-02-25,19,55,18.0,14.651041666666666,18.734375,0.25,0.8092671825187572,0,0.0,0,104,30.278846153846157,21,78.0,77.0,0.96875,Horizon Riverside,London,Large,Oncology,152,2024,2,1,25,6,8,1,0.8139467592592592,0.9871794871794872,-36,0.7820405893800388
HHN-LON-02,2024-02-26,48,50,18.0,13.9375,18.75520833333333,0.25,0.7941935813333793,10,2.4400000000000004,1,142,48.82394366197183,38,78.0,77.0,0.96875,Horizon Riverside,London,Large,Oncology,152,2024,2,1,26,0,9,0,0.7743055555555556,0.9871794871794872,-2,0.7431269091918913
HHN-LON-02,2024-02-27,37,45,18.0,14.208333333333334,18.80208333333333,0.0729166666666666,0.8013890534566118,10,3.99,2,123,27.1869918699187,26,79.0,76.0,0.90625,Horizon Riverside,London,Large,Oncology,152,2024,2,1,27,1,9,0,0.7893518518518519,0.9620253164556962,-8,0.755678670360111
HHN-LON-02,2024-02-28,33,36,18.0,14.682291666666666,18.91145833333333,0.0,0.7980207668156662,12,4.383333333333334,0,79,38.69620253164557,20,79.0,79.0,1.0,Horizon Riverside,London,Large,Oncology,152,2024,2,1,28,2,9,0,0.8156828703703703,1.0,-3,0.776370145965299
HHN-LON-02,2024-02-29,55,31,18.0,14.786458333333334,18.901041666666668,0.0,0.7915003724989357,9,3.888888888888889,1,141,47.99290780141844,47,79.0,74.0,0.875,Horizon Riverside,London,Large,Oncology,152,2024,2,1,29,3,9,0,0.8214699074074074,0.9367088607594937,24,0.7823091760815651
HHN-LON-02,2024-03-01,54,52,18.0,14.864583333333334,18.95833333333333,0.0,0.8236309757053292,11,2.2818181818181817,0,146,46.342465753424655,45,79.0,76.0,0.90625,Horizon Riverside,London,Large,Oncology,152,2024,3,1,1,4,9,0,0.8258101851851852,0.9620253164556962,2,0.7840659340659343
HHN-LON-02,2024-03-02,55,41,18.0,14.989583333333334,18.890625,0.0,0.8126074865029606,0,0.0,0,166,53.8855421686747,53,79.0,79.0,1.0,Horizon Riverside,London,Large,Oncology,152,2024,3,1,2,5,9,1,0.8327546296296297,1.0,14,0.7934932451061484
HHN-LON-02,2024-03-03,32,51,18.0,14.859375,18.791666666666668,0.0,0.7958162333867848,0,0.0,0,114,44.14912280701754,35,79.0,75.0,0.90625,Horizon Riverside,London,Large,Oncology,152,2024,3,1,3,6,9,1,0.8255208333333334,0.9493670886075949,-19,0.7907427937915742
HHN-LON-02,2024-03-04,48,57,18.0,14.640625,18.921875,0.0,0.8254797435562522,12,3.1750000000000003,0,94,48.64893617021277,34,79.0,74.0,0.90625,Horizon Riverside,London,Large,Oncology,152,2024,3,1,4,0,10,0,0.8133680555555556,0.9367088607594937,-9,0.7737407101568952
HHN-LON-02,2024-03-05,33,40,18.0,14.625,18.901041666666668,0.0,0.8277593903940886,7,1.957142857142857,1,93,52.24731182795699,26,79.0,79.0,1.0,Horizon Riverside,London,Large,Oncology,152,2024,3,1,5,1,10,0,0.8125,1.0,-7,0.7737668779278037
HHN-LON-02,2024-03-06,28,45,18.0,13.671875,18.92708333333333,0.0,0.7792946889875769,11,2.5727272727272728,0,70,36.58571428571429,15,79.0,79.0,1.0,Horizon Riverside,London,Large,Oncology,152,2024,3,1,6,2,10,0,0.7595486111111112,1.0,-17,0.7223445239405616
HHN-LON-02,2024-03-07,38,30,18.0,12.375,18.81770833333333,0.0,0.7148397315503469,2,2.05,0,104,52.72115384615385,36,78.0,78.0,1.0,Horizon Riverside,London,Large,Oncology,152,2024,3,1,7,3,10,0,0.6875,1.0,8,0.6576252421810131
HHN-LON-02,2024-03-08,50,44,18.0,12.854166666666666,18.885416666666668,0.0,0.7581167986261166,11,2.890909090909091,1,152,44.26973684210526,41,79.0,79.0,1.0,Horizon Riverside,London,Large,Oncology,152,2024,3,1,8,4,10,0,0.7141203703703703,1.0,6,0.6806398234969663
HHN-LON-02,2024-03-09,41,39,18.0,12.760416666666666,18.859375,0.0,0.7146108719142917,0,0.0,0,146,58.04794520547945,46,79.0,75.0,0.9375,Horizon Riverside,London,Large,Oncology,152,2024,3,1,9,5,10,1,0.708912037037037,0.9493670886075949,2,0.6766086716376691
HHN-LON-02,2024-03-10,32,41,18.0,13.020833333333334,18.854166666666668,0.0,0.7567975213307564,0,0.0,0,85,53.1764705882353,28,79.0,75.0,0.9375,Horizon Riverside,London,Large,Oncology,152,2024,3,1,10,6,10,1,0.7233796296296297,0.9493670886075949,-9,0.6906077348066298
HHN-LON-02,2024-03-11,52,38,18.0,13.609375,18.901041666666668,0.0,0.7837489744896565,14,3.803571428571429,0,122,55.05737704918032,39,79.0,78.0,0.96875,Horizon Riverside,London,Large,Oncology,152,2024,3,1,11,0,11,0,0.7560763888888888,0.9873417721518988,14,0.7200330669605952
HHN-LON-02,2024-03-12,20,34,18.0,13.75,18.901041666666668,0.0,0.795445003192848,8,2.6875,1,36,68.0,11,79.0,78.0,0.96875,Horizon Riverside,London,Large,Oncology,152,2024,3,1,12,1,11,0,0.7638888888888888,0.9873417721518988,-14,0.7274731330945163
HHN-LON-02,2024-03-13,32,40,18.0,13.947916666666666,18.932291666666668,0.0,0.8014048531289911,8,2.65,1,90,37.55555555555556,22,79.0,79.0,1.0,Horizon Riverside,London,Large,Oncology,152,2024,3,1,13,2,11,0,0.7748842592592592,1.0,-8,0.736726272352132
HHN-LON-02,2024-03-14,50,47,18.0,14.4375,18.96875,0.0,0.8304921974776501,13,2.323076923076923,0,128,48.3984375,38,79.0,78.0,0.96875,Horizon Riverside,London,Large,Oncology,152,2024,3,1,14,3,11,0,0.8020833333333334,0.9873417721518988,3,0.7611202635914333
HHN-LON-02,2024-03-15,46,38,18.0,14.526041666666666,18.9375,0.0,0.8065741829211657,8,1.75,0,168,52.27976190476191,45,79.0,79.0,1.0,Horizon Riverside,London,Large,Oncology,152,2024,3,1,15,4,11,0,0.8070023148148148,1.0,8,0.767051705170517
HHN-LON-02,2024-03-16,48,35,18.0,14.8125,18.791666666666668,0.0,0.8266990151147939,0,0.0,0,150,55.1,47,79.0,75.0,0.875,Horizon Riverside,London,Large,Oncology,152,2024,3,1,16,5,11,1,0.8229166666666666,0.9493670886075949,13,0.7882483370288248
HHN-LON-02,2024-03-17,32,36,18.0,14.703125,18.885416666666668,0.0,0.8122887085868831,0,0.0,0,68,59.16176470588236,27,79.0,78.0,0.96875,Horizon Riverside,London,Large,Oncology,152,2024,3,1,17,6,11,1,0.8168402777777778,0.9873417721518988,-4,0.7785438499724213
HHN-LON-02,2024-03-18,34,47,18.0,14.276041666666666,18.947916666666668,0.0,0.8041928186126235,11,3.5,0,108,38.25,25,79.0,78.0,0.96875,Horizon Riverside,London,Large,Oncology,152,2024,3,1,18,0,12,0,0.7931134259259259,0.9873417721518988,-13,0.7534359538207805
HHN-LON-02,2024-03-19,42,28,18.0,15.265625,18.96875,0.0,0.8378719169061303,15,3.6266666666666665,1,99,47.54545454545455,30,79.0,79.0,1.0,Horizon Riverside,London,Large,Oncology,152,2024,3,1,19,1,12,0,0.8480902777777778,1.0,14,0.8047775947281713
HHN-LON-02,2024-03-20,33,39,18.0,15.807291666666666,18.947916666666668,0.0,0.8573467131738114,5,3.7,2,70,57.27142857142857,26,79.0,71.0,0.875,Horizon Riverside,London,Large,Oncology,152,2024,3,1,20,2,12,0,0.8781828703703703,0.8987341772151899,-6,0.8342495876855415
HHN-LON-02,2024-03-21,62,44,18.0,15.765625,18.91145833333333,0.0,0.8515009711579395,15,2.76,0,147,63.01360544217687,53,79.0,79.0,1.0,Horizon Riverside,London,Large,Oncology,152,2024,3,1,21,3,12,0,0.8758680555555556,1.0,18,0.8336546405948777
HHN-LON-02,2024-03-22,43,40,18.0,15.958333333333334,18.89583333333333,0.0,0.8562302634611839,7,1.9714285714285715,0,104,44.29807692307692,32,79.0,78.0,0.96875,Horizon Riverside,London,Large,Oncology,152,2024,3,1,22,4,12,0,0.8865740740740741,0.9873417721518988,3,0.8445424476295482
HHN-LON-02,2024-03-23,30,52,18.0,15.067708333333334,18.838541666666668,0.0104166666666666,0.8179826430583118,0,0.0,0,93,52.32258064516129,32,79.0,79.0,1.0,Horizon Riverside,London,Large,Oncology,152,2024,3,1,23,5,12,1,0.8370949074074074,1.0,-22,0.7998341166712745
HHN-LON-02,2024-03-24,27,50,18.0,13.588541666666666,18.869791666666668,0.125,0.7703309677232091,0,0.0,0,84,60.90476190476191,26,79.0,78.0,0.96875,Horizon Riverside,London,Large,Oncology,152,2024,3,1,24,6,12,1,0.7549189814814814,0.9873417721518988,-23,0.7201214463152084
HHN-LON-02,2024-03-25,59,43,18.0,13.625,18.921875,0.0416666666666666,0.788433606772777,11,3.0181818181818185,2,159,43.515723270440255,48,79.0,79.0,1.0,Horizon Riverside,London,Large,Oncology,152,2024,3,1,25,0,13,0,0.7569444444444444,1.0,16,0.7200660611065235
HHN-LON-02,2024-03-26,31,32,18.0,13.833333333333334,18.94270833333333,0.0,0.8020004269383948,5,2.88,1,85,43.96470588235294,26,79.0,79.0,1.0,Horizon Riverside,London,Large,Oncology,152,2024,3,1,26,1,13,0,0.7685185185185186,1.0,-1,0.7302722023645865
HHN-LON-02,2024-03-27,54,53,18.0,13.645833333333334,18.95833333333333,0.0,0.8002803132747353,8,3.225,0,178,39.88202247191011,46,79.0,79.0,1.0,Horizon Riverside,London,Large,Oncology,152,2024,3,1,27,2,13,0,0.7581018518518519,1.0,1,0.71978021978022
HHN-LON-02,2024-03-28,38,44,18.0,13.776041666666666,18.953125,0.0,0.8056004549808429,12,3.716666666666667,0,91,43.69230769230769,26,79.0,78.0,0.96875,Horizon Riverside,London,Large,Oncology,152,2024,3,1,28,3,13,0,0.7653356481481481,0.9873417721518988,-6,0.7268480351744985
HHN-LON-02,2024-03-29,22,31,18.0,13.666666666666666,18.885416666666668,0.0520833333333333,0.7907292645812795,0,0.0,0,85,41.23529411764706,22,79.0,77.0,0.96875,Horizon Riverside,London,Large,Oncology,152,2024,3,1,29,4,13,0,0.7592592592592592,0.9746835443037974,-9,0.7236624379481521
HHN-LON-02,2024-03-30,24,30,18.0,13.364583333333334,18.859375,0.1770833333333333,0.7846193538217366,0,0.0,0,94,36.9468085106383,22,79.0,77.0,0.9375,Horizon Riverside,London,Large,Oncology,152,2024,3,1,30,5,13,1,0.7424768518518519,0.9746835443037974,-6,0.7086440209886772
HHN-LON-02,2024-03-31,25,35,18.0,12.583333333333334,18.901041666666668,0.1875,0.7356052722649927,0,0.0,0,125,43.776,31,79.0,79.0,1.0,Horizon Riverside,London,Large,Oncology,152,2024,3,1,31,6,13,1,0.6990740740740741,1.0,-10,0.6657481399834665
HHN-LON-02,2024-04-01,36,27,18.0,12.197916666666666,18.88020833333333,0.0364583333333333,0.7301796311427239,0,0.0,0,123,42.040650406504064,36,79.0,79.0,1.0,Horizon Riverside,London,Large,Oncology,152,2024,4,2,1,0,14,0,0.677662037037037,1.0,9,0.6460689655172415
HHN-LON-02,2024-04-02,49,34,18.0,12.703125,18.94270833333333,0.0,0.7629862953138815,14,3.5785714285714287,0,97,62.577319587628864,34,79.0,79.0,1.0,Horizon Riverside,London,Large,Oncology,152,2024,4,2,2,1,14,0,0.7057291666666666,1.0,15,0.6706076436623593
HHN-LON-02,2024-04-03,46,27,18.0,13.161458333333334,18.91145833333333,0.0,0.7822228208812261,9,3.4222222222222225,0,134,33.78358208955224,38,79.0,79.0,1.0,Horizon Riverside,London,Large,Oncology,152,2024,4,2,3,2,14,0,0.7311921296296297,1.0,19,0.6959515285045444
HHN-LON-02,2024-04-04,37,39,18.0,13.604166666666666,18.916666666666668,0.0,0.7962630095141505,8,2.7375,0,128,43.515625,33,79.0,77.0,0.96875,Horizon Riverside,London,Large,Oncology,152,2024,4,2,4,3,14,0,0.755787037037037,0.9746835443037974,-2,0.7191629955947135
HHN-LON-02,2024-04-05,46,45,18.0,14.197916666666666,18.96875,0.0,0.8012751436781609,12,4.158333333333333,3,68,56.26470588235294,30,79.0,78.0,0.96875,Horizon Riverside,London,Large,Oncology,152,2024,4,2,5,4,14,0,0.7887731481481481,0.9873417721518988,1,0.7484898407468423
HHN-LON-02,2024-04-06,50,42,18.0,14.020833333333334,18.822916666666668,0.0,0.812673629252293,0,0.0,0,142,55.140845070422536,53,78.0,76.0,0.9375,Horizon Riverside,London,Large,Oncology,152,2024,4,2,6,5,14,1,0.7789351851851852,0.9743589743589743,8,0.7448810182623132
HHN-LON-02,2024-04-07,23,35,18.0,14.28125,18.88020833333333,0.0,0.8258011219289277,0,0.0,0,71,40.76056338028169,19,79.0,76.0,0.96875,Horizon Riverside,London,Large,Oncology,152,2024,4,2,7,6,14,1,0.7934027777777778,0.9620253164556962,-12,0.7564137931034485
HHN-LON-02,2024-04-08,31,50,18.0,13.84375,18.932291666666668,0.0,0.7840187331027848,12,2.2916666666666665,0,64,55.25,22,79.0,74.0,0.90625,Horizon Riverside,London,Large,Oncology,152,2024,4,2,8,0,15,0,0.7690972222222222,0.9367088607594937,-19,0.7312242090784044
HHN-LON-02,2024-04-09,33,37,18.0,13.109375,18.94270833333333,0.0,0.7429199502205969,7,2.514285714285714,2,90,43.86666666666667,25,79.0,78.0,0.96875,Horizon Riverside,London,Large,Oncology,152,2024,4,2,9,1,15,0,0.7282986111111112,0.9873417721518988,-4,0.6920538905691506
HHN-LON-02,2024-04-10,28,34,18.0,13.848958333333334,18.84375,0.0,0.7653046455796413,10,3.39,0,66,33.59090909090909,17,79.0,78.0,0.96875,Horizon Riverside,London,Large,Oncology,152,2024,4,2,10,2,15,0,0.7693865740740741,0.9873417721518988,-6,0.7349364289662798
HHN-LON-02,2024-04-11,18,34,18.0,12.895833333333334,18.921875,0.0,0.7054211133904973,10,4.0200000000000005,2,58,28.58620689655172,10,79.0,79.0,1.0,Horizon Riverside,London,Large,Oncology,152,2024,4,2,11,3,15,0,0.7164351851851852,1.0,-16,0.6815304156344619
HHN-LON-02,2024-04-12,40,31,18.0,12.385416666666666,18.979166666666668,0.0,0.6872324175664692,8,3.65,1,125,37.216,33,79.0,77.0,0.9375,Horizon Riverside,London,Large,Oncology,152,2024,4,2,12,4,15,0,0.6880787037037037,0.9746835443037974,9,0.6525795828759604
HHN-LON-02,2024-04-13,21,24,18.0,12.807291666666666,18.916666666666668,0.0,0.7270910660121328,0,0.0,0,83,29.289156626506024,20,79.0,78.0,0.96875,Horizon Riverside,London,Large,Oncology,152,2024,4,2,13,5,15,1,0.7115162037037037,0.9873417721518988,-3,0.6770374449339206
HHN-LON-02,2024-04-14,34,32,18.0,12.192708333333334,18.875,0.0,0.7300603927435212,0,0.0,0,128,45.3125,36,79.0,77.0,0.9375,Horizon Riverside,London,Large,Oncology,152,2024,4,2,14,6,15,1,0.6773726851851852,0.9746835443037974,2,0.6459713024282561
HHN-LON-02,2024-04-15,35,36,18.0,12.807291666666666,18.875,0.0,0.7579302098593268,15,3.1866666666666665,0,75,34.906666666666666,19,78.0,74.0,0.875,Horizon Riverside,London,Large,Oncology,152,2024,4,2,15,0,16,0,0.7115162037037037,0.9487179487179487,-1,0.6785320088300221
HHN-LON-02,2024-04-16,41,23,18.0,13.166666666666666,18.932291666666668,0.0,0.7465533088235294,15,3.56,0,102,45.15686274509804,28,79.0,78.0,0.96875,Horizon Riverside,London,Large,Oncology,152,2024,4,2,16,1,16,0,0.7314814814814814,0.9873417721518988,18,0.6954607977991746
HHN-LON-02,2024-04-17,45,38,18.0,13.90625,18.921875,0.0,0.7781651787162532,16,2.51875,0,79,57.88607594936709,29,79.0,78.0,0.96875,Horizon Riverside,London,Large,Oncology,152,2024,4,2,17,2,16,0,0.7725694444444444,0.9873417721518988,7,0.7349298100743188
HHN-LON-02,2024-04-18,34,41,18.0,13.260416666666666,18.916666666666668,0.1875,0.7121937183621071,10,3.51,0,90,36.04444444444445,23,79.0,77.0,0.9375,Horizon Riverside,London,Large,Oncology,152,2024,4,2,18,3,16,0,0.7366898148148148,0.9746835443037974,-7,0.7009911894273128
HHN-LON-02,2024-04-19,33,37,18.0,12.848958333333334,18.901041666666668,0.375,0.6911956318696251,8,3.3,0,86,54.69767441860465,27,79.0,78.0,0.96875,Horizon Riverside,London,Large,Oncology,152,2024,4,2,19,4,16,0,0.7138310185185186,0.9873417721518988,-4,0.6798015982364287
HHN-LON-02,2024-04-20,26,30,18.0,12.619791666666666,18.78125,0.1875,0.6872967826654418,0,0.0,0,78,61.01282051282051,24,78.0,78.0,1.0,Horizon Riverside,London,Large,Oncology,152,2024,4,2,20,5,16,1,0.701099537037037,1.0,-4,0.6719356627842484
HHN-LON-02,2024-04-21,20,41,18.0,11.572916666666666,18.96875,0.0,0.6477882057560049,0,0.0,0,81,49.41975308641975,22,79.0,73.0,0.90625,Horizon Riverside,London,Large,Oncology,152,2024,4,2,21,6,16,1,0.6429398148148148,0.9240506329113924,-21,0.6101043382756727
HHN-LON-02,2024-04-22,26,31,18.0,10.979166666666666,18.91145833333333,0.015625,0.6316163251284129,12,2.1750000000000003,0,58,34.89655172413793,14,79.0,79.0,1.0,Horizon Riverside,London,Large,Oncology,152,2024,4,2,22,0,17,0,0.6099537037037037,1.0,-5,0.580556320572845
HHN-LON-02,2024-04-23,43,33,18.0,11.005208333333334,18.916666666666668,0.375,0.6160965346714269,12,3.591666666666667,0,103,39.68932038834952,29,79.0,79.0,1.0,Horizon Riverside,London,Large,Oncology,152,2024,4,2,23,1,17,0,0.611400462962963,1.0,10,0.5817731277533039
HHN-LON-02,2024-04-24,27,18,18.0,11.59375,18.88020833333333,0.328125,0.6457510571024242,7,3.157142857142857,0,76,41.526315789473685,22,79.0,79.0,1.0,Horizon Riverside,London,Large,Oncology,152,2024,4,2,24,2,17,0,0.6440972222222222,1.0,9,0.6140689655172415
HHN-LON-02,2024-04-25,51,29,18.0,12.520833333333334,18.875,0.0,0.7223699839276242,15,3.1666666666666665,0,113,50.743362831858406,39,79.0,79.0,1.0,Horizon Riverside,London,Large,Oncology,152,2024,4,2,25,3,17,0,0.6956018518518519,1.0,22,0.663355408388521
HHN-LON-02,2024-04-26,38,37,18.0,13.041666666666666,18.90625,0.0,0.7589779155606995,6,1.1333333333333333,0,123,42.1869918699187,31,79.0,78.0,0.96875,Horizon Riverside,London,Large,Oncology,152,2024,4,2,26,4,17,0,0.724537037037037,0.9873417721518988,1,0.6898071625344352
HHN-LON-02,2024-04-27,23,39,18.0,12.09375,18.828125,0.0,0.7014178219192956,0,0.0,0,75,42.76,22,79.0,66.0,0.78125,Horizon Riverside,London,Large,Oncology,152,2024,4,2,27,5,17,1,0.671875,0.8354430379746836,-16,0.6423236514522822
HHN-LON-02,2024-04-28,33,29,18.0,12.130208333333334,18.86458333333333,0.0,0.7103403680427949,0,0.0,0,97,52.45360824742268,33,79.0,77.0,0.9375,Horizon Riverside,London,Large,Oncology,152,2024,4,2,28,6,17,1,0.673900462962963,0.9746835443037974,4,0.6430149088901161
HHN-LON-02,2024-04-29,39,41,18.0,12.65625,18.916666666666668,0.0,0.7441553102867758,7,2.1,2,112,49.24107142857143,34,79.0,79.0,1.0,Horizon Riverside,London,Large,Oncology,152,2024,4,2,29,0,18,0,0.703125,1.0,-2,0.6690528634361234
HHN-LON-02,2024-04-30,34,24,18.0,13.015625,18.947916666666668,0.0,0.7620985356437943,11,2.4727272727272727,0,78,39.51282051282051,21,79.0,78.0,0.96875,Horizon Riverside,London,Large,Oncology,152,2024,4,2,30,1,18,0,0.7230902777777778,0.9873417721518988,10,0.6869158878504672
HHN-LON-02,2024-05-01,33,50,18.0,12.802083333333334,18.921875,0.0,0.7196214698629101,8,4.2,0,85,42.38823529411765,24,79.0,79.0,1.0,Horizon Riverside,London,Large,Oncology,152,2024,5,2,1,2,18,0,0.7112268518518519,1.0,-17,0.6765758326451968
HHN-LON-02,2024-05-02,31,26,18.0,12.348958333333334,18.932291666666668,0.0,0.6892525515572391,11,4.136363636363637,1,92,39.28260869565217,23,79.0,78.0,0.96875,Horizon Riverside,London,Large,Oncology,152,2024,5,2,2,3,18,0,0.6860532407407408,0.9873417721518988,5,0.6522696011004127
HHN-LON-02,2024-05-03,32,37,18.0,12.286458333333334,18.932291666666668,0.0,0.6733270010142317,12,3.6666666666666665,2,59,41.23728813559322,16,79.0,75.0,0.875,Horizon Riverside,London,Large,Oncology,152,2024,5,2,3,4,18,0,0.6825810185185186,0.9493670886075949,-5,0.648968363136176
HHN-LON-02,2024-05-04,25,27,18.0,11.765625,18.859375,0.0,0.638404896417463,0,0.0,0,83,48.73493975903615,26,79.0,77.0,0.9375,Horizon Riverside,London,Large,Oncology,152,2024,5,2,4,5,18,1,0.6536458333333334,0.9746835443037974,-2,0.623860811930406
HHN-LON-02,2024-05-05,18,23,18.0,12.041666666666666,18.890625,0.0,0.6704769195789311,0,0.0,0,86,38.88372093023256,20,79.0,76.0,0.96875,Horizon Riverside,London,Large,Oncology,152,2024,5,2,5,6,18,1,0.6689814814814814,0.9620253164556962,-5,0.63744141163496
HHN-LON-02,2024-05-06,22,32,18.0,11.34375,18.963541666666668,0.0,0.631127410963079,0,0.0,0,56,61.892857142857146,19,79.0,78.0,0.96875,Horizon Riverside,London,Large,Oncology,152,2024,5,2,6,0,19,0,0.6302083333333334,0.9873417721518988,-10,0.5981873111782477
HHN-LON-02,2024-05-07,27,25,18.0,11.046875,18.916666666666668,0.0,0.6219583240493166,6,3.533333333333333,2,85,45.62352941176471,23,79.0,79.0,1.0,Horizon Riverside,London,Large,Oncology,152,2024,5,2,7,1,19,0,0.6137152777777778,1.0,2,0.5839757709251101
HHN-LON-02,2024-05-08,27,13,18.0,12.036458333333334,18.921875,0.0,0.6678644312265002,5,3.04,1,106,30.141509433962263,23,79.0,79.0,1.0,Horizon Riverside,London,Large,Oncology,152,2024,5,2,8,2,19,0,0.6686921296296297,1.0,14,0.636113404899532
HHN-LON-02,2024-05-09,46,24,18.0,13.0,18.963541666666668,0.0,0.722408622866597,14,3.0142857142857147,0,81,58.80246913580247,31,79.0,78.0,0.96875,Horizon Riverside,London,Large,Oncology,152,2024,5,2,9,3,19,0,0.7222222222222222,0.9873417721518988,22,0.6855259544081296
HHN-LON-02,2024-05-10,18,39,18.0,12.984375,18.890625,0.0,0.7221607907696649,10,1.73,0,31,42.83870967741935,7,79.0,79.0,1.0,Horizon Riverside,London,Large,Oncology,152,2024,5,2,10,4,19,0,0.7213541666666666,1.0,-21,0.6873449131513648
HHN-LON-02,2024-05-11,33,21,18.0,12.520833333333334,18.86458333333333,0.0,0.7144989163667325,0,0.0,0,118,53.27966101694916,36,79.0,79.0,1.0,Horizon Riverside,London,Large,Oncology,152,2024,5,2,11,5,19,1,0.6956018518518519,1.0,12,0.6637217007178356
HHN-LON-02,2024-05-12,35,35,18.0,12.557291666666666,18.89583333333333,0.0,0.7442858300437324,0,0.0,0,120,49.083333333333336,36,79.0,75.0,0.9375,Horizon Riverside,London,Large,Oncology,152,2024,5,2,12,6,19,1,0.6976273148148148,0.9493670886075949,0,0.6645534729878723
HHN-LON-02,2024-05-13,42,41,18.0,12.776041666666666,18.947916666666668,0.0,0.7526059807848601,16,3.2,1,85,41.694117647058825,24,79.0,73.0,0.84375,Horizon Riverside,London,Large,Oncology,152,2024,5,2,13,0,20,0,0.7097800925925926,0.9240506329113924,1,0.6742715777899945
HHN-LON-02,2024-05-14,46,28,18.0,13.317708333333334,18.89583333333333,0.0,0.7775588741824374,16,2.825,0,92,51.0,29,79.0,79.0,1.0,Horizon Riverside,London,Large,Oncology,152,2024,5,2,14,1,20,0,0.7398726851851852,1.0,18,0.7047960308710035
HHN-LON-02,2024-05-15,31,36,18.0,13.463541666666666,18.88020833333333,0.0,0.766254292272103,8,3.5,3,81,53.5679012345679,27,79.0,79.0,1.0,Horizon Riverside,London,Large,Oncology,152,2024,5,2,15,2,20,0,0.747974537037037,1.0,-5,0.7131034482758623
HHN-LON-02,2024-05-16,24,32,18.0,13.515625,18.916666666666668,0.0,0.7668035899051365,5,2.9,1,55,41.52727272727272,14,79.0,76.0,0.90625,Horizon Riverside,London,Large,Oncology,152,2024,5,2,16,3,20,0,0.7508680555555556,0.9620253164556962,-8,0.7144823788546255
HHN-LON-02,2024-05-17,26,35,18.0,13.479166666666666,18.838541666666668,0.0,0.7498630485732342,9,3.688888888888889,0,62,55.38709677419355,21,79.0,79.0,1.0,Horizon Riverside,London,Large,Oncology,152,2024,5,2,17,4,20,0,0.7488425925925926,1.0,-9,0.7155100912358308
HHN-LON-02,2024-05-18,26,33,18.0,13.114583333333334,18.86458333333333,0.0,0.7478740881236718,0,0.0,0,92,37.97826086956522,22,79.0,73.0,0.8125,Horizon Riverside,London,Large,Oncology,152,2024,5,2,18,5,20,1,0.728587962962963,0.9240506329113924,-7,0.6951960242959693
HHN-LON-02,2024-05-19,33,34,18.0,12.135416666666666,18.84375,0.0,0.6850722110250257,0,0.0,0,130,44.18461538461538,34,79.0,79.0,1.0,Horizon Riverside,London,Large,Oncology,152,2024,5,2,19,6,20,1,0.6741898148148148,1.0,-1,0.6440022111663902
HHN-LON-02,2024-05-20,29,31,18.0,12.552083333333334,18.94270833333333,0.0,0.7275525550040637,9,1.7777777777777777,0,54,59.18518518518518,20,79.0,78.0,0.96875,Horizon Riverside,London,Large,Oncology,152,2024,5,2,20,0,21,0,0.697337962962963,0.9873417721518988,-2,0.6626340390431676
HHN-LON-02,2024-05-21,46,38,18.0,13.354166666666666,18.875,0.0,0.7563955225144162,16,3.2875,0,82,59.75609756097561,31,79.0,79.0,1.0,Horizon Riverside,London,Large,Oncology,152,2024,5,2,21,1,21,0,0.7418981481481481,1.0,8,0.7075055187637969
HHN-LON-02,2024-05-22,41,34,18.0,14.203125,18.921875,0.0,0.7887346344189017,16,3.1,2,91,48.26373626373626,27,79.0,73.0,0.90625,Horizon Riverside,London,Large,Oncology,152,2024,5,2,22,2,21,0,0.7890625,0.9240506329113924,7,0.7506193228736582
HHN-LON-02,2024-05-23,33,34,18.0,13.682291666666666,18.89583333333333,0.0,0.7372526364472992,9,1.8666666666666667,2,53,53.66037735849056,21,79.0,78.0,0.9375,Horizon Riverside,London,Large,Oncology,152,2024,5,2,23,3,21,0,0.7601273148148148,0.9873417721518988,-1,0.7240904079382582
HHN-LON-02,2024-05-24,40,40,18.0,13.114583333333334,18.91145833333333,0.0,0.7279600713119191,10,3.1100000000000003,0,78,56.97435897435897,30,79.0,79.0,1.0,Horizon Riverside,London,Large,Oncology,152,2024,5,2,24,4,21,0,0.728587962962963,1.0,0,0.6934728724869184
HHN-LON-02,2024-05-25,24,26,18.0,12.46875,18.91145833333333,0.0,0.7274806381756812,0,0.0,0,98,48.83673469387755,24,79.0,77.0,0.9375,Horizon Riverside,London,Large,Oncology,152,2024,5,2,25,5,21,1,0.6927083333333334,0.9746835443037974,-2,0.6593225006885157
HHN-LON-02,2024-05-26,25,33,18.0,12.380208333333334,18.80208333333333,0.0,0.7336393206490189,0,0.0,0,107,41.53271028037384,27,79.0,78.0,0.9375,Horizon Riverside,London,Large,Oncology,152,2024,5,2,26,6,21,1,0.6877893518518519,0.9873417721518988,-8,0.6584487534626041
HHN-LON-02,2024-05-27,22,30,18.0,11.625,18.90625,0.0,0.6946924780100966,0,0.0,0,77,69.16883116883118,25,79.0,79.0,1.0,Horizon Riverside,London,Large,Oncology,152,2024,5,2,27,0,22,0,0.6458333333333334,1.0,-8,0.6148760330578512
HHN-LON-02,2024-05-28,37,27,18.0,11.916666666666666,18.92708333333333,0.0,0.7097790948275863,9,3.2333333333333334,2,107,28.85981308411215,25,79.0,79.0,1.0,Horizon Riverside,London,Large,Oncology,152,2024,5,2,28,1,22,0,0.662037037037037,1.0,10,0.6296092460099065
HHN-LON-02,2024-05-29,39,35,18.0,12.526041666666666,18.921875,0.0,0.7107481468231809,8,3.55,0,115,44.2,31,79.0,79.0,1.0,Horizon Riverside,London,Large,Oncology,152,2024,5,2,29,2,22,0,0.6958912037037037,1.0,4,0.6619873382879163
HHN-LON-02,2024-05-30,36,31,18.0,13.307291666666666,18.953125,0.0,0.7636344588122604,7,2.0285714285714285,0,119,48.0672268907563,36,79.0,78.0,0.96875,Horizon Riverside,London,Large,Oncology,152,2024,5,2,30,3,22,0,0.7392939814814814,0.9873417721518988,5,0.7021159659247046
HHN-LON-02,2024-05-31,34,31,18.0,14.145833333333334,18.901041666666668,0.0,0.8086502760133092,11,2.963636363636364,3,66,40.31818181818182,16,79.0,78.0,0.96875,Horizon Riverside,London,Large,Oncology,152,2024,5,2,31,4,22,0,0.7858796296296297,0.9873417721518988,3,0.7484155414714797
HHN-LON-02,2024-06-01,23,35,18.0,13.552083333333334,18.859375,0.0,0.7842017970654824,0,0.0,0,88,41.38636363636363,24,79.0,79.0,1.0,Horizon Riverside,London,Large,Oncology,152,2024,6,2,1,5,22,1,0.7528935185185186,1.0,-12,0.7185860259596797
HHN-LON-02,2024-06-02,30,36,18.0,12.322916666666666,18.9375,0.0,0.7296530771072797,0,0.0,0,81,51.67901234567901,29,79.0,79.0,1.0,Horizon Riverside,London,Large,Oncology,152,2024,6,2,2,6,22,1,0.6846064814814814,1.0,-6,0.6507150715071507
HHN-LON-02,2024-06-03,46,38,18.0,13.244791666666666,18.91145833333333,0.0,0.7937351260093611,18,3.405555555555556,1,76,65.17105263157895,28,79.0,78.0,0.96875,Horizon Riverside,London,Large,Oncology,152,2024,6,2,3,0,23,0,0.7358217592592592,0.9873417721518988,8,0.700358028091435
HHN-LON-02,2024-06-04,24,31,18.0,12.973958333333334,18.953125,0.0,0.7363723441309649,9,3.744444444444445,0,45,35.91111111111111,13,79.0,79.0,1.0,Horizon Riverside,London,Large,Oncology,152,2024,6,2,4,1,23,0,0.720775462962963,1.0,-7,0.6845287166804067
HHN-LON-02,2024-06-05,26,35,18.0,12.328125,18.932291666666668,0.0,0.692590362294343,12,3.375,5,64,41.765625,15,79.0,79.0,1.0,Horizon Riverside,London,Large,Oncology,152,2024,6,2,5,2,23,0,0.6848958333333334,1.0,-9,0.6511691884456671
HHN-LON-02,2024-06-06,27,30,18.0,11.875,18.901041666666668,0.0,0.6701107156473861,11,2.3545454545454545,1,50,42.04,15,79.0,75.0,0.875,Horizon Riverside,London,Large,Oncology,152,2024,6,2,6,3,23,0,0.6597222222222222,0.9493670886075949,-3,0.6282722513089005
HHN-LON-02,2024-06-07,46,23,18.0,12.53125,18.932291666666668,0.0104166666666666,0.6534810687162361,14,3.7857142857142856,0,111,49.0990990990991,34,79.0,79.0,1.0,Horizon Riverside,London,Large,Oncology,152,2024,6,2,7,4,23,0,0.6961805555555556,1.0,23,0.661898211829436
HHN-LON-02,2024-06-08,22,26,18.0,13.786458333333334,18.885416666666668,0.25,0.7221495367420016,0,0.0,0,86,37.674418604651166,22,79.0,78.0,0.96875,Horizon Riverside,London,Large,Oncology,152,2024,6,2,8,5,23,1,0.7659143518518519,0.9873417721518988,-4,0.7300055157198014
HHN-LON-02,2024-06-09,13,30,18.0,12.723958333333334,18.822916666666668,0.25,0.6654640821134318,0,0.0,0,48,36.125,12,78.0,77.0,0.96875,Horizon Riverside,London,Large,Oncology,152,2024,6,2,9,6,23,1,0.7068865740740741,0.9871794871794872,-17,0.6759822910902048
HHN-LON-02,2024-06-10,40,37,18.0,12.182291666666666,18.92708333333333,0.1145833333333333,0.646774133694535,17,3.2294117647058824,0,84,41.73809523809524,25,79.0,79.0,1.0,Horizon Riverside,London,Large,Oncology,152,2024,6,2,10,0,24,0,0.6767939814814814,1.0,3,0.6436433681893232
HHN-LON-02,2024-06-11,30,31,18.0,12.71875,18.875,0.0,0.6901944460807079,15,2.56,0,77,31.025974025974023,15,79.0,79.0,1.0,Horizon Riverside,London,Large,Oncology,152,2024,6,2,11,1,24,0,0.7065972222222222,1.0,-1,0.6738410596026491
HHN-LON-02,2024-06-12,35,20,18.0,12.359375,18.9375,0.0,0.6793854493207941,12,3.6,1,81,55.80246913580247,25,79.0,79.0,1.0,Horizon Riverside,London,Large,Oncology,152,2024,6,2,12,2,24,0,0.6866319444444444,1.0,15,0.6526402640264026
HHN-LON-02,2024-06-13,30,35,18.0,12.354166666666666,18.963541666666668,0.0,0.7062579821200511,9,2.8000000000000003,1,72,35.236111111111114,18,79.0,79.0,1.0,Horizon Riverside,London,Large,Oncology,152,2024,6,2,13,3,24,0,0.6863425925925926,1.0,-5,0.6514693765449052
HHN-LON-02,2024-06-14,34,39,18.0,11.479166666666666,18.875,0.0,0.6631038439136975,9,2.4444444444444446,0,102,32.294117647058826,24,79.0,79.0,1.0,Horizon Riverside,London,Large,Oncology,152,2024,6,2,14,4,24,0,0.6377314814814814,1.0,-5,0.608167770419426
HHN-LON-02,2024-06-15,25,30,18.0,11.380208333333334,18.8125,0.0,0.6473519783336869,0,0.0,0,83,57.67469879518072,27,78.0,77.0,0.96875,Horizon Riverside,London,Large,Oncology,152,2024,6,2,15,5,24,1,0.6322337962962963,0.9871794871794872,-5,0.6049280177187154
HHN-LON-02,2024-06-16,11,31,18.0,10.583333333333334,18.921875,0.0,0.5982761515275302,0,0.0,0,48,42.97916666666666,11,79.0,78.0,0.96875,Horizon Riverside,London,Large,Oncology,152,2024,6,2,16,6,24,1,0.587962962962963,0.9873417721518988,-20,0.5593173685659235
HHN-LON-02,2024-06-17,21,25,18.0,9.598958333333334,18.953125,0.0,0.5243680292508418,8,3.2625,2,53,52.490566037735846,16,79.0,79.0,1.0,Horizon Riverside,London,Large,Oncology,152,2024,6,2,17,0,25,0,0.533275462962963,1.0,-4,0.5064578180818906
HHN-LON-02,2024-06-18,35,22,18.0,10.484375,18.9375,0.0,0.5835861586130983,17,2.8058823529411767,0,59,51.559322033898304,17,79.0,74.0,0.90625,Horizon Riverside,London,Large,Oncology,152,2024,6,2,18,1,25,0,0.5824652777777778,0.9367088607594937,13,0.5536303630363036
HHN-LON-02,2024-06-19,37,21,18.0,11.1875,18.9375,0.0,0.6153940196661526,11,2.372727272727273,1,91,44.8021978021978,25,79.0,79.0,1.0,Horizon Riverside,London,Large,Oncology,152,2024,6,2,19,2,25,0,0.6215277777777778,1.0,16,0.5907590759075908
HHN-LON-02,2024-06-20,38,25,18.0,12.15625,18.94270833333333,0.0,0.6618429645020669,9,2.9222222222222225,1,120,52.71666666666667,33,79.0,79.0,1.0,Horizon Riverside,London,Large,Oncology,152,2024,6,2,20,3,25,0,0.6753472222222222,1.0,13,0.641737695903217
HHN-LON-02,2024-06-21,31,35,18.0,12.713541666666666,18.91145833333333,0.0,0.703163825218395,6,3.3000000000000003,0,65,51.76923076923077,21,79.0,78.0,0.96875,Horizon Riverside,London,Large,Oncology,152,2024,6,2,21,4,25,0,0.7063078703703703,0.9873417721518988,-4,0.672266593225007
HHN-LON-02,2024-06-22,23,39,18.0,12.197916666666666,18.88020833333333,0.0,0.684856267644205,0,0.0,0,72,45.09722222222222,23,79.0,79.0,1.0,Horizon Riverside,London,Large,Oncology,152,2024,6,2,22,5,25,1,0.677662037037037,1.0,-16,0.6460689655172415
HHN-LON-02,2024-06-23,14,29,18.0,10.989583333333334,18.796875,0.0,0.6353138920689313,0,0.0,0,67,36.53731343283582,15,79.0,78.0,0.96875,Horizon Riverside,London,Large,Oncology,152,2024,6,2,23,6,25,1,0.6105324074074074,0.9873417721518988,-15,0.5846494873926296
HHN-LON-02,2024-06-24,46,28,18.0,11.3125,18.89583333333333,0.0,0.7009403438970502,15,2.08,0,111,52.054054054054056,35,79.0,79.0,1.0,Horizon Riverside,London,Large,Oncology,152,2024,6,2,24,0,26,0,0.6284722222222222,1.0,18,0.5986769570011027
HHN-LON-02,2024-06-25,47,27,18.0,12.927083333333334,18.932291666666668,0.0,0.7573506269768747,13,4.453846153846154,2,92,48.95652173913044,29,79.0,79.0,1.0,Horizon Riverside,London,Large,Oncology,152,2024,6,2,25,1,26,0,0.7181712962962963,1.0,20,0.6828060522696011
HHN-LON-02,2024-06-26,36,30,18.0,13.776041666666666,18.94270833333333,0.0,0.7878243386615011,10,1.96,2,86,51.52325581395349,29,79.0,78.0,0.9375,Horizon Riverside,London,Large,Oncology,152,2024,6,2,26,2,26,0,0.7653356481481481,0.9873417721518988,6,0.7272477316469619
HHN-LON-02,2024-06-27,49,37,18.0,13.520833333333334,18.901041666666668,0.0,0.7539740957630473,9,2.2777777777777777,0,89,76.58426966292134,40,79.0,79.0,1.0,Horizon Riverside,London,Large,Oncology,152,2024,6,2,27,3,26,0,0.7511574074074074,1.0,12,0.7153485808762744
HHN-LON-02,2024-06-28,32,42,18.0,13.635416666666666,18.94270833333333,0.0,0.7540736024033438,11,2.5181818181818185,0,88,34.86363636363637,21,79.0,72.0,0.90625,Horizon Riverside,London,Large,Oncology,152,2024,6,2,28,4,26,0,0.7575231481481481,0.9113924050632911,-10,0.7198240307946111
HHN-LON-02,2024-06-29,23,38,18.0,12.317708333333334,18.84895833333333,0.0,0.6914852241673838,0,0.0,0,98,36.03061224489796,24,79.0,76.0,0.90625,Horizon Riverside,London,Large,Oncology,152,2024,6,2,29,5,26,1,0.6843171296296297,0.9620253164556962,-15,0.6534954407294835
HHN-LON-02,2024-06-30,16,32,18.0,11.677083333333334,18.91145833333333,0.0,0.6592493776507468,0,0.0,0,55,54.18181818181818,18,79.0,77.0,0.9375,Horizon Riverside,London,Large,Oncology,152,2024,6,2,30,6,26,1,0.6487268518518519,0.9746835443037974,-16,0.6174607546130544
HHN-LON-02,2024-07-01,45,30,18.0,11.963541666666666,18.921875,0.0,0.6877978904177718,9,2.9000000000000004,2,90,57.55555555555556,35,79.0,75.0,0.9375,Horizon Riverside,London,Large,Oncology,152,2024,7,3,1,0,27,0,0.6646412037037037,0.9493670886075949,15,0.6322598403523259
HHN-LON-02,2024-07-02,39,30,18.0,13.166666666666666,18.947916666666668,0.0,0.7704476064524556,16,2.5375,1,69,49.7536231884058,22,79.0,78.0,0.96875,Horizon Riverside,London,Large,Oncology,152,2024,7,3,2,1,27,0,0.7314814814814814,0.9873417721518988,9,0.6948873007146783
HHN-LON-02,2024-07-03,32,38,18.0,12.963541666666666,18.885416666666668,0.0,0.7633114043539161,10,2.82,1,89,43.71910112359551,24,79.0,77.0,0.9375,Horizon Riverside,London,Large,Oncology,152,2024,7,3,3,2,27,0,0.7201967592592592,0.9746835443037974,-6,0.6864313292884721
HHN-LON-02,2024-07-04,25,29,18.0,11.96875,18.921875,0.0,0.6935014295402372,7,1.957142857142857,0,67,44.940298507462686,20,79.0,79.0,1.0,Horizon Riverside,London,Large,Oncology,152,2024,7,3,4,3,27,0,0.6649305555555556,1.0,-4,0.6325350949628407
HHN-LON-02,2024-07-05,47,39,18.0,12.255208333333334,18.901041666666668,0.0,0.7274096249909986,15,2.353333333333333,1,92,54.141304347826086,31,79.0,79.0,1.0,Horizon Riverside,London,Large,Oncology,152,2024,7,3,5,4,27,0,0.6808449074074074,1.0,8,0.6483879856709838
HHN-LON-02,2024-07-06,17,37,18.0,12.0,18.75520833333333,0.0,0.6753339255923549,0,0.0,0,50,55.7,15,77.0,75.0,0.96875,Horizon Riverside,London,Large,Oncology,152,2024,7,3,6,5,27,1,0.6666666666666666,0.974025974025974,-20,0.6398222715912248
HHN-LON-02,2024-07-07,23,29,18.0,11.609375,18.91145833333333,0.0,0.6638540698247689,0,0.0,0,77,47.24675324675325,23,79.0,79.0,1.0,Horizon Riverside,London,Large,Oncology,152,2024,7,3,7,6,27,1,0.6449652777777778,1.0,-6,0.6138804736987058
HHN-LON-02,2024-07-08,41,40,18.0,11.270833333333334,18.97395833333333,0.0,0.6530925873103073,13,3.815384615384616,0,102,40.6078431372549,29,79.0,76.0,0.90625,Horizon Riverside,London,Large,Oncology,152,2024,7,3,8,0,28,0,0.6261574074074074,0.9620253164556962,1,0.5940159209442769
HHN-LON-02,2024-07-09,43,21,18.0,12.4375,18.916666666666668,0.0,0.7279514250070792,14,3.678571428571429,1,88,63.15909090909091,31,79.0,79.0,1.0,Horizon Riverside,London,Large,Oncology,152,2024,7,3,9,1,28,0,0.6909722222222222,1.0,22,0.6574889867841409
HHN-LON-02,2024-07-10,37,39,18.0,12.5,18.92708333333333,0.0,0.715325825231695,12,2.95,2,81,52.58024691358025,25,79.0,79.0,1.0,Horizon Riverside,London,Large,Oncology,152,2024,7,3,10,2,28,0,0.6944444444444444,1.0,-2,0.6604292790313706
HHN-LON-02,2024-07-11,21,33,18.0,12.223958333333334,18.97395833333333,0.0,0.6918783742598397,10,2.28,1,28,45.10714285714285,7,79.0,79.0,1.0,Horizon Riverside,London,Large,Oncology,152,2024,7,3,11,3,28,0,0.6791087962962963,1.0,-12,0.6442492451276423
HHN-LON-02,2024-07-12,32,28,18.0,11.765625,18.86458333333333,0.0,0.647542841939878,12,3.1333333333333333,0,77,48.31168831168832,23,79.0,79.0,1.0,Horizon Riverside,London,Large,Oncology,152,2024,7,3,12,4,28,0,0.6536458333333334,1.0,4,0.6236885698509113
HHN-LON-02,2024-07-13,36,37,18.0,12.510416666666666,18.84375,0.0,0.6695601528836991,0,0.0,0,104,58.66346153846154,40,79.0,72.0,0.84375,Horizon Riverside,London,Large,Oncology,152,2024,7,3,13,5,28,1,0.6950231481481481,0.9113924050632911,-1,0.6639027086788281
HHN-LON-02,2024-07-14,28,33,18.0,12.703125,18.88020833333333,0.0,0.6889023615355084,0,0.0,0,76,49.8421052631579,25,79.0,78.0,0.96875,Horizon Riverside,London,Large,Oncology,152,2024,7,3,14,6,28,1,0.7057291666666666,0.9873417721518988,-5,0.6728275862068968
HHN-LON-02,2024-07-15,48,24,18.0,13.395833333333334,18.890625,0.0,0.7256891067505292,16,3.73125,1,131,41.30534351145038,32,79.0,79.0,1.0,Horizon Riverside,London,Large,Oncology,152,2024,7,3,15,0,29,0,0.744212962962963,1.0,24,0.7091259994485801
HHN-LON-02,2024-07-16,18,30,18.0,13.484375,18.901041666666668,0.0,0.7248096082955997,7,3.3857142857142857,1,34,42.20588235294117,9,79.0,78.0,0.96875,Horizon Riverside,London,Large,Oncology,152,2024,7,3,16,1,29,0,0.7491319444444444,0.9873417721518988,-12,0.7134196748415541
HHN-LON-02,2024-07-17,48,33,18.0,13.140625,18.95833333333333,0.0,0.7391897337130603,12,2.275,1,101,52.42574257425743,38,79.0,75.0,0.9375,Horizon Riverside,London,Large,Oncology,152,2024,7,3,17,2,29,0,0.7300347222222222,0.9493670886075949,15,0.6931318681318683
HHN-LON-02,2024-07-18,41,33,18.0,13.890625,18.89583333333333,0.0,0.7665286976424147,10,3.21,0,91,56.68131868131868,31,79.0,78.0,0.96875,Horizon Riverside,London,Large,Oncology,152,2024,7,3,18,3,29,0,0.7717013888888888,0.9873417721518988,8,0.7351157662624037
HHN-LON-02,2024-07-19,41,44,18.0,13.8125,18.890625,0.0,0.7515539218125425,12,2.975,1,100,52.56,32,79.0,75.0,0.875,Horizon Riverside,London,Large,Oncology,152,2024,7,3,19,4,29,0,0.7673611111111112,0.9493670886075949,-3,0.7311827956989247
HHN-LON-02,2024-07-20,25,37,18.0,13.213541666666666,18.875,0.0,0.7098076791943266,0,0.0,0,84,49.285714285714285,23,79.0,79.0,1.0,Horizon Riverside,London,Large,Oncology,152,2024,7,3,20,5,29,1,0.7340856481481481,1.0,-12,0.700055187637969
HHN-LON-02,2024-07-21,34,31,18.0,12.609375,18.838541666666668,0.0,0.7028389946564556,0,0.0,0,116,47.63793103448276,37,79.0,76.0,0.9375,Horizon Riverside,London,Large,Oncology,152,2024,7,3,21,6,29,1,0.7005208333333334,0.9620253164556962,3,0.6693392314072435
HHN-LON-02,2024-07-22,48,32,18.0,12.890625,18.89583333333333,0.0,0.7486722449195001,13,2.9538461538461536,0,89,61.92134831460674,34,79.0,77.0,0.9375,Horizon Riverside,London,Large,Oncology,152,2024,7,3,22,0,30,0,0.7161458333333334,0.9746835443037974,16,0.6821940463065052
HHN-LON-02,2024-07-23,40,47,18.0,12.755208333333334,18.916666666666668,0.0,0.7565471162777198,11,2.3454545454545457,0,92,40.66304347826087,26,79.0,79.0,1.0,Horizon Riverside,London,Large,Oncology,152,2024,7,3,23,1,30,0,0.7086226851851852,1.0,-7,0.674284140969163
HHN-LON-02,2024-07-24,31,39,18.0,12.848958333333334,18.94270833333333,0.0,0.7281873576450782,15,3.653333333333333,0,64,56.671875,20,79.0,78.0,0.96875,Horizon Riverside,London,Large,Oncology,152,2024,7,3,24,2,30,0,0.7138310185185186,0.9873417721518988,-8,0.6783062963981306
HHN-LON-02,2024-07-25,24,31,18.0,12.78125,18.9375,0.0,0.7036052611135015,6,4.016666666666667,1,64,54.921875,20,79.0,79.0,1.0,Horizon Riverside,London,Large,Oncology,152,2024,7,3,25,3,30,0,0.7100694444444444,1.0,-7,0.6749174917491749
HHN-LON-02,2024-07-26,35,41,18.0,12.291666666666666,18.92708333333333,0.0,0.672040417966429,10,2.96,0,86,39.02325581395349,20,79.0,75.0,0.9375,Horizon Riverside,London,Large,Oncology,152,2024,7,3,26,4,30,0,0.6828703703703703,0.9493670886075949,-6,0.6494221243808477
HHN-LON-02,2024-07-27,18,32,18.0,11.734375,18.8125,0.0,0.6632269502410856,0,0.0,0,63,45.6031746031746,17,79.0,78.0,0.96875,Horizon Riverside,London,Large,Oncology,152,2024,7,3,27,5,30,1,0.6519097222222222,0.9873417721518988,-14,0.6237541528239202
HHN-LON-02,2024-07-28,14,29,18.0,10.75,18.86458333333333,0.0,0.6175799713372608,0,0.0,0,44,68.86363636363636,18,79.0,78.0,0.96875,Horizon Riverside,London,Large,Oncology,152,2024,7,3,28,6,30,1,0.5972222222222222,0.9873417721518988,-15,0.5698509110988406
HHN-LON-02,2024-07-29,42,31,18.0,10.786458333333334,18.963541666666668,0.03125,0.6200620983328894,20,3.3950000000000005,0,77,53.01298701298701,24,79.0,76.0,0.90625,Horizon Riverside,London,Large,Oncology,152,2024,7,3,29,0,31,0,0.5992476851851852,0.9620253164556962,11,0.5687997802801428
HHN-LON-02,2024-07-30,30,28,18.0,11.588541666666666,18.921875,0.375,0.6333950186875517,11,3.036363636363636,2,58,44.56896551724138,17,79.0,78.0,0.96875,Horizon Riverside,London,Large,Oncology,152,2024,7,3,30,1,31,0,0.6438078703703703,0.9873417721518988,2,0.6124415083952656
HHN-LON-02,2024-07-31,39,21,18.0,12.666666666666666,18.885416666666668,0.375,0.6777834136429791,17,2.9823529411764707,0,73,43.06849315068493,21,79.0,78.0,0.96875,Horizon Riverside,London,Large,Oncology,152,2024,7,3,31,2,31,0,0.7037037037037037,0.9873417721518988,18,0.6707115278543849
HHN-LON-02,2024-08-01,13,35,18.0,12.453125,18.89583333333333,0.375,0.6391658287041305,4,3.2,1,62,23.483870967741936,9,79.0,79.0,1.0,Horizon Riverside,London,Large,Oncology,152,2024,8,3,1,3,31,0,0.6918402777777778,1.0,-22,0.6590407938257995
HHN-LON-02,2024-08-02,16,27,18.0,9.916666666666666,18.921875,0.28125,0.5173766023746549,1,3.4,1,41,46.97560975609756,14,79.0,79.0,1.0,Horizon Riverside,London,Large,Oncology,152,2024,8,3,2,4,31,0,0.5509259259259259,1.0,-11,0.5240847784200385
HHN-LON-02,2024-08-03,20,30,18.0,8.901041666666666,18.890625,0.0,0.4960492013931574,0,0.0,0,89,53.98876404494382,27,79.0,79.0,1.0,Horizon Riverside,London,Large,Oncology,152,2024,8,3,3,5,31,1,0.49450231481481477,1.0,-10,0.47118830989798727
HHN-LON-02,2024-08-04,30,25,18.0,8.9375,18.838541666666668,0.0,0.5377431553287004,0,0.0,0,90,45.0,27,79.0,79.0,1.0,Horizon Riverside,London,Large,Oncology,152,2024,8,3,4,6,31,1,0.4965277777777778,1.0,5,0.4744263201548244
HHN-LON-02,2024-08-05,43,20,18.0,10.609375,18.95833333333333,0.0,0.6440889319688603,8,4.175,0,76,74.9342105263158,36,79.0,75.0,0.9375,Horizon Riverside,London,Large,Oncology,152,2024,8,3,5,0,32,0,0.5894097222222222,0.9493670886075949,23,0.5596153846153847
HHN-LON-02,2024-08-06,38,28,18.0,12.166666666666666,18.89583333333333,0.0,0.75037514054642,7,5.1571428571428575,2,77,45.142857142857146,26,79.0,78.0,0.96875,Horizon Riverside,London,Large,Oncology,152,2024,8,3,6,1,32,0,0.6759259259259259,0.9873417721518988,10,0.6438809261300994
HHN-LON-02,2024-08-07,25,30,18.0,12.359375,18.916666666666668,0.0,0.7548929078110316,5,4.08,0,79,40.9493670886076,22,79.0,78.0,0.96875,Horizon Riverside,London,Large,Oncology,152,2024,8,3,7,2,32,0,0.6866319444444444,0.9873417721518988,-5,0.6533590308370044
HHN-LON-02,2024-08-08,38,32,18.0,12.338541666666666,18.916666666666668,0.0,0.7060071135842878,12,3.8333333333333335,0,90,40.077777777777776,26,79.0,78.0,0.96875,Horizon Riverside,London,Large,Oncology,152,2024,8,3,8,3,32,0,0.685474537037037,0.9873417721518988,6,0.6522577092511013
HHN-LON-02,2024-08-09,32,30,18.0,12.453125,18.921875,0.0,0.6840792139934062,5,2.58,1,75,68.93333333333334,29,79.0,77.0,0.9375,Horizon Riverside,London,Large,Oncology,152,2024,8,3,9,4,32,0,0.6918402777777778,0.9746835443037974,2,0.6581337737407101
HHN-LON-02,2024-08-10,17,23,18.0,12.958333333333334,18.90625,0.0,0.7015098278786001,0,0.0,0,58,35.03448275862069,14,79.0,78.0,0.96875,Horizon Riverside,London,Large,Oncology,152,2024,8,3,10,5,32,1,0.7199074074074074,0.9873417721518988,-6,0.6853994490358127
HHN-LON-02,2024-08-11,19,32,18.0,11.432291666666666,18.828125,0.0,0.6432976871885783,0,0.0,0,77,43.1948051948052,20,79.0,76.0,0.90625,Horizon Riverside,London,Large,Oncology,152,2024,8,3,11,6,32,1,0.6351273148148148,0.9620253164556962,-13,0.607192254495159
HHN-LON-02,2024-08-12,33,29,18.0,11.588541666666666,18.96875,0.0,0.660847569092292,14,3.642857142857143,0,56,54.96428571428572,19,79.0,78.0,0.96875,Horizon Riverside,London,Large,Oncology,152,2024,8,3,12,0,33,0,0.6438078703703703,0.9873417721518988,4,0.6109280615046677
HHN-LON-02,2024-08-13,15,32,18.0,10.78125,18.885416666666668,0.0,0.6088520239283116,5,2.74,0,49,43.48979591836735,10,79.0,77.0,0.9375,Horizon Riverside,London,Large,Oncology,152,2024,8,3,13,1,33,0,0.5989583333333334,0.9746835443037974,-17,0.570876999448428
HHN-LON-02,2024-08-14,22,19,18.0,10.286458333333334,18.963541666666668,0.0,0.5852741330009015,1,2.6,1,84,45.69047619047619,22,79.0,78.0,0.96875,Horizon Riverside,London,Large,Oncology,152,2024,8,3,14,2,33,0,0.5714699074074074,0.9873417721518988,3,0.5424333974182917
HHN-LON-02,2024-08-15,32,23,18.0,10.609375,18.916666666666668,0.0,0.6207861529211999,7,5.471428571428571,0,88,43.625,25,79.0,78.0,0.96875,Horizon Riverside,London,Large,Oncology,152,2024,8,3,15,3,33,0,0.5894097222222222,0.9873417721518988,9,0.5608480176211453
HHN-LON-02,2024-08-16,29,27,18.0,11.28125,18.89583333333333,0.0,0.6521985575839532,5,1.8400000000000003,0,79,42.32911392405063,24,79.0,76.0,0.90625,Horizon Riverside,London,Large,Oncology,152,2024,8,3,16,4,33,0,0.6267361111111112,0.9620253164556962,2,0.5970231532524809
HHN-LON-02,2024-08-17,10,18,18.0,10.973958333333334,18.828125,0.0,0.6040532404510915,0,0.0,0,26,76.6923076923077,9,79.0,74.0,0.90625,Horizon Riverside,London,Large,Oncology,152,2024,8,3,17,5,33,1,0.6096643518518519,0.9367088607594937,-8,0.5828492392807746
HHN-LON-02,2024-08-18,20,21,18.0,10.34375,18.80208333333333,0.0,0.570911001488219,0,0.0,0,68,40.91176470588236,19,78.0,72.0,0.84375,Horizon Riverside,London,Large,Oncology,152,2024,8,3,18,6,33,1,0.5746527777777778,0.9230769230769231,-1,0.5501385041551248
HHN-LON-02,2024-08-19,20,23,18.0,10.401041666666666,18.932291666666668,0.0,0.5954736752546718,3,1.7333333333333334,0,66,46.696969696969695,19,79.0,78.0,0.9375,Horizon Riverside,London,Large,Oncology,152,2024,8,3,19,0,34,0,0.5778356481481481,0.9873417721518988,-3,0.5493810178817056
HHN-LON-02,2024-08-20,23,23,18.0,9.96875,18.92708333333333,0.0,0.5757488646203683,6,3.583333333333333,0,66,33.10606060606061,15,79.0,76.0,0.90625,Horizon Riverside,London,Large,Oncology,152,2024,8,3,20,1,34,0,0.5538194444444444,0.9620253164556962,0,0.526692350027518
HHN-LON-02,2024-08-21,22,18,18.0,10.338541666666666,18.979166666666668,0.0,0.603737741096308,6,2.6666666666666665,0,55,55.83636363636364,17,79.0,79.0,1.0,Horizon Riverside,London,Large,Oncology,152,2024,8,3,21,2,34,0,0.5743634259259259,1.0,4,0.5447310647639956
HHN-LON-02,2024-08-22,13,18,18.0,10.333333333333334,18.947916666666668,0.0,0.611102847535958,0,0.0,1,64,23.546875,14,79.0,79.0,1.0,Horizon Riverside,London,Large,Oncology,152,2024,8,3,22,3,34,0,0.5740740740740741,1.0,-5,0.5453545904343046
HHN-LON-02,2024-08-23,39,27,18.0,10.192708333333334,18.869791666666668,0.0,0.6176331608106932,10,3.0,0,77,60.90909090909091,30,79.0,78.0,0.96875,Horizon Riverside,London,Large,Oncology,152,2024,8,3,23,4,34,0,0.5662615740740741,0.9873417721518988,12,0.5401600883245928
HHN-LON-02,2024-08-24,24,27,18.0,11.0625,18.8125,0.0,0.6778153499783137,0,0.0,0,113,32.7787610619469,23,79.0,79.0,1.0,Horizon Riverside,London,Large,Oncology,152,2024,8,3,24,5,34,1,0.6145833333333334,1.0,-3,0.5880398671096345
HHN-LON-02,2024-08-25,33,20,18.0,10.791666666666666,18.885416666666668,0.0,0.6432300270388981,0,0.0,0,78,72.34615384615384,34,79.0,78.0,0.96875,Horizon Riverside,London,Large,Oncology,152,2024,8,3,25,6,34,1,0.599537037037037,0.9873417721518988,13,0.5714285714285714
HHN-LON-02,2024-08-26,31,28,18.0,11.213541666666666,18.875,0.0,0.6883063982134564,0,0.0,0,106,38.471698113207545,33,79.0,78.0,0.96875,Horizon Riverside,London,Large,Oncology,152,2024,8,3,26,0,35,0,0.622974537037037,0.9873417721518988,3,0.5940949227373068
HHN-LON-02,2024-08-27,27,33,18.0,11.703125,18.89583333333333,0.0,0.730204987113695,5,2.98,1,73,33.49315068493151,19,79.0,73.0,0.84375,Horizon Riverside,London,Large,Oncology,152,2024,8,3,27,1,35,0,0.6501736111111112,0.9240506329113924,-6,0.6193495038588755
HHN-LON-02,2024-08-28,33,29,18.0,11.963541666666666,18.96875,0.0,0.7363918192233355,11,3.5181818181818176,2,99,59.525252525252526,29,79.0,77.0,0.9375,Horizon Riverside,London,Large,Oncology,152,2024,8,3,28,2,35,0,0.6646412037037037,0.9746835443037974,4,0.6306974190005491
HHN-LON-02,2024-08-29,35,30,18.0,13.046875,18.947916666666668,0.0,0.7786022944966909,6,2.1166666666666667,0,90,38.62222222222222,25,79.0,70.0,0.84375,Horizon Riverside,London,Large,Oncology,152,2024,8,3,29,3,35,0,0.7248263888888888,0.8860759493670886,5,0.6885651456844419
HHN-LON-02,2024-08-30,36,24,18.0,13.442708333333334,18.90625,0.0,0.7715863342491159,3,2.066666666666667,0,91,53.1978021978022,32,79.0,72.0,0.875,Horizon Riverside,London,Large,Oncology,152,2024,8,3,30,4,35,0,0.7468171296296297,0.9113924050632911,12,0.7110192837465565
HHN-LON-02,2024-08-31,32,32,18.0,13.645833333333334,18.83333333333333,0.0,0.7818396525834242,0,0.0,0,120,44.6,32,79.0,74.0,0.90625,Horizon Riverside,London,Large,Oncology,152,2024,8,3,31,5,35,1,0.7581018518518519,0.9367088607594937,0,0.724557522123894
HHN-LON-02,2024-09-01,30,26,18.0,13.744791666666666,18.91145833333333,0.0,0.7906307518218015,0,0.0,0,107,43.80373831775701,30,79.0,79.0,1.0,Horizon Riverside,London,Large,Oncology,152,2024,9,3,1,6,35,1,0.763599537037037,1.0,4,0.726797025612779
HHN-LON-02,2024-09-02,43,36,18.0,14.583333333333334,18.90625,0.0,0.8226668053034886,16,4.00625,0,88,46.97727272727273,27,79.0,79.0,1.0,Horizon Riverside,London,Large,Oncology,152,2024,9,3,2,0,36,0,0.8101851851851852,1.0,7,0.7713498622589532
HHN-LON-02,2024-09-03,44,35,18.0,15.328125,18.921875,0.0,0.8265911201014989,12,3.1666666666666665,0,77,61.61038961038961,32,79.0,78.0,0.96875,Horizon Riverside,London,Large,Oncology,152,2024,9,3,3,1,36,0,0.8515625,0.9873417721518988,9,0.8100743187448389
HHN-LON-02,2024-09-04,33,36,18.0,14.942708333333334,18.953125,0.0,0.7996437978927203,10,2.8200000000000003,2,67,49.26865671641791,23,79.0,78.0,0.96875,Horizon Riverside,London,Large,Oncology,152,2024,9,3,4,2,36,0,0.830150462962963,0.9873417721518988,-3,0.7884034075295411
HHN-LON-02,2024-09-05,34,34,18.0,14.895833333333334,18.932291666666668,0.0,0.788602772214482,10,3.35,0,65,50.323076923076925,22,79.0,79.0,1.0,Horizon Riverside,London,Large,Oncology,152,2024,9,3,5,3,36,0,0.8275462962962963,1.0,0,0.7867950481430537
HHN-LON-02,2024-09-06,25,41,18.0,14.151041666666666,18.875,0.0,0.7376828952098348,11,3.527272727272727,0,76,32.3421052631579,17,79.0,78.0,0.9375,Horizon Riverside,London,Large,Oncology,152,2024,9,3,6,4,36,0,0.7861689814814814,0.9873417721518988,-16,0.7497240618101545
HHN-LON-02,2024-09-07,17,39,18.0,12.510416666666666,18.854166666666668,0.0,0.6605046007104514,0,0.0,0,70,29.714285714285715,17,79.0,79.0,1.0,Horizon Riverside,London,Large,Oncology,152,2024,9,3,7,5,36,1,0.6950231481481481,1.0,-22,0.6635359116022099
HHN-LON-02,2024-09-08,30,24,18.0,11.828125,18.80208333333333,0.0,0.6383963723398625,0,0.0,0,92,63.79347826086956,32,79.0,76.0,0.96875,Horizon Riverside,London,Large,Oncology,152,2024,9,3,8,6,36,1,0.6571180555555556,0.9620253164556962,6,0.6290858725761774
HHN-LON-02,2024-09-09,42,32,18.0,12.651041666666666,18.947916666666668,0.0,0.7136244358092418,9,2.5,1,90,54.37777777777778,30,79.0,78.0,0.96875,Horizon Riverside,London,Large,Oncology,152,2024,9,3,9,0,37,0,0.7028356481481481,0.9873417721518988,10,0.6676745464540956
HHN-LON-02,2024-09-10,53,41,18.0,13.479166666666666,18.921875,0.0,0.7752768414136949,14,1.5214285714285716,0,123,51.48780487804878,42,79.0,77.0,0.9375,Horizon Riverside,London,Large,Oncology,152,2024,9,3,10,1,37,0,0.7488425925925926,0.9746835443037974,12,0.7123589320121112
HHN-LON-02,2024-09-11,44,45,18.0,14.078125,18.95833333333333,0.0,0.8022443363230001,15,2.556666666666666,0,90,49.06666666666667,30,79.0,77.0,0.9375,Horizon Riverside,London,Large,Oncology,152,2024,9,3,11,2,37,0,0.7821180555555556,0.9746835443037974,-1,0.7425824175824177
HHN-LON-02,2024-09-12,33,38,18.0,13.65625,18.932291666666668,0.0,0.7403415996352803,15,3.4833333333333334,0,64,35.484375,15,79.0,76.0,0.96875,Horizon Riverside,London,Large,Oncology,152,2024,9,3,12,3,37,0,0.7586805555555556,0.9620253164556962,-5,0.7213204951856946
HHN-LON-02,2024-09-13,33,29,18.0,13.979166666666666,18.890625,0.0,0.7360950108121443,8,3.3875,0,80,47.075,26,79.0,78.0,0.9375,Horizon Riverside,London,Large,Oncology,152,2024,9,3,13,4,37,0,0.7766203703703703,0.9873417721518988,4,0.7400055141990626
HHN-LON-02,2024-09-14,31,25,18.0,14.453125,18.8125,0.0,0.7629315335472467,0,0.0,0,107,49.21495327102804,32,79.0,79.0,1.0,Horizon Riverside,London,Large,Oncology,152,2024,9,3,14,5,37,1,0.8029513888888888,1.0,6,0.7682724252491694
HHN-LON-02,2024-09-15,43,41,18.0,14.125,18.807291666666668,0.0,0.7889962278059853,0,0.0,0,134,49.298507462686565,43,79.0,78.0,0.96875,Horizon Riverside,London,Large,Oncology,152,2024,9,3,15,6,37,1,0.7847222222222222,0.9873417721518988,2,0.7510384934921074
HHN-LON-02,2024-09-16,45,45,18.0,14.515625,18.885416666666668,0.0,0.7971265939766621,8,2.9,1,109,49.11009174311926,36,79.0,79.0,1.0,Horizon Riverside,London,Large,Oncology,152,2024,9,3,16,0,38,0,0.8064236111111112,1.0,0,0.76861555432984
HHN-LON-02,2024-09-17,44,44,18.0,14.135416666666666,18.875,0.0,0.7985446641097184,16,3.325,1,92,61.30434782608695,31,79.0,77.0,0.9375,Horizon Riverside,London,Large,Oncology,152,2024,9,3,17,1,38,0,0.7853009259259259,0.9746835443037974,0,0.7488962472406181
HHN-LON-02,2024-09-18,19,43,18.0,13.359375,18.932291666666668,0.0,0.7494148401697843,3,2.9,0,52,32.05769230769231,12,79.0,79.0,1.0,Horizon Riverside,London,Large,Oncology,152,2024,9,3,18,2,38,0,0.7421875,1.0,-24,0.7056396148555708
HHN-LON-02,2024-09-19,27,33,18.0,12.479166666666666,18.9375,0.0,0.7091402024171738,10,3.95,4,104,41.02884615384615,20,79.0,79.0,1.0,Horizon Riverside,London,Large,Oncology,152,2024,9,3,19,3,38,0,0.693287037037037,1.0,-6,0.658965896589659
HHN-LON-02,2024-09-20,32,26,18.0,11.864583333333334,18.95833333333333,0.0,0.6797126642203817,8,2.4375,0,95,42.589473684210525,24,79.0,78.0,0.96875,Horizon Riverside,London,Large,Oncology,152,2024,9,3,20,4,38,0,0.6591435185185186,0.9873417721518988,6,0.625824175824176
HHN-LON-02,2024-09-21,44,32,18.0,12.776041666666666,18.875,0.0,0.7419870666178349,0,0.0,0,131,51.06870229007634,45,79.0,78.0,0.96875,Horizon Riverside,London,Large,Oncology,152,2024,9,3,21,5,38,1,0.7097800925925926,0.9873417721518988,12,0.6768763796909492
HHN-LON-02,2024-09-22,23,26,18.0,13.239583333333334,18.88020833333333,0.0,0.7775146172573435,0,0.0,0,64,42.578125,19,79.0,79.0,1.0,Horizon Riverside,London,Large,Oncology,152,2024,9,3,22,6,38,1,0.7355324074074074,1.0,-3,0.701241379310345
HHN-LON-02,2024-09-23,31,31,18.0,13.583333333333334,18.97395833333333,0.0,0.7886622201562618,15,3.146666666666667,1,49,48.51020408163265,17,79.0,79.0,1.0,Horizon Riverside,London,Large,Oncology,152,2024,9,3,23,0,39,0,0.7546296296296297,1.0,0,0.71589349437277
HHN-LON-02,2024-09-24,40,34,18.0,13.895833333333334,18.91145833333333,0.0,0.7846189268658526,15,3.02,1,96,45.958333333333336,28,79.0,79.0,1.0,Horizon Riverside,London,Large,Oncology,152,2024,9,3,24,1,39,0,0.7719907407407408,1.0,6,0.7347838061140184
HHN-LON-02,2024-09-25,31,43,18.0,14.041666666666666,18.932291666666668,0.0,0.7528660799808429,18,4.611111111111111,1,66,37.78787878787879,14,79.0,79.0,1.0,Horizon Riverside,London,Large,Oncology,152,2024,9,3,25,2,39,0,0.7800925925925926,1.0,-12,0.7416781292984869
HHN-LON-02,2024-09-26,46,44,18.0,13.713541666666666,18.984375,0.0,0.703351072544868,14,3.242857142857143,2,99,57.21212121212121,30,79.0,79.0,1.0,Horizon Riverside,London,Large,Oncology,152,2024,9,3,26,3,39,0,0.7618634259259259,1.0,2,0.7223593964334705
HHN-LON-02,2024-09-27,29,29,18.0,13.359375,18.92708333333333,0.0,0.6885696521076211,7,1.6714285714285713,0,69,57.44927536231884,22,79.0,78.0,0.96875,Horizon Riverside,London,Large,Oncology,152,2024,9,3,27,4,39,0,0.7421875,0.9873417721518988,0,0.7058337919647772
HHN-LON-02,2024-09-28,30,24,18.0,13.213541666666666,18.90625,0.0,0.6582616695266991,0,0.0,0,102,43.63725490196079,28,79.0,77.0,0.9375,Horizon Riverside,London,Large,Oncology,152,2024,9,3,28,5,39,1,0.7340856481481481,0.9746835443037974,6,0.6988980716253443
HHN-LON-02,2024-09-29,32,37,18.0,13.348958333333334,18.88020833333333,0.0,0.6970528543223327,0,0.0,0,130,46.33076923076923,38,79.0,79.0,1.0,Horizon Riverside,London,Large,Oncology,152,2024,9,3,29,6,39,1,0.7416087962962963,1.0,-5,0.7070344827586209
HHN-LON-02,2024-09-30,64,33,18.0,14.140625,18.80208333333333,0.0,0.7648091626386396,9,3.1,1,164,59.359756097560975,56,78.0,75.0,0.96875,Horizon Riverside,London,Large,Oncology,152,2024,9,3,30,0,40,0,0.7855902777777778,0.9615384615384616,31,0.75207756232687
HHN-LON-02,2024-10-01,58,34,18.0,14.786458333333334,18.916666666666668,0.0,0.8187617429266135,9,2.888888888888889,1,164,43.34756097560975,47,79.0,79.0,1.0,Horizon Riverside,London,Large,Oncology,152,2024,10,4,1,1,40,0,0.8214699074074074,1.0,24,0.7816629955947136
HHN-LON-02,2024-10-02,40,45,18.0,14.713541666666666,18.97395833333333,0.0,0.8161368534482758,15,3.2666666666666666,2,91,51.89010989010989,27,79.0,79.0,1.0,Horizon Riverside,London,Large,Oncology,152,2024,10,4,2,2,40,0,0.8174189814814814,1.0,-5,0.7754597858907496
HHN-LON-02,2024-10-03,51,43,18.0,15.276041666666666,18.92708333333333,0.0,0.839634219348659,18,3.6,0,96,56.10416666666666,34,79.0,78.0,0.96875,Horizon Riverside,London,Large,Oncology,152,2024,10,4,3,3,40,0,0.8486689814814814,0.9873417721518988,8,0.8070996147495874
HHN-LON-02,2024-10-04,35,47,18.0,15.651041666666666,18.921875,0.0208333333333333,0.8425993386151055,12,3.158333333333333,1,73,41.64383561643836,22,79.0,79.0,1.0,Horizon Riverside,London,Large,Oncology,152,2024,10,4,4,4,40,0,0.8695023148148148,1.0,-12,0.8271401045967519
HHN-LON-02,2024-10-05,31,38,18.0,15.083333333333334,18.807291666666668,0.125,0.8050708691751257,0,0.0,0,111,47.62162162162162,31,79.0,75.0,0.9375,Horizon Riverside,London,Large,Oncology,152,2024,10,4,5,5,40,1,0.837962962962963,0.9493670886075949,-7,0.8019939075048463
HHN-LON-02,2024-10-06,31,44,18.0,14.46875,18.84375,0.125,0.7918920262715092,0,0.0,0,89,45.87640449438202,34,79.0,79.0,1.0,Horizon Riverside,London,Large,Oncology,152,2024,10,4,6,6,40,1,0.8038194444444444,1.0,-13,0.7678275290215588
HHN-LON-02,2024-10-07,45,38,18.0,14.994791666666666,18.947916666666668,0.0625,0.81726478143504,14,3.4214285714285717,1,96,57.177083333333336,33,79.0,79.0,1.0,Horizon Riverside,London,Large,Oncology,152,2024,10,4,7,0,41,0,0.8330439814814814,1.0,7,0.791368884002199
HHN-LON-02,2024-10-08,60,40,18.0,15.192708333333334,18.92708333333333,0.0,0.8260841312943284,10,3.09,1,134,57.507462686567166,46,79.0,79.0,1.0,Horizon Riverside,London,Large,Oncology,152,2024,10,4,8,1,41,0,0.8440393518518519,1.0,20,0.8026967528893784
HHN-LON-02,2024-10-09,44,42,18.0,15.791666666666666,18.901041666666668,0.0,0.8491696247464503,15,3.9166666666666665,4,79,52.0,30,79.0,79.0,1.0,Horizon Riverside,London,Large,Oncology,152,2024,10,4,9,2,41,0,0.8773148148148148,1.0,2,0.8354918710388536
HHN-LON-02,2024-10-10,43,58,18.0,15.234375,18.90625,0.0,0.8502471131332482,11,3.1181818181818177,0,108,49.0,32,79.0,79.0,1.0,Horizon Riverside,London,Large,Oncology,152,2024,10,4,10,3,41,0,0.8463541666666666,1.0,-15,0.8057851239669421
HHN-LON-02,2024-10-11,36,40,18.0,14.333333333333334,18.84375,0.0,0.80074561395349,7,3.4285714285714284,2,96,46.51041666666666,30,79.0,79.0,1.0,Horizon Riverside,London,Large,Oncology,152,2024,10,4,11,4,41,0,0.7962962962962963,1.0,-4,0.7606412382531785
HHN-LON-02,2024-10-12,36,49,18.0,13.6875,18.78125,0.0,0.7871921848499372,0,0.0,0,124,43.274193548387096,34,79.0,79.0,1.0,Horizon Riverside,London,Large,Oncology,152,2024,10,4,12,5,41,1,0.7604166666666666,1.0,-13,0.7287853577371048
HHN-LON-02,2024-10-13,18,44,18.0,12.8125,18.90625,0.0,0.7684041912782035,0,0.0,0,60,46.66666666666666,20,79.0,70.0,0.84375,Horizon Riverside,London,Large,Oncology,152,2024,10,4,13,6,41,1,0.7118055555555556,0.8860759493670886,-26,0.6776859504132231
HHN-LON-02,2024-10-14,60,40,18.0,12.739583333333334,18.953125,0.0,0.767191069925445,14,3.1142857142857143,0,150,46.25333333333333,49,79.0,79.0,1.0,Horizon Riverside,London,Large,Oncology,152,2024,10,4,14,0,42,0,0.7077546296296297,1.0,20,0.6721626820555098
HHN-LON-02,2024-10-15,34,38,18.0,13.723958333333334,18.95833333333333,0.0,0.8085089399744572,17,2.6,0,54,31.425925925925927,11,79.0,79.0,1.0,Horizon Riverside,London,Large,Oncology,152,2024,10,4,15,1,42,0,0.7624421296296297,1.0,-4,0.7239010989010991
HHN-LON-02,2024-10-16,25,32,18.0,14.208333333333334,18.947916666666668,0.0,0.7838554795153593,11,3.1818181818181817,1,64,48.421875,21,79.0,75.0,0.9375,Horizon Riverside,London,Large,Oncology,152,2024,10,4,16,2,42,0,0.7893518518518519,0.9493670886075949,-7,0.7498625618471687
HHN-LON-02,2024-10-17,26,31,18.0,14.052083333333334,18.901041666666668,0.0,0.7584057700056687,7,3.057142857142857,1,58,33.87931034482759,13,79.0,78.0,0.96875,Horizon Riverside,London,Large,Oncology,152,2024,10,4,17,3,42,0,0.7806712962962963,0.9873417721518988,-5,0.743455497382199
HHN-LON-02,2024-10-18,29,39,18.0,13.427083333333334,18.94270833333333,0.0,0.7256980393330704,8,2.925,0,76,35.14473684210526,22,79.0,78.0,0.96875,Horizon Riverside,London,Large,Oncology,152,2024,10,4,18,4,42,0,0.7459490740740741,0.9873417721518988,-10,0.7088259554577951
HHN-LON-02,2024-10-19,22,29,18.0,12.21875,18.854166666666668,0.0,0.6878613896849667,0,0.0,0,104,41.72115384615385,24,78.0,75.0,0.90625,Horizon Riverside,London,Large,Oncology,152,2024,10,4,19,5,42,1,0.6788194444444444,0.9615384615384616,-7,0.6480662983425414
HHN-LON-02,2024-10-20,33,31,18.0,11.947916666666666,18.84375,0.0,0.6745064504707315,0,0.0,0,132,41.65151515151515,35,79.0,76.0,0.90625,Horizon Riverside,London,Large,Oncology,152,2024,10,4,20,6,42,1,0.6637731481481481,0.9620253164556962,2,0.6340519624101714
HHN-LON-02,2024-10-21,40,30,18.0,12.645833333333334,18.921875,0.0,0.7372884738186462,13,4.115384615384615,0,82,54.170731707317074,26,79.0,78.0,0.96875,Horizon Riverside,London,Large,Oncology,152,2024,10,4,21,0,43,0,0.7025462962962963,0.9873417721518988,10,0.668318194329755
HHN-LON-02,2024-10-22,30,32,18.0,12.979166666666666,18.84895833333333,0.0,0.750366487395202,9,3.522222222222222,1,68,39.95588235294117,19,79.0,79.0,1.0,Horizon Riverside,London,Large,Oncology,152,2024,10,4,22,1,43,0,0.7210648148148148,1.0,-2,0.6885880077369441
HHN-LON-02,2024-10-23,42,33,18.0,12.859375,18.92708333333333,0.0,0.742639396841983,11,3.145454545454545,0,124,50.685483870967744,33,79.0,78.0,0.96875,Horizon Riverside,London,Large,Oncology,152,2024,10,4,23,2,43,0,0.7144097222222222,0.9873417721518988,9,0.6794166208035225
HHN-LON-02,2024-10-24,34,30,18.0,14.59375,18.916666666666668,0.0,0.7971746229622116,10,3.61,1,105,38.647619047619045,26,79.0,75.0,0.9375,Horizon Riverside,London,Large,Oncology,152,2024,10,4,24,3,43,0,0.8107638888888888,0.9493670886075949,4,0.7714757709251101
HHN-LON-02,2024-10-25,51,32,18.0,14.796875,18.9375,0.0,0.7990747154944353,9,3.111111111111111,0,129,51.27906976744186,42,79.0,76.0,0.96875,Horizon Riverside,London,Large,Oncology,152,2024,10,4,25,4,43,0,0.8220486111111112,0.9620253164556962,19,0.7813531353135313
HHN-LON-02,2024-10-26,34,32,18.0,14.90625,18.890625,0.0,0.7963940536071218,0,0.0,0,126,43.25396825396825,36,79.0,78.0,0.9375,Horizon Riverside,London,Large,Oncology,152,2024,10,4,26,5,43,1,0.828125,0.9873417721518988,2,0.7890818858560794
HHN-LON-02,2024-10-27,36,46,18.0,14.010416666666666,18.92708333333333,0.0,0.77039551534433,0,0.0,0,125,48.536,34,79.0,74.0,0.90625,Horizon Riverside,London,Large,Oncology,152,2024,10,4,27,6,43,1,0.7783564814814814,0.9367088607594937,-10,0.7402311502476612
HHN-LON-02,2024-10-28,65,46,18.0,13.932291666666666,18.947916666666668,0.0,0.7947665411296877,13,2.669230769230769,1,174,45.66666666666666,58,79.0,79.0,1.0,Horizon Riverside,London,Large,Oncology,152,2024,10,4,28,0,44,0,0.7740162037037037,1.0,19,0.7352941176470588
HHN-LON-02,2024-10-29,46,31,18.0,14.822916666666666,18.88020833333333,0.0,0.8292641520672994,14,2.807142857142857,0,98,43.8469387755102,28,79.0,79.0,1.0,Horizon Riverside,London,Large,Oncology,152,2024,10,4,29,1,44,0,0.8234953703703703,1.0,15,0.7851034482758622
HHN-LON-02,2024-10-30,55,60,18.0,15.479166666666666,18.94270833333333,0.0,0.834146965343086,16,3.28125,1,111,59.68468468468468,41,79.0,77.0,0.9375,Horizon Riverside,London,Large,Oncology,152,2024,10,4,30,2,44,0,0.8599537037037037,0.9746835443037974,-5,0.8171569975254332
HHN-LON-02,2024-10-31,41,43,18.0,15.333333333333334,18.916666666666668,0.0,0.7853508141762452,9,3.322222222222222,2,86,74.33720930232558,32,79.0,75.0,0.90625,Horizon Riverside,London,Large,Oncology,152,2024,10,4,31,3,44,0,0.8518518518518519,0.9493670886075949,-2,0.8105726872246696
HHN-LON-02,2024-11-01,31,49,18.0,15.197916666666666,18.92708333333333,0.0208333333333333,0.8112550613897597,7,4.271428571428571,1,66,55.54545454545455,23,79.0,78.0,0.96875,Horizon Riverside,London,Large,Oncology,152,2024,11,4,1,4,44,0,0.8443287037037037,0.9873417721518988,-18,0.8029719317556413
HHN-LON-02,2024-11-02,28,40,18.0,13.833333333333334,18.885416666666668,0.25,0.7287396819359927,0,0.0,0,129,37.093023255813954,26,79.0,78.0,0.96875,Horizon Riverside,London,Large,Oncology,152,2024,11,4,2,5,44,1,0.7685185185185186,0.9873417721518988,-12,0.7324875896304468
HHN-LON-02,2024-11-03,21,41,18.0,12.166666666666666,18.83333333333333,0.25,0.6691993803647831,0,0.0,0,88,40.70454545454545,25,79.0,79.0,1.0,Horizon Riverside,London,Large,Oncology,152,2024,11,4,3,6,44,1,0.6759259259259259,1.0,-20,0.6460176991150444
HHN-LON-02,2024-11-04,34,40,18.0,11.223958333333334,18.979166666666668,0.25,0.6568012651660281,9,3.011111111111111,0,80,50.6375,24,79.0,79.0,1.0,Horizon Riverside,London,Large,Oncology,152,2024,11,4,4,0,45,0,0.6235532407407408,1.0,-6,0.5913830954994511
HHN-LON-02,2024-11-05,48,31,18.0,11.671875,18.89583333333333,0.25,0.648608666752955,14,3.4642857142857144,1,107,55.96261682242991,35,79.0,79.0,1.0,Horizon Riverside,London,Large,Oncology,152,2024,11,4,5,1,45,0,0.6484375,1.0,17,0.6176957001102538
HHN-LON-02,2024-11-06,53,35,18.0,13.177083333333334,18.94270833333333,0.25,0.7164550871288955,12,3.483333333333333,2,135,45.355555555555554,41,79.0,79.0,1.0,Horizon Riverside,London,Large,Oncology,152,2024,11,4,6,2,45,0,0.7320601851851852,1.0,18,0.6956282650536159
HHN-LON-02,2024-11-07,37,33,18.0,14.114583333333334,18.953125,0.1666666666666666,0.7404970010034665,10,2.92,4,119,55.12605042016807,33,79.0,79.0,1.0,Horizon Riverside,London,Large,Oncology,152,2024,11,4,7,3,45,0,0.7841435185185186,1.0,4,0.7447100851882386
HHN-LON-02,2024-11-08,59,44,18.0,15.109375,18.97395833333333,0.0,0.7858719196273075,9,3.822222222222222,2,125,48.48,41,79.0,79.0,1.0,Horizon Riverside,London,Large,Oncology,152,2024,11,4,8,4,45,0,0.8394097222222222,1.0,15,0.7963217128740051
HHN-LON-02,2024-11-09,30,46,18.0,15.005208333333334,18.765625,0.0,0.8076552159526297,0,0.0,0,94,48.64893617021277,31,78.0,76.0,0.96875,Horizon Riverside,London,Large,Oncology,152,2024,11,4,9,5,45,1,0.8336226851851852,0.9743589743589743,-16,0.7996114349153484
HHN-LON-02,2024-11-10,32,49,18.0,14.161458333333334,18.838541666666668,0.0,0.7783308738311591,0,0.0,0,105,49.48571428571429,34,79.0,72.0,0.90625,Horizon Riverside,London,Large,Oncology,152,2024,11,4,10,6,45,1,0.7867476851851852,0.9113924050632911,-17,0.7517279513408902
HHN-LON-02,2024-11-11,33,41,18.0,13.307291666666666,18.95833333333333,0.0,0.7724374139894551,9,2.2,0,79,56.29113924050633,26,79.0,79.0,1.0,Horizon Riverside,London,Large,Oncology,152,2024,11,4,11,0,46,0,0.7392939814814814,1.0,-8,0.7019230769230771
HHN-LON-02,2024-11-12,62,39,18.0,13.822916666666666,18.92708333333333,0.0,0.7645324473180076,9,4.433333333333334,0,166,60.16867469879518,54,79.0,78.0,0.96875,Horizon Riverside,London,Large,Oncology,152,2024,11,4,12,1,46,0,0.7679398148148148,0.9873417721518988,23,0.7303247110621905
HHN-LON-02,2024-11-13,38,41,18.0,14.932291666666666,18.91145833333333,0.0,0.8248753561253562,12,3.0500000000000003,0,65,50.92307692307692,21,79.0,78.0,0.96875,Horizon Riverside,London,Large,Oncology,152,2024,11,4,13,2,46,0,0.8295717592592592,0.9873417721518988,-3,0.7895896447259709
HHN-LON-02,2024-11-14,55,43,18.0,14.557291666666666,18.9375,0.0,0.8363223925576521,15,2.506666666666667,0,133,46.22556390977444,43,79.0,79.0,1.0,Horizon Riverside,London,Large,Oncology,152,2024,11,4,14,3,46,0,0.8087384259259259,1.0,12,0.7687018701870186
HHN-LON-02,2024-11-15,39,48,18.0,14.708333333333334,18.92708333333333,0.0,0.8496894315224464,10,2.6100000000000003,1,93,51.69892473118279,26,79.0,79.0,1.0,Horizon Riverside,London,Large,Oncology,152,2024,11,4,15,4,46,0,0.8171296296296297,1.0,-9,0.7771051183269128
HHN-LON-02,2024-11-16,23,37,18.0,14.067708333333334,18.88020833333333,0.0,0.7774145006095438,0,0.0,0,76,51.06578947368421,25,79.0,79.0,1.0,Horizon Riverside,London,Large,Oncology,152,2024,11,4,16,5,46,1,0.7815393518518519,1.0,-14,0.7451034482758623
HHN-LON-02,2024-11-17,23,31,18.0,13.229166666666666,18.83333333333333,0.0,0.7378308467819962,0,0.0,0,84,52.46428571428572,25,79.0,78.0,0.96875,Horizon Riverside,London,Large,Oncology,152,2024,11,4,17,6,46,1,0.7349537037037037,0.9873417721518988,-8,0.7024336283185842
HHN-LON-02,2024-11-18,50,32,18.0,13.057291666666666,18.90625,0.0,0.7392867850346775,11,2.9,2,136,40.16176470588236,38,79.0,79.0,1.0,Horizon Riverside,London,Large,Oncology,152,2024,11,4,18,0,47,0,0.7254050925925926,1.0,18,0.690633608815427
HHN-LON-02,2024-11-19,42,37,18.0,13.416666666666666,18.963541666666668,0.0,0.769748197193367,6,2.6,0,105,63.84761904761905,40,79.0,79.0,1.0,Horizon Riverside,London,Large,Oncology,152,2024,11,4,19,1,47,0,0.7453703703703703,1.0,5,0.7074979401263388
HHN-LON-02,2024-11-20,67,38,18.0,14.833333333333334,18.963541666666668,0.0,0.8320911159003832,13,3.476923076923077,0,111,80.85585585585585,48,79.0,78.0,0.96875,Horizon Riverside,London,Large,Oncology,152,2024,11,4,20,2,47,0,0.8240740740740741,0.9873417721518988,29,0.7822026915682505
HHN-LON-02,2024-11-21,33,55,18.0,15.520833333333334,18.828125,0.0,0.8364926201671891,10,3.89,1,95,51.92631578947368,28,79.0,79.0,1.0,Horizon Riverside,London,Large,Oncology,152,2024,11,4,21,3,47,0,0.8622685185185186,1.0,-22,0.8243430152143846
HHN-LON-02,2024-11-22,37,42,18.0,14.947916666666666,18.953125,0.0,0.823451831533728,4,3.575,0,101,49.78217821782178,31,79.0,79.0,1.0,Horizon Riverside,London,Large,Oncology,152,2024,11,4,22,4,47,0,0.8304398148148148,1.0,-5,0.7886782082989832
HHN-LON-02,2024-11-23,27,43,18.0,13.671875,18.80208333333333,0.0,0.7596834545164287,0,0.0,0,131,33.88549618320611,30,79.0,78.0,0.96875,Horizon Riverside,London,Large,Oncology,152,2024,11,4,23,5,47,1,0.7595486111111112,0.9873417721518988,-16,0.7271468144044323
HHN-LON-02,2024-11-24,34,25,18.0,13.34375,18.807291666666668,0.0,0.752344676267407,0,0.0,0,122,47.64754098360656,34,79.0,75.0,0.90625,Horizon Riverside,London,Large,Oncology,152,2024,11,4,24,6,47,1,0.7413194444444444,0.9493670886075949,9,0.7094987538078095
HHN-LON-02,2024-11-25,42,39,18.0,14.088541666666666,18.953125,0.0,0.7774461521980238,15,3.7266666666666666,0,96,36.09375,27,79.0,71.0,0.875,Horizon Riverside,London,Large,Oncology,152,2024,11,4,25,0,48,0,0.7826967592592592,0.8987341772151899,3,0.7433360813410277
HHN-LON-02,2024-11-26,27,41,18.0,14.817708333333334,18.92708333333333,0.0,0.7926230740975712,8,3.825,2,64,37.75,16,79.0,78.0,0.96875,Horizon Riverside,London,Large,Oncology,152,2024,11,4,26,1,48,0,0.8232060185185186,0.9873417721518988,-14,0.7828838745184372
HHN-LON-02,2024-11-27,31,33,18.0,14.21875,18.947916666666668,0.0,0.7421590248233567,8,3.15,1,81,47.098765432098766,25,79.0,78.0,0.96875,Horizon Riverside,London,Large,Oncology,152,2024,11,4,27,2,48,0,0.7899305555555556,0.9873417721518988,-2,0.7504123144584937
HHN-LON-02,2024-11-28,51,32,18.0,15.302083333333334,18.94270833333333,0.0,0.810548748793134,11,3.4545454545454546,3,138,47.56521739130435,43,79.0,77.0,0.9375,Horizon Riverside,London,Large,Oncology,152,2024,11,4,28,3,48,0,0.8501157407407408,0.9746835443037974,19,0.8078086334891397
HHN-LON-02,2024-11-29,41,40,18.0,15.807291666666666,18.921875,0.0,0.8227249856425503,6,3.633333333333333,0,90,61.977777777777774,33,79.0,79.0,1.0,Horizon Riverside,London,Large,Oncology,152,2024,11,4,29,4,48,0,0.8781828703703703,1.0,1,0.8353977429121937
HHN-LON-02,2024-11-30,22,44,18.0,14.651041666666666,18.875,0.0,0.7964893140712513,0,0.0,0,90,46.61111111111112,24,79.0,78.0,0.96875,Horizon Riverside,London,Large,Oncology,152,2024,11,4,30,5,48,1,0.8139467592592592,0.9873417721518988,-22,0.7762141280353201
HHN-LON-02,2024-12-01,27,28,18.0,13.453125,18.734375,0.0,0.7537646902786405,0,0.0,0,117,39.7948717948718,29,78.0,77.0,0.96875,Horizon Riverside,London,Large,Oncology,152,2024,12,4,1,6,48,1,0.7473958333333334,0.9871794871794872,-1,0.7180984153461217
HHN-LON-02,2024-12-02,52,36,18.0,13.817708333333334,18.86458333333333,0.0,0.7792077262084446,12,3.141666666666667,0,125,59.136,43,79.0,75.0,0.9375,Horizon Riverside,London,Large,Oncology,152,2024,12,4,2,0,49,0,0.767650462962963,0.9493670886075949,16,0.7324682495858644
HHN-LON-02,2024-12-03,55,41,18.0,14.515625,18.77083333333333,0.0,0.8205281380731432,12,2.8083333333333336,1,99,58.80808080808081,38,78.0,77.0,0.96875,Horizon Riverside,London,Large,Oncology,152,2024,12,4,3,1,49,0,0.8064236111111112,0.9871794871794872,14,0.7733074361820201
HHN-LON-02,2024-12-04,39,37,18.0,14.885416666666666,18.86458333333333,0.0,0.8223534545775357,6,3.083333333333333,0,117,43.9059829059829,34,79.0,76.0,0.90625,Horizon Riverside,London,Large,Oncology,152,2024,12,4,4,2,49,0,0.8269675925925926,0.9620253164556962,2,0.7890668139149642
HHN-LON-02,2024-12-05,50,39,18.0,14.8125,18.875,0.0,0.8153811825148032,10,3.11,0,134,46.28358208955224,39,79.0,79.0,1.0,Horizon Riverside,London,Large,Oncology,152,2024,12,4,5,3,49,0,0.8229166666666666,1.0,11,0.7847682119205298
HHN-LON-02,2024-12-06,38,48,18.0,14.765625,18.80208333333333,0.0,0.8136625123852558,15,2.5266666666666664,0,72,48.513888888888886,25,78.0,77.0,0.96875,Horizon Riverside,London,Large,Oncology,152,2024,12,4,6,4,49,0,0.8203125,0.9871794871794872,-10,0.7853185595567869
HHN-LON-02,2024-12-07,41,44,18.0,14.5,18.760416666666668,0.0,0.7744738586998983,0,0.0,0,137,46.74452554744526,41,78.0,72.0,0.875,Horizon Riverside,London,Large,Oncology,152,2024,12,4,7,5,49,1,0.8055555555555556,0.9230769230769231,-3,0.7729039422543031
HHN-LON-02,2024-12-08,39,45,18.0,13.802083333333334,18.791666666666668,0.0,0.749391615171137,0,0.0,0,147,42.67346938775511,42,79.0,70.0,0.84375,Horizon Riverside,London,Large,Oncology,152,2024,12,4,8,6,49,1,0.7667824074074074,0.8860759493670886,-6,0.7344789356984479
HHN-LON-02,2024-12-09,54,43,18.0,13.546875,18.90625,0.0,0.7454529127481714,6,3.2,1,131,56.50381679389313,46,79.0,78.0,0.96875,Horizon Riverside,London,Large,Oncology,152,2024,12,4,9,0,50,0,0.7526041666666666,0.9873417721518988,11,0.7165289256198347
HHN-LON-02,2024-12-10,27,45,18.0,13.90625,18.765625,0.0,0.7692789276443514,9,2.988888888888889,2,90,30.58888888888889,19,78.0,78.0,1.0,Horizon Riverside,London,Large,Oncology,152,2024,12,4,10,1,50,0,0.7725694444444444,1.0,-18,0.7410491257285595
HHN-LON-02,2024-12-11,55,35,18.0,14.5,18.869791666666668,0.0,0.7958267823086218,10,2.82,3,153,46.09803921568628,50,79.0,71.0,0.8125,Horizon Riverside,London,Large,Oncology,152,2024,12,4,11,2,50,0,0.8055555555555556,0.8987341772151899,20,0.7684239580458183
HHN-LON-02,2024-12-12,43,38,18.0,14.802083333333334,18.885416666666668,0.21875,0.7952649104965915,10,3.29,1,117,52.95726495726496,33,79.0,79.0,1.0,Horizon Riverside,London,Large,Oncology,152,2024,12,4,12,3,50,0,0.822337962962963,1.0,5,0.7837837837837838
HHN-LON-02,2024-12-13,43,53,18.0,14.734375,18.86458333333333,0.25,0.7965788230630896,4,5.875,1,106,55.990566037735846,38,78.0,74.0,0.9375,Horizon Riverside,London,Large,Oncology,152,2024,12,4,13,4,50,0,0.8185763888888888,0.9487179487179487,-10,0.7810601877415795
HHN-LON-02,2024-12-14,35,46,18.0,14.4375,18.8125,0.1979166666666666,0.8031850206339938,0,0.0,0,123,40.32520325203252,35,79.0,75.0,0.9375,Horizon Riverside,London,Large,Oncology,152,2024,12,4,14,5,50,1,0.8020833333333334,0.9493670886075949,-11,0.7674418604651163
HHN-LON-02,2024-12-15,20,46,18.0,14.083333333333334,18.885416666666668,0.0,0.8068805287919766,0,0.0,0,66,43.48484848484848,17,79.0,79.0,1.0,Horizon Riverside,London,Large,Oncology,152,2024,12,4,15,6,50,1,0.7824074074074074,1.0,-26,0.7457253171538886
HHN-LON-02,2024-12-16,54,33,18.0,13.484375,18.791666666666668,0.0,0.7841552639572978,14,3.2892857142857146,2,179,40.29608938547486,43,79.0,77.0,0.9375,Horizon Riverside,London,Large,Oncology,152,2024,12,4,16,0,51,0,0.7491319444444444,0.9746835443037974,21,0.7175720620842572
HHN-LON-02,2024-12-17,31,38,18.0,13.75,18.859375,0.0,0.804872477806576,5,3.84,0,98,40.47959183673469,25,79.0,78.0,0.96875,Horizon Riverside,London,Large,Oncology,152,2024,12,4,17,1,51,0,0.7638888888888888,0.9873417721518988,-7,0.7290803645401823
HHN-LON-02,2024-12-18,34,35,18.0,13.921875,18.859375,0.0,0.8079791011723483,5,3.8,1,134,35.23134328358209,31,79.0,78.0,0.96875,Horizon Riverside,London,Large,Oncology,152,2024,12,4,18,2,51,0,0.7734375,0.9873417721518988,-1,0.7381938690969345
HHN-LON-02,2024-12-19,39,30,18.0,13.984375,18.81770833333333,0.0,0.7885315572903641,3,3.533333333333333,1,98,61.44897959183673,36,79.0,78.0,0.96875,Horizon Riverside,London,Large,Oncology,152,2024,12,4,19,3,51,0,0.7769097222222222,0.9873417721518988,9,0.7431497370606146
HHN-LON-02,2024-12-20,30,45,18.0,13.572916666666666,18.8125,0.0,0.778205618223521,3,4.566666666666666,0,89,47.61797752808989,27,79.0,78.0,0.96875,Horizon Riverside,London,Large,Oncology,152,2024,12,4,20,4,51,0,0.7540509259259259,0.9873417721518988,-15,0.7214839424141749
HHN-LON-02,2024-12-21,38,39,18.0,13.390625,18.901041666666668,0.0,0.7659969920497516,0,0.0,0,141,45.765957446808514,40,79.0,77.0,0.9375,Horizon Riverside,London,Large,Oncology,152,2024,12,4,21,5,51,1,0.7439236111111112,0.9746835443037974,-1,0.7084596307522734
HHN-LON-02,2024-12-22,27,36,18.0,13.036458333333334,18.734375,0.0,0.7679186708153302,0,0.0,0,82,46.84146341463415,24,79.0,73.0,0.8125,Horizon Riverside,London,Large,Oncology,152,2024,12,4,22,6,51,1,0.7242476851851852,0.9240506329113924,-9,0.6958576591604115
HHN-LON-02,2024-12-23,30,35,18.0,12.307291666666666,18.86458333333333,0.0,0.7367596794000032,2,2.05,0,110,48.75454545454546,34,78.0,78.0,1.0,Horizon Riverside,London,Large,Oncology,152,2024,12,4,23,0,52,0,0.6837384259259259,1.0,-5,0.6524019878520156
HHN-LON-02,2024-12-24,56,31,18.0,12.3125,18.84375,0.0,0.7300603955517536,5,3.74,0,186,35.225806451612904,47,79.0,75.0,0.9375,Horizon Riverside,London,Large,Oncology,152,2024,12,4,24,1,52,0,0.6840277777777778,0.9493670886075949,25,0.6533996683250415
HHN-LON-02,2024-12-25,22,34,18.0,12.682291666666666,18.875,0.0,0.7426501001393242,0,0.0,0,74,52.33783783783784,23,79.0,79.0,1.0,Horizon Riverside,London,Large,Oncology,152,2024,12,4,25,2,52,0,0.7045717592592592,1.0,-12,0.6719094922737306
HHN-LON-02,2024-12-26,28,45,18.0,12.354166666666666,18.885416666666668,0.0,0.6978273562325287,0,0.0,0,85,52.24705882352941,30,79.0,76.0,0.90625,Horizon Riverside,London,Large,Oncology,152,2024,12,4,26,3,52,0,0.6863425925925926,0.9620253164556962,-17,0.6541643684500826
HHN-LON-02,2024-12-27,38,34,18.0,12.401041666666666,18.78645833333333,0.0,0.6914139385229437,4,3.1500000000000004,0,111,52.11711711711712,34,79.0,75.0,0.9375,Horizon Riverside,London,Large,Oncology,152,2024,12,4,27,4,52,0,0.6889467592592592,0.9493670886075949,4,0.6601053507069589
HHN-LON-02,2024-12-28,52,27,18.0,12.598958333333334,18.765625,0.0,0.7102159229499482,0,0.0,0,161,42.22360248447205,51,79.0,73.0,0.90625,Horizon Riverside,London,Large,Oncology,152,2024,12,4,28,5,52,1,0.6999421296296297,0.9240506329113924,25,0.6713849569802942
HHN-LON-02,2024-12-29,42,32,18.0,13.385416666666666,18.83333333333333,0.0,0.7741124053243729,0,0.0,0,144,39.81944444444444,42,79.0,70.0,0.84375,Horizon Riverside,London,Large,Oncology,152,2024,12,4,29,6,52,1,0.7436342592592592,0.8860759493670886,10,0.7107300884955754
HHN-LON-02,2024-12-30,28,40,18.0,13.494791666666666,18.744791666666668,0.0,0.7926215199521699,2,3.05,1,76,58.86842105263158,24,78.0,78.0,1.0,Horizon Riverside,London,Large,Oncology,152,2024,12,4,30,0,1,0,0.7497106481481481,1.0,-12,0.7199222006112809
HHN-LON-02,2024-12-31,26,39,18.0,12.838541666666666,18.86458333333333,0.0,0.7356593956809475,2,1.55,1,142,28.570422535211268,29,79.0,79.0,1.0,Horizon Riverside,London,Large,Oncology,152,2024,12,4,31,1,1,0,0.7132523148148148,1.0,-13,0.6805632247377141
HHN-LON-02,2025-01-01,28,42,18.0,12.03125,18.869791666666668,0.265625,0.7049151210366698,0,0.0,0,73,56.72602739726028,25,79.0,77.0,0.96875,Horizon Riverside,London,Large,Oncology,152,2025,1,1,1,2,1,0,0.6684027777777778,0.9746835443037974,-14,0.6375931548440519
HHN-LON-02,2025-01-02,41,21,18.0,12.338541666666666,18.947916666666668,0.375,0.7255309337031574,3,0.9666666666666668,0,132,39.871212121212125,39,79.0,79.0,1.0,Horizon Riverside,London,Large,Oncology,152,2025,1,1,2,3,1,0,0.685474537037037,1.0,20,0.6511819681143485
HHN-LON-02,2025-01-03,39,29,18.0,12.552083333333334,18.859375,0.375,0.751382935456053,4,2.55,1,186,29.93548387096774,39,79.0,77.0,0.9375,Horizon Riverside,London,Large,Oncology,152,2025,1,1,3,4,1,0,0.697337962962963,0.9746835443037974,10,0.6655619994476665
HHN-LON-02,2025-01-04,37,30,18.0,12.901041666666666,18.744791666666668,0.375,0.7615157375533105,0,0.0,0,111,69.01801801801801,36,79.0,77.0,0.9375,Horizon Riverside,London,Large,Oncology,152,2025,1,1,4,5,1,1,0.716724537037037,0.9746835443037974,7,0.6882467352042233
HHN-LON-02,2025-01-05,35,44,18.0,13.104166666666666,18.734375,0.375,0.7700071145293376,0,0.0,0,89,66.82022471910112,33,78.0,78.0,1.0,Horizon Riverside,London,Large,Oncology,152,2025,1,1,5,6,1,1,0.7280092592592592,1.0,-9,0.6994717820405894
HHN-LON-02,2025-01-06,46,32,18.0,12.802083333333334,18.890625,0.375,0.7395482559352256,9,2.3777777777777778,3,105,45.41904761904762,33,79.0,77.0,0.9375,Horizon Riverside,London,Large,Oncology,152,2025,1,1,6,0,2,0,0.7112268518518519,0.9746835443037974,14,0.677695064791839
HHN-LON-02,2025-01-07,50,26,18.0,13.177083333333334,18.854166666666668,0.375,0.7528039097604419,5,2.64,0,130,62.08461538461538,49,79.0,79.0,1.0,Horizon Riverside,London,Large,Oncology,152,2025,1,1,7,1,2,0,0.7320601851851852,1.0,24,0.6988950276243093
HHN-LON-02,2025-01-08,32,49,18.0,14.072916666666666,18.822916666666668,0.03125,0.7923011545048183,8,3.3,2,77,55.57142857142857,25,79.0,77.0,0.9375,Horizon Riverside,London,Large,Oncology,152,2025,1,1,8,2,2,0,0.7818287037037037,0.9746835443037974,-17,0.7476480354178195
HHN-LON-02,2025-01-09,36,43,18.0,13.979166666666666,18.875,0.0,0.7828009529665555,8,3.1125000000000003,1,92,49.119565217391305,27,79.0,79.0,1.0,Horizon Riverside,London,Large,Oncology,152,2025,1,1,9,3,2,0,0.7766203703703703,1.0,-7,0.7406181015452539
HHN-LON-02,2025-01-10,59,42,18.0,14.083333333333334,18.88020833333333,0.0,0.7610389092070126,5,3.4,3,210,41.11904761904762,54,79.0,79.0,1.0,Horizon Riverside,London,Large,Oncology,152,2025,1,1,10,4,2,0,0.7824074074074074,1.0,17,0.7459310344827589
HHN-LON-02,2025-01-11,43,47,18.0,14.302083333333334,18.859375,0.0,0.778029486677116,0,0.0,0,179,35.21787709497207,43,78.0,73.0,0.90625,Horizon Riverside,London,Large,Oncology,152,2025,1,1,11,5,2,1,0.7945601851851852,0.9358974358974359,-4,0.7583540458436896
HHN-LON-02,2025-01-12,29,41,18.0,14.104166666666666,18.828125,0.0,0.787302041513135,0,0.0,0,87,56.62068965517241,29,79.0,78.0,0.96875,Horizon Riverside,London,Large,Oncology,152,2025,1,1,12,6,2,1,0.7835648148148148,0.9873417721518988,-12,0.7491009681881051
HHN-LON-02,2025-01-13,42,47,18.0,14.213541666666666,18.765625,0.0,0.8140527229700658,7,2.742857142857143,1,116,39.63793103448276,36,78.0,78.0,1.0,Horizon Riverside,London,Large,Oncology,152,2025,1,1,13,0,3,0,0.7896412037037037,1.0,-5,0.7574243685817375
HHN-LON-02,2025-01-14,33,42,18.0,13.963541666666666,18.854166666666668,0.0,0.8118848093994941,5,3.88,0,111,47.02702702702703,34,79.0,76.0,0.90625,Horizon Riverside,London,Large,Oncology,152,2025,1,1,14,1,3,0,0.7757523148148148,0.9620253164556962,-9,0.7406077348066298
HHN-LON-02,2025-01-15,41,41,18.0,13.953125,18.869791666666668,0.0,0.8132368006942644,3,2.2666666666666666,5,132,45.11363636363637,34,79.0,78.0,0.96875,Horizon Riverside,London,Large,Oncology,152,2025,1,1,15,2,3,0,0.7751736111111112,0.9873417721518988,0,0.7394424510074523
HHN-LON-02,2025-01-16,35,34,18.0,13.885416666666666,18.854166666666668,0.0,0.803503787878788,9,3.9,1,91,47.53846153846154,26,79.0,78.0,0.96875,Horizon Riverside,London,Large,Oncology,152,2025,1,1,16,3,3,0,0.771412037037037,0.9873417721518988,1,0.73646408839779
HHN-LON-02,2025-01-17,37,37,18.0,14.104166666666666,18.71875,0.0,0.7782182973898237,9,3.855555555555556,1,106,39.33018867924528,26,78.0,78.0,1.0,Horizon Riverside,London,Large,Oncology,152,2025,1,1,17,4,3,0,0.7835648148148148,1.0,0,0.7534780189204229
HHN-LON-02,2025-01-18,36,27,18.0,14.328125,18.890625,0.0,0.80008135842698,0,0.0,0,147,48.93197278911565,42,79.0,71.0,0.875,Horizon Riverside,London,Large,Oncology,152,2025,1,1,18,5,3,1,0.7960069444444444,0.8987341772151899,9,0.7584780810587263
HHN-LON-02,2025-01-19,38,45,18.0,13.963541666666666,18.73958333333333,0.0,0.7913469509089438,0,0.0,0,150,38.06,39,78.0,73.0,0.84375,Horizon Riverside,London,Large,Oncology,152,2025,1,1,19,6,3,1,0.7757523148148148,0.9358974358974359,-7,0.7451361867704281
HHN-LON-02,2025-01-20,63,37,18.0,14.4375,18.828125,0.0,0.8175251436781609,13,3.407692307692308,1,164,52.3109756097561,48,79.0,78.0,0.96875,Horizon Riverside,London,Large,Oncology,152,2025,1,1,20,0,4,0,0.8020833333333334,0.9873417721518988,26,0.7668049792531121
HHN-LON-02,2025-01-21,49,51,18.0,14.770833333333334,18.932291666666668,0.0,0.8332136015325671,17,3.288235294117647,1,107,51.23364485981308,30,79.0,79.0,1.0,Horizon Riverside,London,Large,Oncology,152,2025,1,1,21,1,4,0,0.8206018518518519,1.0,-2,0.7801925722145805
HHN-LON-02,2025-01-22,33,43,18.0,14.947916666666666,18.822916666666668,0.0,0.828155915775401,7,3.642857142857143,1,97,44.350515463917525,29,79.0,79.0,1.0,Horizon Riverside,London,Large,Oncology,152,2025,1,1,22,2,4,0,0.8304398148148148,1.0,-10,0.7941339236303264
HHN-LON-02,2025-01-23,81,41,18.0,15.28125,18.901041666666668,0.0,0.833480004789272,10,4.23,0,172,59.49418604651163,69,79.0,79.0,1.0,Horizon Riverside,London,Large,Oncology,152,2025,1,1,23,3,4,0,0.8489583333333334,1.0,40,0.8084871865527693
HHN-LON-02,2025-01-24,43,55,18.0,15.276041666666666,18.86458333333333,0.0,0.8321718041581074,5,3.86,0,133,42.00751879699248,38,79.0,75.0,0.9375,Horizon Riverside,London,Large,Oncology,152,2025,1,1,24,4,4,0,0.8486689814814814,0.9493670886075949,-12,0.8097736057426838
HHN-LON-02,2025-01-25,47,45,18.0,14.671875,18.760416666666668,0.0,0.8253301090405976,0,0.0,0,171,40.68421052631579,47,79.0,78.0,0.96875,Horizon Riverside,London,Large,Oncology,152,2025,1,1,25,5,4,1,0.8151041666666666,0.9873417721518988,2,0.7820655191560244
HHN-LON-02,2025-01-26,35,58,18.0,14.479166666666666,18.89583333333333,0.0,0.8265984195402298,0,0.0,0,172,38.75,38,79.0,79.0,1.0,Horizon Riverside,London,Large,Oncology,152,2025,1,1,26,6,4,1,0.8043981481481481,1.0,-23,0.7662624035281148
HHN-LON-02,2025-01-27,33,50,18.0,13.796875,18.84895833333333,0.0,0.8034091653563942,6,3.7,0,91,42.91208791208791,26,79.0,76.0,0.90625,Horizon Riverside,London,Large,Oncology,152,2025,1,1,27,0,5,0,0.7664930555555556,0.9620253164556962,-17,0.7319701575020726
HHN-LON-02,2025-01-28,72,40,18.0,13.942708333333334,18.84895833333333,0.0,0.802225639167196,13,3.607692307692308,0,184,48.54891304347826,61,79.0,78.0,0.96875,Horizon Riverside,London,Large,Oncology,152,2025,1,1,28,1,5,0,0.7745949074074074,0.9873417721518988,32,0.7397071014092292
HHN-LON-02,2025-01-29,53,42,18.0,15.005208333333334,18.822916666666668,0.0,0.841621638957307,15,3.1,1,133,40.87218045112782,36,78.0,72.0,0.84375,Horizon Riverside,London,Large,Oncology,152,2025,1,1,29,2,5,0,0.8336226851851852,0.9230769230769231,11,0.7971776425013835
HHN-LON-02,2025-01-30,44,57,18.0,14.526041666666666,18.92708333333333,0.0,0.8141463122605365,6,4.116666666666666,2,111,52.34234234234234,40,79.0,79.0,1.0,Horizon Riverside,London,Large,Oncology,152,2025,1,1,30,3,5,0,0.8070023148148148,1.0,-13,0.7674738580077052
HHN-LON-02,2025-01-31,58,45,18.0,14.510416666666666,18.890625,0.0,0.8335061056639721,6,2.3666666666666667,0,164,51.55487804878049,49,79.0,79.0,1.0,Horizon Riverside,London,Large,Oncology,152,2025,1,1,31,4,5,0,0.8061342592592592,1.0,13,0.7681279294182519
HHN-LON-02,2025-02-01,39,47,18.0,14.0625,18.765625,0.0,0.8043484433282605,0,0.0,0,124,46.24193548387097,39,78.0,73.0,0.84375,Horizon Riverside,London,Large,Oncology,152,2025,2,1,1,5,5,1,0.78125,0.9358974358974359,-8,0.7493755203996669
HHN-LON-02,2025-02-02,40,48,18.0,13.765625,18.854166666666668,0.0,0.7950939505896403,0,0.0,0,123,51.68292682926829,42,79.0,78.0,0.96875,Horizon Riverside,London,Large,Oncology,152,2025,2,1,2,6,5,1,0.7647569444444444,0.9873417721518988,-8,0.730110497237569
HHN-LON-02,2025-02-03,57,49,18.0,13.791666666666666,18.84895833333333,0.0,0.8079429077358422,11,3.036363636363636,1,156,49.19230769230769,47,79.0,76.0,0.90625,Horizon Riverside,London,Large,Oncology,152,2025,2,1,3,0,6,0,0.7662037037037037,0.9620253164556962,8,0.731693838076817
HHN-LON-02,2025-02-04,61,51,18.0,14.572916666666666,18.822916666666668,0.0,0.8473224871392975,19,2.9,1,151,43.450331125827816,42,79.0,77.0,0.9375,Horizon Riverside,London,Large,Oncology,152,2025,2,1,4,1,6,0,0.8096064814814814,0.9746835443037974,10,0.7742114001106806
HHN-LON-02,2025-02-05,27,58,18.0,14.96875,18.859375,0.0,0.8171396072796936,9,3.1,0,74,46.13513513513514,18,79.0,72.0,0.84375,Horizon Riverside,London,Large,Oncology,152,2025,2,1,5,2,6,0,0.8315972222222222,0.9113924050632911,-31,0.7937033968516984
HHN-LON-02,2025-02-06,32,47,18.0,14.661458333333334,18.84375,0.0,0.8313984674329502,10,2.22,1,85,25.305882352941172,20,79.0,78.0,0.96875,Horizon Riverside,London,Large,Oncology,152,2025,2,1,6,3,6,0,0.814525462962963,0.9873417721518988,-15,0.7780541735765617
HHN-LON-02,2025-02-07,44,41,18.0,14.15625,18.86458333333333,0.0,0.7961098511882403,6,2.5500000000000003,0,84,72.97619047619048,38,79.0,78.0,0.96875,Horizon Riverside,London,Large,Oncology,152,2025,2,1,7,4,6,0,0.7864583333333334,0.9873417721518988,3,0.7504141358365546
HHN-LON-02,2025-02-08,39,38,18.0,13.958333333333334,18.838541666666668,0.0,0.7959406750899102,0,0.0,0,132,42.46969696969697,39,78.0,73.0,0.90625,Horizon Riverside,London,Large,Oncology,152,2025,2,1,8,5,6,1,0.775462962962963,0.9358974358974359,1,0.7409455349737352
HHN-LON-02,2025-02-09,38,31,18.0,13.385416666666666,18.81770833333333,0.0,0.7882734674329502,0,0.0,0,121,57.53719008264463,42,79.0,79.0,1.0,Horizon Riverside,London,Large,Oncology,152,2025,2,1,9,6,6,1,0.7436342592592592,1.0,7,0.7113202324937726
HHN-LON-02,2025-02-10,45,46,18.0,14.385416666666666,18.81770833333333,0.0,0.8300992681156115,7,3.271428571428572,0,136,44.02941176470589,36,79.0,78.0,0.96875,Horizon Riverside,London,Large,Oncology,152,2025,2,1,10,0,7,0,0.7991898148148148,0.9873417721518988,-1,0.7644616662053697
HHN-LON-02,2025-02-11,47,46,18.0,13.932291666666666,18.885416666666668,0.0,0.7969002265114823,6,3.65,0,138,45.60869565217392,42,79.0,74.0,0.90625,Horizon Riverside,London,Large,Oncology,152,2025,2,1,11,1,7,0,0.7740162037037037,0.9367088607594937,1,0.737727523441809
HHN-LON-02,2025-02-12,52,43,18.0,14.364583333333334,18.875,0.0,0.8337025063856961,8,3.0625,1,133,53.62406015037594,44,79.0,79.0,1.0,Horizon Riverside,London,Large,Oncology,152,2025,2,1,12,2,7,0,0.7980324074074074,1.0,9,0.761037527593819
HHN-LON-02,2025-02-13,40,40,18.0,14.9375,18.90625,0.0,0.8282596982758621,8,3.6125,2,130,35.06153846153846,30,79.0,78.0,0.96875,Horizon Riverside,London,Large,Oncology,152,2025,2,1,13,3,7,0,0.8298611111111112,0.9873417721518988,0,0.7900826446280992
HHN-LON-02,2025-02-14,56,49,18.0,15.177083333333334,18.890625,0.0,0.8388122093746412,8,2.625,0,189,39.49206349206349,52,79.0,75.0,0.875,Horizon Riverside,London,Large,Oncology,152,2025,2,1,14,4,7,0,0.8431712962962963,0.9493670886075949,7,0.8034188034188035
HHN-LON-02,2025-02-15,52,48,18.0,14.838541666666666,18.765625,0.0,0.823235351574084,0,0.0,0,134,60.56716417910448,51,78.0,71.0,0.875,Horizon Riverside,London,Large,Oncology,152,2025,2,1,15,5,7,1,0.8243634259259259,0.9102564102564102,4,0.7907299472661671
HHN-LON-02,2025-02-16,35,39,18.0,14.0,18.77083333333333,0.0,0.8163385278268844,0,0.0,0,120,51.2,37,78.0,75.0,0.875,Horizon Riverside,London,Large,Oncology,152,2025,2,1,16,6,7,1,0.7777777777777778,0.9615384615384616,-4,0.7458379578246395
HHN-LON-02,2025-02-17,41,56,18.0,13.65625,18.91145833333333,0.0,0.8036548132183908,4,4.875,2,111,53.63963963963964,35,79.0,77.0,0.9375,Horizon Riverside,London,Large,Oncology,152,2025,2,1,17,0,8,0,0.7586805555555556,0.9746835443037974,-15,0.7221151198017077
HHN-LON-02,2025-02-18,43,51,18.0,13.786458333333334,18.89583333333333,0.0,0.8100252493238674,12,2.9791666666666665,1,108,43.98148148148148,29,79.0,71.0,0.8125,Horizon Riverside,London,Large,Oncology,152,2025,2,1,18,1,8,0,0.7659143518518519,0.8987341772151899,-8,0.729603087100331
HHN-LON-02,2025-02-19,46,42,18.0,13.875,18.869791666666668,0.0,0.7840448920392347,16,2.7,1,99,51.84848484848485,32,79.0,77.0,0.90625,Horizon Riverside,London,Large,Oncology,152,2025,2,1,19,2,8,0,0.7708333333333334,0.9746835443037974,4,0.7353022357162572
HHN-LON-02,2025-02-20,24,47,18.0,13.364583333333334,18.92708333333333,0.0,0.7139691182659932,13,3.369230769230769,2,37,33.2972972972973,9,79.0,76.0,0.90625,Horizon Riverside,London,Large,Oncology,152,2025,2,1,20,3,8,0,0.7424768518518519,0.9620253164556962,-23,0.7061089708310404
HHN-LON-02,2025-02-21,43,41,18.0,13.041666666666666,18.78125,0.0,0.6797222882437682,9,3.2777777777777777,3,135,34.85925925925926,38,79.0,78.0,0.96875,Horizon Riverside,London,Large,Oncology,152,2025,2,1,21,4,8,0,0.724537037037037,0.9873417721518988,2,0.6943982251802551
HHN-LON-02,2025-02-22,33,31,18.0,13.604166666666666,18.78645833333333,0.0,0.7110047253593437,0,0.0,0,108,48.2037037037037,32,79.0,79.0,1.0,Horizon Riverside,London,Large,Oncology,152,2025,2,1,22,5,8,1,0.755787037037037,1.0,2,0.7241474909897423
HHN-LON-02,2025-02-23,38,37,18.0,14.046875,18.80208333333333,0.0,0.768222350384337,0,0.0,0,126,46.46825396825397,39,79.0,78.0,0.96875,Horizon Riverside,London,Large,Oncology,152,2025,2,1,23,6,8,1,0.7803819444444444,0.9873417721518988,1,0.7470914127423824
HHN-LON-02,2025-02-24,39,43,18.0,13.71875,18.885416666666668,0.0,0.7426914620341344,9,4.9,2,142,37.84507042253521,34,79.0,78.0,0.9375,Horizon Riverside,London,Large,Oncology,152,2025,2,1,24,0,9,0,0.7621527777777778,0.9873417721518988,-4,0.7264202978488692
HHN-LON-02,2025-02-25,39,32,18.0,13.489583333333334,18.86458333333333,0.0,0.7495306652136646,7,2.6714285714285717,2,110,36.49090909090909,28,79.0,78.0,0.96875,Horizon Riverside,London,Large,Oncology,152,2025,2,1,25,1,9,0,0.7494212962962963,0.9873417721518988,7,0.71507454445058
HHN-LON-02,2025-02-26,46,37,18.0,14.276041666666666,18.875,0.0,0.7724205053407639,20,4.04,1,93,36.70967741935484,23,79.0,78.0,0.96875,Horizon Riverside,London,Large,Oncology,152,2025,2,1,26,2,9,0,0.7931134259259259,0.9873417721518988,9,0.7563465783664459
HHN-LON-02,2025-02-27,34,35,18.0,15.041666666666666,18.83333333333333,0.0,0.7903714651717051,11,2.6818181818181817,1,88,35.60227272727273,22,79.0,74.0,0.90625,Horizon Riverside,London,Large,Oncology,152,2025,2,1,27,3,9,0,0.8356481481481481,0.9367088607594937,-1,0.7986725663716816
HHN-LON-02,2025-02-28,39,37,18.0,15.098958333333334,18.86458333333333,0.0,0.7919797059596355,8,3.625,0,142,40.30281690140845,35,79.0,77.0,0.9375,Horizon Riverside,London,Large,Oncology,152,2025,2,1,28,4,9,0,0.8388310185185186,0.9746835443037974,2,0.8003865267807844
HHN-LON-02,2025-03-01,25,39,18.0,14.473958333333334,18.91145833333333,0.0,0.7704616258511416,0,0.0,0,77,45.81818181818182,24,79.0,75.0,0.90625,Horizon Riverside,London,Large,Oncology,152,2025,3,1,1,5,9,1,0.8041087962962963,0.9493670886075949,-14,0.7653538969980723
HHN-LON-02,2025-03-02,34,37,18.0,13.447916666666666,18.822916666666668,0.0,0.7366796641074234,0,0.0,0,121,51.28099173553719,33,79.0,78.0,0.96875,Horizon Riverside,London,Large,Oncology,152,2025,3,1,2,6,9,1,0.7471064814814814,0.9873417721518988,-3,0.7144438295517431
HHN-LON-02,2025-03-03,50,38,18.0,13.604166666666666,18.90625,0.0,0.7711212338906304,9,2.511111111111111,0,124,58.95161290322581,44,79.0,78.0,0.96875,Horizon Riverside,London,Large,Oncology,152,2025,3,1,3,0,10,0,0.755787037037037,0.9873417721518988,12,0.7195592286501377
HHN-LON-02,2025-03-04,52,39,18.0,13.760416666666666,18.921875,0.0,0.7767681163424699,12,3.35,2,137,54.02189781021898,44,79.0,78.0,0.96875,Horizon Riverside,London,Large,Oncology,152,2025,3,1,4,1,10,0,0.7644675925925926,0.9873417721518988,13,0.7272226809799064
HHN-LON-02,2025-03-05,37,45,18.0,14.359375,18.92708333333333,0.0,0.7887794975618251,9,3.522222222222222,0,110,36.48181818181818,24,79.0,78.0,0.96875,Horizon Riverside,London,Large,Oncology,152,2025,3,1,5,2,10,0,0.7977430555555556,0.9873417721518988,-8,0.758668134287287
HHN-LON-02,2025-03-06,43,43,18.0,14.729166666666666,18.921875,0.0,0.8186174507564594,10,3.59,0,131,39.458015267175576,35,79.0,74.0,0.875,Horizon Riverside,London,Large,Oncology,152,2025,3,1,6,3,10,0,0.818287037037037,0.9367088607594937,0,0.7784200385356455
HHN-LON-02,2025-03-07,55,38,18.0,14.71875,18.88020833333333,0.0,0.8203676705356472,6,3.4166666666666665,0,115,69.24347826086957,48,79.0,79.0,1.0,Horizon Riverside,London,Large,Oncology,152,2025,3,1,7,4,10,0,0.8177083333333334,1.0,17,0.7795862068965519
HHN-LON-02,2025-03-08,37,41,18.0,14.536458333333334,18.796875,0.0,0.8170236730223879,0,0.0,0,138,41.10144927536232,36,78.0,78.0,1.0,Horizon Riverside,London,Large,Oncology,152,2025,3,1,8,5,10,1,0.8075810185185186,1.0,-4,0.773344416735938
HHN-LON-02,2025-03-09,28,45,18.0,13.739583333333334,18.828125,0.0,0.7906847298415186,0,0.0,0,114,44.578947368421055,29,79.0,73.0,0.875,Horizon Riverside,London,Large,Oncology,152,2025,3,1,9,6,10,1,0.7633101851851852,0.9240506329113924,-17,0.7297372060857539
HHN-LON-02,2025-03-10,36,36,18.0,13.78125,18.953125,0.0,0.7765455141249152,8,3.675,0,90,41.05555555555556,26,79.0,78.0,0.96875,Horizon Riverside,London,Large,Oncology,152,2025,3,1,10,0,11,0,0.765625,0.9873417721518988,0,0.7271228359439407
HHN-LON-02,2025-03-11,28,39,18.0,13.796875,18.97395833333333,0.0,0.7837602860501568,9,2.5,0,96,36.520833333333336,23,79.0,79.0,1.0,Horizon Riverside,London,Large,Oncology,152,2025,3,1,11,1,11,0,0.7664930555555556,1.0,-11,0.7271479549821578
HHN-LON-02,2025-03-12,43,33,18.0,14.739583333333334,18.86458333333333,0.0,0.8359177842565054,17,2.923529411764706,0,106,37.34905660377358,25,79.0,78.0,0.96875,Horizon Riverside,London,Large,Oncology,152,2025,3,1,12,2,11,0,0.8188657407407408,0.9873417721518988,10,0.7813362782992824
HHN-LON-02,2025-03-13,44,30,18.0,15.244791666666666,18.80208333333333,0.0,0.8113023462213382,12,4.008333333333334,1,99,47.01010101010101,31,79.0,78.0,0.96875,Horizon Riverside,London,Large,Oncology,152,2025,3,1,13,3,11,0,0.8469328703703703,0.9873417721518988,14,0.8108033240997231
HHN-LON-02,2025-03-14,31,38,18.0,15.442708333333334,18.89583333333333,0.0,0.8279602098657901,9,2.855555555555556,1,62,53.45161290322581,20,79.0,77.0,0.9375,Horizon Riverside,London,Large,Oncology,152,2025,3,1,14,4,11,0,0.8579282407407408,0.9746835443037974,-7,0.817254685777288
HHN-LON-02,2025-03-15,25,38,18.0,14.442708333333334,18.885416666666668,0.0,0.7852016029548357,0,0.0,0,93,51.354838709677416,27,79.0,77.0,0.9375,Horizon Riverside,London,Large,Oncology,152,2025,3,1,15,5,11,1,0.8023726851851852,0.9746835443037974,-13,0.7647545504688361
HHN-LON-02,2025-03-16,21,44,18.0,12.927083333333334,18.807291666666668,0.0,0.7284638647778862,0,0.0,0,63,45.66666666666666,20,79.0,77.0,0.9375,Horizon Riverside,London,Large,Oncology,152,2025,3,1,16,6,11,1,0.7181712962962963,0.9746835443037974,-23,0.6873442259761838
HHN-LON-02,2025-03-17,58,40,18.0,12.739583333333334,18.875,0.0,0.7701383414520458,10,2.72,1,153,58.12418300653595,53,79.0,78.0,0.96875,Horizon Riverside,London,Large,Oncology,152,2025,3,1,17,0,12,0,0.7077546296296297,0.9873417721518988,18,0.674944812362031
HHN-LON-02,2025-03-18,49,42,18.0,13.604166666666666,18.94270833333333,0.0,0.7952901143150574,13,3.4153846153846152,3,119,39.90756302521008,35,79.0,79.0,1.0,Horizon Riverside,London,Large,Oncology,152,2025,3,1,18,1,12,0,0.755787037037037,1.0,7,0.7181743194940887
HHN-LON-02,2025-03-19,44,38,18.0,13.880208333333334,18.932291666666668,0.0,0.7937581816730525,4,3.675,0,113,48.743362831858406,39,79.0,79.0,1.0,Horizon Riverside,London,Large,Oncology,152,2025,3,1,19,2,12,0,0.7711226851851852,1.0,6,0.733149931224209
HHN-LON-02,2025-03-20,48,33,18.0,14.447916666666666,18.90625,0.0,0.8128573994252873,10,2.81,0,105,56.44761904761905,38,79.0,77.0,0.9375,Horizon Riverside,London,Large,Oncology,152,2025,3,1,20,3,12,0,0.802662037037037,0.9746835443037974,15,0.7641873278236915
HHN-LON-02,2025-03-21,22,32,18.0,14.567708333333334,18.947916666666668,0.0,0.8135775862068965,7,4.0285714285714285,0,84,35.57142857142857,16,79.0,79.0,1.0,Horizon Riverside,London,Large,Oncology,152,2025,3,1,21,4,12,0,0.8093171296296297,1.0,-10,0.7688290269378779
HHN-LON-02,2025-03-22,37,38,18.0,14.28125,18.854166666666668,0.0,0.787444644423433,0,0.0,0,101,58.04950495049505,38,79.0,79.0,1.0,Horizon Riverside,London,Large,Oncology,152,2025,3,1,22,5,12,1,0.7934027777777778,1.0,-1,0.7574585635359116
HHN-LON-02,2025-03-23,34,31,18.0,14.401041666666666,18.869791666666668,0.0,0.8050146602428171,0,0.0,0,150,37.473333333333336,35,79.0,73.0,0.875,Horizon Riverside,London,Large,Oncology,152,2025,3,1,23,6,12,1,0.8000578703703703,0.9240506329113924,3,0.7631796853436378
HHN-LON-02,2025-03-24,53,44,18.0,14.557291666666666,18.94270833333333,0.0,0.8358626676245211,15,3.06,3,116,39.52586206896552,34,79.0,77.0,0.9375,Horizon Riverside,London,Large,Oncology,152,2025,3,1,24,0,13,0,0.8087384259259259,0.9746835443037974,9,0.7684905141600221
HHN-LON-02,2025-03-25,52,47,18.0,14.598958333333334,18.9375,0.0052083333333333,0.8333005496259807,11,3.4909090909090907,1,130,59.315384615384616,47,79.0,76.0,0.90625,Horizon Riverside,London,Large,Oncology,152,2025,3,1,25,1,13,0,0.8110532407407408,0.9620253164556962,5,0.7709020902090209
HHN-LON-02,2025-03-26,40,52,18.0,14.088541666666666,18.921875,0.125,0.7745833011553093,7,4.714285714285714,0,126,37.07936507936508,30,79.0,76.0,0.90625,Horizon Riverside,London,Large,Oncology,152,2025,3,1,26,2,13,0,0.7826967592592592,0.9620253164556962,-12,0.7445637214423342
HHN-LON-02,2025-03-27,40,37,18.0,14.244791666666666,18.916666666666668,0.125,0.7939693268895854,8,2.325,1,101,51.415841584158414,33,79.0,79.0,1.0,Horizon Riverside,London,Large,Oncology,152,2025,3,1,27,3,13,0,0.7913773148148148,1.0,3,0.7530286343612334
HHN-LON-02,2025-03-28,23,46,18.0,13.713541666666666,18.963541666666668,0.125,0.7807490632747353,8,3.2375,2,106,22.79245283018868,13,79.0,79.0,1.0,Horizon Riverside,London,Large,Oncology,152,2025,3,1,28,4,13,0,0.7618634259259259,1.0,-23,0.7231529799505629
HHN-LON-02,2025-03-29,22,34,18.0,13.130208333333334,18.916666666666668,0.125,0.7567125641237425,0,0.0,0,88,45.23863636363637,22,79.0,75.0,0.90625,Horizon Riverside,London,Large,Oncology,152,2025,3,1,29,5,13,1,0.7294560185185186,0.9493670886075949,-12,0.6941079295154184
HHN-LON-02,2025-03-30,24,36,18.0,12.286458333333334,18.8125,0.0260416666666666,0.7325392464567516,0,0.0,0,88,40.94318181818182,23,79.0,79.0,1.0,Horizon Riverside,London,Large,Oncology,152,2025,3,1,30,6,13,1,0.6825810185185186,1.0,-12,0.6531007751937985
HHN-LON-02,2025-03-31,33,29,18.0,11.833333333333334,18.885416666666668,0.0,0.7222418416537693,8,2.2,3,100,46.87,29,79.0,79.0,1.0,Horizon Riverside,London,Large,Oncology,152,2025,3,1,31,0,14,0,0.6574074074074074,1.0,4,0.6265857694429123
HHN-LON-02,2025-04-01,46,32,18.0,12.572916666666666,18.921875,0.0,0.7767865980204341,12,1.9,2,105,49.10476190476191,33,79.0,79.0,1.0,Horizon Riverside,London,Large,Oncology,152,2025,4,2,1,1,14,0,0.6984953703703703,1.0,14,0.6644646297825488
HHN-LON-02,2025-04-02,37,48,18.0,12.921875,18.979166666666668,0.0,0.7824777044874027,13,3.5461538461538464,1,89,44.651685393258425,25,79.0,77.0,0.9375,Horizon Riverside,London,Large,Oncology,152,2025,4,2,2,2,14,0,0.7178819444444444,0.9746835443037974,-11,0.6808452250274424
HHN-LON-02,2025-04-03,51,34,18.0,12.713541666666666,18.94270833333333,0.390625,0.7738067464174367,7,3.571428571428572,1,137,55.934306569343065,45,79.0,74.0,0.875,Horizon Riverside,London,Large,Oncology,152,2025,4,2,3,3,14,0,0.7063078703703703,0.9367088607594937,17,0.6711575474292
HHN-LON-02,2025-04-04,32,38,18.0,12.625,18.838541666666668,0.59375,0.7722205298592691,8,2.26875,0,75,50.73333333333333,24,79.0,79.0,1.0,Horizon Riverside,London,Large,Oncology,152,2025,4,2,4,4,14,0,0.7013888888888888,1.0,-6,0.6701686480508708
HHN-LON-02,2025-04-05,51,37,18.0,12.947916666666666,18.88020833333333,0.375,0.7795477101880025,0,0.0,0,166,50.31927710843374,55,79.0,79.0,1.0,Horizon Riverside,London,Large,Oncology,152,2025,4,2,5,5,14,1,0.7193287037037037,1.0,14,0.685793103448276
HHN-LON-02,2025-04-06,19,37,18.0,12.729166666666666,18.760416666666668,0.375,0.7523386670131663,0,0.0,0,58,49.189655172413794,16,78.0,76.0,0.9375,Horizon Riverside,London,Large,Oncology,152,2025,4,2,6,6,14,1,0.7071759259259259,0.9743589743589743,-18,0.6785119378123264
HHN-LON-02,2025-04-07,45,42,18.0,12.484375,18.916666666666668,0.0,0.7517759955462003,11,3.0181818181818185,0,119,38.49579831932773,34,79.0,79.0,1.0,Horizon Riverside,London,Large,Oncology,152,2025,4,2,7,0,15,0,0.6935763888888888,1.0,3,0.6599669603524229
HHN-LON-02,2025-04-08,45,33,18.0,13.911458333333334,18.95833333333333,0.0,0.8084839958492975,18,3.2944444444444443,2,70,57.55714285714286,28,79.0,79.0,1.0,Horizon Riverside,London,Large,Oncology,152,2025,4,2,8,1,15,0,0.7728587962962963,1.0,12,0.733791208791209
HHN-LON-02,2025-04-09,31,36,18.0,14.255208333333334,18.916666666666668,0.0,0.7936440484769225,8,3.6625,2,85,42.811764705882354,22,79.0,78.0,0.96875,Horizon Riverside,London,Large,Oncology,152,2025,4,2,9,2,15,0,0.7919560185185186,0.9873417721518988,-5,0.753579295154185
HHN-LON-02,2025-04-10,42,28,18.0,14.703125,18.947916666666668,0.0,0.8037443186086696,11,3.927272727272728,0,100,53.05,31,79.0,77.0,0.9375,Horizon Riverside,London,Large,Oncology,152,2025,4,2,10,3,15,0,0.8168402777777778,0.9746835443037974,14,0.7759758108851017
HHN-LON-02,2025-04-11,50,41,18.0,15.203125,18.86458333333333,0.0,0.8216322042398612,12,3.2458333333333336,2,150,41.91333333333333,44,79.0,78.0,0.96875,Horizon Riverside,London,Large,Oncology,152,2025,4,2,11,4,15,0,0.8446180555555556,0.9873417721518988,9,0.8059083379348428
HHN-LON-02,2025-04-12,31,40,18.0,14.90625,18.734375,0.0,0.8027113035815073,0,0.0,0,76,61.23684210526316,28,78.0,78.0,1.0,Horizon Riverside,London,Large,Oncology,152,2025,4,2,12,5,15,1,0.828125,1.0,-9,0.7956630525437864
HHN-LON-02,2025-04-13,28,30,18.0,14.973958333333334,18.80208333333333,0.0,0.8159664801062071,0,0.0,0,101,55.63366336633664,34,79.0,75.0,0.9375,Horizon Riverside,London,Large,Oncology,152,2025,4,2,13,6,15,1,0.8318865740740741,0.9493670886075949,-2,0.7963988919667593
HHN-LON-02,2025-04-14,52,46,18.0,14.40625,18.88020833333333,0.0,0.8266479240347775,9,2.211111111111111,2,142,47.54929577464789,43,79.0,79.0,1.0,Horizon Riverside,London,Large,Oncology,152,2025,4,2,14,0,16,0,0.8003472222222222,1.0,6,0.7630344827586208
HHN-LON-02,2025-04-15,39,40,18.0,14.776041666666666,18.916666666666668,0.0,0.8252183529945554,14,3.1357142857142857,2,78,53.53846153846154,24,79.0,79.0,1.0,Horizon Riverside,London,Large,Oncology,152,2025,4,2,15,1,16,0,0.8208912037037037,1.0,-1,0.781112334801762
HHN-LON-02,2025-04-16,35,42,18.0,15.177083333333334,18.92708333333333,0.0,0.8331440205518587,9,2.033333333333333,2,93,45.956989247311824,27,79.0,79.0,1.0,Horizon Riverside,London,Large,Oncology,152,2025,4,2,16,2,16,0,0.8431712962962963,1.0,-7,0.8018712162905891
HHN-LON-02,2025-04-17,32,42,18.0,14.59375,18.932291666666668,0.0,0.7692332810867294,9,2.533333333333333,1,92,37.43478260869565,22,79.0,76.0,0.90625,Horizon Riverside,London,Large,Oncology,152,2025,4,2,17,3,16,0,0.8107638888888888,0.9620253164556962,-10,0.7708390646492435
HHN-LON-02,2025-04-18,22,37,18.0,13.989583333333334,18.854166666666668,0.0,0.7421826804926662,0,0.0,0,72,46.54166666666666,20,79.0,78.0,0.96875,Horizon Riverside,London,Large,Oncology,152,2025,4,2,18,4,16,0,0.7771990740740741,0.9873417721518988,-15,0.7419889502762431
HHN-LON-02,2025-04-19,33,37,18.0,13.119791666666666,18.854166666666668,0.0,0.710758013692073,0,0.0,0,127,45.503937007874015,36,79.0,78.0,0.96875,Horizon Riverside,London,Large,Oncology,152,2025,4,2,19,5,16,1,0.7288773148148148,0.9873417721518988,-4,0.6958563535911602
HHN-LON-02,2025-04-20,24,30,18.0,12.713541666666666,18.81770833333333,0.0,0.7062036082645093,0,0.0,0,78,42.0,21,79.0,78.0,0.96875,Horizon Riverside,London,Large,Oncology,152,2025,4,2,20,6,16,1,0.7063078703703703,0.9873417721518988,-6,0.6756158317187934
HHN-LON-02,2025-04-21,25,23,18.0,12.239583333333334,18.91145833333333,0.0,0.6955445573784362,0,0.0,0,89,54.16853932584269,28,79.0,78.0,0.96875,Horizon Riverside,London,Large,Oncology,152,2025,4,2,21,0,17,0,0.6799768518518519,0.9873417721518988,2,0.6472046268245665
HHN-LON-02,2025-04-22,30,22,18.0,12.911458333333334,18.95833333333333,0.0,0.7372672713122604,7,4.0,0,60,40.98333333333333,19,79.0,79.0,1.0,Horizon Riverside,London,Large,Oncology,152,2025,4,2,22,1,17,0,0.7173032407407408,1.0,8,0.6810439560439563
HHN-LON-02,2025-04-23,36,34,18.0,13.630208333333334,18.95833333333333,0.0,0.7838795643213746,12,3.575,0,68,63.41176470588236,27,79.0,79.0,1.0,Horizon Riverside,London,Large,Oncology,152,2025,4,2,23,2,17,0,0.7572337962962963,1.0,2,0.7189560439560442
HHN-LON-02,2025-04-24,42,23,18.0,14.088541666666666,18.92708333333333,0.0,0.7875215399857262,16,3.14375,0,96,34.458333333333336,24,79.0,78.0,0.96875,Horizon Riverside,London,Large,Oncology,152,2025,4,2,24,3,17,0,0.7826967592592592,0.9873417721518988,19,0.7443588332416072
HHN-LON-02,2025-04-25,20,32,18.0,14.026041666666666,18.885416666666668,0.0,0.7811604225210306,5,3.4799999999999995,2,77,35.72727272727273,18,79.0,78.0,0.96875,Horizon Riverside,London,Large,Oncology,152,2025,4,2,25,4,17,0,0.779224537037037,0.9873417721518988,-12,0.7426916712630998
HHN-LON-02,2025-04-26,27,29,18.0,13.791666666666666,18.921875,0.0,0.7766776903271713,0,0.0,0,85,59.51764705882353,30,79.0,79.0,1.0,Horizon Riverside,London,Large,Oncology,152,2025,4,2,26,5,17,1,0.7662037037037037,1.0,-2,0.7288742086429948
HHN-LON-02,2025-04-27,21,37,18.0,12.958333333333334,18.854166666666668,0.0,0.7394801372580119,0,0.0,0,78,41.07692307692308,18,79.0,78.0,0.96875,Horizon Riverside,London,Large,Oncology,152,2025,4,2,27,6,17,1,0.7199074074074074,0.9873417721518988,-16,0.687292817679558
HHN-LON-02,2025-04-28,51,35,18.0,12.760416666666666,18.947916666666668,0.0,0.7224270361662604,11,3.863636363636364,0,104,65.28846153846153,41,79.0,79.0,1.0,Horizon Riverside,London,Large,Oncology,152,2025,4,2,28,0,18,0,0.708912037037037,1.0,16,0.673446948873007
HHN-LON-02,2025-04-29,50,30,18.0,14.239583333333334,18.875,0.0,0.7956236044081769,16,2.95,0,102,48.8235294117647,32,79.0,78.0,0.96875,Horizon Riverside,London,Large,Oncology,152,2025,4,2,29,1,18,0,0.791087962962963,0.9873417721518988,20,0.7544150110375276
HHN-LON-02,2025-04-30,35,29,18.0,14.875,18.901041666666668,0.0,0.8085834899636136,9,3.355555555555556,0,86,35.58139534883721,27,79.0,79.0,1.0,Horizon Riverside,London,Large,Oncology,152,2025,4,2,30,2,18,0,0.8263888888888888,1.0,6,0.7869936621658858
HHN-LON-02,2025-05-01,31,40,18.0,14.536458333333334,18.963541666666668,0.0,0.8039400566260987,11,3.0818181818181816,1,68,52.044117647058826,19,79.0,78.0,0.96875,Horizon Riverside,London,Large,Oncology,152,2025,5,2,1,3,18,0,0.8075810185185186,0.9873417721518988,-9,0.7665476517440264
HHN-LON-02,2025-05-02,42,49,18.0,14.447916666666666,18.9375,0.0,0.8027531697980481,15,2.8,0,89,49.62921348314607,27,79.0,77.0,0.9375,Horizon Riverside,London,Large,Oncology,152,2025,5,2,2,4,18,0,0.802662037037037,0.9746835443037974,-7,0.7629262926292629
HHN-LON-02,2025-05-03,23,44,18.0,13.109375,18.859375,0.0,0.7148861994764526,0,0.0,0,69,61.71014492753624,23,79.0,79.0,1.0,Horizon Riverside,London,Large,Oncology,152,2025,5,2,3,5,18,1,0.7282986111111112,1.0,-21,0.6951118475559238
HHN-LON-02,2025-05-04,25,31,18.0,12.442708333333334,18.885416666666668,0.0,0.6822137396189754,0,0.0,0,92,50.02173913043478,25,79.0,79.0,1.0,Horizon Riverside,London,Large,Oncology,152,2025,5,2,4,6,18,1,0.6912615740740741,1.0,-6,0.6588527302813016
HHN-LON-02,2025-05-05,20,29,18.0,11.765625,18.885416666666668,0.0,0.6652217583415289,0,0.0,0,78,48.74358974358975,21,79.0,79.0,1.0,Horizon Riverside,London,Large,Oncology,152,2025,5,2,5,0,19,0,0.6536458333333334,1.0,-9,0.6230005515719801
HHN-LON-02,2025-05-06,45,28,18.0,12.260416666666666,18.963541666666668,0.0,0.7025725476536836,13,2.784615384615385,0,83,69.67469879518072,32,79.0,79.0,1.0,Horizon Riverside,London,Large,Oncology,152,2025,5,2,6,1,19,0,0.6811342592592592,1.0,17,0.6465256797583081
HHN-LON-02,2025-05-07,33,26,18.0,13.8125,18.885416666666668,0.0,0.7407891150027148,14,3.8857142857142857,0,66,35.25757575757576,16,79.0,79.0,1.0,Horizon Riverside,London,Large,Oncology,152,2025,5,2,7,2,19,0,0.7673611111111112,1.0,7,0.7313844456701599
HHN-LON-02,2025-05-08,44,24,18.0,14.25,18.890625,0.0,0.7507470756173108,11,3.4545454545454546,0,104,52.26923076923077,35,79.0,79.0,1.0,Horizon Riverside,London,Large,Oncology,152,2025,5,2,8,3,19,0,0.7916666666666666,1.0,20,0.7543424317617866
HHN-LON-02,2025-05-09,54,34,18.0,14.963541666666666,18.91145833333333,0.0,0.8099566295507388,8,2.7625,1,124,57.14516129032258,45,79.0,79.0,1.0,Horizon Riverside,London,Large,Oncology,152,2025,5,2,9,4,19,0,0.8313078703703703,1.0,20,0.791242082071055
HHN-LON-02,2025-05-10,21,37,18.0,14.541666666666666,18.869791666666668,0.0,0.7655067072833776,0,0.0,0,81,40.51851851851852,22,79.0,77.0,0.90625,Horizon Riverside,London,Large,Oncology,152,2025,5,2,10,5,19,1,0.8078703703703703,0.9746835443037974,-16,0.770632072867789
HHN-LON-02,2025-05-11,32,45,18.0,14.135416666666666,18.77083333333333,0.0,0.7696581939873264,0,0.0,0,107,41.467289719626166,33,79.0,71.0,0.875,Horizon Riverside,London,Large,Oncology,152,2025,5,2,11,6,19,1,0.7853009259259259,0.8987341772151899,-13,0.7530521642619313
HHN-LON-02,2025-05-12,54,36,18.0,14.166666666666666,18.921875,0.0,0.7927286527181551,17,3.235294117647059,0,101,59.04950495049505,35,79.0,78.0,0.96875,Horizon Riverside,London,Large,Oncology,152,2025,5,2,12,0,20,0,0.787037037037037,0.9873417721518988,18,0.748692540600055
HHN-LON-02,2025-05-13,28,41,18.0,14.223958333333334,18.94270833333333,0.0,0.7766558968516583,14,3.7,0,64,43.6875,19,79.0,78.0,0.96875,Horizon Riverside,London,Large,Oncology,152,2025,5,2,13,1,20,0,0.7902199074074074,0.9873417721518988,-13,0.7508935936211165
HHN-LON-02,2025-05-14,33,42,18.0,14.307291666666666,18.92708333333333,0.0,0.7860393615033231,14,3.2,0,59,31.11864406779661,14,79.0,77.0,0.9375,Horizon Riverside,London,Large,Oncology,152,2025,5,2,14,2,20,0,0.794849537037037,0.9746835443037974,-9,0.7559163456246561
HHN-LON-02,2025-05-15,34,41,18.0,14.203125,18.94270833333333,0.0,0.7958002283441242,12,3.033333333333333,0,98,38.86734693877551,24,79.0,79.0,1.0,Horizon Riverside,London,Large,Oncology,152,2025,5,2,15,3,20,0,0.7890625,1.0,-7,0.7497937860874349
HHN-LON-02,2025-05-16,45,49,18.0,13.6875,18.9375,0.0,0.7578811110172038,16,3.71875,1,93,58.32258064516129,33,79.0,78.0,0.9375,Horizon Riverside,London,Large,Oncology,152,2025,5,2,16,4,20,0,0.7604166666666666,0.9873417721518988,-4,0.7227722772277227
HHN-LON-02,2025-05-17,22,23,18.0,13.427083333333334,18.80208333333333,0.0,0.7260850139332486,0,0.0,0,77,33.42857142857143,17,78.0,77.0,0.96875,Horizon Riverside,London,Large,Oncology,152,2025,5,2,17,5,20,1,0.7459490740740741,0.9871794871794872,-1,0.7141274238227149
HHN-LON-02,2025-05-18,18,31,18.0,12.90625,18.822916666666668,0.0,0.7096884365282565,0,0.0,0,99,27.656565656565657,19,79.0,79.0,1.0,Horizon Riverside,London,Large,Oncology,152,2025,5,2,18,6,20,1,0.7170138888888888,1.0,-13,0.685666851134477
HHN-LON-02,2025-05-19,40,29,18.0,12.994791666666666,18.9375,0.0,0.6954937784282992,12,3.5583333333333336,2,112,41.83928571428572,34,79.0,79.0,1.0,Horizon Riverside,London,Large,Oncology,152,2025,5,2,19,0,21,0,0.7219328703703703,1.0,11,0.6861936193619361
HHN-LON-02,2025-05-20,36,22,18.0,13.854166666666666,18.885416666666668,0.0,0.761649055789917,14,3.7285714285714286,1,79,35.41772151898734,17,79.0,78.0,0.9375,Horizon Riverside,London,Large,Oncology,152,2025,5,2,20,1,21,0,0.7696759259259259,0.9873417721518988,14,0.7335907335907336
HHN-LON-02,2025-05-21,32,34,18.0,14.177083333333334,18.890625,0.0,0.7458307734488535,8,2.3125,2,78,66.75641025641026,27,79.0,78.0,0.96875,Horizon Riverside,London,Large,Oncology,152,2025,5,2,21,2,21,0,0.7876157407407408,0.9873417721518988,-2,0.7504824924179763
HHN-LON-02,2025-05-22,50,28,18.0,14.947916666666666,18.94270833333333,0.0,0.7812241488157436,21,2.6809523809523808,2,96,43.989583333333336,28,79.0,79.0,1.0,Horizon Riverside,London,Large,Oncology,152,2025,5,2,22,3,21,0,0.8304398148148148,1.0,22,0.7891119054165523
HHN-LON-02,2025-05-23,29,42,18.0,14.875,18.947916666666668,0.0,0.7479479788802493,11,3.827272727272728,1,70,35.614285714285714,17,79.0,74.0,0.90625,Horizon Riverside,London,Large,Oncology,152,2025,5,2,23,4,21,0,0.8263888888888888,0.9367088607594937,-13,0.7850467289719626
HHN-LON-02,2025-05-24,16,40,18.0,13.234375,18.796875,0.0,0.7212288076907657,0,0.0,0,91,35.417582417582416,19,79.0,79.0,1.0,Horizon Riverside,London,Large,Oncology,152,2025,5,2,24,5,21,1,0.7352430555555556,1.0,-24,0.7040731504571903
HHN-LON-02,2025-05-25,21,38,18.0,11.692708333333334,18.86458333333333,0.0,0.6560244386035937,0,0.0,0,65,57.01538461538462,22,79.0,79.0,1.0,Horizon Riverside,London,Large,Oncology,152,2025,5,2,25,6,21,1,0.6495949074074074,1.0,-17,0.6198233020430703
HHN-LON-02,2025-05-26,23,23,18.0,10.989583333333334,18.95833333333333,0.0,0.6393020600242013,0,0.0,0,77,43.103896103896105,22,79.0,75.0,0.9375,Horizon Riverside,London,Large,Oncology,152,2025,5,2,26,0,22,0,0.6105324074074074,0.9493670886075949,0,0.5796703296703298
HHN-LON-02,2025-05-27,27,27,18.0,11.072916666666666,18.875,0.0,0.6535497178627566,8,2.6875,1,88,37.84090909090909,21,79.0,73.0,0.84375,Horizon Riverside,London,Large,Oncology,152,2025,5,2,27,1,22,0,0.615162037037037,0.9240506329113924,0,0.586644591611479
HHN-LON-02,2025-05-28,32,30,18.0,11.552083333333334,18.947916666666668,0.0,0.6921261500289771,12,2.575,0,63,49.06349206349206,17,79.0,79.0,1.0,Horizon Riverside,London,Large,Oncology,152,2025,5,2,28,2,22,0,0.6417824074074074,1.0,2,0.6096756459593183
HHN-LON-02,2025-05-29,38,31,18.0,11.286458333333334,18.9375,0.0,0.6173999803485506,10,4.9,0,92,56.19565217391305,30,79.0,79.0,1.0,Horizon Riverside,London,Large,Oncology,152,2025,5,2,29,3,22,0,0.627025462962963,1.0,7,0.595984598459846
HHN-LON-02,2025-05-30,41,25,18.0,12.010416666666666,18.90625,0.0,0.661021201990607,9,2.555555555555556,0,103,54.15533980582524,35,79.0,79.0,1.0,Horizon Riverside,London,Large,Oncology,152,2025,5,2,30,4,22,0,0.6672453703703703,1.0,16,0.6352617079889807
HHN-LON-02,2025-05-31,56,29,18.0,13.447916666666666,18.859375,0.0,0.7456107974656719,0,0.0,0,145,66.88275862068966,57,79.0,76.0,0.90625,Horizon Riverside,London,Large,Oncology,152,2025,5,2,31,5,22,1,0.7471064814814814,0.9620253164556962,27,0.7130626898646782
HHN-LON-02,2025-06-01,38,36,18.0,14.369791666666666,18.86458333333333,0.0,0.8131810199698131,0,0.0,0,113,44.389380530973455,33,79.0,78.0,0.96875,Horizon Riverside,London,Large,Oncology,152,2025,6,2,1,6,22,1,0.7983217592592592,0.9873417721518988,2,0.7617338487023746
HHN-LON-02,2025-06-02,58,47,18.0,14.510416666666666,18.92708333333333,0.0,0.8295019157088123,18,3.1500000000000004,1,110,65.18181818181819,44,79.0,77.0,0.9375,Horizon Riverside,London,Large,Oncology,152,2025,6,2,2,0,23,0,0.8061342592592592,0.9746835443037974,11,0.7666483214089159
HHN-LON-02,2025-06-03,30,42,18.0,14.90625,18.94270833333333,0.0,0.8132637437594333,15,3.42,1,63,43.23809523809524,15,79.0,76.0,0.90625,Horizon Riverside,London,Large,Oncology,152,2025,6,2,3,1,23,0,0.828125,0.9620253164556962,-12,0.7869122903491891
HHN-LON-02,2025-06-04,30,49,18.0,14.1875,18.89583333333333,0.046875,0.7586733220260413,16,3.1375,0,59,46.76271186440678,15,79.0,79.0,1.0,Horizon Riverside,London,Large,Oncology,152,2025,6,2,4,2,23,0,0.7881944444444444,1.0,-19,0.7508269018743111
HHN-LON-02,2025-06-05,33,47,18.0,13.276041666666666,18.901041666666668,0.09375,0.7057064892630619,11,2.118181818181818,0,78,50.64102564102564,21,79.0,79.0,1.0,Horizon Riverside,London,Large,Oncology,152,2025,6,2,5,3,23,0,0.7375578703703703,1.0,-14,0.7023973546431523
HHN-LON-02,2025-06-06,31,38,18.0,11.979166666666666,18.94270833333333,0.8333333333333334,0.6391783334124131,7,3.128571428571429,0,85,53.77647058823529,27,79.0,76.0,0.90625,Horizon Riverside,London,Large,Oncology,152,2025,6,2,6,4,23,0,0.6655092592592592,0.9620253164556962,-7,0.6323893318669234
HHN-LON-02,2025-06-07,40,30,18.0,12.109375,18.828125,1.0,0.6694291573921994,0,0.0,0,107,55.177570093457945,39,79.0,75.0,0.9375,Horizon Riverside,London,Large,Oncology,152,2025,6,2,7,5,23,1,0.6727430555555556,0.9493670886075949,10,0.6431535269709544
HHN-LON-02,2025-06-08,22,27,18.0,12.244791666666666,18.822916666666668,1.0,0.6999832102097493,0,0.0,0,76,41.85526315789474,23,78.0,77.0,0.96875,Horizon Riverside,London,Large,Oncology,152,2025,6,2,8,6,23,1,0.6802662037037037,0.9871794871794872,-5,0.6505257332595461
HHN-LON-02,2025-06-09,37,30,18.0,12.510416666666666,18.947916666666668,1.0,0.7528362604130384,8,2.6,1,111,53.90990990990991,33,79.0,79.0,1.0,Horizon Riverside,London,Large,Oncology,152,2025,6,2,9,0,24,0,0.6950231481481481,1.0,7,0.6602528862012094
HHN-LON-02,2025-06-10,31,37,18.0,12.796875,18.97395833333333,0.875,0.7097850814176244,10,3.61,0,63,50.90476190476191,18,79.0,79.0,1.0,Horizon Riverside,London,Large,Oncology,152,2025,6,2,10,1,24,0,0.7109375,1.0,-6,0.6744441394455121
HHN-LON-02,2025-06-11,38,35,18.0,12.666666666666666,18.91145833333333,0.0,0.7120080873118685,11,3.190909090909091,3,68,72.91176470588235,26,79.0,78.0,0.96875,Horizon Riverside,London,Large,Oncology,152,2025,6,2,11,2,24,0,0.7037037037037037,0.9873417721518988,3,0.6697879372073811
HHN-LON-02,2025-06-12,41,30,18.0,13.197916666666666,18.885416666666668,0.0,0.7294974105002997,5,2.7,3,95,64.05263157894737,37,79.0,79.0,1.0,Horizon Riverside,London,Large,Oncology,152,2025,6,2,12,3,24,0,0.7332175925925926,1.0,11,0.6988416988416988
HHN-LON-02,2025-06-13,35,35,18.0,13.3125,18.91145833333333,0.0,0.751403220422617,9,1.8888888888888888,0,106,38.71698113207548,27,79.0,75.0,0.90625,Horizon Riverside,London,Large,Oncology,152,2025,6,2,13,4,24,0,0.7395833333333334,0.9493670886075949,0,0.7039383090057837
HHN-LON-02,2025-06-14,22,33,18.0,12.984375,18.88020833333333,0.0,0.710160859591778,0,0.0,0,75,41.693333333333335,18,79.0,79.0,1.0,Horizon Riverside,London,Large,Oncology,152,2025,6,2,14,5,24,1,0.7213541666666666,1.0,-11,0.6877241379310347
HHN-LON-02,2025-06-15,10,35,18.0,11.411458333333334,18.744791666666668,0.0,0.6139777944299053,0,0.0,0,59,33.52542372881356,11,78.0,76.0,0.9375,Horizon Riverside,London,Large,Oncology,152,2025,6,2,15,6,24,1,0.6339699074074074,0.9743589743589743,-25,0.6087802167268686
HHN-LON-02,2025-06-16,54,33,18.0,12.088541666666666,18.890625,0.0,0.6690532360473894,12,1.55,1,126,56.53174603174603,48,79.0,79.0,1.0,Horizon Riverside,London,Large,Oncology,152,2025,6,2,16,0,25,0,0.6715856481481481,1.0,21,0.6399228012131237
HHN-LON-02,2025-06-17,28,24,18.0,12.942708333333334,18.916666666666668,0.0,0.6912403320634177,11,3.227272727272727,1,50,73.36,16,79.0,79.0,1.0,Horizon Riverside,London,Large,Oncology,152,2025,6,2,17,1,25,0,0.7190393518518519,1.0,4,0.6841960352422908
HHN-LON-02,2025-06-18,43,35,18.0,13.020833333333334,18.921875,0.0,0.7103333314125023,14,3.2285714285714286,1,98,42.17346938775511,31,79.0,78.0,0.96875,Horizon Riverside,London,Large,Oncology,152,2025,6,2,18,2,25,0,0.7233796296296297,0.9873417721518988,8,0.6881365262868153
HHN-LON-02,2025-06-19,48,38,18.0,12.760416666666666,18.885416666666668,0.0,0.6935108938864644,8,3.21875,1,109,50.44954128440367,38,79.0,79.0,1.0,Horizon Riverside,London,Large,Oncology,152,2025,6,2,19,3,25,0,0.708912037037037,1.0,10,0.6756756756756755
HHN-LON-02,2025-06-20,29,33,18.0,13.067708333333334,18.97395833333333,0.0,0.7080935029064307,7,2.857142857142857,0,64,44.78125,19,79.0,78.0,0.96875,Horizon Riverside,London,Large,Oncology,152,2025,6,2,20,4,25,0,0.7259837962962963,0.9873417721518988,-4,0.688718089486687
HHN-LON-02,2025-06-21,17,35,18.0,12.401041666666666,18.84375,0.0,0.6731081503482619,0,0.0,0,67,34.223880597014926,16,79.0,78.0,0.96875,Horizon Riverside,London,Large,Oncology,152,2025,6,2,21,5,25,1,0.6889467592592592,0.9873417721518988,-18,0.658098396904367
HHN-LON-02,2025-06-22,23,27,18.0,11.734375,18.838541666666668,0.0,0.6672611924156201,0,0.0,0,72,50.09722222222222,24,79.0,78.0,0.96875,Horizon Riverside,London,Large,Oncology,152,2025,6,2,22,6,25,1,0.6519097222222222,0.9873417721518988,-4,0.6228918993641138
HHN-LON-02,2025-06-23,46,38,18.0,12.520833333333334,18.921875,0.0,0.7424852672260127,15,1.84,0,95,62.38947368421053,35,79.0,79.0,1.0,Horizon Riverside,London,Large,Oncology,152,2025,6,2,23,0,26,0,0.6956018518518519,1.0,8,0.6617120836774016
HHN-LON-02,2025-06-24,44,34,18.0,13.0625,18.921875,0.0,0.7227495040296339,14,3.3857142857142857,0,89,57.60674157303371,31,79.0,78.0,0.96875,Horizon Riverside,London,Large,Oncology,152,2025,6,2,24,1,26,0,0.7256944444444444,0.9873417721518988,10,0.6903385631709331
HHN-LON-02,2025-06-25,44,33,18.0,13.729166666666666,18.890625,0.0,0.7728159294837318,12,3.3208333333333333,0,97,44.628865979381445,28,79.0,79.0,1.0,Horizon Riverside,London,Large,Oncology,152,2025,6,2,25,2,26,0,0.7627314814814814,1.0,11,0.7267714364488558
HHN-LON-02,2025-06-26,39,46,18.0,13.640625,18.91145833333333,0.0,0.7762433303246881,12,2.575,1,108,49.2962962962963,32,79.0,79.0,1.0,Horizon Riverside,London,Large,Oncology,152,2025,6,2,26,3,26,0,0.7578125,1.0,-7,0.7212889011291657
HHN-LON-02,2025-06-27,33,38,18.0,13.567708333333334,18.96875,0.0,0.7491057531130269,14,3.792857142857143,3,53,44.9245283018868,15,79.0,79.0,1.0,Horizon Riverside,London,Large,Oncology,152,2025,6,2,27,4,26,0,0.7537615740740741,1.0,-5,0.7152663371773751
HHN-LON-02,2025-06-28,30,44,18.0,12.010416666666666,18.875,0.0,0.6417794116250967,0,0.0,0,104,42.53846153846154,29,79.0,79.0,1.0,Horizon Riverside,London,Large,Oncology,152,2025,6,2,28,5,26,1,0.6672453703703703,1.0,-14,0.6363134657836644
HHN-LON-02,2025-06-29,25,21,18.0,11.645833333333334,18.828125,0.0,0.6547563572775921,0,0.0,0,110,39.63636363636363,29,79.0,70.0,0.8125,Horizon Riverside,London,Large,Oncology,152,2025,6,2,29,6,26,1,0.6469907407407408,0.8860759493670886,4,0.6185338865836791
HHN-LON-02,2025-06-30,37,38,18.0,12.53125,18.947916666666668,0.0,0.7259394899481105,9,3.8,3,95,44.49473684210526,27,79.0,78.0,0.96875,Horizon Riverside,London,Large,Oncology,152,2025,6,2,30,0,27,0,0.6961805555555556,0.9873417721518988,-1,0.6613523914238593
HHN-LON-02,2025-07-01,36,32,18.0,12.5625,18.89583333333333,0.0,0.7387799124079709,10,2.55,1,79,53.37974683544304,26,79.0,77.0,0.9375,Horizon Riverside,London,Large,Oncology,152,2025,7,3,1,1,27,0,0.6979166666666666,0.9746835443037974,4,0.6648291069459759
HHN-LON-02,2025-07-02,29,29,18.0,12.947916666666666,18.885416666666668,0.0,0.7670846354967013,10,2.3,0,47,65.42553191489361,20,79.0,77.0,0.9375,Horizon Riverside,London,Large,Oncology,152,2025,7,3,2,2,27,0,0.7193287037037037,0.9746835443037974,0,0.685603971318257
HHN-LON-02,2025-07-03,23,32,18.0,12.40625,18.90625,0.0,0.7472198305208099,9,2.8777777777777778,1,70,19.914285714285715,12,79.0,76.0,0.9375,Horizon Riverside,London,Large,Oncology,152,2025,7,3,3,3,27,0,0.6892361111111112,0.9620253164556962,-9,0.656198347107438
HHN-LON-02,2025-07-04,38,34,18.0,12.0625,18.869791666666668,0.0,0.7078436632066878,13,3.1153846153846154,0,67,50.61194029850746,26,79.0,76.0,0.90625,Horizon Riverside,London,Large,Oncology,152,2025,7,3,4,4,27,0,0.6701388888888888,0.9620253164556962,4,0.6392492409605299
HHN-LON-02,2025-07-05,22,34,18.0,11.984375,18.84895833333333,0.0,0.6984349359321911,0,0.0,0,66,43.45454545454545,24,79.0,78.0,0.9375,Horizon Riverside,London,Large,Oncology,152,2025,7,3,5,5,27,1,0.6657986111111112,0.9873417721518988,-12,0.6358109975131253
HHN-LON-02,2025-07-06,23,28,18.0,10.807291666666666,18.86458333333333,0.0,0.6427498522423731,0,0.0,0,67,56.67164179104478,24,79.0,75.0,0.9375,Horizon Riverside,London,Large,Oncology,152,2025,7,3,6,6,27,1,0.6004050925925926,0.9493670886075949,-5,0.5728879072335727
HHN-LON-02,2025-07-07,47,25,18.0,12.541666666666666,18.916666666666668,0.0,0.7440730090799818,15,3.273333333333333,0,90,53.9,31,79.0,79.0,1.0,Horizon Riverside,London,Large,Oncology,152,2025,7,3,7,0,28,0,0.6967592592592592,1.0,22,0.6629955947136563
HHN-LON-02,2025-07-08,37,39,18.0,13.057291666666666,18.875,0.0,0.7706104340263823,14,2.607142857142857,2,74,56.810810810810814,22,79.0,79.0,1.0,Horizon Riverside,London,Large,Oncology,152,2025,7,3,8,1,28,0,0.7254050925925926,1.0,-2,0.6917770419426048
HHN-LON-02,2025-07-09,16,28,18.0,12.609375,18.947916666666668,0.0,0.7025640734610931,7,3.4285714285714284,1,24,44.958333333333336,10,79.0,78.0,0.96875,Horizon Riverside,London,Large,Oncology,152,2025,7,3,9,2,28,0,0.7005208333333334,0.9873417721518988,-12,0.665475536008796
HHN-LON-02,2025-07-10,35,28,18.0,11.942708333333334,18.89583333333333,0.0,0.6329038592168796,11,3.5090909090909093,1,61,66.85245901639344,26,79.0,79.0,1.0,Horizon Riverside,London,Large,Oncology,152,2025,7,3,10,3,28,0,0.6634837962962963,1.0,7,0.632028665931643
HHN-LON-02,2025-07-11,33,34,18.0,12.114583333333334,18.84895833333333,0.0,0.6666802026816184,12,2.9166666666666665,0,76,66.17105263157895,25,79.0,79.0,1.0,Horizon Riverside,London,Large,Oncology,152,2025,7,3,11,4,28,0,0.6730324074074074,1.0,-1,0.6427189831445153
HHN-LON-02,2025-07-12,29,28,18.0,12.583333333333334,18.9375,0.0,0.6797267303059328,0,0.0,0,77,48.88311688311688,23,79.0,78.0,0.96875,Horizon Riverside,London,Large,Oncology,152,2025,7,3,12,5,28,1,0.6990740740740741,0.9873417721518988,1,0.6644664466446645
HHN-LON-02,2025-07-13,16,31,18.0,11.53125,18.88020833333333,0.0,0.638850471315529,0,0.0,0,71,36.36619718309859,16,78.0,78.0,1.0,Horizon Riverside,London,Large,Oncology,152,2025,7,3,13,6,28,1,0.640625,1.0,-15,0.6107586206896554
HHN-LON-02,2025-07-14,31,34,18.0,10.536458333333334,18.921875,0.0,0.5940024758978392,11,3.145454545454545,0,61,60.36065573770492,22,79.0,76.0,0.96875,Horizon Riverside,London,Large,Oncology,152,2025,7,3,14,0,29,0,0.5853587962962963,0.9620253164556962,-3,0.556840077071291
HHN-LON-02,2025-07-15,37,26,18.0,11.34375,18.953125,0.0,0.6341419084886218,12,3.5083333333333333,1,98,55.67346938775511,29,79.0,76.0,0.96875,Horizon Riverside,London,Large,Oncology,152,2025,7,3,15,1,29,0,0.6302083333333334,0.9620253164556962,11,0.5985160758450123
HHN-LON-02,2025-07-16,39,31,18.0,12.442708333333334,18.91145833333333,0.0,0.7001624165829288,11,2.3181818181818183,2,94,58.41489361702128,28,79.0,79.0,1.0,Horizon Riverside,London,Large,Oncology,152,2025,7,3,16,2,29,0,0.6912615740740741,1.0,8,0.6579454695676125
HHN-LON-02,2025-07-17,48,30,18.0,14.296875,18.89583333333333,0.0,0.7745965113617196,14,2.878571428571429,0,80,51.8375,32,79.0,79.0,1.0,Horizon Riverside,London,Large,Oncology,152,2025,7,3,17,3,29,0,0.7942708333333334,1.0,18,0.7566152149944875
HHN-LON-02,2025-07-18,34,45,18.0,13.71875,18.94270833333333,0.0,0.7413021836433981,11,2.709090909090909,0,72,50.44444444444444,22,79.0,79.0,1.0,Horizon Riverside,London,Large,Oncology,152,2025,7,3,18,4,29,0,0.7621527777777778,1.0,-11,0.7242232609293375
HHN-LON-02,2025-07-19,23,35,18.0,12.546875,18.81770833333333,0.0,0.6483132834281732,0,0.0,0,75,53.626666666666665,25,79.0,79.0,1.0,Horizon Riverside,London,Large,Oncology,152,2025,7,3,19,5,29,1,0.6970486111111112,1.0,-12,0.6667589261001939
HHN-LON-02,2025-07-20,34,32,18.0,12.151041666666666,18.932291666666668,0.0,0.6508500957854406,0,0.0,0,121,62.30578512396694,42,79.0,78.0,0.96875,Horizon Riverside,London,Large,Oncology,152,2025,7,3,20,6,29,1,0.6750578703703703,0.9873417721518988,2,0.64181568088033
HHN-LON-02,2025-07-21,35,30,18.0,12.666666666666666,18.921875,0.0,0.7149962493106351,9,2.7222222222222223,1,63,35.15873015873016,19,79.0,72.0,0.84375,Horizon Riverside,London,Large,Oncology,152,2025,7,3,21,0,30,0,0.7037037037037037,0.9113924050632911,5,0.6694192127718139
HHN-LON-02,2025-07-22,27,36,18.0,12.447916666666666,18.88020833333333,0.0,0.6959957638612452,8,3.4375,1,63,44.79365079365079,17,79.0,74.0,0.90625,Horizon Riverside,London,Large,Oncology,152,2025,7,3,22,1,30,0,0.6915509259259259,0.9367088607594937,-9,0.6593103448275863
HHN-LON-02,2025-07-23,23,32,18.0,11.671875,18.953125,0.1041666666666666,0.6677269787334126,13,2.3076923076923075,2,54,33.53703703703704,12,79.0,79.0,1.0,Horizon Riverside,London,Large,Oncology,152,2025,7,3,23,2,30,0,0.6484375,1.0,-9,0.6158285243198681
HHN-LON-02,2025-07-24,39,27,18.0,11.40625,18.92708333333333,0.125,0.654724156103281,9,3.4111111111111114,2,67,68.32835820895522,28,79.0,78.0,0.96875,Horizon Riverside,London,Large,Oncology,152,2025,7,3,24,3,30,0,0.6336805555555556,0.9873417721518988,12,0.6026417171161257
HHN-LON-02,2025-07-25,32,30,18.0,12.3125,18.932291666666668,0.2291666666666666,0.7161906794022032,5,3.74,1,86,40.88372093023256,28,79.0,78.0,0.9375,Horizon Riverside,London,Large,Oncology,152,2025,7,3,25,4,30,0,0.6840277777777778,0.9873417721518988,2,0.650343878954608
HHN-LON-02,2025-07-26,13,18,18.0,12.21875,18.80208333333333,0.1979166666666666,0.7161501688862159,0,0.0,0,76,32.11842105263158,15,78.0,78.0,1.0,Horizon Riverside,London,Large,Oncology,152,2025,7,3,26,5,30,1,0.6788194444444444,1.0,-5,0.6498614958448755
HHN-LON-02,2025-07-27,21,30,18.0,12.026041666666666,18.90625,0.0260416666666666,0.7053445869487641,0,0.0,0,69,45.60869565217392,21,79.0,78.0,0.96875,Horizon Riverside,London,Large,Oncology,152,2025,7,3,27,6,30,1,0.6681134259259259,0.9873417721518988,-9,0.6360881542699725
HHN-LON-02,2025-07-28,32,35,18.0,11.260416666666666,18.932291666666668,0.0,0.6262071942103277,11,3.936363636363636,0,73,48.87671232876713,20,79.0,77.0,0.9375,Horizon Riverside,London,Large,Oncology,152,2025,7,3,28,0,31,0,0.6255787037037037,0.9746835443037974,-3,0.5947730398899587
HHN-LON-02,2025-07-29,41,30,18.0,11.270833333333334,18.963541666666668,0.0,0.6285335554240853,11,2.618181818181818,0,83,54.0722891566265,30,79.0,79.0,1.0,Horizon Riverside,London,Large,Oncology,152,2025,7,3,29,1,31,0,0.6261574074074074,1.0,11,0.5943422136775611
HHN-LON-02,2025-07-30,23,20,18.0,12.072916666666666,18.875,0.0,0.6781343680529944,9,3.077777777777777,2,49,45.40816326530612,16,79.0,75.0,0.90625,Horizon Riverside,London,Large,Oncology,152,2025,7,3,30,2,31,0,0.6707175925925926,0.9493670886075949,3,0.6396247240618101
HHN-LON-02,2025-07-31,37,28,18.0,12.859375,18.963541666666668,0.0,0.7024764348433671,17,3.6411764705882352,1,78,29.44871794871795,17,79.0,78.0,0.96875,Horizon Riverside,London,Large,Oncology,152,2025,7,3,31,3,31,0,0.7144097222222222,0.9873417721518988,9,0.678110409228234
HHN-LON-02,2025-08-01,15,35,18.0,12.171875,18.947916666666668,0.0,0.6609889235812315,4,1.5750000000000002,0,58,30.96551724137931,14,79.0,76.0,0.90625,Horizon Riverside,London,Large,Oncology,152,2025,8,3,1,4,31,0,0.6762152777777778,0.9620253164556962,-20,0.6423859263331501
HHN-LON-02,2025-08-02,33,20,18.0,11.671875,18.81770833333333,0.0,0.6470758842438926,0,0.0,0,109,44.15596330275229,32,78.0,78.0,1.0,Horizon Riverside,London,Large,Oncology,152,2025,8,3,2,5,31,1,0.6484375,1.0,13,0.6202601716025465
HHN-LON-02,2025-08-03,26,20,18.0,12.588541666666666,18.822916666666668,0.0,0.7295003150651498,0,0.0,0,88,58.51136363636363,28,79.0,77.0,0.9375,Horizon Riverside,London,Large,Oncology,152,2025,8,3,3,6,31,1,0.6993634259259259,0.9746835443037974,6,0.6687880464858882
HHN-LON-02,2025-08-04,38,41,18.0,12.260416666666666,18.901041666666668,0.0,0.731661168529462,4,2.075,0,79,68.58227848101266,32,79.0,76.0,0.96875,Horizon Riverside,London,Large,Oncology,152,2025,8,3,4,0,32,0,0.6811342592592592,0.9620253164556962,-3,0.6486635436759437
HHN-LON-02,2025-08-05,19,36,18.0,11.5625,18.95833333333333,0.0,0.7228880636251801,3,2.3,3,66,48.74242424242424,17,79.0,79.0,1.0,Horizon Riverside,London,Large,Oncology,152,2025,8,3,5,1,32,0,0.6423611111111112,1.0,-17,0.60989010989011
HHN-LON-02,2025-08-06,30,28,18.0,11.151041666666666,18.90625,0.0,0.6841603121870617,9,3.672222222222222,1,59,60.28813559322034,22,79.0,79.0,1.0,Horizon Riverside,London,Large,Oncology,152,2025,8,3,6,2,32,0,0.6195023148148148,1.0,2,0.5898071625344352
HHN-LON-02,2025-08-07,33,31,18.0,11.46875,18.90625,0.0,0.707104767673353,9,2.7111111111111112,1,67,54.43283582089552,23,79.0,78.0,0.96875,Horizon Riverside,London,Large,Oncology,152,2025,8,3,7,3,32,0,0.6371527777777778,0.9873417721518988,2,0.6066115702479339
HHN-LON-02,2025-08-08,25,23,18.0,11.385416666666666,18.92708333333333,0.0,0.6799404427664918,5,3.38,0,69,42.42028985507246,19,79.0,77.0,0.9375,Horizon Riverside,London,Large,Oncology,152,2025,8,3,8,4,32,0,0.6325231481481481,0.9746835443037974,2,0.6015410016510733
HHN-LON-02,2025-08-09,20,26,18.0,10.854166666666666,18.869791666666668,0.0416666666666666,0.6219564499051536,0,0.0,0,78,38.65384615384615,22,78.0,76.0,0.9375,Horizon Riverside,London,Large,Oncology,152,2025,8,3,9,5,32,1,0.6030092592592592,0.9743589743589743,-6,0.5752139111233784
HHN-LON-02,2025-08-10,20,24,18.0,9.567708333333334,18.885416666666668,0.25,0.5370530408840183,0,0.0,0,76,32.81578947368421,18,79.0,79.0,1.0,Horizon Riverside,London,Large,Oncology,152,2025,8,3,10,6,32,1,0.5315393518518519,1.0,-4,0.5066188637617209
HHN-LON-02,2025-08-11,31,39,18.0,9.505208333333334,18.932291666666668,0.125,0.5564655831063531,9,2.855555555555556,2,60,76.26666666666667,23,79.0,79.0,1.0,Horizon Riverside,London,Large,Oncology,152,2025,8,3,11,0,33,0,0.5280671296296297,1.0,-8,0.5020632737276479
HHN-LON-02,2025-08-12,13,25,18.0,9.088541666666666,18.984375,0.09375,0.5139111118367584,7,1.9142857142857144,0,31,30.12903225806452,5,79.0,79.0,1.0,Horizon Riverside,London,Large,Oncology,152,2025,8,3,12,1,33,0,0.5049189814814814,1.0,-12,0.4787379972565157
HHN-LON-02,2025-08-13,30,14,18.0,8.869791666666666,18.885416666666668,0.125,0.5037591925309027,7,1.914285714285714,0,82,40.76829268292683,26,79.0,77.0,0.9375,Horizon Riverside,London,Large,Oncology,152,2025,8,3,13,2,33,0,0.49276620370370366,0.9746835443037974,16,0.46966354109211245
HHN-LON-02,2025-08-14,31,23,18.0,10.255208333333334,18.916666666666668,0.125,0.5606470047762867,7,5.471428571428571,1,84,33.92857142857143,22,79.0,78.0,0.96875,Horizon Riverside,London,Large,Oncology,152,2025,8,3,14,3,33,0,0.5697337962962963,0.9873417721518988,8,0.5421255506607929
HHN-LON-02,2025-08-15,33,25,18.0,10.5625,18.947916666666668,0.125,0.5936434205561361,2,2.6500000000000004,0,101,54.35643564356435,32,79.0,79.0,1.0,Horizon Riverside,London,Large,Oncology,152,2025,8,3,15,4,33,0,0.5868055555555556,1.0,8,0.5574491478834525
HHN-LON-02,2025-08-16,26,30,18.0,10.869791666666666,18.84895833333333,0.0364583333333333,0.6362984703924528,0,0.0,0,90,69.2,32,79.0,79.0,1.0,Horizon Riverside,London,Large,Oncology,152,2025,8,3,16,5,33,1,0.6038773148148148,1.0,-4,0.5766786405084279
HHN-LON-02,2025-08-17,20,33,18.0,10.723958333333334,18.78645833333333,0.0,0.6549912023724107,0,0.0,0,66,24.545454545454547,13,79.0,79.0,1.0,Horizon Riverside,London,Large,Oncology,152,2025,8,3,17,6,33,1,0.595775462962963,1.0,-13,0.5708344884945941
HHN-LON-02,2025-08-18,24,22,18.0,10.161458333333334,18.953125,0.0,0.622632549079367,7,3.471428571428571,0,55,42.74545454545454,16,79.0,79.0,1.0,Horizon Riverside,London,Large,Oncology,152,2025,8,3,18,0,34,0,0.564525462962963,1.0,2,0.5361363011816433
HHN-LON-02,2025-08-19,25,27,18.0,10.015625,18.885416666666668,0.0,0.5928101280746649,4,2.4,0,83,46.08433734939759,25,79.0,79.0,1.0,Horizon Riverside,London,Large,Oncology,152,2025,8,3,19,1,34,0,0.5564236111111112,1.0,-2,0.5303364589078875
HHN-LON-02,2025-08-20,26,29,18.0,10.03125,18.89583333333333,0.0,0.6099909348971215,6,3.083333333333333,0,60,50.53333333333333,18,79.0,75.0,0.90625,Horizon Riverside,London,Large,Oncology,152,2025,8,3,20,2,34,0,0.5572916666666666,0.9493670886075949,-3,0.5308710033076076
HHN-LON-02,2025-08-21,24,22,18.0,9.911458333333334,18.947916666666668,0.0,0.5843019924139979,5,3.92,0,54,45.44444444444444,18,79.0,71.0,0.875,Horizon Riverside,London,Large,Oncology,152,2025,8,3,21,3,34,0,0.5506365740740741,0.8987341772151899,2,0.523089609675646
HHN-LON-02,2025-08-22,36,23,18.0,9.8125,18.979166666666668,0.0,0.5619485881038239,2,3.55,0,117,55.52991452991453,37,79.0,78.0,0.96875,Horizon Riverside,London,Large,Oncology,152,2025,8,3,22,4,34,0,0.5451388888888888,0.9873417721518988,13,0.5170142700329308
HHN-LON-02,2025-08-23,29,28,18.0,11.244791666666666,18.859375,0.0,0.6449179832718382,0,0.0,0,79,63.11392405063291,30,79.0,79.0,1.0,Horizon Riverside,London,Large,Oncology,152,2025,8,3,23,5,34,1,0.6247106481481481,1.0,1,0.596244131455399
HHN-LON-02,2025-08-24,27,25,18.0,10.942708333333334,18.901041666666668,0.0,0.6445432225482243,0,0.0,0,69,50.81159420289855,25,79.0,78.0,0.9375,Horizon Riverside,London,Large,Oncology,152,2025,8,3,24,6,34,1,0.6079282407407408,0.9873417721518988,2,0.5789473684210527
HHN-LON-02,2025-08-25,25,34,18.0,10.333333333333334,18.875,0.0,0.6270231179628171,0,0.0,0,65,52.07692307692308,26,79.0,75.0,0.875,Horizon Riverside,London,Large,Oncology,152,2025,8,3,25,0,35,0,0.5740740740740741,0.9493670886075949,-9,0.5474613686534217
HHN-LON-02,2025-08-26,34,23,18.0,10.255208333333334,18.947916666666668,0.0,0.6396421481122926,7,2.185714285714286,0,75,61.17333333333333,28,79.0,79.0,1.0,Horizon Riverside,London,Large,Oncology,152,2025,8,3,26,1,35,0,0.5697337962962963,1.0,11,0.5412314458493678
HHN-LON-02,2025-08-27,24,27,18.0,10.708333333333334,18.932291666666668,0.0,0.660215889135609,8,2.8625,1,62,40.016129032258064,17,79.0,75.0,0.9375,Horizon Riverside,London,Large,Oncology,152,2025,8,3,27,2,35,0,0.5949074074074074,0.9493670886075949,-3,0.5656121045392022
HHN-LON-02,2025-08-28,30,28,18.0,11.411458333333334,18.953125,0.0,0.683440670438325,4,3.775,1,79,46.063291139240505,25,79.0,78.0,0.96875,Horizon Riverside,London,Large,Oncology,152,2025,8,3,28,3,35,0,0.6339699074074074,0.9873417721518988,2,0.6020884858477604
HHN-LON-02,2025-08-29,17,32,18.0,10.619791666666666,18.838541666666668,0.09375,0.640949353178953,6,3.95,0,63,29.33333333333333,11,79.0,78.0,0.96875,Horizon Riverside,London,Large,Oncology,152,2025,8,3,29,4,35,0,0.5899884259259259,0.9873417721518988,-15,0.563726845452032
HHN-LON-02,2025-08-30,21,28,18.0,9.109375,18.869791666666668,0.125,0.5706708898093227,0,0.0,0,68,45.25,22,79.0,72.0,0.84375,Horizon Riverside,London,Large,Oncology,152,2025,8,3,30,5,35,1,0.5060763888888888,0.9113924050632911,-7,0.48274910295335355
HHN-LON-02,2025-08-31,16,18,18.0,8.479166666666666,18.77083333333333,0.125,0.5483395818212945,0,0.0,0,49,57.265306122448976,14,79.0,79.0,1.0,Horizon Riverside,London,Large,Oncology,152,2025,8,3,31,6,35,1,0.47106481481481477,1.0,-2,0.45172031076581587
HHN-LON-02,2025-09-01,44,22,18.0,9.963541666666666,18.932291666666668,0.125,0.617248845207057,9,3.211111111111111,0,105,55.47619047619048,41,79.0,79.0,1.0,Horizon Riverside,London,Large,Oncology,152,2025,9,3,1,0,36,0,0.5535300925925926,1.0,22,0.5262723521320495
HHN-LON-02,2025-09-02,39,34,18.0,12.161458333333334,18.875,0.0729166666666666,0.7432857174563887,16,2.9375,1,51,68.66666666666667,18,79.0,79.0,1.0,Horizon Riverside,London,Large,Oncology,152,2025,9,3,2,1,36,0,0.6756365740740741,1.0,5,0.6443156732891833
HHN-LON-02,2025-09-03,33,27,18.0,12.302083333333334,18.838541666666668,0.0,0.7399719265712928,14,2.792857142857143,0,54,53.77777777777778,18,79.0,79.0,1.0,Horizon Riverside,London,Large,Oncology,152,2025,9,3,3,2,36,0,0.6834490740740741,1.0,6,0.6530273707492397
HHN-LON-02,2025-09-04,33,24,18.0,12.739583333333334,18.921875,0.0,0.7408278504278757,13,4.023076923076923,0,79,37.10126582278481,22,79.0,79.0,1.0,Horizon Riverside,London,Large,Oncology,152,2025,9,3,4,3,36,0,0.7077546296296297,1.0,9,0.6732727773190201
HHN-LON-02,2025-09-05,18,34,18.0,12.21875,18.90625,0.0,0.7044805511542961,5,4.44,0,70,34.97142857142857,13,79.0,79.0,1.0,Horizon Riverside,London,Large,Oncology,152,2025,9,3,5,4,36,0,0.6788194444444444,1.0,-16,0.6462809917355372
HHN-LON-02,2025-09-06,29,28,18.0,11.375,18.921875,0.0,0.6506931158696498,0,0.0,0,104,48.06730769230769,29,79.0,76.0,0.90625,Horizon Riverside,London,Large,Oncology,152,2025,9,3,6,5,36,1,0.6319444444444444,0.9620253164556962,1,0.6011560693641619
HHN-LON-02,2025-09-07,33,31,18.0,11.291666666666666,18.8125,0.0,0.666342183376233,0,0.0,0,123,36.0,33,79.0,79.0,1.0,Horizon Riverside,London,Large,Oncology,152,2025,9,3,7,6,36,1,0.6273148148148148,1.0,2,0.6002214839424141
HHN-LON-02,2025-09-08,37,27,18.0,11.421875,18.96875,0.0,0.6687038413632607,11,3.463636363636364,0,94,56.64893617021277,28,79.0,79.0,1.0,Horizon Riverside,London,Large,Oncology,152,2025,9,3,8,0,37,0,0.6345486111111112,1.0,10,0.6021416803953872
HHN-LON-02,2025-09-09,52,36,18.0,12.536458333333334,18.932291666666668,0.0,0.7342545177271811,15,2.8866666666666663,2,103,60.14563106796116,38,79.0,79.0,1.0,Horizon Riverside,London,Large,Oncology,152,2025,9,3,9,1,37,0,0.6964699074074074,1.0,16,0.6621733149931224
HHN-LON-02,2025-09-10,33,29,18.0,12.427083333333334,18.885416666666668,0.0,0.7126500300665172,8,3.0,0,81,44.03703703703704,22,79.0,79.0,1.0,Horizon Riverside,London,Large,Oncology,152,2025,9,3,10,2,37,0,0.6903935185185186,1.0,4,0.6580253723110866
HHN-LON-02,2025-09-11,48,42,18.0,12.609375,18.81770833333333,0.0,0.730380669549768,7,2.6,0,124,53.79032258064516,44,79.0,79.0,1.0,Horizon Riverside,London,Large,Oncology,152,2025,9,3,11,3,37,0,0.7005208333333334,1.0,6,0.6700802657071687
HHN-LON-02,2025-09-12,54,37,18.0,13.53125,18.9375,0.0,0.7653770864268822,17,3.4705882352941178,0,121,44.36363636363637,40,79.0,77.0,0.9375,Horizon Riverside,London,Large,Oncology,152,2025,9,3,12,4,37,0,0.7517361111111112,0.9746835443037974,17,0.7145214521452146
HHN-LON-02,2025-09-13,38,37,18.0,13.885416666666666,18.828125,0.0,0.8043563024272813,0,0.0,0,120,39.083333333333336,38,79.0,77.0,0.9375,Horizon Riverside,London,Large,Oncology,152,2025,9,3,13,5,37,1,0.771412037037037,0.9746835443037974,1,0.7374827109266943
HHN-LON-02,2025-09-14,32,49,18.0,13.520833333333334,18.822916666666668,0.0,0.792341489803571,0,0.0,0,101,45.66336633663367,28,78.0,73.0,0.84375,Horizon Riverside,London,Large,Oncology,152,2025,9,3,14,6,37,1,0.7511574074074074,0.9358974358974359,-17,0.7183176535694521
HHN-LON-02,2025-09-15,25,47,18.0,13.34375,18.932291666666668,0.0,0.7902207545663752,8,3.55,0,47,52.14893617021277,16,79.0,79.0,1.0,Horizon Riverside,London,Large,Oncology,152,2025,9,3,15,0,38,0,0.7413194444444444,1.0,-22,0.7048143053645116
HHN-LON-02,2025-09-16,30,33,18.0,12.505208333333334,18.94270833333333,0.0,0.7612677015250545,4,3.175,2,91,39.30769230769231,27,79.0,79.0,1.0,Horizon Riverside,London,Large,Oncology,152,2025,9,3,16,1,38,0,0.6947337962962963,1.0,-3,0.660159472092384
HHN-LON-02,2025-09-17,34,31,18.0,12.5625,18.9375,0.0,0.7598379629629629,7,2.5571428571428574,1,92,47.69565217391305,27,79.0,79.0,1.0,Horizon Riverside,London,Large,Oncology,152,2025,9,3,17,2,38,0,0.6979166666666666,1.0,3,0.6633663366336634
HHN-LON-02,2025-09-18,24,35,18.0,12.177083333333334,18.9375,0.0,0.7077264212852206,14,3.542857142857143,3,52,43.32692307692308,11,79.0,76.0,0.90625,Horizon Riverside,London,Large,Oncology,152,2025,9,3,18,3,38,0,0.6765046296296297,0.9620253164556962,-11,0.643014301430143
HHN-LON-02,2025-09-19,32,33,18.0,11.947916666666666,18.9375,0.0,0.6540039749463874,7,3.742857142857143,0,100,42.76,26,79.0,79.0,1.0,Horizon Riverside,London,Large,Oncology,152,2025,9,3,19,4,38,0,0.6637731481481481,1.0,-1,0.6309130913091309
HHN-LON-02,2025-09-20,26,30,18.0,11.880208333333334,18.94270833333333,0.0,0.6552777460307094,0,0.0,0,78,55.38461538461539,26,79.0,76.0,0.90625,Horizon Riverside,London,Large,Oncology,152,2025,9,3,20,5,38,1,0.6600115740740741,0.9620253164556962,-4,0.6271652460819358
HHN-LON-02,2025-09-21,23,23,18.0,11.5625,18.88020833333333,0.0,0.6620427861910178,0,0.0,0,97,38.608247422680414,24,78.0,76.0,0.9375,Horizon Riverside,London,Large,Oncology,152,2025,9,3,21,6,38,1,0.6423611111111112,0.9743589743589743,0,0.6124137931034485
HHN-LON-02,2025-09-22,40,43,18.0,11.911458333333334,18.88020833333333,0.0,0.6810929440513144,17,2.7,1,59,59.45762711864407,23,78.0,71.0,0.90625,Horizon Riverside,London,Large,Oncology,152,2025,9,3,22,0,39,0,0.6617476851851852,0.9102564102564102,-3,0.6308965517241382
HHN-LON-02,2025-09-23,34,20,18.0,12.526041666666666,18.92708333333333,0.0,0.7043585603542183,6,4.65,1,85,59.23529411764706,30,79.0,76.0,0.90625,Horizon Riverside,London,Large,Oncology,152,2025,9,3,23,1,39,0,0.6958912037037037,0.9620253164556962,14,0.6618051733626859
HHN-LON-02,2025-09-24,29,23,18.0,13.609375,18.921875,0.0,0.739446804741794,11,3.227272727272727,2,63,30.6984126984127,12,79.0,79.0,1.0,Horizon Riverside,London,Large,Oncology,152,2025,9,3,24,2,39,0,0.7560763888888888,1.0,6,0.7192402972749794
HHN-LON-02,2025-09-25,24,35,18.0,13.28125,18.901041666666668,0.0,0.7249778048736911,10,2.94,1,61,49.967213114754095,17,79.0,78.0,0.96875,Horizon Riverside,London,Large,Oncology,152,2025,9,3,25,3,39,0,0.7378472222222222,0.9873417721518988,-11,0.7026729126481124
HHN-LON-02,2025-09-26,46,34,18.0,13.296875,18.9375,0.0,0.7250842884665621,10,2.78,0,122,48.31967213114754,38,79.0,78.0,0.96875,Horizon Riverside,London,Large,Oncology,152,2025,9,3,26,4,39,0,0.7387152777777778,0.9873417721518988,12,0.7021452145214522
HHN-LON-02,2025-09-27,32,37,18.0,13.1875,18.90625,0.0,0.7187940988784375,0,0.0,0,103,50.601941747572816,30,79.0,75.0,0.9375,Horizon Riverside,London,Large,Oncology,152,2025,9,3,27,5,39,1,0.7326388888888888,0.9493670886075949,-5,0.6975206611570248
HHN-LON-02,2025-09-28,25,33,18.0,12.536458333333334,18.89583333333333,0.0,0.6971642833777828,0,0.0,0,94,49.40425531914894,29,79.0,79.0,1.0,Horizon Riverside,London,Large,Oncology,152,2025,9,3,28,6,39,1,0.6964699074074074,1.0,-8,0.6634509371554578
HHN-LON-02,2025-09-29,59,22,18.0,13.697916666666666,18.890625,0.0,0.7711592260608963,10,3.06,1,134,64.66417910447761,49,79.0,72.0,0.90625,Horizon Riverside,London,Large,Oncology,152,2025,9,3,29,0,40,0,0.7609953703703703,0.9113924050632911,37,0.7251171767300799
HHN-LON-02,2025-09-30,35,34,18.0,14.661458333333334,18.885416666666668,0.0,0.8208165412262908,10,2.75,1,77,49.87012987012987,25,79.0,79.0,1.0,Horizon Riverside,London,Large,Oncology,152,2025,9,3,30,1,40,0,0.814525462962963,1.0,1,0.7763375620518478
HHN-LON-02,2025-10-01,32,41,18.0,14.713541666666666,18.869791666666668,0.0,0.8079272359983567,9,2.7777777777777777,1,61,59.49180327868852,21,79.0,78.0,0.96875,Horizon Riverside,London,Large,Oncology,152,2025,10,4,1,2,40,0,0.8174189814814814,0.9873417721518988,-9,0.7797405465084184
HHN-LON-02,2025-10-02,22,45,18.0,14.109375,18.932291666666668,0.0,0.7840084486353435,10,1.84,0,77,41.33766233766234,16,79.0,77.0,0.9375,Horizon Riverside,London,Large,Oncology,152,2025,10,4,2,3,40,0,0.7838541666666666,0.9746835443037974,-23,0.7452544704264099
HHN-LON-02,2025-10-03,40,41,18.0,13.140625,18.90625,0.109375,0.7167682159342751,11,2.909090909090909,1,80,50.7875,25,79.0,77.0,0.9375,Horizon Riverside,London,Large,Oncology,152,2025,10,4,3,4,40,0,0.7300347222222222,0.9746835443037974,-1,0.6950413223140496
HHN-LON-02,2025-10-04,36,43,18.0,12.145833333333334,18.859375,0.125,0.6573781007599254,0,0.0,0,128,40.8125,35,79.0,78.0,0.96875,Horizon Riverside,London,Large,Oncology,152,2025,10,4,4,5,40,1,0.6747685185185186,0.9873417721518988,-7,0.6440209886771611
HHN-LON-02,2025-10-05,30,35,18.0,11.885416666666666,18.796875,0.0416666666666666,0.6624365421161112,0,0.0,0,116,46.689655172413794,33,79.0,72.0,0.90625,Horizon Riverside,London,Large,Oncology,152,2025,10,4,5,6,40,1,0.6603009259259259,0.9113924050632911,-5,0.6323081185924079
HHN-LON-02,2025-10-06,47,29,18.0,12.677083333333334,18.86458333333333,0.109375,0.7138871133534256,11,3.8,0,112,57.473214285714285,37,79.0,78.0,0.96875,Horizon Riverside,London,Large,Oncology,152,2025,10,4,6,0,41,0,0.7042824074074074,0.9873417721518988,18,0.6720044174489235
HHN-LON-02,2025-10-07,28,30,18.0,13.489583333333334,18.86458333333333,0.375,0.7418096625397271,8,4.375,0,69,27.63768115942029,16,79.0,78.0,0.96875,Horizon Riverside,London,Large,Oncology,152,2025,10,4,7,1,41,0,0.7494212962962963,0.9873417721518988,-2,0.71507454445058
HHN-LON-02,2025-10-08,45,37,18.0,14.026041666666666,18.947916666666668,0.25,0.7804365547377085,15,2.6266666666666665,0,119,39.32773109243698,33,79.0,79.0,1.0,Horizon Riverside,London,Large,Oncology,152,2025,10,4,8,2,41,0,0.779224537037037,1.0,8,0.7402418911489829
HHN-LON-02,2025-10-09,49,28,18.0,14.729166666666666,18.95833333333333,0.0,0.8005327158075003,9,3.655555555555555,0,107,66.4766355140187,41,79.0,75.0,0.9375,Horizon Riverside,London,Large,Oncology,152,2025,10,4,9,3,41,0,0.818287037037037,0.9493670886075949,21,0.776923076923077
HHN-LON-02,2025-10-10,50,43,18.0,14.625,18.947916666666668,0.0,0.8069732889237199,7,3.4714285714285715,0,134,55.74626865671642,46,79.0,79.0,1.0,Horizon Riverside,London,Large,Oncology,152,2025,10,4,10,4,41,0,0.8125,1.0,7,0.7718526663001649
HHN-LON-02,2025-10-11,35,40,18.0,14.510416666666666,18.697916666666668,0.0,0.8108819818267713,0,0.0,0,90,60.48888888888889,31,78.0,75.0,0.90625,Horizon Riverside,London,Large,Oncology,152,2025,10,4,11,5,41,1,0.8061342592592592,0.9615384615384616,-5,0.7760445682451252
HHN-LON-02,2025-10-12,26,41,18.0,14.479166666666666,18.86458333333333,0.0,0.8098600331429845,0,0.0,0,99,45.25252525252525,28,79.0,77.0,0.9375,Horizon Riverside,London,Large,Oncology,152,2025,10,4,12,6,41,1,0.8043981481481481,0.9746835443037974,-15,0.767531750414136
HHN-LON-02,2025-10-13,66,51,18.0,14.546875,18.921875,0.0,0.8225391789059174,15,2.6333333333333333,0,166,46.13253012048193,49,79.0,79.0,1.0,Horizon Riverside,London,Large,Oncology,152,2025,10,4,13,0,42,0,0.8081597222222222,1.0,15,0.7687861271676301
HHN-LON-02,2025-10-14,38,48,18.0,14.390625,18.89583333333333,0.0,0.8333773523777327,13,2.2384615384615385,0,82,52.609756097560975,26,79.0,71.0,0.84375,Horizon Riverside,London,Large,Oncology,152,2025,10,4,14,1,42,0,0.7994791666666666,0.8987341772151899,-10,0.761576626240353
HHN-LON-02,2025-10-15,30,32,18.0,14.286458333333334,18.96875,0.0,0.7755396094566352,6,4.266666666666667,0,73,52.08219178082192,23,79.0,79.0,1.0,Horizon Riverside,London,Large,Oncology,152,2025,10,4,15,2,42,0,0.7936921296296297,1.0,-2,0.7531576057111478
HHN-LON-02,2025-10-16,40,41,18.0,14.213541666666666,18.92708333333333,0.0,0.7621118089419096,9,4.300000000000001,2,110,53.28181818181818,34,79.0,79.0,1.0,Horizon Riverside,London,Large,Oncology,152,2025,10,4,16,3,42,0,0.7896412037037037,1.0,-1,0.750963126031921
HHN-LON-02,2025-10-17,44,37,18.0,14.479166666666666,18.95833333333333,0.0,0.8132102272727272,11,2.527272727272728,1,96,51.864583333333336,33,79.0,77.0,0.9375,Horizon Riverside,London,Large,Oncology,152,2025,10,4,17,4,42,0,0.8043981481481481,0.9746835443037974,7,0.7637362637362639
HHN-LON-02,2025-10-18,31,41,18.0,13.614583333333334,18.744791666666668,0.0,0.7473832337690504,0,0.0,0,84,56.69047619047619,31,78.0,77.0,0.96875,Horizon Riverside,London,Large,Oncology,152,2025,10,4,18,5,42,1,0.7563657407407408,0.9871794871794872,-10,0.7263128646846346
HHN-LON-02,2025-10-19,19,40,18.0,12.984375,18.901041666666668,0.0,0.7292518824818054,0,0.0,0,74,33.37837837837838,20,79.0,78.0,0.96875,Horizon Riverside,London,Large,Oncology,152,2025,10,4,19,6,42,1,0.7213541666666666,0.9873417721518988,-21,0.6869661063653899
HHN-LON-02,2025-10-20,41,35,18.0,13.067708333333334,18.95833333333333,0.0,0.7669969268837803,16,3.0375,0,97,29.082474226804123,23,79.0,78.0,0.96875,Horizon Riverside,London,Large,Oncology,152,2025,10,4,20,0,43,0,0.7259837962962963,0.9873417721518988,6,0.6892857142857145
HHN-LON-02,2025-10-21,35,44,18.0,12.859375,18.921875,0.0,0.7430628469152176,9,2.7222222222222223,0,103,43.43689320388349,28,79.0,77.0,0.9375,Horizon Riverside,London,Large,Oncology,152,2025,10,4,21,1,43,0,0.7144097222222222,0.9746835443037974,-9,0.6796036333608588
HHN-LON-02,2025-10-22,44,37,18.0,13.182291666666666,18.947916666666668,0.0,0.7399597285579157,16,2.50625,1,98,48.01020408163265,27,79.0,76.0,0.90625,Horizon Riverside,London,Large,Oncology,152,2025,10,4,22,2,43,0,0.732349537037037,0.9620253164556962,7,0.6957119296316657
HHN-LON-02,2025-10-23,41,33,18.0,12.96875,18.921875,0.0,0.722559462087942,14,2.207142857142857,0,86,43.325581395348834,27,79.0,77.0,0.9375,Horizon Riverside,London,Large,Oncology,152,2025,10,4,23,3,43,0,0.7204861111111112,0.9746835443037974,8,0.685383980181668
HHN-LON-02,2025-10-24,25,40,18.0,12.833333333333334,18.921875,0.0,0.6945633015810818,11,3.1,1,66,39.51515151515152,16,79.0,76.0,0.90625,Horizon Riverside,London,Large,Oncology,152,2025,10,4,24,4,43,0,0.712962962962963,0.9620253164556962,-15,0.6782273603082852
HHN-LON-02,2025-10-25,22,31,18.0,11.880208333333334,18.885416666666668,0.0,0.6492140045183433,0,0.0,0,73,51.50684931506849,24,79.0,79.0,1.0,Horizon Riverside,London,Large,Oncology,152,2025,10,4,25,5,43,1,0.6600115740740741,1.0,-9,0.6290678433535576
HHN-LON-02,2025-10-26,28,32,18.0,10.932291666666666,18.89583333333333,0.0,0.6300153276091146,0,0.0,0,102,47.3235294117647,32,79.0,74.0,0.84375,Horizon Riverside,London,Large,Oncology,152,2025,10,4,26,6,43,1,0.607349537037037,0.9367088607594937,-4,0.578555678059537
HHN-LON-02,2025-10-27,45,28,18.0,11.932291666666666,18.86458333333333,0.0,0.711720930225304,14,2.9214285714285717,0,92,61.25,31,79.0,79.0,1.0,Horizon Riverside,London,Large,Oncology,152,2025,10,4,27,0,44,0,0.6629050925925926,1.0,17,0.6325234676974049
HHN-LON-02,2025-10-28,45,31,18.0,13.317708333333334,18.932291666666668,0.0,0.7559153858992221,11,3.627272727272727,2,119,41.84033613445378,31,79.0,79.0,1.0,Horizon Riverside,London,Large,Oncology,152,2025,10,4,28,1,44,0,0.7398726851851852,1.0,14,0.7034387895460797
HHN-LON-02,2025-10-29,48,45,18.0,13.369791666666666,18.94270833333333,0.0,0.7344713483508172,16,3.20625,0,105,44.06666666666667,28,79.0,79.0,1.0,Horizon Riverside,London,Large,Oncology,152,2025,10,4,29,2,44,0,0.7427662037037037,1.0,3,0.7058014847401706
HHN-LON-02,2025-10-30,28,36,18.0,12.520833333333334,18.947916666666668,0.0,0.684922138047138,6,3.95,2,78,52.256410256410255,25,79.0,73.0,0.875,Horizon Riverside,London,Large,Oncology,152,2025,10,4,30,3,44,0,0.6956018518518519,0.9240506329113924,-8,0.6608026388125343
HHN-LON-02,2025-10-31,34,30,18.0,13.333333333333334,18.947916666666668,0.0,0.7436452951449359,11,2.0454545454545454,2,96,48.5,27,79.0,77.0,0.9375,Horizon Riverside,London,Large,Oncology,152,2025,10,4,31,4,44,0,0.7407407407407408,0.9746835443037974,4,0.7036833424958768
HHN-LON-02,2025-11-01,26,36,18.0,13.260416666666666,18.88020833333333,0.0,0.7343460416937005,0,0.0,0,65,45.13846153846154,24,79.0,79.0,1.0,Horizon Riverside,London,Large,Oncology,152,2025,11,4,1,5,44,1,0.7366898148148148,1.0,-10,0.7023448275862071
HHN-LON-02,2025-11-02,53,38,18.0,12.953125,18.916666666666668,0.0,0.7441204162568894,0,0.0,0,174,48.55172413793103,55,79.0,78.0,0.96875,Horizon Riverside,London,Large,Oncology,152,2025,11,4,2,6,44,1,0.7196180555555556,0.9873417721518988,15,0.6847466960352423
HHN-LON-02,2025-11-03,33,39,18.0,13.755208333333334,18.963541666666668,0.0,0.792816984691134,10,2.95,0,83,45.493975903614455,23,79.0,79.0,1.0,Horizon Riverside,London,Large,Oncology,152,2025,11,4,3,0,45,0,0.7641782407407408,1.0,-6,0.7253501785223839
HHN-LON-02,2025-11-04,37,30,18.0,12.979166666666666,18.947916666666668,0.0,0.7328875567532555,8,3.2,0,108,45.5925925925926,30,79.0,79.0,1.0,Horizon Riverside,London,Large,Oncology,152,2025,11,4,4,1,45,0,0.7210648148148148,1.0,7,0.6849917537108301
HHN-LON-02,2025-11-05,43,40,18.0,13.130208333333334,18.921875,0.0,0.7562554587965544,10,3.5200000000000005,2,126,48.595238095238095,33,79.0,79.0,1.0,Horizon Riverside,London,Large,Oncology,152,2025,11,4,5,2,45,0,0.7294560185185186,1.0,3,0.6939168731076246
HHN-LON-02,2025-11-06,33,39,18.0,13.713541666666666,18.91145833333333,0.0,0.7667228957374714,6,2.35,3,69,60.94202898550725,26,79.0,78.0,0.96875,Horizon Riverside,London,Large,Oncology,152,2025,11,4,6,3,45,0,0.7618634259259259,0.9873417721518988,-6,0.725144588267695
HHN-LON-02,2025-11-07,38,39,18.0,13.901041666666666,18.947916666666668,0.0,0.7811747140949726,7,1.8,2,96,58.29166666666666,33,79.0,79.0,1.0,Horizon Riverside,London,Large,Oncology,152,2025,11,4,7,4,45,0,0.7722800925925926,1.0,-1,0.733644859813084
HHN-LON-02,2025-11-08,35,35,18.0,13.572916666666666,18.81770833333333,0.0,0.7566957003325538,0,0.0,0,105,47.54285714285714,33,79.0,77.0,0.9375,Horizon Riverside,London,Large,Oncology,152,2025,11,4,8,5,45,1,0.7540509259259259,0.9746835443037974,0,0.7212842513146971
HHN-LON-02,2025-11-09,22,41,18.0,12.817708333333334,18.885416666666668,0.0,0.7254170869881972,0,0.0,0,79,37.25316455696203,20,79.0,77.0,0.9375,Horizon Riverside,London,Large,Oncology,152,2025,11,4,9,6,45,1,0.7120949074074074,0.9746835443037974,-19,0.6787093215664645
HHN-LON-02,2025-11-10,31,33,18.0,12.427083333333334,18.947916666666668,0.0,0.731651428340624,7,2.9,0,113,38.16814159292036,25,79.0,75.0,0.9375,Horizon Riverside,London,Large,Oncology,152,2025,11,4,10,0,46,0,0.6903935185185186,0.9493670886075949,-2,0.6558548653106102
HHN-LON-02,2025-11-11,37,33,18.0,12.166666666666666,18.953125,0.0,0.7119644042798677,11,3.1090909090909093,2,84,49.142857142857146,28,79.0,78.0,0.96875,Horizon Riverside,London,Large,Oncology,152,2025,11,4,11,1,46,0,0.6759259259259259,0.9873417721518988,4,0.6419345974168728
HHN-LON-02,2025-11-12,28,25,18.0,12.916666666666666,18.869791666666668,0.0,0.7532567264123373,11,2.4272727272727272,1,63,49.95238095238095,18,79.0,74.0,0.90625,Horizon Riverside,London,Large,Oncology,152,2025,11,4,12,2,46,0,0.7175925925925926,0.9367088607594937,3,0.68451559481093
HHN-LON-02,2025-11-13,43,34,18.0,13.432291666666666,18.953125,0.0,0.7436917041122005,13,3.3,0,94,41.98936170212766,30,79.0,76.0,0.96875,Horizon Riverside,London,Large,Oncology,152,2025,11,4,13,3,46,0,0.7462384259259259,0.9620253164556962,9,0.7087111843913163
HHN-LON-02,2025-11-14,31,34,18.0,13.90625,18.94270833333333,0.0,0.7353420221820007,9,3.988888888888889,2,89,42.02247191011236,22,79.0,78.0,0.96875,Horizon Riverside,London,Large,Oncology,152,2025,11,4,14,4,46,0,0.7725694444444444,0.9873417721518988,-3,0.734121528732472
HHN-LON-02,2025-11-15,35,26,18.0,14.145833333333334,18.83333333333333,0.0,0.7622687226068153,0,0.0,0,109,47.76146788990825,35,79.0,74.0,0.90625,Horizon Riverside,London,Large,Oncology,152,2025,11,4,15,5,46,1,0.7858796296296297,0.9367088607594937,9,0.7511061946902657
HHN-LON-02,2025-11-16,20,28,18.0,14.203125,18.84895833333333,0.0,0.7956035363901743,0,0.0,0,90,41.24444444444445,21,79.0,78.0,0.96875,Horizon Riverside,London,Large,Oncology,152,2025,11,4,16,6,46,1,0.7890625,0.9873417721518988,-8,0.753523072672009
HHN-LON-02,2025-11-17,31,30,18.0,13.901041666666666,18.932291666666668,0.0,0.7834017043546675,6,4.4,1,84,47.91666666666666,24,79.0,79.0,1.0,Horizon Riverside,London,Large,Oncology,152,2025,11,4,17,0,47,0,0.7722800925925926,1.0,1,0.7342503438789545
HHN-LON-02,2025-11-18,34,40,18.0,13.786458333333334,18.916666666666668,0.0,0.7891469960435478,11,3.1727272727272733,1,79,65.35443037974683,27,79.0,78.0,0.96875,Horizon Riverside,London,Large,Oncology,152,2025,11,4,18,1,47,0,0.7659143518518519,0.9873417721518988,-6,0.7287995594713657
HHN-LON-02,2025-11-19,51,37,18.0,13.963541666666666,18.953125,0.0,0.8195841315453385,11,2.6818181818181817,0,112,59.98214285714285,39,79.0,78.0,0.96875,Horizon Riverside,London,Large,Oncology,152,2025,11,4,19,2,47,0,0.7757523148148148,0.9873417721518988,14,0.736740862874416
HHN-LON-02,2025-11-20,48,26,18.0,14.46875,18.86458333333333,0.0,0.8171789691091954,16,3.59375,1,120,43.925,30,79.0,78.0,0.96875,Horizon Riverside,London,Large,Oncology,152,2025,11,4,20,3,47,0,0.8038194444444444,0.9873417721518988,22,0.7669795692987301
HHN-LON-02,2025-11-21,44,36,18.0,14.958333333333334,18.901041666666668,0.0,0.8169073159240186,14,3.0928571428571425,2,116,36.41379310344828,30,79.0,77.0,0.9375,Horizon Riverside,London,Large,Oncology,152,2025,11,4,21,4,47,0,0.8310185185185186,0.9746835443037974,8,0.7914025902452466
HHN-LON-02,2025-11-22,33,46,18.0,14.182291666666666,18.89583333333333,0.140625,0.7949763852499813,0,0.0,0,105,53.68571428571428,33,79.0,76.0,0.9375,Horizon Riverside,London,Large,Oncology,152,2025,11,4,22,5,47,1,0.7879050925925926,0.9620253164556962,-13,0.7505512679162074
HHN-LON-02,2025-11-23,19,44,18.0,13.390625,18.822916666666668,0.375,0.7616165424524312,0,0.0,0,71,45.85915492957746,20,79.0,77.0,0.9375,Horizon Riverside,London,Large,Oncology,152,2025,11,4,23,6,47,1,0.7439236111111112,0.9746835443037974,-25,0.7114001106806862
HHN-LON-02,2025-11-24,52,36,18.0,13.411458333333334,18.953125,0.375,0.7992874263536471,11,2.363636363636364,0,139,46.68345323741007,42,79.0,79.0,1.0,Horizon Riverside,London,Large,Oncology,152,2025,11,4,24,0,48,0,0.7450810185185186,1.0,16,0.7076119813135477
HHN-LON-02,2025-11-25,44,48,18.0,13.067708333333334,18.947916666666668,0.375,0.781856973712218,9,2.7444444444444445,1,141,35.86524822695036,37,79.0,79.0,1.0,Horizon Riverside,London,Large,Oncology,152,2025,11,4,25,1,48,0,0.7259837962962963,1.0,-4,0.6896646509070918
HHN-LON-02,2025-11-26,33,34,18.0,12.682291666666666,18.88020833333333,0.375,0.7401345288697665,9,3.1666666666666665,1,90,35.766666666666666,22,79.0,78.0,0.96875,Horizon Riverside,London,Large,Oncology,152,2025,11,4,26,2,48,0,0.7045717592592592,0.9873417721518988,-1,0.6717241379310346
HHN-LON-02,2025-11-27,51,33,18.0,13.390625,18.890625,0.328125,0.7602648917075102,14,4.15,0,142,54.19718309859155,43,79.0,78.0,0.96875,Horizon Riverside,London,Large,Oncology,152,2025,11,4,27,3,48,0,0.7439236111111112,0.9873417721518988,18,0.7088502894954508
HHN-LON-02,2025-11-28,47,44,18.0,14.473958333333334,18.932291666666668,0.375,0.7989118012016719,14,2.492857142857143,1,109,52.98165137614679,31,79.0,78.0,0.96875,Horizon Riverside,London,Large,Oncology,152,2025,11,4,28,4,48,0,0.8041087962962963,0.9873417721518988,3,0.7645116918844567
HHN-LON-02,2025-11-29,18,34,18.0,15.046875,18.875,0.375,0.7784235238200122,0,0.0,0,63,44.82539682539682,16,79.0,78.0,0.96875,Horizon Riverside,London,Large,Oncology,152,2025,11,4,29,5,48,1,0.8359375,0.9873417721518988,-16,0.7971854304635762
HHN-LON-02,2025-11-30,32,47,18.0,14.40625,18.88020833333333,0.375,0.7538587650116502,0,0.0,0,135,41.34814814814815,35,79.0,78.0,0.96875,Horizon Riverside,London,Large,Oncology,152,2025,11,4,30,6,48,1,0.8003472222222222,0.9873417721518988,-15,0.7630344827586208
HHN-LON-02,2025-12-01,52,37,18.0,14.130208333333334,18.760416666666668,0.375,0.7678261902511553,9,2.1,2,137,49.24817518248175,42,78.0,76.0,0.9375,Horizon Riverside,London,Large,Oncology,152,2025,12,4,1,0,49,0,0.7850115740740741,0.9743589743589743,15,0.7531926707384786
HHN-LON-02,2025-12-02,50,39,18.0,14.25,18.932291666666668,0.375,0.7807243592534542,9,2.1555555555555554,0,143,48.54545454545455,43,79.0,74.0,0.90625,Horizon Riverside,London,Large,Oncology,152,2025,12,4,2,1,49,0,0.7916666666666666,0.9367088607594937,11,0.7526822558459422
HHN-LON-02,2025-12-03,55,42,18.0,14.489583333333334,18.838541666666668,0.375,0.7751276724151411,11,3.427272727272728,2,155,51.63870967741936,48,79.0,79.0,1.0,Horizon Riverside,London,Large,Oncology,152,2025,12,4,3,2,49,0,0.8049768518518519,1.0,13,0.7691457008570638
HHN-LON-02,2025-12-04,66,44,18.0,15.0,18.86458333333333,0.03125,0.8107380512954182,12,2.733333333333333,0,155,41.57419354838709,45,79.0,79.0,1.0,Horizon Riverside,London,Large,Oncology,152,2025,12,4,4,3,49,0,0.8333333333333334,1.0,22,0.7951408061844287
HHN-LON-02,2025-12-05,30,46,18.0,15.395833333333334,18.9375,0.1979166666666666,0.8274923262800419,9,2.388888888888889,0,87,36.88505747126437,22,79.0,77.0,0.9375,Horizon Riverside,London,Large,Oncology,152,2025,12,4,5,4,49,0,0.8553240740740741,0.9746835443037974,-16,0.812981298129813
HHN-LON-02,2025-12-06,43,54,18.0,15.020833333333334,18.81770833333333,0.25,0.8067020163789439,0,0.0,0,123,60.59349593495935,46,79.0,74.0,0.84375,Horizon Riverside,London,Large,Oncology,152,2025,12,4,6,5,49,1,0.8344907407407408,0.9367088607594937,-11,0.7982286188762804
HHN-LON-02,2025-12-07,38,30,18.0,14.880208333333334,18.822916666666668,0.25,0.8095495369251892,0,0.0,0,118,47.1271186440678,36,78.0,77.0,0.96875,Horizon Riverside,London,Large,Oncology,152,2025,12,4,7,6,49,1,0.8266782407407408,0.9871794871794872,8,0.7905368013281682
HHN-LON-02,2025-12-08,51,64,18.0,14.708333333333334,18.89583333333333,0.25,0.806477490421456,7,1.957142857142857,1,135,51.266666666666666,46,79.0,78.0,0.96875,Horizon Riverside,London,Large,Oncology,152,2025,12,4,8,0,50,0,0.8171296296296297,0.9873417721518988,-13,0.7783902976846749
HHN-LON-02,2025-12-09,71,40,18.0,14.614583333333334,18.8125,0.0625,0.8061210872077211,8,3.8875,2,190,45.05263157894737,65,79.0,76.0,0.96875,Horizon Riverside,London,Large,Oncology,152,2025,12,4,9,1,50,0,0.8119212962962963,0.9620253164556962,31,0.7768549280177187
HHN-LON-02,2025-12-10,41,52,18.0,14.791666666666666,18.885416666666668,0.0,0.8359823994252874,7,3.1714285714285717,4,115,54.11304347826087,34,79.0,76.0,0.90625,Horizon Riverside,London,Large,Oncology,152,2025,12,4,10,2,50,0,0.8217592592592592,0.9620253164556962,-11,0.7832322118036403
HHN-LON-02,2025-12-11,39,65,18.0,14.848958333333334,18.890625,0.0,0.8516238543639009,10,2.2,1,103,45.81553398058252,29,79.0,79.0,1.0,Horizon Riverside,London,Large,Oncology,152,2025,12,4,11,3,50,0,0.8249421296296297,1.0,-26,0.786049076371657
HHN-LON-02,2025-12-12,45,39,18.0,14.552083333333334,18.86458333333333,0.0,0.8133580779054917,10,3.375,1,119,41.747899159663866,32,78.0,77.0,0.96875,Horizon Riverside,London,Large,Oncology,152,2025,12,4,12,4,50,0,0.8084490740740741,0.9871794871794872,6,0.771397018221977
HHN-LON-02,2025-12-13,38,39,18.0,14.578125,18.796875,0.0,0.7887438501393244,0,0.0,0,107,62.14018691588785,40,79.0,77.0,0.9375,Horizon Riverside,London,Large,Oncology,152,2025,12,4,13,5,50,1,0.8098958333333334,0.9746835443037974,-1,0.7755610972568578
HHN-LON-02,2025-12-14,56,45,18.0,14.348958333333334,18.83333333333333,0.0,0.8179985868669796,0,0.0,0,198,44.01515151515152,57,79.0,77.0,0.9375,Horizon Riverside,London,Large,Oncology,152,2025,12,4,14,6,50,1,0.7971643518518519,0.9746835443037974,11,0.7618915929203542
HHN-LON-02,2025-12-15,46,57,18.0,14.744791666666666,18.88020833333333,0.0,0.820652647161268,10,3.7,2,173,44.10982658959538,42,79.0,79.0,1.0,Horizon Riverside,London,Large,Oncology,152,2025,12,4,15,0,51,0,0.8191550925925926,1.0,-11,0.7809655172413795
HHN-LON-02,2025-12-16,34,32,18.0,14.776041666666666,18.807291666666668,0.0,0.8393823859711479,7,2.142857142857143,2,73,31.78082191780822,18,79.0,78.0,0.96875,Horizon Riverside,London,Large,Oncology,152,2025,12,4,16,1,51,0,0.8208912037037037,0.9873417721518988,2,0.7856549432290223
HHN-LON-02,2025-12-17,45,40,18.0,14.557291666666666,18.8125,0.0,0.8144789364132037,8,4.1875,2,110,60.5,42,79.0,77.0,0.9375,Horizon Riverside,London,Large,Oncology,152,2025,12,4,17,2,51,0,0.8087384259259259,0.9746835443037974,5,0.7738095238095237
HHN-LON-02,2025-12-18,43,42,18.0,14.932291666666666,18.859375,0.0,0.8238882902298851,4,4.625,0,143,37.31468531468531,36,79.0,79.0,1.0,Horizon Riverside,London,Large,Oncology,152,2025,12,4,18,3,51,0,0.8295717592592592,1.0,1,0.7917702292184479
HHN-LON-02,2025-12-19,34,48,18.0,14.713541666666666,18.88020833333333,0.0,0.8112859195402299,2,3.85,1,120,37.641666666666666,34,78.0,76.0,0.9375,Horizon Riverside,London,Large,Oncology,152,2025,12,4,19,4,51,0,0.8174189814814814,0.9743589743589743,-14,0.7793103448275863
HHN-LON-02,2025-12-20,46,47,18.0,14.265625,18.807291666666668,0.0,0.8178373622116669,0,0.0,0,151,41.17880794701987,44,79.0,76.0,0.90625,Horizon Riverside,London,Large,Oncology,152,2025,12,4,20,5,51,1,0.7925347222222222,0.9620253164556962,-1,0.758515646635281
HHN-LON-02,2025-12-21,30,37,18.0,13.8125,18.8125,0.0,0.7981541934302457,0,0.0,0,106,53.17924528301887,34,79.0,77.0,0.90625,Horizon Riverside,London,Large,Oncology,152,2025,12,4,21,6,51,1,0.7673611111111112,0.9746835443037974,-7,0.7342192691029901
HHN-LON-02,2025-12-22,50,40,18.0,14.130208333333334,18.80208333333333,0.0,0.8017058334784628,4,3.325,0,106,62.35849056603774,42,79.0,77.0,0.9375,Horizon Riverside,London,Large,Oncology,152,2025,12,4,22,0,52,0,0.7850115740740741,0.9746835443037974,10,0.7515235457063714
HHN-LON-02,2025-12-23,40,45,18.0,13.994791666666666,18.932291666666668,0.0,0.7822436832404506,1,1.2,0,123,61.66666666666666,41,79.0,78.0,0.96875,Horizon Riverside,London,Large,Oncology,152,2025,12,4,23,1,52,0,0.7774884259259259,0.9873417721518988,-5,0.7392022008253094
HHN-LON-02,2025-12-24,29,36,18.0,14.03125,18.875,0.0,0.7822234832055099,7,2.9142857142857146,0,102,39.8921568627451,22,79.0,73.0,0.875,Horizon Riverside,London,Large,Oncology,152,2025,12,4,24,2,52,0,0.7795138888888888,0.9240506329113924,-7,0.7433774834437086
HHN-LON-02,2025-12-25,43,29,18.0,13.869791666666666,18.828125,0.0,0.795736874509951,0,0.0,0,133,47.56390977443609,44,79.0,77.0,0.9375,Horizon Riverside,London,Large,Oncology,152,2025,12,4,25,3,52,0,0.7705439814814814,0.9746835443037974,14,0.7366528354080221
HHN-LON-02,2025-12-26,29,49,18.0,13.130208333333334,18.828125,0.0,0.7722564546325322,0,0.0,0,112,29.1875,27,79.0,73.0,0.875,Horizon Riverside,London,Large,Oncology,152,2025,12,4,26,4,52,0,0.7294560185185186,0.9240506329113924,-20,0.6973720608575381
HHN-LON-02,2025-12-27,46,31,18.0,12.354166666666666,18.760416666666668,0.0,0.735932189257916,0,0.0,0,154,51.68181818181818,46,79.0,73.0,0.84375,Horizon Riverside,London,Large,Oncology,152,2025,12,4,27,5,52,1,0.6863425925925926,0.9240506329113924,15,0.6585230427540255
HHN-LON-02,2025-12-28,44,44,18.0,12.40625,18.859375,0.0,0.7314095237856013,0,0.0,0,143,54.23076923076923,47,79.0,79.0,1.0,Horizon Riverside,London,Large,Oncology,152,2025,12,4,28,6,52,1,0.6892361111111112,1.0,0,0.6578293289146645
HHN-LON-02,2025-12-29,35,41,18.0,12.65625,18.875,0.0,0.7412065017637968,3,2.333333333333333,1,111,46.24324324324324,31,79.0,75.0,0.84375,Horizon Riverside,London,Large,Oncology,152,2025,12,4,29,0,1,0,0.703125,0.9493670886075949,-6,0.6705298013245033
HHN-LON-02,2025-12-30,47,31,18.0,13.026041666666666,18.84895833333333,0.0,0.7478548959421804,4,3.775,1,147,48.44897959183673,43,79.0,78.0,0.96875,Horizon Riverside,London,Large,Oncology,152,2025,12,4,30,1,1,0,0.7236689814814814,0.9873417721518988,16,0.6910748825642444
HHN-LON-02,2025-12-31,31,32,18.0,13.713541666666666,18.84375,0.0,0.7960106924810894,4,2.575,0,125,32.936,28,78.0,77.0,0.96875,Horizon Riverside,London,Large,Oncology,152,2025,12,4,31,2,1,0,0.7618634259259259,0.9871794871794872,-1,0.7277501381978994
HHN-MAN-01,2024-01-01,34,1,24.0,1.671875,20.354166666666668,0.0,0.0808221998137705,0,0.0,0,140,42.72142857142857,38,77.0,71.0,0.84375,Horizon Manchester,Manchester,Large,Orthopaedics,164,2024,1,1,1,0,1,0,0.06966145833333333,0.922077922077922,33,0.08213920163766632
HHN-MAN-01,2024-01-02,41,10,24.0,5.760416666666667,20.36458333333333,0.0,0.2672719999184021,8,2.8375,0,130,37.83076923076923,31,77.0,75.0,0.9375,Horizon Manchester,Manchester,Large,Orthopaedics,164,2024,1,1,2,1,1,0,0.24001736111111113,0.974025974025974,31,0.2828644501278773
HHN-MAN-01,2024-01-03,32,12,24.0,9.203125,20.338541666666668,0.0,0.3908645811226655,11,3.936363636363636,0,95,39.97894736842105,23,78.0,78.0,1.0,Horizon Manchester,Manchester,Large,Orthopaedics,164,2024,1,1,3,2,1,0,0.3834635416666667,1.0,20,0.4524967989756722
HHN-MAN-01,2024-01-04,26,21,24.0,10.625,20.34895833333333,0.0,0.4519962216362738,7,3.142857142857143,0,106,30.150943396226417,20,77.0,74.0,0.875,Horizon Manchester,Manchester,Large,Orthopaedics,164,2024,1,1,4,3,1,0,0.4427083333333333,0.961038961038961,5,0.5221397491681599
HHN-MAN-01,2024-01-05,54,29,24.0,12.421875,20.265625,0.0,0.5636544220249955,7,2.742857142857143,3,177,39.92090395480226,49,77.0,74.0,0.90625,Horizon Manchester,Manchester,Large,Orthopaedics,164,2024,1,1,5,4,1,0,0.517578125,0.961038961038961,25,0.612952968388589
HHN-MAN-01,2024-01-06,43,39,24.0,13.755208333333334,20.119791666666668,0.0,0.629359808583637,0,0.0,0,144,38.75694444444444,40,77.0,70.0,0.8125,Horizon Manchester,Manchester,Large,Orthopaedics,164,2024,1,1,6,5,1,1,0.5731336805555556,0.9090909090909091,4,0.6836655449132798
HHN-MAN-01,2024-01-07,32,37,24.0,13.213541666666666,20.359375,0.0,0.6075987933311111,0,0.0,0,132,46.11363636363637,37,77.0,74.0,0.90625,Horizon Manchester,Manchester,Large,Orthopaedics,164,2024,1,1,7,6,1,1,0.550564236111111,0.961038961038961,-5,0.6490150933742644
HHN-MAN-01,2024-01-08,71,46,24.0,13.989583333333334,20.31770833333333,0.0,0.6570247893599338,12,3.225,2,178,45.00561797752809,56,77.0,77.0,1.0,Horizon Manchester,Manchester,Large,Orthopaedics,164,2024,1,1,8,0,2,0,0.5828993055555556,1.0,25,0.6885413996411178
HHN-MAN-01,2024-01-09,42,37,24.0,15.864583333333334,20.31770833333333,0.0,0.7495429810873677,9,2.3,2,136,39.125,34,77.0,74.0,0.9375,Horizon Manchester,Manchester,Large,Orthopaedics,164,2024,1,1,9,1,2,0,0.6610243055555556,0.961038961038961,5,0.780825429377083
HHN-MAN-01,2024-01-10,56,41,24.0,16.677083333333332,20.3125,0.0,0.7830387484228559,11,3.0,0,149,46.70469798657718,43,77.0,76.0,0.96875,Horizon Manchester,Manchester,Large,Orthopaedics,164,2024,1,1,10,2,2,0,0.6948784722222222,0.987012987012987,15,0.821025641025641
HHN-MAN-01,2024-01-11,40,52,24.0,16.59375,20.20833333333333,0.0,0.7710462100939891,10,2.53,3,93,52.2258064516129,29,78.0,76.0,0.9375,Horizon Manchester,Manchester,Large,Orthopaedics,164,2024,1,1,11,3,2,0,0.69140625,0.9743589743589743,-12,0.8211340206185569
HHN-MAN-01,2024-01-12,43,46,24.0,16.208333333333332,20.369791666666668,0.0,0.7652807516523162,7,2.8428571428571425,0,160,48.95,43,77.0,76.0,0.96875,Horizon Manchester,Manchester,Large,Orthopaedics,164,2024,1,1,12,4,2,0,0.6753472222222222,0.987012987012987,-3,0.7957044234211198
HHN-MAN-01,2024-01-13,48,49,24.0,15.442708333333334,20.25520833333333,0.2083333333333333,0.7252134206995994,0,0.0,0,148,50.91216216216216,42,77.0,74.0,0.90625,Horizon Manchester,Manchester,Large,Orthopaedics,164,2024,1,1,13,5,2,1,0.6434461805555556,0.961038961038961,-1,0.7624067883774751
HHN-MAN-01,2024-01-14,45,47,24.0,14.942708333333334,20.244791666666668,0.25,0.7055786816510691,0,0.0,0,179,45.01675977653631,49,77.0,70.0,0.78125,Horizon Manchester,Manchester,Large,Orthopaedics,164,2024,1,1,14,6,2,1,0.6226128472222222,0.9090909090909091,-2,0.7381013635194237
HHN-MAN-01,2024-01-15,37,41,24.0,15.494791666666666,20.34895833333333,0.25,0.7153128589703425,7,4.1,2,120,36.96666666666667,28,77.0,75.0,0.9375,Horizon Manchester,Manchester,Large,Orthopaedics,164,2024,1,1,15,0,3,0,0.6456163194444444,0.974025974025974,-4,0.7614538008702331
HHN-MAN-01,2024-01-16,38,32,24.0,16.041666666666668,20.296875,0.25,0.7612902010472662,11,2.909090909090909,0,112,43.705357142857146,31,77.0,72.0,0.8125,Horizon Manchester,Manchester,Large,Orthopaedics,164,2024,1,1,16,1,3,0,0.6684027777777778,0.935064935064935,6,0.7903515524762639
HHN-MAN-01,2024-01-17,30,40,24.0,16.645833333333332,20.375,0.25,0.7884756622608965,8,2.9,0,72,37.05555555555556,16,77.0,74.0,0.9375,Horizon Manchester,Manchester,Large,Orthopaedics,164,2024,1,1,17,2,3,0,0.6935763888888888,0.961038961038961,-10,0.8169734151329243
HHN-MAN-01,2024-01-18,64,38,24.0,16.760416666666668,20.31770833333333,0.25,0.7895006722459224,13,3.230769230769231,0,175,43.605714285714285,52,77.0,74.0,0.9375,Horizon Manchester,Manchester,Large,Orthopaedics,164,2024,1,1,18,3,3,0,0.6983506944444445,0.961038961038961,26,0.8249166880287109
HHN-MAN-01,2024-01-19,43,45,24.0,17.140625,20.328125,0.25,0.7906368195404796,6,3.0,0,130,51.7,42,77.0,71.0,0.875,Horizon Manchester,Manchester,Large,Orthopaedics,164,2024,1,1,19,4,3,0,0.7141927083333334,0.922077922077922,-2,0.8431975403535742
HHN-MAN-01,2024-01-20,38,40,24.0,17.21875,20.234375,0.0104166666666666,0.8059667022587497,0,0.0,0,115,48.391304347826086,35,77.0,72.0,0.875,Horizon Manchester,Manchester,Large,Orthopaedics,164,2024,1,1,20,5,3,1,0.7174479166666666,0.935064935064935,-2,0.850965250965251
HHN-MAN-01,2024-01-21,40,40,24.0,16.666666666666668,20.21875,0.0,0.7698092655986409,0,0.0,0,132,52.62878787878788,42,77.0,74.0,0.875,Horizon Manchester,Manchester,Large,Orthopaedics,164,2024,1,1,21,6,3,1,0.6944444444444445,0.961038961038961,0,0.8243173621844411
HHN-MAN-01,2024-01-22,45,54,24.0,16.828125,20.354166666666668,0.0,0.7729907220331693,8,3.125,0,139,39.0,35,77.0,75.0,0.9375,Horizon Manchester,Manchester,Large,Orthopaedics,164,2024,1,1,22,0,4,0,0.701171875,0.974025974025974,-9,0.8267656090071648
HHN-MAN-01,2024-01-23,65,51,24.0,17.098958333333332,20.34895833333333,0.0,0.7940613553487372,14,2.742857142857143,0,187,44.24598930481283,53,77.0,74.0,0.9375,Horizon Manchester,Manchester,Large,Orthopaedics,164,2024,1,1,23,1,4,0,0.7124565972222222,0.961038961038961,14,0.8402866649603278
HHN-MAN-01,2024-01-24,48,34,24.0,18.338541666666668,20.338541666666668,0.0,0.8351717509920635,15,4.14,0,71,88.66197183098592,31,77.0,72.0,0.84375,Horizon Manchester,Manchester,Large,Orthopaedics,164,2024,1,1,24,2,4,0,0.7641059027777778,0.935064935064935,14,0.9016645326504481
HHN-MAN-01,2024-01-25,65,44,24.0,19.213541666666668,20.34895833333333,0.0,0.8841789150367693,14,3.521428571428572,4,135,53.78518518518519,50,77.0,72.0,0.8125,Horizon Manchester,Manchester,Large,Orthopaedics,164,2024,1,1,25,3,4,0,0.8005642361111112,0.935064935064935,21,0.9442027130790891
HHN-MAN-01,2024-01-26,44,55,24.0,18.947916666666668,20.28645833333333,0.0,0.8644128224206349,5,2.28,0,106,59.22641509433962,42,77.0,76.0,0.96875,Horizon Manchester,Manchester,Large,Orthopaedics,164,2024,1,1,26,4,4,0,0.7894965277777778,0.987012987012987,-11,0.9340179717586652
HHN-MAN-01,2024-01-27,42,59,24.0,18.6875,20.20833333333333,0.0,0.8496046297779755,0,0.0,0,101,59.75247524752475,37,77.0,75.0,0.9375,Horizon Manchester,Manchester,Large,Orthopaedics,164,2024,1,1,27,5,4,1,0.7786458333333334,0.974025974025974,-17,0.9247422680412374
HHN-MAN-01,2024-01-28,29,50,24.0,17.046875,20.276041666666668,0.0,0.7751836408818731,0,0.0,0,77,51.54545454545455,31,77.0,75.0,0.90625,Horizon Manchester,Manchester,Large,Orthopaedics,164,2024,1,1,28,6,4,1,0.7102864583333334,0.974025974025974,-21,0.8407397893655278
HHN-MAN-01,2024-01-29,51,45,24.0,17.317708333333332,20.276041666666668,0.0,0.8057756479696434,11,3.690909090909091,3,156,41.333333333333336,44,77.0,71.0,0.8125,Horizon Manchester,Manchester,Large,Orthopaedics,164,2024,1,1,29,0,5,0,0.7215711805555555,0.922077922077922,6,0.8540970973542255
HHN-MAN-01,2024-01-30,63,43,24.0,17.973958333333332,20.359375,0.0,0.8200286574239118,10,3.73,2,168,53.29761904761905,54,78.0,75.0,0.9375,Horizon Manchester,Manchester,Large,Orthopaedics,164,2024,1,1,30,1,5,0,0.7489149305555555,0.9615384615384616,20,0.8828344845228958
HHN-MAN-01,2024-01-31,54,48,24.0,18.916666666666668,20.30208333333333,0.0,0.8589159033764368,13,3.515384615384616,1,123,40.34146341463415,39,78.0,77.0,0.9375,Horizon Manchester,Manchester,Large,Orthopaedics,164,2024,1,1,31,2,5,0,0.7881944444444445,0.9871794871794872,6,0.9317598768599284
HHN-MAN-01,2024-02-01,64,42,24.0,19.385416666666668,20.260416666666668,0.0,0.8761070846465208,14,3.1142857142857143,1,182,47.05494505494506,54,77.0,73.0,0.875,Horizon Manchester,Manchester,Large,Orthopaedics,164,2024,2,1,1,3,5,0,0.8077256944444445,0.948051948051948,22,0.9568123393316196
HHN-MAN-01,2024-02-02,61,53,24.0,19.3125,20.291666666666668,0.0,0.8740394279970761,4,2.5,1,159,54.40880503144654,56,77.0,77.0,1.0,Horizon Manchester,Manchester,Large,Orthopaedics,164,2024,2,1,2,4,5,0,0.8046875,1.0,8,0.9517453798767966
HHN-MAN-01,2024-02-03,32,57,24.0,18.96875,20.34375,0.0,0.8491747638515532,0,0.0,0,103,47.41747572815534,32,77.0,74.0,0.9375,Horizon Manchester,Manchester,Large,Orthopaedics,164,2024,2,1,3,5,5,1,0.7903645833333334,0.961038961038961,-25,0.9324116743471582
HHN-MAN-01,2024-02-04,51,58,24.0,17.619791666666668,20.234375,0.0,0.8098363950465243,0,0.0,0,160,51.73125,54,77.0,73.0,0.875,Horizon Manchester,Manchester,Large,Orthopaedics,164,2024,2,1,4,6,5,1,0.7341579861111112,0.948051948051948,-7,0.8707850707850708
HHN-MAN-01,2024-02-05,61,51,24.0,17.5625,20.25520833333333,0.0,0.8298650855034033,14,4.178571428571429,0,148,51.28378378378378,48,78.0,76.0,0.9375,Horizon Manchester,Manchester,Large,Orthopaedics,164,2024,2,1,5,0,6,0,0.7317708333333334,0.9743589743589743,10,0.8670609411159683
HHN-MAN-01,2024-02-06,59,47,24.0,18.33333333333333,20.296875,0.0,0.8425455729166668,10,3.94,2,139,56.1726618705036,47,77.0,71.0,0.8125,Horizon Manchester,Manchester,Large,Orthopaedics,164,2024,2,1,6,1,6,0,0.7638888888888887,0.922077922077922,12,0.9032589171157298
HHN-MAN-01,2024-02-07,48,43,24.0,18.25,20.307291666666668,0.0,0.8258238268628503,6,4.416666666666667,0,127,49.04724409448819,40,77.0,72.0,0.8125,Horizon Manchester,Manchester,Large,Orthopaedics,164,2024,2,1,7,2,6,0,0.7604166666666666,0.935064935064935,5,0.8986919723005898
HHN-MAN-01,2024-02-08,43,53,24.0,18.15625,20.375,0.0,0.8403340313780082,10,2.69,0,110,53.77272727272727,32,78.0,78.0,1.0,Horizon Manchester,Manchester,Large,Orthopaedics,164,2024,2,1,8,3,6,0,0.7565104166666666,1.0,-10,0.8911042944785276
HHN-MAN-01,2024-02-09,38,51,24.0,18.44270833333333,20.34895833333333,0.0,0.8465832951239913,7,3.4,2,89,58.561797752808985,32,77.0,77.0,1.0,Horizon Manchester,Manchester,Large,Orthopaedics,164,2024,2,1,9,4,6,0,0.7684461805555554,1.0,-13,0.9063219861786537
HHN-MAN-01,2024-02-10,42,51,24.0,17.984375,20.23958333333333,0.0,0.8181321018338278,0,0.0,0,126,52.45238095238095,42,78.0,75.0,0.875,Horizon Manchester,Manchester,Large,Orthopaedics,164,2024,2,1,10,5,6,1,0.7493489583333334,0.9615384615384616,-9,0.8885743695316523
HHN-MAN-01,2024-02-11,55,54,24.0,17.390625,20.30208333333333,0.0,0.7988170035985752,0,0.0,0,202,46.23762376237624,58,77.0,74.0,0.90625,Horizon Manchester,Manchester,Large,Orthopaedics,164,2024,2,1,11,6,6,1,0.724609375,0.961038961038961,1,0.8565931246793229
HHN-MAN-01,2024-02-12,54,44,24.0,16.75,20.31770833333333,0.0,0.817131505271894,10,2.54,4,154,35.95454545454545,43,78.0,78.0,1.0,Horizon Manchester,Manchester,Large,Orthopaedics,164,2024,2,1,12,0,7,0,0.6979166666666666,1.0,10,0.8244039989746221
HHN-MAN-01,2024-02-13,68,55,24.0,17.078125,20.36458333333333,0.0,0.8047701052867383,15,3.06,1,140,58.364285714285714,52,78.0,77.0,0.96875,Horizon Manchester,Manchester,Large,Orthopaedics,164,2024,2,1,13,1,7,0,0.7115885416666666,0.9871794871794872,13,0.8386189258312022
HHN-MAN-01,2024-02-14,67,45,24.0,18.09895833333333,20.354166666666668,0.0,0.8606615823412698,12,2.775,2,169,56.0414201183432,60,78.0,78.0,1.0,Horizon Manchester,Manchester,Large,Orthopaedics,164,2024,2,1,14,2,7,0,0.7541232638888887,1.0,22,0.8892016376663252
HHN-MAN-01,2024-02-15,60,66,24.0,18.885416666666668,20.421875,0.0,0.8702500149664751,9,2.2,1,174,53.333333333333336,51,78.0,74.0,0.875,Horizon Manchester,Manchester,Large,Orthopaedics,164,2024,2,1,15,3,7,0,0.7868923611111112,0.9487179487179487,-6,0.924764090793165
HHN-MAN-01,2024-02-16,40,56,24.0,19.15625,20.328125,0.0,0.8653921626846187,12,3.6666666666666665,0,96,30.23958333333333,23,77.0,73.0,0.875,Horizon Manchester,Manchester,Large,Orthopaedics,164,2024,2,1,16,4,7,0,0.7981770833333334,0.948051948051948,-16,0.9423520368946964
HHN-MAN-01,2024-02-17,30,48,24.0,18.609375,20.296875,0.0,0.8374913408251232,0,0.0,0,96,50.78125,33,77.0,76.0,0.96875,Horizon Manchester,Manchester,Large,Orthopaedics,164,2024,2,1,17,5,7,1,0.775390625,0.987012987012987,-18,0.9168591224018475
HHN-MAN-01,2024-02-18,42,47,24.0,17.677083333333332,20.291666666666668,0.0,0.8091849257662834,0,0.0,0,141,44.93617021276596,45,77.0,76.0,0.96875,Horizon Manchester,Manchester,Large,Orthopaedics,164,2024,2,1,18,6,7,1,0.7365451388888888,0.987012987012987,-5,0.8711498973305953
HHN-MAN-01,2024-02-19,65,55,24.0,18.026041666666668,20.328125,0.0,0.8321622583845366,17,3.0352941176470587,1,139,46.07913669064748,44,78.0,78.0,1.0,Horizon Manchester,Manchester,Large,Orthopaedics,164,2024,2,1,19,0,8,0,0.7510850694444445,1.0,10,0.886753779144248
HHN-MAN-01,2024-02-20,60,56,24.0,18.734375,20.34895833333333,0.0,0.8785713751197318,14,2.2285714285714286,2,182,45.61538461538461,52,78.0,77.0,0.96875,Horizon Manchester,Manchester,Large,Orthopaedics,164,2024,2,1,20,1,8,0,0.7805989583333334,0.9871794871794872,4,0.9206552341950348
HHN-MAN-01,2024-02-21,53,48,24.0,19.15625,20.31770833333333,0.0,0.8724416690254383,6,2.5500000000000003,0,140,45.40714285714286,44,77.0,76.0,0.96875,Horizon Manchester,Manchester,Large,Orthopaedics,164,2024,2,1,21,2,8,0,0.7981770833333334,0.987012987012987,5,0.9428351704691107
HHN-MAN-01,2024-02-22,48,59,24.0,19.322916666666668,20.36458333333333,0.0,0.8754324776785715,13,3.026923076923077,1,109,59.34862385321101,38,77.0,76.0,0.9375,Horizon Manchester,Manchester,Large,Orthopaedics,164,2024,2,1,22,3,8,0,0.8051215277777778,0.987012987012987,-11,0.9488491048593353
HHN-MAN-01,2024-02-23,44,59,24.0,18.8125,20.390625,0.0,0.8653258308531746,7,2.3285714285714287,2,124,49.20967741935484,36,77.0,75.0,0.9375,Horizon Manchester,Manchester,Large,Orthopaedics,164,2024,2,1,23,4,8,0,0.7838541666666666,0.974025974025974,-15,0.9226053639846743
HHN-MAN-01,2024-02-24,42,55,24.0,17.234375,20.265625,0.0,0.8005220627223592,0,0.0,0,117,55.38461538461539,42,77.0,75.0,0.9375,Horizon Manchester,Manchester,Large,Orthopaedics,164,2024,2,1,24,5,8,1,0.7180989583333334,0.974025974025974,-13,0.8504240555127217
HHN-MAN-01,2024-02-25,57,42,24.0,16.234375,20.3125,0.0,0.7813957093253968,0,0.0,0,215,39.42790697674418,56,77.0,73.0,0.875,Horizon Manchester,Manchester,Large,Orthopaedics,164,2024,2,1,25,6,8,1,0.6764322916666666,0.948051948051948,15,0.7992307692307692
HHN-MAN-01,2024-02-26,39,34,24.0,16.703125,20.401041666666668,0.0,0.784875628591954,4,2.775,4,110,52.35454545454545,34,77.0,73.0,0.90625,Horizon Manchester,Manchester,Large,Orthopaedics,164,2024,2,1,26,0,9,0,0.6959635416666666,0.948051948051948,5,0.8187388307378095
HHN-MAN-01,2024-02-27,46,44,24.0,17.869791666666668,20.34895833333333,0.0,0.8288512964829748,10,2.76,0,115,41.13913043478261,34,77.0,75.0,0.875,Horizon Manchester,Manchester,Large,Orthopaedics,164,2024,2,1,27,1,9,0,0.7445746527777778,0.974025974025974,2,0.878167391860763
HHN-MAN-01,2024-02-28,52,44,24.0,18.05208333333333,20.33333333333333,0.0,0.8296750992063492,10,3.43,0,148,45.37837837837838,45,77.0,73.0,0.90625,Horizon Manchester,Manchester,Large,Orthopaedics,164,2024,2,1,28,2,9,0,0.7521701388888887,0.948051948051948,8,0.8878073770491803
HHN-MAN-01,2024-02-29,30,52,24.0,17.671875,20.359375,0.0,0.8008504667105713,8,3.475,1,90,36.25555555555555,23,78.0,77.0,0.9375,Horizon Manchester,Manchester,Large,Orthopaedics,164,2024,2,1,29,3,9,0,0.736328125,0.9871794871794872,-22,0.8679969301611665
HHN-MAN-01,2024-03-01,48,51,24.0,17.09375,20.385416666666668,0.0,0.7992978556979734,11,2.6272727272727274,2,133,50.50375939849624,39,78.0,77.0,0.9375,Horizon Manchester,Manchester,Large,Orthopaedics,164,2024,3,1,1,4,9,0,0.7122395833333334,0.9871794871794872,-3,0.8385283597342871
HHN-MAN-01,2024-03-02,47,41,24.0,16.932291666666668,20.40625,0.0,0.7654296875000001,0,0.0,0,162,48.91358024691358,46,77.0,74.0,0.875,Horizon Manchester,Manchester,Large,Orthopaedics,164,2024,3,1,2,5,9,1,0.7055121527777778,0.961038961038961,6,0.8297600816743237
HHN-MAN-01,2024-03-03,44,45,24.0,16.984375,20.31770833333333,0.0,0.7853803307658515,0,0.0,0,130,56.42307692307692,45,77.0,77.0,1.0,Horizon Manchester,Manchester,Large,Orthopaedics,164,2024,3,1,3,6,9,1,0.7076822916666666,1.0,-1,0.8359395026916178
HHN-MAN-01,2024-03-04,29,49,24.0,16.739583333333332,20.34375,0.0,0.7728402951122205,13,2.930769230769231,0,84,32.04761904761905,16,79.0,78.0,0.9375,Horizon Manchester,Manchester,Large,Orthopaedics,164,2024,3,1,4,0,10,0,0.6974826388888888,0.9873417721518988,-20,0.8228366615463389
HHN-MAN-01,2024-03-05,49,45,24.0,16.041666666666668,20.390625,0.0,0.7605746767793139,10,3.39,0,123,56.41463414634146,39,77.0,76.0,0.96875,Horizon Manchester,Manchester,Large,Orthopaedics,164,2024,3,1,5,1,10,0,0.6684027777777778,0.987012987012987,4,0.7867177522349936
HHN-MAN-01,2024-03-06,48,37,24.0,16.708333333333332,20.359375,0.0,0.7665722737834169,11,2.927272727272728,0,135,45.525925925925925,40,78.0,77.0,0.96875,Horizon Manchester,Manchester,Large,Orthopaedics,164,2024,3,1,6,2,10,0,0.6961805555555555,0.9871794871794872,11,0.8206702481453056
HHN-MAN-01,2024-03-07,51,41,24.0,18.27083333333333,20.42708333333333,0.0,0.8423213927796641,16,3.33125,0,100,57.65,33,77.0,77.0,1.0,Horizon Manchester,Manchester,Large,Orthopaedics,164,2024,3,1,7,3,10,0,0.761284722222222,1.0,10,0.8944416114227435
HHN-MAN-01,2024-03-08,45,50,24.0,17.953125,20.38020833333333,0.0,0.8314217379777373,8,2.975,2,103,67.12621359223301,37,77.0,75.0,0.9375,Horizon Manchester,Manchester,Large,Orthopaedics,164,2024,3,1,8,4,10,0,0.748046875,0.974025974025974,-5,0.8809097878865323
HHN-MAN-01,2024-03-09,58,43,24.0,17.46875,20.390625,0.0,0.8173118079557091,0,0.0,0,180,53.43333333333333,60,79.0,79.0,1.0,Horizon Manchester,Manchester,Large,Orthopaedics,164,2024,3,1,9,5,10,1,0.7278645833333334,1.0,15,0.8567049808429119
HHN-MAN-01,2024-03-10,49,40,24.0,17.364583333333332,20.390625,0.0,0.7955729166666666,0,0.0,0,175,42.48571428571429,48,77.0,76.0,0.96875,Horizon Manchester,Manchester,Large,Orthopaedics,164,2024,3,1,10,6,10,1,0.7235243055555555,0.987012987012987,9,0.8515964240102171
HHN-MAN-01,2024-03-11,45,62,24.0,17.770833333333332,20.447916666666668,0.0,0.8272677951388889,9,2.9000000000000004,2,132,44.40151515151515,37,77.0,77.0,1.0,Horizon Manchester,Manchester,Large,Orthopaedics,164,2024,3,1,11,0,11,0,0.7404513888888888,1.0,-17,0.8690779419256239
HHN-MAN-01,2024-03-12,43,38,24.0,18.416666666666668,20.416666666666668,0.0,0.8481352306547619,17,3.041176470588236,1,76,51.3421052631579,25,79.0,77.0,0.9375,Horizon Manchester,Manchester,Large,Orthopaedics,164,2024,3,1,12,1,11,0,0.7673611111111112,0.9746835443037974,5,0.9020408163265307
HHN-MAN-01,2024-03-13,53,54,24.0,19.135416666666668,20.375,0.0,0.8658143259099617,18,3.466666666666667,1,130,37.16153846153846,33,77.0,74.0,0.90625,Horizon Manchester,Manchester,Large,Orthopaedics,164,2024,3,1,13,2,11,0,0.7973090277777778,0.961038961038961,-1,0.9391615541922291
HHN-MAN-01,2024-03-14,36,43,24.0,19.609375,20.42708333333333,0.0,0.8669187327988991,9,2.988888888888889,0,98,47.6530612244898,29,78.0,73.0,0.875,Horizon Manchester,Manchester,Large,Orthopaedics,164,2024,3,1,14,3,11,0,0.8170572916666666,0.9358974358974359,-7,0.95996940336563
HHN-MAN-01,2024-03-15,55,41,24.0,19.526041666666668,20.447916666666668,0.0,0.8727263544866871,11,3.1818181818181817,0,170,36.94705882352941,46,78.0,76.0,0.9375,Horizon Manchester,Manchester,Large,Orthopaedics,164,2024,3,1,15,4,11,0,0.8135850694444445,0.9743589743589743,14,0.9549159449821701
HHN-MAN-01,2024-03-16,35,38,24.0,19.197916666666668,20.354166666666668,0.0,0.8668294270833333,0,0.0,0,126,43.51587301587302,34,78.0,75.0,0.9375,Horizon Manchester,Manchester,Large,Orthopaedics,164,2024,3,1,16,5,11,1,0.7999131944444445,0.9615384615384616,-3,0.9431934493346981
HHN-MAN-01,2024-03-17,33,56,24.0,17.572916666666668,20.38020833333333,0.0,0.795707775297619,0,0.0,0,144,35.78472222222222,35,77.0,73.0,0.875,Horizon Manchester,Manchester,Large,Orthopaedics,164,2024,3,1,17,6,11,1,0.7322048611111112,0.948051948051948,-23,0.8622540250447229
HHN-MAN-01,2024-03-18,50,50,24.0,15.947916666666666,20.42708333333333,0.0,0.7373715417786738,6,4.466666666666667,4,153,48.90196078431372,48,78.0,74.0,0.90625,Horizon Manchester,Manchester,Large,Orthopaedics,164,2024,3,1,18,0,12,0,0.6644965277777778,0.9487179487179487,0,0.780724120346762
HHN-MAN-01,2024-03-19,45,46,24.0,16.609375,20.421875,0.0,0.7899290054563491,15,3.06,0,104,49.18269230769231,30,78.0,78.0,1.0,Horizon Manchester,Manchester,Large,Orthopaedics,164,2024,3,1,19,1,12,0,0.6920572916666666,1.0,-1,0.8133129303749044
HHN-MAN-01,2024-03-20,52,37,24.0,16.822916666666668,20.385416666666668,0.0,0.7945424454533511,7,2.7857142857142856,0,120,56.38333333333333,44,77.0,76.0,0.9375,Horizon Manchester,Manchester,Large,Orthopaedics,164,2024,3,1,20,2,12,0,0.7009548611111112,0.987012987012987,15,0.8252427184466019
HHN-MAN-01,2024-03-21,47,34,24.0,17.796875,20.401041666666668,0.0,0.8126875089862927,12,2.725,1,125,45.568,35,77.0,77.0,1.0,Horizon Manchester,Manchester,Large,Orthopaedics,164,2024,3,1,21,3,12,0,0.7415364583333334,1.0,13,0.8723512892519785
HHN-MAN-01,2024-03-22,42,48,24.0,17.895833333333332,20.41145833333333,0.0,0.8131911942364312,7,2.742857142857143,0,133,47.58646616541353,40,77.0,77.0,1.0,Horizon Manchester,Manchester,Large,Orthopaedics,164,2024,3,1,22,4,12,0,0.7456597222222222,1.0,-6,0.8767542740495026
HHN-MAN-01,2024-03-23,62,51,24.0,18.15625,20.31770833333333,0.0,0.8457508608137129,0,0.0,0,175,52.04571428571428,58,77.0,76.0,0.9375,Horizon Manchester,Manchester,Large,Orthopaedics,164,2024,3,1,23,5,12,1,0.7565104166666666,0.987012987012987,11,0.8936170212765959
HHN-MAN-01,2024-03-24,39,49,24.0,17.640625,20.36458333333333,0.0,0.8257791498655914,0,0.0,0,113,56.43362831858407,41,77.0,77.0,1.0,Horizon Manchester,Manchester,Large,Orthopaedics,164,2024,3,1,24,6,12,1,0.7350260416666666,1.0,-10,0.8662404092071613
HHN-MAN-01,2024-03-25,48,43,24.0,16.875,20.40625,0.0,0.8222231820287772,10,2.75,2,138,39.89855072463768,36,77.0,75.0,0.9375,Horizon Manchester,Manchester,Large,Orthopaedics,164,2024,3,1,25,0,13,0,0.703125,0.974025974025974,5,0.8269525267993875
HHN-MAN-01,2024-03-26,26,47,24.0,16.171875,20.369791666666668,0.0989583333333333,0.7607296607454747,11,3.3,1,55,60.36363636363637,17,78.0,78.0,1.0,Horizon Manchester,Manchester,Large,Orthopaedics,164,2024,3,1,26,1,13,0,0.673828125,1.0,-21,0.7939145998465865
HHN-MAN-01,2024-03-27,49,47,24.0,16.34375,20.41145833333333,0.125,0.7582011051737614,11,2.772727272727273,0,141,45.4822695035461,41,78.0,78.0,1.0,Horizon Manchester,Manchester,Large,Orthopaedics,164,2024,3,1,27,2,13,0,0.6809895833333334,1.0,2,0.8007144679765248
HHN-MAN-01,2024-03-28,43,41,24.0,17.515625,20.416666666666668,0.0885416666666666,0.8184450804851511,12,2.1,1,80,41.475,25,77.0,77.0,1.0,Horizon Manchester,Manchester,Large,Orthopaedics,164,2024,3,1,28,3,13,0,0.7298177083333334,1.0,2,0.8579081632653061
HHN-MAN-01,2024-03-29,27,45,24.0,16.145833333333332,20.44270833333333,0.0,0.7572107407977559,0,0.0,0,90,50.28888888888889,28,79.0,77.0,0.9375,Horizon Manchester,Manchester,Large,Orthopaedics,164,2024,3,1,29,4,13,0,0.6727430555555555,0.9746835443037974,-18,0.7898089171974524
HHN-MAN-01,2024-03-30,34,46,24.0,15.270833333333334,20.3125,0.0,0.7212429165642039,0,0.0,0,87,56.770114942528735,33,77.0,76.0,0.9375,Horizon Manchester,Manchester,Large,Orthopaedics,164,2024,3,1,30,5,13,1,0.6362847222222222,0.987012987012987,-12,0.7517948717948718
HHN-MAN-01,2024-03-31,29,48,24.0,13.994791666666666,20.328125,0.0,0.6736918892018013,0,0.0,0,122,33.15573770491803,29,78.0,75.0,0.9375,Horizon Manchester,Manchester,Large,Orthopaedics,164,2024,3,1,31,6,13,1,0.5831163194444444,0.9615384615384616,-19,0.6884447860620035
HHN-MAN-01,2024-04-01,22,29,24.0,13.135416666666666,20.33333333333333,0.0,0.6416621542181603,0,0.0,0,97,41.92783505154639,23,77.0,75.0,0.9375,Horizon Manchester,Manchester,Large,Orthopaedics,164,2024,4,2,1,0,14,0,0.5473090277777778,0.974025974025974,-7,0.6460040983606559
HHN-MAN-01,2024-04-02,25,38,24.0,12.15625,20.432291666666668,0.0,0.5847496926736161,9,3.488888888888889,0,71,41.52112676056338,17,78.0,76.0,0.9375,Horizon Manchester,Manchester,Large,Orthopaedics,164,2024,4,2,2,1,14,0,0.5065104166666666,0.9743589743589743,-13,0.5949528422125924
HHN-MAN-01,2024-04-03,40,22,24.0,12.953125,20.38020833333333,0.0,0.6130244390336544,10,3.01,0,80,52.75,29,77.0,74.0,0.875,Horizon Manchester,Manchester,Large,Orthopaedics,164,2024,4,2,3,2,14,0,0.5397135416666666,0.961038961038961,18,0.6355737285969846
HHN-MAN-01,2024-04-04,45,31,24.0,13.958333333333334,20.46875,0.375,0.654662181712963,14,3.2142857142857144,1,115,45.59130434782609,32,78.0,75.0,0.875,Horizon Manchester,Manchester,Large,Orthopaedics,164,2024,4,2,4,3,14,0,0.5815972222222222,0.9615384615384616,14,0.6819338422391857
HHN-MAN-01,2024-04-05,57,34,24.0,14.203125,20.4375,0.5,0.6567165409898998,12,3.091666666666667,1,151,47.27814569536424,47,78.0,77.0,0.96875,Horizon Manchester,Manchester,Large,Orthopaedics,164,2024,4,2,5,4,14,0,0.591796875,0.9871794871794872,23,0.694954128440367
HHN-MAN-01,2024-04-06,22,34,24.0,14.958333333333334,20.322916666666668,0.5,0.6896275953010055,0,0.0,0,67,42.47761194029851,18,77.0,69.0,0.75,Horizon Manchester,Manchester,Large,Orthopaedics,164,2024,4,2,6,5,14,1,0.623263888888889,0.8961038961038961,-12,0.7360328036904151
HHN-MAN-01,2024-04-07,41,49,24.0,14.276041666666666,20.375,0.5,0.6856458128369347,0,0.0,0,126,54.8968253968254,43,78.0,78.0,1.0,Horizon Manchester,Manchester,Large,Orthopaedics,164,2024,4,2,7,6,14,1,0.5948350694444444,1.0,-8,0.7006646216768916
HHN-MAN-01,2024-04-08,36,44,24.0,14.453125,20.46875,0.5,0.6859167776211361,11,3.127272727272727,0,96,50.395833333333336,28,79.0,79.0,1.0,Horizon Manchester,Manchester,Large,Orthopaedics,164,2024,4,2,8,0,15,0,0.6022135416666666,1.0,-8,0.7061068702290076
HHN-MAN-01,2024-04-09,46,35,24.0,14.8125,20.447916666666668,0.1875,0.6811530951912811,7,3.5142857142857147,1,132,46.93939393939394,38,79.0,79.0,1.0,Horizon Manchester,Manchester,Large,Orthopaedics,164,2024,4,2,9,1,15,0,0.6171875,1.0,11,0.7244014263881813
HHN-MAN-01,2024-04-10,36,41,24.0,15.505208333333334,20.41145833333333,0.0,0.6966492022156084,12,2.4,2,83,39.506024096385545,23,78.0,78.0,1.0,Horizon Manchester,Manchester,Large,Orthopaedics,164,2024,4,2,10,2,15,0,0.6460503472222222,1.0,-5,0.759632559326359
HHN-MAN-01,2024-04-11,61,43,24.0,16.223958333333332,20.40625,0.0,0.7338848823760787,14,3.507142857142857,5,158,50.03797468354431,49,78.0,77.0,0.96875,Horizon Manchester,Manchester,Large,Orthopaedics,164,2024,4,2,11,3,15,0,0.6759982638888888,0.9871794871794872,18,0.795048494129658
HHN-MAN-01,2024-04-12,36,36,24.0,16.859375,20.41145833333333,0.0,0.7786412186701788,8,3.025,1,91,44.27472527472528,27,78.0,78.0,1.0,Horizon Manchester,Manchester,Large,Orthopaedics,164,2024,4,2,12,4,15,0,0.7024739583333334,1.0,0,0.8259760142893597
HHN-MAN-01,2024-04-13,31,38,24.0,15.625,20.27083333333333,0.0,0.7050822669578752,0,0.0,0,105,40.17142857142857,29,77.0,74.0,0.875,Horizon Manchester,Manchester,Large,Orthopaedics,164,2024,4,2,13,5,15,1,0.6510416666666666,0.961038961038961,-7,0.7708119218910587
HHN-MAN-01,2024-04-14,35,45,24.0,15.09375,20.28125,0.0,0.6852835872784424,0,0.0,0,102,60.6764705882353,38,77.0,76.0,0.96875,Horizon Manchester,Manchester,Large,Orthopaedics,164,2024,4,2,14,6,15,1,0.62890625,0.987012987012987,-10,0.7442218798151001
HHN-MAN-01,2024-04-15,57,52,24.0,15.442708333333334,20.463541666666668,0.0,0.7034299695180491,11,2.772727272727273,2,150,41.766666666666666,46,79.0,77.0,0.9375,Horizon Manchester,Manchester,Large,Orthopaedics,164,2024,4,2,15,0,16,0,0.6434461805555556,0.9746835443037974,5,0.7546449478238737
HHN-MAN-01,2024-04-16,38,25,24.0,16.1875,20.401041666666668,0.0,0.7319647560892172,10,4.04,0,88,50.75,30,77.0,76.0,0.96875,Horizon Manchester,Manchester,Large,Orthopaedics,164,2024,4,2,16,1,16,0,0.6744791666666666,0.987012987012987,13,0.7934643860097013
HHN-MAN-01,2024-04-17,48,43,24.0,17.265625,20.463541666666668,0.0,0.7762013268849207,14,2.807142857142857,1,108,42.00925925925926,31,78.0,77.0,0.96875,Horizon Manchester,Manchester,Large,Orthopaedics,164,2024,4,2,17,2,16,0,0.7194010416666666,0.9871794871794872,5,0.8437261389666582
HHN-MAN-01,2024-04-18,43,39,24.0,18.19270833333333,20.41145833333333,0.0,0.8202804125917148,19,3.421052631578948,1,89,46.831460674157306,27,77.0,74.0,0.9375,Horizon Manchester,Manchester,Large,Orthopaedics,164,2024,4,2,18,3,16,0,0.7580295138888887,0.961038961038961,4,0.891298800714468
HHN-MAN-01,2024-04-19,36,44,24.0,17.802083333333332,20.39583333333333,0.0,0.7785933005453977,12,4.341666666666667,0,109,28.72477064220184,23,78.0,78.0,1.0,Horizon Manchester,Manchester,Large,Orthopaedics,164,2024,4,2,19,4,16,0,0.7417534722222222,1.0,-8,0.8728294177732382
HHN-MAN-01,2024-04-20,31,29,24.0,17.447916666666668,20.359375,0.0,0.7719015120415982,0,0.0,0,125,42.144,37,77.0,74.0,0.875,Horizon Manchester,Manchester,Large,Orthopaedics,164,2024,4,2,20,5,16,1,0.7269965277777778,0.961038961038961,2,0.8569966743412638
HHN-MAN-01,2024-04-21,40,40,24.0,16.765625,20.369791666666668,0.0,0.764778851018879,0,0.0,0,117,50.1965811965812,41,77.0,75.0,0.9375,Horizon Manchester,Manchester,Large,Orthopaedics,164,2024,4,2,21,6,16,1,0.6985677083333334,0.974025974025974,0,0.8230631552032728
HHN-MAN-01,2024-04-22,55,44,24.0,17.328125,20.359375,0.0,0.8092689832935757,16,3.3125,2,121,51.02479338842975,34,77.0,77.0,1.0,Horizon Manchester,Manchester,Large,Orthopaedics,164,2024,4,2,22,0,17,0,0.7220052083333334,1.0,11,0.8511128165771297
HHN-MAN-01,2024-04-23,51,46,24.0,17.859375,20.447916666666668,0.0,0.8234810188771622,14,2.685714285714286,1,136,45.10294117647059,38,79.0,79.0,1.0,Horizon Manchester,Manchester,Large,Orthopaedics,164,2024,4,2,23,1,17,0,0.744140625,1.0,5,0.8734080489047376
HHN-MAN-01,2024-04-24,35,41,24.0,17.489583333333332,20.401041666666668,0.0,0.8293790000461079,5,2.52,0,108,35.00925925925926,26,77.0,77.0,1.0,Horizon Manchester,Manchester,Large,Orthopaedics,164,2024,4,2,24,2,17,0,0.7287326388888888,1.0,-6,0.8572887413837119
HHN-MAN-01,2024-04-25,51,49,24.0,16.958333333333332,20.385416666666668,0.0,0.7928632800837812,7,2.571428571428572,2,120,64.53333333333333,48,78.0,78.0,1.0,Horizon Manchester,Manchester,Large,Orthopaedics,164,2024,4,2,25,3,17,0,0.7065972222222222,1.0,2,0.8318855390904445
HHN-MAN-01,2024-04-26,36,40,24.0,17.026041666666668,20.421875,0.0,0.7972237723214285,10,3.1,1,98,51.43877551020408,25,77.0,74.0,0.9375,Horizon Manchester,Manchester,Large,Orthopaedics,164,2024,4,2,26,4,17,0,0.7094184027777778,0.961038961038961,-4,0.8337158888038766
HHN-MAN-01,2024-04-27,23,48,24.0,15.583333333333334,20.416666666666668,0.0,0.7286070808531746,0,0.0,0,78,48.61538461538461,23,77.0,74.0,0.90625,Horizon Manchester,Manchester,Large,Orthopaedics,164,2024,4,2,27,5,17,1,0.6493055555555556,0.961038961038961,-25,0.7632653061224489
HHN-MAN-01,2024-04-28,46,43,24.0,15.0,20.265625,0.0,0.7189519601586517,0,0.0,0,122,63.19672131147541,48,77.0,77.0,1.0,Horizon Manchester,Manchester,Large,Orthopaedics,164,2024,4,2,28,6,17,1,0.625,1.0,3,0.7401696222050886
HHN-MAN-01,2024-04-29,52,53,24.0,15.052083333333334,20.41145833333333,0.0,0.7387281680764411,9,3.177777777777778,1,153,50.333333333333336,46,77.0,77.0,1.0,Horizon Manchester,Manchester,Large,Orthopaedics,164,2024,4,2,29,0,18,0,0.627170138888889,1.0,-1,0.737433018627201
HHN-MAN-01,2024-04-30,56,48,24.0,15.416666666666666,20.40625,0.0,0.7366002553348822,17,3.835294117647059,1,126,43.61111111111112,33,77.0,76.0,0.9375,Horizon Manchester,Manchester,Large,Orthopaedics,164,2024,4,2,30,1,18,0,0.642361111111111,0.987012987012987,8,0.7554874936191934
HHN-MAN-01,2024-05-01,34,35,24.0,15.875,20.385416666666668,0.0,0.7493776208381724,12,2.45,0,80,42.975,24,79.0,79.0,1.0,Horizon Manchester,Manchester,Large,Orthopaedics,164,2024,5,2,1,2,18,0,0.6614583333333334,1.0,-1,0.7787429739397036
HHN-MAN-01,2024-05-02,46,35,24.0,16.625,20.33333333333333,0.0,0.7775490813967875,12,2.975,0,117,47.21367521367522,34,77.0,75.0,0.9375,Horizon Manchester,Manchester,Large,Orthopaedics,164,2024,5,2,2,3,18,0,0.6927083333333334,0.974025974025974,11,0.8176229508196723
HHN-MAN-01,2024-05-03,36,40,24.0,17.072916666666668,20.369791666666668,0.0,0.7976319812054178,13,2.6384615384615384,2,78,52.92307692307692,22,78.0,74.0,0.875,Horizon Manchester,Manchester,Large,Orthopaedics,164,2024,5,2,3,4,18,0,0.7113715277777778,0.9487179487179487,-4,0.8381488110457683
HHN-MAN-01,2024-05-04,22,38,24.0,16.088541666666668,20.328125,0.0,0.760078233762583,0,0.0,0,87,47.52873563218391,22,78.0,77.0,0.9375,Horizon Manchester,Manchester,Large,Orthopaedics,164,2024,5,2,4,5,18,1,0.6703559027777778,0.9871794871794872,-16,0.7914424801434794
HHN-MAN-01,2024-05-05,30,35,24.0,14.822916666666666,20.3125,0.0,0.7022287267445447,0,0.0,0,124,44.71774193548387,35,77.0,75.0,0.9375,Horizon Manchester,Manchester,Large,Orthopaedics,164,2024,5,2,5,6,18,1,0.6176215277777778,0.974025974025974,-5,0.7297435897435897
HHN-MAN-01,2024-05-06,23,30,24.0,14.6875,20.447916666666668,0.0,0.6877267554214379,0,0.0,0,59,61.08474576271186,20,77.0,77.0,1.0,Horizon Manchester,Manchester,Large,Orthopaedics,164,2024,5,2,6,0,19,0,0.6119791666666666,1.0,-7,0.7182883341823739
HHN-MAN-01,2024-05-07,47,32,24.0,15.203125,20.421875,0.0,0.721580641505884,11,2.772727272727273,0,126,48.47619047619048,38,78.0,78.0,1.0,Horizon Manchester,Manchester,Large,Orthopaedics,164,2024,5,2,7,1,19,0,0.6334635416666666,1.0,15,0.7444529456771232
HHN-MAN-01,2024-05-08,39,40,24.0,15.78125,20.36458333333333,0.0,0.7540708052683792,8,2.4375,2,125,33.96,31,77.0,75.0,0.9375,Horizon Manchester,Manchester,Large,Orthopaedics,164,2024,5,2,8,2,19,0,0.6575520833333334,0.974025974025974,-1,0.7749360613810744
HHN-MAN-01,2024-05-09,38,39,24.0,15.984375,20.4375,0.0,0.7557885336845467,14,3.628571428571429,0,87,43.172413793103445,24,78.0,78.0,1.0,Horizon Manchester,Manchester,Large,Orthopaedics,164,2024,5,2,9,3,19,0,0.666015625,1.0,-1,0.7821100917431193
HHN-MAN-01,2024-05-10,24,39,24.0,14.989583333333334,20.39583333333333,0.0,0.7206134400031942,6,2.6166666666666667,0,61,39.55737704918032,15,77.0,76.0,0.96875,Horizon Manchester,Manchester,Large,Orthopaedics,164,2024,5,2,10,4,19,0,0.6245659722222222,0.987012987012987,-15,0.7349336057201228
HHN-MAN-01,2024-05-11,31,28,24.0,13.880208333333334,20.338541666666668,0.0,0.6545376132142633,0,0.0,0,105,61.266666666666666,34,77.0,75.0,0.9375,Horizon Manchester,Manchester,Large,Orthopaedics,164,2024,5,2,11,5,19,1,0.578342013888889,0.974025974025974,3,0.6824583866837388
HHN-MAN-01,2024-05-12,38,35,24.0,14.286458333333334,20.20833333333333,0.0,0.6750244106928233,0,0.0,0,108,52.629629629629626,37,77.0,75.0,0.9375,Horizon Manchester,Manchester,Large,Orthopaedics,164,2024,5,2,12,6,19,1,0.5952690972222222,0.974025974025974,3,0.7069587628865981
HHN-MAN-01,2024-05-13,23,38,24.0,13.739583333333334,20.390625,0.0,0.6593081057255278,7,3.6714285714285713,2,71,36.87323943661972,17,79.0,79.0,1.0,Horizon Manchester,Manchester,Large,Orthopaedics,164,2024,5,2,13,0,20,0,0.572482638888889,1.0,-15,0.6738186462324394
HHN-MAN-01,2024-05-14,40,23,24.0,14.151041666666666,20.45833333333333,0.0,0.6817870133162206,13,2.876923076923077,1,87,38.41379310344828,24,77.0,77.0,1.0,Horizon Manchester,Manchester,Large,Orthopaedics,164,2024,5,2,14,1,20,0,0.589626736111111,1.0,17,0.6917006109979634
HHN-MAN-01,2024-05-15,43,38,24.0,15.114583333333334,20.421875,0.0,0.7073773367948638,16,2.9625,2,104,35.59615384615385,29,78.0,78.0,1.0,Horizon Manchester,Manchester,Large,Orthopaedics,164,2024,5,2,15,2,20,0,0.6297743055555556,1.0,5,0.7401173170109666
HHN-MAN-01,2024-05-16,41,26,24.0,16.307291666666668,20.41145833333333,0.0,0.7446316801117376,12,2.858333333333333,1,104,44.63461538461539,32,77.0,70.0,0.84375,Horizon Manchester,Manchester,Large,Orthopaedics,164,2024,5,2,16,3,20,0,0.6794704861111112,0.9090909090909091,15,0.7989282980352133
HHN-MAN-01,2024-05-17,41,45,24.0,17.046875,20.39583333333333,0.0,0.7601358546417236,6,3.6,1,101,52.693069306930695,35,77.0,74.0,0.90625,Horizon Manchester,Manchester,Large,Orthopaedics,164,2024,5,2,17,4,20,0,0.7102864583333334,0.961038961038961,-4,0.8358018386108276
HHN-MAN-01,2024-05-18,34,38,24.0,16.0,20.213541666666668,0.0,0.7219763974154886,0,0.0,0,124,47.4758064516129,37,77.0,73.0,0.875,Horizon Manchester,Manchester,Large,Orthopaedics,164,2024,5,2,18,5,20,1,0.6666666666666666,0.948051948051948,-4,0.7915485699561968
HHN-MAN-01,2024-05-19,35,48,24.0,15.65625,20.33333333333333,0.0,0.7151567692631633,0,0.0,0,124,39.78225806451613,32,77.0,72.0,0.84375,Horizon Manchester,Manchester,Large,Orthopaedics,164,2024,5,2,19,6,20,1,0.65234375,0.935064935064935,-13,0.7699795081967215
HHN-MAN-01,2024-05-20,45,46,24.0,14.755208333333334,20.432291666666668,0.0,0.6910481423643788,13,3.746153846153846,2,115,43.47826086956522,33,77.0,74.0,0.90625,Horizon Manchester,Manchester,Large,Orthopaedics,164,2024,5,2,20,0,21,0,0.6148003472222222,0.961038961038961,-1,0.7221514147336222
HHN-MAN-01,2024-05-21,47,44,24.0,14.020833333333334,20.40625,0.0,0.6948060696899706,12,1.9,1,111,43.03603603603604,31,77.0,77.0,1.0,Horizon Manchester,Manchester,Large,Orthopaedics,164,2024,5,2,21,1,21,0,0.584201388888889,1.0,3,0.6870852475752935
HHN-MAN-01,2024-05-22,45,40,24.0,14.078125,20.39583333333333,0.0,0.675984689618601,14,3.1,0,117,41.34188034188034,32,77.0,77.0,1.0,Horizon Manchester,Manchester,Large,Orthopaedics,164,2024,5,2,22,2,21,0,0.5865885416666666,1.0,5,0.6902451481103168
HHN-MAN-01,2024-05-23,30,41,24.0,14.572916666666666,20.385416666666668,0.0,0.6973467115261913,14,2.657142857142857,1,64,51.09375,17,78.0,78.0,1.0,Horizon Manchester,Manchester,Large,Orthopaedics,164,2024,5,2,23,3,21,0,0.607204861111111,1.0,-11,0.71486969851814
HHN-MAN-01,2024-05-24,27,36,24.0,14.484375,20.307291666666668,0.0,0.684816586065501,11,2.872727272727273,1,61,35.22950819672131,17,77.0,75.0,0.9375,Horizon Manchester,Manchester,Large,Orthopaedics,164,2024,5,2,24,4,21,0,0.603515625,0.974025974025974,-9,0.7132598102077455
HHN-MAN-01,2024-05-25,43,30,24.0,14.177083333333334,20.338541666666668,0.0,0.6599124476150382,0,0.0,0,128,49.75,46,78.0,72.0,0.875,Horizon Manchester,Manchester,Large,Orthopaedics,164,2024,5,2,25,5,21,1,0.5907118055555556,0.9230769230769231,13,0.6970550576184379
HHN-MAN-01,2024-05-26,30,35,24.0,14.380208333333334,20.34375,0.0,0.6812638518847057,0,0.0,0,90,52.31111111111111,27,77.0,77.0,1.0,Horizon Manchester,Manchester,Large,Orthopaedics,164,2024,5,2,26,6,21,1,0.5991753472222222,1.0,-5,0.7068612391193037
HHN-MAN-01,2024-05-27,32,36,24.0,13.375,20.432291666666668,0.0,0.6371771695687375,0,0.0,0,100,64.59,37,78.0,78.0,1.0,Horizon Manchester,Manchester,Large,Orthopaedics,164,2024,5,2,27,0,22,0,0.5572916666666666,1.0,-4,0.6546010706092276
HHN-MAN-01,2024-05-28,43,42,24.0,14.296875,20.416666666666668,0.0,0.7048109377395074,17,2.276470588235294,1,85,51.96470588235294,24,77.0,77.0,1.0,Horizon Manchester,Manchester,Large,Orthopaedics,164,2024,5,2,28,1,22,0,0.595703125,1.0,1,0.7002551020408163
HHN-MAN-01,2024-05-29,38,31,24.0,15.255208333333334,20.39583333333333,0.0,0.7158837959282033,18,2.816666666666667,1,74,43.4054054054054,20,77.0,77.0,1.0,Horizon Manchester,Manchester,Large,Orthopaedics,164,2024,5,2,29,2,22,0,0.6356336805555556,1.0,7,0.7479570990806947
HHN-MAN-01,2024-05-30,32,31,24.0,15.3125,20.40625,0.0,0.689379687791273,10,2.65,2,77,61.48051948051948,26,77.0,75.0,0.9375,Horizon Manchester,Manchester,Large,Orthopaedics,164,2024,5,2,30,3,22,0,0.6380208333333334,0.974025974025974,1,0.7503828483920367
HHN-MAN-01,2024-05-31,43,35,24.0,16.489583333333332,20.4375,0.0,0.7581296823686371,10,2.43,0,95,44.49473684210526,32,79.0,78.0,0.9375,Horizon Manchester,Manchester,Large,Orthopaedics,164,2024,5,2,31,4,22,0,0.6870659722222222,0.9873417721518988,8,0.8068297655453618
HHN-MAN-01,2024-06-01,18,32,24.0,15.609375,20.375,0.0,0.7113360360326219,0,0.0,0,54,28.074074074074076,15,78.0,77.0,0.9375,Horizon Manchester,Manchester,Large,Orthopaedics,164,2024,6,2,1,5,22,1,0.650390625,0.9871794871794872,-14,0.7661042944785276
HHN-MAN-01,2024-06-02,23,36,24.0,13.333333333333334,20.291666666666668,0.0,0.6213997502410553,0,0.0,0,87,53.37931034482759,29,77.0,75.0,0.9375,Horizon Manchester,Manchester,Large,Orthopaedics,164,2024,6,2,2,6,22,1,0.5555555555555556,0.974025974025974,-13,0.6570841889117043
HHN-MAN-01,2024-06-03,65,45,24.0,13.796875,20.447916666666668,0.0,0.6737604773268956,13,2.5923076923076924,3,139,56.63309352517986,50,78.0,72.0,0.875,Horizon Manchester,Manchester,Large,Orthopaedics,164,2024,6,2,3,0,23,0,0.5748697916666666,0.9230769230769231,20,0.6747325522159959
HHN-MAN-01,2024-06-04,35,37,24.0,15.098958333333334,20.46875,0.0,0.7139772445436509,12,3.65,1,61,51.0655737704918,21,79.0,77.0,0.9375,Horizon Manchester,Manchester,Large,Orthopaedics,164,2024,6,2,4,1,23,0,0.629123263888889,0.9746835443037974,-2,0.7376590330788805
HHN-MAN-01,2024-06-05,32,34,24.0,14.640625,20.36458333333333,0.0,0.7133139672976688,9,2.6333333333333333,0,60,61.28333333333333,22,77.0,77.0,1.0,Horizon Manchester,Manchester,Large,Orthopaedics,164,2024,6,2,5,2,23,0,0.6100260416666666,1.0,-2,0.7189258312020462
HHN-MAN-01,2024-06-06,38,40,24.0,14.260416666666666,20.401041666666668,0.0,0.6873585141333103,14,2.45,1,97,53.90721649484536,29,77.0,73.0,0.875,Horizon Manchester,Manchester,Large,Orthopaedics,164,2024,6,2,6,3,23,0,0.5941840277777778,0.948051948051948,-2,0.6990043400561654
HHN-MAN-01,2024-06-07,38,33,24.0,14.697916666666666,20.385416666666668,0.0,0.7030618752703622,13,3.161538461538462,0,75,46.02666666666666,23,78.0,77.0,0.9375,Horizon Manchester,Manchester,Large,Orthopaedics,164,2024,6,2,7,4,23,0,0.6124131944444444,0.9871794871794872,5,0.72100153295861
HHN-MAN-01,2024-06-08,39,33,24.0,14.416666666666666,20.27083333333333,0.0,0.686868928791446,0,0.0,0,111,64.23423423423424,40,77.0,73.0,0.8125,Horizon Manchester,Manchester,Large,Orthopaedics,164,2024,6,2,8,5,23,1,0.6006944444444444,0.948051948051948,6,0.7112024665981502
HHN-MAN-01,2024-06-09,40,39,24.0,14.307291666666666,20.234375,0.0,0.6911631917890472,0,0.0,0,99,62.343434343434346,37,77.0,76.0,0.9375,Horizon Manchester,Manchester,Large,Orthopaedics,164,2024,6,2,9,6,23,1,0.5961371527777778,0.987012987012987,1,0.7070785070785071
HHN-MAN-01,2024-06-10,35,35,24.0,15.0,20.354166666666668,0.0,0.7271759323631195,13,2.6153846153846154,1,81,62.8641975308642,23,77.0,77.0,1.0,Horizon Manchester,Manchester,Large,Orthopaedics,164,2024,6,2,10,0,24,0,0.625,1.0,0,0.7369498464687819
HHN-MAN-01,2024-06-11,34,29,24.0,15.786458333333334,20.369791666666668,0.0,0.7651897669726725,17,2.988235294117647,1,77,30.064935064935064,17,78.0,78.0,1.0,Horizon Manchester,Manchester,Large,Orthopaedics,164,2024,6,2,11,1,24,0,0.6577690972222222,1.0,5,0.7749936077729481
HHN-MAN-01,2024-06-12,37,43,24.0,15.46875,20.36458333333333,0.0,0.7409831121206277,15,3.0733333333333333,1,68,60.47058823529412,25,78.0,77.0,0.96875,Horizon Manchester,Manchester,Large,Orthopaedics,164,2024,6,2,12,2,24,0,0.64453125,0.9871794871794872,-6,0.7595907928388749
HHN-MAN-01,2024-06-13,31,38,24.0,15.354166666666666,20.401041666666668,0.0,0.71783393919425,12,3.925,1,47,51.191489361702125,16,78.0,78.0,1.0,Horizon Manchester,Manchester,Large,Orthopaedics,164,2024,6,2,13,3,24,0,0.6397569444444444,1.0,-7,0.7526167985703344
HHN-MAN-01,2024-06-14,33,42,24.0,13.96875,20.36458333333333,0.0,0.6735981336870345,12,2.783333333333333,1,75,41.986666666666665,22,77.0,76.0,0.9375,Horizon Manchester,Manchester,Large,Orthopaedics,164,2024,6,2,14,4,24,0,0.58203125,0.987012987012987,-9,0.6859335038363173
HHN-MAN-01,2024-06-15,34,29,24.0,13.385416666666666,20.385416666666668,0.0,0.6340410242890864,0,0.0,0,103,41.74757281553398,34,78.0,78.0,1.0,Horizon Manchester,Manchester,Large,Orthopaedics,164,2024,6,2,15,5,24,1,0.5577256944444444,1.0,5,0.6566172713336739
HHN-MAN-01,2024-06-16,20,29,24.0,13.234375,20.296875,0.0,0.6379715848725074,0,0.0,0,76,52.56578947368421,26,77.0,77.0,1.0,Horizon Manchester,Manchester,Large,Orthopaedics,164,2024,6,2,16,6,24,1,0.5514322916666666,1.0,-9,0.6520400307929176
HHN-MAN-01,2024-06-17,51,42,24.0,13.229166666666666,20.39583333333333,0.0,0.6374457465277777,14,3.4714285714285715,0,125,36.144,32,78.0,78.0,1.0,Horizon Manchester,Manchester,Large,Orthopaedics,164,2024,6,2,17,0,25,0,0.5512152777777778,1.0,9,0.648621041879469
HHN-MAN-01,2024-06-18,38,28,24.0,14.390625,20.385416666666668,0.0,0.6970271815446254,14,2.757142857142857,0,90,51.02222222222223,25,77.0,75.0,0.90625,Horizon Manchester,Manchester,Large,Orthopaedics,164,2024,6,2,18,1,25,0,0.599609375,0.974025974025974,10,0.7059274399591211
HHN-MAN-01,2024-06-19,32,33,24.0,15.161458333333334,20.41145833333333,0.0,0.7320983473976818,10,2.95,1,59,62.30508474576271,21,78.0,76.0,0.9375,Horizon Manchester,Manchester,Large,Orthopaedics,164,2024,6,2,19,2,25,0,0.6317274305555556,0.9743589743589743,-1,0.7427915284511357
HHN-MAN-01,2024-06-20,28,30,24.0,15.265625,20.41145833333333,0.0,0.7108508322935573,13,3.992307692307692,0,69,32.65217391304348,13,78.0,76.0,0.9375,Horizon Manchester,Manchester,Large,Orthopaedics,164,2024,6,2,20,3,25,0,0.6360677083333334,0.9743589743589743,-2,0.7478948711405973
HHN-MAN-01,2024-06-21,32,33,24.0,14.651041666666666,20.4375,0.0,0.6832072585978836,10,2.81,0,79,36.70886075949367,24,78.0,77.0,0.9375,Horizon Manchester,Manchester,Large,Orthopaedics,164,2024,6,2,21,4,25,0,0.6104600694444444,0.9871794871794872,-1,0.7168705402650356
HHN-MAN-01,2024-06-22,25,36,24.0,14.104166666666666,20.291666666666668,0.0,0.6619231794779209,0,0.0,0,94,53.12765957446808,27,77.0,73.0,0.875,Horizon Manchester,Manchester,Large,Orthopaedics,164,2024,6,2,22,5,25,1,0.587673611111111,0.948051948051948,-11,0.6950718685831622
HHN-MAN-01,2024-06-23,39,30,24.0,13.895833333333334,20.39583333333333,0.0,0.6701317313527667,0,0.0,0,88,68.64772727272727,36,78.0,77.0,0.96875,Horizon Manchester,Manchester,Large,Orthopaedics,164,2024,6,2,23,6,25,1,0.5789930555555556,0.9871794871794872,9,0.6813074565883557
HHN-MAN-01,2024-06-24,32,32,24.0,14.536458333333334,20.390625,0.0,0.6979973187981,15,3.646666666666667,2,73,52.58904109589041,20,77.0,76.0,0.9375,Horizon Manchester,Manchester,Large,Orthopaedics,164,2024,6,2,24,0,26,0,0.605685763888889,0.987012987012987,0,0.7128991060025544
HHN-MAN-01,2024-06-25,36,45,24.0,14.328125,20.44270833333333,0.0,0.6975580654553196,13,1.969230769230769,1,72,42.93055555555556,19,77.0,77.0,1.0,Horizon Manchester,Manchester,Large,Orthopaedics,164,2024,6,2,25,1,26,0,0.5970052083333334,1.0,-9,0.7008917197452231
HHN-MAN-01,2024-06-26,34,33,24.0,13.770833333333334,20.432291666666668,0.0,0.6638670374903993,18,2.583333333333333,2,65,35.184615384615384,17,79.0,77.0,0.9375,Horizon Manchester,Manchester,Large,Orthopaedics,164,2024,6,2,26,2,26,0,0.5737847222222222,0.9746835443037974,1,0.6739739994901861
HHN-MAN-01,2024-06-27,32,31,24.0,13.546875,20.41145833333333,0.0,0.6467273423042934,11,2.7818181818181817,0,84,41.82142857142857,22,78.0,78.0,1.0,Horizon Manchester,Manchester,Large,Orthopaedics,164,2024,6,2,27,3,26,0,0.564453125,1.0,1,0.6636897167644809
HHN-MAN-01,2024-06-28,39,35,24.0,13.552083333333334,20.39583333333333,0.0,0.6618035003515587,7,4.342857142857143,0,101,54.34653465346535,34,77.0,77.0,1.0,Horizon Manchester,Manchester,Large,Orthopaedics,164,2024,6,2,28,4,26,0,0.564670138888889,1.0,4,0.664453524004086
HHN-MAN-01,2024-06-29,23,37,24.0,13.270833333333334,20.30208333333333,0.0208333333333333,0.6380647840590654,0,0.0,0,78,56.5,22,77.0,77.0,1.0,Horizon Manchester,Manchester,Large,Orthopaedics,164,2024,6,2,29,5,26,1,0.552951388888889,1.0,-14,0.6536685479733199
HHN-MAN-01,2024-06-30,21,24,24.0,12.427083333333334,20.39583333333333,0.25,0.6032936441265574,0,0.0,0,60,50.88333333333333,20,77.0,76.0,0.9375,Horizon Manchester,Manchester,Large,Orthopaedics,164,2024,6,2,30,6,26,1,0.517795138888889,0.987012987012987,-3,0.6092951991828398
HHN-MAN-01,2024-07-01,38,37,24.0,12.03125,20.307291666666668,0.25,0.5944253894659202,14,3.375,1,86,51.872093023255815,28,77.0,77.0,1.0,Horizon Manchester,Manchester,Large,Orthopaedics,164,2024,7,3,1,0,27,0,0.5013020833333334,1.0,1,0.59245960502693
HHN-MAN-01,2024-07-02,46,35,24.0,12.869791666666666,20.416666666666668,0.25,0.6184915561868687,17,2.6294117647058823,0,86,54.83720930232558,26,77.0,75.0,0.90625,Horizon Manchester,Manchester,Large,Orthopaedics,164,2024,7,3,2,1,27,0,0.5362413194444444,0.974025974025974,11,0.6303571428571428
HHN-MAN-01,2024-07-03,38,33,24.0,14.0,20.39583333333333,0.25,0.6627267191077241,13,2.292307692307692,1,79,41.64556962025316,24,78.0,78.0,1.0,Horizon Manchester,Manchester,Large,Orthopaedics,164,2024,7,3,3,2,27,0,0.5833333333333334,1.0,5,0.6864147088866192
HHN-MAN-01,2024-07-04,30,31,24.0,13.385416666666666,20.322916666666668,0.25,0.6310273024140212,7,2.0142857142857142,1,80,51.5625,23,78.0,76.0,0.9375,Horizon Manchester,Manchester,Large,Orthopaedics,164,2024,7,3,4,3,27,0,0.5577256944444444,0.9743589743589743,-1,0.6586365966171194
HHN-MAN-01,2024-07-05,37,36,24.0,14.0625,20.359375,0.0104166666666666,0.6715873820803039,13,2.661538461538462,1,80,46.8,23,78.0,78.0,1.0,Horizon Manchester,Manchester,Large,Orthopaedics,164,2024,7,3,5,4,27,0,0.5859375,1.0,1,0.6907137375287797
HHN-MAN-01,2024-07-06,18,30,24.0,13.286458333333334,20.36458333333333,0.0,0.6235040273227641,0,0.0,0,61,46.29508196721312,19,77.0,77.0,1.0,Horizon Manchester,Manchester,Large,Orthopaedics,164,2024,7,3,6,5,27,1,0.5536024305555556,1.0,-12,0.6524296675191817
HHN-MAN-01,2024-07-07,17,30,24.0,11.802083333333334,20.229166666666668,0.0,0.567053762203528,0,0.0,0,77,36.45454545454545,19,77.0,71.0,0.8125,Horizon Manchester,Manchester,Large,Orthopaedics,164,2024,7,3,7,6,27,1,0.49175347222222227,0.922077922077922,-13,0.5834191555097837
HHN-MAN-01,2024-07-08,29,24,24.0,11.244791666666666,20.40625,0.0,0.5638031345500365,12,2.733333333333333,1,59,43.23728813559322,15,77.0,75.0,0.9375,Horizon Manchester,Manchester,Large,Orthopaedics,164,2024,7,3,8,0,28,0,0.4685329861111111,0.974025974025974,5,0.5510464522715671
HHN-MAN-01,2024-07-09,45,32,24.0,12.65625,20.40625,0.0,0.6152276873156164,19,3.0368421052631582,0,82,50.34146341463415,30,78.0,75.0,0.9375,Horizon Manchester,Manchester,Large,Orthopaedics,164,2024,7,3,9,1,28,0,0.52734375,0.9615384615384616,13,0.6202143950995406
HHN-MAN-01,2024-07-10,41,38,24.0,13.927083333333334,20.416666666666668,0.0,0.6542803406084656,12,3.675,1,92,48.84782608695652,27,78.0,78.0,1.0,Horizon Manchester,Manchester,Large,Orthopaedics,164,2024,7,3,10,2,28,0,0.580295138888889,1.0,3,0.6821428571428572
HHN-MAN-01,2024-07-11,33,31,24.0,14.364583333333334,20.390625,0.0,0.6828247402570606,7,2.814285714285714,0,92,46.46739130434783,28,77.0,74.0,0.90625,Horizon Manchester,Manchester,Large,Orthopaedics,164,2024,7,3,11,3,28,0,0.5985243055555556,0.961038961038961,2,0.704469987228608
HHN-MAN-01,2024-07-12,36,33,24.0,14.958333333333334,20.369791666666668,0.0,0.7138907709512646,11,2.4454545454545453,0,81,56.44444444444444,26,78.0,77.0,0.96875,Horizon Manchester,Manchester,Large,Orthopaedics,164,2024,7,3,12,4,28,0,0.623263888888889,0.9871794871794872,3,0.734339043722833
HHN-MAN-01,2024-07-13,29,27,24.0,14.427083333333334,20.291666666666668,0.0,0.6753440962031146,0,0.0,0,80,50.8,28,77.0,77.0,1.0,Horizon Manchester,Manchester,Large,Orthopaedics,164,2024,7,3,13,5,28,1,0.6011284722222222,1.0,2,0.7109856262833676
HHN-MAN-01,2024-07-14,36,34,24.0,13.744791666666666,20.36458333333333,0.0,0.6519263055973549,0,0.0,0,107,57.0,36,78.0,77.0,0.96875,Horizon Manchester,Manchester,Large,Orthopaedics,164,2024,7,3,14,6,28,1,0.5726996527777778,0.9871794871794872,2,0.6749360613810743
HHN-MAN-01,2024-07-15,58,40,24.0,15.067708333333334,20.34375,0.0,0.7145582603893347,21,3.1476190476190475,1,94,64.88297872340425,37,77.0,76.0,0.9375,Horizon Manchester,Manchester,Large,Orthopaedics,164,2024,7,3,15,0,29,0,0.6278211805555556,0.987012987012987,18,0.7406554019457245
HHN-MAN-01,2024-07-16,40,43,24.0,15.833333333333334,20.44270833333333,0.0,0.739579401263499,18,3.388888888888889,0,95,37.16842105263158,23,77.0,76.0,0.9375,Horizon Manchester,Manchester,Large,Orthopaedics,164,2024,7,3,16,1,29,0,0.6597222222222222,0.987012987012987,-3,0.7745222929936307
HHN-MAN-01,2024-07-17,32,43,24.0,15.588541666666666,20.39583333333333,0.0,0.7210865293624407,11,3.1727272727272724,1,69,41.88405797101449,19,78.0,73.0,0.84375,Horizon Manchester,Manchester,Large,Orthopaedics,164,2024,7,3,17,2,29,0,0.6495225694444444,0.9358974358974359,-11,0.764300306435138
HHN-MAN-01,2024-07-18,40,42,24.0,15.036458333333334,20.38020833333333,0.0,0.6996116566176083,12,3.2,2,110,45.518181818181816,30,77.0,76.0,0.96875,Horizon Manchester,Manchester,Large,Orthopaedics,164,2024,7,3,18,3,29,0,0.6265190972222222,0.987012987012987,-2,0.7377970866342961
HHN-MAN-01,2024-07-19,32,41,24.0,15.765625,20.4375,0.0,0.7145426173303799,15,3.286666666666666,0,45,59.93333333333333,14,78.0,76.0,0.9375,Horizon Manchester,Manchester,Large,Orthopaedics,164,2024,7,3,19,4,29,0,0.6569010416666666,0.9743589743589743,-9,0.7714067278287462
HHN-MAN-01,2024-07-20,32,40,24.0,14.223958333333334,20.30208333333333,0.0,0.6455751053524078,0,0.0,0,111,50.549549549549546,35,77.0,77.0,1.0,Horizon Manchester,Manchester,Large,Orthopaedics,164,2024,7,3,20,5,29,1,0.5926649305555556,1.0,-8,0.7006157003591588
HHN-MAN-01,2024-07-21,35,30,24.0,13.8125,20.401041666666668,0.0,0.63505401472131,0,0.0,0,106,47.4622641509434,33,78.0,77.0,0.9375,Horizon Manchester,Manchester,Large,Orthopaedics,164,2024,7,3,21,6,29,1,0.5755208333333334,0.9871794871794872,5,0.6770487618075057
HHN-MAN-01,2024-07-22,46,35,24.0,15.088541666666666,20.38020833333333,0.0,0.7037506059555554,20,2.895,0,80,55.875,27,77.0,75.0,0.90625,Horizon Manchester,Manchester,Large,Orthopaedics,164,2024,7,3,22,0,30,0,0.628689236111111,0.974025974025974,11,0.7403526705852289
HHN-MAN-01,2024-07-23,37,30,24.0,15.791666666666666,20.45833333333333,0.0,0.708767880283094,10,2.58,0,83,54.28915662650602,29,78.0,78.0,1.0,Horizon Manchester,Manchester,Large,Orthopaedics,164,2024,7,3,23,1,30,0,0.657986111111111,1.0,7,0.7718940936863545
HHN-MAN-01,2024-07-24,34,34,24.0,16.447916666666668,20.359375,0.0,0.7419992016650151,13,2.784615384615385,2,72,40.79166666666666,21,77.0,77.0,1.0,Horizon Manchester,Manchester,Large,Orthopaedics,164,2024,7,3,24,2,30,0,0.6853298611111112,1.0,0,0.8078792530058839
HHN-MAN-01,2024-07-25,34,46,24.0,15.942708333333334,20.453125,0.0,0.6927691061883133,13,3.407692307692308,0,60,55.73333333333333,20,78.0,75.0,0.875,Horizon Manchester,Manchester,Large,Orthopaedics,164,2024,7,3,25,3,30,0,0.664279513888889,0.9615384615384616,-12,0.7794754265342501
HHN-MAN-01,2024-07-26,31,32,24.0,15.53125,20.38020833333333,0.0,0.6830301034003018,16,2.1,1,56,53.392857142857146,16,77.0,77.0,1.0,Horizon Manchester,Manchester,Large,Orthopaedics,164,2024,7,3,26,4,30,0,0.6471354166666666,1.0,-1,0.7620751341681576
HHN-MAN-01,2024-07-27,21,28,24.0,14.223958333333334,20.401041666666668,0.0,0.6131071119776962,0,0.0,0,82,46.109756097560975,21,77.0,77.0,1.0,Horizon Manchester,Manchester,Large,Orthopaedics,164,2024,7,3,27,5,30,1,0.5926649305555556,1.0,-7,0.6972172581056931
HHN-MAN-01,2024-07-28,34,36,24.0,13.296875,20.33333333333333,0.0,0.5867787004968609,0,0.0,0,104,57.44230769230769,36,77.0,75.0,0.9375,Horizon Manchester,Manchester,Large,Orthopaedics,164,2024,7,3,28,6,30,1,0.5540364583333334,0.974025974025974,-2,0.6539446721311477
HHN-MAN-01,2024-07-29,39,36,24.0,13.932291666666666,20.390625,0.0,0.6047846217330323,13,2.984615384615384,1,90,40.25555555555555,23,78.0,74.0,0.8125,Horizon Manchester,Manchester,Large,Orthopaedics,164,2024,7,3,29,0,31,0,0.5805121527777778,0.9487179487179487,3,0.6832694763729246
HHN-MAN-01,2024-07-30,24,30,24.0,13.96875,20.432291666666668,0.0,0.5845243440407772,13,4.084615384615384,1,47,44.319148936170215,12,78.0,76.0,0.9375,Horizon Manchester,Manchester,Large,Orthopaedics,164,2024,7,3,30,1,31,0,0.58203125,0.9743589743589743,-6,0.6836604639306653
HHN-MAN-01,2024-07-31,41,35,24.0,13.520833333333334,20.421875,0.0,0.5882526430654879,16,2.7375,1,86,57.2906976744186,26,78.0,76.0,0.9375,Horizon Manchester,Manchester,Large,Orthopaedics,164,2024,7,3,31,2,31,0,0.5633680555555556,0.9743589743589743,6,0.662076001020148
HHN-MAN-01,2024-08-01,35,28,24.0,14.40625,20.40625,0.0,0.6373268109982838,10,2.17,1,83,46.036144578313255,24,77.0,77.0,1.0,Horizon Manchester,Manchester,Large,Orthopaedics,164,2024,8,3,1,3,31,0,0.6002604166666666,1.0,7,0.7059724349157733
HHN-MAN-01,2024-08-02,13,34,24.0,13.729166666666666,20.40625,0.0,0.6030168727354818,1,0.2,1,53,27.9811320754717,10,77.0,75.0,0.9375,Horizon Manchester,Manchester,Large,Orthopaedics,164,2024,8,3,2,4,31,0,0.572048611111111,0.974025974025974,-21,0.6727922409392547
HHN-MAN-01,2024-08-03,29,27,24.0,11.953125,20.338541666666668,0.0,0.5380795397239005,0,0.0,0,93,54.193548387096776,32,78.0,78.0,1.0,Horizon Manchester,Manchester,Large,Orthopaedics,164,2024,8,3,3,5,31,1,0.498046875,1.0,2,0.587708066581306
HHN-MAN-01,2024-08-04,38,33,24.0,12.057291666666666,20.307291666666668,0.0,0.5685547425066408,0,0.0,0,122,58.040983606557376,40,77.0,77.0,1.0,Horizon Manchester,Manchester,Large,Orthopaedics,164,2024,8,3,4,6,31,1,0.5023871527777778,1.0,5,0.5937419851243908
HHN-MAN-01,2024-08-05,38,31,24.0,13.140625,20.432291666666668,0.0,0.6434887814973819,8,3.0,0,94,42.12765957446808,27,78.0,76.0,0.9375,Horizon Manchester,Manchester,Large,Orthopaedics,164,2024,8,3,5,0,32,0,0.5475260416666666,0.9743589743589743,7,0.6431302574560285
HHN-MAN-01,2024-08-06,22,34,24.0,13.385416666666666,20.375,0.0,0.6525538375340927,9,2.9444444444444446,2,45,53.24444444444445,13,77.0,77.0,1.0,Horizon Manchester,Manchester,Large,Orthopaedics,164,2024,8,3,6,1,32,0,0.5577256944444444,1.0,-12,0.6569529652351738
HHN-MAN-01,2024-08-07,24,31,24.0,12.286458333333334,20.40625,0.0,0.5940569403882386,4,2.325,0,71,47.098591549295776,23,77.0,76.0,0.9375,Horizon Manchester,Manchester,Large,Orthopaedics,164,2024,8,3,7,2,32,0,0.511935763888889,0.987012987012987,-7,0.6020929045431342
HHN-MAN-01,2024-08-08,35,27,24.0,12.40625,20.453125,0.0,0.57587256987956,3,3.1,1,85,66.6470588235294,32,78.0,78.0,1.0,Horizon Manchester,Manchester,Large,Orthopaedics,164,2024,8,3,8,3,32,0,0.5169270833333334,1.0,8,0.6065699006875478
HHN-MAN-01,2024-08-09,34,32,24.0,12.65625,20.41145833333333,0.0,0.5813989823418874,8,3.3125,1,102,35.69607843137255,24,77.0,74.0,0.9375,Horizon Manchester,Manchester,Large,Orthopaedics,164,2024,8,3,9,4,32,0,0.52734375,0.961038961038961,2,0.6200561367695843
HHN-MAN-01,2024-08-10,27,31,24.0,12.005208333333334,20.25,0.0,0.5391257432271817,0,0.0,0,81,44.92592592592592,27,77.0,77.0,1.0,Horizon Manchester,Manchester,Large,Orthopaedics,164,2024,8,3,10,5,32,1,0.500217013888889,1.0,-4,0.5928497942386831
HHN-MAN-01,2024-08-11,17,30,24.0,11.505208333333334,20.375,0.0,0.5083698509017177,0,0.0,0,62,47.54838709677419,17,77.0,71.0,0.84375,Horizon Manchester,Manchester,Large,Orthopaedics,164,2024,8,3,11,6,32,1,0.4793836805555556,0.922077922077922,-13,0.5646728016359919
HHN-MAN-01,2024-08-12,28,23,24.0,11.447916666666666,20.39583333333333,0.0,0.5168694759960163,10,3.09,1,81,29.876543209876544,19,77.0,77.0,1.0,Horizon Manchester,Manchester,Large,Orthopaedics,164,2024,8,3,12,0,33,0,0.47699652777777773,1.0,5,0.5612870275791625
HHN-MAN-01,2024-08-13,32,28,24.0,11.510416666666666,20.463541666666668,0.0,0.5058762499167605,6,3.283333333333333,1,64,58.5,25,77.0,77.0,1.0,Horizon Manchester,Manchester,Large,Orthopaedics,164,2024,8,3,13,1,33,0,0.4796006944444444,1.0,4,0.5624840926444388
HHN-MAN-01,2024-08-14,37,16,24.0,13.442708333333334,20.338541666666668,0.0,0.6002747241228535,10,3.5,2,98,45.53061224489796,30,77.0,75.0,0.9375,Horizon Manchester,Manchester,Large,Orthopaedics,164,2024,8,3,14,2,33,0,0.5601128472222222,0.974025974025974,21,0.6609475032010244
HHN-MAN-01,2024-08-15,39,24,24.0,16.28125,20.416666666666668,0.0,0.74119151671684,12,2.9916666666666667,1,100,32.59,26,78.0,78.0,1.0,Horizon Manchester,Manchester,Large,Orthopaedics,164,2024,8,3,15,3,33,0,0.6783854166666666,1.0,15,0.7974489795918367
HHN-MAN-01,2024-08-16,29,39,24.0,15.34375,20.41145833333333,0.0,0.7145055283538145,6,2.9333333333333336,0,74,32.58108108108108,20,77.0,77.0,1.0,Horizon Manchester,Manchester,Large,Orthopaedics,164,2024,8,3,16,4,33,0,0.6393229166666666,1.0,-10,0.7517223781576935
HHN-MAN-01,2024-08-17,24,31,24.0,13.932291666666666,20.338541666666668,0.0,0.6653654848597309,0,0.0,0,96,43.59375,26,77.0,75.0,0.9375,Horizon Manchester,Manchester,Large,Orthopaedics,164,2024,8,3,17,5,33,1,0.5805121527777778,0.974025974025974,-7,0.6850192061459667
HHN-MAN-01,2024-08-18,28,41,24.0,12.9375,20.328125,0.0,0.6313474778054277,0,0.0,0,110,46.98181818181818,30,77.0,77.0,1.0,Horizon Manchester,Manchester,Large,Orthopaedics,164,2024,8,3,18,6,33,1,0.5390625,1.0,-13,0.6364335126825519
HHN-MAN-01,2024-08-19,41,29,24.0,13.161458333333334,20.421875,0.0,0.6440536690718442,9,4.866666666666666,0,111,50.32432432432432,36,78.0,78.0,1.0,Horizon Manchester,Manchester,Large,Orthopaedics,164,2024,8,3,19,0,34,0,0.5483940972222222,1.0,12,0.6444784493751594
HHN-MAN-01,2024-08-20,34,27,24.0,14.666666666666666,20.4375,0.0,0.6930850074404762,6,3.5,0,81,27.97530864197531,22,77.0,77.0,1.0,Horizon Manchester,Manchester,Large,Orthopaedics,164,2024,8,3,20,1,34,0,0.611111111111111,1.0,7,0.7176350662589195
HHN-MAN-01,2024-08-21,33,36,24.0,13.953125,20.369791666666668,0.0,0.6658600514069264,7,4.185714285714285,1,105,41.83809523809524,29,78.0,78.0,1.0,Horizon Manchester,Manchester,Large,Orthopaedics,164,2024,8,3,21,2,34,0,0.5813802083333334,1.0,-3,0.6849910508821273
HHN-MAN-01,2024-08-22,20,19,24.0,14.348958333333334,20.375,0.0,0.6790751708559123,1,4.2,0,54,53.14814814814815,17,77.0,75.0,0.9375,Horizon Manchester,Manchester,Large,Orthopaedics,164,2024,8,3,22,3,34,0,0.597873263888889,0.974025974025974,1,0.7042433537832311
HHN-MAN-01,2024-08-23,28,31,24.0,13.5,20.354166666666668,0.0,0.6623659454434969,7,3.2857142857142856,0,71,55.66197183098591,23,79.0,77.0,0.9375,Horizon Manchester,Manchester,Large,Orthopaedics,164,2024,8,3,23,4,34,0,0.5625,0.9746835443037974,-3,0.6632548618219037
HHN-MAN-01,2024-08-24,23,28,24.0,13.505208333333334,20.359375,0.0,0.6385843784911326,0,0.0,0,84,39.69047619047619,22,77.0,77.0,1.0,Horizon Manchester,Manchester,Large,Orthopaedics,164,2024,8,3,24,5,34,1,0.562717013888889,1.0,-5,0.6633410079304171
HHN-MAN-01,2024-08-25,31,23,24.0,13.15625,20.39583333333333,0.0,0.6196139719608721,0,0.0,0,108,51.36111111111112,34,78.0,76.0,0.90625,Horizon Manchester,Manchester,Large,Orthopaedics,164,2024,8,3,25,6,34,1,0.5481770833333334,0.9743589743589743,8,0.6450459652706845
HHN-MAN-01,2024-08-26,37,32,24.0,14.015625,20.416666666666668,0.0,0.6520513950823887,0,0.0,0,90,63.67777777777778,36,78.0,78.0,1.0,Horizon Manchester,Manchester,Large,Orthopaedics,164,2024,8,3,26,0,35,0,0.583984375,1.0,5,0.6864795918367347
HHN-MAN-01,2024-08-27,32,33,24.0,14.848958333333334,20.385416666666668,0.0,0.68061613439512,9,2.8777777777777778,0,95,41.07368421052632,23,77.0,72.0,0.875,Horizon Manchester,Manchester,Large,Orthopaedics,164,2024,8,3,27,1,35,0,0.6187065972222222,0.935064935064935,-1,0.7284108329075115
HHN-MAN-01,2024-08-28,31,31,24.0,14.651041666666666,20.416666666666668,0.0,0.6654951276773539,9,2.744444444444445,1,82,36.13414634146341,23,78.0,75.0,0.9375,Horizon Manchester,Manchester,Large,Orthopaedics,164,2024,8,3,28,2,35,0,0.6104600694444444,0.9615384615384616,0,0.7176020408163265
HHN-MAN-01,2024-08-29,17,32,24.0,14.057291666666666,20.40625,0.0,0.6413947366194654,2,3.95,0,51,38.25490196078432,13,78.0,78.0,1.0,Horizon Manchester,Manchester,Large,Orthopaedics,164,2024,8,3,29,3,35,0,0.585720486111111,1.0,-15,0.6888718734047984
HHN-MAN-01,2024-08-30,28,41,24.0,12.322916666666666,20.42708333333333,0.0,0.5849396384054605,3,4.7,0,87,50.71264367816092,27,78.0,78.0,1.0,Horizon Manchester,Manchester,Large,Orthopaedics,164,2024,8,3,30,4,35,0,0.513454861111111,1.0,-13,0.6032636409994901
HHN-MAN-01,2024-08-31,28,27,24.0,11.453125,20.338541666666668,0.0,0.5758576903890298,0,0.0,0,100,54.62,30,77.0,74.0,0.875,Horizon Manchester,Manchester,Large,Orthopaedics,164,2024,8,3,31,5,35,1,0.4772135416666667,0.961038961038961,1,0.563124199743918
HHN-MAN-01,2024-09-01,40,29,24.0,12.432291666666666,20.354166666666668,0.0,0.6250123852754162,0,0.0,0,127,53.968503937007874,42,77.0,72.0,0.875,Horizon Manchester,Manchester,Large,Orthopaedics,164,2024,9,3,1,6,35,1,0.5180121527777778,0.935064935064935,11,0.6107983623336745
HHN-MAN-01,2024-09-02,45,28,24.0,14.458333333333334,20.421875,0.0,0.7067906414068577,10,2.6100000000000003,2,96,40.22916666666666,30,77.0,77.0,1.0,Horizon Manchester,Manchester,Large,Orthopaedics,164,2024,9,3,2,0,36,0,0.6024305555555556,1.0,17,0.7079826574853354
HHN-MAN-01,2024-09-03,56,34,24.0,16.421875,20.369791666666668,0.0,0.7698915003699982,16,3.125,1,127,60.89763779527559,41,77.0,75.0,0.9375,Horizon Manchester,Manchester,Large,Orthopaedics,164,2024,9,3,3,1,36,0,0.6842447916666666,0.974025974025974,22,0.8061876757862438
HHN-MAN-01,2024-09-04,47,46,24.0,16.916666666666668,20.45833333333333,0.0,0.8068736565806879,15,2.68,1,83,52.32530120481928,31,78.0,78.0,1.0,Horizon Manchester,Manchester,Large,Orthopaedics,164,2024,9,3,4,2,36,0,0.7048611111111112,1.0,1,0.8268839103869656
HHN-MAN-01,2024-09-05,29,36,24.0,16.59375,20.45833333333333,0.0,0.7660791790674604,11,2.290909090909091,0,84,31.75,19,78.0,78.0,1.0,Horizon Manchester,Manchester,Large,Orthopaedics,164,2024,9,3,5,3,36,0,0.69140625,1.0,-7,0.8110997963340124
HHN-MAN-01,2024-09-06,37,34,24.0,16.229166666666668,20.421875,0.0,0.7451018698530039,9,3.322222222222222,0,114,34.39473684210526,29,77.0,77.0,1.0,Horizon Manchester,Manchester,Large,Orthopaedics,164,2024,9,3,6,4,36,0,0.6762152777777778,1.0,3,0.7946952308084673
HHN-MAN-01,2024-09-07,45,49,24.0,15.666666666666666,20.3125,0.0,0.742394763174099,0,0.0,0,125,58.656,48,77.0,73.0,0.875,Horizon Manchester,Manchester,Large,Orthopaedics,164,2024,9,3,7,5,36,1,0.6527777777777778,0.948051948051948,-4,0.7712820512820513
HHN-MAN-01,2024-09-08,25,37,24.0,15.661458333333334,20.34895833333333,0.0,0.7332076063212872,0,0.0,0,84,38.40476190476191,21,77.0,77.0,1.0,Horizon Manchester,Manchester,Large,Orthopaedics,164,2024,9,3,8,6,36,1,0.652560763888889,1.0,-12,0.769644228308165
HHN-MAN-01,2024-09-09,36,37,24.0,15.140625,20.42708333333333,0.0,0.7293783802163339,10,2.49,2,80,61.6875,28,77.0,77.0,1.0,Horizon Manchester,Manchester,Large,Orthopaedics,164,2024,9,3,9,0,37,0,0.630859375,1.0,-1,0.7412034676185622
HHN-MAN-01,2024-09-10,41,40,24.0,15.203125,20.463541666666668,0.0,0.7177889384920636,13,2.853846153846154,1,111,51.83783783783784,32,78.0,78.0,1.0,Horizon Manchester,Manchester,Large,Orthopaedics,164,2024,9,3,10,1,37,0,0.6334635416666666,1.0,1,0.7429371341308221
HHN-MAN-01,2024-09-11,43,24,24.0,16.0,20.44270833333333,0.0,0.7589395824781061,7,2.314285714285714,1,105,38.27619047619048,30,79.0,79.0,1.0,Horizon Manchester,Manchester,Large,Orthopaedics,164,2024,9,3,11,2,37,0,0.6666666666666666,1.0,19,0.782675159235669
HHN-MAN-01,2024-09-12,47,46,24.0,16.71875,20.41145833333333,0.0,0.7920950107473544,13,3.0461538461538464,0,94,59.54255319148936,34,77.0,74.0,0.9375,Horizon Manchester,Manchester,Large,Orthopaedics,164,2024,9,3,12,3,37,0,0.6966145833333334,0.961038961038961,1,0.8190865016585865
HHN-MAN-01,2024-09-13,41,46,24.0,16.765625,20.416666666666668,0.0,0.7751630788028604,9,3.2777777777777777,2,100,49.59,32,78.0,78.0,1.0,Horizon Manchester,Manchester,Large,Orthopaedics,164,2024,9,3,13,4,37,0,0.6985677083333334,1.0,-5,0.821173469387755
HHN-MAN-01,2024-09-14,50,36,24.0,15.604166666666666,20.28645833333333,0.0,0.7430842976249331,0,0.0,0,139,68.0431654676259,54,77.0,77.0,1.0,Horizon Manchester,Manchester,Large,Orthopaedics,164,2024,9,3,14,5,37,1,0.650173611111111,1.0,14,0.7691912708600772
HHN-MAN-01,2024-09-15,33,43,24.0,15.432291666666666,20.34375,0.0,0.7229515913156374,0,0.0,0,101,61.366336633663366,31,78.0,74.0,0.875,Horizon Manchester,Manchester,Large,Orthopaedics,164,2024,9,3,15,6,37,1,0.6430121527777778,0.9487179487179487,-10,0.7585765488991295
HHN-MAN-01,2024-09-16,29,41,24.0,15.020833333333334,20.44270833333333,0.0,0.7020014273736486,6,3.0666666666666664,1,82,37.926829268292686,22,77.0,76.0,0.9375,Horizon Manchester,Manchester,Large,Orthopaedics,164,2024,9,3,16,0,38,0,0.6258680555555556,0.987012987012987,-12,0.7347770700636944
HHN-MAN-01,2024-09-17,45,42,24.0,15.515625,20.416666666666668,0.0,0.7330416474240559,14,3.414285714285714,2,93,40.69892473118279,29,79.0,77.0,0.9375,Horizon Manchester,Manchester,Large,Orthopaedics,164,2024,9,3,17,1,38,0,0.646484375,0.9746835443037974,3,0.7599489795918367
HHN-MAN-01,2024-09-18,39,34,24.0,16.265625,20.42708333333333,0.0,0.7713264252360427,13,2.5615384615384613,1,91,49.45054945054945,30,78.0,73.0,0.8125,Horizon Manchester,Manchester,Large,Orthopaedics,164,2024,9,3,18,2,38,0,0.677734375,0.9358974358974359,5,0.7962774094849568
HHN-MAN-01,2024-09-19,40,42,24.0,15.885416666666666,20.453125,0.0,0.7560311512110688,11,3.090909090909091,0,108,39.851851851851855,29,77.0,74.0,0.9375,Horizon Manchester,Manchester,Large,Orthopaedics,164,2024,9,3,19,3,38,0,0.661892361111111,0.961038961038961,-2,0.7766743060860708
HHN-MAN-01,2024-09-20,32,36,24.0,15.640625,20.432291666666668,0.0,0.7443571221891534,9,3.2333333333333334,2,121,25.85123966942149,22,78.0,78.0,1.0,Horizon Manchester,Manchester,Large,Orthopaedics,164,2024,9,3,20,4,38,0,0.6516927083333334,1.0,-4,0.7654855977568187
HHN-MAN-01,2024-09-21,29,34,24.0,14.677083333333334,20.354166666666668,0.0,0.7016277673350042,0,0.0,0,77,80.41558441558442,32,77.0,72.0,0.875,Horizon Manchester,Manchester,Large,Orthopaedics,164,2024,9,3,21,5,38,1,0.611545138888889,0.935064935064935,-5,0.7210849539406345
HHN-MAN-01,2024-09-22,23,34,24.0,14.296875,20.28125,0.0,0.6825300243155507,0,0.0,0,51,54.50980392156863,20,77.0,76.0,0.96875,Horizon Manchester,Manchester,Large,Orthopaedics,164,2024,9,3,22,6,38,1,0.595703125,0.987012987012987,-11,0.7049306625577813
HHN-MAN-01,2024-09-23,57,38,24.0,14.203125,20.416666666666668,0.0,0.6876416641316752,11,2.981818181818181,1,176,44.85795454545455,51,78.0,78.0,1.0,Horizon Manchester,Manchester,Large,Orthopaedics,164,2024,9,3,23,0,39,0,0.591796875,1.0,19,0.6956632653061224
HHN-MAN-01,2024-09-24,32,30,24.0,15.828125,20.421875,0.0,0.7481947634503681,10,3.29,0,83,34.48192771084337,19,77.0,75.0,0.9375,Horizon Manchester,Manchester,Large,Orthopaedics,164,2024,9,3,24,1,39,0,0.6595052083333334,0.974025974025974,2,0.7750573833205815
HHN-MAN-01,2024-09-25,45,40,24.0,16.432291666666668,20.39583333333333,0.0,0.760949332671597,24,3.7458333333333336,2,88,43.13636363636363,23,78.0,77.0,0.9375,Horizon Manchester,Manchester,Large,Orthopaedics,164,2024,9,3,25,2,39,0,0.6846788194444445,0.9871794871794872,5,0.8056690500510728
HHN-MAN-01,2024-09-26,40,36,24.0,17.203125,20.44270833333333,0.0,0.7948589298170855,11,3.027272727272727,0,96,44.864583333333336,27,78.0,78.0,1.0,Horizon Manchester,Manchester,Large,Orthopaedics,164,2024,9,3,26,3,39,0,0.716796875,1.0,4,0.8415286624203824
HHN-MAN-01,2024-09-27,39,37,24.0,17.651041666666668,20.385416666666668,0.0,0.7918970677759741,11,3.654545454545455,0,81,43.8641975308642,27,77.0,76.0,0.96875,Horizon Manchester,Manchester,Large,Orthopaedics,164,2024,9,3,27,4,39,0,0.7354600694444445,0.987012987012987,2,0.8658661216147164
HHN-MAN-01,2024-09-28,25,40,24.0,16.390625,20.354166666666668,0.0,0.7499083768197746,0,0.0,0,89,54.40449438202247,25,77.0,73.0,0.875,Horizon Manchester,Manchester,Large,Orthopaedics,164,2024,9,3,28,5,39,1,0.6829427083333334,0.948051948051948,-15,0.8052712384851586
HHN-MAN-01,2024-09-29,34,44,24.0,15.46875,20.34895833333333,0.0,0.7272049324200226,0,0.0,0,124,44.29032258064516,34,77.0,77.0,1.0,Horizon Manchester,Manchester,Large,Orthopaedics,164,2024,9,3,29,6,39,1,0.64453125,1.0,-10,0.7601740465830562
HHN-MAN-01,2024-09-30,56,38,24.0,15.744791666666666,20.40625,0.0,0.7663713690594859,15,2.886666666666667,0,114,58.60526315789474,44,77.0,77.0,1.0,Horizon Manchester,Manchester,Large,Orthopaedics,164,2024,9,3,30,0,40,0,0.656032986111111,1.0,18,0.7715671260847371
HHN-MAN-01,2024-10-01,34,47,24.0,16.260416666666668,20.416666666666668,0.0,0.7711043851634091,10,2.71,1,83,46.67469879518072,23,78.0,78.0,1.0,Horizon Manchester,Manchester,Large,Orthopaedics,164,2024,10,4,1,1,40,0,0.6775173611111112,1.0,-13,0.7964285714285715
HHN-MAN-01,2024-10-02,37,37,24.0,15.427083333333334,20.432291666666668,0.0,0.7315807776915114,10,2.39,0,113,42.90265486725664,30,77.0,74.0,0.90625,Horizon Manchester,Manchester,Large,Orthopaedics,164,2024,10,4,2,2,40,0,0.642795138888889,0.961038961038961,0,0.7550344124394596
HHN-MAN-01,2024-10-03,43,45,24.0,15.963541666666666,20.36458333333333,0.0,0.7643431363652811,16,2.91875,0,75,51.053333333333335,25,77.0,77.0,1.0,Horizon Manchester,Manchester,Large,Orthopaedics,164,2024,10,4,3,3,40,0,0.6651475694444444,1.0,-2,0.7838874680306906
HHN-MAN-01,2024-10-04,28,33,24.0,15.375,20.41145833333333,0.0,0.70939818645066,11,3.936363636363636,1,48,49.958333333333336,14,78.0,78.0,1.0,Horizon Manchester,Manchester,Large,Orthopaedics,164,2024,10,4,4,4,40,0,0.640625,1.0,-5,0.753253380964532
HHN-MAN-01,2024-10-05,30,38,24.0,14.276041666666666,20.31770833333333,0.0,0.6681191272147483,0,0.0,0,107,48.35514018691589,33,77.0,77.0,1.0,Horizon Manchester,Manchester,Large,Orthopaedics,164,2024,10,4,5,5,40,1,0.5948350694444444,1.0,-8,0.702640348628557
HHN-MAN-01,2024-10-06,23,42,24.0,13.416666666666666,20.338541666666668,0.0,0.6428145401999653,0,0.0,0,96,34.989583333333336,22,78.0,73.0,0.84375,Horizon Manchester,Manchester,Large,Orthopaedics,164,2024,10,4,6,6,40,1,0.5590277777777778,0.9358974358974359,-19,0.6596670934699103
HHN-MAN-01,2024-10-07,39,21,24.0,12.755208333333334,20.47395833333333,0.0,0.6149294054819509,9,3.0,0,117,50.77777777777778,33,79.0,77.0,0.9375,Horizon Manchester,Manchester,Large,Orthopaedics,164,2024,10,4,7,0,41,0,0.531467013888889,0.9746835443037974,18,0.6229966929534472
HHN-MAN-01,2024-10-08,52,31,24.0,15.145833333333334,20.432291666666668,0.0,0.7133870567716333,16,3.88125,2,84,64.04761904761905,33,77.0,77.0,1.0,Horizon Manchester,Manchester,Large,Orthopaedics,164,2024,10,4,8,1,41,0,0.631076388888889,1.0,21,0.7412694366556207
HHN-MAN-01,2024-10-09,37,35,24.0,15.927083333333334,20.375,0.34375,0.7473393170726145,15,3.2066666666666666,0,84,31.23809523809524,21,77.0,74.0,0.90625,Horizon Manchester,Manchester,Large,Orthopaedics,164,2024,10,4,9,2,41,0,0.6636284722222222,0.961038961038961,2,0.7816973415132925
HHN-MAN-01,2024-10-10,33,39,24.0,15.75,20.39583333333333,0.75,0.7455139073546805,11,2.4727272727272727,0,109,38.40366972477064,25,78.0,75.0,0.90625,Horizon Manchester,Manchester,Large,Orthopaedics,164,2024,10,4,10,3,41,0,0.65625,0.9615384615384616,-6,0.7722165474974465
HHN-MAN-01,2024-10-11,42,36,24.0,15.864583333333334,20.421875,0.34375,0.733367435515873,5,3.28,5,113,47.23008849557522,39,78.0,75.0,0.9375,Horizon Manchester,Manchester,Large,Orthopaedics,164,2024,10,4,11,4,41,0,0.6610243055555556,0.9615384615384616,6,0.7768426421831166
HHN-MAN-01,2024-10-12,34,42,24.0,15.5625,20.40625,0.0,0.7237103174603176,0,0.0,0,91,57.71428571428572,28,77.0,76.0,0.96875,Horizon Manchester,Manchester,Large,Orthopaedics,164,2024,10,4,12,5,41,1,0.6484375,0.987012987012987,-8,0.7626339969372129
HHN-MAN-01,2024-10-13,24,38,24.0,14.145833333333334,20.33333333333333,0.0,0.6654061387454507,0,0.0,0,73,61.19178082191781,26,77.0,76.0,0.96875,Horizon Manchester,Manchester,Large,Orthopaedics,164,2024,10,4,13,6,41,1,0.5894097222222222,0.987012987012987,-14,0.6956967213114756
HHN-MAN-01,2024-10-14,34,33,24.0,13.723958333333334,20.453125,0.0,0.6677757978143996,10,3.3600000000000003,0,111,40.7927927927928,26,78.0,78.0,1.0,Horizon Manchester,Manchester,Large,Orthopaedics,164,2024,10,4,14,0,42,0,0.5718315972222222,1.0,1,0.670995670995671
HHN-MAN-01,2024-10-15,35,44,24.0,13.828125,20.447916666666668,0.0,0.6686422001183514,14,2.792857142857143,2,70,38.22857142857143,24,78.0,78.0,1.0,Horizon Manchester,Manchester,Large,Orthopaedics,164,2024,10,4,15,1,42,0,0.576171875,1.0,-9,0.6762608252674478
HHN-MAN-01,2024-10-16,40,29,24.0,14.494791666666666,20.38020833333333,0.0,0.6773684730430122,10,3.29,2,96,45.66666666666666,28,77.0,75.0,0.9375,Horizon Manchester,Manchester,Large,Orthopaedics,164,2024,10,4,16,2,42,0,0.6039496527777778,0.974025974025974,11,0.711219013544595
HHN-MAN-01,2024-10-17,40,28,24.0,15.692708333333334,20.447916666666668,0.0,0.7349730572411807,19,3.0157894736842104,1,81,36.901234567901234,20,79.0,77.0,0.9375,Horizon Manchester,Manchester,Large,Orthopaedics,164,2024,10,4,17,3,42,0,0.6538628472222222,0.9746835443037974,12,0.7674477840040754
HHN-MAN-01,2024-10-18,62,37,24.0,16.776041666666668,20.453125,0.0,0.7337598553675857,11,4.418181818181818,0,140,55.52857142857143,55,77.0,76.0,0.9375,Horizon Manchester,Manchester,Large,Orthopaedics,164,2024,10,4,18,4,42,0,0.6990017361111112,0.987012987012987,25,0.820218996689585
HHN-MAN-01,2024-10-19,35,38,24.0,18.072916666666668,20.338541666666668,0.0,0.8097388675403961,0,0.0,0,101,50.58415841584159,34,77.0,76.0,0.96875,Horizon Manchester,Manchester,Large,Orthopaedics,164,2024,10,4,19,5,42,1,0.7530381944444445,0.987012987012987,-3,0.8886043533930857
HHN-MAN-01,2024-10-20,27,46,24.0,16.645833333333332,20.34375,0.0,0.7518708829549,0,0.0,0,88,42.90909090909091,25,77.0,77.0,1.0,Horizon Manchester,Manchester,Large,Orthopaedics,164,2024,10,4,20,6,42,1,0.6935763888888888,1.0,-19,0.8182283666154633
HHN-MAN-01,2024-10-21,54,48,24.0,15.71875,20.4375,0.0,0.7278258308531745,13,3.0461538461538464,0,166,43.1566265060241,44,77.0,74.0,0.9375,Horizon Manchester,Manchester,Large,Orthopaedics,164,2024,10,4,21,0,43,0,0.6549479166666666,0.961038961038961,6,0.7691131498470948
HHN-MAN-01,2024-10-22,43,43,24.0,16.880208333333332,20.45833333333333,0.0,0.7979667865410053,14,3.792857142857143,2,116,43.72413793103448,28,78.0,77.0,0.96875,Horizon Manchester,Manchester,Large,Orthopaedics,164,2024,10,4,22,1,43,0,0.7033420138888888,0.9871794871794872,0,0.8251018329938902
HHN-MAN-01,2024-10-23,40,38,24.0,17.005208333333332,20.375,0.0,0.763451728376883,12,3.0666666666666664,1,78,70.37179487179488,30,77.0,76.0,0.9375,Horizon Manchester,Manchester,Large,Orthopaedics,164,2024,10,4,23,2,43,0,0.7085503472222222,0.987012987012987,2,0.8346114519427402
HHN-MAN-01,2024-10-24,38,37,24.0,17.354166666666668,20.44270833333333,0.0,0.7684612815220174,15,3.1133333333333337,1,91,35.64835164835165,22,78.0,76.0,0.9375,Horizon Manchester,Manchester,Large,Orthopaedics,164,2024,10,4,24,3,43,0,0.7230902777777778,0.9743589743589743,1,0.8489171974522296
HHN-MAN-01,2024-10-25,36,36,24.0,17.338541666666668,20.36458333333333,0.0,0.8001271081349207,9,3.111111111111111,2,88,51.22727272727273,30,77.0,77.0,1.0,Horizon Manchester,Manchester,Large,Orthopaedics,164,2024,10,4,25,4,43,0,0.7224392361111112,1.0,0,0.8514066496163686
HHN-MAN-01,2024-10-26,25,35,24.0,15.8125,20.322916666666668,0.0,0.7391782229235084,0,0.0,0,99,54.888888888888886,26,78.0,70.0,0.8125,Horizon Manchester,Manchester,Large,Orthopaedics,164,2024,10,4,26,5,43,1,0.6588541666666666,0.8974358974358975,-10,0.7780625320348539
HHN-MAN-01,2024-10-27,27,40,24.0,14.692708333333334,20.27083333333333,0.0,0.699929412310457,0,0.0,0,85,48.188235294117646,24,77.0,76.0,0.9375,Horizon Manchester,Manchester,Large,Orthopaedics,164,2024,10,4,27,6,43,1,0.6121961805555556,0.987012987012987,-13,0.7248201438848922
HHN-MAN-01,2024-10-28,44,31,24.0,15.380208333333334,20.369791666666668,0.0,0.7088915799056917,14,3.621428571428571,1,114,47.98245614035088,34,77.0,76.0,0.9375,Horizon Manchester,Manchester,Large,Orthopaedics,164,2024,10,4,28,0,44,0,0.640842013888889,0.987012987012987,13,0.7550498593710049
HHN-MAN-01,2024-10-29,44,44,24.0,16.109375,20.4375,0.0,0.7509706276010624,14,2.5142857142857147,0,117,46.136752136752136,30,77.0,74.0,0.875,Horizon Manchester,Manchester,Large,Orthopaedics,164,2024,10,4,29,1,44,0,0.6712239583333334,0.961038961038961,0,0.7882262996941896
HHN-MAN-01,2024-10-30,45,31,24.0,16.979166666666668,20.42708333333333,0.0,0.7700021183506774,15,3.0133333333333336,0,96,50.552083333333336,27,77.0,72.0,0.84375,Horizon Manchester,Manchester,Large,Orthopaedics,164,2024,10,4,30,2,44,0,0.7074652777777778,0.935064935064935,14,0.8312085670576239
HHN-MAN-01,2024-10-31,50,50,24.0,17.078125,20.385416666666668,0.0,0.7950532774288942,14,2.9714285714285715,0,127,48.32283464566929,38,77.0,74.0,0.875,Horizon Manchester,Manchester,Large,Orthopaedics,164,2024,10,4,31,3,44,0,0.7115885416666666,0.961038961038961,0,0.8377618804292284
HHN-MAN-01,2024-11-01,37,44,24.0,17.005208333333332,20.432291666666668,0.0,0.7924748563218391,10,2.31,1,102,41.30392156862745,27,78.0,78.0,1.0,Horizon Manchester,Manchester,Large,Orthopaedics,164,2024,11,4,1,4,44,0,0.7085503472222222,1.0,-7,0.8322712210043333
HHN-MAN-01,2024-11-02,32,38,24.0,16.255208333333332,20.33333333333333,0.0,0.7415114658247219,0,0.0,0,136,44.213235294117645,36,77.0,77.0,1.0,Horizon Manchester,Manchester,Large,Orthopaedics,164,2024,11,4,2,5,44,1,0.6773003472222222,1.0,-6,0.7994364754098362
HHN-MAN-01,2024-11-03,57,36,24.0,16.203125,20.34895833333333,0.0,0.7527773455366756,0,0.0,0,167,53.47305389221557,56,77.0,75.0,0.90625,Horizon Manchester,Manchester,Large,Orthopaedics,164,2024,11,4,3,6,44,1,0.6751302083333334,0.974025974025974,21,0.7962631174814437
HHN-MAN-01,2024-11-04,41,45,24.0,16.630208333333332,20.42708333333333,0.0,0.7699999121532984,9,2.477777777777778,1,113,41.48672566371681,33,77.0,77.0,1.0,Horizon Manchester,Manchester,Large,Orthopaedics,164,2024,11,4,4,0,45,0,0.6929253472222222,1.0,-4,0.814125446200918
HHN-MAN-01,2024-11-05,61,43,24.0,17.15625,20.42708333333333,0.0,0.7973564505754788,14,2.8285714285714287,1,121,53.76859504132232,44,77.0,77.0,1.0,Horizon Manchester,Manchester,Large,Orthopaedics,164,2024,11,4,5,1,45,0,0.71484375,1.0,18,0.8398776134625193
HHN-MAN-01,2024-11-06,46,44,24.0,17.385416666666668,20.42708333333333,0.0,0.7952110140931373,9,3.2444444444444445,3,121,59.21487603305785,36,77.0,77.0,1.0,Horizon Manchester,Manchester,Large,Orthopaedics,164,2024,11,4,6,2,45,0,0.7243923611111112,1.0,2,0.8510963793982664
HHN-MAN-01,2024-11-07,28,43,24.0,17.239583333333332,20.39583333333333,0.0,0.7805328541026625,7,3.4857142857142853,2,81,39.92592592592592,22,78.0,75.0,0.9375,Horizon Manchester,Manchester,Large,Orthopaedics,164,2024,11,4,7,3,45,0,0.7183159722222222,0.9615384615384616,-15,0.845250255362615
HHN-MAN-01,2024-11-08,30,54,24.0,16.640625,20.44270833333333,0.0,0.7702287946428572,9,2.2,1,78,39.02564102564103,20,78.0,78.0,1.0,Horizon Manchester,Manchester,Large,Orthopaedics,164,2024,11,4,8,4,45,0,0.693359375,1.0,-24,0.8140127388535033
HHN-MAN-01,2024-11-09,44,42,24.0,14.979166666666666,20.33333333333333,0.0,0.6823642465688887,0,0.0,0,150,51.06666666666667,48,77.0,74.0,0.9375,Horizon Manchester,Manchester,Large,Orthopaedics,164,2024,11,4,9,5,45,1,0.6241319444444444,0.961038961038961,2,0.7366803278688526
HHN-MAN-01,2024-11-10,46,35,24.0,15.479166666666666,20.34895833333333,0.0,0.7312550572202139,0,0.0,0,140,53.121428571428574,47,78.0,78.0,1.0,Horizon Manchester,Manchester,Large,Orthopaedics,164,2024,11,4,10,6,45,1,0.6449652777777778,1.0,11,0.7606859482979269
HHN-MAN-01,2024-11-11,48,30,24.0,16.505208333333332,20.40625,0.0,0.7657222509609035,7,3.571428571428572,0,118,58.28813559322034,40,78.0,75.0,0.9375,Horizon Manchester,Manchester,Large,Orthopaedics,164,2024,11,4,11,0,46,0,0.6877170138888888,0.9615384615384616,18,0.808831036242981
HHN-MAN-01,2024-11-12,47,47,24.0,18.02083333333333,20.432291666666668,0.0,0.829934821000958,13,4.2615384615384615,1,132,44.46969696969697,34,77.0,76.0,0.96875,Horizon Manchester,Manchester,Large,Orthopaedics,164,2024,11,4,12,1,46,0,0.7508680555555554,0.987012987012987,0,0.8819780780015292
HHN-MAN-01,2024-11-13,48,53,24.0,18.651041666666668,20.432291666666668,0.0,0.8513893165024631,14,2.5285714285714285,1,120,34.75,32,77.0,75.0,0.9375,Horizon Manchester,Manchester,Large,Orthopaedics,164,2024,11,4,13,2,46,0,0.7771267361111112,0.974025974025974,-5,0.912821820035687
HHN-MAN-01,2024-11-14,34,47,24.0,18.17708333333333,20.385416666666668,0.0,0.8453993055555555,15,2.5,0,89,32.39325842696629,20,77.0,76.0,0.96875,Horizon Manchester,Manchester,Large,Orthopaedics,164,2024,11,4,14,3,46,0,0.757378472222222,0.987012987012987,-13,0.8916709248850279
HHN-MAN-01,2024-11-15,31,52,24.0,16.322916666666668,20.41145833333333,0.0,0.7789296460527013,9,2.644444444444444,0,63,51.19047619047619,20,78.0,78.0,1.0,Horizon Manchester,Manchester,Large,Orthopaedics,164,2024,11,4,15,4,46,0,0.6801215277777778,1.0,-21,0.7996937994386325
HHN-MAN-01,2024-11-16,31,32,24.0,14.619791666666666,20.322916666666668,0.0,0.691936735432504,0,0.0,0,93,58.16129032258065,35,77.0,77.0,1.0,Horizon Manchester,Manchester,Large,Orthopaedics,164,2024,11,4,16,5,46,1,0.609157986111111,1.0,-1,0.7193746796514607
HHN-MAN-01,2024-11-17,29,31,24.0,14.166666666666666,20.30208333333333,0.0,0.6809438717121373,0,0.0,0,100,40.98,27,77.0,74.0,0.875,Horizon Manchester,Manchester,Large,Orthopaedics,164,2024,11,4,17,6,46,1,0.5902777777777778,0.961038961038961,-2,0.697793740379682
HHN-MAN-01,2024-11-18,54,38,24.0,14.010416666666666,20.39583333333333,0.1875,0.6924132753191857,13,2.7384615384615385,2,139,59.302158273381295,49,77.0,77.0,1.0,Horizon Manchester,Manchester,Large,Orthopaedics,164,2024,11,4,18,0,47,0,0.583767361111111,1.0,16,0.6869254341164455
HHN-MAN-01,2024-11-19,52,37,24.0,15.739583333333334,20.44270833333333,0.5,0.7508543564574693,9,3.022222222222222,3,121,50.84297520661157,36,78.0,77.0,0.96875,Horizon Manchester,Manchester,Large,Orthopaedics,164,2024,11,4,19,1,47,0,0.6558159722222222,0.9871794871794872,15,0.7699363057324843
HHN-MAN-01,2024-11-20,40,45,24.0,16.276041666666668,20.38020833333333,0.5,0.7815000372167747,9,2.566666666666667,0,112,39.82142857142857,32,77.0,76.0,0.9375,Horizon Manchester,Manchester,Large,Orthopaedics,164,2024,11,4,20,2,47,0,0.6781684027777778,0.987012987012987,-5,0.7986199846664965
HHN-MAN-01,2024-11-21,49,47,24.0,16.046875,20.36458333333333,0.5,0.7555143524483373,7,2.9142857142857146,0,135,52.577777777777776,42,77.0,75.0,0.9375,Horizon Manchester,Manchester,Large,Orthopaedics,164,2024,11,4,21,3,47,0,0.6686197916666666,0.974025974025974,2,0.7879795396419439
HHN-MAN-01,2024-11-22,49,42,24.0,17.026041666666668,20.369791666666668,0.2291666666666666,0.8060085547669408,8,2.725,2,142,56.69014084507042,42,77.0,77.0,1.0,Horizon Manchester,Manchester,Large,Orthopaedics,164,2024,11,4,22,4,47,0,0.7094184027777778,1.0,7,0.8358476093070826
HHN-MAN-01,2024-11-23,43,51,24.0,17.083333333333332,20.36458333333333,0.0,0.7909279193868408,0,0.0,0,118,47.75423728813559,42,77.0,75.0,0.9375,Horizon Manchester,Manchester,Large,Orthopaedics,164,2024,11,4,23,5,47,1,0.7118055555555555,0.974025974025974,-8,0.8388746803069055
HHN-MAN-01,2024-11-24,27,38,24.0,16.244791666666668,20.3125,0.0,0.7624342457917307,0,0.0,0,126,31.285714285714285,28,77.0,77.0,1.0,Horizon Manchester,Manchester,Large,Orthopaedics,164,2024,11,4,24,6,47,1,0.6768663194444445,1.0,-11,0.7997435897435898
HHN-MAN-01,2024-11-25,33,45,24.0,16.526041666666668,20.45833333333333,0.0,0.7742460017441116,12,2.775,1,103,26.038834951456312,22,79.0,79.0,1.0,Horizon Manchester,Manchester,Large,Orthopaedics,164,2024,11,4,25,0,48,0,0.6885850694444445,1.0,-12,0.8077902240325868
HHN-MAN-01,2024-11-26,43,41,24.0,15.640625,20.385416666666668,0.0,0.7448986235119047,13,3.292307692307692,1,110,41.70909090909091,29,78.0,75.0,0.90625,Horizon Manchester,Manchester,Large,Orthopaedics,164,2024,11,4,26,1,48,0,0.6516927083333334,0.9615384615384616,2,0.7672457843638222
HHN-MAN-01,2024-11-27,53,34,24.0,15.895833333333334,20.390625,0.0,0.7429756987205801,11,3.0545454545454547,1,138,53.63768115942029,49,78.0,78.0,1.0,Horizon Manchester,Manchester,Large,Orthopaedics,164,2024,11,4,27,2,48,0,0.662326388888889,1.0,19,0.779565772669221
HHN-MAN-01,2024-11-28,82,43,24.0,17.015625,20.41145833333333,0.0,0.7989853401754683,9,3.022222222222222,1,217,54.40552995391705,70,78.0,78.0,1.0,Horizon Manchester,Manchester,Large,Orthopaedics,164,2024,11,4,28,3,48,0,0.708984375,1.0,39,0.8336310283235521
HHN-MAN-01,2024-11-29,39,60,24.0,18.401041666666668,20.416666666666668,0.0,0.8467411203790727,10,3.4799999999999995,2,101,34.415841584158414,26,78.0,78.0,1.0,Horizon Manchester,Manchester,Large,Orthopaedics,164,2024,11,4,29,4,48,0,0.7667100694444445,1.0,-21,0.9012755102040816
HHN-MAN-01,2024-11-30,41,48,24.0,17.958333333333332,20.36458333333333,0.0,0.8216348949781062,0,0.0,0,155,43.94193548387097,46,78.0,78.0,1.0,Horizon Manchester,Manchester,Large,Orthopaedics,164,2024,11,4,30,5,48,1,0.7482638888888888,1.0,-7,0.8818414322250641
HHN-MAN-01,2024-12-01,34,46,24.0,16.802083333333332,20.28125,0.0,0.7774295253955814,0,0.0,0,114,50.09649122807018,38,77.0,75.0,0.9375,Horizon Manchester,Manchester,Large,Orthopaedics,164,2024,12,4,1,6,48,1,0.7000868055555555,0.974025974025974,-12,0.8284540318438623
HHN-MAN-01,2024-12-02,61,48,24.0,17.036458333333332,20.354166666666668,0.0,0.8023173724497679,15,3.033333333333333,0,167,49.93413173652694,48,77.0,75.0,0.9375,Horizon Manchester,Manchester,Large,Orthopaedics,164,2024,12,4,2,0,49,0,0.7098524305555555,0.974025974025974,13,0.8370010235414533
HHN-MAN-01,2024-12-03,56,44,24.0,17.953125,20.34375,0.0,0.8343428544762618,9,4.050000000000001,3,147,49.72789115646258,43,77.0,74.0,0.90625,Horizon Manchester,Manchester,Large,Orthopaedics,164,2024,12,4,3,1,49,0,0.748046875,0.961038961038961,12,0.8824884792626728
HHN-MAN-01,2024-12-04,70,52,24.0,19.041666666666668,20.3125,0.0,0.8807957155718946,15,2.9266666666666667,1,200,45.16,54,77.0,72.0,0.875,Horizon Manchester,Manchester,Large,Orthopaedics,164,2024,12,4,4,2,49,0,0.7934027777777778,0.935064935064935,18,0.9374358974358975
HHN-MAN-01,2024-12-05,44,45,24.0,19.78125,20.307291666666668,0.0,0.8903645833333332,7,2.985714285714286,0,119,65.99159663865547,42,77.0,74.0,0.875,Horizon Manchester,Manchester,Large,Orthopaedics,164,2024,12,4,5,3,49,0,0.82421875,0.961038961038961,-1,0.97409592203129
HHN-MAN-01,2024-12-06,61,50,24.0,19.8125,20.291666666666668,0.0,0.8809895833333333,10,3.61,3,158,43.677215189873415,47,77.0,74.0,0.90625,Horizon Manchester,Manchester,Large,Orthopaedics,164,2024,12,4,6,4,49,0,0.8255208333333334,0.961038961038961,11,0.9763860369609856
HHN-MAN-01,2024-12-07,50,58,24.0,19.69270833333333,20.322916666666668,0.0,0.8698567708333332,0,0.0,0,154,40.72077922077922,46,77.0,74.0,0.90625,Horizon Manchester,Manchester,Large,Orthopaedics,164,2024,12,4,7,5,49,1,0.8205295138888887,0.961038961038961,-8,0.9689902614044077
HHN-MAN-01,2024-12-08,26,54,24.0,18.73958333333333,20.140625,0.0,0.8423332401053988,0,0.0,0,79,56.721518987341774,27,77.0,76.0,0.9375,Horizon Manchester,Manchester,Large,Orthopaedics,164,2024,12,4,8,6,49,1,0.780815972222222,0.987012987012987,-28,0.9304370312904058
HHN-MAN-01,2024-12-09,55,50,24.0,18.135416666666668,20.322916666666668,0.0,0.822400328357857,10,2.32,1,142,49.04929577464789,46,78.0,77.0,0.9375,Horizon Manchester,Manchester,Large,Orthopaedics,164,2024,12,4,9,0,50,0,0.7556423611111112,0.9871794871794872,5,0.8923628908252178
HHN-MAN-01,2024-12-10,61,45,24.0,18.59375,20.354166666666668,0.0,0.8474206717568483,5,1.8,0,165,52.27878787878788,57,77.0,77.0,1.0,Horizon Manchester,Manchester,Large,Orthopaedics,164,2024,12,4,10,1,50,0,0.7747395833333334,1.0,16,0.9135107471852609
HHN-MAN-01,2024-12-11,54,58,24.0,18.416666666666668,20.33333333333333,0.0,0.8380394845270097,7,3.1,0,152,55.6578947368421,51,77.0,77.0,1.0,Horizon Manchester,Manchester,Large,Orthopaedics,164,2024,12,4,11,2,50,0,0.7673611111111112,1.0,-4,0.9057377049180331
HHN-MAN-01,2024-12-12,83,45,24.0,18.6875,20.338541666666668,0.0,0.8538462237445265,13,3.907692307692308,2,179,64.93854748603351,72,78.0,76.0,0.9375,Horizon Manchester,Manchester,Large,Orthopaedics,164,2024,12,4,12,3,50,0,0.7786458333333334,0.9743589743589743,38,0.9188220230473751
HHN-MAN-01,2024-12-13,52,63,24.0,19.5,20.28645833333333,0.0,0.901296096743295,11,2.890909090909091,1,101,51.9009900990099,33,77.0,77.0,1.0,Horizon Manchester,Manchester,Large,Orthopaedics,164,2024,12,4,13,4,50,0,0.8125,1.0,-11,0.9612323491655972
HHN-MAN-01,2024-12-14,41,53,24.0,18.932291666666668,20.27083333333333,0.0,0.861785404265873,0,0.0,0,134,54.6865671641791,43,77.0,77.0,1.0,Horizon Manchester,Manchester,Large,Orthopaedics,164,2024,12,4,14,5,50,1,0.7888454861111112,1.0,-12,0.9339671120246663
HHN-MAN-01,2024-12-15,42,64,24.0,17.46875,20.276041666666668,0.0,0.8032459077380952,0,0.0,0,129,50.85271317829457,41,77.0,73.0,0.84375,Horizon Manchester,Manchester,Large,Orthopaedics,164,2024,12,4,15,6,50,1,0.7278645833333334,0.948051948051948,-22,0.8615463652709991
HHN-MAN-01,2024-12-16,33,50,24.0,17.598958333333332,20.401041666666668,0.0,0.8052859538182857,10,3.55,0,105,30.304761904761904,22,78.0,76.0,0.9375,Horizon Manchester,Manchester,Large,Orthopaedics,164,2024,12,4,16,0,51,0,0.7332899305555555,0.9743589743589743,-17,0.8626499872351289
HHN-MAN-01,2024-12-17,37,53,24.0,16.239583333333332,20.369791666666668,0.0,0.7750758200698757,6,1.7666666666666666,1,138,37.44927536231884,33,77.0,74.0,0.90625,Horizon Manchester,Manchester,Large,Orthopaedics,164,2024,12,4,17,1,51,0,0.6766493055555555,0.961038961038961,-16,0.797238557913577
HHN-MAN-01,2024-12-18,32,32,24.0,16.161458333333332,20.36458333333333,0.0,0.754686777933219,3,3.7000000000000006,0,118,41.771186440677965,30,77.0,73.0,0.875,Horizon Manchester,Manchester,Large,Orthopaedics,164,2024,12,4,18,2,51,0,0.6733940972222222,0.948051948051948,0,0.793606138107417
HHN-MAN-01,2024-12-19,37,30,24.0,16.03125,20.322916666666668,0.0,0.7469593999293317,3,3.866666666666667,0,111,51.13513513513514,35,77.0,76.0,0.96875,Horizon Manchester,Manchester,Large,Orthopaedics,164,2024,12,4,19,3,51,0,0.66796875,0.987012987012987,7,0.7888262429523321
HHN-MAN-01,2024-12-20,37,57,24.0,15.791666666666666,20.416666666666668,0.0,0.7511593227473804,6,2.5666666666666664,0,114,48.69298245614035,32,77.0,75.0,0.9375,Horizon Manchester,Manchester,Large,Orthopaedics,164,2024,12,4,20,4,51,0,0.657986111111111,0.974025974025974,-20,0.773469387755102
HHN-MAN-01,2024-12-21,43,33,24.0,15.192708333333334,20.30208333333333,0.0,0.7160197724986416,0,0.0,0,130,52.58461538461538,42,77.0,74.0,0.875,Horizon Manchester,Manchester,Large,Orthopaedics,164,2024,12,4,21,5,51,1,0.633029513888889,0.961038961038961,10,0.7483324781939458
HHN-MAN-01,2024-12-22,50,33,24.0,15.630208333333334,20.25520833333333,0.0,0.7553420185758455,0,0.0,0,174,48.747126436781606,49,77.0,73.0,0.875,Horizon Manchester,Manchester,Large,Orthopaedics,164,2024,12,4,22,6,51,1,0.6512586805555556,0.948051948051948,17,0.7716636667523787
HHN-MAN-01,2024-12-23,36,44,24.0,16.447916666666668,20.390625,0.0,0.7772524777417839,7,2.442857142857143,0,113,43.2212389380531,30,78.0,77.0,0.96875,Horizon Manchester,Manchester,Large,Orthopaedics,164,2024,12,4,23,0,52,0,0.6853298611111112,0.9871794871794872,-8,0.8066411238825032
HHN-MAN-01,2024-12-24,37,39,24.0,16.609375,20.322916666666668,0.0,0.7883262028769842,3,2.533333333333333,0,94,58.819148936170215,32,77.0,77.0,1.0,Horizon Manchester,Manchester,Large,Orthopaedics,164,2024,12,4,24,1,52,0,0.6920572916666666,1.0,-2,0.8172731932342389
HHN-MAN-01,2024-12-25,36,41,24.0,16.557291666666668,20.385416666666668,0.0,0.7632091295948205,0,0.0,0,106,49.0,36,77.0,77.0,1.0,Horizon Manchester,Manchester,Large,Orthopaedics,164,2024,12,4,25,2,52,0,0.6898871527777778,1.0,-5,0.812212570260603
HHN-MAN-01,2024-12-26,43,43,24.0,15.822916666666666,20.385416666666668,0.0,0.7439122393306855,0,0.0,0,163,46.938650306748464,48,77.0,73.0,0.84375,Horizon Manchester,Manchester,Large,Orthopaedics,164,2024,12,4,26,3,52,0,0.6592881944444444,0.948051948051948,0,0.776188042922841
HHN-MAN-01,2024-12-27,31,40,24.0,15.567708333333334,20.390625,0.0,0.7350212565778124,1,2.0,0,114,37.54385964912281,26,77.0,77.0,1.0,Horizon Manchester,Manchester,Large,Orthopaedics,164,2024,12,4,27,4,52,0,0.648654513888889,1.0,-9,0.7634738186462324
HHN-MAN-01,2024-12-28,32,27,24.0,15.067708333333334,20.34375,0.0,0.7043374130647041,0,0.0,0,103,42.79611650485437,32,77.0,75.0,0.9375,Horizon Manchester,Manchester,Large,Orthopaedics,164,2024,12,4,28,5,52,1,0.6278211805555556,0.974025974025974,5,0.7406554019457245
HHN-MAN-01,2024-12-29,43,45,24.0,14.40625,20.244791666666668,0.0,0.6979325284612264,0,0.0,0,171,37.80701754385965,44,77.0,72.0,0.875,Horizon Manchester,Manchester,Large,Orthopaedics,164,2024,12,4,29,6,52,1,0.6002604166666666,0.935064935064935,-2,0.7116027784924106
HHN-MAN-01,2024-12-30,59,34,24.0,15.5625,20.34895833333333,0.0,0.7489676314987483,8,2.6500000000000004,1,200,46.715,60,77.0,77.0,1.0,Horizon Manchester,Manchester,Large,Orthopaedics,164,2024,12,4,30,0,1,0,0.6484375,1.0,25,0.764781162016893
HHN-MAN-01,2024-12-31,52,50,24.0,17.317708333333332,20.31770833333333,0.0,0.7910774479221843,1,1.7,0,156,48.41025641025641,48,77.0,69.0,0.8125,Horizon Manchester,Manchester,Large,Orthopaedics,164,2024,12,4,31,1,1,0,0.7215711805555555,0.8961038961038961,2,0.8523455524224559
HHN-MAN-01,2025-01-01,38,36,24.0,17.609375,20.36458333333333,0.0,0.7963375688711954,0,0.0,0,146,48.4041095890411,37,78.0,75.0,0.9375,Horizon Manchester,Manchester,Large,Orthopaedics,164,2025,1,1,1,2,1,0,0.7337239583333334,0.9615384615384616,2,0.8647058823529413
HHN-MAN-01,2025-01-02,57,51,24.0,17.046875,20.322916666666668,0.0,0.7911600347493234,4,2.45,0,180,49.37777777777778,55,77.0,75.0,0.9375,Horizon Manchester,Manchester,Large,Orthopaedics,164,2025,1,1,2,3,1,0,0.7102864583333334,0.974025974025974,6,0.8388006150691952
HHN-MAN-01,2025-01-03,54,42,24.0,17.59375,20.354166666666668,0.0,0.8034692823788999,1,3.3,0,177,48.51412429378531,50,77.0,77.0,1.0,Horizon Manchester,Manchester,Large,Orthopaedics,164,2025,1,1,3,4,1,0,0.7330729166666666,1.0,12,0.8643807574206754
HHN-MAN-01,2025-01-04,44,52,24.0,17.510416666666668,20.265625,0.0,0.8129754597397681,0,0.0,0,123,56.46341463414634,44,77.0,75.0,0.9375,Horizon Manchester,Manchester,Large,Orthopaedics,164,2025,1,1,4,5,1,1,0.7296006944444445,0.974025974025974,-8,0.8640452325880237
HHN-MAN-01,2025-01-05,56,48,24.0,17.005208333333332,20.30208333333333,0.0,0.7911897326946166,0,0.0,0,189,48.10582010582011,58,77.0,72.0,0.8125,Horizon Manchester,Manchester,Large,Orthopaedics,164,2025,1,1,5,6,1,1,0.7085503472222222,0.935064935064935,8,0.8376090302719345
HHN-MAN-01,2025-01-06,54,63,24.0,16.942708333333332,20.385416666666668,0.0,0.8082139756944445,8,1.95,0,143,47.6013986013986,43,77.0,74.0,0.90625,Horizon Manchester,Manchester,Large,Orthopaedics,164,2025,1,1,6,0,2,0,0.7059461805555555,0.961038961038961,-9,0.8311190597853857
HHN-MAN-01,2025-01-07,39,50,24.0,17.463541666666668,20.33333333333333,0.0,0.8165640753182117,7,2.685714285714286,0,105,40.333333333333336,31,77.0,77.0,1.0,Horizon Manchester,Manchester,Large,Orthopaedics,164,2025,1,1,7,1,2,0,0.7276475694444445,1.0,-11,0.8588627049180331
HHN-MAN-01,2025-01-08,35,40,24.0,16.802083333333332,20.385416666666668,0.0,0.7766322544642857,6,2.6833333333333336,2,128,35.7890625,29,78.0,78.0,1.0,Horizon Manchester,Manchester,Large,Orthopaedics,164,2025,1,1,8,2,2,0,0.7000868055555555,1.0,-5,0.8242207460398568
HHN-MAN-01,2025-01-09,50,48,24.0,16.609375,20.322916666666668,0.0,0.7701140732353514,10,2.65,0,152,42.48026315789474,46,77.0,74.0,0.90625,Horizon Manchester,Manchester,Large,Orthopaedics,164,2025,1,1,9,3,2,0,0.6920572916666666,0.961038961038961,2,0.8172731932342389
HHN-MAN-01,2025-01-10,49,45,24.0,18.291666666666668,20.260416666666668,0.0,0.8325030319181806,10,3.2,0,120,52.641666666666666,39,77.0,77.0,1.0,Horizon Manchester,Manchester,Large,Orthopaedics,164,2025,1,1,10,4,2,0,0.7621527777777778,1.0,4,0.9028277634961439
HHN-MAN-01,2025-01-11,42,43,24.0,17.666666666666668,20.33333333333333,0.0,0.8058223140074068,0,0.0,0,161,45.4472049689441,41,77.0,74.0,0.9375,Horizon Manchester,Manchester,Large,Orthopaedics,164,2025,1,1,11,5,2,1,0.7361111111111112,0.961038961038961,-1,0.8688524590163937
HHN-MAN-01,2025-01-12,48,48,24.0,17.276041666666668,20.20833333333333,0.0,0.804936809059228,0,0.0,0,162,41.28395061728395,47,77.0,77.0,1.0,Horizon Manchester,Manchester,Large,Orthopaedics,164,2025,1,1,12,6,2,1,0.7198350694444445,1.0,0,0.8548969072164951
HHN-MAN-01,2025-01-13,69,53,24.0,16.786458333333332,20.296875,0.0,0.7948390817701988,10,2.56,3,159,58.63522012578616,60,77.0,74.0,0.875,Horizon Manchester,Manchester,Large,Orthopaedics,164,2025,1,1,13,0,3,0,0.6994357638888888,0.961038961038961,16,0.8270464459840903
HHN-MAN-01,2025-01-14,61,40,24.0,18.182291666666668,20.328125,0.0,0.837696000475065,6,2.9500000000000006,1,191,49.98952879581152,59,78.0,78.0,1.0,Horizon Manchester,Manchester,Large,Orthopaedics,164,2025,1,1,14,1,3,0,0.7575954861111112,1.0,21,0.8944401742249553
HHN-MAN-01,2025-01-15,44,55,24.0,18.526041666666668,20.25,0.0,0.8609653086763069,13,3.2,1,66,59.07575757575758,24,77.0,77.0,1.0,Horizon Manchester,Manchester,Large,Orthopaedics,164,2025,1,1,15,2,3,0,0.7719184027777778,1.0,-11,0.914866255144033
HHN-MAN-01,2025-01-16,34,54,24.0,18.046875,20.3125,0.0,0.8222767032952177,9,3.2222222222222223,1,96,39.71875,28,77.0,75.0,0.9375,Horizon Manchester,Manchester,Large,Orthopaedics,164,2025,1,1,16,3,3,0,0.751953125,0.974025974025974,-20,0.8884615384615384
HHN-MAN-01,2025-01-17,37,42,24.0,17.75,20.291666666666668,0.0,0.8268303671434971,8,3.675,0,110,36.11818181818182,28,77.0,75.0,0.9375,Horizon Manchester,Manchester,Large,Orthopaedics,164,2025,1,1,17,4,3,0,0.7395833333333334,0.974025974025974,-5,0.8747433264887063
HHN-MAN-01,2025-01-18,40,52,24.0,17.104166666666668,20.276041666666668,0.0,0.8076045228963619,0,0.0,0,128,51.921875,40,78.0,75.0,0.9375,Horizon Manchester,Manchester,Large,Orthopaedics,164,2025,1,1,18,5,3,1,0.7126736111111112,0.9615384615384616,-12,0.8435653737477524
HHN-MAN-01,2025-01-19,38,45,24.0,16.020833333333332,20.23958333333333,0.0,0.754838135502741,0,0.0,0,130,47.215384615384615,39,77.0,76.0,0.96875,Horizon Manchester,Manchester,Large,Orthopaedics,164,2025,1,1,19,6,3,1,0.6675347222222222,0.987012987012987,-7,0.7915594441585179
HHN-MAN-01,2025-01-20,39,28,24.0,17.604166666666668,20.31770833333333,0.0,0.8004327276945724,15,3.393333333333333,3,114,35.3421052631579,24,77.0,75.0,0.9375,Horizon Manchester,Manchester,Large,Orthopaedics,164,2025,1,1,20,0,4,0,0.7335069444444445,0.974025974025974,11,0.8664445014098952
HHN-MAN-01,2025-01-21,27,48,24.0,16.671875,20.416666666666668,0.0,0.780039356729357,5,1.48,1,93,28.827956989247312,19,78.0,77.0,0.9375,Horizon Manchester,Manchester,Large,Orthopaedics,164,2025,1,1,21,1,4,0,0.6946614583333334,0.9871794871794872,-21,0.8165816326530612
HHN-MAN-01,2025-01-22,43,27,24.0,16.4375,20.28125,0.1041666666666666,0.7537570878825416,11,3.954545454545455,0,114,41.41228070175438,34,77.0,75.0,0.9375,Horizon Manchester,Manchester,Large,Orthopaedics,164,2025,1,1,22,2,4,0,0.6848958333333334,0.974025974025974,16,0.810477657935285
HHN-MAN-01,2025-01-23,42,45,24.0,16.760416666666668,20.33333333333333,0.25,0.7933623601630382,10,2.17,0,137,34.64233576642336,32,77.0,71.0,0.8125,Horizon Manchester,Manchester,Large,Orthopaedics,164,2025,1,1,23,3,4,0,0.6983506944444445,0.922077922077922,-3,0.8242827868852461
HHN-MAN-01,2025-01-24,58,43,24.0,17.291666666666668,20.34895833333333,0.25,0.8079672397634149,10,3.1100000000000003,1,182,47.69230769230769,55,77.0,76.0,0.96875,Horizon Manchester,Manchester,Large,Orthopaedics,164,2025,1,1,24,4,4,0,0.7204861111111112,0.987012987012987,15,0.8497568466854366
HHN-MAN-01,2025-01-25,57,39,24.0,17.84375,20.244791666666668,0.25,0.8251472870398365,0,0.0,0,160,54.5,56,77.0,75.0,0.9375,Horizon Manchester,Manchester,Large,Orthopaedics,164,2025,1,1,25,5,4,1,0.7434895833333334,0.974025974025974,18,0.8813995369179315
HHN-MAN-01,2025-01-26,46,49,24.0,18.135416666666668,20.401041666666668,0.25,0.8366325370383652,0,0.0,0,142,50.140845070422536,43,77.0,74.0,0.9375,Horizon Manchester,Manchester,Large,Orthopaedics,164,2025,1,1,26,6,4,1,0.7556423611111112,0.961038961038961,-3,0.8889456216492213
HHN-MAN-01,2025-01-27,32,54,24.0,18.203125,20.33333333333333,0.25,0.8232711025439662,12,3.783333333333333,0,79,37.08860759493671,21,77.0,77.0,1.0,Horizon Manchester,Manchester,Large,Orthopaedics,164,2025,1,1,27,0,5,0,0.7584635416666666,1.0,-22,0.8952356557377051
HHN-MAN-01,2025-01-28,52,48,24.0,17.942708333333332,20.33333333333333,0.25,0.8306922507884398,12,2.3583333333333334,0,134,45.365671641791046,38,77.0,76.0,0.9375,Horizon Manchester,Manchester,Large,Orthopaedics,164,2025,1,1,28,1,5,0,0.7476128472222222,0.987012987012987,4,0.8824282786885247
HHN-MAN-01,2025-01-29,39,49,24.0,17.114583333333332,20.307291666666668,0.1354166666666666,0.8007798803471249,8,2.9125,1,118,35.44915254237288,31,77.0,77.0,1.0,Horizon Manchester,Manchester,Large,Orthopaedics,164,2025,1,1,29,2,5,0,0.7131076388888888,1.0,-10,0.8427802000512951
HHN-MAN-01,2025-01-30,58,35,24.0,17.473958333333332,20.296875,0.0,0.79004301889356,12,3.4416666666666664,0,123,63.300813008130085,47,77.0,75.0,0.9375,Horizon Manchester,Manchester,Large,Orthopaedics,164,2025,1,1,30,3,5,0,0.7280815972222222,0.974025974025974,23,0.8609186553759302
HHN-MAN-01,2025-01-31,67,32,24.0,19.23958333333333,20.265625,0.0,0.8755794508779596,9,3.611111111111111,2,187,54.99465240641711,61,77.0,74.0,0.90625,Horizon Manchester,Manchester,Large,Orthopaedics,164,2025,1,1,31,4,5,0,0.8016493055555554,0.961038961038961,35,0.9493703418144434
HHN-MAN-01,2025-02-01,20,48,24.0,18.822916666666668,20.3125,0.0,0.8713348706041324,0,0.0,0,47,43.95744680851064,15,77.0,76.0,0.96875,Horizon Manchester,Manchester,Large,Orthopaedics,164,2025,2,1,1,5,5,1,0.7842881944444445,0.987012987012987,-28,0.9266666666666667
HHN-MAN-01,2025-02-02,36,59,24.0,17.005208333333332,20.244791666666668,0.0,0.7993200530351183,0,0.0,0,137,44.70802919708029,38,77.0,71.0,0.75,Horizon Manchester,Manchester,Large,Orthopaedics,164,2025,2,1,2,6,5,1,0.7085503472222222,0.922077922077922,-23,0.8399794185747362
HHN-MAN-01,2025-02-03,45,48,24.0,16.40625,20.3125,0.0,0.7917234597751098,15,2.92,3,128,41.6171875,32,78.0,76.0,0.9375,Horizon Manchester,Manchester,Large,Orthopaedics,164,2025,2,1,3,0,6,0,0.68359375,0.9743589743589743,-3,0.8076923076923077
HHN-MAN-01,2025-02-04,57,45,24.0,17.640625,20.3125,0.0,0.8257206393177389,15,2.68,0,145,53.86206896551724,46,77.0,77.0,1.0,Horizon Manchester,Manchester,Large,Orthopaedics,164,2025,2,1,4,1,6,0,0.7350260416666666,1.0,12,0.8684615384615385
HHN-MAN-01,2025-02-05,56,45,24.0,18.94270833333333,20.33333333333333,0.0,0.8663221222020279,15,3.4066666666666667,1,130,46.40769230769231,37,77.0,73.0,0.875,Horizon Manchester,Manchester,Large,Orthopaedics,164,2025,2,1,5,2,6,0,0.7892795138888887,0.948051948051948,11,0.931608606557377
HHN-MAN-01,2025-02-06,45,42,24.0,19.1875,20.36458333333333,0.0,0.8463541666666666,8,3.175,1,137,45.89051094890511,37,77.0,71.0,0.8125,Horizon Manchester,Manchester,Large,Orthopaedics,164,2025,2,1,6,3,6,0,0.7994791666666666,0.922077922077922,3,0.9421994884910488
HHN-MAN-01,2025-02-07,51,55,24.0,19.15625,20.30208333333333,0.0,0.8695904098468362,14,3.542857142857143,0,140,46.72142857142857,37,77.0,75.0,0.90625,Horizon Manchester,Manchester,Large,Orthopaedics,164,2025,2,1,7,4,6,0,0.7981770833333334,0.974025974025974,-4,0.9435608004104671
HHN-MAN-01,2025-02-08,41,52,24.0,18.197916666666668,20.338541666666668,0.0,0.8027328024355879,0,0.0,0,152,46.92105263157895,44,77.0,74.0,0.90625,Horizon Manchester,Manchester,Large,Orthopaedics,164,2025,2,1,8,5,6,1,0.7582465277777778,0.961038961038961,-11,0.8947503201024328
HHN-MAN-01,2025-02-09,43,44,24.0,17.317708333333332,20.28125,0.0104166666666666,0.7612057918833242,0,0.0,0,127,55.724409448818896,43,77.0,74.0,0.875,Horizon Manchester,Manchester,Large,Orthopaedics,164,2025,2,1,9,6,6,1,0.7215711805555555,0.961038961038961,-1,0.8538777606574216
HHN-MAN-01,2025-02-10,70,46,24.0,16.963541666666668,20.296875,0.25,0.7757579753404279,12,3.3000000000000003,1,200,51.52,64,77.0,77.0,1.0,Horizon Manchester,Manchester,Large,Orthopaedics,164,2025,2,1,10,0,7,0,0.7068142361111112,1.0,24,0.8357711059789582
HHN-MAN-01,2025-02-11,50,43,24.0,18.33333333333333,20.359375,0.25,0.8403912200955573,8,1.9875,1,144,41.56944444444444,40,77.0,74.0,0.90625,Horizon Manchester,Manchester,Large,Orthopaedics,164,2025,2,1,11,1,7,0,0.7638888888888887,0.961038961038961,7,0.9004860578152978
HHN-MAN-01,2025-02-12,31,59,24.0,18.729166666666668,20.354166666666668,0.25,0.8487299237523075,10,2.99,0,78,21.307692307692307,16,78.0,75.0,0.90625,Horizon Manchester,Manchester,Large,Orthopaedics,164,2025,2,1,12,2,7,0,0.7803819444444445,0.9615384615384616,-28,0.9201637666325486
HHN-MAN-01,2025-02-13,36,45,24.0,17.369791666666668,20.354166666666668,0.25,0.7984699976938875,7,2.457142857142857,2,109,41.24770642201835,31,77.0,75.0,0.9375,Horizon Manchester,Manchester,Large,Orthopaedics,164,2025,2,1,13,3,7,0,0.7237413194444445,0.974025974025974,-9,0.8533776867963152
HHN-MAN-01,2025-02-14,44,43,24.0,16.114583333333332,20.31770833333333,0.25,0.7433036654170072,9,2.955555555555556,2,130,38.3,34,77.0,77.0,1.0,Horizon Manchester,Manchester,Large,Orthopaedics,164,2025,2,1,14,4,7,0,0.6714409722222222,1.0,1,0.7931299666752116
HHN-MAN-01,2025-02-15,57,44,24.0,16.015625,20.135416666666668,0.1354166666666666,0.7684800213943702,0,0.0,0,186,45.01075268817204,60,77.0,76.0,0.96875,Horizon Manchester,Manchester,Large,Orthopaedics,164,2025,2,1,15,5,7,1,0.6673177083333334,0.987012987012987,13,0.7953957578892912
HHN-MAN-01,2025-02-16,48,39,24.0,16.046875,20.28645833333333,0.0,0.7631383201628353,0,0.0,0,176,43.79545454545455,51,77.0,71.0,0.78125,Horizon Manchester,Manchester,Large,Orthopaedics,164,2025,2,1,16,6,7,1,0.6686197916666666,0.922077922077922,9,0.7910141206675226
HHN-MAN-01,2025-02-17,46,62,24.0,16.734375,20.421875,0.0,0.8157632588485663,10,2.54,0,108,41.25,32,77.0,74.0,0.875,Horizon Manchester,Manchester,Large,Orthopaedics,164,2025,2,1,17,0,8,0,0.697265625,0.961038961038961,-16,0.819433817903596
HHN-MAN-01,2025-02-18,52,42,24.0,16.208333333333332,20.421875,0.0,0.7633506837541052,8,3.875,0,156,44.26923076923077,47,78.0,76.0,0.9375,Horizon Manchester,Manchester,Large,Orthopaedics,164,2025,2,1,18,1,8,0,0.6753472222222222,0.9743589743589743,10,0.7936750828870186
HHN-MAN-01,2025-02-19,59,54,24.0,16.984375,20.38020833333333,0.0,0.7882541982686893,10,3.88,2,128,66.2109375,48,77.0,74.0,0.9375,Horizon Manchester,Manchester,Large,Orthopaedics,164,2025,2,1,19,2,8,0,0.7076822916666666,0.961038961038961,5,0.8333759263991825
HHN-MAN-01,2025-02-20,42,37,24.0,17.932291666666668,20.369791666666668,0.0,0.8187298814710348,10,3.46,0,118,42.1864406779661,32,78.0,78.0,1.0,Horizon Manchester,Manchester,Large,Orthopaedics,164,2025,2,1,20,3,8,0,0.7471788194444445,1.0,5,0.8803375095883406
HHN-MAN-01,2025-02-21,44,53,24.0,18.45833333333333,20.375,0.0,0.8412789918554787,14,3.6714285714285713,1,135,34.12592592592593,30,77.0,75.0,0.9375,Horizon Manchester,Manchester,Large,Orthopaedics,164,2025,2,1,21,4,8,0,0.769097222222222,0.974025974025974,-9,0.9059304703476481
HHN-MAN-01,2025-02-22,37,48,24.0,17.666666666666668,20.171875,0.0,0.819665686190123,0,0.0,0,130,35.87692307692308,38,77.0,72.0,0.84375,Horizon Manchester,Manchester,Large,Orthopaedics,164,2025,2,1,22,5,8,1,0.7361111111111112,0.935064935064935,-11,0.8758068680609348
HHN-MAN-01,2025-02-23,27,48,24.0,16.401041666666668,20.21875,0.0,0.7738344254032258,0,0.0,0,114,29.903508771929825,26,77.0,74.0,0.875,Horizon Manchester,Manchester,Large,Orthopaedics,164,2025,2,1,23,6,8,1,0.6833767361111112,0.961038961038961,-21,0.8111798042246265
HHN-MAN-01,2025-02-24,53,52,24.0,15.463541666666666,20.34375,0.0,0.7331469566993464,7,3.1,2,146,55.47945205479452,52,77.0,77.0,1.0,Horizon Manchester,Manchester,Large,Orthopaedics,164,2025,2,1,24,0,9,0,0.644314236111111,1.0,1,0.7601126472094214
HHN-MAN-01,2025-02-25,45,39,24.0,16.026041666666668,20.31770833333333,0.0,0.7538034671061054,13,3.523076923076923,2,82,49.1219512195122,25,77.0,77.0,1.0,Horizon Manchester,Manchester,Large,Orthopaedics,164,2025,2,1,25,1,9,0,0.6677517361111112,1.0,6,0.7887721097154579
HHN-MAN-01,2025-02-26,43,44,24.0,16.510416666666668,20.322916666666668,0.0,0.7547767495573865,11,3.763636363636364,0,103,51.33009708737864,33,77.0,74.0,0.875,Horizon Manchester,Manchester,Large,Orthopaedics,164,2025,2,1,26,2,9,0,0.6879340277777778,0.961038961038961,-1,0.8124038954382368
HHN-MAN-01,2025-02-27,60,41,24.0,17.286458333333332,20.33333333333333,0.0,0.8109668650372571,11,2.290909090909091,0,173,46.38150289017341,56,77.0,77.0,1.0,Horizon Manchester,Manchester,Large,Orthopaedics,164,2025,2,1,27,3,9,0,0.7202690972222222,1.0,19,0.8501536885245903
HHN-MAN-01,2025-02-28,67,40,24.0,18.97395833333333,20.375,0.0,0.8666467601294904,10,2.46,1,187,61.95187165775401,61,77.0,77.0,1.0,Horizon Manchester,Manchester,Large,Orthopaedics,164,2025,2,1,28,4,9,0,0.790581597222222,1.0,27,0.9312372188139056
HHN-MAN-01,2025-03-01,64,47,24.0,19.526041666666668,20.291666666666668,0.0,0.8704199735449736,0,0.0,0,168,50.267857142857146,58,77.0,76.0,0.96875,Horizon Manchester,Manchester,Large,Orthopaedics,164,2025,3,1,1,5,9,1,0.8135850694444445,0.987012987012987,17,0.9622689938398358
HHN-MAN-01,2025-03-02,36,58,24.0,19.5,20.22395833333333,0.0,0.8827577026333194,0,0.0,0,137,43.35766423357664,37,77.0,77.0,1.0,Horizon Manchester,Manchester,Large,Orthopaedics,164,2025,3,1,2,6,9,1,0.8125,1.0,-22,0.9642029358743242
HHN-MAN-01,2025-03-03,40,69,24.0,18.96875,20.40625,0.0,0.8376506043755221,12,3.9166666666666665,0,80,53.45,26,77.0,77.0,1.0,Horizon Manchester,Manchester,Large,Orthopaedics,164,2025,3,1,3,0,10,0,0.7903645833333334,1.0,-29,0.9295558958652373
HHN-MAN-01,2025-03-04,43,37,24.0,18.15625,20.447916666666668,0.0,0.8072117615527393,13,2.9923076923076923,1,131,41.1526717557252,32,77.0,75.0,0.9375,Horizon Manchester,Manchester,Large,Orthopaedics,164,2025,3,1,4,1,10,0,0.7565104166666666,0.974025974025974,6,0.8879266428935303
HHN-MAN-01,2025-03-05,40,45,24.0,18.401041666666668,20.401041666666668,0.0,0.8289537319862155,9,3.4555555555555557,1,103,42.00970873786408,31,77.0,77.0,1.0,Horizon Manchester,Manchester,Large,Orthopaedics,164,2025,3,1,5,2,10,0,0.7667100694444445,1.0,-5,0.9019657901455196
HHN-MAN-01,2025-03-06,38,50,24.0,17.5625,20.359375,0.0,0.7962813120039683,15,3.1,0,90,32.94444444444444,22,78.0,76.0,0.875,Horizon Manchester,Manchester,Large,Orthopaedics,164,2025,3,1,6,3,10,0,0.7317708333333334,0.9743589743589743,-12,0.8626247122026094
HHN-MAN-01,2025-03-07,48,44,24.0,16.411458333333332,20.44270833333333,0.0,0.750492236675561,8,3.1625,1,120,59.00833333333333,38,79.0,79.0,1.0,Horizon Manchester,Manchester,Large,Orthopaedics,164,2025,3,1,7,4,10,0,0.6838107638888888,1.0,4,0.8028025477707008
HHN-MAN-01,2025-03-08,41,43,24.0,15.9375,20.369791666666668,0.0,0.7394216200851348,0,0.0,0,146,47.06849315068493,47,77.0,74.0,0.9375,Horizon Manchester,Manchester,Large,Orthopaedics,164,2025,3,1,8,5,10,1,0.6640625,0.961038961038961,-2,0.7824085911531578
HHN-MAN-01,2025-03-09,24,43,24.0,15.682291666666666,20.229166666666668,0.0,0.7571362600781768,0,0.0,0,87,41.91954022988506,21,77.0,74.0,0.9375,Horizon Manchester,Manchester,Large,Orthopaedics,164,2025,3,1,9,6,10,1,0.6534288194444444,0.961038961038961,-19,0.775231719876416
HHN-MAN-01,2025-03-10,46,42,24.0,15.390625,20.33333333333333,0.0,0.7564453587684649,16,2.5375,2,112,54.6875,34,77.0,74.0,0.9375,Horizon Manchester,Manchester,Large,Orthopaedics,164,2025,3,1,10,0,11,0,0.6412760416666666,0.961038961038961,4,0.7569159836065575
HHN-MAN-01,2025-03-11,50,35,24.0,16.244791666666668,20.369791666666668,0.0,0.7786294443534042,9,2.9222222222222225,0,121,43.71900826446281,37,77.0,76.0,0.9375,Horizon Manchester,Manchester,Large,Orthopaedics,164,2025,3,1,11,1,11,0,0.6768663194444445,0.987012987012987,15,0.7974942469956533
HHN-MAN-01,2025-03-12,64,42,24.0,17.65625,20.401041666666668,0.0,0.8227863491059529,12,2.858333333333333,0,169,39.65680473372781,51,77.0,74.0,0.875,Horizon Manchester,Manchester,Large,Orthopaedics,164,2025,3,1,12,2,11,0,0.7356770833333334,0.961038961038961,22,0.8654582588715853
HHN-MAN-01,2025-03-13,36,47,24.0,18.39583333333333,20.453125,0.0,0.8369649461913388,7,3.4714285714285715,0,119,47.77310924369748,32,77.0,77.0,1.0,Horizon Manchester,Manchester,Large,Orthopaedics,164,2025,3,1,13,3,11,0,0.7664930555555554,1.0,-11,0.8994143111790168
HHN-MAN-01,2025-03-14,27,45,24.0,17.9375,20.421875,0.0,0.8221139599395341,10,3.15,0,69,34.84057971014493,17,77.0,74.0,0.9375,Horizon Manchester,Manchester,Large,Orthopaedics,164,2025,3,1,14,4,11,0,0.7473958333333334,0.961038961038961,-18,0.8783473603672532
HHN-MAN-01,2025-03-15,35,42,24.0,16.838541666666668,20.213541666666668,0.0,0.7662545856076638,0,0.0,0,111,56.01801801801802,34,77.0,70.0,0.78125,Horizon Manchester,Manchester,Large,Orthopaedics,164,2025,3,1,15,5,11,1,0.7016059027777778,0.9090909090909091,-7,0.8330327235248647
HHN-MAN-01,2025-03-16,53,39,24.0,16.015625,20.36458333333333,0.0,0.7134109863217004,0,0.0,0,211,39.91469194312796,54,77.0,76.0,0.96875,Horizon Manchester,Manchester,Large,Orthopaedics,164,2025,3,1,16,6,11,1,0.6673177083333334,0.987012987012987,14,0.7864450127877239
HHN-MAN-01,2025-03-17,60,41,24.0,16.994791666666668,20.47395833333333,0.0,0.762619357638889,11,3.390909090909091,2,159,44.9622641509434,47,77.0,77.0,1.0,Horizon Manchester,Manchester,Large,Orthopaedics,164,2025,3,1,17,0,12,0,0.7081163194444445,1.0,19,0.8300686848130249
HHN-MAN-01,2025-03-18,66,40,24.0,18.760416666666668,20.38020833333333,0.0,0.849604081317551,15,3.1733333333333333,1,190,49.2,55,77.0,77.0,1.0,Horizon Manchester,Manchester,Large,Orthopaedics,164,2025,3,1,18,1,12,0,0.7816840277777778,1.0,26,0.9205213391259905
HHN-MAN-01,2025-03-19,49,43,24.0,19.401041666666668,20.39583333333333,0.0,0.8775820790461624,6,3.233333333333333,2,128,57.7265625,41,78.0,77.0,0.96875,Horizon Manchester,Manchester,Large,Orthopaedics,164,2025,3,1,19,2,12,0,0.8083767361111112,0.9871794871794872,6,0.9512257405515835
HHN-MAN-01,2025-03-20,28,56,24.0,19.359375,20.39583333333333,0.0,0.8770073784722222,9,2.1333333333333333,0,62,36.79032258064516,18,77.0,75.0,0.9375,Horizon Manchester,Manchester,Large,Orthopaedics,164,2025,3,1,20,3,12,0,0.806640625,0.974025974025974,-28,0.949182839632278
HHN-MAN-01,2025-03-21,32,56,24.0,19.010416666666668,20.34375,0.0,0.8532088053635433,6,2.766666666666667,0,102,33.85294117647059,25,77.0,75.0,0.9375,Horizon Manchester,Manchester,Large,Orthopaedics,164,2025,3,1,21,4,12,0,0.7921006944444445,0.974025974025974,-24,0.9344598054275475
HHN-MAN-01,2025-03-22,31,44,24.0,16.890625,20.36458333333333,0.0,0.7797497959932133,0,0.0,0,122,38.91803278688525,32,77.0,73.0,0.875,Horizon Manchester,Manchester,Large,Orthopaedics,164,2025,3,1,22,5,12,1,0.7037760416666666,0.948051948051948,-13,0.8294117647058825
HHN-MAN-01,2025-03-23,42,42,24.0,15.333333333333334,20.385416666666668,0.0,0.7156245662261084,0,0.0,0,170,51.27058823529412,50,78.0,76.0,0.9375,Horizon Manchester,Manchester,Large,Orthopaedics,164,2025,3,1,23,6,12,1,0.638888888888889,0.9743589743589743,0,0.7521716913643332
HHN-MAN-01,2025-03-24,50,34,24.0,16.739583333333332,20.375,0.0,0.7770921479706967,13,2.761538461538461,5,105,51.62857142857143,34,78.0,78.0,1.0,Horizon Manchester,Manchester,Large,Orthopaedics,164,2025,3,1,24,0,13,0,0.6974826388888888,1.0,16,0.8215746421267893
HHN-MAN-01,2025-03-25,60,38,24.0,18.53645833333333,20.41145833333333,0.0,0.8407415021929824,18,3.061111111111112,4,128,45.1640625,38,78.0,76.0,0.9375,Horizon Manchester,Manchester,Large,Orthopaedics,164,2025,3,1,25,1,13,0,0.7723524305555554,0.9743589743589743,22,0.9081398315896912
HHN-MAN-01,2025-03-26,25,47,24.0,18.61458333333333,20.38020833333333,0.0,0.839802966355364,7,2.685714285714286,0,75,53.96,22,78.0,71.0,0.78125,Horizon Manchester,Manchester,Large,Orthopaedics,164,2025,3,1,26,2,13,0,0.7756076388888887,0.9102564102564102,-22,0.9133657040633785
HHN-MAN-01,2025-03-27,46,38,24.0,18.25520833333333,20.416666666666668,0.0,0.8216645003211239,11,3.0,4,117,65.7008547008547,41,78.0,78.0,1.0,Horizon Manchester,Manchester,Large,Orthopaedics,164,2025,3,1,27,3,13,0,0.7606336805555554,1.0,8,0.8941326530612242
HHN-MAN-01,2025-03-28,61,46,24.0,18.713541666666668,20.453125,0.0,0.8486569640456989,10,2.67,0,115,65.52173913043478,45,79.0,79.0,1.0,Horizon Manchester,Manchester,Large,Orthopaedics,164,2025,3,1,28,4,13,0,0.7797309027777778,1.0,15,0.9149477973007385
HHN-MAN-01,2025-03-29,18,43,24.0,17.197916666666668,20.3125,0.0,0.7778356951208513,0,0.0,0,62,45.983870967741936,17,77.0,75.0,0.9375,Horizon Manchester,Manchester,Large,Orthopaedics,164,2025,3,1,29,5,13,1,0.7165798611111112,0.974025974025974,-25,0.8466666666666667
HHN-MAN-01,2025-03-30,31,43,24.0,15.578125,20.328125,0.0,0.6980566372939522,0,0.0,0,92,49.54347826086956,30,77.0,73.0,0.84375,Horizon Manchester,Manchester,Large,Orthopaedics,164,2025,3,1,30,6,13,1,0.6490885416666666,0.948051948051948,-12,0.7663335895465027
HHN-MAN-01,2025-03-31,41,51,24.0,14.5625,20.385416666666668,0.0,0.6806934258487588,12,3.158333333333333,3,81,52.27160493827161,31,77.0,77.0,1.0,Horizon Manchester,Manchester,Large,Orthopaedics,164,2025,3,1,31,0,14,0,0.6067708333333334,1.0,-10,0.7143587123147674
HHN-MAN-01,2025-04-01,44,36,24.0,15.640625,20.447916666666668,0.0,0.7118634259259259,15,3.566666666666667,1,100,46.54,28,78.0,77.0,0.96875,Horizon Manchester,Manchester,Large,Orthopaedics,164,2025,4,2,1,1,14,0,0.6516927083333334,0.9871794871794872,8,0.7649006622516555
HHN-MAN-01,2025-04-02,55,38,24.0,16.760416666666668,20.416666666666668,0.0,0.7744184408503898,14,3.0,1,110,62.66363636363637,40,78.0,75.0,0.90625,Horizon Manchester,Manchester,Large,Orthopaedics,164,2025,4,2,2,2,14,0,0.6983506944444445,0.9615384615384616,17,0.8209183673469388
HHN-MAN-01,2025-04-03,39,35,24.0,17.171875,20.39583333333333,0.0,0.7733475942460317,7,2.742857142857143,0,121,41.47107438016529,34,79.0,79.0,1.0,Horizon Manchester,Manchester,Large,Orthopaedics,164,2025,4,2,3,3,14,0,0.7154947916666666,1.0,4,0.8419305413687438
HHN-MAN-01,2025-04-04,44,36,24.0,17.744791666666668,20.44270833333333,0.0,0.8127733674955198,5,2.8600000000000003,0,144,36.46527777777778,38,77.0,77.0,1.0,Horizon Manchester,Manchester,Large,Orthopaedics,164,2025,4,2,4,4,14,0,0.7393663194444445,1.0,8,0.8680254777070067
HHN-MAN-01,2025-04-05,41,48,24.0,16.895833333333332,20.34375,0.0,0.7830814901402702,0,0.0,0,142,46.056338028169016,45,77.0,77.0,1.0,Horizon Manchester,Manchester,Large,Orthopaedics,164,2025,4,2,5,5,14,1,0.7039930555555555,1.0,-7,0.8305171530977982
HHN-MAN-01,2025-04-06,20,46,24.0,16.40625,20.322916666666668,0.0,0.7504263916046322,0,0.0,0,62,51.20967741935484,17,77.0,72.0,0.875,Horizon Manchester,Manchester,Large,Orthopaedics,164,2025,4,2,6,6,14,1,0.68359375,0.935064935064935,-26,0.8072783188108662
HHN-MAN-01,2025-04-07,28,32,24.0,15.34375,20.44270833333333,0.0,0.7054050777431574,9,3.555555555555556,2,92,42.65217391304348,21,77.0,77.0,1.0,Horizon Manchester,Manchester,Large,Orthopaedics,164,2025,4,2,7,0,15,0,0.6393229166666666,1.0,-4,0.7505732484076435
HHN-MAN-01,2025-04-08,47,40,24.0,15.770833333333334,20.44270833333333,0.0,0.7486612900801409,18,2.2777777777777777,1,76,61.828947368421055,27,77.0,76.0,0.96875,Horizon Manchester,Manchester,Large,Orthopaedics,164,2025,4,2,8,1,15,0,0.6571180555555556,0.987012987012987,7,0.7714649681528665
HHN-MAN-01,2025-04-09,33,40,24.0,16.286458333333332,20.38020833333333,0.0,0.7620630323788998,7,3.057142857142857,1,91,45.3956043956044,25,78.0,75.0,0.90625,Horizon Manchester,Manchester,Large,Orthopaedics,164,2025,4,2,9,2,15,0,0.6786024305555555,0.9615384615384616,-7,0.799131101456683
HHN-MAN-01,2025-04-10,35,43,24.0,15.083333333333334,20.40625,0.0,0.7021929490904236,13,3.292307692307692,1,76,51.6578947368421,23,77.0,76.0,0.96875,Horizon Manchester,Manchester,Large,Orthopaedics,164,2025,4,2,10,3,15,0,0.6284722222222222,0.987012987012987,-8,0.739152628892292
HHN-MAN-01,2025-04-11,54,33,24.0,15.307291666666666,20.390625,0.0,0.7160776040065288,15,3.1266666666666665,0,130,56.48461538461538,44,77.0,75.0,0.9375,Horizon Manchester,Manchester,Large,Orthopaedics,164,2025,4,2,11,4,15,0,0.6378038194444444,0.974025974025974,21,0.7507024265644955
HHN-MAN-01,2025-04-12,35,46,24.0,15.661458333333334,20.354166666666668,0.0,0.7378490170739349,0,0.0,0,93,51.29032258064516,32,77.0,74.0,0.90625,Horizon Manchester,Manchester,Large,Orthopaedics,164,2025,4,2,12,5,15,1,0.652560763888889,0.961038961038961,-11,0.7694472876151484
HHN-MAN-01,2025-04-13,32,33,24.0,15.125,20.34375,0.0,0.7221998052702959,0,0.0,0,93,47.10752688172043,33,77.0,77.0,1.0,Horizon Manchester,Manchester,Large,Orthopaedics,164,2025,4,2,13,6,15,1,0.6302083333333334,1.0,-1,0.7434715821812596
HHN-MAN-01,2025-04-14,40,33,24.0,15.182291666666666,20.46875,0.0,0.7454830109126984,6,2.1,0,105,49.38095238095238,34,77.0,77.0,1.0,Horizon Manchester,Manchester,Large,Orthopaedics,164,2025,4,2,14,0,16,0,0.632595486111111,1.0,7,0.7417302798982188
HHN-MAN-01,2025-04-15,47,45,24.0,15.765625,20.390625,0.0,0.7497142650462963,16,3.44375,0,112,47.11607142857143,34,77.0,73.0,0.875,Horizon Manchester,Manchester,Large,Orthopaedics,164,2025,4,2,15,1,16,0,0.6569010416666666,0.948051948051948,2,0.7731800766283525
HHN-MAN-01,2025-04-16,32,41,24.0,15.71875,20.41145833333333,0.0625,0.7386469665093048,13,3.4538461538461536,1,69,38.56521739130435,17,77.0,76.0,0.9375,Horizon Manchester,Manchester,Large,Orthopaedics,164,2025,4,2,16,2,16,0,0.6549479166666666,0.987012987012987,-9,0.7700944118397552
HHN-MAN-01,2025-04-17,35,37,24.0,14.828125,20.40625,0.25,0.696047489620318,18,2.95,1,58,54.86206896551724,19,77.0,75.0,0.9375,Horizon Manchester,Manchester,Large,Orthopaedics,164,2025,4,2,17,3,16,0,0.6178385416666666,0.974025974025974,-2,0.7266462480857581
HHN-MAN-01,2025-04-18,32,39,24.0,14.453125,20.432291666666668,0.25,0.6682976767379416,0,0.0,0,93,60.68817204301075,33,78.0,77.0,0.96875,Horizon Manchester,Manchester,Large,Orthopaedics,164,2025,4,2,18,4,16,0,0.6022135416666666,0.9871794871794872,-7,0.7073668111139434
HHN-MAN-01,2025-04-19,18,33,24.0,13.515625,20.390625,0.0104166666666666,0.6381225979472421,0,0.0,0,63,45.285714285714285,18,77.0,76.0,0.96875,Horizon Manchester,Manchester,Large,Orthopaedics,164,2025,4,2,19,5,16,1,0.5631510416666666,0.987012987012987,-15,0.6628352490421456
HHN-MAN-01,2025-04-20,37,30,24.0,12.953125,20.322916666666668,0.0,0.6259731156600649,0,0.0,0,105,66.98095238095237,39,78.0,72.0,0.875,Horizon Manchester,Manchester,Large,Orthopaedics,164,2025,4,2,20,6,16,1,0.5397135416666666,0.9230769230769231,7,0.6373654536135315
HHN-MAN-01,2025-04-21,27,29,24.0,13.28125,20.45833333333333,0.0,0.639294443791771,0,0.0,0,80,46.9125,25,79.0,77.0,0.9375,Horizon Manchester,Manchester,Large,Orthopaedics,164,2025,4,2,21,0,17,0,0.5533854166666666,0.9746835443037974,-2,0.64918533604888
HHN-MAN-01,2025-04-22,43,26,24.0,14.0625,20.447916666666668,0.0,0.6706351338064583,15,3.6533333333333338,0,108,44.32407407407408,26,79.0,79.0,1.0,Horizon Manchester,Manchester,Large,Orthopaedics,164,2025,4,2,22,1,17,0,0.5859375,1.0,17,0.6877228731533367
HHN-MAN-01,2025-04-23,32,33,24.0,15.15625,20.36458333333333,0.0,0.7118271575430435,13,3.6538461538461537,1,80,42.275,20,78.0,76.0,0.9375,Horizon Manchester,Manchester,Large,Orthopaedics,164,2025,4,2,23,2,17,0,0.6315104166666666,0.9743589743589743,-1,0.7442455242966753
HHN-MAN-01,2025-04-24,39,36,24.0,16.052083333333332,20.421875,0.0,0.7651950471280466,13,2.9000000000000004,1,105,47.67619047619048,28,77.0,75.0,0.9375,Horizon Manchester,Manchester,Large,Orthopaedics,164,2025,4,2,24,3,17,0,0.6688368055555555,0.974025974025974,3,0.7860239734761539
HHN-MAN-01,2025-04-25,52,35,24.0,16.921875,20.44270833333333,0.0,0.7631771554503137,10,3.66,1,134,48.656716417910445,42,77.0,77.0,1.0,Horizon Manchester,Manchester,Large,Orthopaedics,164,2025,4,2,25,4,17,0,0.705078125,1.0,17,0.8277707006369429
HHN-MAN-01,2025-04-26,35,39,24.0,16.671875,20.40625,0.0,0.7611231855680868,0,0.0,0,113,52.92920353982301,36,78.0,78.0,1.0,Horizon Manchester,Manchester,Large,Orthopaedics,164,2025,4,2,26,5,17,1,0.6946614583333334,1.0,-4,0.8169984686064319
HHN-MAN-01,2025-04-27,27,40,24.0,15.921875,20.328125,0.0,0.7278292013955681,0,0.0,0,81,42.14814814814815,24,77.0,70.0,0.8125,Horizon Manchester,Manchester,Large,Orthopaedics,164,2025,4,2,27,6,17,1,0.6634114583333334,0.9090909090909091,-13,0.7832436587240584
HHN-MAN-01,2025-04-28,29,34,24.0,14.807291666666666,20.416666666666668,0.0,0.6876285783528536,6,2.1666666666666665,2,72,52.47222222222222,25,78.0,78.0,1.0,Horizon Manchester,Manchester,Large,Orthopaedics,164,2025,4,2,28,0,18,0,0.616970486111111,1.0,-5,0.7252551020408162
HHN-MAN-01,2025-04-29,45,40,24.0,14.942708333333334,20.38020833333333,0.0,0.6940142981016243,9,3.155555555555556,2,90,68.58888888888889,38,77.0,76.0,0.9375,Horizon Manchester,Manchester,Large,Orthopaedics,164,2025,4,2,29,1,18,0,0.6226128472222222,0.987012987012987,5,0.7331970355226172
HHN-MAN-01,2025-04-30,33,36,24.0,15.822916666666666,20.385416666666668,0.0,0.723381108459907,12,3.4,1,69,34.73913043478261,17,77.0,75.0,0.9375,Horizon Manchester,Manchester,Large,Orthopaedics,164,2025,4,2,30,2,18,0,0.6592881944444444,0.974025974025974,-3,0.776188042922841
HHN-MAN-01,2025-05-01,41,40,24.0,15.197916666666666,20.4375,0.0,0.6823009091242126,12,3.141666666666667,0,108,47.8425925925926,33,77.0,77.0,1.0,Horizon Manchester,Manchester,Large,Orthopaedics,164,2025,5,2,1,3,18,0,0.6332465277777778,1.0,1,0.7436289500509684
HHN-MAN-01,2025-05-02,52,40,24.0,16.234375,20.40625,0.0,0.7351175703315187,17,2.670588235294117,0,113,53.35398230088496,34,78.0,75.0,0.875,Horizon Manchester,Manchester,Large,Orthopaedics,164,2025,5,2,2,4,18,0,0.6764322916666666,0.9615384615384616,12,0.7955589586523737
HHN-MAN-01,2025-05-03,32,36,24.0,16.276041666666668,20.38020833333333,0.0,0.7327426294775798,0,0.0,0,137,34.839416058394164,31,77.0,76.0,0.9375,Horizon Manchester,Manchester,Large,Orthopaedics,164,2025,5,2,3,5,18,1,0.6781684027777778,0.987012987012987,-4,0.7986199846664965
HHN-MAN-01,2025-05-04,21,31,24.0,15.552083333333334,20.36458333333333,0.0,0.6960324379143179,0,0.0,0,73,49.38356164383562,22,77.0,75.0,0.90625,Horizon Manchester,Manchester,Large,Orthopaedics,164,2025,5,2,4,6,18,1,0.6480034722222222,0.974025974025974,-10,0.7636828644501281
HHN-MAN-01,2025-05-05,15,29,24.0,14.651041666666666,20.432291666666668,0.0,0.6640986970534536,0,0.0,0,67,33.791044776119406,17,78.0,78.0,1.0,Horizon Manchester,Manchester,Large,Orthopaedics,164,2025,5,2,5,0,19,0,0.6104600694444444,1.0,-14,0.7170532755544226
HHN-MAN-01,2025-05-06,42,50,24.0,12.828125,20.416666666666668,0.0,0.6051982309626437,10,2.35,2,123,40.68292682926829,29,78.0,77.0,0.96875,Horizon Manchester,Manchester,Large,Orthopaedics,164,2025,5,2,6,1,19,0,0.5345052083333334,0.9871794871794872,-8,0.6283163265306122
HHN-MAN-01,2025-05-07,35,38,24.0,12.630208333333334,20.41145833333333,0.0,0.634453326851999,17,3.347058823529412,1,70,53.871428571428574,21,78.0,74.0,0.90625,Horizon Manchester,Manchester,Large,Orthopaedics,164,2025,5,2,7,2,19,0,0.5262586805555556,0.9487179487179487,-3,0.6187803010972188
HHN-MAN-01,2025-05-08,47,27,24.0,13.380208333333334,20.40625,0.0,0.6537808840818443,10,2.38,1,115,56.59130434782609,40,78.0,76.0,0.9375,Horizon Manchester,Manchester,Large,Orthopaedics,164,2025,5,2,8,3,19,0,0.5575086805555556,0.9743589743589743,20,0.6556916794282798
HHN-MAN-01,2025-05-09,44,32,24.0,15.098958333333334,20.390625,0.0,0.7125896645485997,9,3.7666666666666666,0,121,38.49586776859504,34,78.0,78.0,1.0,Horizon Manchester,Manchester,Large,Orthopaedics,164,2025,5,2,9,4,19,0,0.629123263888889,1.0,12,0.740485312899106
HHN-MAN-01,2025-05-10,31,33,24.0,15.453125,20.296875,0.0,0.7343049123927959,0,0.0,0,109,33.93577981651376,29,77.0,75.0,0.9375,Horizon Manchester,Manchester,Large,Orthopaedics,164,2025,5,2,10,5,19,1,0.6438802083333334,0.974025974025974,-2,0.7613548883756736
HHN-MAN-01,2025-05-11,37,33,24.0,14.817708333333334,20.291666666666668,0.0,0.717598096486492,0,0.0,0,108,48.2037037037037,36,77.0,74.0,0.9375,Horizon Manchester,Manchester,Large,Orthopaedics,164,2025,5,2,11,6,19,1,0.617404513888889,0.961038961038961,4,0.7302361396303901
HHN-MAN-01,2025-05-12,48,52,24.0,15.510416666666666,20.40625,0.0,0.7491396949404762,15,2.9733333333333336,1,109,67.6697247706422,40,77.0,75.0,0.9375,Horizon Manchester,Manchester,Large,Orthopaedics,164,2025,5,2,12,0,20,0,0.646267361111111,0.974025974025974,-4,0.7600816743236345
HHN-MAN-01,2025-05-13,51,29,24.0,16.473958333333332,20.463541666666668,0.0,0.7512323288690476,10,3.38,1,108,51.43518518518518,37,78.0,76.0,0.9375,Horizon Manchester,Manchester,Large,Orthopaedics,164,2025,5,2,13,1,20,0,0.6864149305555555,0.9743589743589743,22,0.8050394502417917
HHN-MAN-01,2025-05-14,38,46,24.0,16.708333333333332,20.354166666666668,0.0,0.7716682122646775,12,2.6750000000000003,1,67,64.16417910447761,26,78.0,76.0,0.9375,Horizon Manchester,Manchester,Large,Orthopaedics,164,2025,5,2,14,2,20,0,0.6961805555555555,0.9743589743589743,-8,0.8208802456499488
HHN-MAN-01,2025-05-15,33,32,24.0,16.21875,20.432291666666668,0.0,0.7335565476190476,6,3.4,0,111,43.17117117117117,30,77.0,77.0,1.0,Horizon Manchester,Manchester,Large,Orthopaedics,164,2025,5,2,15,3,20,0,0.67578125,1.0,1,0.7937802702013764
HHN-MAN-01,2025-05-16,44,46,24.0,16.067708333333332,20.447916666666668,0.0,0.7554814850255679,14,2.142857142857143,0,79,62.91139240506329,28,78.0,74.0,0.90625,Horizon Manchester,Manchester,Large,Orthopaedics,164,2025,5,2,16,4,20,0,0.6694878472222222,0.9487179487179487,-2,0.7857870606214976
HHN-MAN-01,2025-05-17,40,50,24.0,15.546875,20.34375,0.0,0.7337142826936306,0,0.0,0,117,52.1025641025641,39,77.0,75.0,0.9375,Horizon Manchester,Manchester,Large,Orthopaedics,164,2025,5,2,17,5,20,1,0.6477864583333334,0.974025974025974,-10,0.7642089093701997
HHN-MAN-01,2025-05-18,19,37,24.0,14.734375,20.328125,0.0,0.6691025851486315,0,0.0,0,70,37.42857142857143,18,77.0,76.0,0.9375,Horizon Manchester,Manchester,Large,Orthopaedics,164,2025,5,2,18,6,20,1,0.6139322916666666,0.987012987012987,-18,0.7248270561106841
HHN-MAN-01,2025-05-19,38,40,24.0,14.010416666666666,20.359375,0.0,0.6609433990522873,11,2.7454545454545456,1,92,44.92391304347826,28,77.0,77.0,1.0,Horizon Manchester,Manchester,Large,Orthopaedics,164,2025,5,2,19,0,21,0,0.583767361111111,1.0,-2,0.6881555385008954
HHN-MAN-01,2025-05-20,56,24,24.0,15.166666666666666,20.36458333333333,0.0,0.6828010738301287,16,3.4625,1,132,48.02272727272727,40,77.0,74.0,0.875,Horizon Manchester,Manchester,Large,Orthopaedics,164,2025,5,2,20,1,21,0,0.6319444444444444,0.961038961038961,32,0.744757033248082
HHN-MAN-01,2025-05-21,27,25,24.0,17.338541666666668,20.38020833333333,0.0,0.7880350768038991,10,3.11,4,83,26.89156626506024,16,79.0,78.0,0.9375,Horizon Manchester,Manchester,Large,Orthopaedics,164,2025,5,2,21,2,21,0,0.7224392361111112,0.9873417721518988,2,0.8507538972655254
HHN-MAN-01,2025-05-22,37,46,24.0,16.744791666666668,20.39583333333333,0.0,0.7583191006042568,12,3.0666666666666664,0,85,48.8,29,78.0,75.0,0.90625,Horizon Manchester,Manchester,Large,Orthopaedics,164,2025,5,2,22,3,21,0,0.6976996527777778,0.9615384615384616,-9,0.8209908069458633
HHN-MAN-01,2025-05-23,39,37,24.0,17.265625,20.359375,0.0,0.7887886491402116,12,2.583333333333333,2,110,39.32727272727273,26,77.0,72.0,0.84375,Horizon Manchester,Manchester,Large,Orthopaedics,164,2025,5,2,23,4,21,0,0.7194010416666666,0.935064935064935,2,0.8480429777436684
HHN-MAN-01,2025-05-24,47,46,24.0,16.385416666666668,20.369791666666668,0.0,0.7364750332579638,0,0.0,0,183,41.79234972677595,50,77.0,74.0,0.875,Horizon Manchester,Manchester,Large,Orthopaedics,164,2025,5,2,24,5,21,1,0.6827256944444445,0.961038961038961,1,0.8043978522117106
HHN-MAN-01,2025-05-25,35,34,24.0,16.90625,20.328125,0.0,0.7659632883171189,0,0.0,0,101,41.65346534653465,30,77.0,75.0,0.9375,Horizon Manchester,Manchester,Large,Orthopaedics,164,2025,5,2,25,6,21,1,0.7044270833333334,0.974025974025974,1,0.8316679477325134
HHN-MAN-01,2025-05-26,17,38,24.0,15.541666666666666,20.432291666666668,0.0,0.6960642024567832,0,0.0,0,51,61.05882352941177,18,78.0,78.0,1.0,Horizon Manchester,Manchester,Large,Orthopaedics,164,2025,5,2,26,0,22,0,0.6475694444444444,1.0,-21,0.760642365536579
HHN-MAN-01,2025-05-27,50,30,24.0,15.223958333333334,20.416666666666668,0.0,0.6831708208685522,15,3.3266666666666667,1,109,53.07339449541284,37,78.0,77.0,0.9375,Horizon Manchester,Manchester,Large,Orthopaedics,164,2025,5,2,27,1,22,0,0.6343315972222222,0.9871794871794872,20,0.7456632653061225
HHN-MAN-01,2025-05-28,47,34,24.0,16.166666666666668,20.432291666666668,0.4791666666666667,0.7371171254960318,8,2.8875,0,109,70.03669724770643,42,78.0,75.0,0.90625,Horizon Manchester,Manchester,Large,Orthopaedics,164,2025,5,2,28,2,22,0,0.6736111111111112,0.9615384615384616,13,0.7912312006117768
HHN-MAN-01,2025-05-29,43,35,24.0,17.265625,20.4375,0.5,0.7750170865626477,22,4.340909090909091,0,48,56.083333333333336,16,78.0,78.0,1.0,Horizon Manchester,Manchester,Large,Orthopaedics,164,2025,5,2,29,3,22,0,0.7194010416666666,1.0,8,0.8448012232415902
HHN-MAN-01,2025-05-30,35,48,24.0,17.09375,20.4375,0.5,0.7398520875269471,13,3.646153846153846,1,110,39.2,25,78.0,78.0,1.0,Horizon Manchester,Manchester,Large,Orthopaedics,164,2025,5,2,30,4,22,0,0.7122395833333334,1.0,-13,0.8363914373088684
HHN-MAN-01,2025-05-31,17,36,24.0,15.1875,20.369791666666668,0.6875,0.6689040879909878,0,0.0,0,61,27.21311475409836,14,77.0,75.0,0.9375,Horizon Manchester,Manchester,Large,Orthopaedics,164,2025,5,2,31,5,22,1,0.6328125,0.974025974025974,-19,0.7455893633341856
HHN-MAN-01,2025-06-01,26,42,24.0,13.802083333333334,20.260416666666668,0.75,0.6374360371224762,0,0.0,0,85,50.72941176470588,28,77.0,77.0,1.0,Horizon Manchester,Manchester,Large,Orthopaedics,164,2025,6,2,1,6,22,1,0.5750868055555556,1.0,-16,0.6812339331619537
HHN-MAN-01,2025-06-02,49,37,24.0,14.166666666666666,20.416666666666668,0.75,0.6435034275970792,12,3.9916666666666663,0,134,52.8134328358209,43,77.0,77.0,1.0,Horizon Manchester,Manchester,Large,Orthopaedics,164,2025,6,2,2,0,23,0,0.5902777777777778,1.0,12,0.693877551020408
HHN-MAN-01,2025-06-03,42,22,24.0,16.692708333333332,20.385416666666668,0.6875,0.7467909577791926,12,3.2916666666666665,0,98,54.56122448979592,26,78.0,77.0,0.9375,Horizon Manchester,Manchester,Large,Orthopaedics,164,2025,6,2,3,1,23,0,0.6955295138888888,0.9871794871794872,20,0.8188553909044455
HHN-MAN-01,2025-06-04,51,42,24.0,17.640625,20.42708333333333,0.25,0.807195199966482,12,3.0,3,142,37.5281690140845,37,77.0,74.0,0.875,Horizon Manchester,Manchester,Large,Orthopaedics,164,2025,6,2,4,2,23,0,0.7350260416666666,0.961038961038961,9,0.8635900050994393
HHN-MAN-01,2025-06-05,30,45,24.0,18.078125,20.307291666666668,0.25,0.8122867858703272,10,3.63,0,75,47.17333333333333,23,77.0,75.0,0.9375,Horizon Manchester,Manchester,Large,Orthopaedics,164,2025,6,2,5,3,23,0,0.7532552083333334,0.974025974025974,-15,0.890228263657348
HHN-MAN-01,2025-06-06,53,42,24.0,17.25,20.42708333333333,0.15625,0.7667901745711725,8,3.39375,0,144,55.35416666666666,48,78.0,78.0,1.0,Horizon Manchester,Manchester,Large,Orthopaedics,164,2025,6,2,6,4,23,0,0.71875,1.0,11,0.8444671086180522
HHN-MAN-01,2025-06-07,41,34,24.0,17.375,20.28125,0.0,0.790305848358324,0,0.0,0,118,52.813559322033896,38,78.0,74.0,0.875,Horizon Manchester,Manchester,Large,Orthopaedics,164,2025,6,2,7,5,23,1,0.7239583333333334,0.9487179487179487,7,0.8567026194144838
HHN-MAN-01,2025-06-08,22,39,24.0,17.208333333333332,20.38020833333333,0.0,0.7838037186104049,0,0.0,0,107,37.89719626168224,25,77.0,74.0,0.9375,Horizon Manchester,Manchester,Large,Orthopaedics,164,2025,6,2,8,6,23,1,0.7170138888888888,0.961038961038961,-17,0.8443649373881933
HHN-MAN-01,2025-06-09,52,50,24.0,17.317708333333332,20.453125,0.0,0.8204046329080005,17,2.647058823529412,1,102,54.25490196078432,36,79.0,76.0,0.875,Horizon Manchester,Manchester,Large,Orthopaedics,164,2025,6,2,9,0,24,0,0.7215711805555555,0.9620253164556962,2,0.8467023172905526
HHN-MAN-01,2025-06-10,36,39,24.0,16.723958333333332,20.328125,0.0,0.7923344113786128,13,2.169230769230769,3,58,52.87931034482759,19,77.0,77.0,1.0,Horizon Manchester,Manchester,Large,Orthopaedics,164,2025,6,2,10,1,24,0,0.6968315972222222,1.0,-3,0.8227004868050217
HHN-MAN-01,2025-06-11,36,39,24.0,16.348958333333332,20.416666666666668,0.0,0.7486668907273136,9,3.511111111111111,2,91,40.84615384615385,27,77.0,77.0,1.0,Horizon Manchester,Manchester,Large,Orthopaedics,164,2025,6,2,11,2,24,0,0.6812065972222222,1.0,-3,0.8007653061224489
HHN-MAN-01,2025-06-12,24,43,24.0,15.322916666666666,20.354166666666668,0.0,0.7176319854390267,8,3.3875,1,56,47.55357142857143,17,77.0,73.0,0.84375,Horizon Manchester,Manchester,Large,Orthopaedics,164,2025,6,2,12,3,24,0,0.638454861111111,0.948051948051948,-19,0.7528147389969293
HHN-MAN-01,2025-06-13,29,24,24.0,14.296875,20.39583333333333,0.0,0.6791992583059606,11,3.5,0,49,58.63265306122449,19,77.0,76.0,0.9375,Horizon Manchester,Manchester,Large,Orthopaedics,164,2025,6,2,13,4,24,0,0.595703125,0.987012987012987,5,0.7009703779366703
HHN-MAN-01,2025-06-14,32,37,24.0,13.848958333333334,20.33333333333333,0.3958333333333333,0.6540647218889591,0,0.0,0,116,49.43103448275862,33,77.0,75.0,0.90625,Horizon Manchester,Manchester,Large,Orthopaedics,164,2025,6,2,14,5,24,1,0.5770399305555556,0.974025974025974,-5,0.68109631147541
HHN-MAN-01,2025-06-15,20,33,24.0,13.458333333333334,20.34375,0.5,0.6379885105414238,0,0.0,0,84,43.88095238095238,24,77.0,76.0,0.9375,Horizon Manchester,Manchester,Large,Orthopaedics,164,2025,6,2,15,6,24,1,0.560763888888889,0.987012987012987,-13,0.6615463389656938
HHN-MAN-01,2025-06-16,32,28,24.0,13.473958333333334,20.41145833333333,0.5,0.6480169834922672,11,2.909090909090909,1,64,41.28125,17,78.0,77.0,0.96875,Horizon Manchester,Manchester,Large,Orthopaedics,164,2025,6,2,16,0,25,0,0.5614149305555556,0.9871794871794872,4,0.6601173768818578
HHN-MAN-01,2025-06-17,36,32,24.0,13.270833333333334,20.375,0.5,0.6457641582164707,14,3.35,2,91,30.67032967032967,20,77.0,75.0,0.9375,Horizon Manchester,Manchester,Large,Orthopaedics,164,2025,6,2,17,1,25,0,0.552951388888889,0.974025974025974,4,0.6513292433537833
HHN-MAN-01,2025-06-18,37,32,24.0,13.807291666666666,20.447916666666668,0.5,0.6720136697444289,15,3.2666666666666666,0,71,58.04225352112676,22,78.0,78.0,1.0,Horizon Manchester,Manchester,Large,Orthopaedics,164,2025,6,2,18,2,25,0,0.5753038194444444,1.0,5,0.6752419765664798
HHN-MAN-01,2025-06-19,43,34,24.0,14.296875,20.46875,0.5,0.6691421750992063,11,2.972727272727273,0,82,65.53658536585365,32,78.0,78.0,1.0,Horizon Manchester,Manchester,Large,Orthopaedics,164,2025,6,2,19,3,25,0,0.595703125,1.0,9,0.6984732824427481
HHN-MAN-01,2025-06-20,36,35,24.0,14.744791666666666,20.375,0.2708333333333333,0.6773339055103036,13,3.0846153846153848,1,71,56.91549295774648,25,78.0,78.0,1.0,Horizon Manchester,Manchester,Large,Orthopaedics,164,2025,6,2,20,4,25,0,0.6143663194444444,1.0,1,0.7236707566462167
HHN-MAN-01,2025-06-21,46,36,24.0,14.828125,20.31770833333333,0.0,0.704868106295645,0,0.0,0,162,52.10493827160494,49,78.0,76.0,0.9375,Horizon Manchester,Manchester,Large,Orthopaedics,164,2025,6,2,21,5,25,1,0.6178385416666666,0.9743589743589743,10,0.7298128684952578
HHN-MAN-01,2025-06-22,34,47,24.0,14.328125,20.291666666666668,0.0,0.6994551288600176,0,0.0,0,99,55.898989898989896,32,77.0,77.0,1.0,Horizon Manchester,Manchester,Large,Orthopaedics,164,2025,6,2,22,6,25,1,0.5970052083333334,1.0,-13,0.7061088295687885
HHN-MAN-01,2025-06-23,34,42,24.0,13.625,20.38020833333333,0.0,0.6708899110922409,11,3.754545454545455,0,88,47.84090909090909,25,77.0,77.0,1.0,Horizon Manchester,Manchester,Large,Orthopaedics,164,2025,6,2,23,0,26,0,0.5677083333333334,1.0,-8,0.6685407615640175
HHN-MAN-01,2025-06-24,20,26,24.0,13.473958333333334,20.453125,0.0,0.6531498652277382,8,1.8,0,53,31.69811320754717,9,78.0,78.0,1.0,Horizon Manchester,Manchester,Large,Orthopaedics,164,2025,6,2,24,1,26,0,0.5614149305555556,1.0,-6,0.6587725999490706
HHN-MAN-01,2025-06-25,33,31,24.0,12.84375,20.38020833333333,0.0,0.6176597635582011,17,3.076470588235294,1,50,45.48,15,78.0,78.0,1.0,Horizon Manchester,Manchester,Large,Orthopaedics,164,2025,6,2,25,2,26,0,0.53515625,1.0,2,0.6302070023000257
HHN-MAN-01,2025-06-26,36,25,24.0,12.796875,20.390625,0.0,0.5995072174321674,12,2.7583333333333333,1,92,45.09782608695652,26,77.0,77.0,1.0,Horizon Manchester,Manchester,Large,Orthopaedics,164,2025,6,2,26,3,26,0,0.533203125,1.0,11,0.6275862068965518
HHN-MAN-01,2025-06-27,32,37,24.0,13.791666666666666,20.4375,0.0,0.6509274760251323,9,2.6555555555555554,0,77,51.96103896103896,26,78.0,76.0,0.9375,Horizon Manchester,Manchester,Large,Orthopaedics,164,2025,6,2,27,4,26,0,0.5746527777777778,0.9743589743589743,-5,0.6748216106014271
HHN-MAN-01,2025-06-28,33,32,24.0,13.979166666666666,20.33333333333333,0.0,0.6552302268397809,0,0.0,0,93,45.73118279569893,29,77.0,76.0,0.96875,Horizon Manchester,Manchester,Large,Orthopaedics,164,2025,6,2,28,5,26,1,0.5824652777777778,0.987012987012987,1,0.6875000000000001
HHN-MAN-01,2025-06-29,29,35,24.0,14.130208333333334,20.34375,0.0,0.659069208892769,0,0.0,0,110,44.89090909090909,34,78.0,76.0,0.96875,Horizon Manchester,Manchester,Large,Orthopaedics,164,2025,6,2,29,6,26,1,0.5887586805555556,0.9743589743589743,-6,0.6945724526369688
HHN-MAN-01,2025-06-30,40,41,24.0,14.708333333333334,20.40625,0.0,0.6898867213527073,15,2.0933333333333333,0,69,46.53623188405797,22,77.0,77.0,1.0,Horizon Manchester,Manchester,Large,Orthopaedics,164,2025,6,2,30,0,27,0,0.6128472222222222,1.0,-1,0.7207759060745278
HHN-MAN-01,2025-07-01,35,33,24.0,14.411458333333334,20.34895833333333,0.0,0.6491642435561767,17,2.8588235294117648,1,108,31.166666666666668,20,77.0,76.0,0.96875,Horizon Manchester,Manchester,Large,Orthopaedics,164,2025,7,3,1,1,27,0,0.6004774305555556,0.987012987012987,2,0.7082160225236757
HHN-MAN-01,2025-07-02,39,38,24.0,14.1875,20.390625,0.0,0.6241595470882066,14,3.003571428571429,1,69,58.65217391304348,25,79.0,78.0,0.96875,Horizon Manchester,Manchester,Large,Orthopaedics,164,2025,7,3,2,2,27,0,0.5911458333333334,0.9873417721518988,1,0.6957854406130268
HHN-MAN-01,2025-07-03,44,28,24.0,15.244791666666666,20.322916666666668,0.0,0.6497465991641292,16,3.1375,1,107,50.45794392523364,32,77.0,76.0,0.96875,Horizon Manchester,Manchester,Large,Orthopaedics,164,2025,7,3,3,3,27,0,0.6351996527777778,0.987012987012987,16,0.7501281394156842
HHN-MAN-01,2025-07-04,42,25,24.0,16.901041666666668,20.432291666666668,0.0,0.7167587515456062,10,2.82,0,86,50.7093023255814,29,78.0,78.0,1.0,Horizon Manchester,Manchester,Large,Orthopaedics,164,2025,7,3,4,4,27,0,0.7042100694444445,1.0,17,0.8271730818251338
HHN-MAN-01,2025-07-05,24,50,24.0,16.447916666666668,20.3125,0.0,0.714004742063148,0,0.0,0,87,43.39080459770115,24,77.0,76.0,0.96875,Horizon Manchester,Manchester,Large,Orthopaedics,164,2025,7,3,5,5,27,1,0.6853298611111112,0.987012987012987,-26,0.8097435897435898
HHN-MAN-01,2025-07-06,21,37,24.0,13.927083333333334,20.322916666666668,0.0,0.6400742944339882,0,0.0,0,80,46.65,22,77.0,76.0,0.9375,Horizon Manchester,Manchester,Large,Orthopaedics,164,2025,7,3,6,6,27,1,0.580295138888889,0.987012987012987,-16,0.6852895950794464
HHN-MAN-01,2025-07-07,36,26,24.0,13.822916666666666,20.369791666666668,0.0,0.6090360449735449,12,3.625,0,84,41.10714285714285,24,77.0,75.0,0.9375,Horizon Manchester,Manchester,Large,Orthopaedics,164,2025,7,3,7,0,28,0,0.575954861111111,0.974025974025974,10,0.6785988238302224
HHN-MAN-01,2025-07-08,22,38,24.0,13.692708333333334,20.41145833333333,0.0,0.6096957072978251,10,3.1100000000000003,0,62,27.016129032258064,11,77.0,77.0,1.0,Horizon Manchester,Manchester,Large,Orthopaedics,164,2025,7,3,8,1,28,0,0.570529513888889,1.0,-16,0.6708343965297272
HHN-MAN-01,2025-07-09,42,30,24.0,13.140625,20.40625,0.0,0.5799145791998066,12,2.6916666666666664,1,96,54.35416666666666,30,79.0,79.0,1.0,Horizon Manchester,Manchester,Large,Orthopaedics,164,2025,7,3,9,2,28,0,0.5475260416666666,1.0,12,0.6439509954058193
HHN-MAN-01,2025-07-10,22,25,24.0,14.203125,20.447916666666668,0.0,0.6123041979949875,16,3.2,0,27,22.444444444444443,6,78.0,78.0,1.0,Horizon Manchester,Manchester,Large,Orthopaedics,164,2025,7,3,10,3,28,0,0.591796875,1.0,-3,0.6946001018848701
HHN-MAN-01,2025-07-11,25,31,24.0,12.96875,20.4375,0.0,0.5614806058114035,8,2.4,0,46,75.19565217391305,19,78.0,75.0,0.9375,Horizon Manchester,Manchester,Large,Orthopaedics,164,2025,7,3,11,4,28,0,0.5403645833333334,0.9615384615384616,-6,0.6345565749235474
HHN-MAN-01,2025-07-12,23,32,24.0,12.130208333333334,20.359375,0.0,0.5098470348025906,0,0.0,0,63,68.06349206349206,23,77.0,77.0,1.0,Horizon Manchester,Manchester,Large,Orthopaedics,164,2025,7,3,12,5,28,1,0.5054253472222222,1.0,-9,0.5958045535942696
HHN-MAN-01,2025-07-13,32,23,24.0,11.989583333333334,20.203125,0.0,0.5401668982403578,0,0.0,0,106,52.54716981132076,33,77.0,73.0,0.8125,Horizon Manchester,Manchester,Large,Orthopaedics,164,2025,7,3,13,6,28,1,0.49956597222222227,0.948051948051948,9,0.5934519205980924
HHN-MAN-01,2025-07-14,39,34,24.0,13.34375,20.390625,0.0,0.6223736982994089,12,3.6916666666666655,0,84,55.273809523809526,29,77.0,75.0,0.9375,Horizon Manchester,Manchester,Large,Orthopaedics,164,2025,7,3,14,0,29,0,0.5559895833333334,0.974025974025974,5,0.6544061302681993
HHN-MAN-01,2025-07-15,22,29,24.0,12.84375,20.45833333333333,0.0,0.5927312040953078,9,3.055555555555556,0,54,38.57407407407408,12,78.0,78.0,1.0,Horizon Manchester,Manchester,Large,Orthopaedics,164,2025,7,3,15,1,29,0,0.53515625,1.0,-7,0.6278004073319757
HHN-MAN-01,2025-07-16,36,30,24.0,12.692708333333334,20.385416666666668,0.0,0.5674237589802239,13,3.1846153846153844,1,86,44.674418604651166,24,78.0,78.0,1.0,Horizon Manchester,Manchester,Large,Orthopaedics,164,2025,7,3,16,2,29,0,0.5288628472222222,1.0,6,0.6226366888094022
HHN-MAN-01,2025-07-17,43,32,24.0,14.182291666666666,20.421875,0.0,0.6239980742825512,10,2.59,0,107,48.504672897196265,34,78.0,77.0,0.96875,Horizon Manchester,Manchester,Large,Orthopaedics,164,2025,7,3,17,3,29,0,0.5909288194444444,0.9871794871794872,11,0.6944656975261413
HHN-MAN-01,2025-07-18,41,32,24.0,15.552083333333334,20.369791666666668,0.0,0.6714435482764177,10,3.61,0,88,55.93181818181818,30,77.0,77.0,1.0,Horizon Manchester,Manchester,Large,Orthopaedics,164,2025,7,3,18,4,29,0,0.6480034722222222,1.0,9,0.7634875990795192
HHN-MAN-01,2025-07-19,17,34,24.0,13.875,20.359375,0.0,0.5963047781102615,0,0.0,0,76,39.35526315789474,18,77.0,75.0,0.9375,Horizon Manchester,Manchester,Large,Orthopaedics,164,2025,7,3,19,5,29,1,0.578125,0.974025974025974,-17,0.681504221028396
HHN-MAN-01,2025-07-20,28,29,24.0,13.083333333333334,20.25,0.0,0.5635449177659323,0,0.0,0,78,57.94871794871795,29,77.0,74.0,0.90625,Horizon Manchester,Manchester,Large,Orthopaedics,164,2025,7,3,20,6,29,1,0.545138888888889,0.961038961038961,-1,0.6460905349794239
HHN-MAN-01,2025-07-21,33,37,24.0,13.395833333333334,20.463541666666668,0.0,0.5896832167373655,14,3.242857142857143,2,66,40.45454545454545,17,78.0,78.0,1.0,Horizon Manchester,Manchester,Large,Orthopaedics,164,2025,7,3,21,0,30,0,0.5581597222222222,1.0,-4,0.6546194960549758
HHN-MAN-01,2025-07-22,33,31,24.0,13.213541666666666,20.42708333333333,0.0,0.5917960048293666,11,2.909090909090909,2,66,67.77272727272727,24,79.0,79.0,1.0,Horizon Manchester,Manchester,Large,Orthopaedics,164,2025,7,3,22,1,30,0,0.550564236111111,1.0,2,0.6468638449770526
HHN-MAN-01,2025-07-23,35,25,24.0,14.182291666666666,20.421875,0.0,0.6599402151211362,16,2.9875,1,58,43.5,18,77.0,75.0,0.9375,Horizon Manchester,Manchester,Large,Orthopaedics,164,2025,7,3,23,2,30,0,0.5909288194444444,0.974025974025974,10,0.6944656975261413
HHN-MAN-01,2025-07-24,32,29,24.0,14.5625,20.40625,0.0,0.658428273620038,16,3.7875,2,57,55.80701754385965,19,78.0,78.0,1.0,Horizon Manchester,Manchester,Large,Orthopaedics,164,2025,7,3,24,3,30,0,0.6067708333333334,1.0,3,0.7136294027565084
HHN-MAN-01,2025-07-25,28,41,24.0,14.390625,20.432291666666668,0.0,0.6295366587369637,13,2.515384615384616,1,73,29.972602739726028,14,78.0,76.0,0.9375,Horizon Manchester,Manchester,Large,Orthopaedics,164,2025,7,3,25,4,30,0,0.599609375,0.9743589743589743,-13,0.7043079276064236
HHN-MAN-01,2025-07-26,25,29,24.0,12.677083333333334,20.354166666666668,0.0,0.531742241745719,0,0.0,0,79,49.265822784810126,24,77.0,73.0,0.84375,Horizon Manchester,Manchester,Large,Orthopaedics,164,2025,7,3,26,5,30,1,0.5282118055555556,0.948051948051948,-4,0.6228249744114637
HHN-MAN-01,2025-07-27,31,36,24.0,12.046875,20.28645833333333,0.0,0.5602491882674158,0,0.0,0,109,37.96330275229358,33,77.0,75.0,0.9375,Horizon Manchester,Manchester,Large,Orthopaedics,164,2025,7,3,27,6,30,1,0.501953125,0.974025974025974,-5,0.5938382541720155
HHN-MAN-01,2025-07-28,42,27,24.0,13.119791666666666,20.390625,0.0,0.6361442538411209,20,2.975,1,75,35.06666666666667,22,77.0,76.0,0.9375,Horizon Manchester,Manchester,Large,Orthopaedics,164,2025,7,3,28,0,31,0,0.546657986111111,0.987012987012987,15,0.6434227330779054
HHN-MAN-01,2025-07-29,29,42,24.0,12.59375,20.44270833333333,0.0,0.6037083339008754,13,3.630769230769231,0,63,24.984126984126984,15,77.0,77.0,1.0,Horizon Manchester,Manchester,Large,Orthopaedics,164,2025,7,3,29,1,31,0,0.5247395833333334,1.0,-13,0.6160509554140129
HHN-MAN-01,2025-07-30,37,25,24.0,13.203125,20.401041666666668,0.0,0.6047907950166781,13,2.984615384615384,2,75,65.93333333333334,26,77.0,76.0,0.96875,Horizon Manchester,Manchester,Large,Orthopaedics,164,2025,7,3,30,2,31,0,0.5501302083333334,0.987012987012987,12,0.6471789634924687
HHN-MAN-01,2025-07-31,21,29,24.0,13.739583333333334,20.39583333333333,0.0,0.6351983746258006,10,2.63,1,38,27.57894736842105,9,78.0,78.0,1.0,Horizon Manchester,Manchester,Large,Orthopaedics,164,2025,7,3,31,3,31,0,0.572482638888889,1.0,-8,0.6736465781409603
HHN-MAN-01,2025-08-01,35,28,24.0,12.942708333333334,20.45833333333333,0.0,0.5793391909266101,7,3.142857142857143,0,88,50.25,28,78.0,78.0,1.0,Horizon Manchester,Manchester,Large,Orthopaedics,164,2025,8,3,1,4,31,0,0.539279513888889,1.0,7,0.6326374745417517
HHN-MAN-01,2025-08-02,28,30,24.0,13.3125,20.34375,0.0,0.601907286040413,0,0.0,0,95,47.48421052631579,30,77.0,77.0,1.0,Horizon Manchester,Manchester,Large,Orthopaedics,164,2025,8,3,2,5,31,1,0.5546875,1.0,-2,0.6543778801843319
HHN-MAN-01,2025-08-03,20,23,24.0,12.786458333333334,20.369791666666668,0.0,0.6114601839465575,0,0.0,0,80,44.525,21,77.0,77.0,1.0,Horizon Manchester,Manchester,Large,Orthopaedics,164,2025,8,3,3,6,31,1,0.5327690972222222,1.0,-3,0.6277166964970595
HHN-MAN-01,2025-08-04,31,35,24.0,12.572916666666666,20.432291666666668,0.0,0.615210715591061,4,2.625,1,80,55.4625,27,77.0,76.0,0.9375,Horizon Manchester,Manchester,Large,Orthopaedics,164,2025,8,3,4,0,32,0,0.5238715277777778,0.987012987012987,-4,0.6153453989293907
HHN-MAN-01,2025-08-05,22,32,24.0,12.135416666666666,20.41145833333333,0.0,0.5953309383075406,5,2.24,0,58,47.44827586206897,16,77.0,77.0,1.0,Horizon Manchester,Manchester,Large,Orthopaedics,164,2025,8,3,5,1,32,0,0.505642361111111,1.0,-10,0.5945394233222762
HHN-MAN-01,2025-08-06,43,24,24.0,12.171875,20.4375,0.0,0.5766062234879584,9,4.877777777777777,0,95,67.45263157894736,36,77.0,75.0,0.9375,Horizon Manchester,Manchester,Large,Orthopaedics,164,2025,8,3,6,2,32,0,0.5071614583333334,0.974025974025974,19,0.595565749235474
HHN-MAN-01,2025-08-07,38,25,24.0,14.098958333333334,20.40625,0.0,0.6804597498192453,8,3.725,0,91,48.63736263736264,29,77.0,77.0,1.0,Horizon Manchester,Manchester,Large,Orthopaedics,164,2025,8,3,7,3,32,0,0.5874565972222222,1.0,13,0.690913731495661
HHN-MAN-01,2025-08-08,35,25,24.0,14.770833333333334,20.41145833333333,0.0,0.7142153369929618,3,2.8666666666666667,0,97,58.2680412371134,33,78.0,78.0,1.0,Horizon Manchester,Manchester,Large,Orthopaedics,164,2025,8,3,8,4,32,0,0.615451388888889,1.0,10,0.7236539933656547
HHN-MAN-01,2025-08-09,26,35,24.0,14.973958333333334,20.25520833333333,0.0,0.6895778703559258,0,0.0,0,68,60.95588235294117,27,78.0,78.0,1.0,Horizon Manchester,Manchester,Large,Orthopaedics,164,2025,8,3,9,5,32,1,0.6239149305555556,1.0,-9,0.7392645924402163
HHN-MAN-01,2025-08-10,34,35,24.0,14.666666666666666,20.338541666666668,0.0,0.6857112031516054,0,0.0,0,103,39.22330097087379,33,77.0,76.0,0.9375,Horizon Manchester,Manchester,Large,Orthopaedics,164,2025,8,3,10,6,32,1,0.611111111111111,0.987012987012987,-1,0.7211267605633802
HHN-MAN-01,2025-08-11,35,31,24.0,15.057291666666666,20.421875,0.0,0.7206252937030074,11,2.763636363636364,2,91,45.23076923076923,27,78.0,77.0,0.9375,Horizon Manchester,Manchester,Large,Orthopaedics,164,2025,8,3,11,0,33,0,0.6273871527777778,0.9871794871794872,4,0.7373119102269828
HHN-MAN-01,2025-08-12,32,43,24.0,14.958333333333334,20.40625,0.0,0.6978299237587987,7,2.585714285714286,0,77,38.11688311688312,22,77.0,72.0,0.875,Horizon Manchester,Manchester,Large,Orthopaedics,164,2025,8,3,12,1,33,0,0.623263888888889,0.935064935064935,-11,0.733027054619704
HHN-MAN-01,2025-08-13,27,35,24.0,13.661458333333334,20.39583333333333,0.0,0.6592937917582969,6,2.533333333333333,2,78,46.833333333333336,24,77.0,76.0,0.9375,Horizon Manchester,Manchester,Large,Orthopaedics,164,2025,8,3,13,2,33,0,0.5692274305555556,0.987012987012987,-8,0.6698161389172627
HHN-MAN-01,2025-08-14,28,43,24.0,12.661458333333334,20.401041666666668,0.0,0.6046475502996856,11,2.6727272727272724,1,55,35.018181818181816,16,78.0,76.0,0.9375,Horizon Manchester,Manchester,Large,Orthopaedics,164,2025,8,3,14,3,33,0,0.527560763888889,0.9743589743589743,-15,0.6206280316568803
HHN-MAN-01,2025-08-15,20,29,24.0,10.65625,20.45833333333333,0.0,0.5069614955357143,1,3.6,0,77,30.337662337662337,17,79.0,76.0,0.9375,Horizon Manchester,Manchester,Large,Orthopaedics,164,2025,8,3,15,4,33,0,0.4440104166666667,0.9620253164556962,-9,0.5208757637474543
HHN-MAN-01,2025-08-16,23,26,24.0,9.78125,20.27083333333333,0.1354166666666666,0.4939123781175474,0,0.0,0,102,47.71568627450981,29,77.0,77.0,1.0,Horizon Manchester,Manchester,Large,Orthopaedics,164,2025,8,3,16,5,33,1,0.4075520833333333,1.0,-3,0.4825282631038028
HHN-MAN-01,2025-08-17,29,33,24.0,9.296875,20.322916666666668,0.25,0.4898401469489672,0,0.0,0,110,44.75454545454546,30,77.0,77.0,1.0,Horizon Manchester,Manchester,Large,Orthopaedics,164,2025,8,3,17,6,33,1,0.3873697916666667,1.0,-4,0.45745771399282414
HHN-MAN-01,2025-08-18,26,17,24.0,10.463541666666666,20.47395833333333,0.25,0.5103219106022786,4,3.725,2,66,40.34848484848485,17,78.0,78.0,1.0,Horizon Manchester,Manchester,Large,Orthopaedics,164,2025,8,3,18,0,34,0,0.43598090277777773,1.0,9,0.5110658865428646
HHN-MAN-01,2025-08-19,33,21,24.0,11.28125,20.42708333333333,0.25,0.5529762346122117,6,3.1833333333333336,0,91,40.527472527472526,27,78.0,78.0,1.0,Horizon Manchester,Manchester,Large,Orthopaedics,164,2025,8,3,19,1,34,0,0.4700520833333333,1.0,12,0.5522692503824581
HHN-MAN-01,2025-08-20,25,25,24.0,12.072916666666666,20.338541666666668,0.25,0.570120237494104,4,3.15,0,100,39.04,24,77.0,74.0,0.875,Horizon Manchester,Manchester,Large,Orthopaedics,164,2025,8,3,20,2,34,0,0.5030381944444444,0.961038961038961,0,0.5935979513444302
HHN-MAN-01,2025-08-21,20,33,24.0,11.786458333333334,20.41145833333333,0.25,0.5592507876893573,9,3.1888888888888887,0,46,34.608695652173914,12,78.0,78.0,1.0,Horizon Manchester,Manchester,Large,Orthopaedics,164,2025,8,3,21,3,34,0,0.4911024305555556,1.0,-13,0.5774432253125799
HHN-MAN-01,2025-08-22,26,21,24.0,10.416666666666666,20.42708333333333,0.0729166666666666,0.5081833994951435,0,0.0,0,80,59.1,26,77.0,74.0,0.9375,Horizon Manchester,Manchester,Large,Orthopaedics,164,2025,8,3,22,4,34,0,0.43402777777777773,0.961038961038961,5,0.5099439061703214
HHN-MAN-01,2025-08-23,19,24,24.0,10.463541666666666,20.3125,0.0,0.5129709775376728,0,0.0,0,60,38.23333333333333,17,78.0,78.0,1.0,Horizon Manchester,Manchester,Large,Orthopaedics,164,2025,8,3,23,5,34,1,0.43598090277777773,1.0,-5,0.5151282051282051
HHN-MAN-01,2025-08-24,13,12,24.0,10.213541666666666,20.30208333333333,0.0,0.502261904616418,0,0.0,0,40,43.525,13,77.0,77.0,1.0,Horizon Manchester,Manchester,Large,Orthopaedics,164,2025,8,3,24,6,34,1,0.4255642361111111,1.0,1,0.5030785017957928
HHN-MAN-01,2025-08-25,17,29,24.0,9.005208333333334,20.44270833333333,0.0,0.4474841521436319,0,0.0,0,59,56.83050847457627,19,78.0,73.0,0.875,Horizon Manchester,Manchester,Large,Orthopaedics,164,2025,8,3,25,0,35,0,0.3752170138888889,0.9358974358974359,-12,0.44050955414012755
HHN-MAN-01,2025-08-26,33,23,24.0,9.322916666666666,20.390625,0.0,0.4671726590980292,4,3.0250000000000004,0,108,36.833333333333336,28,77.0,76.0,0.96875,Horizon Manchester,Manchester,Large,Orthopaedics,164,2025,8,3,26,1,35,0,0.3884548611111111,0.987012987012987,10,0.4572158365261813
HHN-MAN-01,2025-08-27,36,27,24.0,11.03125,20.390625,0.0,0.5342101727843915,8,3.4375,0,74,57.9054054054054,29,77.0,77.0,1.0,Horizon Manchester,Manchester,Large,Orthopaedics,164,2025,8,3,27,2,35,0,0.4596354166666667,1.0,9,0.5409961685823754
HHN-MAN-01,2025-08-28,28,27,24.0,11.817708333333334,20.453125,0.0,0.5570085152116402,8,3.6875,0,76,54.31578947368421,21,79.0,79.0,1.0,Horizon Manchester,Manchester,Large,Orthopaedics,164,2025,8,3,28,3,35,0,0.4924045138888889,1.0,1,0.5777947542653425
HHN-MAN-01,2025-08-29,43,27,24.0,12.322916666666666,20.401041666666668,0.0,0.5838027051499685,7,2.3714285714285714,1,99,61.56565656565657,32,77.0,76.0,0.96875,Horizon Manchester,Manchester,Large,Orthopaedics,164,2025,8,3,29,4,35,0,0.513454861111111,0.987012987012987,16,0.6040336992596375
HHN-MAN-01,2025-08-30,7,31,24.0,12.005208333333334,20.369791666666668,0.0,0.5589981211325904,0,0.0,0,49,29.877551020408163,9,78.0,78.0,1.0,Horizon Manchester,Manchester,Large,Orthopaedics,164,2025,8,3,30,5,35,1,0.500217013888889,1.0,-24,0.5893633341856302
HHN-MAN-01,2025-08-31,21,31,24.0,10.104166666666666,20.401041666666668,0.0,0.4730025686321661,0,0.0,0,85,38.76470588235294,22,77.0,70.0,0.8125,Horizon Manchester,Manchester,Large,Orthopaedics,164,2025,8,3,31,6,35,1,0.4210069444444444,0.9090909090909091,-10,0.49527699770232314
HHN-MAN-01,2025-09-01,35,25,24.0,10.369791666666666,20.416666666666668,0.0,0.5089240229230575,9,2.083333333333333,0,100,34.8,25,77.0,77.0,1.0,Horizon Manchester,Manchester,Large,Orthopaedics,164,2025,9,3,1,0,36,0,0.43207465277777773,1.0,10,0.5079081632653061
HHN-MAN-01,2025-09-02,29,25,24.0,11.229166666666666,20.40625,0.0,0.5380737720169192,13,2.715384615384615,2,69,34.405797101449274,16,77.0,75.0,0.9375,Horizon Manchester,Manchester,Large,Orthopaedics,164,2025,9,3,2,1,36,0,0.4678819444444444,0.974025974025974,4,0.5502807554874936
HHN-MAN-01,2025-09-03,28,25,24.0,11.583333333333334,20.432291666666668,0.0,0.5334414069167094,10,2.79,1,72,51.958333333333336,21,78.0,76.0,0.9375,Horizon Manchester,Manchester,Large,Orthopaedics,164,2025,9,3,3,2,36,0,0.4826388888888889,0.9743589743589743,3,0.5669130767269946
HHN-MAN-01,2025-09-04,37,34,24.0,11.875,20.432291666666668,0.0,0.5459990035853522,10,3.1100000000000003,0,97,44.47422680412371,25,77.0,75.0,0.9375,Horizon Manchester,Manchester,Large,Orthopaedics,164,2025,9,3,4,3,36,0,0.4947916666666667,0.974025974025974,3,0.5811878664287534
HHN-MAN-01,2025-09-05,35,26,24.0,12.057291666666666,20.354166666666668,0.0,0.5526202451394747,7,3.128571428571429,2,89,48.16853932584269,29,77.0,77.0,1.0,Horizon Manchester,Manchester,Large,Orthopaedics,164,2025,9,3,5,4,36,0,0.5023871527777778,1.0,9,0.5923746161719549
HHN-MAN-01,2025-09-06,34,37,24.0,12.78125,20.28125,0.0,0.614629570761053,0,0.0,0,119,51.84033613445378,36,77.0,76.0,0.9375,Horizon Manchester,Manchester,Large,Orthopaedics,164,2025,9,3,6,5,36,1,0.5325520833333334,0.987012987012987,-3,0.6302003081664098
HHN-MAN-01,2025-09-07,26,24,24.0,12.390625,20.432291666666668,0.0,0.5928566261574074,0,0.0,0,86,49.093023255813954,27,78.0,78.0,1.0,Horizon Manchester,Manchester,Large,Orthopaedics,164,2025,9,3,7,6,36,1,0.5162760416666666,1.0,2,0.6064236553657915
HHN-MAN-01,2025-09-08,45,35,24.0,13.375,20.390625,0.0,0.6560009636745003,16,3.61875,1,97,50.83505154639175,29,77.0,76.0,0.9375,Horizon Manchester,Manchester,Large,Orthopaedics,164,2025,9,3,8,0,37,0,0.5572916666666666,0.987012987012987,10,0.6559386973180077
HHN-MAN-01,2025-09-09,45,29,24.0,15.369791666666666,20.44270833333333,0.0,0.729322359964371,17,4.0,0,90,51.24444444444445,26,78.0,75.0,0.9375,Horizon Manchester,Manchester,Large,Orthopaedics,164,2025,9,3,9,1,37,0,0.640407986111111,0.9615384615384616,16,0.751847133757962
HHN-MAN-01,2025-09-10,59,32,24.0,17.192708333333332,20.40625,0.0,0.8080241773813445,15,3.306666666666666,1,140,47.58571428571429,44,77.0,77.0,1.0,Horizon Manchester,Manchester,Large,Orthopaedics,164,2025,9,3,10,2,37,0,0.7163628472222222,1.0,27,0.8425216947422154
HHN-MAN-01,2025-09-11,34,34,24.0,17.973958333333332,20.447916666666668,0.0,0.802752926187276,8,3.3625,1,82,49.0609756097561,26,79.0,75.0,0.875,Horizon Manchester,Manchester,Large,Orthopaedics,164,2025,9,3,11,3,37,0,0.7489149305555555,0.9493670886075949,0,0.8790117167600611
HHN-MAN-01,2025-09-12,50,56,24.0,17.130208333333332,20.41145833333333,0.0,0.7700903191137566,15,3.306666666666666,1,113,50.743362831858406,34,77.0,73.0,0.8125,Horizon Manchester,Manchester,Large,Orthopaedics,164,2025,9,3,12,4,37,0,0.7137586805555555,0.948051948051948,-6,0.8392447052819598
HHN-MAN-01,2025-09-13,21,40,24.0,16.192708333333332,20.31770833333333,0.0,0.7234153474648398,0,0.0,0,111,34.01801801801802,23,77.0,73.0,0.875,Horizon Manchester,Manchester,Large,Orthopaedics,164,2025,9,3,13,5,37,1,0.6746961805555555,0.948051948051948,-19,0.7969751345808769
HHN-MAN-01,2025-09-14,34,39,24.0,15.583333333333334,20.36458333333333,0.0,0.6940589656458344,0,0.0,0,107,47.467289719626166,33,77.0,76.0,0.9375,Horizon Manchester,Manchester,Large,Orthopaedics,164,2025,9,3,14,6,37,1,0.6493055555555556,0.987012987012987,-5,0.7652173913043481
HHN-MAN-01,2025-09-15,39,40,24.0,15.401041666666666,20.41145833333333,0.0,0.6848545737961712,13,2.792307692307692,1,92,47.92391304347826,26,78.0,76.0,0.9375,Horizon Manchester,Manchester,Large,Orthopaedics,164,2025,9,3,15,0,38,0,0.6417100694444444,0.9743589743589743,-1,0.7545292166368973
HHN-MAN-01,2025-09-16,36,32,24.0,15.796875,20.44270833333333,0.0,0.706525417626728,12,3.1916666666666664,1,94,43.74468085106383,28,79.0,79.0,1.0,Horizon Manchester,Manchester,Large,Orthopaedics,164,2025,9,3,16,1,38,0,0.658203125,1.0,4,0.7727388535031849
HHN-MAN-01,2025-09-17,30,38,24.0,15.338541666666666,20.416666666666668,0.0,0.7278092710571654,6,2.583333333333333,1,69,51.869565217391305,23,78.0,78.0,1.0,Horizon Manchester,Manchester,Large,Orthopaedics,164,2025,9,3,17,2,38,0,0.6391059027777778,1.0,-8,0.7512755102040816
HHN-MAN-01,2025-09-18,41,48,24.0,14.921875,20.44270833333333,0.1458333333333333,0.7248427000961456,15,2.4266666666666667,2,88,48.57954545454545,26,78.0,76.0,0.9375,Horizon Manchester,Manchester,Large,Orthopaedics,164,2025,9,3,18,3,38,0,0.6217447916666666,0.9743589743589743,-7,0.7299363057324842
HHN-MAN-01,2025-09-19,39,38,24.0,14.369791666666666,20.401041666666668,0.5,0.6842518719443659,9,3.522222222222222,0,102,45.53921568627451,30,77.0,70.0,0.78125,Horizon Manchester,Manchester,Large,Orthopaedics,164,2025,9,3,19,4,38,0,0.5987413194444444,0.9090909090909091,1,0.7043655859075822
HHN-MAN-01,2025-09-20,48,24,24.0,14.421875,20.369791666666668,0.5,0.6742626150880674,0,0.0,0,131,48.83969465648855,45,77.0,74.0,0.9375,Horizon Manchester,Manchester,Large,Orthopaedics,164,2025,9,3,20,5,38,1,0.6009114583333334,0.961038961038961,24,0.7080030682689848
HHN-MAN-01,2025-09-21,41,40,24.0,14.442708333333334,20.34375,0.5,0.6843502696816275,0,0.0,0,139,60.17985611510792,46,77.0,76.0,0.9375,Horizon Manchester,Manchester,Large,Orthopaedics,164,2025,9,3,21,6,38,1,0.601779513888889,0.987012987012987,1,0.7099334357398874
HHN-MAN-01,2025-09-22,59,36,24.0,15.572916666666666,20.45833333333333,0.5,0.7316360080378478,13,3.7615384615384615,2,133,60.66917293233082,46,77.0,75.0,0.90625,Horizon Manchester,Manchester,Large,Orthopaedics,164,2025,9,3,22,0,39,0,0.6488715277777778,0.974025974025974,23,0.7612016293279024
HHN-MAN-01,2025-09-23,52,57,24.0,16.807291666666668,20.354166666666668,0.2708333333333333,0.7866342128291856,12,3.408333333333333,0,108,50.61111111111112,37,78.0,78.0,1.0,Horizon Manchester,Manchester,Large,Orthopaedics,164,2025,9,3,23,1,39,0,0.7003038194444445,1.0,-5,0.8257420675537359
HHN-MAN-01,2025-09-24,39,36,24.0,17.104166666666668,20.421875,0.0,0.7851174975198413,9,4.233333333333333,0,114,43.48245614035088,30,77.0,77.0,1.0,Horizon Manchester,Manchester,Large,Orthopaedics,164,2025,9,3,24,2,39,0,0.7126736111111112,1.0,3,0.8375414435093089
HHN-MAN-01,2025-09-25,46,39,24.0,17.708333333333332,20.416666666666668,0.0,0.8251472594246031,10,2.3,1,148,44.817567567567565,40,77.0,77.0,1.0,Horizon Manchester,Manchester,Large,Orthopaedics,164,2025,9,3,25,3,39,0,0.7378472222222222,1.0,7,0.8673469387755101
HHN-MAN-01,2025-09-26,39,60,24.0,17.848958333333332,20.463541666666668,0.0,0.846331716954023,14,2.2,2,56,60.48214285714285,21,77.0,77.0,1.0,Horizon Manchester,Manchester,Large,Orthopaedics,164,2025,9,3,26,4,39,0,0.7437065972222222,1.0,-21,0.8722321201323491
HHN-MAN-01,2025-09-27,39,38,24.0,16.734375,20.322916666666668,0.0,0.7726463028116558,0,0.0,0,132,45.30303030303031,39,77.0,75.0,0.9375,Horizon Manchester,Manchester,Large,Orthopaedics,164,2025,9,3,27,5,39,1,0.697265625,0.974025974025974,1,0.8234238851870835
HHN-MAN-01,2025-09-28,38,40,24.0,16.578125,20.375,0.0,0.7645554315476191,0,0.0,0,107,41.74766355140187,36,78.0,77.0,0.96875,Horizon Manchester,Manchester,Large,Orthopaedics,164,2025,9,3,28,6,39,1,0.6907552083333334,0.9871794871794872,-2,0.8136503067484663
HHN-MAN-01,2025-09-29,27,44,24.0,16.40625,20.4375,0.0,0.766913082437276,12,2.8000000000000003,0,57,49.35087719298246,16,78.0,78.0,1.0,Horizon Manchester,Manchester,Large,Orthopaedics,164,2025,9,3,29,0,40,0,0.68359375,1.0,-17,0.8027522935779816
HHN-MAN-01,2025-09-30,42,38,24.0,15.6875,20.36458333333333,0.0,0.7277763610204387,15,3.333333333333333,2,90,44.62222222222222,27,78.0,76.0,0.9375,Horizon Manchester,Manchester,Large,Orthopaedics,164,2025,9,3,30,1,40,0,0.6536458333333334,0.9743589743589743,4,0.7703324808184145
HHN-MAN-01,2025-10-01,31,39,24.0,15.869791666666666,20.40625,0.0,0.7341110455471064,12,2.875,1,71,40.85915492957746,21,77.0,77.0,1.0,Horizon Manchester,Manchester,Large,Orthopaedics,164,2025,10,4,1,2,40,0,0.6612413194444444,1.0,-8,0.7776927003573252
HHN-MAN-01,2025-10-02,30,32,24.0,15.411458333333334,20.416666666666668,0.0,0.6954607740690927,11,2.5,0,54,42.11111111111112,18,78.0,73.0,0.875,Horizon Manchester,Manchester,Large,Orthopaedics,164,2025,10,4,2,3,40,0,0.6421440972222222,0.9358974358974359,-2,0.7548469387755102
HHN-MAN-01,2025-10-03,47,39,24.0,15.661458333333334,20.44270833333333,0.0,0.7272977758455329,14,3.5142857142857147,2,114,47.13157894736842,36,77.0,77.0,1.0,Horizon Manchester,Manchester,Large,Orthopaedics,164,2025,10,4,3,4,40,0,0.652560763888889,1.0,8,0.7661146496815289
HHN-MAN-01,2025-10-04,29,44,24.0,15.421875,20.20833333333333,0.0,0.7250156893943759,0,0.0,0,96,57.145833333333336,30,77.0,76.0,0.96875,Horizon Manchester,Manchester,Large,Orthopaedics,164,2025,10,4,4,5,40,1,0.642578125,0.987012987012987,-15,0.7631443298969074
HHN-MAN-01,2025-10-05,29,38,24.0,13.692708333333334,20.33333333333333,0.0,0.6380941338983818,0,0.0,0,84,56.41666666666666,29,77.0,77.0,1.0,Horizon Manchester,Manchester,Large,Orthopaedics,164,2025,10,4,5,6,40,1,0.570529513888889,1.0,-9,0.6734118852459018
HHN-MAN-01,2025-10-06,42,39,24.0,14.015625,20.45833333333333,0.0,0.6685546702575172,14,2.7,1,93,42.935483870967744,26,79.0,79.0,1.0,Horizon Manchester,Manchester,Large,Orthopaedics,164,2025,10,4,6,0,41,0,0.583984375,1.0,3,0.6850814663951121
HHN-MAN-01,2025-10-07,43,28,24.0,15.104166666666666,20.375,0.0,0.7173241354153518,16,2.81875,0,102,40.78431372549019,29,78.0,78.0,1.0,Horizon Manchester,Manchester,Large,Orthopaedics,164,2025,10,4,7,1,41,0,0.6293402777777778,1.0,15,0.7413087934560327
HHN-MAN-01,2025-10-08,51,38,24.0,16.354166666666668,20.390625,0.0,0.7464896431037538,14,2.9214285714285717,3,98,59.90816326530612,36,77.0,74.0,0.90625,Horizon Manchester,Manchester,Large,Orthopaedics,164,2025,10,4,8,2,41,0,0.6814236111111112,0.961038961038961,13,0.8020434227330779
HHN-MAN-01,2025-10-09,41,48,24.0,16.34375,20.4375,0.0,0.7527273140217816,8,3.075,0,154,28.07792207792208,34,77.0,77.0,1.0,Horizon Manchester,Manchester,Large,Orthopaedics,164,2025,10,4,9,3,41,0,0.6809895833333334,1.0,-7,0.7996941896024465
HHN-MAN-01,2025-10-10,34,35,24.0,16.166666666666668,20.484375,0.0,0.7447854662698412,11,2.9454545454545453,0,81,41.93827160493827,22,78.0,78.0,1.0,Horizon Manchester,Manchester,Large,Orthopaedics,164,2025,10,4,10,4,41,0,0.6736111111111112,1.0,-1,0.7892194253750319
HHN-MAN-01,2025-10-11,41,34,24.0,15.71875,20.354166666666668,0.0,0.7414905804959661,0,0.0,0,141,45.312056737588655,43,77.0,77.0,1.0,Horizon Manchester,Manchester,Large,Orthopaedics,164,2025,10,4,11,5,41,1,0.6549479166666666,1.0,7,0.7722620266120778
HHN-MAN-01,2025-10-12,42,45,24.0,15.052083333333334,20.38020833333333,0.0,0.702751049324308,0,0.0,0,130,43.23076923076923,42,78.0,78.0,1.0,Horizon Manchester,Manchester,Large,Orthopaedics,164,2025,10,4,12,6,41,1,0.627170138888889,1.0,-3,0.738563761819576
HHN-MAN-01,2025-10-13,45,39,24.0,15.322916666666666,20.401041666666668,0.1875,0.7250175619935328,12,3.4916666666666667,2,116,39.060344827586206,30,77.0,75.0,0.9375,Horizon Manchester,Manchester,Large,Orthopaedics,164,2025,10,4,13,0,42,0,0.638454861111111,0.974025974025974,6,0.7510850140413581
HHN-MAN-01,2025-10-14,47,34,24.0,15.578125,20.421875,0.5,0.7249560261330409,10,3.73,0,124,44.274193548387096,38,77.0,77.0,1.0,Horizon Manchester,Manchester,Large,Orthopaedics,164,2025,10,4,14,1,42,0,0.6490885416666666,1.0,13,0.7628156082631982
HHN-MAN-01,2025-10-15,39,37,24.0,17.098958333333332,20.390625,0.5,0.7928154104379842,11,2.590909090909091,2,95,53.589473684210525,33,77.0,76.0,0.9375,Horizon Manchester,Manchester,Large,Orthopaedics,164,2025,10,4,15,2,42,0,0.7124565972222222,0.987012987012987,2,0.8385696040868454
HHN-MAN-01,2025-10-16,40,44,24.0,17.59375,20.401041666666668,0.5,0.7975590560602895,9,3.177777777777778,0,96,36.40625,26,78.0,78.0,1.0,Horizon Manchester,Manchester,Large,Orthopaedics,164,2025,10,4,16,3,42,0,0.7330729166666666,1.0,-4,0.8623946898136329
HHN-MAN-01,2025-10-17,38,42,24.0,17.4375,20.416666666666668,0.5,0.7811837957629288,7,2.914285714285714,0,106,46.443396226415096,34,77.0,77.0,1.0,Horizon Manchester,Manchester,Large,Orthopaedics,164,2025,10,4,17,4,42,0,0.7265625,1.0,-4,0.8540816326530611
HHN-MAN-01,2025-10-18,25,47,24.0,15.635416666666666,20.38020833333333,0.25,0.7129292511562846,0,0.0,0,81,39.53086419753087,23,78.0,73.0,0.84375,Horizon Manchester,Manchester,Large,Orthopaedics,164,2025,10,4,18,5,42,1,0.6514756944444444,0.9358974358974359,-22,0.7671863020700231
HHN-MAN-01,2025-10-19,28,40,24.0,14.260416666666666,20.328125,0.0,0.6729373737390457,0,0.0,0,127,42.32283464566929,33,77.0,75.0,0.9375,Horizon Manchester,Manchester,Large,Orthopaedics,164,2025,10,4,19,6,42,1,0.5941840277777778,0.974025974025974,-12,0.7015116576992058
HHN-MAN-01,2025-10-20,50,29,24.0,14.911458333333334,20.401041666666668,0.0,0.712777542982494,15,2.813333333333333,1,125,44.28,35,78.0,78.0,1.0,Horizon Manchester,Manchester,Large,Orthopaedics,164,2025,10,4,20,0,43,0,0.621310763888889,1.0,21,0.7309165177431708
HHN-MAN-01,2025-10-21,58,51,24.0,16.635416666666668,20.41145833333333,0.0,0.7976270428675857,17,3.117647058823529,1,115,52.869565217391305,37,77.0,75.0,0.9375,Horizon Manchester,Manchester,Large,Orthopaedics,164,2025,10,4,21,1,43,0,0.6931423611111112,0.974025974025974,7,0.8150038275070174
HHN-MAN-01,2025-10-22,36,43,24.0,15.984375,20.369791666666668,0.0,0.7647546016305422,10,3.4,5,104,44.74038461538461,26,78.0,77.0,0.96875,Horizon Manchester,Manchester,Large,Orthopaedics,164,2025,10,4,22,2,43,0,0.666015625,0.9871794871794872,-7,0.7847097928918435
HHN-MAN-01,2025-10-23,39,41,24.0,15.854166666666666,20.432291666666668,0.0,0.745335833072264,12,2.6083333333333334,1,78,53.282051282051285,28,78.0,75.0,0.90625,Horizon Manchester,Manchester,Large,Orthopaedics,164,2025,10,4,23,3,43,0,0.6605902777777778,0.9615384615384616,-2,0.7759367830741779
HHN-MAN-01,2025-10-24,25,35,24.0,15.729166666666666,20.41145833333333,0.0,0.7082965116785017,8,3.0,0,73,34.54794520547945,16,78.0,75.0,0.9375,Horizon Manchester,Manchester,Large,Orthopaedics,164,2025,10,4,24,4,43,0,0.6553819444444444,0.9615384615384616,-10,0.7706047461087013
HHN-MAN-01,2025-10-25,18,34,24.0,14.171875,20.33333333333333,0.0,0.6477908390484818,0,0.0,0,101,34.12871287128713,22,77.0,77.0,1.0,Horizon Manchester,Manchester,Large,Orthopaedics,164,2025,10,4,25,5,43,1,0.5904947916666666,1.0,-16,0.6969774590163936
HHN-MAN-01,2025-10-26,39,31,24.0,13.8125,20.375,0.0,0.6400811774760602,0,0.0,0,110,51.74545454545454,37,77.0,74.0,0.9375,Horizon Manchester,Manchester,Large,Orthopaedics,164,2025,10,4,26,6,43,1,0.5755208333333334,0.961038961038961,8,0.6779141104294478
HHN-MAN-01,2025-10-27,45,34,24.0,14.427083333333334,20.46875,0.0,0.6746806795634921,6,3.1833333333333336,0,135,38.87407407407407,40,77.0,77.0,1.0,Horizon Manchester,Manchester,Large,Orthopaedics,164,2025,10,4,27,0,44,0,0.6011284722222222,1.0,11,0.7048346055979644
HHN-MAN-01,2025-10-28,35,40,24.0,15.463541666666666,20.416666666666668,0.0,0.7148392120284104,11,2.772727272727273,1,119,20.915966386554626,24,77.0,77.0,1.0,Horizon Manchester,Manchester,Large,Orthopaedics,164,2025,10,4,28,1,44,0,0.644314236111111,1.0,-5,0.7573979591836734
HHN-MAN-01,2025-10-29,49,29,24.0,16.255208333333332,20.36458333333333,0.0,0.7611152085086778,17,2.547058823529412,2,116,52.25862068965517,33,78.0,76.0,0.90625,Horizon Manchester,Manchester,Large,Orthopaedics,164,2025,10,4,29,2,44,0,0.6773003472222222,0.9743589743589743,20,0.7982097186700768
HHN-MAN-01,2025-10-30,42,38,24.0,17.25,20.432291666666668,0.0,0.7729357845568784,10,3.44,0,107,52.30841121495328,31,78.0,78.0,1.0,Horizon Manchester,Manchester,Large,Orthopaedics,164,2025,10,4,30,3,44,0,0.71875,1.0,4,0.8442518480754524
HHN-MAN-01,2025-10-31,37,47,24.0,16.630208333333332,20.369791666666668,0.0,0.7511997767857143,7,4.042857142857143,2,105,60.36190476190476,32,78.0,78.0,1.0,Horizon Manchester,Manchester,Large,Orthopaedics,164,2025,10,4,31,4,44,0,0.6929253472222222,1.0,-10,0.8164152390692916
HHN-MAN-01,2025-11-01,34,35,24.0,16.239583333333332,20.291666666666668,0.0,0.7426873210222582,0,0.0,0,128,44.9765625,33,77.0,77.0,1.0,Horizon Manchester,Manchester,Large,Orthopaedics,164,2025,11,4,1,5,44,1,0.6766493055555555,1.0,-1,0.8003080082135523
HHN-MAN-01,2025-11-02,42,32,24.0,16.598958333333332,20.416666666666668,0.0,0.7619473383138625,0,0.0,0,116,58.689655172413794,44,78.0,78.0,1.0,Horizon Manchester,Manchester,Large,Orthopaedics,164,2025,11,4,2,6,44,1,0.6916232638888888,1.0,10,0.8130102040816325
HHN-MAN-01,2025-11-03,54,43,24.0,17.572916666666668,20.41145833333333,0.0,0.8153234824270132,17,3.611764705882353,2,113,59.0,38,78.0,78.0,1.0,Horizon Manchester,Manchester,Large,Orthopaedics,164,2025,11,4,3,0,45,0,0.7322048611111112,1.0,11,0.8609339117121717
HHN-MAN-01,2025-11-04,54,44,24.0,18.635416666666668,20.42708333333333,0.0,0.8447606646825396,10,3.1100000000000003,2,133,44.41353383458647,41,79.0,79.0,1.0,Horizon Manchester,Manchester,Large,Orthopaedics,164,2025,11,4,4,1,45,0,0.7764756944444445,1.0,10,0.9122896481387051
HHN-MAN-01,2025-11-05,33,41,24.0,18.947916666666668,20.375,0.0,0.8593929954045795,9,2.522222222222222,2,84,36.10714285714285,23,78.0,78.0,1.0,Horizon Manchester,Manchester,Large,Orthopaedics,164,2025,11,4,5,2,45,0,0.7894965277777778,1.0,-8,0.929959100204499
HHN-MAN-01,2025-11-06,40,42,24.0,18.229166666666668,20.453125,0.0,0.8431297103014592,8,2.3125,2,162,35.17283950617284,35,77.0,77.0,1.0,Horizon Manchester,Manchester,Large,Orthopaedics,164,2025,11,4,6,3,45,0,0.7595486111111112,1.0,-2,0.8912655971479502
HHN-MAN-01,2025-11-07,59,50,24.0,18.494791666666668,20.416666666666668,0.0,0.832203257560208,6,5.166666666666667,2,181,51.03867403314917,60,77.0,75.0,0.90625,Horizon Manchester,Manchester,Large,Orthopaedics,164,2025,11,4,7,4,45,0,0.7706163194444445,0.974025974025974,9,0.9058673469387755
HHN-MAN-01,2025-11-08,41,35,24.0,18.432291666666668,20.33333333333333,0.0,0.8372550843253969,0,0.0,0,149,34.65771812080537,34,77.0,72.0,0.84375,Horizon Manchester,Manchester,Large,Orthopaedics,164,2025,11,4,8,5,45,1,0.7680121527777778,0.935064935064935,6,0.9065061475409839
HHN-MAN-01,2025-11-09,25,40,24.0,17.546875,20.359375,0.0,0.8037836816293086,0,0.0,0,85,44.6,25,78.0,77.0,0.9375,Horizon Manchester,Manchester,Large,Orthopaedics,164,2025,11,4,9,6,45,1,0.7311197916666666,0.9871794871794872,-15,0.861857252494244
HHN-MAN-01,2025-11-10,40,56,24.0,16.270833333333332,20.41145833333333,0.0,0.7537532129329004,8,3.4,0,108,51.62037037037037,35,77.0,74.0,0.9375,Horizon Manchester,Manchester,Large,Orthopaedics,164,2025,11,4,10,0,46,0,0.6779513888888888,0.961038961038961,-16,0.7971421280939016
HHN-MAN-01,2025-11-11,54,39,24.0,16.567708333333332,20.375,0.0,0.7589506016786328,5,4.1,0,163,41.67484662576687,50,77.0,77.0,1.0,Horizon Manchester,Manchester,Large,Orthopaedics,164,2025,11,4,11,1,46,0,0.6903211805555555,1.0,15,0.8131390593047034
HHN-MAN-01,2025-11-12,56,50,24.0,17.666666666666668,20.416666666666668,0.0,0.8064498169072752,9,2.8,0,129,50.12403100775194,45,77.0,74.0,0.84375,Horizon Manchester,Manchester,Large,Orthopaedics,164,2025,11,4,12,2,46,0,0.7361111111111112,0.961038961038961,6,0.8653061224489796
HHN-MAN-01,2025-11-13,34,49,24.0,17.317708333333332,20.385416666666668,0.0,0.7922561054888231,8,3.5375,0,75,48.8,25,77.0,76.0,0.9375,Horizon Manchester,Manchester,Large,Orthopaedics,164,2025,11,4,13,3,46,0,0.7215711805555555,0.987012987012987,-15,0.849514563106796
HHN-MAN-01,2025-11-14,41,40,24.0,17.052083333333332,20.36458333333333,0.0,0.7954874108430904,7,3.271428571428572,1,127,50.52755905511811,39,77.0,77.0,1.0,Horizon Manchester,Manchester,Large,Orthopaedics,164,2025,11,4,14,4,46,0,0.7105034722222222,1.0,1,0.8373401534526855
HHN-MAN-01,2025-11-15,37,45,24.0,16.328125,20.354166666666668,0.0,0.759456232526127,0,0.0,0,117,41.58119658119658,32,77.0,73.0,0.875,Horizon Manchester,Manchester,Large,Orthopaedics,164,2025,11,4,15,5,46,1,0.6803385416666666,0.948051948051948,-8,0.802200614124872
HHN-MAN-01,2025-11-16,22,32,24.0,14.901041666666666,20.260416666666668,0.0,0.7141443167305236,0,0.0,0,112,41.848214285714285,26,77.0,77.0,1.0,Horizon Manchester,Manchester,Large,Orthopaedics,164,2025,11,4,16,6,46,1,0.620876736111111,1.0,-10,0.7354755784061696
HHN-MAN-01,2025-11-17,68,44,24.0,16.197916666666668,20.44270833333333,0.0,0.7732766443963168,13,2.6538461538461537,0,163,49.65030674846626,52,77.0,75.0,0.9375,Horizon Manchester,Manchester,Large,Orthopaedics,164,2025,11,4,17,0,47,0,0.6749131944444445,0.974025974025974,24,0.7923566878980894
HHN-MAN-01,2025-11-18,41,46,24.0,16.489583333333332,20.421875,0.0,0.763564781464045,9,2.677777777777778,0,131,46.14503816793893,37,77.0,75.0,0.9375,Horizon Manchester,Manchester,Large,Orthopaedics,164,2025,11,4,18,1,47,0,0.6870659722222222,0.974025974025974,-5,0.8074470798265748
HHN-MAN-01,2025-11-19,56,35,24.0,17.34375,20.385416666666668,0.0,0.7961451032866104,13,2.707692307692308,3,130,50.59230769230769,42,77.0,76.0,0.9375,Horizon Manchester,Manchester,Large,Orthopaedics,164,2025,11,4,19,2,47,0,0.72265625,0.987012987012987,21,0.8507920286152273
HHN-MAN-01,2025-11-20,47,48,24.0,18.81770833333333,20.39583333333333,0.0,0.8555061971334587,10,3.05,0,133,46.87218045112782,36,78.0,77.0,0.9375,Horizon Manchester,Manchester,Large,Orthopaedics,164,2025,11,4,20,3,47,0,0.7840711805555554,0.9871794871794872,-1,0.9226251276813074
HHN-MAN-01,2025-11-21,46,55,24.0,18.63020833333333,20.416666666666668,0.0,0.8674138144841269,16,2.75,0,155,34.593548387096774,30,77.0,77.0,1.0,Horizon Manchester,Manchester,Large,Orthopaedics,164,2025,11,4,21,4,47,0,0.7762586805555554,1.0,-9,0.9124999999999998
HHN-MAN-01,2025-11-22,40,47,24.0,17.53125,20.3125,0.0,0.7806991110919942,0,0.0,0,126,63.095238095238095,41,78.0,74.0,0.875,Horizon Manchester,Manchester,Large,Orthopaedics,164,2025,11,4,22,5,47,1,0.73046875,0.9487179487179487,-7,0.8630769230769231
HHN-MAN-01,2025-11-23,29,38,24.0,16.479166666666668,20.31770833333333,0.0,0.7263490678511914,0,0.0,0,124,37.596774193548384,28,77.0,75.0,0.9375,Horizon Manchester,Manchester,Large,Orthopaedics,164,2025,11,4,23,6,47,1,0.6866319444444445,0.974025974025974,-9,0.8110740835683161
HHN-MAN-01,2025-11-24,53,44,24.0,15.697916666666666,20.447916666666668,0.1875,0.7200164310515874,13,2.507692307692308,1,122,48.12295081967213,39,79.0,79.0,1.0,Horizon Manchester,Manchester,Large,Orthopaedics,164,2025,11,4,24,0,48,0,0.654079861111111,1.0,9,0.7677024961793173
HHN-MAN-01,2025-11-25,47,55,24.0,15.614583333333334,20.42708333333333,0.4583333333333333,0.7211978024085384,10,3.61,0,161,39.142857142857146,38,77.0,75.0,0.90625,Horizon Manchester,Manchester,Large,Orthopaedics,164,2025,11,4,25,1,48,0,0.650607638888889,0.974025974025974,-8,0.7644059153493118
HHN-MAN-01,2025-11-26,31,38,24.0,15.760416666666666,20.375,0.0,0.7573694567027003,6,2.3666666666666667,1,121,43.8099173553719,30,77.0,77.0,1.0,Horizon Manchester,Manchester,Large,Orthopaedics,164,2025,11,4,26,2,48,0,0.6566840277777778,1.0,-7,0.7735173824130879
HHN-MAN-01,2025-11-27,30,32,24.0,16.3125,20.41145833333333,0.0,0.743727298547107,9,4.122222222222223,1,74,34.2027027027027,17,78.0,78.0,1.0,Horizon Manchester,Manchester,Large,Orthopaedics,164,2025,11,4,27,3,48,0,0.6796875,1.0,-2,0.7991834651696863
HHN-MAN-01,2025-11-28,38,44,24.0,15.78125,20.38020833333333,0.0,0.7214329914765719,9,3.388888888888889,0,117,40.95726495726496,28,77.0,77.0,1.0,Horizon Manchester,Manchester,Large,Orthopaedics,164,2025,11,4,28,4,48,0,0.6575520833333334,1.0,-6,0.774341937132635
HHN-MAN-01,2025-11-29,48,28,24.0,15.0625,20.3125,0.0,0.7086085183750974,0,0.0,0,185,48.729729729729726,52,77.0,77.0,1.0,Horizon Manchester,Manchester,Large,Orthopaedics,164,2025,11,4,29,5,48,1,0.6276041666666666,1.0,20,0.7415384615384616
HHN-MAN-01,2025-11-30,45,47,24.0,15.984375,20.307291666666668,0.0,0.7442597251113231,0,0.0,0,159,41.911949685534594,44,78.0,78.0,1.0,Horizon Manchester,Manchester,Large,Orthopaedics,164,2025,11,4,30,6,48,1,0.666015625,1.0,-2,0.7871249038214927
HHN-MAN-01,2025-12-01,55,37,24.0,17.677083333333332,20.31770833333333,0.0,0.807883561379497,16,3.15,0,144,35.75,37,77.0,74.0,0.90625,Horizon Manchester,Manchester,Large,Orthopaedics,164,2025,12,4,1,0,49,0,0.7365451388888888,0.961038961038961,18,0.8700333247885159
HHN-MAN-01,2025-12-02,51,56,24.0,17.432291666666668,20.25,0.0,0.8201460200799179,17,3.0823529411764703,3,111,52.990990990990994,37,77.0,75.0,0.9375,Horizon Manchester,Manchester,Large,Orthopaedics,164,2025,12,4,2,1,49,0,0.7263454861111112,0.974025974025974,-5,0.8608539094650206
HHN-MAN-01,2025-12-03,45,38,24.0,18.171875,20.265625,0.0,0.8220404948021937,15,3.033333333333333,2,94,49.52127659574468,31,77.0,73.0,0.90625,Horizon Manchester,Manchester,Large,Orthopaedics,164,2025,12,4,3,2,49,0,0.7571614583333334,0.948051948051948,7,0.8966846569005397
HHN-MAN-01,2025-12-04,48,47,24.0,18.63020833333333,20.39583333333333,0.0,0.8505527853782642,15,2.7133333333333334,2,133,39.47368421052632,35,77.0,75.0,0.90625,Horizon Manchester,Manchester,Large,Orthopaedics,164,2025,12,4,4,3,49,0,0.7762586805555554,0.974025974025974,1,0.9134320735444331
HHN-MAN-01,2025-12-05,38,45,24.0,18.354166666666668,20.28125,0.0,0.8370112627922041,4,3.425,2,126,47.48412698412698,37,78.0,78.0,1.0,Horizon Manchester,Manchester,Large,Orthopaedics,164,2025,12,4,5,4,49,0,0.7647569444444445,1.0,-7,0.9049820236260915
HHN-MAN-01,2025-12-06,56,49,24.0,17.505208333333332,20.229166666666668,0.0,0.8218411650759442,0,0.0,0,163,53.53374233128834,52,77.0,76.0,0.9375,Horizon Manchester,Manchester,Large,Orthopaedics,164,2025,12,4,6,5,49,1,0.7293836805555555,0.987012987012987,7,0.8653450051493304
HHN-MAN-01,2025-12-07,32,50,24.0,17.005208333333332,20.234375,0.0,0.7974376860119047,0,0.0,0,118,40.22033898305085,30,77.0,72.0,0.8125,Horizon Manchester,Manchester,Large,Orthopaedics,164,2025,12,4,7,6,49,1,0.7085503472222222,0.935064935064935,-18,0.8404118404118404
HHN-MAN-01,2025-12-08,42,47,24.0,16.78125,20.354166666666668,0.0,0.8038683225351609,9,2.8,4,118,45.07627118644068,34,77.0,76.0,0.96875,Horizon Manchester,Manchester,Large,Orthopaedics,164,2025,12,4,8,0,50,0,0.69921875,0.987012987012987,-5,0.8244626407369497
HHN-MAN-01,2025-12-09,46,46,24.0,16.854166666666668,20.31770833333333,0.0,0.7971640667761357,11,2.409090909090909,2,141,35.4113475177305,36,77.0,75.0,0.9375,Horizon Manchester,Manchester,Large,Orthopaedics,164,2025,12,4,9,1,50,0,0.7022569444444445,0.974025974025974,0,0.8295308895155091
HHN-MAN-01,2025-12-10,60,36,24.0,17.088541666666668,20.322916666666668,0.0,0.8068326845522721,7,2.814285714285714,3,200,45.56,54,77.0,72.0,0.84375,Horizon Manchester,Manchester,Large,Orthopaedics,164,2025,12,4,10,2,50,0,0.7120225694444445,0.935064935064935,24,0.8408508457201436
HHN-MAN-01,2025-12-11,43,41,24.0,18.401041666666668,20.34375,0.0,0.85033692156298,9,3.311111111111112,2,124,41.99193548387097,33,78.0,77.0,0.9375,Horizon Manchester,Manchester,Large,Orthopaedics,164,2025,12,4,11,3,50,0,0.7667100694444445,0.9871794871794872,2,0.9045058883768562
HHN-MAN-01,2025-12-12,45,38,24.0,19.515625,20.25,0.0,0.9028057795698924,18,2.8722222222222222,0,89,53.68539325842696,26,77.0,75.0,0.9375,Horizon Manchester,Manchester,Large,Orthopaedics,164,2025,12,4,12,4,50,0,0.8131510416666666,0.974025974025974,7,0.9637345679012346
HHN-MAN-01,2025-12-13,15,39,24.0,19.20833333333333,20.213541666666668,0.0,0.8458383336533538,0,0.0,0,80,31.4875,15,77.0,76.0,0.9375,Horizon Manchester,Manchester,Large,Orthopaedics,164,2025,12,4,13,5,50,1,0.800347222222222,0.987012987012987,-24,0.9502705488276214
HHN-MAN-01,2025-12-14,38,42,24.0,18.109375,20.30208333333333,0.0,0.8091287330894925,0,0.0,0,138,44.42028985507246,38,77.0,71.0,0.78125,Horizon Manchester,Manchester,Large,Orthopaedics,164,2025,12,4,14,6,50,1,0.7545572916666666,0.922077922077922,-4,0.8919958953309391
HHN-MAN-01,2025-12-15,36,53,24.0,16.619791666666668,20.291666666666668,0.0,0.739522826012589,7,4.228571428571429,1,94,55.861702127659576,33,77.0,72.0,0.875,Horizon Manchester,Manchester,Large,Orthopaedics,164,2025,12,4,15,0,51,0,0.6924913194444445,0.935064935064935,-17,0.8190451745379876
HHN-MAN-01,2025-12-16,45,41,24.0,16.5625,20.38020833333333,0.0,0.7492988384589947,12,2.8083333333333336,0,87,40.7816091954023,27,77.0,77.0,1.0,Horizon Manchester,Manchester,Large,Orthopaedics,164,2025,12,4,16,1,51,0,0.6901041666666666,1.0,4,0.8126756963966268
HHN-MAN-01,2025-12-17,40,37,24.0,16.859375,20.369791666666668,0.0,0.7526894001917878,16,3.175,0,88,39.04545454545455,25,78.0,75.0,0.9375,Horizon Manchester,Manchester,Large,Orthopaedics,164,2025,12,4,17,2,51,0,0.7024739583333334,0.9615384615384616,3,0.8276655586806443
HHN-MAN-01,2025-12-18,29,34,24.0,15.484375,20.375,0.0,0.6595788056932922,2,4.95,0,127,39.275590551181104,29,77.0,74.0,0.90625,Horizon Manchester,Manchester,Large,Orthopaedics,164,2025,12,4,18,3,51,0,0.6451822916666666,0.961038961038961,-5,0.7599693251533742
HHN-MAN-01,2025-12-19,48,40,24.0,14.8125,20.25520833333333,0.0,0.6481155069786535,3,3.0,1,117,71.03418803418803,46,77.0,76.0,0.96875,Horizon Manchester,Manchester,Large,Orthopaedics,164,2025,12,4,19,4,51,0,0.6171875,0.987012987012987,8,0.7312933916173825
HHN-MAN-01,2025-12-20,47,37,24.0,15.286458333333334,20.234375,0.0,0.6969986722828422,0,0.0,0,146,53.95205479452055,48,77.0,76.0,0.9375,Horizon Manchester,Manchester,Large,Orthopaedics,164,2025,12,4,20,5,51,1,0.636935763888889,0.987012987012987,10,0.7554697554697555
HHN-MAN-01,2025-12-21,28,42,24.0,15.713541666666666,20.171875,0.0,0.7220708113825033,0,0.0,0,90,43.46666666666667,24,77.0,74.0,0.90625,Horizon Manchester,Manchester,Large,Orthopaedics,164,2025,12,4,21,6,51,1,0.6547309027777778,0.961038961038961,-14,0.7789827007487735
HHN-MAN-01,2025-12-22,23,37,24.0,15.661458333333334,20.4375,0.0,0.7249417041638034,4,2.35,0,89,41.79775280898876,21,78.0,76.0,0.9375,Horizon Manchester,Manchester,Large,Orthopaedics,164,2025,12,4,22,0,52,0,0.652560763888889,0.9743589743589743,-14,0.7663098878695209
HHN-MAN-01,2025-12-23,47,34,24.0,15.390625,20.38020833333333,0.0,0.7273466033310391,3,2.9333333333333336,0,164,36.29878048780488,45,77.0,74.0,0.9375,Horizon Manchester,Manchester,Large,Orthopaedics,164,2025,12,4,23,1,52,0,0.6412760416666666,0.961038961038961,13,0.7551750575006391
HHN-MAN-01,2025-12-24,52,25,24.0,16.65625,20.3125,0.0,0.767811258795336,4,3.3,0,153,51.66013071895425,52,78.0,74.0,0.875,Horizon Manchester,Manchester,Large,Orthopaedics,164,2025,12,4,24,2,52,0,0.6940104166666666,0.9487179487179487,27,0.82
HHN-MAN-01,2025-12-25,26,45,24.0,16.885416666666668,20.31770833333333,0.0,0.7775714217931576,0,0.0,0,77,45.31168831168832,22,77.0,77.0,1.0,Horizon Manchester,Manchester,Large,Orthopaedics,164,2025,12,4,25,3,52,0,0.7035590277777778,1.0,-19,0.8310689566777751
HHN-MAN-01,2025-12-26,45,30,24.0,15.927083333333334,20.296875,0.0,0.7373232953472489,0,0.0,0,133,58.56390977443609,48,77.0,69.0,0.75,Horizon Manchester,Manchester,Large,Orthopaedics,164,2025,12,4,26,4,52,0,0.6636284722222222,0.8961038961038961,15,0.7847061842442905
HHN-MAN-01,2025-12-27,35,49,24.0,16.505208333333332,20.36458333333333,0.0,0.788101933079071,0,0.0,0,107,55.41121495327103,36,77.0,73.0,0.875,Horizon Manchester,Manchester,Large,Orthopaedics,164,2025,12,4,27,5,52,1,0.6877170138888888,0.948051948051948,-14,0.8104859335038365
HHN-MAN-01,2025-12-28,48,40,24.0,15.947916666666666,20.291666666666668,0.0,0.7617248116099636,0,0.0,0,170,49.94117647058823,50,77.0,75.0,0.875,Horizon Manchester,Manchester,Large,Orthopaedics,164,2025,12,4,28,6,52,1,0.6644965277777778,0.974025974025974,8,0.7859342915811087
HHN-MAN-01,2025-12-29,45,47,24.0,16.291666666666668,20.28645833333333,0.0,0.7620658222126216,5,3.5,2,134,44.05223880597015,40,77.0,75.0,0.9375,Horizon Manchester,Manchester,Large,Orthopaedics,164,2025,12,4,29,0,1,0,0.6788194444444445,0.974025974025974,-2,0.8030808729139925
HHN-MAN-01,2025-12-30,35,45,24.0,16.786458333333332,20.322916666666668,0.0,0.790119867671531,6,2.9166666666666665,0,98,37.795918367346935,25,77.0,75.0,0.9375,Horizon Manchester,Manchester,Large,Orthopaedics,164,2025,12,4,30,1,1,0,0.6994357638888888,0.974025974025974,-10,0.8259866735007687
HHN-MAN-01,2025-12-31,45,49,24.0,16.307291666666668,20.34375,0.0,0.7796427123509817,3,3.7000000000000006,0,139,53.8705035971223,44,77.0,71.0,0.8125,Horizon Manchester,Manchester,Large,Orthopaedics,164,2025,12,4,31,2,1,0,0.6794704861111112,0.922077922077922,-4,0.8015873015873016
